recno,EPIC,RAJ2000,DEJ2000,Vmag,Ksmag,(V-Ks)o,(V-Ks)u,E(V-Ks),Ksmag0,(V-Ks)0,Per1,Per2,Per3,Per4,Memb,Disk,Simbad,single,PSS,Teff,s_Teff,Mass,s_Mass,s_Lum,logL
686,204355829,16 15 27.42,-22 39 27.7,,10.49,,5.34,0.34,10.45,5.0,1.7239,,,,"USco,gold",no,Simbad,2,1.0E-6,3287.0,157.0,0.629,0.02,0.01128,-1.3492069603480692
687,203342257,16 15 27.49,-26 27 28.3,,11.17,,5.98,0.7,11.08,5.28,3.0912,,,,"USco,gold",no,Simbad,1,0.99987,3129.0,157.0,0.576,0.021,0.00781,-1.528855034839367
688,204202443,16 15 28.18,-23 15 44.3,,12.34,,5.93,0.7,12.25,5.23,1.0752,,,,"USco,gold",no,Simbad,1,0.999993,3023.0,157.0,0.282,0.021,0.00193,-2.156144577376839
689,203623026,16 15 32.12,-25 30 31.1,10.73,8.24,2.49,2.49,1.0,8.11,1.49,2.6067,,,,"USco,gold",no,Simbad,1,0.999989,,,,,,
690,204939243,16 15 32.18,-20 10 23.9,13.98,8.91,5.07,5.07,1.79,8.68,3.28,2.9124,,,,"USco,silver",yes,Simbad,1,0.999527,,,,,,
691,205198363,16 15 33.40,-18 54 25.1,,11.27,,8.23,2.23,10.98,6.0,1.8996,,,,"USco,bronze",yes,Simbad,1,1.0,2841.0,157.0,0.546,0.023,0.00533,-1.749092300299144
692,204342099,16 15 34.57,-22 42 42.4,12.68,7.91,4.78,4.78,3.01,7.52,1.77,,,,,"USco,silver",yes,Simbad,1,0.99993,4038.0,139.5,,,,
693,203370081,16 15 36.43,-26 22 09.1,,10.24,,5.6,0.4,10.19,5.19,1.9101,2.9277,,,"USco,gold",no,Simbad,1,0.999951,,,,,,
694,204204414,16 15 36.47,-23 15 17.5,,13.1,,6.3,0.16,13.09,6.15,0.6223,,,,"USco,silver",no,Simbad,1,0.999997,2907.0,157.0,0.282,0.023,0.00183,-2.224025668870631
695,204092042,16 15 38.43,-23 41 56.1,,11.34,,5.91,1.17,11.19,4.75,1.3857,,,,"USco,bronze",no,Simbad,1,0.999957,3078.0,157.0,0.532,0.021,0.00623,-1.6346992513620127
696,205124381,16 15 39.13,-19 17 00.8,,10.43,,7.51,1.89,10.19,5.61,1.3957,,,,"USco,gold",no,Simbad,1,0.999964,,,,,,
697,204621457,16 15 41.10,-21 34 46.4,,11.7,,6.28,0.45,11.65,5.84,0.5626,,,,"USco,bronze",no,Simbad,1,0.999997,2935.0,157.0,0.506,0.023,0.005,-1.763462738511306
698,205110000,16 15 44.16,-19 21 17.5,14.14,8.4,5.74,5.74,3.48,7.95,2.26,,,,,"USco,gold",yes,Simbad,1,0.999488,3699.0,189.5,0.548,0.104,0.03328,-0.7580303880869268
699,205143329,16 15 47.32,-19 11 18.7,,9.68,,5.64,1.31,9.51,4.33,5.4442,,,,"USco,gold",no,Simbad,1,0.999019,3375.0,99.4,0.385,0.092,0.0211,-1.0385314446492138
700,203122463,16 15 48.68,-27 10 54.9,,11.88,,6.64,0.76,11.79,5.88,1.4668,0.8599,,,"USco,bronze",no,Simbad,1,0.999999,2858.0,157.0,0.459,0.022,0.00372,-1.8917733436250714
701,204467371,16 15 49.13,-22 13 12.0,,12.12,,6.14,0.2,12.1,5.93,1.8066,,,,"USco,bronze",yes,Simbad,1,0.999998,2981.0,157.0,0.402,0.021,0.00332,-1.9229956732066498
702,204959839,16 15 50.52,-20 04 35.2,8.1,7.27,0.83,0.83,0.73,7.17,0.1,,,,,"USco,gold",no,Simbad,1,0.996487,9379.0,1409.9,2.383,0.471,6.80583,1.179938807138456
703,204494046,16 15 51.62,-22 06 45.1,,11.48,,5.63,0.7,11.39,4.93,1.7409,,,,"USco,bronze",no,Simbad,1,0.99964,3135.0,157.0,0.498,0.021,0.00577,-1.6615435063953952
704,203920452,16 15 53.26,-24 24 38.1,,10.35,,5.22,0.26,10.31,4.97,6.9137,,,,"USco,bronze",no,Simbad,1,0.992964,3449.0,123.0,0.43,,,-1.0818123386410743
705,203674308,16 15 53.97,-25 19 49.3,,10.82,,5.72,0.39,10.77,5.34,3.5205,,,,"USco,bronze",no,Simbad,1,0.999146,3276.0,157.0,0.631,0.021,0.01134,-1.3519328705510654
706,204204606,16 15 54.86,-23 15 14.9,,10.33,,5.52,0.21,10.3,5.31,1.1482,1.4869,,,"USco,gold",no,Simbad,2,0.739358,,,,,,
707,203837965,16 15 55.07,-24 44 36.8,,12.28,,7.55,0.17,12.26,7.38,2.007,,,,"USco,gold",no,Simbad,1,0.999999,2836.0,157.0,0.316,0.022,0.00193,-2.186419011431808
708,204143627,16 15 59.25,-23 29 36.2,,11.31,,6.0,0.35,11.27,5.65,1.125,,,,"USco,gold",no,Simbad,1,0.999965,3074.0,157.0,0.503,0.021,0.00555,-1.687188173787912
709,205210347,16 15 59.84,-18 50 42.8,,8.43,,4.45,0.98,8.31,3.47,,,,,"USco,bronze",no,Simbad,1,0.999999,4625.0,122.0,,,,
710,204162631,16 15 59.86,-23 25 04.5,,8.53,,3.62,0.7,8.44,2.92,1.7742,,,,"USco,gold",no,Simbad,1,0.999853,4118.0,123.0,,,,
711,204462739,16 16 00.80,-22 14 19.4,,10.98,,6.56,0.48,10.92,6.08,1.2944,0.9951,,,"USco,gold",no,Simbad,1,0.999998,2973.0,157.0,0.516,0.023,0.00548,-1.7230788679342262
712,203894955,16 16 02.91,-24 30 54.8,,8.96,,4.95,1.04,8.83,3.91,4.4286,,,,"USco,gold",no,Simbad,1,0.999881,4243.0,253.7,,,,
713,204348630,16 16 02.95,-22 41 09.3,,10.77,,5.92,0.18,10.74,5.75,1.1663,1.0589,,,"USco,bronze",no,Simbad,1,0.999956,3085.0,157.0,0.603,0.021,0.00833,-1.505149978319906
714,203731383,16 16 05.15,-25 07 56.3,,10.76,,5.33,0.78,10.66,4.56,7.6418,,,,"USco,bronze",no,Simbad,1,0.998258,3309.0,157.0,0.639,0.02,0.01205,-1.319301970302365
715,204824257,16 16 08.55,-20 41 51.7,,10.71,,5.71,0.44,10.65,5.28,3.0783,,,,"USco,gold",no,Simbad,1,0.996487,3195.0,157.0,0.581,0.021,0.0085,-1.48372911727066
716,204554162,16 16 09.43,-21 51 46.8,,9.26,,4.0,0.7,9.17,3.3,7.2161,,,,"USco,bronze",no,Simbad,1,0.998258,3985.0,124.6,0.622,0.081,0.02745,-0.6460068755805156
717,204337881,16 16 09.45,-22 43 44.0,,10.51,,5.09,0.7,10.42,4.39,9.4415,,,,"USco,gold",no,Simbad,2,1.0E-6,3622.0,122.0,0.52,,,-0.9747351078454921
718,204154149,16 16 11.71,-23 27 05.2,,11.0,,5.68,0.29,10.97,5.39,1.8865,,,,"USco,gold",no,Simbad,1,0.999617,3151.0,157.0,0.568,0.021,0.00779,-1.5310621943345388
719,204199333,16 16 11.83,-23 16 26.7,,11.88,,6.01,0.44,11.82,5.58,0.8366,,,,"USco,silver",no,Simbad,1,0.999996,2976.0,157.0,0.429,0.021,0.00372,-1.8758219445253248
720,203895004,16 16 12.92,-24 30 54.3,,10.0,,6.73,1.27,9.83,5.46,2.6566,,,,"USco,bronze",no,Simbad,1,0.999989,,,,,,
721,203840786,16 16 13.28,-24 43 57.5,,9.71,,5.62,0.52,9.64,5.09,2.3881,,,,"USco,bronze",no,Simbad,1,0.99964,3694.0,156.9,0.546,0.099,0.07327,-0.6228395097930128
723,203433962,16 16 17.20,-26 09 10.2,,8.72,,4.51,0.18,8.7,4.34,1.4825,1.9664,,,"USco,gold",no,Simbad,1,0.999772,4398.0,125.0,,,,
724,204101029,16 16 17.93,-23 39 47.6,10.69,8.1,2.58,2.58,0.48,8.04,2.1,2.631,,,,"USco,gold",no,Simbad,1,0.999874,5265.0,224.3,0.902,0.117,0.21224,0.19976614414737567
725,203565326,16 16 18.94,-25 42 28.9,,8.71,,5.19,1.18,8.56,4.01,0.7929,,,,"USco,gold",no,Simbad,1,0.997667,3536.0,123.0,,,,
726,204082531,16 16 20.10,-23 44 14.4,,10.19,,5.81,0.0,10.19,5.81,0.6513,0.4256,,,"USco,gold",no,Simbad,1,0.999911,3091.0,157.0,0.644,0.027,0.0111,-1.4285240963180563
727,203685514,16 16 20.72,-25 17 30.2,,11.19,,6.11,0.95,11.07,5.16,1.2673,,,,"USco,bronze",no,Simbad,1,0.999911,3124.0,157.0,0.587,0.021,0.00821,-1.5124374397436218
728,202842502,16 16 21.91,-28 09 50.4,9.12,7.93,1.19,1.19,0.7,7.84,0.49,,,,,"USco,bronze",no,Simbad,1,0.999763,6566.0,491.3,1.362,0.326,1.98623,0.8658593334129023
729,203750949,16 16 22.94,-25 03 46.7,8.4,7.23,1.17,1.17,1.0,7.1,0.17,0.6321,1.2198,,,"USco,gold",no,Simbad,1,0.999957,8801.0,992.4,2.212,0.415,7.52775,1.2863866267041928
730,202872570,16 16 23.52,-28 03 24.1,,11.31,,6.05,2.12,11.04,3.94,,,,,"USco,bronze",no,Simbad,1,0.999996,3000.0,157.0,0.533,0.022,0.00583,-1.6777807052660807
731,203568037,16 16 24.38,-25 41 54.1,,10.38,,7.19,1.17,10.23,6.03,1.1992,0.436,0.8086,,"USco,bronze",no,Simbad,1,0.99989,,,,,,
732,203771564,16 16 25.17,-24 59 19.4,7.94,7.03,0.91,0.91,1.17,6.87,-0.25,0.4121,0.4216,,,"USco,gold",no,Simbad,1,0.999919,10973.0,2131.0,2.86,0.611,26.31005,1.7455978169858946
733,203414491,16 16 30.23,-26 13 05.7,,8.53,,4.65,1.02,8.4,3.64,,,,,"USco,bronze",no,Simbad,1,0.999999,4733.0,122.0,,,,
734,203710387,16 16 30.66,-25 12 20.4,,11.91,,6.55,0.85,11.8,5.69,2.5441,,,,"USco,bronze",no,Simbad,1,0.999999,2901.0,157.0,0.472,0.022,0.00412,-1.8428455600937186
735,203747290,16 16 31.00,-25 04 34.8,,11.24,,6.25,1.01,11.11,5.24,0.5784,,,,"USco,bronze",no,Simbad,1,0.999996,3002.0,157.0,0.549,0.021,0.00614,-1.6478174818886375
736,204499729,16 16 32.26,-22 05 20.1,,12.71,,6.6,0.69,12.62,5.91,1.5116,1.9907,,,"USco,gold",yes,Simbad,1,0.999999,2873.0,157.0,0.313,0.024,0.00213,-2.170053304058364
737,203416475,16 16 33.06,-26 12 40.7,,11.82,,6.31,0.32,11.78,5.99,13.649,,,,"USco,bronze",no,Simbad,1,0.99982,,,,,,
738,204153041,16 16 33.42,-23 27 21.4,,11.34,,6.28,0.56,11.27,5.72,0.7567,0.4818,,,"USco,gold",no,Simbad,1,0.999999,2926.0,157.0,0.515,0.022,0.00504,-1.7517814388099253
739,203664569,16 16 33.43,-25 21 50.8,,10.13,,4.91,1.05,9.99,3.86,13.0015,,,,"USco,gold",yes,Simbad,1,0.999245,3650.0,124.8,0.529,0.088,0.01909,-0.9578184054842337
740,203516237,16 16 33.44,-25 52 36.9,,9.62,,4.96,0.27,9.58,4.69,4.883,,,,"USco,gold",no,Simbad,1,0.999561,3659.0,214.1,0.533,0.106,0.05877,-0.8387218610922906
741,204206497,16 16 40.36,-23 14 48.4,,9.82,,5.22,0.28,9.78,4.94,5.926,,,,"USco,bronze",no,Simbad,2,1.0E-6,3626.0,126.2,0.52,0.09,0.02602,-0.8390515191353031
742,203679848,16 16 41.35,-25 18 39.7,,11.04,,6.86,0.92,10.92,5.94,0.4985,0.4422,,,"USco,bronze",no,Simbad,1,0.999999,2938.0,157.0,0.598,0.021,0.00705,-1.5985994592184558
743,204202811,16 16 41.62,-23 15 39.2,,11.04,,5.54,0.0,11.04,5.54,1.2501,,,,"USco,gold",no,Simbad,1,0.999488,3149.0,157.0,0.535,0.021,0.00675,-1.5893914574316321
744,203587408,16 16 42.97,-25 37 54.9,,10.05,,5.92,0.59,9.98,5.33,3.1403,,,,"USco,bronze",no,Simbad,1,0.999661,3485.0,122.0,0.451,,,-1.0419619839016632
745,203703588,16 16 44.25,-25 13 45.3,8.87,7.72,1.15,1.15,0.67,7.63,0.48,0.1485,0.2682,0.5471,0.0627,"USco,gold",no,Simbad,1,0.999899,6647.0,136.9,1.399,0.235,0.29474,0.7010254257443344
746,203479994,16 16 45.10,-25 59 57.7,,8.56,,4.14,0.29,8.52,3.85,0.7768,,,,"USco,bronze",no,Simbad,1,0.999991,3957.0,122.0,,,,
747,204126288,16 16 45.38,-23 33 41.6,,12.82,,6.58,0.51,12.75,6.07,0.2112,,,,"USco,silver",no,Simbad,1,0.999999,2893.0,157.0,0.27,0.021,0.0016,-2.2636034977233574
748,203337814,16 16 47.54,-26 28 18.1,,11.69,,5.97,0.7,11.59,5.27,0.781,,,,"USco,bronze",no,Simbad,1,0.999991,3012.0,157.0,0.434,0.021,0.00388,-1.8467950999157157
749,203855509,16 16 47.93,-24 40 28.4,,10.26,,6.18,0.77,10.16,5.41,4.5193,0.385,0.4276,,"USco,bronze",no,Simbad,1,0.999924,3153.0,122.0,,,,
750,203627083,16 16 48.72,-25 29 40.4,,11.5,,6.93,1.13,11.35,5.8,0.8799,1.2371,,,"USco,bronze",no,Simbad,2,,,,,,,
751,203520293,16 16 50.62,-25 51 46.7,8.3,7.1,1.2,1.2,0.73,7.0,0.47,1.6785,,,,"USco,gold",no,Simbad,1,0.999968,6627.0,135.6,1.39,0.239,0.47215,0.9652868576833322
752,203884472,16 16 51.30,-24 33 27.7,10.08,7.65,2.43,2.43,0.81,7.55,1.63,1.3796,,,,"USco,gold",no,Simbad,1,0.999984,4804.0,122.0,,,,
753,204241221,16 16 53.37,-23 06 37.7,8.68,7.34,1.34,1.34,0.71,7.25,0.64,0.5278,,,,"USco,bronze",no,Simbad,1,0.999791,6795.0,116.0,1.461,0.245,0.88399,0.868675584243521
754,203768482,16 16 54.29,-24 59 59.2,,10.83,,6.2,0.88,10.72,5.32,2.5824,1.6283,,,"USco,bronze",no,Simbad,1,0.999982,3064.0,157.0,0.599,0.021,0.00802,-1.5236031732746698
755,204611596,16 16 54.57,-21 37 15.4,10.19,8.38,1.81,1.81,0.32,8.34,1.49,,,,,"USco,gold",no,Simbad,1,0.999891,5726.0,268.1,1.022,0.162,0.20604,0.222989444746309
756,203844508,16 16 56.03,-24 43 05.2,,11.37,,6.86,1.24,11.21,5.62,2.1352,,,,"USco,bronze",no,Simbad,1,0.999999,2975.0,157.0,0.521,0.021,0.00533,-1.7126462272852534
757,204144407,16 16 56.10,-23 29 25.2,,9.02,,4.69,0.57,8.95,4.12,3.9926,,,,"USco,bronze",no,Simbad,1,0.99885,,,,,,
758,203527618,16 16 58.00,-25 50 16.6,,11.41,,6.4,1.0,11.28,5.4,3.1465,,,,"USco,bronze",no,Simbad,1,0.999996,3020.0,157.0,0.499,0.021,0.00516,-1.725380380908762
759,204543498,16 16 59.82,-21 54 27.5,,10.64,,5.42,0.18,10.62,5.24,1.9397,,,,"USco,gold",no,Simbad,2,1.0E-6,3268.0,157.0,0.603,0.021,0.01003,-1.4056074496245732
760,204414610,16 17 06.06,-22 25 41.6,,11.24,,5.86,0.21,11.21,5.64,3.6567,0.3393,,,"USco,gold",no,Simbad,1,0.999926,3105.0,157.0,0.575,0.021,0.00762,-1.544393887418133
761,204303402,16 17 13.79,-22 51 58.6,,10.86,,5.73,0.22,10.83,5.51,1.5714,,,,"USco,gold",no,Simbad,1,0.999751,3142.0,157.0,0.594,0.021,0.00855,-1.4891869894875038
762,204150518,16 17 16.48,-23 27 57.3,,10.24,,5.68,0.76,10.14,4.92,5.1763,,,,"USco,gold",no,Simbad,1,0.996487,3263.0,157.0,0.662,0.02,0.01263,-1.3031196283172377
763,203868608,16 17 18.97,-24 37 18.8,,10.76,,7.08,1.17,10.61,5.91,5.6382,1.1066,,,"USco,bronze",no,Simbad,1,0.999999,2897.0,157.0,0.621,0.025,0.00792,-1.5828605902726745
764,204099505,16 17 21.17,-23 40 08.7,,11.59,,6.41,0.77,11.49,5.64,2.0337,,,,"USco,bronze",no,Simbad,1,0.999993,3040.0,157.0,0.518,0.021,0.00571,-1.6800615600196915
765,204162886,16 17 21.61,-23 25 00.6,,10.8,,5.52,0.25,10.77,5.27,6.7457,,,,"USco,gold",no,Simbad,1,0.997667,3231.0,157.0,0.581,0.021,0.00879,-1.4650858955701331
766,203452629,16 17 23.25,-26 05 25.0,,10.81,,6.61,0.64,10.73,5.97,3.7607,,,,"USco,bronze",no,Simbad,1,0.99997,3175.0,157.0,0.633,0.021,0.01051,-1.4018663541867622
767,203465939,16 17 24.53,-26 02 43.6,,11.24,,6.4,1.71,11.02,4.69,3.4351,,,,"USco,bronze",maybe,Simbad,1,0.999985,3370.0,157.0,0.634,0.021,0.0127,-1.297224922098956
768,203809634,16 17 26.14,-24 50 59.4,,9.85,,6.02,0.83,9.75,5.19,2.9647,1.2365,,,"USco,gold",no,Simbad,1,0.999751,3259.0,,,,,
769,203696274,16 17 26.58,-25 15 16.5,,10.39,,6.73,1.38,10.21,5.34,0.747,,,,"USco,bronze",no,Simbad,1,0.999994,3459.0,122.0,0.436,,,-0.8201897771212041
770,203934572,16 17 27.69,-24 21 02.9,,10.3,,6.37,0.87,10.18,5.51,1.1111,,,,"USco,gold",no,Simbad,1,0.999994,,,,,,
771,203809317,16 17 29.94,-24 51 03.2,,9.79,,5.71,1.16,9.64,4.55,6.4557,2.3893,,,"USco,gold",no,Simbad,1,0.999881,,,,,,
772,203863067,16 17 30.31,-24 38 39.2,,9.73,,5.38,0.47,9.67,4.91,6.0633,,,,"USco,gold",no,Simbad,1,0.999617,3643.0,195.9,0.527,0.1,0.05588,-0.868605918182627
773,203494280,16 17 31.71,-25 57 04.5,,10.53,,5.05,0.9,10.41,4.14,,,,,"USco,bronze",no,Simbad,1,1.0,4892.0,122.0,,,,
774,203495623,16 17 32.14,-25 56 48.2,,10.78,,5.68,0.69,10.69,5.0,,,,,"USco,bronze",no,Simbad,1,0.999999,4906.0,122.0,,,,
775,203910995,16 17 32.21,-24 27 00.3,,10.49,,6.43,0.96,10.37,5.47,1.4704,1.975,,,"USco,bronze",no,Simbad,1,0.999996,3008.0,157.0,0.62,0.021,0.00829,-1.5184140636323777
776,203565563,16 17 33.98,-25 42 26.0,,10.42,,4.79,0.01,10.42,4.78,10.2124,,,,"USco,bronze",no,Simbad,1,0.997667,3276.0,157.0,0.634,0.02,0.01144,-1.3455346664798542
777,203925874,16 17 34.56,-24 23 16.4,,11.57,,6.26,0.85,11.46,5.4,6.6099,,,,"USco,bronze",no,Simbad,1,0.999971,3075.0,157.0,0.51,0.021,0.0057,-1.674279141980588
778,203788453,16 17 37.22,-24 55 36.4,,10.42,,5.02,0.51,10.35,4.51,5.0061,,,,"USco,bronze",no,Simbad,1,0.999561,3976.0,122.0,0.62,,,-0.7190348519029067
779,203563208,16 17 38.94,-25 42 55.6,,10.55,,6.6,0.91,10.44,5.69,0.4307,0.5757,,,"USco,bronze",maybe,Simbad,1,0.999999,2960.0,157.0,0.624,0.022,0.0081,-1.5401553576117921
780,203789628,16 17 46.96,-24 55 21.1,,10.47,,6.78,1.17,10.32,5.61,1.2829,,,,"USco,bronze",no,Simbad,1,0.999996,,,,,,
781,203789325,16 17 47.68,-24 55 25.1,,11.74,,6.88,1.14,11.59,5.74,2.0229,1.2828,,,"USco,bronze",yes,Simbad,1,0.999999,2950.0,157.0,0.499,0.021,0.00478,-1.7664962396588655
782,203098364,16 17 53.82,-27 15 54.6,,11.17,,4.84,0.22,11.14,4.62,3.6979,,,,"USco,bronze",no,Simbad,1,0.999998,5212.0,123.0,,,,
783,203842482,16 17 54.81,-24 43 33.6,10.31,7.8,2.51,2.51,1.27,7.64,1.24,1.1862,,,,"USco,bronze",no,Simbad,1,0.999984,7097.0,562.6,1.575,0.415,2.72064,0.8120499232473583
784,203119637,16 17 55.01,-27 11 30.4,,9.9,,4.33,0.11,9.89,4.22,6.2874,,,,"USco,gold",maybe,Simbad,1,0.998258,4609.0,414.2,0.73,0.098,0.10143,-0.3275973188960082
785,202632400,16 17 56.07,-28 56 40.1,,11.97,,6.07,0.0,11.97,6.07,1.3723,,,,"USco,bronze",no,Simbad,1,0.999996,2951.0,157.0,0.429,0.021,0.0036,-1.8917733436250714
786,203511488,16 17 59.83,-25 53 35.0,,11.13,,5.03,0.3,11.09,4.73,,,,,"USco,bronze",no,Simbad,1,0.999995,4944.0,122.0,,,,
787,205596184,16 18 03.05,-16 30 15.2,,11.69,,5.93,0.7,11.6,5.23,2.0951,,,,"USco,bronze",no,Simbad,1,0.999997,2968.0,157.0,0.409,0.021,0.00334,-1.917933065714887
788,203542463,16 18 08.68,-25 47 12.8,,12.14,,8.43,2.15,11.86,6.28,1.5633,,,,"USco,bronze",yes,Simbad,1,1.0,2881.0,157.0,0.399,0.023,0.00302,-1.9888526392242025
789,202910245,16 18 09.10,-27 55 19.8,,11.4,,6.27,0.24,11.37,6.02,0.5882,,,,"USco,bronze",no,Simbad,1,0.999996,2944.0,157.0,0.543,0.021,0.00565,-1.6920762963881184
790,203097006,16 18 09.91,-27 16 11.8,,10.19,,5.6,0.48,10.13,5.11,19.5046,,,,"USco,bronze",maybe,Simbad,1,0.999019,3956.0,122.0,0.616,,,-0.5590122485238429
791,202569086,16 18 11.07,-29 11 12.6,10.46,8.38,2.08,2.08,0.95,8.26,1.14,1.1432,,,,"USco,gold",no,Simbad,1,0.999617,5288.0,122.3,0.908,0.116,0.05322,0.21385231375685534
792,202876718,16 18 16.16,-28 02 30.1,7.06,7.04,0.02,0.02,0.7,6.95,-0.68,,,,,"USco,gold",yes,Simbad,1,0.99966,10008.0,123.0,2.563,,,1.4833320650623498
793,203385048,16 18 16.17,-26 19 08.3,,10.94,,7.28,1.83,10.7,5.45,1.0777,1.3248,,,"USco,bronze",yes,Simbad,1,1.0,,,,,,
794,205272194,16 18 37.58,-18 31 06.7,,11.13,,6.69,0.49,11.07,6.19,0.3751,0.4368,,,"USco,bronze",no,Simbad,1,0.999999,2862.0,157.0,0.547,0.022,0.00535,-1.7347103741391698
795,205267399,16 18 41.87,-18 32 40.1,,10.08,,5.7,0.18,10.06,5.53,0.3311,0.3344,,,"USco,bronze",no,Simbad,1,0.999019,3145.0,157.0,0.629,0.021,0.00987,-1.4249276742861876
796,205264786,16 18 42.08,-18 33 29.3,,9.93,,4.72,0.0,9.93,4.71,5.3646,,,,"USco,bronze",no,Simbad,1,0.992964,3471.0,157.0,0.646,0.02,0.01442,-1.2245351906542608
797,203004488,16 18 44.30,-27 35 30.6,,12.24,,6.94,1.09,12.1,5.85,1.4538,,,,"USco,bronze",no,Simbad,1,0.999998,2938.0,157.0,0.406,0.022,0.00326,-1.9415739755429946
798,204862767,16 18 44.84,-20 31 27.9,,10.41,,5.92,0.4,10.36,5.52,1.0482,,,,"USco,bronze",no,Simbad,1,0.999591,3192.0,157.0,0.621,0.021,0.01,-1.4138629747692069
799,204608015,16 19 02.14,-21 38 09.9,,10.4,,5.51,0.7,10.31,4.81,8.8518,,,,"USco,gold",no,Simbad,1,0.996487,3213.0,157.0,0.619,0.02,0.01008,-1.4067139329795428
800,202552141,16 19 16.09,-29 15 12.6,,10.44,,5.27,0.04,10.43,5.23,1.8206,,,,"USco,gold",no,Simbad,1,0.996487,,,,,,
801,205004288,16 19 19.52,-19 51 58.7,,12.28,,6.7,1.83,12.05,4.87,,,,,"USco,bronze",no,Simbad,1,0.999999,3414.0,157.0,0.661,0.023,0.01549,-1.2265061077290293
802,204435866,16 19 23.92,-22 20 41.5,,11.9,,6.69,0.7,11.81,5.99,1.398,,,,"USco,bronze",yes,Simbad,1,0.999992,3085.0,159.0,0.384,0.021,0.00343,-1.8979094744881633
803,204662993,16 19 29.24,-21 24 13.2,9.11,7.8,1.31,1.31,0.32,7.76,0.99,1.6944,,,,"USco,gold",yes,Simbad,1,0.99885,6280.0,128.8,1.227,0.188,0.14223,0.5285284885550565
804,204402572,16 19 33.95,-22 28 29.3,11.31,8.51,2.8,2.8,0.48,8.45,2.32,4.0273,,,,"USco,gold",no,Simbad,1,0.999853,4629.0,172.3,0.734,0.09,0.07277,-0.17216566052810786
805,205008727,16 19 35.70,-19 50 42.6,,10.75,,9.25,1.65,10.54,7.6,,,,,"USco,bronze",yes,Simbad,1,0.999866,3611.0,158.0,0.555,0.024,0.01234,-1.3169529617611504
806,204454456,16 19 43.08,-22 16 17.8,,11.3,,5.7,0.27,11.26,5.43,3.1811,,,,"USco,silver",no,Simbad,1,0.999739,3132.0,157.0,0.488,0.021,0.00547,-1.6823544567788413
807,204569229,16 19 45.38,-21 47 57.7,,9.08,,4.38,0.16,9.06,4.22,22.9226,1.2634,,,"USco,gold",no,Simbad,2,1.0E-6,3694.0,123.5,0.546,0.09,0.03585,-0.6042019938366077
808,204508462,16 19 47.10,-22 03 11.4,,10.55,,5.89,0.36,10.5,5.53,1.5753,,,,"USco,gold",yes,Simbad,1,0.999772,3138.0,157.0,0.604,0.022,0.00907,-1.4741780478433373
809,204468718,16 19 48.36,-22 12 52.1,,10.32,,5.07,0.38,10.27,4.69,15.1305,,,,"USco,gold",no,Simbad,2,1.0E-6,3328.0,157.0,0.652,0.021,0.01299,-1.285921835018144
810,204418342,16 19 48.77,-22 24 47.6,,10.83,,5.98,0.0,10.83,5.98,0.4761,0.6337,,,"USco,silver",no,Simbad,1,0.999997,2975.0,157.0,0.499,0.021,0.00486,-1.7520267336381934
811,204598458,16 19 48.84,-21 40 36.2,,10.81,,5.44,0.32,10.77,5.13,1.5429,,,,"USco,gold",no,Simbad,1,0.996487,3222.0,157.0,0.574,0.02,0.00845,-1.4822764051662645
812,204542962,16 19 50.68,-21 54 35.4,12.36,8.2,4.16,4.16,0.19,8.18,3.97,1.2719,,,,"USco,gold",no,Simbad,1,0.999561,,,,,,
813,204260042,16 19 50.91,-23 02 08.2,,12.14,,6.39,0.32,12.1,6.07,1.3344,,,,"USco,bronze",maybe,Simbad,1,0.999996,2927.0,157.0,0.359,0.021,0.0026,-2.039529222465701
814,204347422,16 19 51.40,-22 41 26.9,,12.18,,7.32,0.7,12.09,6.62,6.8541,,,,"USco,bronze",yes,Simbad,1,0.999998,3128.0,172.0,0.371,0.022,0.0037,-1.8999742698921374
815,204168477,16 19 51.85,-23 23 41.0,,10.79,,6.56,0.64,10.71,5.93,0.7376,0.5238,,,"USco,bronze",no,Simbad,1,0.999999,2906.0,157.0,0.588,0.021,0.00651,-1.6352614449446015
816,204364130,16 19 54.96,-22 37 32.5,,11.46,,6.92,0.57,11.39,6.35,1.2696,,,,"USco,bronze",no,Simbad,1,0.999998,2955.0,157.0,0.5,0.022,0.00487,-1.761201437286083
817,204966512,16 20 03.98,-20 02 41.5,8.06,7.09,0.97,0.97,0.93,6.97,0.04,,,,,"USco,gold",maybe,Simbad,1,0.999952,,,,,,
818,204964091,16 20 05.49,-20 03 23.0,7.4,6.68,0.72,0.72,0.84,6.57,-0.12,3.9214,,,,"USco,gold",yes,Simbad,1,0.999821,,,,,,
819,204469637,16 20 06.14,-22 12 38.8,,10.65,,5.52,0.32,10.61,5.19,4.9174,,,,"USco,gold",yes,Simbad,2,1.0E-6,3263.0,157.0,0.609,0.02,0.01016,-1.3977229156998074
820,204321959,16 20 06.85,-22 47 32.2,,10.79,,6.15,0.4,10.74,5.76,0.7811,,,,"USco,gold",no,Simbad,1,0.999981,3058.0,157.0,0.592,0.021,0.00776,-1.5400047439526086
821,205403104,16 20 07.59,-17 47 59.4,,8.72,,3.4,0.33,8.68,3.07,2.7512,,,,"USco,bronze",no,Simbad,1,0.999997,4490.0,122.0,,,,
822,205399487,16 20 08.56,-17 49 18.4,11.32,8.23,3.09,3.09,0.64,8.15,2.46,,,,,"USco,bronze",no,Simbad,1,0.999998,4751.0,122.0,,,,
823,204932248,16 20 08.97,-20 12 22.5,,10.62,,6.51,0.77,10.52,5.74,3.7208,,,,"USco,bronze",maybe,Simbad,1,0.999992,3066.0,157.0,0.584,0.021,0.00756,-1.549442990581671
824,203583386,16 20 15.03,-25 38 44.3,9.1,7.67,1.43,1.43,1.39,7.49,0.04,,,,,"USco,gold",no,Simbad,1,0.999968,6327.0,342.0,1.249,0.27,0.97057,0.7009943030671879
825,204956337,16 20 21.62,-20 05 35.1,,10.96,,6.45,0.88,10.85,5.57,7.7648,,,,"USco,gold",no,Simbad,1,0.999999,2996.0,157.0,0.512,0.021,0.00525,-1.7166987712964503
826,204408707,16 20 22.91,-22 27 04.3,,10.18,,5.48,0.56,10.11,4.93,3.2942,,,,"USco,bronze",yes,Simbad,1,0.992964,3552.0,123.0,0.486,,,-0.9743255505896555
827,204559599,16 20 24.97,-21 50 24.1,,9.88,,4.87,0.37,9.83,4.5,5.6604,,,,"USco,gold",no,Simbad,2,1.0E-6,3592.0,136.7,0.505,0.097,0.02343,-0.9414221508667749
828,204287798,16 20 26.08,-22 55 43.1,,11.84,,7.13,0.76,11.74,6.37,0.9748,,,,"USco,bronze",no,Simbad,1,1.0,2883.0,157.0,0.418,0.021,0.00318,-1.95233580539844
1251,203989848,16 29 24.53,-24 06 48.0,,9.75,,8.92,4.61,9.15,4.32,,,,,"ROph,bronze",no,Simbad,1,1.0,4295.0,123.0,,,,
829,204655550,16 20 27.24,-21 26 06.8,,9.19,,4.45,0.25,9.16,4.2,4.0268,6.0824,,,"USco,gold",no,Simbad,2,1.0E-6,,,,,,
830,204638251,16 20 28.13,-21 30 32.5,8.57,7.5,1.07,1.07,0.54,7.43,0.53,3.6071,,,,"USco,gold",no,Simbad,1,0.999593,6949.0,156.6,1.52,0.254,0.34701,0.7197695043347382
831,205516967,16 20 28.25,-17 03 51.0,,8.96,,3.76,0.7,8.87,3.06,4.5187,,,,"USco,bronze",no,Simbad,1,0.99999,4218.0,122.0,,,,
832,203848625,16 20 28.63,-24 42 08.8,,9.69,,5.8,1.94,9.44,3.86,7.9926,,,,"USco,bronze",yes,Simbad,1,0.999862,3942.0,168.3,0.613,0.09,0.07855,-0.4617153894098597
833,204951022,16 20 30.25,-20 07 03.7,7.56,6.23,1.33,1.33,1.45,6.04,-0.12,,,,,"USco,bronze",no,Simbad,1,0.999915,6392.0,122.0,1.28,,,1.1414086937846648
834,204951731,16 20 30.56,-20 06 51.9,8.41,7.09,1.32,1.32,0.78,6.99,0.55,,,,,"USco,gold",no,Simbad,1,0.999931,6492.0,122.0,1.328,,,0.7808528277681162
835,204615541,16 20 31.17,-21 36 15.3,,10.59,,5.55,0.32,10.55,5.23,2.4707,,,,"USco,bronze",no,Simbad,1,0.997667,3212.0,157.0,0.609,0.02,0.00969,-1.4242350194632807
836,204279000,16 20 32.44,-22 57 45.6,,9.77,,5.9,1.18,9.62,4.72,4.395,,,,"USco,gold",no,Simbad,1,0.999806,,,,,,
837,204666965,16 20 36.40,-21 23 12.3,,10.02,,5.86,0.21,9.99,5.65,13.3557,0.4891,,,"USco,gold",no,Simbad,1,0.999964,3113.0,122.0,,,,
838,203869829,16 20 38.48,-24 37 01.5,,9.6,,5.36,1.05,9.47,4.31,10.714,,,,"USco,bronze",maybe,Simbad,1,0.999998,,,,,,
839,203478236,16 20 40.39,-26 00 18.2,,11.51,,6.63,0.82,11.4,5.81,1.7358,,,,"USco,bronze",no,Simbad,1,0.999997,3024.0,157.0,0.545,0.021,0.00622,-1.6428277422769664
840,203891936,16 20 44.68,-24 31 38.3,,8.53,,3.89,0.0,8.53,3.89,0.4691,0.5776,,,"USco,gold",no,Simbad,1,0.999998,3971.0,122.0,,,,
841,204372172,16 20 50.23,-22 35 38.7,9.03,7.78,1.24,1.24,0.79,7.68,0.46,0.1234,0.0458,,,"USco,gold",yes,Simbad,1,0.999491,7205.0,114.9,1.614,0.274,0.93565,0.6498963518964029
842,204296346,16 20 50.95,-22 53 40.0,,9.8,,5.34,0.31,9.76,5.03,8.2662,,,,"USco,silver",no,Simbad,1,0.999527,3553.0,321.7,0.487,0.142,0.10627,-1.0214542995372613
843,204907137,16 20 53.00,-20 19 20.2,,9.96,,4.99,0.88,9.85,4.11,,,,,"USco,bronze",no,Simbad,1,0.999995,4756.0,668.6,0.765,0.133,0.14456,-0.5181991904613894
844,205211404,16 21 02.88,-18 50 22.1,,8.98,,3.64,0.7,8.89,2.94,5.5216,,,,"USco,bronze",no,Simbad,1,0.999245,4032.0,122.0,,,,
845,203636498,16 21 05.09,-25 27 42.6,,10.94,,6.34,0.35,10.9,5.99,0.7794,,,,"USco,bronze",no,Simbad,1,0.999997,2991.0,157.0,0.541,0.021,0.00587,-1.6681679555637514
846,203598787,16 21 09.84,-25 35 33.0,8.26,7.18,1.08,1.08,0.98,7.06,0.09,0.8637,,,,"USco,bronze",,Simbad,1,0.999972,6717.0,134.5,1.429,0.232,0.36325,0.7296870873300867
847,203540227,16 21 10.26,-25 47 41.3,,10.81,,5.82,0.85,10.7,4.97,3.7888,,,,"USco,bronze",no,Simbad,1,0.998613,3301.0,157.0,0.637,0.021,0.01186,-1.328086987558413
848,203425996,16 21 14.32,-26 10 46.4,,11.02,,6.84,1.19,10.87,5.65,5.2152,,,,"USco,bronze",no,Simbad,1,0.999996,3028.0,157.0,0.596,0.021,0.00763,-1.5503673495299253
849,203625455,16 21 14.92,-25 30 01.2,,11.35,,6.89,0.73,11.26,6.16,1.0829,,,,"USco,bronze",no,Simbad,1,0.999999,3040.0,157.0,0.501,0.021,0.00528,-1.7110803943382735
850,203542353,16 21 15.23,-25 47 13.9,,10.01,,7.07,1.17,9.86,5.9,,,,,"USco,bronze",no,Simbad,1,0.999975,,,,,,
851,204353205,16 21 15.83,-22 40 04.7,,9.75,,5.11,0.95,9.63,4.17,6.0327,,,,"USco,gold",no,Simbad,2,1.0E-6,3519.0,123.0,0.469,0.096,0.02115,-0.9715914348845299
852,204346718,16 21 16.80,-22 41 36.8,,12.23,,7.36,1.09,12.09,6.28,0.6431,,,,"USco,bronze",no,Simbad,1,0.999999,2914.0,157.0,0.348,0.021,0.00241,-2.070070439915412
853,204290918,16 21 18.47,-22 54 58.1,,10.15,,7.45,2.12,9.88,5.33,2.5359,,,,"USco,bronze",yes,Simbad,1,0.999996,3049.0,122.0,,,,
854,203915538,16 21 19.20,-24 25 52.5,,10.67,,8.23,3.23,10.26,5.0,1.319,,,,"USco,gold",maybe,Simbad,1,0.999946,,,,,,
855,204494885,16 21 21.14,-22 06 32.2,8.59,7.37,1.22,1.22,0.98,7.25,0.24,0.977,4.6979,,,"USco,gold",no,Simbad,1,0.999798,7276.0,126.9,1.641,0.265,2.1096,1.1230256965555707
856,203914036,16 21 24.88,-24 26 14.6,,11.42,,8.25,2.85,11.05,5.39,2.2794,,,,"USco,gold",maybe,Simbad,1,1.0,2856.0,157.0,0.553,0.021,0.00539,-1.7274622226247627
857,203338523,16 21 27.97,-26 28 10.2,,11.88,,7.08,0.64,11.8,6.44,,,,,"USco,bronze",no,Simbad,1,0.999999,2878.0,157.0,0.417,0.021,0.00315,-1.9562448730313204
858,204217770,16 21 28.45,-23 12 11.1,13.79,8.74,5.05,5.05,0.97,8.61,4.08,2.9264,,,,"USco,bronze",no,Simbad,1,0.999942,3635.0,122.0,0.523,,,-0.614018572263061
859,203626828,16 21 29.53,-25 29 43.4,,10.19,,5.25,0.78,10.09,4.47,2.0554,,,,"USco,gold",no,Simbad,1,0.992964,3441.0,215.5,0.425,,,-1.0859743483036712
860,204644117,16 21 29.61,-21 29 03.9,,11.23,,6.34,0.16,11.2,6.18,0.5736,,,,"USco,gold",no,Simbad,1,0.999998,2951.0,157.0,0.523,0.021,0.00523,-1.7244583115986905
861,203526802,16 21 33.08,-25 50 26.8,,11.08,,5.36,0.35,11.04,5.01,,,,,"USco,bronze",no,Simbad,1,0.99968,3472.0,157.0,0.648,0.021,0.01467,-1.2205478165959383
862,204260890,16 21 33.97,-23 01 55.9,13.95,9.23,4.72,4.72,0.37,9.18,4.35,,,,,"USco,bronze",maybe,Simbad,1,0.999987,,,,,,
863,203417549,16 21 34.70,-26 12 26.9,,8.86,,4.5,1.8,8.63,2.7,3.356,,,,"USco,bronze",yes,Simbad,1,0.999801,3995.0,124.6,0.624,0.079,0.02509,-0.5647450696041022
864,205471638,16 21 36.58,-17 22 04.6,11.31,8.19,3.12,3.12,0.7,8.1,2.42,,,,,"USco,bronze",no,Simbad,1,0.999987,4668.0,122.0,,,,
865,204280039,16 21 37.98,-22 57 30.9,,12.42,,7.45,2.11,12.15,5.34,,,,,"USco,bronze",no,Simbad,1,0.999994,4141.0,133.0,,,,
866,202873945,16 21 39.90,-28 03 06.9,,11.24,,7.38,1.21,11.09,6.16,0.6258,,,,"USco,bronze",maybe,Simbad,1,1.0,2884.0,157.0,0.582,0.021,0.0062,-1.6597542384320683
867,204589989,16 21 40.58,-21 42 44.0,,8.82,,3.23,0.7,8.73,2.53,,,,,"USco,bronze",no,Simbad,1,0.999998,4722.0,122.0,,,,
868,204471912,16 21 41.26,-22 12 05.7,,9.94,,5.91,0.35,9.9,5.56,0.7562,0.8027,,,"USco,gold",no,Simbad,1,0.999838,3186.0,122.0,,,,
869,204211116,16 21 41.98,-23 13 43.5,,10.96,,7.92,2.02,10.7,5.9,2.1605,,,,"USco,bronze",yes,Simbad,1,0.999999,2941.0,157.0,0.56,0.021,0.00603,-1.6647427435654683
870,203495721,16 21 47.92,-25 56 47.1,9.37,8.03,1.34,1.34,0.27,7.99,1.07,1.8446,0.8394,,,"USco,bronze",no,Simbad,2,1.0E-6,8159.0,1080.0,1.992,0.445,3.25183,0.8690427018157536
871,203685806,16 21 48.51,-25 17 26.7,,9.97,,4.86,0.37,9.93,4.49,3.7758,,,,"USco,gold",no,Simbad,1,0.999928,3739.0,261.6,0.561,0.112,0.07367,-0.8902527622867714
872,204862760,16 21 53.09,-20 31 27.7,,8.47,,6.1,0.95,8.35,5.16,,,,,"USco,bronze",,Simbad,1,0.999992,5354.0,384.1,,,,
873,204819556,16 21 54.66,-20 43 09.1,,9.15,,3.25,0.0,9.15,3.25,7.5769,,,,"USco,silver",no,Simbad,1,0.992964,4432.0,195.5,0.694,0.084,0.044,-0.5457651042517344
874,203001378,16 21 54.79,-27 36 10.4,,11.47,,6.2,0.76,11.37,5.44,2.9554,,,,"USco,bronze",no,Simbad,1,0.999949,3093.0,157.0,0.538,0.021,0.00646,-1.6161846340195687
875,204552994,16 21 55.06,-21 52 04.6,,10.4,,5.89,0.36,10.36,5.53,2.358,,,,"USco,bronze",no,Simbad,1,0.999146,3201.0,157.0,0.657,0.021,0.01173,-1.3455346664798542
876,204244466,16 21 56.76,-23 05 50.6,,10.19,,4.81,0.59,10.11,4.22,,,,,"USco,bronze",no,Simbad,1,0.999992,6031.0,123.0,1.118,,,0.6228085681621761
877,203899877,16 21 57.68,-24 29 43.5,10.27,7.59,2.68,2.68,2.52,7.26,0.16,,,,,"USco,bronze",yes,Simbad,1,0.999992,4667.0,126.0,,,,
878,203143409,16 21 59.75,-27 06 36.9,,11.26,,5.65,0.7,11.17,4.95,2.0651,,,,"USco,gold",no,Simbad,1,0.999726,3136.0,157.0,0.539,0.021,0.0068,-1.5904049806031844
879,204329690,16 22 01.93,-22 45 41.2,,10.88,,7.53,2.46,10.57,5.07,2.1541,,,,"USco,bronze",yes,Simbad,1,1.0,2854.0,157.0,0.579,0.021,0.0059,-1.6842395093342655
880,204671953,16 22 05.87,-21 21 55.6,,9.96,,4.87,0.4,9.91,4.47,3.4054,,,,"USco,gold",no,Simbad,1,0.996487,3674.0,135.9,0.539,0.091,0.02287,-0.8986998195323153
881,204651589,16 22 06.56,-21 27 09.1,,10.13,,5.76,0.37,10.08,5.39,6.81,,,,"USco,gold",no,Simbad,2,1.0E-6,3228.0,157.0,0.66,0.02,0.01209,-1.325322532126801
882,202552587,16 22 08.59,-29 15 06.4,,9.65,,4.56,0.06,9.64,4.5,1.5307,,,,"USco,gold",no,Simbad,2,1.0E-6,3650.0,127.7,0.529,0.085,0.02454,-0.8303843377772532
883,204598375,16 22 08.94,-21 40 37.3,,10.6,,5.53,0.28,10.56,5.25,4.1287,,,,"USco,gold",no,Simbad,1,0.992964,3250.0,157.0,0.63,0.021,0.01101,-1.3665315444204136
884,205000676,16 22 09.60,-19 53 00.9,,8.9,,6.37,1.65,8.68,4.71,6.3729,,,,"USco,gold",yes,Simbad,1,0.999975,3734.0,122.0,,,,
885,204603511,16 22 10.05,-21 39 17.3,8.65,7.65,1.0,1.0,0.59,7.58,0.41,0.1581,0.199,0.1358,,"USco,gold",yes,Simbad,1,0.999707,7085.0,144.6,1.57,0.271,0.33156,0.7575182518229089
886,203939508,16 22 12.00,-24 19 49.3,,9.79,,4.26,1.85,9.55,2.41,,,,,"USco,bronze",no,Simbad,1,0.999996,3890.0,122.0,0.602,,,-0.45150002591640404
887,202800875,16 22 13.14,-28 18 58.5,,9.1,,4.14,0.23,9.07,3.91,0.7467,0.673,,,"USco,bronze",no,Simbad,1,0.997667,3853.0,122.0,,,,
888,204810161,16 22 14.80,-20 45 40.0,,11.23,,6.33,0.31,11.19,6.02,1.6579,1.5853,,,"USco,bronze",yes,Simbad,1,0.999999,2957.0,157.0,0.593,0.035,0.00879,-1.597566653780688
889,204176565,16 22 18.53,-23 21 48.2,12.67,8.11,4.56,4.56,2.73,7.76,1.83,5.0194,,,,"USco,bronze",yes,Simbad,1,0.999962,3885.0,124.0,,,,
890,203931628,16 22 19.91,-24 21 48.1,9.36,7.1,2.26,2.26,1.54,6.9,0.72,0.0491,0.054,0.045,,"USco,gold",no,Simbad,1,0.999978,,,,,,
891,202949156,16 22 20.91,-27 47 09.8,,9.47,,4.96,0.15,9.45,4.81,6.9002,,,,"USco,silver",no,Simbad,1,0.999591,,,,,,
892,202791563,16 22 21.03,-28 21 00.6,,11.39,,5.82,0.7,11.3,5.12,1.203,0.8679,,,"USco,bronze",no,Simbad,1,0.999993,2995.0,157.0,0.524,0.021,0.00552,-1.6959405337824007
893,204449274,16 22 21.59,-22 17 30.9,,12.62,,6.6,0.52,12.55,6.08,1.5494,1.2709,,,"USco,gold",yes,Simbad,1,0.999999,2890.0,157.0,0.286,0.022,0.00175,-2.223298816011589
894,203517602,16 22 22.30,-25 52 20.2,,9.44,,6.0,1.01,9.31,4.99,1.14,0.7773,,,"USco,bronze",no,Simbad,1,0.99885,3601.0,121.2,,,,
895,202800046,16 22 29.47,-28 19 09.1,,12.34,,6.89,1.8,12.11,5.1,15.9977,,,,"USco,bronze",no,Simbad,1,0.999965,3180.0,157.0,0.501,0.022,0.00623,-1.6332036167132702
896,204374147,16 22 34.21,-22 35 12.3,,8.54,,5.46,0.87,8.43,4.59,0.6245,0.4914,12.9722,,"USco,bronze",no,Simbad,1,0.997667,,,,,,
897,204321142,16 22 35.29,-22 47 43.3,,10.52,,7.09,2.21,10.23,4.88,0.4763,,,,"USco,bronze",no,Simbad,1,1.0,2906.0,157.0,0.639,0.021,0.00798,-1.544546031221372
898,204683246,16 22 35.99,-21 19 01.3,,9.86,,5.0,0.7,9.77,4.3,8.904,,,,"USco,bronze",no,Simbad,2,1.0E-6,3704.0,130.0,0.549,0.088,0.02739,-0.8330077691698899
899,203927020,16 22 36.72,-24 22 58.6,8.62,7.16,1.46,1.46,1.42,6.97,0.04,,,,,"USco,bronze",no,Simbad,1,0.999965,12386.0,,,,,
900,205204368,16 22 43.53,-18 52 36.0,,10.61,,5.38,0.7,10.52,4.68,2.8365,,,,"USco,bronze",maybe,Simbad,1,0.996487,3256.0,157.0,0.595,0.021,0.00958,-1.4253900586598127
901,205007401,16 22 43.85,-19 51 05.9,,11.16,,9.14,1.62,10.95,7.52,1.3815,,,,"USco,gold",maybe,Simbad,1,1.0,2788.0,158.0,0.523,0.022,0.00449,-1.8218867476853682
902,205108784,16 22 44.04,-19 21 39.3,,11.78,,6.15,1.33,11.6,4.82,,,,,"USco,bronze",no,Simbad,1,0.999943,3939.0,122.0,0.613,,,-0.7851561519523022
903,204591415,16 22 44.06,-21 42 22.4,,9.85,,5.78,0.66,9.76,5.12,14.133,1.4267,,,"USco,gold",no,Simbad,1,0.996487,3431.0,95.9,0.419,0.088,0.03895,-0.7496776029239931
904,202908892,16 22 51.57,-27 55 37.4,,10.18,,5.22,0.2,10.15,5.02,2.0808,2.7263,,,"USco,bronze",no,Simbad,1,0.998258,3370.0,122.2,0.382,0.098,0.03066,-0.9870784544554398
905,204608050,16 22 54.77,-21 38 09.5,,10.07,,5.25,0.57,9.99,4.68,2.0367,,,,"USco,gold",no,Simbad,2,1.0E-6,3371.0,91.4,0.382,0.082,0.01836,-1.0091729494325212
906,204236173,16 22 57.91,-23 07 50.3,,8.51,,4.87,0.78,8.41,4.08,,,,,"USco,bronze",no,Simbad,1,0.999974,3798.0,122.0,,,,
907,203390179,16 23 00.63,-26 18 06.6,,8.94,,3.51,0.93,8.82,2.57,1.3921,,,,"USco,bronze",no,Simbad,1,0.999992,4907.0,122.0,,,,
908,204611501,16 23 01.09,-21 37 17.2,,11.55,,6.03,0.7,11.46,5.34,2.4445,,,,"USco,bronze",no,Simbad,1,0.999996,3025.0,157.0,0.462,0.021,0.00446,-1.7875460389597242
909,202772489,16 23 01.19,-28 25 11.4,,9.34,,4.71,0.34,9.29,4.37,,,,,"USco,bronze",no,Simbad,1,0.999999,5175.0,122.0,,,,
910,202891090,16 23 04.73,-27 59 25.4,,9.56,,4.47,0.3,9.52,4.17,2.6643,,,,"USco,gold",no,Simbad,1,0.999739,,,,,,
911,204683343,16 23 04.73,-21 18 59.6,,12.16,,6.81,0.66,12.08,6.15,0.4643,,,,"USco,bronze",no,Simbad,1,0.999999,2865.0,157.0,0.374,0.022,0.00262,-2.0462403082667713
912,202802744,16 23 05.03,-28 18 33.6,,9.54,,4.09,0.7,9.45,3.39,,,,,"USco,bronze",no,Simbad,1,0.999999,5245.0,122.0,,,,
913,203112557,16 23 07.58,-27 12 57.7,,9.74,,5.0,0.31,9.7,4.69,7.8107,,,,"USco,bronze",no,Simbad,1,0.997667,3462.0,115.0,0.438,0.091,0.0271,-0.8723122124601496
914,204264833,16 23 07.78,-23 00 59.5,11.95,8.18,3.77,3.77,0.42,8.13,3.35,4.0827,,,,"USco,gold",maybe,Simbad,1,0.999956,8410.0,894.5,2.083,0.52,4.0482,0.9676308025048572
915,203950167,16 23 09.22,-24 17 05.0,,8.07,,7.57,3.27,7.65,4.3,,,,,"ROph,bronze",yes,Simbad,1,0.999992,4542.0,567.0,0.715,0.125,0.36732,-0.1313320550975285
916,204524752,16 23 17.40,-21 59 07.1,,10.16,,6.03,0.3,10.12,5.74,2.9538,,,,"USco,gold",no,Simbad,1,0.99982,3167.0,122.0,,,,
917,202906224,16 23 17.61,-27 56 10.9,,11.69,,6.61,0.73,11.59,5.88,0.7152,6.4585,,,"USco,bronze",no,Simbad,1,0.999998,2985.0,157.0,0.505,0.034,0.00625,-1.7358908436941916
918,203394211,16 23 21.87,-26 17 16.0,12.96,9.22,3.74,3.74,0.7,9.13,3.04,,,,,"USco,bronze",no,Simbad,1,0.999995,4617.0,122.0,,,,
919,204656724,16 23 22.08,-21 25 48.9,,9.73,,4.57,0.1,9.72,4.47,4.2195,,,,"USco,bronze",no,Simbad,1,0.992964,3688.0,120.9,0.544,0.086,0.02015,-0.8843229348841627
920,202958460,16 23 22.85,-27 45 11.5,,9.46,,3.39,0.7,9.37,2.69,,,,,"USco,bronze",no,Simbad,1,0.999993,4875.0,122.0,,,,
921,203369479,16 23 22.93,-26 22 16.3,9.61,7.91,1.69,1.69,0.2,7.89,1.49,,,,,"USco,silver",no,Simbad,1,0.998258,6983.0,281.3,1.533,0.277,0.31667,0.35630700532828313
922,205483258,16 23 24.52,-17 17 27.3,,9.65,,4.98,0.48,9.59,4.5,5.667,,,,"USco,gold",no,Simbad,2,1.0E-6,3521.0,127.7,0.471,0.093,0.0253,-0.8974976908145477
923,202709152,16 23 31.15,-28 39 17.9,,11.62,,5.96,0.7,11.53,5.26,0.8043,0.7341,,,"USco,bronze",no,Simbad,1,0.999997,2957.0,157.0,0.472,0.027,0.00481,-1.810790510417694
924,203655051,16 23 32.30,-25 23 48.6,11.59,7.7,3.89,3.89,1.4,7.51,2.49,2.3886,,,,"USco,gold",no,Simbad,1,0.999992,4014.0,122.0,,,,
925,204274536,16 23 32.83,-22 58 47.1,,10.29,,7.19,1.62,10.08,5.57,5.12,,,,"USco,bronze",yes,Simbad,1,0.999999,,,,,,
926,202795175,16 23 41.85,-28 20 12.9,,12.74,,7.29,1.41,12.56,5.88,0.8361,,,,"USco,bronze",no,Simbad,1,0.999999,2864.0,157.0,0.322,0.023,0.00212,-2.154901959985743
927,204289171,16 23 43.32,-22 55 23.0,,12.2,,8.57,3.03,11.81,5.54,,,,,"USco,bronze",no,Simbad,1,0.999998,4638.0,145.0,,,,
928,204637674,16 23 45.16,-21 30 40.9,,8.99,,3.68,0.7,8.9,2.98,8.8468,,,,"USco,bronze",yes,Simbad,1,0.999806,4259.0,287.0,0.666,0.099,0.09345,-0.3860419591427861
929,202661711,16 23 46.97,-28 50 02.4,10.95,8.66,2.29,2.29,0.27,8.62,2.02,1.7407,,,,"USco,gold",no,Simbad,1,0.999826,5488.0,128.3,0.96,0.12,0.05485,0.17672486657823622
930,203399155,16 23 47.17,-26 16 15.7,8.91,7.97,0.94,0.94,0.52,7.9,0.42,,,,,"USco,gold",no,Simbad,1,0.999927,7752.0,142.5,1.83,0.298,0.30084,0.8795431388061427
931,204195050,16 23 51.55,-23 17 27.0,,12.42,,8.43,0.7,12.33,7.73,0.4948,,,,"USco,gold",no,Simbad,1,0.999999,2930.0,158.0,0.324,0.022,0.00228,-2.1123826996642636
932,202891973,16 23 52.28,-27 59 13.5,11.19,7.77,3.42,3.42,0.7,7.68,2.72,,,,,"USco,bronze",no,Simbad,1,0.99999,4682.0,122.0,,,,
933,203863576,16 23 54.70,-24 38 31.9,,11.92,,8.97,1.59,11.72,7.38,1.7647,,,,"USco,gold",no,Simbad,1,1.0,2819.0,157.0,0.388,0.023,0.00271,-2.047207556955908
934,204139015,16 23 55.09,-23 30 40.0,,10.07,,6.0,1.05,9.93,4.95,2.8539,,,,"USco,gold",no,Simbad,1,0.999591,3272.0,122.0,,,,
935,204139016,16 23 55.79,-23 30 40.0,,10.75,,6.48,1.01,10.62,5.47,,,,,"USco,bronze",maybe,Simbad,1,0.999993,3051.0,157.0,0.583,0.021,0.00741,-1.559878396812196
936,203378869,16 23 57.23,-26 20 24.6,,10.23,,5.66,0.32,10.19,5.34,1.433,1.1367,,,"USco,silver",no,Simbad,1,0.936631,,,,,,
937,202959419,16 23 57.63,-27 44 59.1,,9.18,,3.56,0.0,9.18,3.56,2.695,,,,"USco,bronze",no,Simbad,1,0.999948,4144.0,295.4,0.649,0.107,0.10071,-0.40502215444130685
938,203366162,16 23 57.71,-26 22 55.8,12.22,8.82,3.4,3.4,0.7,8.73,2.7,,,,,"USco,bronze",no,Simbad,1,0.999991,4775.0,50.0,,,,
939,203467084,16 23 57.89,-26 02 29.9,,9.97,,4.52,0.56,9.89,3.96,1.0611,,,,"USco,gold",no,Simbad,1,0.999561,3796.0,128.2,0.578,0.086,0.01928,-0.8530661654372363
940,204566795,16 23 58.04,-21 48 33.9,,11.44,,7.51,0.76,11.34,6.75,1.1147,1.2181,,,"USco,bronze",no,Simbad,1,0.99989,,,,,,
941,203737395,16 23 58.44,-25 06 41.2,12.27,6.64,5.63,5.63,1.78,6.41,3.85,,,,,"ROph,bronze",no,Simbad,1,0.999999,4290.7,49.0,,,,
942,202685674,16 23 58.57,-28 44 34.0,,9.76,,3.48,0.0,9.76,3.48,,,,,"USco,bronze",no,Simbad,1,0.999996,4765.0,122.0,,,,
943,203001867,16 23 59.01,-27 36 03.7,,9.43,,5.34,0.56,9.36,4.78,5.3161,0.8278,,,"USco,silver",no,Simbad,1,0.992964,,,,,,
944,204285302,16 23 59.30,-22 56 18.0,,12.6,,7.43,3.07,12.2,4.35,,,,,"USco,bronze",no,Simbad,1,0.999999,3391.0,157.0,0.638,0.028,0.01511,-1.279179418229656
945,203649927,16 24 02.89,-25 24 53.9,9.42,6.72,2.7,2.7,2.58,6.39,0.12,2.6251,0.4857,,,"USco,gold",yes,Simbad,1,0.999994,8910.0,122.0,2.245,,,1.724559870866114
946,203783190,16 24 06.33,-24 56 46.9,,8.28,,4.71,1.38,8.1,3.33,0.8165,0.8651,,,"USco,silver",no,Simbad,1,0.999973,,,,,,
947,203356099,16 24 08.59,-26 24 55.0,11.87,8.46,3.41,3.41,1.02,8.33,2.38,,,,,"USco,bronze",no,Simbad,1,0.999991,4700.0,50.0,,,,
948,204624141,16 24 09.42,-21 34 07.6,,10.45,,5.92,0.82,10.35,5.1,2.7987,,,,"USco,gold",no,Simbad,1,0.99982,3144.0,157.0,0.611,0.02,0.00911,-1.4580465255417636
949,204990278,16 24 11.76,-19 55 58.5,,9.95,,5.57,0.38,9.9,5.19,3.8186,,,,"USco,silver",no,Simbad,1,0.99885,3821.0,180.5,0.585,0.103,0.08268,-0.6661095883838752
950,204295293,16 24 12.37,-22 53 54.6,,10.8,,5.8,0.57,10.72,5.23,3.9991,,,,"USco,bronze",no,Simbad,1,0.999617,3154.0,157.0,0.587,0.021,0.00839,-1.494850021680094
951,205024586,16 24 15.28,-19 46 10.2,,10.04,,4.81,0.47,9.98,4.34,,,,,"USco,bronze",no,Simbad,1,0.999999,4705.0,122.0,,,,
952,203555168,16 24 15.50,-25 44 34.7,,9.63,,4.59,0.42,9.57,4.17,0.5475,,,,"USco,gold",no,Simbad,1,0.999989,,,,,,
953,203908611,16 24 15.87,-24 27 35.5,15.47,9.23,6.24,6.24,2.28,8.94,3.96,2.3003,,,,"ROph,bronze",no,Simbad,1,0.99999,4865.0,152.9,0.793,0.099,0.06428,-0.04619683268612298
954,202640668,16 24 18.60,-28 54 47.5,11.78,8.33,3.45,3.45,1.39,8.15,2.06,0.763,,,,"USco,gold",no,Simbad,1,0.999981,4730.0,124.0,,,,
955,203761347,16 24 21.31,-25 01 31.4,,6.19,,2.21,2.14,5.91,0.07,0.7907,4.2071,0.6063,0.9721,"USco,gold",no,Simbad,1,0.999989,5337.0,137.5,,,,
956,204469527,16 24 31.29,-22 12 39.8,,10.35,,6.48,1.39,10.17,5.09,4.8169,,,,"USco,bronze",no,Simbad,1,0.999945,3123.0,157.0,0.662,0.02,0.01097,-1.3795516152882912
957,204347824,16 24 31.82,-22 41 20.7,,11.33,,7.45,0.71,11.24,6.74,1.5818,0.8183,,,"USco,bronze",yes,Simbad,1,0.999975,,,,,,
958,204268916,16 24 35.20,-23 00 02.5,,10.99,,5.87,0.18,10.96,5.69,1.7534,,,,"USco,bronze",no,Simbad,1,0.999893,3131.0,157.0,0.538,0.021,0.00669,-1.5953372991262778
959,203877533,16 24 39.68,-24 35 09.3,,10.29,,11.2,5.55,9.58,5.65,1.6264,,,,"ROph,bronze",yes,Simbad,1,1.0,,,,,,
960,204960911,16 24 40.78,-20 04 17.1,,10.51,,5.08,1.28,10.34,3.8,,,,,"USco,bronze",no,Simbad,1,0.999913,3580.0,122.0,0.5,,,-1.062181315301644
961,203947305,16 24 41.04,-24 17 48.8,,8.98,,12.12,7.62,8.0,4.5,,,,,"ROph,bronze",yes,Simbad,1,1.0,,,,,,
962,203929472,16 24 46.80,-24 22 21.0,,7.97,,9.72,6.1,7.18,3.62,,,,,"ROph,silver",no,Simbad,1,1.0,,,,,,
963,203770078,16 24 49.41,-24 59 38.8,,11.03,,7.48,2.76,10.68,4.73,1.8989,,,,"ROph,bronze",no,Simbad,1,1.0,2876.0,157.0,0.574,0.021,0.00595,-1.678194516142461
964,205431822,16 24 50.66,-17 37 23.4,,9.07,,3.67,0.7,8.98,2.97,,,,,"USco,bronze",no,Simbad,1,0.999997,4403.0,122.0,,,,
965,204355491,16 24 51.36,-22 39 32.5,9.81,7.08,2.73,2.73,1.08,6.94,1.65,0.9781,0.9413,,,"USco,gold",no,Simbad,1,0.999899,4764.0,122.0,,,,
966,203949130,16 24 51.46,-24 17 21.2,,9.49,,10.21,7.72,8.5,2.49,,,,,"ROph,bronze",no,Simbad,1,1.0,,,,,,
967,204462113,16 24 55.33,-22 14 28.6,,10.22,,5.3,0.7,10.13,4.6,5.7311,1.0746,,,"USco,bronze",no,Simbad,1,0.992964,3206.0,157.0,0.638,0.021,0.01091,-1.376233999866069
968,203343161,16 24 55.87,-26 27 18.3,,11.16,,6.73,0.73,11.07,5.99,2.2417,,,,"USco,bronze",yes,Simbad,1,0.999997,2961.0,157.0,0.575,0.021,0.00663,-1.625618301949118
969,203981162,16 24 56.73,-24 09 02.6,,8.41,,10.01,5.35,7.72,4.66,5.8291,,,,"ROph,bronze",no,Simbad,1,1.0,,,,,,
970,203972079,16 24 57.28,-24 11 24.4,,9.23,,8.31,3.53,8.78,4.78,6.3475,,,,"ROph,silver",no,Simbad,1,1.0,,,,,,
971,203786695,16 24 59.74,-24 56 00.8,,9.44,,8.11,3.33,9.01,4.78,,,,,"ROph,bronze",yes,Simbad,1,0.999999,3365.0,54.0,,,,
972,203943710,16 25 00.62,-24 18 44.2,,10.73,,9.91,5.49,10.03,4.42,,,,,"ROph,bronze",no,Simbad,1,1.0,,,,,,
973,203902911,16 25 01.48,-24 28 58.8,,7.61,,12.68,6.6,6.76,6.08,,,,,"ROph,bronze",yes,Simbad,1,1.0,3526.0,112.0,,,,
974,203770559,16 25 02.11,-24 59 32.4,,9.22,,7.5,1.85,8.98,5.65,12.3696,,,,"ROph,silver",yes,Simbad,1,1.0,,,,,,
975,204176771,16 25 02.35,-23 21 45.0,,9.29,,5.61,0.91,9.17,4.7,0.7209,,,,"USco,gold",no,Simbad,1,0.999561,3447.0,141.9,0.429,0.1,0.03902,-0.8872274788946297
976,203929265,16 25 03.69,-24 22 24.3,,9.77,,8.29,6.92,8.87,1.37,1.0712,,,,"ROph,bronze",no,Simbad,1,1.0,,,,,,
977,203725441,16 25 04.49,-25 09 11.6,,8.08,,4.24,0.7,7.99,3.54,1.7658,,,,"USco,bronze",no,Simbad,1,0.99999,6624.0,122.0,1.389,,,0.6829875664578969
978,202709674,16 25 04.91,-28 39 11.1,,9.31,,3.85,0.0,9.31,3.85,,,,,"USco,bronze",no,Simbad,1,0.999997,4951.0,122.0,,,,
979,203852620,16 25 05.02,-24 41 10.4,,8.46,,18.05,14.99,6.53,3.06,,,,,"ROph,bronze",no,Simbad,1,1.0,,,,,,
980,205528856,16 25 05.96,-16 59 03.2,,10.89,,4.83,0.48,10.83,4.35,,,,,"USco,bronze",no,Simbad,1,0.999826,3611.0,122.0,,,,
981,203888630,16 25 07.32,-24 32 27.2,15.74,9.23,6.51,6.51,3.5,8.78,3.0,1.678,1.2696,1.2113,,"ROph,bronze",no,Simbad,1,0.998403,,,,,,
982,204623020,16 25 10.34,-21 34 23.6,,11.45,,6.97,0.86,11.34,6.11,0.6584,,,,"USco,bronze",no,Simbad,1,0.999999,2900.0,157.0,0.504,0.021,0.00462,-1.7880789156914907
983,204187469,16 25 10.50,-23 19 14.7,13.39,7.51,5.88,5.88,2.82,7.15,3.06,5.9116,,,,"ROph,bronze",yes,Simbad,1,0.999959,,,,,,
984,203430290,16 25 10.72,-26 09 55.5,,10.71,,5.58,0.12,10.69,5.46,5.3753,,,,"USco,bronze",no,Simbad,1,0.99885,3204.0,157.0,0.594,0.02,0.00903,-1.4560560575170935
985,203831587,16 25 10.93,-24 46 03.8,,11.51,,8.67,2.59,11.17,6.08,1.9325,,,,"ROph,bronze",yes,Simbad,1,1.0,2818.0,157.0,0.46,0.022,0.0036,-1.9154237220656691
986,202590973,16 25 12.15,-29 06 07.5,,9.83,,4.45,0.03,9.82,4.42,,,,,"USco,bronze",no,Simbad,1,0.999998,4463.0,122.0,,,,
987,203817304,16 25 12.84,-24 49 17.1,,9.01,,5.6,1.82,8.78,3.78,,,,,"ROph,bronze",no,Simbad,1,0.999988,6017.0,109.6,,,,
988,203787831,16 25 14.30,-24 55 45.0,,10.92,,8.66,4.7,10.31,3.96,4.8823,,,,"ROph,bronze",no,Simbad,1,1.0,4812.0,217.0,,,,
989,203786209,16 25 14.70,-24 56 07.1,14.41,8.27,6.14,6.14,2.52,7.94,3.62,2.8403,,,,"ROph,bronze",no,Simbad,1,0.999978,4307.0,105.5,,,,
990,203970821,16 25 16.89,-24 11 43.6,,8.44,,11.89,6.24,7.64,5.65,,,,,"ROph,bronze",yes,Simbad,1,1.0,,,,,,
991,204175516,16 25 16.89,-23 22 03.5,14.2,9.02,5.18,5.18,0.83,8.92,4.34,6.8082,,,,"USco,gold",maybe,Simbad,1,0.99987,3606.0,204.8,0.511,0.107,0.0809,-0.7161788340569407
992,203417323,16 25 16.98,-26 12 30.0,,11.41,,6.04,0.57,11.34,5.48,3.4238,,,,"USco,bronze",no,Simbad,1,0.999848,3131.0,157.0,0.542,0.021,0.00686,-1.586700235918748
993,203716389,16 25 17.27,-25 11 05.8,,9.91,,7.34,3.13,9.51,4.21,2.3802,,,,"ROph,bronze",yes,Simbad,1,0.999324,5094.0,161.0,0.855,,,-0.5727249222973344
994,203850795,16 25 17.32,-24 41 36.9,,10.7,,8.47,3.23,10.28,5.24,,,,,"ROph,bronze",no,Simbad,1,0.999999,5083.0,116.0,,,,
995,203822946,16 25 18.92,-24 48 01.0,,10.32,,9.06,4.28,9.77,4.78,0.6841,0.5809,,,"ROph,bronze",maybe,Simbad,1,1.0,2815.0,157.0,0.641,0.022,0.0075,-1.5960220363306452
996,203911473,16 25 19.24,-24 26 52.7,,7.8,,2.26,1.34,7.63,0.92,2.616,2.3744,,,"USco,gold",no,Simbad,1,0.999751,,,,,,
997,203897751,16 25 22.17,-24 30 14.1,,6.49,,11.54,7.25,5.56,4.29,,,,,"ROph,bronze",no,Simbad,1,1.0,4401.0,177.0,,,,
998,203857254,16 25 22.48,-24 40 03.8,,11.77,,7.47,2.78,11.41,4.68,,,,,"USco,bronze",no,Simbad,1,0.999992,5755.0,108.0,,,,
999,203780704,16 25 22.94,-24 57 19.6,,8.91,,7.85,5.1,8.25,2.75,,,,,"ROph,bronze",no,Simbad,1,1.0,4606.0,73.0,,,,
1000,203042487,16 25 23.26,-27 27 31.7,,10.73,,5.55,0.0,10.73,5.55,1.2751,0.8833,,,"USco,gold",no,Simbad,1,0.999591,3136.0,157.0,0.592,0.029,0.0098,-1.4966179365262673
1001,203927310,16 25 23.46,-24 22 54.1,,10.58,,10.1,8.33,9.51,1.77,,,,,"ROph,bronze",no,Simbad,1,1.0,,,,,,
1002,204151925,16 25 24.28,-23 27 36.7,6.74,5.43,1.31,1.31,1.8,5.19,-0.49,1.2397,4.3017,7.1284,,"ROph,bronze",no,Simbad,1,0.999963,6498.0,114.1,1.33,0.211,1.07178,1.1505261874124468
1003,203899786,16 25 24.35,-24 29 44.7,,9.45,,5.32,1.36,9.27,3.96,5.9434,,,,"ROph,silver",yes,Simbad,1,0.999389,,,,,,
1004,203923185,16 25 26.22,-24 23 56.6,,10.6,,10.22,8.27,9.53,1.95,,,,,"ROph,bronze",no,Simbad,1,1.0,,,,,,
1005,203528786,16 25 26.26,-25 50 01.8,,9.36,,3.87,0.7,9.27,3.17,2.1289,,,,"USco,bronze",no,Simbad,1,0.999999,4986.0,122.0,,,,
1006,205010433,16 25 26.74,-19 50 14.2,9.03,7.28,1.75,1.75,1.41,7.1,0.35,0.4511,,,,"USco,bronze",no,Simbad,1,0.999971,6495.0,807.4,1.329,0.4,12.95164,0.9735757774738589
1007,205529382,16 25 28.60,-16 58 50.9,,12.62,,8.21,0.94,12.5,7.27,0.8866,,,,"USco,gold",no,Simbad,1,0.999999,2817.0,157.0,0.335,0.023,0.00216,-2.1555228242543185
1008,203440253,16 25 28.81,-26 07 54.2,,9.85,,5.28,0.12,9.84,5.16,6.7932,,,,"USco,gold",yes,Simbad,2,1.0E-6,3430.0,96.8,0.419,0.088,0.01892,-0.9481917056829084
1009,204460283,16 25 29.68,-22 14 54.5,,12.11,,7.61,1.15,11.96,6.46,1.3956,,,,"USco,gold",no,Simbad,1,0.999999,2858.0,157.0,0.396,0.021,0.00283,-2.00788851221305
1010,203799870,16 25 29.82,-24 53 07.6,,11.08,,6.21,1.83,10.84,4.38,,,,,"USco,bronze",no,Simbad,1,0.999992,4306.0,122.0,,,,
1011,204118281,16 25 29.96,-23 35 36.6,,9.15,,3.95,1.55,8.95,2.4,,,,,"USco,bronze",no,Simbad,1,0.999998,4018.0,122.0,,,,
1012,210282526,16 25 31.80,-25 53 48.9,,9.27,,4.47,0.7,9.18,3.77,1.2132,,,,"USco,bronze",no,Simbad,1,0.999832,3807.0,126.9,0.581,0.087,0.02705,-0.7146677723561156
1013,203947055,16 25 31.98,-24 17 52.4,,11.27,,9.42,4.45,10.69,4.97,,,,,"ROph,bronze",no,Simbad,1,0.999909,,,,,,
1014,203938834,16 25 32.23,-24 19 59.0,,10.49,,10.34,6.38,9.67,3.96,,,,,"ROph,bronze",no,Simbad,1,1.0,,,,,,
1015,203421625,16 25 32.73,-26 11 39.0,,10.97,,6.05,0.0,10.97,6.05,1.7039,,,,"USco,gold",no,Simbad,1,0.999992,3029.0,157.0,0.55,0.021,0.00633,-1.630784142589857
1016,204129511,16 25 35.05,-23 32 55.1,,8.91,,5.25,0.86,8.8,4.39,7.7847,,,,"USco,silver",no,Simbad,1,0.999919,4431.0,455.7,0.694,0.109,0.33061,-0.15077105411551128
1017,204165788,16 25 35.08,-23 24 18.7,7.27,5.78,1.49,1.49,1.49,5.58,0.0,0.8639,,,,"USco,bronze",no,Simbad,1,0.999892,,,,,,
1018,203882149,16 25 35.53,-24 34 01.1,,6.45,,,,,,,,,,"ROph,bronze",yes,Simbad,1,1.0,3603.0,111.0,,,,
1019,203955457,16 25 36.73,-24 15 42.9,16.4,8.38,8.02,8.02,4.96,7.74,3.06,,,,,"ROph,bronze",yes,Simbad,1,1.0,3024.0,122.0,,,,
1020,203963116,16 25 37.80,-24 13 43.6,,6.87,,10.67,5.44,6.17,5.23,,,,,"ROph,bronze",yes,Simbad,1,1.0,,,,,,
1021,203844411,16 25 37.89,-24 43 06.5,,10.55,,8.53,5.78,9.8,2.75,,,,,"ROph,bronze",no,Simbad,1,1.0,4673.0,112.0,,,,
1022,203410665,16 25 38.48,-26 13 53.9,11.86,7.52,4.34,4.34,1.58,7.31,2.77,,,,,"USco,silver",yes,Simbad,2,,,,,,,
1023,203912674,16 25 39.58,-24 26 34.9,19.1,8.95,10.15,10.15,5.65,8.23,4.5,,,,,"ROph,bronze",yes,Simbad,1,1.0,,,,,,
1024,205048103,16 25 41.30,-19 39 22.9,,10.42,,6.68,0.7,10.33,5.98,,,,,"USco,bronze",no,Simbad,1,0.999998,4823.0,122.0,,,,
1025,204161056,16 25 42.87,-23 25 26.1,,9.2,,7.18,2.54,8.88,4.63,5.306,,,,"ROph,bronze",yes,Simbad,1,0.999899,3949.0,126.6,0.615,0.084,0.04324,-0.4480866765020512
1026,204396010,16 25 43.20,-22 30 03.0,,12.09,,6.56,0.3,12.05,6.26,1.5603,,,,"USco,gold",yes,Simbad,1,0.999998,2907.0,157.0,0.364,0.021,0.00259,-2.0409586076789066
1027,203867167,16 25 47.66,-24 37 39.6,,10.38,,8.27,3.04,9.99,5.23,3.1653,,,,"ROph,gold",yes,Simbad,1,1.0,2866.0,157.0,0.645,0.021,0.00784,-1.558304864359283
1028,204544020,16 25 48.07,-21 54 19.6,,11.15,,5.77,0.15,11.13,5.62,1.8496,,,,"USco,gold",no,Simbad,1,0.999877,3112.0,157.0,0.494,0.021,0.00551,-1.682563503464901
1029,203506352,16 25 49.24,-25 54 37.3,,9.49,,4.69,0.62,9.42,4.07,2.575,,,,"USco,gold",no,Simbad,1,0.999843,3809.0,125.9,0.582,0.085,0.01961,-0.8064580114337826
1030,203807162,16 25 49.65,-24 51 32.0,13.1,8.78,4.32,4.32,0.47,8.72,3.84,11.1828,,,,"USco,bronze",maybe,Simbad,1,0.996487,3863.0,122.0,0.596,,,-0.4679466614856382
1031,202793212,16 25 50.28,-28 20 38.1,,11.76,,5.84,0.25,11.72,5.59,2.1634,,,,"USco,bronze",no,Simbad,1,0.999862,3116.0,157.0,0.473,0.021,0.00516,-1.7171513971653551
1032,203860653,16 25 50.52,-24 39 14.8,15.49,8.33,7.16,7.16,3.81,7.84,3.35,3.5552,,,,"ROph,bronze",no,Simbad,1,0.999998,3193.0,,,,,
1033,203824768,16 25 50.54,-24 47 36.0,,9.12,,8.8,6.61,8.27,2.19,,,,,"ROph,bronze",no,Simbad,1,1.0,8807.0,130.0,,,,
1034,204185983,16 25 52.83,-23 19 36.3,,7.87,,6.03,1.88,7.63,4.15,1.0529,,,,"ROph,bronze",no,Simbad,1,0.999967,,,,,,
1035,203071614,16 25 55.40,-27 21 24.4,,9.98,,5.72,0.0,9.98,5.72,0.4632,0.5305,,,"USco,gold",no,Simbad,1,0.999527,,,,,,
1036,203897692,16 25 56.09,-24 30 14.8,,9.76,,9.17,3.09,9.37,6.08,0.5011,0.6043,,,"ROph,gold",no,Simbad,1,1.0,,,,,,
1037,203935537,16 25 56.16,-24 20 48.5,12.8,7.52,5.28,5.28,1.93,7.27,3.35,,,,,"ROph,bronze",yes,Simbad,1,0.999918,,,,,,
1038,203896485,16 25 57.52,-24 30 32.1,16.37,8.32,8.05,8.05,4.43,7.75,3.62,5.9631,,,,"ROph,silver",maybe,Simbad,1,1.0,,,,,,
1039,203848661,16 25 57.54,-24 42 08.2,,9.54,,10.78,8.29,8.47,2.49,,,,,"ROph,bronze",maybe,Simbad,1,1.0,4906.0,140.0,,,,
1040,203476597,16 25 57.91,-26 00 37.3,,8.53,,4.58,0.71,8.44,3.87,3.2126,1.4403,,,"USco,gold",no,Simbad,1,0.999972,4154.0,122.0,,,,
1041,203801323,16 25 58.93,-24 52 48.3,,10.24,,7.32,2.09,9.97,5.23,1.2549,1.8155,,,"ROph,gold",yes,Simbad,1,0.999978,,,,,,
1042,203933268,16 25 59.65,-24 21 22.3,17.2,9.53,7.67,7.67,1.59,9.33,6.08,2.3892,,,,"ROph,silver",no,Simbad,1,0.999999,3318.0,64.0,,,,
1043,203899767,16 26 01.60,-24 29 44.9,,9.63,,12.5,7.72,8.64,4.78,,,,,"ROph,bronze",maybe,Simbad,1,1.0,,,,,,
1044,203086979,16 26 02.15,-27 18 14.1,,9.05,,3.79,0.44,8.99,3.35,1.5016,0.9109,,,"USco,bronze",no,Simbad,1,0.999146,3984.0,129.5,0.622,0.079,0.04276,-0.5066116647898402
1045,203982074,16 26 02.89,-24 08 47.4,,10.49,,8.69,7.68,9.5,1.01,,,,,"ROph,bronze",no,Simbad,1,0.999999,6170.0,166.0,1.177,,,0.6154260585510546
1046,203924502,16 26 03.03,-24 23 36.5,14.01,6.23,7.78,7.78,5.46,5.52,2.32,3.461,,,,"ROph,bronze",yes,Simbad,1,0.999999,,,,,,
1047,203947410,16 26 03.29,-24 17 47.1,16.49,9.11,7.38,7.38,2.59,8.78,4.78,5.6968,,,,"ROph,gold",no,Simbad,1,0.999999,3035.0,,,,,
1048,203778209,16 26 04.35,-24 57 51.8,,8.3,,4.42,0.59,8.22,3.83,0.7119,,,,"USco,bronze",no,Simbad,1,0.999966,5302.0,124.0,0.912,,,0.20711710633847483
1049,203881373,16 26 09.32,-24 34 12.1,,6.5,,5.45,5.41,5.81,0.04,0.2746,0.2799,,,"ROph,bronze",yes,Simbad,1,0.999956,,,,,,
1050,203803804,16 26 10.91,-24 52 15.5,,9.1,,5.94,3.62,8.63,2.32,,,,,"ROph,bronze",no,Simbad,1,0.999999,4652.0,122.0,,,,
1051,205030871,16 26 12.75,-19 44 24.3,,12.73,,6.95,1.32,12.56,5.63,,,,,"USco,bronze",no,Simbad,1,0.999979,3167.0,157.0,0.424,0.048,0.00666,-1.7772835288524167
1052,203819556,16 26 13.83,-24 48 46.9,,11.85,,6.87,2.25,11.56,4.63,,,,,"ROph,bronze",no,Simbad,1,0.99999,5177.0,126.0,,,,
1053,203929332,16 26 16.84,-24 22 23.1,,8.2,,11.67,8.13,7.15,3.54,3.577,,,,"ROph,bronze",yes,Simbad,1,1.0,,,,,,
1054,203937317,16 26 17.08,-24 20 22.0,14.21,8.06,6.15,6.15,2.53,7.74,3.62,2.7158,5.4889,,,"ROph,gold",yes,Simbad,1,0.99999,3492.0,122.0,0.455,,,-0.6829609696016565
1055,203796764,16 26 18.37,-24 53 47.6,,10.71,,6.6,1.93,10.46,4.67,3.5811,,,,"ROph,bronze",no,Simbad,1,0.999999,5608.0,123.0,,,,
1056,203987773,16 26 18.79,-24 07 19.6,,9.35,,7.25,2.47,9.04,4.78,6.4117,4.1313,,,"ROph,gold",maybe,Simbad,1,1.0,3536.0,58.0,0.478,,,-1.3199365725180514
1057,203905576,16 26 18.86,-24 28 19.6,,8.07,,15.69,11.73,6.56,3.96,2.3932,,,,"ROph,bronze",yes,Simbad,1,1.0,,,,,,
1058,203055760,16 26 19.10,-27 24 42.1,,9.62,,4.57,0.3,9.58,4.27,1.7614,,,,"USco,bronze",no,Simbad,1,0.999996,4425.0,122.0,,,,
1059,203867961,16 26 19.51,-24 37 27.4,16.67,10.1,6.57,6.57,0.91,9.99,5.65,3.2438,,,,"ROph,silver",yes,Simbad,1,0.999999,6704.0,126.0,1.42,,,0.6980726941824105
1060,204611221,16 26 19.62,-21 37 21.0,,9.42,,5.13,0.62,9.34,4.51,19.502,3.5735,,,"USco,gold",no,Simbad,1,0.996487,3547.0,156.3,0.484,0.099,0.04628,-0.8272219853441473
1061,204277248,16 26 19.95,-22 58 10.2,,10.54,,5.48,0.57,10.46,4.91,3.0873,,,,"USco,gold",no,Simbad,1,0.998258,3219.0,157.0,0.612,0.02,0.00988,-1.414990720097539
1062,204383288,16 26 19.97,-22 33 02.6,,9.82,,5.14,0.03,9.82,5.11,24.0913,,,,"USco,gold",no,Simbad,1,0.992964,3559.0,122.3,0.49,0.091,0.01723,-0.9801362860321566
1063,204382615,16 26 20.15,-22 33 12.8,,10.41,,5.78,0.96,10.29,4.82,2.8218,,,,"USco,gold",,Simbad,2,1.0E-6,3215.0,157.0,0.63,0.02,0.01056,-1.3856301604517114
1064,203760915,16 26 20.61,-25 01 37.0,,12.09,,6.79,1.87,11.85,4.93,,,,,"USco,bronze",no,Simbad,1,0.999986,3309.0,157.0,0.614,0.023,0.01155,-1.3641143147187273
1065,203981774,16 26 20.99,-24 08 52.4,16.52,9.5,7.02,7.02,1.79,9.27,5.23,0.8241,,,,"ROph,bronze",maybe,Simbad,1,0.999995,3103.0,122.0,,,,
1066,203914960,16 26 21.52,-24 26 00.9,,10.92,,10.1,1.63,10.71,8.47,2.4972,,,,"ROph,silver",yes,Simbad,1,1.0,,,0.56,0.022,0.0,-Infinity
1067,203837701,16 26 21.90,-24 44 39.9,,10.86,,9.72,2.34,10.56,7.38,2.6201,,,,"ROph,bronze",yes,Simbad,1,1.0,2798.0,157.0,0.603,0.023,0.00631,-1.6757175447023074
1068,204520625,16 26 22.20,-22 00 09.1,,10.59,,6.49,1.38,10.41,5.12,1.3776,,,,"USco,bronze",no,Simbad,1,0.999978,3079.0,157.0,0.597,0.02,0.00805,-1.5198492747267196
1069,203934728,16 26 23.36,-24 20 59.9,14.7,6.57,8.13,8.13,5.94,5.81,2.19,5.9033,,,,"ROph,silver",yes,Simbad,1,1.0,3137.0,,,,,
1070,202987851,16 26 23.41,-27 39 00.5,10.43,8.06,2.37,2.37,0.41,8.01,1.96,1.5409,,,,"USco,gold",no,Simbad,1,0.999862,4874.0,120.8,,,,
1071,203843911,16 26 23.69,-24 43 13.8,,7.85,,5.97,2.62,7.51,3.35,8.893,,,,"ROph,bronze",yes,Simbad,1,0.999982,3479.0,123.0,,,,
1072,203919797,16 26 24.04,-24 24 48.0,,7.32,,15.26,11.91,5.79,3.35,4.7842,,,,"ROph,bronze",yes,Simbad,1,1.0,,,,,,
1073,203953466,16 26 24.07,-24 16 13.4,,6.68,,11.89,8.35,5.61,3.54,6.6218,,,,"ROph,silver",yes,Simbad,1,1.0,4483.0,123.0,,,,
1074,203074940,16 26 25.39,-27 20 42.7,,11.18,,6.42,0.39,11.13,6.03,3.3496,,,,"USco,bronze",no,Simbad,1,0.999983,3076.0,157.0,0.581,0.021,0.00758,-1.5491353076202339
1075,203960268,16 26 25.68,-24 14 27.8,,11.5,,8.71,2.63,11.16,6.08,1.9579,,,,"ROph,silver",no,Simbad,1,1.0,2816.0,157.0,0.47,0.022,0.00372,-1.8982529260536338
1076,203637940,16 26 27.75,-25 27 24.5,,9.21,,6.63,1.9,8.97,4.73,3.2971,,,,"ROph,silver",yes,Simbad,1,0.999697,3472.0,129.0,0.444,,,-1.3577333810973264
1077,203354381,16 26 27.86,-26 25 15.1,,9.85,,5.66,0.62,9.77,5.03,0.5993,,,,"USco,bronze",no,Simbad,1,0.997667,3252.0,,,,,
1078,203640875,16 26 28.02,-25 26 47.9,,9.1,,5.25,0.89,8.98,4.35,9.0968,,,,"USco,gold",yes,Simbad,1,0.999899,3547.0,119.6,0.484,0.093,0.02741,-0.7901366172984531
1079,202976647,16 26 29.90,-27 41 20.2,8.61,7.22,1.39,1.39,0.02,7.22,1.37,2.076,,,,"USco,gold",no,Simbad,1,0.998258,6615.0,136.7,1.38,0.223,0.37844,0.8743733754993549
1080,203917082,16 26 31.35,-24 25 30.2,,11.72,,12.47,7.69,10.73,4.78,,,,,"ROph,silver",yes,Simbad,1,0.999997,,,,,,
1081,203365890,16 26 32.76,-26 22 59.1,,10.49,,7.04,0.51,10.42,6.53,,,,,"USco,gold",no,Simbad,1,0.999998,2914.0,157.0,0.661,0.021,0.00885,-1.5014137911824823
1082,203925053,16 26 34.16,-24 23 28.2,16.53,6.32,10.21,10.21,10.66,4.95,-0.45,6.2302,0.6877,,,"ROph,silver",,Simbad,1,1.0,,,,,,
1083,203713606,16 26 34.94,-25 11 41.2,,9.99,,4.57,0.09,9.98,4.48,4.7668,,,,"USco,gold",no,Simbad,1,0.999739,3723.0,127.2,0.556,0.084,0.01491,-0.9910167961845282
1084,205114690,16 26 35.43,-19 19 53.3,,9.26,,4.03,0.7,9.17,3.33,,,,,"USco,bronze",no,Simbad,1,0.999996,4042.0,545.4,,,,
1085,204223197,16 26 36.61,-23 10 57.0,,9.21,,5.17,0.43,9.16,4.74,9.6885,,,,"USco,bronze",no,Simbad,1,0.999762,3582.0,123.3,0.501,0.093,0.02645,-0.824546173749517
1086,203954898,16 26 36.82,-24 15 51.8,,9.59,,12.38,8.42,8.51,3.96,1.7866,,,,"ROph,bronze",yes,Simbad,1,1.0,,,,,,
1087,203954364,16 26 37.13,-24 15 59.9,,10.76,,10.03,3.95,10.25,6.08,,,,,"ROph,bronze",yes,Simbad,1,1.0,2797.0,157.0,0.578,0.021,0.00555,-1.7203330559515444
1088,204525799,16 26 38.63,-21 58 51.8,,10.73,,6.24,0.93,10.61,5.3,2.0115,,,,"USco,bronze",no,Simbad,1,0.999962,3081.0,157.0,0.601,0.021,0.00821,-1.5121548798885645
1089,204377821,16 26 39.65,-22 34 20.3,,10.49,,6.94,1.36,10.31,5.57,1.3506,,,,"USco,bronze",no,Simbad,1,0.999999,,,,,,
1090,204840715,16 26 40.57,-20 37 28.6,,9.14,,4.13,0.7,9.05,3.43,,,,,"USco,bronze",no,Simbad,1,0.999996,5009.0,122.0,,,,
1091,204520585,16 26 41.19,-22 00 09.7,,9.34,,5.06,0.81,9.24,4.25,19.1625,2.1586,,,"USco,gold",no,Simbad,1,0.998613,,,,,,
1092,203856244,16 26 41.22,-24 40 17.7,,9.27,,7.95,1.87,9.03,6.08,4.0675,1.951,,,"ROph,silver",yes,Simbad,1,1.0,,,,,,
1093,203936815,16 26 42.85,-24 20 29.9,,7.88,,10.7,7.16,6.96,3.54,8.9081,,,,"ROph,silver",yes,Simbad,1,0.999999,,,,,,
1094,203138121,16 26 42.88,-27 07 42.0,,11.2,,6.43,0.94,11.08,5.49,0.8274,,,,"USco,bronze",no,Simbad,1,0.999963,3105.0,157.0,0.564,0.021,0.00729,-1.5630426693305504
1095,203972954,16 26 43.13,-24 11 10.3,,9.68,,7.63,3.96,9.17,3.67,12.4936,,,,"ROph,bronze",no,Simbad,1,0.999994,3938.0,120.0,,,,
1096,203803109,16 26 43.50,-24 52 24.8,,10.37,,8.21,4.67,9.77,3.54,,,,,"ROph,silver",no,Simbad,1,1.0,3883.0,95.0,,,,
1097,203952180,16 26 43.75,-24 16 33.3,,9.6,,15.62,11.66,8.1,3.96,1.7728,0.3817,,,"ROph,bronze",yes,Simbad,1,1.0,,,,,,
1098,203843900,16 26 44.33,-24 43 14.0,17.07,9.57,7.5,7.5,2.72,9.22,4.78,1.5434,,,,"ROph,silver",no,Simbad,1,0.999999,3455.0,101.0,,,,
1099,203826403,16 26 44.41,-24 47 14.0,,10.64,,6.64,1.52,10.44,5.12,3.979,,,,"USco,bronze",no,Simbad,1,0.999999,2964.0,157.0,0.604,0.021,0.00736,-1.5728385970740344
1100,203926424,16 26 45.02,-24 23 07.7,,8.95,,18.3,14.34,7.11,3.96,4.208,,,,"ROph,bronze",yes,Simbad,1,0.999999,,,,,,
1101,203969721,16 26 46.41,-24 12 00.0,15.5,7.49,8.01,8.01,6.43,6.66,1.58,3.3516,,,,"ROph,bronze",yes,Simbad,1,0.999999,,,,,,
1102,203838456,16 26 47.05,-24 44 29.8,,10.56,,8.95,3.29,10.13,5.65,3.504,,,,"ROph,gold",yes,Simbad,1,1.0,2807.0,157.0,0.634,0.021,0.00708,-1.6143937264016879
1103,204206295,16 26 47.43,-23 14 50.8,13.84,8.62,5.22,5.22,1.94,8.37,3.29,14.3367,,,,"USco,bronze",maybe,Simbad,1,0.999975,4745.0,141.2,0.762,0.093,0.06004,-0.03246606370038043
1104,203849021,16 26 48.10,-24 42 03.3,,10.65,,9.35,3.27,10.23,6.08,3.9327,,,,"ROph,bronze",maybe,Simbad,1,1.0,2754.0,161.0,0.609,0.022,0.00616,-1.692717952966654
1105,203864032,16 26 48.97,-24 38 25.2,,9.98,,15.04,10.26,8.66,4.78,,,,,"ROph,silver",yes,Simbad,1,0.999999,,,,,,
1106,203938591,16 26 49.23,-24 20 02.9,,8.69,,13.46,4.92,8.05,8.54,2.5615,7.23,,,"ROph,bronze",yes,Simbad,1,1.0,,,,,,
1107,203962559,16 26 50.48,-24 13 52.2,,10.8,,7.93,3.15,10.4,4.78,1.5402,,,,"ROph,gold",no,Simbad,1,1.0,2844.0,157.0,0.565,0.021,0.00551,-1.7146677723561154
1108,203006330,16 26 54.08,-27 35 08.0,,10.68,,5.26,1.57,10.48,3.69,1.0821,,,,"USco,bronze",no,Simbad,1,0.992964,3285.0,157.0,0.598,0.02,0.00993,-1.4061603389187287
1109,204464537,16 26 56.18,-22 13 52.1,,12.41,,7.2,0.78,12.31,6.42,0.2843,,,,"USco,gold",maybe,Simbad,1,0.999999,2823.0,157.0,0.324,0.021,0.00196,-2.176525770829699
1110,203478347,16 26 56.46,-26 00 17.0,,12.01,,7.06,1.37,11.83,5.69,2.8819,,,,"USco,bronze",no,Simbad,1,0.999999,3037.0,157.0,0.449,0.021,0.00431,-1.8038238149600268
1111,203962599,16 26 56.77,-24 13 51.5,,9.25,,13.92,10.3,7.93,3.62,4.2516,,,,"ROph,silver",yes,Simbad,1,1.0,,,,,,
1112,203833873,16 26 58.42,-24 45 31.7,,7.55,,11.13,7.46,6.59,3.67,3.109,,,,"ROph,bronze",yes,Simbad,1,0.999397,,,,,,
1113,210282534,16 26 58.50,-24 45 36.8,,7.06,,8.28,5.79,6.31,2.49,11.2948,,,,"ROph,bronze",yes,Simbad,1,0.999973,5055.0,101.0,,,,
1114,203979309,16 27 04.05,-24 09 32.1,,10.09,,7.55,3.05,9.7,4.5,4.612,,,,"ROph,bronze",yes,Simbad,1,0.999999,3802.0,114.0,,,,
1115,203844856,16 27 04.51,-24 42 59.6,,9.84,,10.46,6.79,8.96,3.67,3.5358,,,,"ROph,bronze",maybe,Simbad,1,1.0,3423.0,124.0,0.41,,,-1.1800614306446047
1116,203848252,16 27 04.56,-24 42 14.0,,9.81,,11.81,7.85,8.8,3.96,14.4927,,,,"ROph,silver",yes,Simbad,1,1.0,3232.0,129.0,,,,
1117,205044245,16 27 05.16,-19 40 30.3,,10.84,,4.88,0.36,10.8,4.52,12.3653,,,,"USco,bronze",no,Simbad,1,0.999998,3665.0,122.0,0.535,,,-1.1249387366083
1118,203988827,16 27 06.55,-24 07 03.1,,10.76,,9.04,3.39,10.33,5.65,4.2381,,,,"ROph,silver",no,Simbad,1,1.0,2812.0,157.0,0.584,0.021,0.00577,-1.700057099977233
1119,203850058,16 27 06.59,-24 41 48.8,,10.77,,9.47,3.39,10.33,6.08,2.8619,,,,"ROph,bronze",yes,Simbad,1,1.0,2798.0,157.0,0.596,0.021,0.00597,-1.6878226435602213
1120,203442191,16 27 06.68,-26 07 31.1,10.4,8.29,2.11,2.11,1.27,8.13,0.84,0.5415,0.5318,,,"USco,bronze",no,Simbad,1,0.999979,6438.0,159.2,1.302,0.217,0.24722,0.5510484559830375
1121,203969672,16 27 09.07,-24 12 00.7,,9.8,,12.11,7.47,8.84,4.64,4.8267,,,,"ROph,gold",yes,Simbad,1,1.0,3780.0,142.0,0.574,,,-0.5699894803694074
1122,203881640,16 27 09.10,-24 34 08.1,,8.91,,16.81,13.14,7.22,3.67,2.4154,,,,"ROph,bronze",yes,Simbad,1,1.0,,,,,,
1123,204565982,16 27 09.40,-21 48 45.9,,11.71,,7.82,2.02,11.45,5.8,1.5612,,,,"USco,gold",yes,Simbad,1,1.0,2864.0,157.0,0.442,0.021,0.00347,-1.9182927299026507
1124,203386139,16 27 09.49,-26 18 55.1,,10.77,,5.72,0.21,10.74,5.51,0.909,1.4135,,,"USco,gold",no,Simbad,1,0.992659,,,,,,
1125,203941868,16 27 10.26,-24 19 12.6,14.1,6.72,7.38,7.38,5.8,5.97,1.58,2.0474,2.1516,,,"ROph,bronze",yes,Simbad,1,0.999996,7312.0,123.0,1.655,,,1.1959884385742
1126,203975467,16 27 11.87,-24 10 31.2,18.68,9.64,9.04,9.04,5.08,8.99,3.96,8.3048,,,,"ROph,gold",no,Simbad,1,1.0,,,,,,
1127,203120347,16 27 12.52,-27 11 21.9,8.25,7.19,1.06,1.06,0.0,7.19,1.06,,,,,"USco,bronze",no,Simbad,1,0.996487,6677.0,125.4,1.412,0.23,0.21404,0.7051107387639194
1128,203749770,16 27 12.72,-25 04 02.1,,9.38,,5.38,1.46,9.19,3.92,4.8208,,,,"USco,gold",yes,Simbad,1,0.998613,3525.0,136.9,0.473,0.097,0.03,-0.8787685448503785
1129,203945512,16 27 13.72,-24 18 16.8,,9.29,,,10.2,,,,,,,"ROph,bronze",yes,Simbad,1,1.0,3699.0,171.0,0.548,,,-0.6574391565491682
1130,203842632,16 27 13.82,-24 43 31.6,,9.98,,,,,,,,,,"ROph,bronze",yes,Simbad,1,0.999999,3294.0,163.0,,,,
1131,203390805,16 27 14.36,-26 17 58.7,,9.53,,3.85,0.7,9.44,3.15,4.7328,,,,"USco,bronze",no,Simbad,1,0.997667,3974.0,130.0,0.62,0.081,0.02743,-0.6641010079748881
1132,203807051,16 27 14.48,-24 51 33.7,16.44,10.38,6.06,6.06,0.83,10.27,5.23,2.6051,,,,"USco,bronze",no,Simbad,1,0.999938,3111.0,157.0,0.64,0.021,0.00993,-1.4250432242354931
1133,203806628,16 27 15.11,-24 51 38.8,15.02,9.39,5.63,5.63,1.7,9.17,3.93,,,,,"USco,bronze",yes,Simbad,1,0.992964,3602.0,134.3,0.51,0.095,0.01598,-1.0130939686192788
1134,205488952,16 27 16.44,-17 15 11.6,,12.45,,6.64,1.91,12.2,4.74,,,,,"USco,bronze",no,Simbad,1,0.999968,3184.0,157.0,0.454,0.022,0.00522,-1.713543530253017
1135,203989869,16 27 16.89,-24 06 47.7,,8.6,,8.72,5.97,7.84,2.75,,,,,"ROph,bronze",no,Simbad,1,1.0,4362.0,175.0,,,,
1136,203826602,16 27 17.07,-24 47 11.1,,9.49,,9.57,7.08,8.58,2.49,,,,,"ROph,bronze",no,Simbad,1,1.0,4543.0,127.0,,,,
1137,203791768,16 27 18.34,-24 54 53.9,,10.06,,5.91,0.78,9.96,5.14,2.7065,,,,"USco,bronze",yes,Simbad,1,0.999617,3435.0,129.0,0.422,,,-1.358823453386886
1138,204134902,16 27 18.95,-23 31 38.0,,8.61,,3.95,0.7,8.52,3.25,2.4681,,,,"USco,bronze",no,Simbad,1,0.999991,5334.0,659.7,0.921,0.171,0.48306,0.09543786820505691
1139,203850605,16 27 19.49,-24 41 40.3,13.28,8.41,4.87,4.87,0.02,8.41,4.85,3.9176,3.5199,,,"USco,gold",yes,Simbad,1,0.996487,,,,,,
1140,203946777,16 27 22.91,-24 17 57.3,,9.45,,17.42,13.88,7.67,3.54,5.3734,,,,"ROph,bronze",yes,Simbad,1,1.0,,,,,,
1141,203822485,16 27 22.95,-24 48 07.3,,9.39,,6.9,1.67,9.17,5.23,8.8495,,,,"ROph,gold",yes,Simbad,1,0.999994,3407.0,83.0,0.405,,,-1.2933675491267054
1142,204608421,16 27 25.51,-21 38 04.0,,11.26,,6.46,0.88,11.15,5.58,1.8322,,,,"USco,bronze",no,Simbad,1,0.999996,3003.0,157.0,0.499,0.021,0.00504,-1.7347103741391698
1143,203915424,16 27 26.58,-24 25 54.3,,11.84,,8.16,0.7,11.75,7.46,2.8842,,,,"USco,bronze",yes,Simbad,1,0.999998,2892.0,157.0,0.42,0.022,0.00327,-1.9430951486635273
1144,203893434,16 27 27.38,-24 31 16.5,,9.32,,15.72,11.76,7.8,3.96,,,,,"ROph,bronze",yes,Simbad,1,1.0,,,,,,
1145,202787821,16 27 27.64,-28 21 50.6,,10.02,,4.69,0.19,9.99,4.5,4.2599,,,,"USco,gold",no,Simbad,2,1.0E-6,3634.0,122.5,0.523,0.087,0.02012,-0.9243435664020658
1146,203793391,16 27 28.72,-24 54 32.1,,11.69,,5.66,0.43,11.64,5.23,0.8805,,,,"ROph,silver",no,Simbad,1,0.99987,3107.0,157.0,0.385,0.021,0.00347,-1.884056823060945
1147,203978911,16 27 28.76,-24 09 37.9,,10.82,,8.16,7.15,9.9,1.01,,,,,"ROph,bronze",no,Simbad,1,1.0,6628.0,140.0,,,,
1148,203825455,16 27 30.83,-24 47 27.0,,9.5,,11.12,6.9,8.61,4.22,1.2444,,,,"ROph,bronze",yes,Simbad,1,1.0,,,,,,
1149,203919315,16 27 30.84,-24 24 56.0,,10.07,,12.36,7.58,9.1,4.78,6.1462,,,,"ROph,silver",yes,Simbad,1,1.0,,,,,,
1150,203796922,16 27 32.86,-24 53 45.4,,8.34,,7.31,3.87,7.84,3.44,13.3542,,,,"ROph,bronze",no,Simbad,1,0.999999,4080.0,122.0,,,,
1151,203852282,16 27 33.11,-24 41 15.2,,7.81,,12.37,8.7,6.69,3.67,,,,,"ROph,bronze",yes,Simbad,1,1.0,,,,,,
1152,202790830,16 27 33.20,-28 21 10.0,,10.51,,4.93,0.15,10.49,4.78,3.8927,,,,"USco,gold",no,Simbad,2,1.0E-6,3372.0,157.0,0.63,0.021,0.0124,-1.30189945437661
1153,203863479,16 27 35.26,-24 38 33.3,,9.67,,8.49,2.84,9.3,5.65,1.6257,2.2433,,,"ROph,bronze",no,Simbad,1,1.0,3343.0,74.0,,,,
1154,203896277,16 27 37.18,-24 30 35.0,,7.58,,11.31,11.27,6.13,0.04,,,,,"ROph,bronze",yes,Simbad,1,1.0,3126.0,123.0,,,,
1155,203895738,16 27 38.12,-24 30 42.9,,9.66,,14.41,9.18,8.48,5.23,,,,,"ROph,bronze",yes,Simbad,1,1.0,,,,,,
1156,203870022,16 27 38.32,-24 36 58.5,,8.27,,14.53,11.18,6.83,3.35,,,,,"ROph,silver",yes,Simbad,1,1.0,,,,,,
1157,203863066,16 27 38.63,-24 38 39.1,,11.08,,12.85,3.57,10.62,9.28,4.1143,,,,"ROph,bronze",yes,Simbad,1,1.0,2831.0,157.0,0.553,0.032,0.00619,-1.7423214251308154
1158,203860592,16 27 39.42,-24 39 15.5,,8.46,,8.95,5.6,7.74,3.35,6.2229,,,,"ROph,silver",yes,Simbad,1,1.0,3469.0,124.0,0.44,,,-0.7487025363224303
1159,204330922,16 27 39.53,-22 45 23.0,11.65,8.08,3.56,3.56,1.11,7.94,2.45,4.1633,,,,"USco,gold",no,Simbad,1,0.999944,4143.0,122.0,,,,
1160,203930599,16 27 40.27,-24 22 04.1,11.53,7.21,4.33,4.33,0.98,7.08,3.35,,,,,"ROph,bronze",yes,Simbad,1,0.999947,,,,,,
1161,203425127,16 27 40.90,-26 10 56.9,,10.51,,5.96,0.55,10.44,5.41,0.5312,,,,"USco,bronze",no,Simbad,1,0.999877,3173.0,122.0,,,,
1162,203862309,16 27 42.70,-24 38 50.6,,10.54,,13.44,8.94,9.39,4.5,4.3647,,,,"ROph,bronze",yes,Simbad,1,1.0,3260.0,191.0,0.651,0.03,0.01645,-1.3234892897174464
1163,204853319,16 27 43.41,-20 34 01.7,,12.68,,8.68,3.38,12.25,5.3,,,,,"USco,bronze",no,Simbad,1,0.999999,2922.0,158.0,0.379,0.027,0.00315,-2.003050751504619
1164,203751997,16 27 45.21,-25 03 33.1,,11.45,,5.94,0.32,11.41,5.61,2.7362,,,,"USco,bronze",no,Simbad,1,0.999952,3088.0,157.0,0.486,0.021,0.0052,-1.7101881608823786
1165,203891751,16 27 46.29,-24 31 41.1,,11.32,,13.36,4.89,10.69,8.47,,,,,"ROph,bronze",yes,Simbad,1,0.999999,,,,,,
1166,203781195,16 27 47.98,-24 57 13.7,,12.11,,8.43,2.83,11.75,5.6,0.4139,,,,"USco,gold",no,Simbad,1,1.0,2863.0,160.0,0.495,0.035,0.00535,-1.8259401922749745
1167,203465909,16 27 49.03,-26 02 44.0,,9.18,,5.95,0.7,9.09,5.25,3.8128,,,,"USco,bronze",yes,Simbad,1,0.999245,3481.0,142.0,0.449,,,-1.1690907004535567
1168,203917608,16 27 49.78,-24 25 21.9,,10.16,,12.09,9.12,8.99,2.97,0.4717,,,,"ROph,bronze",yes,Simbad,1,1.0,,,,,,
1169,203916376,16 27 49.85,-24 25 40.1,,7.3,,7.56,7.03,6.4,0.53,0.4716,,,,"ROph,bronze",no,Simbad,1,0.999968,3943.0,122.0,,,,
1170,205121036,16 27 50.65,-19 18 00.4,,9.31,,4.27,0.0,9.31,4.27,,,,,"USco,bronze",no,Simbad,1,0.999992,3872.0,122.0,,,,
1171,204271913,16 27 51.40,-22 59 22.2,,12.87,,7.75,2.31,12.57,5.43,,,,,"USco,bronze",no,Simbad,1,0.999996,3096.0,158.0,0.59,0.03,0.00952,-1.5220110237491107
1172,203853992,16 27 52.08,-24 40 50.3,16.28,8.13,8.15,8.15,4.53,7.54,3.62,1.5516,,,,"ROph,gold",no,Simbad,1,0.999964,,,,,,
1173,205462610,16 27 52.54,-17 25 35.2,,10.83,,5.28,0.7,10.74,4.58,,,,,"USco,bronze",no,Simbad,1,0.999998,4608.0,122.0,,,,
1174,202689729,16 27 54.85,-28 43 39.2,,9.02,,4.12,0.7,8.93,3.42,,,,,"USco,bronze",no,Simbad,1,0.999996,4701.0,122.0,,,,
1175,203904213,16 27 55.25,-24 28 39.5,,10.79,,,7.15,,,1.6727,,,,"ROph,bronze",yes,Simbad,1,0.999982,,,,,,
1176,203913804,16 27 55.56,-24 26 17.9,14.19,8.9,5.29,5.29,1.07,8.76,4.22,,,,,"ROph,bronze",yes,Simbad,1,0.997667,4241.0,,0.66,,,-0.2728737167934418
1177,203857404,16 27 57.82,-24 40 01.7,,9.87,,12.38,8.76,8.74,3.62,0.7698,,,,"ROph,bronze",maybe,Simbad,1,1.0,,,,,,
1178,203652652,16 27 57.92,-25 24 19.0,,10.08,,4.94,0.16,10.06,4.78,6.2327,,,,"USco,gold",no,Simbad,1,0.992964,3382.0,157.0,0.649,0.021,0.01353,-1.263444152837364
1179,203821589,16 27 59.96,-24 48 19.2,17.42,9.27,8.15,8.15,2.92,8.89,5.23,0.9105,0.6677,,,"ROph,silver",no,Simbad,1,1.0,3307.0,81.0,0.342,,,-1.3612113328426017
1180,203797163,16 28 00.11,-24 53 42.2,,9.65,,7.73,1.65,9.44,6.08,14.5062,,,,"ROph,bronze",maybe,Simbad,1,1.0,3295.0,64.0,,,,
1181,203942313,16 28 02.08,-24 19 04.8,,10.7,,8.12,7.13,9.78,0.99,,,,,"ROph,bronze",no,Simbad,1,1.0,,,,,,
1182,203798606,16 28 03.36,-24 53 23.6,,10.49,,7.8,2.18,10.21,5.62,2.3014,,,,"USco,bronze",no,Simbad,1,1.0,2823.0,157.0,0.638,0.021,0.00731,-1.5972229303896526
1183,203943014,16 28 06.44,-24 18 55.0,,10.86,,8.1,6.73,9.99,1.37,,,,,"ROph,bronze",no,Simbad,1,0.999999,3156.0,122.0,,,,
1184,204912809,16 28 07.37,-20 17 47.9,,10.06,,4.96,0.7,9.97,4.26,,,,,"USco,bronze",no,Simbad,1,0.999997,4415.0,122.0,,,,
1185,202828127,16 28 08.95,-28 12 56.6,,12.11,,7.7,1.31,11.94,6.39,1.1663,,,,"USco,bronze",yes,Simbad,1,0.999999,2897.0,157.0,0.42,0.032,0.00393,-1.9404365820987324
1186,203925554,16 28 09.21,-24 23 20.7,,7.14,,14.26,11.51,5.66,2.75,,,,,"ROph,bronze",maybe,Simbad,1,1.0,3972.0,122.0,,,,
1187,203409747,16 28 09.52,-26 14 04.9,,12.03,,6.33,0.79,11.93,5.54,0.9422,,,,"USco,bronze",no,Simbad,1,0.999998,3047.0,157.0,0.401,0.021,0.00353,-1.8877302315827293
1188,203954277,16 28 10.20,-24 16 01.2,13.66,7.97,5.69,5.69,1.55,7.77,4.15,,,,,"ROph,bronze",no,Simbad,1,0.999964,3509.0,122.0,,,,
1189,205157696,16 28 10.26,-19 06 57.9,,11.44,,5.99,1.51,11.25,4.48,,,,,"USco,bronze",no,Simbad,1,0.989146,,,,,,
1190,203991803,16 28 10.99,-24 06 17.7,,10.06,,8.54,3.76,9.58,4.78,1.5335,2.1109,,,"ROph,bronze",no,Simbad,1,1.0,2819.0,157.0,0.642,0.028,0.00829,-1.5929491851957496
1191,203781238,16 28 11.00,-24 57 12.8,,9.67,,6.0,1.76,9.44,4.24,4.8086,,,,"USco,bronze",no,Simbad,1,0.999904,3266.0,,,,,
1192,203901467,16 28 11.08,-24 29 19.7,,10.62,,8.47,6.37,9.8,2.1,,,,,"ROph,bronze",no,Simbad,1,1.0,4537.0,126.0,,,,
1193,203979600,16 28 12.15,-24 09 27.4,,7.19,,11.14,6.36,6.37,4.78,,,,,"ROph,bronze",no,Simbad,1,1.0,,,,,,
1194,203810698,16 28 12.28,-24 50 44.5,,9.56,,9.06,4.28,9.0,4.78,1.4925,3.994,,,"ROph,bronze",no,Simbad,1,1.0,,,,,,
1195,203810647,16 28 12.54,-24 50 45.3,,10.38,,,3.55,,,1.4925,3.9936,2.7283,,"ROph,silver",,Simbad,1,1.0,2832.0,157.0,0.659,0.021,0.00805,-1.5540845860488766
1196,203971352,16 28 12.71,-24 11 35.5,,11.09,,12.34,4.96,10.45,7.38,2.4285,,,,"ROph,bronze",yes,Simbad,1,0.999999,2827.0,157.0,0.574,0.037,0.00711,-1.7088532382681143
1197,203887087,16 28 13.79,-24 32 49.4,,10.1,,13.49,8.26,9.03,5.23,6.7027,,,,"ROph,silver",yes,Simbad,1,1.0,,,,,,
1198,203785905,16 28 13.85,-24 56 11.3,,9.7,,8.78,4.82,9.08,3.96,8.7397,,,,"ROph,bronze",yes,Simbad,1,0.999997,,,,,,
1199,203925443,16 28 14.75,-24 23 22.5,,10.55,,12.19,10.0,9.26,2.19,,,,,"ROph,bronze",yes,Simbad,1,1.0,4594.0,136.0,,,,
1200,204411939,16 28 14.88,-22 26 18.9,,12.72,,7.22,1.88,12.48,5.34,1.1144,,,,"USco,bronze",no,Simbad,1,0.999998,2979.0,158.0,0.541,0.027,0.00652,-1.6763354643919
1201,203971363,16 28 15.27,-24 11 35.4,,11.23,,9.09,4.23,10.68,4.86,,,,,"ROph,bronze",no,Simbad,1,1.0,4805.0,133.0,,,,
1202,203870058,16 28 16.50,-24 36 57.9,,9.32,,9.06,3.83,8.82,5.23,,,,,"ROph,bronze",yes,Simbad,1,1.0,,,,,,
1203,203995761,16 28 16.73,-24 05 14.2,,8.86,,8.72,5.37,8.17,3.35,5.1675,,,,"ROph,gold",yes,Simbad,1,1.0,,,,,,
1204,203904453,16 28 18.08,-24 28 36.1,,11.3,,8.99,1.61,11.09,7.38,0.7962,,,,"ROph,bronze",no,Simbad,1,1.0,2752.0,159.0,0.531,0.022,0.00447,-1.830325565941193
1205,202644133,16 28 18.22,-28 54 01.3,11.94,8.27,3.67,3.67,0.0,8.27,3.67,,,,,"USco,bronze",no,Simbad,1,0.999998,4620.0,122.0,,,,
1206,202709894,16 28 18.69,-28 39 08.1,,9.53,,3.89,0.7,9.44,3.19,,,,,"USco,bronze",no,Simbad,1,0.999998,4542.0,122.0,,,,
1207,203779568,16 28 19.22,-24 57 34.3,,9.93,,7.42,2.64,9.58,4.78,11.984,,,,"ROph,gold",no,Simbad,1,0.999998,3633.0,101.0,0.523,,,-1.4461169733561257
1208,203925751,16 28 20.03,-24 23 18.0,,10.62,,9.32,4.54,10.03,4.78,1.8132,,,,"ROph,bronze",no,Simbad,1,1.0,2823.0,157.0,0.623,0.021,0.00689,-1.624702261782661
1209,203931209,16 28 21.50,-24 21 55.2,,10.18,,9.0,4.36,9.62,4.64,6.7455,,,,"ROph,gold",yes,Simbad,1,1.0,,,,,,
1210,203947556,16 28 21.56,-24 17 44.9,,10.55,,8.23,6.81,9.67,1.42,,,,,"ROph,bronze",no,Simbad,1,1.0,4931.0,129.0,,,,
1211,203904033,16 28 22.08,-24 28 42.1,,11.31,,7.56,2.41,11.0,5.16,,,,,"USco,bronze",no,Simbad,1,0.999998,5137.0,99.0,,,,
1212,203820868,16 28 22.96,-24 48 28.9,,10.95,,9.47,3.39,10.51,6.08,1.4517,,,,"ROph,bronze",maybe,Simbad,1,1.0,2819.0,157.0,0.598,0.022,0.00627,-1.6706021206389574
1213,203944388,16 28 23.30,-24 18 33.8,,8.69,,13.57,9.35,7.48,4.22,,,,,"ROph,bronze",no,Simbad,1,1.0,3866.0,123.0,,,,
1214,203928175,16 28 23.32,-24 22 40.9,,8.62,,12.17,8.61,7.51,3.56,4.3728,,,,"ROph,bronze",yes,Simbad,1,0.999998,4487.0,155.0,,,,
1215,203979314,16 28 24.30,-24 09 31.6,,9.83,,8.93,4.43,9.26,4.5,10.7247,,,,"ROph,gold",no,Simbad,1,1.0,,,,,,
1216,203875175,16 28 24.79,-24 35 43.4,,11.3,,7.22,1.87,11.06,5.35,1.9116,,,,"USco,bronze",no,Simbad,1,1.0,2850.0,157.0,0.499,0.021,0.00427,-1.82564940252062
1217,203062441,16 28 24.93,-27 23 18.3,11.14,7.96,3.18,3.18,0.98,7.84,2.2,2.6485,,,,"USco,bronze",yes,Simbad,1,0.999996,4515.0,122.0,,,,
1218,203905577,16 28 25.09,-24 28 19.6,,7.86,,8.47,3.97,7.34,4.5,,,,,"ROph,bronze",maybe,Simbad,1,1.0,3883.0,143.0,,,,
1219,203993703,16 28 32.17,-24 05 48.2,,10.21,,10.62,4.7,9.6,5.92,1.0728,1.4893,,,"ROph,bronze",maybe,Simbad,1,1.0,,,,,,
1220,203956650,16 28 32.56,-24 15 24.4,,9.84,,10.46,5.68,9.11,4.78,0.6752,1.5052,,,"ROph,gold",yes,Simbad,1,1.0,,,,,,
1221,203927902,16 28 32.67,-24 22 45.0,,6.85,,7.09,5.14,6.19,1.95,0.6919,,,,"ROph,bronze",yes,Simbad,1,0.999996,3225.0,124.0,,,,
1222,203888951,16 28 36.32,-24 32 22.5,,11.18,,7.69,2.65,10.84,5.04,1.8703,,,,"ROph,bronze",maybe,Simbad,1,1.0,4542.0,106.0,,,,
1223,204576585,16 28 40.75,-21 46 05.2,10.67,8.17,2.5,2.5,0.66,8.09,1.84,,,,,"USco,bronze",no,Simbad,1,0.999955,5849.1,110.8,1.056,0.133,0.63206,0.17751341389530947
1224,203884740,16 28 41.54,-24 33 23.8,,10.63,,7.64,3.16,10.22,4.48,,,,,"ROph,bronze",no,Simbad,1,0.999999,4860.0,177.0,,,,
1225,203927435,16 28 43.04,-24 22 52.3,,10.14,,8.34,3.11,9.74,5.23,0.482,0.4162,,,"ROph,gold",no,Simbad,1,1.0,,,,,,
1226,203990309,16 28 43.65,-24 06 40.6,,9.34,,8.99,4.85,8.72,4.14,4.9037,,,,"ROph,bronze",no,Simbad,1,1.0,3937.0,63.0,,,,
1227,203504633,16 28 44.53,-25 54 59.1,,11.6,,6.33,0.0,11.6,6.33,0.6203,0.1565,,,"USco,bronze",maybe,Simbad,1,0.999999,2964.0,157.0,0.391,0.028,0.00354,-1.9546770212133426
1228,203115615,16 28 45.13,-27 12 19.5,,9.82,,5.59,0.86,9.71,4.73,26.171,0.9883,,,"USco,bronze",no,Simbad,1,0.999146,,,,,,
1229,203117371,16 28 46.03,-27 11 57.6,,10.4,,5.24,0.17,10.38,5.07,14.0079,,,,"USco,gold",no,Simbad,1,0.997667,3839.0,122.0,0.59,,,-0.800738619822922
1230,203905980,16 28 47.02,-24 28 14.0,,11.95,,8.27,0.89,11.84,7.38,1.8978,,,,"USco,gold",yes,Simbad,1,0.999995,3050.0,161.0,0.405,0.023,0.0038,-1.878440155812499
1231,203919645,16 28 48.43,-24 24 50.3,,11.45,,6.28,1.43,11.26,4.85,,,,,"USco,bronze",no,Simbad,1,0.999997,3393.0,157.0,0.61,0.021,0.01171,-1.3273480771599975
1232,202800225,16 28 50.18,-28 19 06.7,,8.8,,5.45,1.48,8.61,3.97,,,,,"USco,bronze",no,Simbad,1,0.999991,3978.0,122.0,,,,
1233,204341850,16 28 50.43,-22 42 46.4,,12.63,,7.13,1.94,12.38,5.19,,,,,"USco,bronze",no,Simbad,1,0.999995,3052.0,157.0,0.478,0.025,0.00523,-1.74521031260279
1234,203992263,16 28 51.39,-24 06 10.8,,11.75,,7.46,2.26,11.46,5.2,,,,,"USco,bronze",no,Simbad,1,0.999996,5293.0,132.0,0.909,,,-0.16049681329657672
1235,203824474,16 28 52.00,-24 47 39.9,,8.5,,8.94,6.45,7.67,2.49,,,,,"ROph,bronze",no,Simbad,1,1.0,4542.0,105.0,,,,
1236,204570302,16 28 52.79,-21 47 41.2,,10.85,,5.81,0.64,10.77,5.18,3.0356,,,,"USco,bronze",no,Simbad,1,0.999739,3167.0,157.0,0.567,0.021,0.00781,-1.5237482039929664
1237,203824153,16 28 54.06,-24 47 44.1,,8.9,,8.28,3.78,8.42,4.5,12.1645,,,,"ROph,gold",yes,Simbad,1,1.0,,,,,,
1238,202743203,16 28 55.66,-28 31 43.6,,9.29,,3.82,0.0,9.29,3.82,,,,,"USco,bronze",no,Simbad,1,0.999998,4737.0,122.0,,,,
1239,203865042,16 28 56.79,-24 38 10.1,,10.52,,8.64,5.89,9.76,2.75,,,,,"ROph,bronze",no,Simbad,1,1.0,6886.0,222.0,,,,
1240,203893891,16 28 56.94,-24 31 09.9,,10.91,,8.75,2.67,10.56,6.08,3.9402,,,,"ROph,bronze",yes,Simbad,1,1.0,2818.0,157.0,0.591,0.023,0.00618,-1.684449465578095
1241,203840935,16 28 58.37,-24 43 54.8,,11.31,,8.43,3.58,10.85,4.85,,,,,"USco,bronze",no,Simbad,1,0.999999,4382.0,126.0,,,,
1242,203999072,16 28 58.64,-24 04 23.1,,10.49,,8.34,6.66,9.63,1.68,,,,,"ROph,bronze",no,Simbad,1,1.0,4663.0,124.0,,,,
1243,203817904,16 28 59.30,-24 49 08.9,14.72,10.04,4.68,4.68,0.56,9.97,4.12,,,,,"USco,bronze",no,Simbad,1,0.999991,5795.0,128.8,,,,
1244,203806417,16 29 03.92,-24 51 41.4,,10.73,,7.62,1.54,10.54,6.08,1.2335,,,,"ROph,bronze",no,Simbad,1,1.0,2828.0,157.0,0.601,0.021,0.00628,-1.6603498423863159
1245,203766325,16 29 07.33,-25 00 28.2,,11.97,,4.45,0.7,11.88,3.75,,,,,"ROph,bronze",no,Simbad,1,0.999998,6105.0,124.0,1.15,,,0.7180596960290144
1246,203604427,16 29 08.73,-25 34 24.2,,10.13,,5.5,0.0,10.13,5.5,1.421,,,,"USco,bronze",yes,Simbad,1,0.999019,3184.0,157.0,0.656,0.02,0.01139,-1.3568435343802938
1247,202615424,16 29 11.39,-29 00 31.7,,9.95,,5.0,0.7,9.86,4.3,2.8216,3.6911,,,"USco,bronze",no,Simbad,1,0.992964,,,,,,
1248,203844132,16 29 21.38,-24 43 10.5,,9.76,,8.27,4.06,9.24,4.22,,,,,"ROph,bronze",no,Simbad,1,1.0,5011.0,183.0,,,,
1249,203962241,16 29 23.39,-24 13 56.9,,7.02,,,,,,,,,,"ROph,bronze",yes,Simbad,1,1.0,,,,,,
1252,203859204,16 29 25.46,-24 39 35.7,,8.42,,9.55,6.8,7.55,2.75,,,,,"ROph,bronze",no,Simbad,1,1.0,3940.0,123.0,,,,
1253,203962537,16 29 28.19,-24 13 52.6,,11.3,,9.08,4.39,10.74,4.68,,,,,"ROph,bronze",no,Simbad,1,1.0,4866.0,138.0,,,,
1254,203977678,16 29 29.13,-24 09 57.0,,11.65,,6.84,2.2,11.37,4.64,,,,,"ROph,bronze",no,Simbad,1,0.999993,5755.0,124.0,1.03,,,0.5048173442544658
1255,203873636,16 29 32.33,-24 36 06.4,,9.72,,8.8,5.45,9.02,3.35,,,,,"ROph,bronze",no,Simbad,1,1.0,3887.0,124.0,,,,
1256,203873374,16 29 35.09,-24 36 10.7,,9.68,,8.84,3.61,9.22,5.23,2.0632,0.6304,,,"ROph,bronze",yes,Simbad,1,1.0,,,,,,
1257,203782748,16 29 36.23,-24 56 53.0,,12.49,,6.95,0.31,12.45,6.64,,,,,"USco,silver",no,Simbad,1,0.999999,2943.0,157.0,0.289,0.021,0.00187,-2.18575240426808
1258,203036210,16 29 49.91,-27 28 49.9,11.05,8.65,2.4,2.4,0.08,8.64,2.32,3.0258,,,,"USco,gold",no,Simbad,1,0.999617,5238.0,640.5,0.894,0.233,0.41147,0.011600043965079649
1259,202773970,16 29 51.66,-28 24 52.2,,11.18,,6.13,0.94,11.06,5.19,3.6029,,,,"USco,bronze",maybe,Simbad,1,0.999901,3151.0,157.0,0.601,0.021,0.00889,-1.4717262228329562
1260,203774126,16 29 54.59,-24 58 46.0,7.81,7.31,0.5,0.5,0.31,7.27,0.19,1.9698,,,,"USco,gold",yes,Simbad,1,0.997703,,,,,,
1261,203178795,16 29 56.62,-26 59 18.4,,10.44,,5.64,0.35,10.39,5.29,1.605,1.1308,,,"USco,gold",no,Simbad,1,0.999245,3154.0,157.0,0.638,0.02,0.01028,-1.4047242881979005
1262,203033414,16 29 57.98,-27 29 24.9,,11.59,,5.38,0.2,11.57,5.18,15.7906,,,,"USco,bronze",no,Simbad,1,0.999783,3433.0,157.0,0.555,0.021,0.00972,-1.4052760535902533
1263,202816688,16 30 01.49,-28 15 29.5,,9.8,,4.75,0.24,9.77,4.5,,,,,"USco,bronze",no,Simbad,1,0.999997,4445.0,122.0,,,,
1264,203956555,16 30 01.92,-24 15 25.7,,11.89,,5.42,0.85,11.78,4.58,11.6646,,,,"USco,bronze",no,Simbad,1,0.999996,4829.0,124.0,0.783,,,-0.19822595973734958
1265,203044910,16 30 02.74,-27 27 00.8,,9.75,,4.57,0.35,9.71,4.22,7.7349,,,,"USco,gold",no,Simbad,1,0.998258,3668.0,125.2,0.536,0.093,0.02114,-0.8622029569418135
1266,203675505,16 30 11.62,-25 19 33.9,,10.2,,4.49,0.73,10.11,3.76,,,,,"USco,bronze",no,Simbad,1,0.999996,5521.0,122.0,,,,
1267,202911961,16 30 15.67,-27 54 58.5,6.89,6.36,0.53,0.53,0.79,6.26,-0.25,,,,,"USco,bronze",no,Simbad,1,0.999855,8129.0,441.8,1.981,0.382,36.68495,1.773941856576455
1268,202638454,16 30 20.08,-28 55 18.1,,11.77,,6.93,0.44,11.72,6.49,0.2487,0.4455,,,"USco,bronze",no,Simbad,1,0.999999,2869.0,157.0,0.472,0.022,0.00396,-1.8629625452104874
1269,203125449,16 30 24.14,-27 10 17.9,,10.94,,5.92,0.83,10.83,5.09,2.6582,,,,"USco,bronze",no,Simbad,1,0.999442,3198.0,157.0,0.626,0.021,0.01035,-1.4013189010928366
1270,203642025,16 30 44.69,-25 26 34.1,,10.8,,4.98,0.95,10.68,4.03,1.3495,,,,"USco,bronze",no,Simbad,1,0.999324,3167.0,157.0,0.586,0.021,0.00847,-1.489454989793388
1271,203108627,16 30 49.62,-27 13 46.8,,11.38,,6.34,0.64,11.3,5.69,1.2221,,,,"USco,bronze",no,Simbad,1,0.999992,3071.0,157.0,0.548,0.021,0.00659,-1.6110112148752858
1272,205125047,16 30 56.32,-19 16 48.5,,12.11,,6.9,1.49,11.92,5.4,,,,,"USco,bronze",yes,Simbad,1,0.999991,3306.0,157.0,0.535,0.023,0.00829,-1.5057062313346672
1273,203050730,16 31 05.78,-27 25 46.4,,10.53,,5.62,0.28,10.49,5.34,0.4865,0.774,,,"USco,gold",no,Simbad,1,0.999389,3163.0,157.0,0.614,0.021,0.00945,-1.4429742776136167
1274,203189054,16 31 15.41,-26 57 15.2,,10.25,,4.92,0.61,10.17,4.31,10.7353,,,,"USco,gold",no,Simbad,1,0.996487,3578.0,122.0,0.499,,,-0.9655319772449575
1275,205173226,16 31 16.21,-19 02 13.4,,11.02,,6.34,1.54,10.82,4.8,,,,,"USco,bronze",no,Simbad,1,0.999999,5091.0,123.0,0.854,,,-0.011945188564747335
1276,204914113,16 31 16.58,-20 17 26.2,,8.64,,4.24,0.04,8.63,4.21,,,,,"USco,bronze",no,Simbad,1,0.999998,4539.0,122.0,,,,
1277,203122134,16 31 18.67,-27 10 58.8,,11.35,,6.08,0.54,11.28,5.54,0.9875,,,,"USco,bronze",maybe,Simbad,1,0.999981,3068.0,157.0,0.518,0.021,0.00582,-1.665546248849069
1278,205165393,16 31 28.81,-19 04 37.8,,10.68,,5.94,1.19,10.53,4.75,7.5096,,,,"USco,bronze",no,Simbad,1,0.999999,3546.0,122.0,0.483,,,-1.0841782123796013
1279,205526761,16 31 31.54,-16 59 53.0,,8.19,,3.5,1.35,8.02,2.15,,,,,"USco,bronze",no,Simbad,1,0.999997,4697.0,122.0,,,,
1280,202676865,16 31 43.60,-28 46 35.3,,11.0,,5.82,0.4,10.95,5.43,0.4049,,,,"USco,bronze",no,Simbad,1,0.99989,3119.0,157.0,0.591,0.021,0.00824,-1.5084982337626736
1281,202678486,16 31 56.67,-28 46 12.9,,10.49,,5.64,0.16,10.47,5.48,7.3603,,,,"USco,gold",no,Simbad,1,0.999781,,,,,,
1282,205517382,16 32 24.32,-17 03 40.1,,7.96,,4.55,0.7,7.87,3.85,3.3542,,,,"USco,gold",no,Simbad,1,0.996487,3839.0,122.0,,,,
1283,205073944,16 32 28.42,-19 32 00.0,,11.32,,4.93,0.6,11.25,4.33,,,,,"USco,bronze",no,Simbad,1,0.999995,5103.0,122.0,,,,
1284,204377731,16 32 32.53,-22 34 21.6,,9.83,,5.48,0.45,9.77,5.02,4.4576,,,,"USco,bronze",no,Simbad,1,0.99885,3306.0,178.2,0.341,0.118,0.06398,-1.009483555971771
1285,204474909,16 32 59.40,-22 11 22.8,,11.94,,6.4,2.15,11.66,4.24,16.6278,,,,"USco,bronze",no,Simbad,1,0.999911,3266.0,157.0,0.536,0.022,0.00776,-1.5253467466379373
1286,204438478,16 33 02.14,-22 20 04.1,,10.9,,5.15,0.99,10.78,4.16,14.6696,,,,"USco,bronze",no,Simbad,1,0.991951,,,,,,
1287,205123210,16 33 02.50,-19 17 22.0,,11.51,,5.77,0.92,11.39,4.86,,,,,"USco,bronze",no,Simbad,1,0.999998,4827.0,123.0,0.783,,,-0.20129412188495002
1288,210282528,16 33 34.95,-18 32 54.2,,10.4,,5.37,3.6,9.93,1.78,2.2065,,,,"USco,gold",no,Simbad,1,0.992964,3603.0,123.0,0.51,,,-1.0266412001136023
1289,203099159,16 33 35.03,-27 15 45.1,,10.95,,5.45,0.34,10.9,5.11,2.0986,,,,"USco,gold",no,Simbad,1,0.992964,3284.0,157.0,0.612,0.021,0.01062,-1.3805935891132226
1290,204559470,16 33 38.82,-21 50 26.3,,8.87,,5.47,1.21,8.72,4.27,3.621,1.4739,,,"USco,gold",no,Simbad,1,0.999146,3433.0,122.0,,,,
1291,202972156,16 33 58.75,-27 42 16.7,,9.3,,4.98,0.41,9.24,4.56,,,,,"USco,bronze",no,Simbad,1,0.999996,4302.0,122.0,,,,
1292,203181641,16 34 05.85,-26 58 44.2,,8.78,,3.6,0.7,8.69,2.9,0.4305,1.3038,,,"USco,gold",no,Simbad,1,0.999146,4149.0,198.9,0.649,0.082,0.07972,-0.30443077296381443
1293,202619356,16 34 17.86,-28 59 37.4,,9.21,,4.3,0.31,9.17,3.99,11.7302,,,,"USco,bronze",no,Simbad,1,0.999997,4372.0,122.0,,,,
1294,204543256,16 34 22.40,-21 54 31.0,,9.09,,4.71,0.29,9.05,4.42,,,,,"USco,bronze",no,Simbad,1,0.999996,4787.0,122.0,,,,
1295,205431449,16 34 27.74,-17 37 31.6,,11.75,,5.37,0.0,11.75,5.37,0.4629,0.1987,,,"USco,bronze",no,Simbad,1,0.999146,3162.0,157.0,0.368,0.021,0.00341,-1.8867253075356496
1296,203185083,16 34 35.13,-26 58 03.2,,10.48,,6.26,0.51,10.41,5.75,0.4401,,,,"USco,gold",no,Simbad,1,0.99998,3111.0,122.0,,,,
1297,202724532,16 34 38.26,-28 35 50.6,,9.77,,4.93,0.41,9.71,4.52,5.0696,,,,"USco,gold",no,Simbad,1,0.992964,3837.0,150.1,0.589,0.093,0.04988,-0.5745146892919683
1298,205567400,16 34 53.36,-16 42 49.5,,10.77,,5.1,0.7,10.68,4.4,,,,,"USco,bronze",no,Simbad,1,0.999999,4149.0,122.0,,,,
1299,202687442,16 34 58.64,-28 44 10.4,,11.59,,5.8,0.7,11.5,5.1,0.5727,,,,"USco,bronze",no,Simbad,1,0.999977,3065.0,157.0,0.491,0.021,0.00524,-1.7142177262206053
1300,204884822,16 35 06.25,-20 25 28.5,,9.55,,5.72,0.66,9.46,5.07,0.7983,,,,"USco,gold",no,Simbad,1,0.999146,3209.0,122.0,,,,
1301,202679988,16 35 11.88,-28 45 52.0,,8.99,,3.72,0.7,8.9,3.02,2.9473,1.3384,,,"USco,gold",no,Simbad,1,0.992964,4302.0,125.0,,,,
1302,204396558,16 35 23.82,-22 29 54.8,,9.55,,5.35,0.89,9.44,4.46,,,,,"USco,bronze",no,Simbad,1,0.999997,4449.0,122.0,,,,
1303,204226809,16 35 42.08,-23 10 04.1,,9.86,,4.84,0.98,9.74,3.86,,,,,"USco,bronze",no,Simbad,1,0.999997,4537.0,122.0,,,,
1304,203130129,16 35 44.70,-27 09 20.4,,11.56,,5.67,0.0,11.56,5.67,1.6122,,,,"USco,bronze",no,Simbad,1,0.999726,3134.0,157.0,0.487,0.021,0.00548,-1.6831912479469777
1305,203120753,16 35 45.73,-27 11 16.8,,10.28,,4.82,0.6,10.21,4.22,5.3147,,,,"USco,gold",no,Simbad,2,1.0E-6,3520.0,122.0,0.47,,,-1.0534986094304124
1306,204566404,16 35 48.37,-21 48 39.7,,8.48,,4.64,0.71,8.39,3.92,1.7418,,,,"USco,silver",no,Simbad,1,0.999838,3728.0,123.0,0.558,,,-0.5507376446911139
1307,205059490,16 36 39.22,-19 36 07.5,9.43,8.11,1.32,1.32,0.68,8.02,0.64,0.4185,0.5619,0.2157,0.2753,"USco,gold",no,Simbad,1,0.999921,6129.0,139.6,1.159,0.158,0.18803,0.5449147131722302
1308,205435449,16 36 44.44,-17 36 01.4,,10.01,,5.13,0.7,9.92,4.43,5.9497,,,,"USco,bronze",no,Simbad,2,1.0E-6,3501.0,110.4,0.46,0.087,0.01842,-0.9739572789948618
1309,204716087,16 36 49.93,-21 10 26.5,,11.36,,5.32,1.02,11.23,4.3,11.4477,,,,"USco,bronze",no,Simbad,1,0.999146,3420.0,157.0,0.53,0.021,0.00863,-1.4555598626823076
1310,203135082,16 36 52.88,-27 08 18.6,10.14,8.1,2.04,2.04,0.57,8.03,1.47,1.6062,0.7775,,,"USco,bronze",no,Simbad,1,0.999858,5323.0,156.5,0.918,0.116,0.14523,0.39951104686955224
1311,205075874,16 38 28.57,-19 31 26.0,10.13,8.3,1.83,1.83,1.1,8.16,0.73,0.8868,0.8111,,,"USco,bronze",no,Simbad,1,0.999988,5583.0,472.3,0.986,0.238,1.043,0.5339664182100942
1312,205327575,16 38 28.65,-18 13 13.7,6.75,5.69,1.06,1.06,0.73,5.6,0.33,,,,,"USco,silver",yes,Simbad,1,0.999964,10890.0,660.3,2.834,0.392,38.87705,2.3207072025906648
1313,205002311,16 47 47.33,-19 52 31.9,9.06,7.8,1.26,1.26,0.27,7.77,0.99,1.1676,1.1464,,,"USco,gold",yes,Simbad,1,0.996487,6615.0,446.0,1.384,0.292,0.75466,0.5189151478844934
1,204451363,15 54 39.31,-22 17 01.5,,10.7,,6.07,0.75,10.6,5.32,2.0621,,,,"USco,bronze",no,Simbad,1,0.999617,3152.0,157.0,0.621,0.021,0.00963,-1.4355706730020166
2,205104403,15 55 00.36,-19 22 58.5,5.96,5.84,0.11,0.11,0.71,5.75,-0.6,0.5297,0.6897,0.5166,,"USco,bronze",no,Simbad,1,0.999557,,,,,,
3,204562176,15 55 02.13,-21 49 43.4,,8.64,,3.82,0.7,8.55,3.12,4.1103,2.1071,,,"USco,gold",no,Simbad,1,0.999887,3999.0,122.0,,,,
4,204227785,15 55 02.16,-23 09 49.9,,10.75,,5.32,0.49,10.69,4.82,3.497,,,,"USco,bronze",no,Simbad,1,0.99987,3127.0,157.0,0.608,0.021,0.00894,-1.4727568836119114
5,204882444,15 55 05.13,-20 26 07.8,,9.74,,5.32,0.74,9.65,4.58,0.3829,,,,"USco,gold",no,Simbad,2,1.0E-6,3429.0,133.0,0.418,0.099,0.03258,-0.9177892833987572
6,203667805,15 55 06.24,-25 21 10.1,,8.51,,3.86,0.7,8.42,3.16,3.9016,3.5855,,,"USco,gold",no,Simbad,1,0.99968,,,,,,
7,204189121,15 55 08.52,-23 18 51.0,,9.9,,5.28,0.15,9.88,5.13,5.2099,,,,"USco,gold",no,Simbad,2,1.0E-6,3566.0,123.9,0.493,0.096,0.0245,-0.8357661453073894
8,204174563,15 55 17.03,-23 22 16.6,,9.33,,5.66,0.46,9.27,5.2,0.4997,,,,"USco,silver",no,Simbad,1,0.992964,3425.0,100.3,0.416,0.092,0.0287,-0.7701902170474607
9,204175508,15 55 17.58,-23 22 03.7,8.43,7.39,1.04,1.04,0.5,7.33,0.54,0.0501,0.0571,0.0544,0.0573,"USco,gold",no,Simbad,1,0.999532,7483.0,199.7,1.721,0.283,0.62933,0.8776494587048908
10,204604402,15 55 17.95,-21 39 03.9,,11.12,,6.22,0.7,11.03,5.52,3.0932,,,,"USco,bronze",no,Simbad,1,0.99999,3040.0,157.0,0.549,0.021,0.00641,-1.6261688549261697
11,205049221,15 55 22.39,-19 39 02.9,,11.01,,6.15,0.49,10.95,5.66,29.7371,3.1976,,,"USco,bronze",no,Simbad,1,0.999996,2993.0,157.0,0.593,0.021,0.00731,-1.5764264802672645
12,203553934,15 55 29.81,-25 44 49.9,,9.14,,4.79,0.14,9.12,4.65,4.7031,6.2215,,,"USco,gold",no,Simbad,1,0.999245,,,,,,
13,204077926,15 55 30.59,-23 45 21.2,,12.12,,6.19,0.41,12.07,5.78,1.0026,,,,"USco,bronze",no,Simbad,1,0.999998,2972.0,157.0,0.304,0.022,0.00211,-2.133122185662501
14,204292739,15 55 36.24,-22 54 31.7,,8.64,,2.99,0.7,8.55,2.29,,,,,"USco,bronze",no,Simbad,1,0.999997,4776.0,122.0,,,,
15,204782414,15 55 39.28,-20 53 07.3,,10.62,,5.74,0.51,10.55,5.23,1.0099,,,,"USco,gold",no,Simbad,1,0.99968,3168.0,157.0,0.636,0.021,0.01042,-1.400007822415902
16,204819202,15 55 41.40,-20 43 15.0,,9.45,,5.1,0.73,9.36,4.37,1.0285,,,,"USco,gold",no,Simbad,1,0.998613,3657.0,124.6,0.532,0.091,0.03037,-0.7403105772830856
17,203544427,15 55 42.29,-25 46 47.7,,11.74,,6.78,0.47,11.68,6.31,1.0897,,,,"USco,bronze",no,Simbad,1,0.999999,2908.0,157.0,0.469,0.025,0.0043,-1.8446639625349381
18,203866877,15 55 43.14,-24 37 43.5,,12.17,,7.13,0.58,12.1,6.55,1.4063,,,,"USco,bronze",yes,Simbad,1,0.936631,,,,,,
19,204494201,15 55 44.47,-22 06 42.6,,10.7,,5.33,0.62,10.62,4.71,3.1808,,,,"USco,bronze",no,Simbad,1,0.997667,3312.0,157.0,0.61,0.021,0.01075,-1.369877357140688
20,203710077,15 55 48.81,-25 12 24.0,10.5,8.29,2.21,2.21,1.04,8.16,1.17,3.7228,3.4797,,,"USco,gold",maybe,Simbad,1,0.999867,5345.0,128.1,0.923,0.115,0.05495,0.19836012593057242
21,203675097,15 55 50.98,-25 19 39.4,,10.7,,5.47,0.21,10.67,5.25,2.8655,,,,"USco,gold",no,Simbad,1,0.997667,3206.0,157.0,0.587,0.021,0.00889,-1.466227941615282
22,204862399,15 55 52.72,-20 31 33.5,,11.67,,6.73,0.94,11.55,5.79,0.2951,,,,"USco,bronze",no,Simbad,1,0.999999,2868.0,157.0,0.443,0.021,0.0035,-1.914709421769935
23,203892828,15 55 53.21,-24 31 25.2,,11.86,,6.02,0.0,11.86,6.02,0.555,,,,"USco,bronze",no,Simbad,1,0.999993,2996.0,157.0,0.458,0.022,0.00429,-1.8127613801685214
24,203457426,15 55 54.88,-26 04 26.2,,9.55,,4.0,0.7,9.46,3.3,1.5218,,,,"USco,bronze",maybe,Simbad,1,0.999527,3947.0,125.6,0.614,0.08,0.03292,-0.6444143999388686
25,204811478,15 55 56.00,-20 45 18.7,,12.15,,7.84,4.39,11.58,3.44,1.7005,,,,"USco,gold",yes,Simbad,1,1.0,2835.0,157.0,0.386,0.023,0.00273,-2.0414361167780326
26,204107757,15 56 01.02,-23 38 08.4,,12.81,,7.47,0.09,12.8,7.38,1.5054,,,,"USco,gold",yes,Simbad,1,0.999999,2881.0,157.0,0.278,0.023,0.00175,-2.250263684430939
27,203890834,15 56 03.72,-24 31 54.4,,11.34,,6.55,0.62,11.26,5.93,0.6164,0.4481,0.5146,,"USco,bronze",no,Simbad,1,0.999987,3005.0,122.0,,,,
28,204041137,15 56 12.13,-23 54 08.0,,10.23,,5.71,0.0,10.23,5.71,0.4201,,,,"USco,silver",no,Simbad,1,0.999832,3107.0,157.0,0.614,0.027,0.01009,-1.4735314875305225
29,203284437,15 56 17.21,-26 38 17.1,,13.56,,7.57,0.7,13.47,6.87,,,,,"USco,silver",maybe,Simbad,1,0.999997,2936.0,163.0,0.198,0.023,0.00117,-2.45717457304082
30,204115917,15 56 20.59,-23 36 10.0,,10.32,,5.27,0.49,10.26,4.78,2.3892,,,,"USco,gold",no,Simbad,2,1.0E-6,3458.0,122.0,0.435,,,-0.7726275577103637
31,204269918,15 56 23.39,-22 59 49.4,,11.62,,6.91,0.52,11.56,6.39,0.8346,,,,"USco,bronze",no,Simbad,1,0.999998,2876.0,157.0,0.464,0.021,0.00385,-1.8722474841670267
32,204413641,15 56 24.75,-22 25 55.6,,10.79,,6.15,0.74,10.69,5.41,1.9675,,,,"USco,gold",yes,Simbad,1,0.999951,3085.0,157.0,0.591,0.021,0.00796,-1.5275361033930106
33,203570729,15 56 24.90,-25 41 20.5,,10.44,,4.92,0.14,10.42,4.78,4.6706,,,,"USco,gold",no,Simbad,1,0.992964,3348.0,157.0,0.641,0.021,0.01264,-1.2964507017617695
34,204918279,15 56 25.09,-20 16 16.2,,9.86,,6.67,0.44,9.8,6.23,0.4594,0.4665,,,"USco,gold",no,Simbad,1,0.999604,,,,,,
35,204351607,15 56 25.62,-22 40 27.4,,10.37,,5.54,0.42,10.32,5.12,1.386,,,,"USco,gold",no,Simbad,1,0.992964,3241.0,157.0,0.652,0.021,0.01193,-1.332173621049289
36,204104740,15 56 27.62,-23 38 52.1,,9.11,,5.19,0.35,9.07,4.83,5.567,3.0639,,,"USco,bronze",no,Simbad,2,1.0E-6,,,,,,
37,204282380,15 56 29.53,-22 56 58.4,,10.39,,5.34,0.51,10.32,4.83,2.9991,,,,"USco,gold",no,Simbad,1,0.992964,3283.0,157.0,0.668,0.02,0.0132,-1.2827456872374503
38,204963464,15 56 34.24,-20 03 33.4,,10.87,,6.25,0.26,10.83,5.99,0.369,,,,"USco,gold",no,Simbad,1,0.999996,2988.0,157.0,0.572,0.021,0.00665,-1.6163641316381203
39,204514546,15 56 40.02,-22 01 40.0,8.82,6.08,2.74,2.74,2.12,5.8,0.63,,,,,"USco,silver",yes,Simbad,1,0.999962,6072.0,181.0,1.135,0.165,0.45342,0.806975225787691
40,204229193,15 56 40.18,-23 09 29.5,,11.8,,6.17,0.22,11.77,5.95,1.806,,,,"USco,bronze",no,Simbad,1,0.999996,2962.0,157.0,0.443,0.021,0.00387,-1.8594919569618205
41,204832936,15 56 42.43,-20 39 34.2,,10.28,,5.74,0.76,10.18,4.98,4.2616,4.9781,,,"USco,gold",yes,Simbad,1,0.998613,3248.0,157.0,0.667,0.021,0.01273,-1.3026834582676166
42,205010817,15 56 47.69,-19 50 07.6,,8.95,,4.69,0.19,8.92,4.5,2.6359,,,,"USco,gold",no,Simbad,2,1.0E-6,3709.0,122.0,,,,
43,204222666,15 56 47.85,-23 11 02.6,7.74,7.18,0.56,0.56,0.52,7.12,0.04,0.3472,,,,"USco,gold",no,Simbad,1,0.996629,8798.0,340.9,2.211,0.323,2.84117,1.3224750395489053
44,204274993,15 56 55.45,-22 58 40.4,,9.43,,4.47,0.51,9.37,3.96,8.1549,,,,"USco,gold",no,Simbad,1,0.997667,3863.0,124.0,0.596,0.086,0.03198,-0.5961933894525775
45,205155483,15 56 57.16,-19 07 38.8,10.04,8.17,1.87,1.87,0.83,8.06,1.04,5.8908,,,,"USco,bronze",no,Simbad,1,0.999963,6213.0,,,,,
46,203582679,15 56 59.29,-25 38 53.5,,9.53,,5.03,0.13,9.51,4.89,0.9066,,,,"USco,bronze",no,Simbad,1,0.992964,,,,,,
47,204886563,15 57 00.85,-20 24 59.5,,8.89,,4.43,0.7,8.8,3.73,0.35,,,,"USco,bronze",no,Simbad,1,0.996487,,,,,,
48,204887278,15 57 00.91,-20 24 48.4,,10.27,,5.39,0.0,10.27,5.39,0.4205,,,,"USco,bronze",,Simbad,1,0.996487,3250.0,157.0,0.54,0.03,0.00902,-1.5266590358140646
49,204807722,15 57 01.45,-20 46 18.6,,10.38,,7.12,1.72,10.16,5.39,2.1802,,,,"USco,bronze",yes,Simbad,1,0.999858,3137.0,157.0,0.66,0.021,0.01112,-1.3744817710283623
50,205008763,15 57 02.33,-19 50 42.1,11.66,8.37,3.29,3.29,0.7,8.28,2.59,2.5385,,,,"USco,gold",no,Simbad,1,0.999978,,,,,,
51,204248842,15 57 03.67,-23 04 48.6,,10.21,,5.93,0.25,10.18,5.68,0.9991,0.8303,,,"USco,gold",no,Simbad,1,0.999955,3185.0,122.0,,,,
52,203789507,15 57 04.89,-24 55 23.0,,12.56,,7.21,0.64,12.48,6.57,,,,,"USco,bronze",yes,Simbad,1,0.999998,2842.0,157.0,0.304,0.022,0.00184,-2.2104192878355744
53,204496657,15 57 06.40,-22 06 06.2,,11.29,,6.28,1.52,11.09,4.76,0.8995,,,,"USco,gold",yes,Simbad,1,0.999996,3020.0,157.0,0.552,0.021,0.00639,-1.6333902896075705
54,204896403,15 57 08.50,-20 22 18.0,,11.42,,5.96,0.16,11.4,5.8,1.4471,2.7884,,,"USco,bronze",no,Simbad,1,0.999994,3013.0,157.0,0.455,0.021,0.00428,-1.8068754016455384
55,204084492,15 57 12.77,-23 43 46.7,,12.59,,6.9,0.82,12.49,6.08,1.1411,,,,"USco,gold",no,Simbad,1,0.999998,2846.0,157.0,0.299,0.022,0.00182,-2.2189630613788682
56,203696502,15 57 15.56,-25 15 13.3,8.44,7.57,0.87,0.87,0.64,7.49,0.23,5.021,5.5435,,,"USco,bronze",no,Simbad,1,0.998276,7258.0,221.4,1.634,0.284,1.30578,0.972413915310947
57,203628765,15 57 16.74,-25 29 19.3,,8.86,,3.81,0.7,8.77,3.11,0.5034,0.6615,,,"USco,gold",no,Simbad,1,0.999913,,,,,,
58,204512343,15 57 21.08,-22 02 13.1,,10.1,,5.57,1.56,9.9,4.01,7.6771,,,,"USco,bronze",yes,Simbad,1,0.998258,3487.0,123.0,0.452,,,-0.9167482827783967
59,204787516,15 57 23.90,-20 51 45.5,,9.8,,5.21,0.02,9.8,5.19,0.4868,,,,"USco,gold",no,Simbad,1,0.992964,3600.0,127.5,0.509,0.093,0.02878,-0.7878923344523411
60,204836433,15 57 24.53,-20 38 38.3,,9.99,,5.07,0.85,9.88,4.21,8.6218,,,,"USco,gold",no,Simbad,1,0.996487,3528.0,140.1,0.474,0.096,0.03353,-0.8899829932078879
61,204040060,15 57 25.74,-23 54 22.2,13.72,9.09,4.63,4.63,0.37,9.04,4.26,7.239,,,,"USco,gold",no,Simbad,1,0.999976,,,,,,
62,204442667,15 57 28.47,-22 19 05.3,,11.6,,6.35,0.24,11.57,6.11,1.3178,,,,"USco,gold",no,Simbad,1,0.999998,2972.0,157.0,0.454,0.021,0.00409,-1.8332739444199482
63,204274743,15 57 29.84,-22 58 44.0,,11.19,,6.17,0.49,11.13,5.69,1.7686,,,,"USco,gold",yes,Simbad,1,0.997153,,,,,,
64,204179058,15 57 34.31,-23 21 12.3,13.62,8.99,4.63,4.63,1.16,8.84,3.47,3.0039,0.5857,,,"USco,gold",maybe,Simbad,1,0.992964,3711.0,122.0,,,,
65,203800211,15 57 36.83,-24 53 02.9,,11.93,,5.86,0.0,11.93,5.86,0.6137,,,,"USco,bronze",no,Simbad,1,0.999987,3034.0,157.0,0.307,0.021,0.00222,-2.0888423912600236
66,204330772,15 57 37.17,-22 45 25.3,,12.56,,5.0,0.5,12.5,4.5,24.8794,,,,"USco,silver",no,Simbad,1,0.996487,3362.0,157.0,0.451,0.022,0.00616,-1.6239708182718198
67,203920801,15 57 38.79,-24 24 32.9,9.91,8.21,1.7,1.7,0.7,8.12,1.0,0.466,,,,"USco,bronze",no,Simbad,1,0.999915,5952.0,205.8,1.089,0.156,0.25205,0.3873471067477082
68,204434699,15 57 39.33,-22 20 57.6,,11.5,,6.01,0.28,11.46,5.72,2.5101,,,,"USco,bronze",no,Simbad,1,0.999994,3013.0,157.0,0.483,0.021,0.00481,-1.757707095017069
69,204760247,15 57 40.46,-20 58 59.0,5.84,5.73,0.1,0.1,0.59,5.66,-0.49,0.907,,,,"USco,gold",no,Simbad,1,0.999757,11886.0,517.7,3.165,0.421,28.1078,2.371202158624361
70,203521205,15 57 42.47,-25 51 35.7,,10.81,,5.7,0.05,10.81,5.65,0.7418,,,,"USco,gold",no,Simbad,1,0.999806,3118.0,157.0,0.621,0.021,0.00938,-1.4548166317845939
71,204412942,15 57 42.48,-22 26 05.7,,11.42,,5.43,0.65,11.33,4.78,1.4446,,,,"USco,gold",no,Simbad,1,0.997667,3195.0,157.0,0.46,0.021,0.00526,-1.6961562251113456
72,204399028,15 57 46.60,-22 29 20.5,,10.46,,5.43,1.01,10.33,4.42,3.8671,,,,"USco,gold",no,Simbad,1,0.996487,3251.0,157.0,0.639,0.021,0.01142,-1.3500812812645808
73,204351804,15 57 46.88,-22 40 24.3,,9.68,,4.78,0.7,9.59,4.08,7.2414,,,,"USco,bronze",no,Simbad,1,0.992964,3749.0,133.2,0.564,0.092,0.02867,-0.6899442622491085
74,203839698,15 57 47.56,-24 44 12.4,,12.05,,6.06,0.32,12.01,5.74,0.9672,,,,"USco,gold",no,Simbad,1,0.999992,3008.0,157.0,0.441,0.022,0.00411,-1.8365404482300098
75,204134887,15 57 48.80,-23 31 38.2,6.77,6.67,0.1,0.1,0.35,6.63,-0.25,0.803,,,,"USco,gold",no,Simbad,1,0.999786,10152.0,525.5,2.606,0.379,13.2516,1.8800803874882714
76,204247416,15 57 50.03,-23 05 09.5,,9.27,,4.08,0.12,9.25,3.96,7.8404,,,,"USco,gold",no,Simbad,1,0.996487,3937.0,126.6,0.612,0.083,0.03169,-0.5415887985302836
77,204193196,15 57 53.84,-23 17 53.4,,11.31,,5.87,0.37,11.27,5.5,2.15,,,,"USco,bronze",no,Simbad,1,0.999923,3089.0,157.0,0.523,0.021,0.00611,-1.6434005642750291
78,204193996,15 57 53.96,-23 17 41.7,,9.45,,4.0,0.7,9.36,3.3,15.7722,,,,"USco,bronze",no,Simbad,1,0.998258,3986.0,125.4,0.622,0.084,0.02955,-0.5544580656320799
79,203810851,15 57 54.44,-24 50 42.3,,8.58,,3.52,0.85,8.47,2.67,4.2512,,,,"USco,bronze",yes,Simbad,1,0.99964,4302.0,145.8,0.672,0.081,0.03509,-0.34689366007534317
80,204849054,15 57 56.02,-20 35 10.5,,12.34,,6.46,0.34,12.3,6.12,0.9839,,,,"USco,bronze",no,Simbad,1,0.999998,2921.0,157.0,0.436,0.023,0.0037,-1.8961962790440432
81,204097242,15 58 06.39,-23 40 41.9,,10.65,,5.65,0.4,10.6,5.25,2.5265,,,,"USco,gold",no,Simbad,1,0.992964,3202.0,157.0,0.602,0.021,0.00941,-1.442011851775087
82,203361837,15 58 06.93,-26 23 47.0,,10.16,,5.18,0.25,10.13,4.92,7.7299,,,,"USco,gold",no,Simbad,2,1.0E-6,3485.0,110.7,0.451,0.089,0.01873,-0.9913572524347148
83,203812531,15 58 11.99,-24 50 20.0,,11.39,,5.32,0.7,11.3,4.62,1.5117,,,,"USco,bronze",no,Simbad,1,0.992964,3199.0,157.0,0.559,0.023,0.00818,-1.5207126835238298
84,204147776,15 58 12.71,-23 28 36.5,10.36,8.02,2.34,2.34,2.76,7.66,-0.42,1.7209,,,,"USco,gold",yes,Simbad,1,0.999891,4977.0,150.9,,,,
85,205202444,15 58 13.20,-18 53 10.1,,11.11,,5.54,0.21,11.08,5.33,1.5215,,,,"USco,bronze",no,Simbad,1,0.99885,3185.0,157.0,0.486,0.021,0.00574,-1.6563944918958282
86,204898840,15 58 15.69,-20 21 37.1,,11.06,,5.96,1.83,10.82,4.13,0.6905,0.4467,,,"USco,gold",no,Simbad,1,0.999989,3043.0,157.0,0.516,0.021,0.00566,-1.682563503464901
87,205128625,15 58 18.84,-19 15 44.9,,10.13,,5.25,0.11,10.12,5.14,13.5669,,,,"USco,gold",no,Simbad,1,0.992964,3604.0,129.7,0.51,0.094,0.02846,-0.8265514852556856
88,204777646,15 58 19.06,-20 54 24.0,,9.03,,4.15,0.7,8.94,3.45,7.117,,,,"USco,bronze",no,Simbad,1,0.996487,4007.0,127.8,0.626,0.082,0.04122,-0.3885634847344559
89,205162306,15 58 20.38,-19 05 32.6,,11.0,,6.08,0.71,10.91,5.36,1.9539,,,,"USco,bronze",no,Simbad,1,0.999944,3096.0,157.0,0.605,0.021,0.00861,-1.495257363728312
90,204957540,15 58 21.04,-20 05 13.8,,11.06,,5.77,0.5,10.99,5.27,2.2316,,,,"USco,bronze",no,Simbad,1,0.999843,3122.0,157.0,0.562,0.021,0.00733,-1.5581478242267082
91,204553379,15 58 23.36,-21 51 59.1,,11.28,,6.38,0.42,11.23,5.96,1.8469,,,,"USco,gold",no,Simbad,1,0.999998,2927.0,157.0,0.524,0.022,0.00525,-1.7366006686659978
92,204123651,15 58 28.54,-23 34 19.3,,10.42,,5.49,0.4,10.37,5.09,2.3936,,,,"USco,gold",no,Simbad,1,0.996487,3279.0,157.0,0.65,0.021,0.01224,-1.3166827380781174
93,204475702,15 58 29.62,-22 11 11.9,,8.82,,4.38,0.7,8.73,3.68,,,,,"USco,bronze",no,Simbad,1,0.998613,3923.0,122.0,,,,
94,204226548,15 58 29.79,-23 10 07.9,,11.3,,4.64,0.65,11.22,3.99,,,,,"USco,gold",yes,Simbad,1,0.999832,3224.0,158.0,0.527,0.021,0.00717,-1.563519304990505
95,204780592,15 58 30.39,-20 53 35.9,7.26,6.53,0.73,0.73,0.5,6.47,0.23,0.0735,0.1216,0.0596,0.1131,"USco,gold",no,Simbad,1,0.999702,8332.0,270.8,2.056,0.315,3.5075,1.479202177770328
96,204066097,15 58 35.97,-23 48 14.0,,12.08,,6.32,0.28,12.04,6.04,0.3588,,,,"USco,gold",no,Simbad,1,0.999998,2920.0,157.0,0.343,0.021,0.00237,-2.07727454200674
97,205024407,15 58 36.19,-19 46 13.6,,10.72,,5.63,0.38,10.67,5.24,3.0008,,,,"USco,gold",yes,Simbad,1,0.999146,3173.0,157.0,0.634,0.021,0.01036,-1.401209493236885
98,204066898,15 58 36.21,-23 48 02.1,15.66,10.19,5.47,5.47,0.7,10.1,4.77,0.3956,0.5386,,,"USco,bronze",no,Simbad,2,1.0E-6,3206.0,157.0,0.632,0.021,0.0106,-1.386581054965427
99,204281213,15 58 36.91,-22 57 15.2,10.14,7.05,3.09,3.09,1.14,6.91,1.95,,,,,"USco,bronze",yes,Simbad,1,0.999964,5720.0,102.2,1.02,0.121,0.41941,0.5178646451184408
100,204281210,15 58 36.92,-22 57 15.3,,7.05,,3.04,0.7,6.96,2.34,2.5649,2.4445,,,"USco,gold",yes,Simbad,1,0.999964,5720.0,102.2,1.02,0.121,0.41941,0.5178646451184408
101,204238921,15 58 39.87,-23 07 10.8,,11.71,,6.12,0.0,11.71,6.12,1.9986,,,,"USco,bronze",no,Simbad,1,0.999998,2955.0,157.0,0.526,0.026,0.00581,-1.7166987712964503
102,204594600,15 58 48.10,-21 41 34.2,,12.52,,6.84,0.53,12.45,6.31,0.6008,,,,"USco,silver",no,Simbad,1,0.999999,2883.0,157.0,0.243,0.021,0.0013,-2.3419886033428874
103,204249804,15 58 58.19,-23 04 35.3,,9.88,,4.75,0.43,9.83,4.32,3.9066,,,,"USco,gold",no,Simbad,2,1.0E-6,3626.0,127.6,0.52,0.091,0.02869,-0.8100887903071945
104,204190866,15 59 00.71,-23 18 26.8,,10.21,,5.12,0.4,10.16,4.71,4.8321,,,,"USco,bronze",no,Simbad,1,0.992964,3457.0,122.0,0.435,,,-0.9954636821486772
105,203397761,15 59 01.92,-26 16 33.1,,11.26,,5.94,0.0,11.26,5.94,0.5179,0.5938,,,"USco,gold",no,Simbad,1,0.999995,3009.0,157.0,0.464,0.031,0.00519,-1.7945249632591092
106,203475138,15 59 08.63,-26 00 54.7,,10.76,,5.53,0.75,10.66,4.78,2.1199,,,,"USco,gold",no,Simbad,1,0.996487,3218.0,157.0,0.582,0.021,0.00876,-1.4696722102219137
107,203301463,15 59 11.89,-26 35 00.8,8.13,6.97,1.16,1.16,0.93,6.85,0.23,1.8738,0.7141,,,"USco,bronze",no,Simbad,1,0.999941,7202.0,216.4,1.613,0.285,0.89501,0.9566241044619007
108,204367110,15 59 12.43,-22 36 50.4,,11.79,,6.56,0.52,11.72,6.04,0.944,,,,"USco,gold",no,Simbad,1,0.999998,2972.0,157.0,0.428,0.022,0.00371,-1.8807441107220633
109,210282521,15 59 14.51,-26 06 18.2,,9.3,,2.99,1.24,9.14,1.75,0.4621,,,,"USco,gold",no,Simbad,1,0.999941,4494.0,130.0,0.706,0.078,0.01595,-0.5360771636217643
110,204477741,15 59 18.38,-22 10 43.2,16.27,10.07,6.19,6.19,0.33,10.03,5.86,0.8214,0.7623,,,"USco,gold",no,Simbad,1,0.999982,,,,,,
111,204547272,15 59 22.92,-21 53 31.8,,10.39,,4.95,0.55,10.32,4.4,3.3984,,,,"USco,bronze",no,Simbad,2,1.0E-6,3348.0,157.0,0.635,0.02,0.01234,-1.3056580896358188
112,204247509,15 59 25.90,-23 05 08.3,,11.57,,6.62,0.56,11.5,6.06,0.6198,,,,"USco,silver",no,Simbad,1,0.999999,2865.0,157.0,0.474,0.022,0.004,-1.8613815661005075
113,203462615,15 59 38.05,-26 03 23.6,,10.25,,6.24,0.16,10.23,6.08,0.5201,0.4421,,,"USco,gold",no,Simbad,1,0.999988,3043.0,157.0,0.642,0.021,0.00945,-1.459545386328588
114,204870258,15 59 44.25,-20 29 23.5,,10.4,,6.44,1.22,10.25,5.22,,,,,"USco,gold",yes,Simbad,1,0.999984,3059.0,157.0,0.642,0.021,0.00954,-1.449771646944906
115,203574463,15 59 49.53,-25 40 34.6,,11.55,,6.23,0.69,11.46,5.53,1.0092,,,,"USco,bronze",no,Simbad,1,0.999991,3019.0,157.0,0.513,0.022,0.00552,-1.7009287399725905
116,203499724,15 59 49.88,-25 55 58.8,,9.61,,5.04,0.54,9.54,4.5,0.6243,0.9533,,,"USco,gold",no,Simbad,1,0.992964,3507.0,118.7,0.463,0.094,0.03398,-0.6936607674875023
117,205030103,15 59 50.50,-19 44 37.3,,10.17,,6.02,0.5,10.11,5.52,30.7496,,,,"USco,bronze",no,Simbad,1,0.999928,3133.0,122.0,,,,
118,203642381,15 59 52.68,-25 26 29.4,,9.72,,4.08,0.12,9.71,3.96,4.4834,,,,"USco,gold",no,Simbad,1,0.996487,3875.0,124.9,0.599,0.082,0.0162,-0.8621397178471398
119,204439442,15 59 59.45,-22 19 50.2,,9.43,,5.51,0.52,9.36,4.99,5.4864,,,,"USco,bronze",no,Simbad,1,0.997667,,,,,,
120,204436170,15 59 59.95,-22 20 36.7,13.25,8.63,4.62,4.62,0.4,8.58,4.22,0.8621,0.7271,,,"USco,gold",no,Simbad,1,0.999146,3739.0,122.0,,,,
121,204383487,16 00 00.36,-22 32 59.7,,9.77,,5.52,0.66,9.69,4.86,0.4962,,,,"USco,bronze",no,Simbad,2,1.0E-6,3566.0,130.7,0.493,0.092,0.02663,-0.8639139026159026
122,204096760,16 00 07.04,-23 40 49.0,,10.61,,6.16,0.46,10.55,5.7,0.5255,1.8177,,,"USco,gold",no,Simbad,1,0.999998,2957.0,157.0,0.589,0.023,0.00719,-1.6031035508574762
123,204533053,16 00 12.16,-21 57 03.5,,10.34,,5.32,0.36,10.29,4.96,2.8474,,,,"USco,gold",no,Simbad,1,0.998258,3299.0,157.0,0.662,0.021,0.0131,-1.2849163293050727
124,204387835,16 00 15.66,-22 31 58.3,,10.44,,5.43,0.7,10.35,4.73,2.3825,,,,"USco,bronze",no,Simbad,1,0.997667,3281.0,157.0,0.649,0.021,0.01233,-1.3159629625134803
125,204367097,16 00 17.29,-22 36 50.4,,9.94,,5.68,0.7,9.85,4.98,0.9675,,,,"USco,bronze",,Simbad,1,0.99885,3501.0,117.0,0.46,,,-1.0299787341716342
126,204395393,16 00 18.43,-22 30 11.6,,10.41,,6.07,1.55,10.21,4.51,,,,,"USco,gold",yes,Simbad,1,0.999488,3405.0,157.0,0.639,0.028,0.01526,-1.2694599635228807
127,204141928,16 00 23.23,-23 29 59.4,,13.31,,9.03,0.0,13.31,9.03,,,,,"USco,silver",yes,Simbad,2,,,,,,,
128,204270520,16 00 26.30,-22 59 41.4,,11.34,,6.49,0.42,11.28,6.07,0.5123,,,,"USco,gold",no,Simbad,1,0.999998,2890.0,157.0,0.529,0.022,0.00514,-1.750068243365805
129,204769599,16 00 26.69,-20 56 31.8,18.6,12.51,6.09,6.09,0.44,12.45,5.65,1.6401,,,,"USco,gold",yes,Simbad,1,0.999998,2951.0,157.0,0.367,0.023,0.00288,-2.0092173081968623
130,205001070,16 00 29.13,-19 52 53.7,,8.68,,3.07,1.11,8.54,1.96,3.9311,,,,"USco,bronze",no,Simbad,1,0.999911,4662.0,123.0,0.742,,,-0.02732053273246927
131,204894208,16 00 29.45,-20 22 53.9,,11.29,,6.29,0.69,11.2,5.61,1.6968,,,,"USco,bronze",yes,Simbad,1,0.999998,2973.0,157.0,0.523,0.021,0.00538,-1.711750774428014
132,204121833,16 00 30.22,-23 34 46.0,,11.84,,6.89,0.3,11.8,6.59,0.4478,,,,"USco,gold",no,Simbad,1,0.999999,2872.0,157.0,0.453,0.024,0.00383,-1.8948305720006684
133,204878974,16 00 31.35,-20 27 05.0,,8.83,,4.79,0.57,8.75,4.22,3.0938,0.8548,,,"USco,gold",no,Simbad,1,0.992964,,,,,,
134,203766590,16 00 32.42,-25 00 24.5,,10.79,,5.22,0.7,10.7,4.52,0.9418,,,,"USco,bronze",no,Simbad,2,1.0E-6,3266.0,157.0,0.537,0.021,0.00765,-1.5237482039929664
135,205153472,16 00 34.53,-19 08 16.1,,11.46,,6.65,0.42,11.4,6.22,0.761,,,,"USco,bronze",no,Simbad,1,0.999999,2891.0,157.0,0.51,0.022,0.00478,-1.7825160557860937
136,205225428,16 00 35.45,-18 45 58.1,,10.87,,6.15,0.66,10.78,5.48,1.423,,,,"USco,bronze",no,Simbad,1,0.999935,3115.0,157.0,0.564,0.021,0.00733,-1.5584619612978392
137,204933893,16 00 35.99,-20 11 55.0,,10.66,,5.63,0.38,10.61,5.25,1.5296,0.9446,,,"USco,bronze",no,Simbad,1,0.987533,,,,,,
138,204519031,16 00 40.55,-22 00 32.2,10.87,8.44,2.43,2.43,0.33,8.4,2.1,2.7236,,,,"USco,gold",yes,Simbad,1,0.999911,4922.0,122.0,,,,
139,204350593,16 00 41.34,-22 40 41.8,,9.64,,5.5,0.37,9.59,5.13,3.1612,0.9757,,,"USco,bronze",no,Simbad,1,0.996487,,,,,,
140,203363279,16 00 42.65,-26 23 29.6,9.32,7.72,1.6,1.6,0.65,7.63,0.95,1.1283,1.1842,0.9371,,"USco,bronze",no,Simbad,1,0.999807,5954.0,155.7,1.09,0.142,0.2544,0.624001415845958
141,203895244,16 00 43.08,-24 30 50.5,,10.77,,5.84,0.2,10.75,5.65,0.5312,0.541,,,"USco,gold",no,Simbad,1,0.999948,3082.0,157.0,0.584,0.021,0.00776,-1.5406075122407692
142,203811459,16 00 44.61,-24 50 34.1,,11.74,,6.8,0.53,11.68,6.27,1.4821,0.9133,,,"USco,bronze",no,Simbad,1,0.999998,2949.0,157.0,0.655,0.044,0.01254,-1.491604966866947
143,204105333,16 00 49.72,-23 38 43.5,,9.74,,4.77,0.55,9.67,4.22,10.0434,,,,"USco,gold",no,Simbad,1,0.997667,3660.0,124.8,0.533,0.09,0.0274,-0.7849443526396901
144,205087347,16 00 49.88,-19 28 00.6,,9.69,,5.07,0.43,9.63,4.64,9.7615,,,,"USco,gold",no,Simbad,1,0.996487,3537.0,146.3,0.479,0.099,0.0308,-0.9542859410591323
145,203655505,16 00 52.70,-25 23 42.9,,10.35,,5.13,0.38,10.3,4.75,7.0792,,,,"USco,gold",no,Simbad,1,0.992964,3481.0,122.0,0.449,,,-1.0639892042847905
146,203854810,16 00 52.82,-24 40 38.6,,10.35,,5.04,0.36,10.3,4.68,9.6432,,,,"USco,bronze",no,Simbad,2,1.0E-6,3467.0,122.0,,,,
147,204406748,16 01 05.18,-22 27 31.1,13.74,8.75,4.99,4.99,0.47,8.69,4.52,4.3922,16.9554,,,"USco,gold",no,Simbad,1,0.997667,,,,,,
148,204458208,16 01 06.04,-22 15 24.8,,11.38,,5.81,0.7,11.29,5.11,1.7579,,,,"USco,silver",no,Simbad,1,0.999924,3106.0,157.0,0.545,0.021,0.0068,-1.5956795327782693
149,203249626,16 01 08.94,-26 45 10.7,,10.6,,5.83,1.05,10.46,4.78,2.0262,,,,"USco,gold",no,Simbad,1,0.99995,,,,,,
150,204428324,16 01 10.36,-22 22 27.9,,9.76,,5.98,0.36,9.71,5.62,0.325,0.5604,,,"USco,gold",no,Simbad,1,0.999937,3147.0,122.0,,,,
151,203690414,16 01 13.97,-25 16 28.4,,10.42,,5.54,0.21,10.39,5.33,1.816,1.9454,,,"USco,gold",yes,Simbad,1,0.810485,,,,,,
152,204438578,16 01 16.79,-22 20 02.2,,8.62,,3.12,0.0,8.62,3.12,0.1025,,,,"USco,bronze",no,Simbad,1,0.999994,4589.0,122.0,,,,
153,204241103,16 01 19.13,-23 06 39.7,,12.67,,6.95,0.0,12.67,6.95,0.5716,0.4866,,,"USco,gold",no,Simbad,1,0.999999,2841.0,157.0,0.247,0.021,0.00132,-2.3565473235138126
154,205055104,16 01 22.33,-19 37 22.5,,9.56,,4.89,0.13,9.54,4.77,8.1047,,,,"USco,gold",no,Simbad,2,1.0E-6,,,,,,
155,204350686,16 01 25.63,-22 40 40.3,,8.52,,3.19,0.44,8.47,2.75,2.3962,,,,"USco,gold",no,Simbad,1,0.999943,4432.0,188.4,0.694,0.091,0.09587,-0.15602015552183995
156,204262368,16 01 26.52,-23 01 34.6,,11.18,,5.86,0.61,11.1,5.25,1.8686,,,,"USco,bronze",yes,Simbad,1,0.999953,3085.0,157.0,0.528,0.021,0.0062,-1.6375175252488254
157,203712541,16 01 26.64,-25 11 54.5,7.74,6.89,0.85,0.85,0.67,6.81,0.18,2.6666,,,,"USco,gold",no,Simbad,1,0.9997,7191.0,143.9,1.609,0.284,1.07566,1.2186630965799026
158,204317321,16 01 29.84,-22 48 38.8,,10.49,,6.42,0.51,10.42,5.91,1.9313,1.0656,,,"USco,gold",no,Simbad,1,0.999937,3099.0,157.0,0.651,0.021,0.01031,-1.4126258279269346
159,204838715,16 01 34.46,-20 38 01.7,,11.3,,5.65,0.7,11.21,4.95,1.9886,,,,"USco,bronze",no,Simbad,1,0.999488,3165.0,157.0,0.491,0.021,0.00576,-1.658961368322477
160,203842272,16 01 35.27,-24 43 36.8,,10.59,,5.29,0.13,10.57,5.16,6.8898,,,,"USco,bronze",no,Simbad,2,1.0E-6,3250.0,157.0,0.601,0.021,0.00977,-1.4182778400509013
161,204277211,16 01 40.86,-22 58 10.6,,9.85,,5.28,1.77,9.62,3.51,2.5594,,,,"USco,silver",yes,Simbad,1,0.982299,,,,,,
162,204897050,16 01 40.97,-20 22 08.3,,10.86,,6.55,0.75,10.77,5.8,0.2639,,,,"USco,gold",no,Simbad,1,0.999999,2919.0,157.0,0.593,0.022,0.00691,-1.61852390972497
163,204794876,16 01 47.43,-20 49 45.7,,8.61,,4.58,0.57,8.54,4.02,1.49,2.1528,,,"USco,gold",no,Simbad,1,0.999146,3820.0,122.0,,,,
164,203853244,16 01 47.68,-24 41 01.3,,13.01,,6.56,0.48,12.94,6.08,0.6493,,,,"USco,gold",no,Simbad,1,0.999998,2931.0,157.0,0.316,0.023,0.00221,-2.1278437272517072
165,204435603,16 01 49.50,-22 20 45.5,,12.42,,6.79,0.46,12.36,6.33,1.5936,,,,"USco,bronze",no,Simbad,1,0.999999,2915.0,157.0,0.363,0.024,0.00275,-2.0381045263321496
166,204054129,16 01 49.54,-23 51 08.5,,11.93,,6.32,0.59,11.85,5.72,0.5272,0.6122,,,"USco,bronze",no,Simbad,1,0.999998,2973.0,157.0,0.458,0.028,0.00467,-1.8265223565470055
167,203834337,16 01 51.48,-24 45 25.0,,8.48,,3.81,0.19,8.46,3.62,4.6547,,,,"USco,gold",no,Simbad,1,0.99885,,,,,,
168,204525956,16 01 55.45,-21 58 49.4,7.19,6.9,0.29,0.29,0.41,6.85,-0.12,,,,,"USco,gold",no,Simbad,1,0.993069,8738.0,375.8,2.192,,,1.3683951195460258
169,204612315,16 01 56.47,-21 37 03.8,11.24,8.3,2.94,2.94,0.0,8.3,2.94,4.7285,,,,"USco,gold",no,Simbad,1,0.999908,4580.0,123.0,,,,
170,205232648,16 01 57.65,-18 43 42.4,,10.9,,5.89,0.6,10.82,5.29,1.9751,,,,"USco,bronze",no,Simbad,1,0.999853,3149.0,157.0,0.564,0.021,0.0077,-1.5385014732169813
171,204947015,16 01 58.22,-20 08 12.0,10.5,7.67,2.83,2.83,0.88,7.56,1.95,1.7739,,,,"USco,gold",no,Simbad,1,0.999966,4691.0,122.0,,,,
172,204350926,16 01 58.93,-22 40 37.1,,10.43,,5.48,0.2,10.41,5.28,0.7299,,,,"USco,gold",no,Simbad,1,0.997667,3189.0,157.0,0.577,0.021,0.00836,-1.4947143258558677
173,205232450,16 01 59.86,-18 43 45.9,,10.18,,5.44,0.16,10.16,5.28,15.0634,,,,"USco,gold",no,Simbad,1,0.992964,3304.0,157.0,0.665,0.021,0.01342,-1.2769550083565548
174,204432860,16 02 00.39,-22 21 23.8,13.59,8.84,4.75,4.75,0.42,8.79,4.33,2.8752,,,,"USco,gold",no,Simbad,1,0.992964,3648.0,123.0,,,,
175,204388640,16 02 04.29,-22 31 47.0,,11.55,,8.82,2.7,11.2,6.12,2.6268,,,,"USco,bronze",yes,Simbad,1,0.998613,3547.0,165.0,0.489,0.022,0.00884,-1.4634415574284698
176,204791347,16 02 04.29,-20 50 42.8,18.6,11.83,6.77,6.77,0.76,11.73,6.02,0.4224,0.245,,,"USco,gold",maybe,Simbad,1,0.999999,2844.0,157.0,0.434,0.022,0.0033,-1.9457700901366028
177,204137184,16 02 05.17,-23 31 07.2,,10.67,,6.08,0.98,10.55,5.1,2.6411,,,,"USco,bronze",yes,Simbad,1,0.999919,3112.0,157.0,0.62,0.021,0.00925,-1.4600461583436033
178,203708909,16 02 06.82,-25 12 38.8,,11.87,,6.04,3.07,11.48,2.96,1.1282,,,,"USco,bronze",no,Simbad,1,0.999994,3020.0,157.0,0.45,0.022,0.00425,-1.8133261325002548
179,204278916,16 02 07.56,-22 57 47.0,,9.86,,4.94,0.73,9.77,4.21,3.6335,,,,"USco,gold",yes,Simbad,1,0.992964,3617.0,127.0,0.516,0.088,0.02479,-0.8693125060179678
180,204290833,16 02 08.45,-22 54 59.1,14.09,9.55,4.54,4.54,0.4,9.5,4.15,6.1879,,,,"USco,gold",no,Simbad,1,0.996487,3780.0,130.0,0.574,0.08,0.03055,-0.6728863835350315
181,204258708,16 02 09.54,-23 02 27.9,,11.83,,6.18,0.23,11.8,5.95,0.4837,,,,"USco,bronze",no,Simbad,1,0.999994,3007.0,157.0,0.465,0.022,0.00447,-1.7926349625309281
182,204347304,16 02 10.45,-22 41 28.2,,8.06,,3.29,0.69,7.97,2.6,3.519,2.3915,,,"USco,silver",no,Simbad,1,0.999687,,,,,,
183,204948308,16 02 10.95,-20 07 49.8,,11.42,,6.19,0.57,11.34,5.63,0.9397,,,,"USco,gold",no,Simbad,1,0.999996,3006.0,157.0,0.526,0.022,0.0057,-1.6865546295735858
184,204178534,16 02 12.80,-23 21 20.5,,11.68,,6.09,2.33,11.38,3.76,1.3517,,,,"USco,bronze",no,Simbad,1,0.999993,3006.0,157.0,0.496,0.021,0.00502,-1.739928612014925
185,204348206,16 02 13.55,-22 41 15.2,7.33,6.97,0.36,0.36,0.41,6.92,-0.05,0.2552,3.5169,0.254,,"USco,silver",no,Simbad,1,0.997703,8657.0,195.3,2.166,0.318,1.7785,1.3624370448707341
186,203863529,16 02 14.88,-24 38 32.9,,11.15,,6.12,0.35,11.1,5.77,0.2543,0.3215,,,"USco,silver",no,Simbad,1,0.999998,2952.0,157.0,0.469,0.022,0.0043,-1.8178707859470016
187,205173629,16 02 21.47,-19 02 05.8,,10.3,,6.03,0.99,10.17,5.04,9.0908,,,,"USco,bronze",no,Simbad,1,0.99964,3235.0,122.0,,,,
188,204271115,16 02 23.56,-22 59 33.5,,11.03,,6.38,0.28,11.0,6.1,1.0184,,,,"USco,gold",no,Simbad,1,0.999998,2936.0,157.0,0.514,0.022,0.00506,-1.747632485540101
189,204437393,16 02 23.65,-22 20 19.6,,9.62,,5.4,0.36,9.58,5.04,1.5002,,,,"USco,bronze",no,Simbad,1,0.992964,3404.0,92.0,0.403,0.086,0.03262,-0.7324528278892269
190,203629401,16 02 24.41,-25 29 12.5,,12.47,,6.43,0.28,12.43,6.15,0.4951,,,,"USco,bronze",no,Simbad,1,0.999997,2923.0,157.0,0.335,0.022,0.00236,-2.0925886392254136
191,204519555,16 02 24.59,-22 00 24.8,,9.38,,4.33,0.32,9.34,4.0,0.8951,,,,"USco,gold",no,Simbad,1,0.992964,3878.0,134.1,0.599,0.082,0.0413,-0.6020252491590783
192,204417649,16 02 25.97,-22 24 57.7,,11.65,,6.18,0.23,11.62,5.96,1.435,,,,"USco,bronze",no,Simbad,1,0.999995,3006.0,157.0,0.503,0.024,0.00549,-1.7265357273786537
193,204517888,16 02 32.25,-22 00 48.9,,12.34,,6.93,0.73,12.25,6.2,,,,,"USco,gold",yes,Simbad,1,0.999999,2861.0,157.0,0.391,0.023,0.00285,-2.016824927962187
194,204518814,16 02 34.17,-22 00 35.7,,11.75,,7.24,0.86,11.64,6.38,0.4513,,,,"USco,bronze",no,Simbad,1,0.999999,2832.0,157.0,0.476,0.023,0.00396,-1.878440155812499
195,204182919,16 02 35.86,-23 20 17.2,,10.2,,5.56,0.28,10.17,5.28,6.6977,,,,"USco,gold",yes,Simbad,2,1.0E-6,3292.0,122.0,,,,
196,204356847,16 02 40.08,-22 39 13.5,,11.38,,6.1,1.92,11.13,4.18,1.2901,,,,"USco,bronze",no,Simbad,1,0.999994,3016.0,157.0,0.496,0.023,0.00526,-1.7325935812470958
197,204317053,16 02 41.41,-22 48 42.1,,11.99,,7.14,1.06,11.86,6.08,1.5945,,,,"USco,gold",yes,Simbad,1,0.999998,2907.0,157.0,0.397,0.022,0.00306,-1.9759250126925738
198,204607034,16 02 41.51,-21 38 24.7,,11.18,,6.44,1.09,11.04,5.36,1.9654,,,,"USco,gold",yes,Simbad,1,0.999979,3091.0,157.0,0.532,0.021,0.00634,-1.6283780728239787
199,203560204,16 02 44.47,-25 43 32.5,,11.33,,5.45,0.22,11.3,5.23,2.3026,,,,"USco,gold",no,Simbad,1,0.999146,3171.0,157.0,0.526,0.021,0.00671,-1.5943122133272225
200,205078547,16 02 45.44,-19 30 38.1,,11.14,,6.44,0.52,11.07,5.93,0.7863,,,,"USco,gold",no,Simbad,1,0.999999,2910.0,157.0,0.549,0.025,0.006,-1.7020207558406377
201,204248645,16 02 45.73,-23 04 51.3,,11.5,,6.51,0.5,11.44,6.01,0.2621,0.3861,,,"USco,silver",yes,Simbad,1,0.999999,2916.0,157.0,0.346,0.022,0.00248,-2.0721165896692932
202,204894575,16 02 53.96,-20 22 47.9,12.49,8.19,4.3,4.3,0.32,8.15,3.97,1.954,,,,"USco,gold",no,Simbad,1,0.999935,,,,,,
203,204322706,16 02 55.13,-22 47 20.7,,10.57,,5.65,0.45,10.51,5.2,3.1006,,,,"USco,bronze",no,Simbad,1,0.999146,3193.0,157.0,0.63,0.021,0.01055,-1.3979400086720375
204,203846183,16 02 57.42,-24 42 41.8,,11.4,,5.89,0.23,11.37,5.65,1.575,,,,"USco,bronze",no,Simbad,1,0.999977,3055.0,157.0,0.517,0.022,0.00583,-1.673254620434678
205,204282976,16 02 58.55,-22 56 49.7,,10.11,,4.92,0.41,10.06,4.51,1.866,,,,"USco,gold",no,Simbad,2,1.0E-6,3616.0,121.1,0.516,0.092,0.02089,-0.8879986045138113
206,203547407,16 03 00.18,-25 46 10.9,,8.47,,3.76,0.08,8.46,3.68,,,,,"USco,bronze",no,Simbad,1,0.999991,4170.0,122.0,,,,
207,204489514,16 03 01.60,-22 07 52.7,,11.73,,6.91,0.62,11.65,6.29,1.7049,,,,"USco,gold",yes,Simbad,1,0.999998,2933.0,157.0,0.45,0.022,0.00392,-1.86359655186601
208,203348270,16 03 01.76,-26 26 22.1,,9.69,,4.39,0.43,9.64,3.96,4.1734,,,,"USco,gold",no,Simbad,1,0.992964,3782.0,127.9,0.574,0.087,0.02438,-0.7601501793098084
209,204553407,16 03 01.79,-21 51 58.6,,11.49,,5.98,0.7,11.4,5.28,1.7175,,,,"USco,bronze",no,Simbad,1,0.999994,2997.0,157.0,0.486,0.021,0.00478,-1.7624562618571256
210,203348744,16 03 02.35,-26 26 16.6,,12.15,,6.93,1.21,12.0,5.72,4.1674,,,,"USco,bronze",,Simbad,1,0.999991,3022.0,157.0,0.407,0.024,0.00371,-1.8907590314117968
211,204376053,16 03 14.89,-22 34 45.9,,10.7,,6.46,0.41,10.65,6.05,1.5654,2.0296,,,"USco,gold",no,Simbad,1,0.999997,2950.0,157.0,0.611,0.021,0.00759,-1.5683146553139882
212,204360645,16 03 22.76,-22 38 21.0,,11.17,,6.16,0.4,11.12,5.76,1.9005,,,,"USco,bronze",yes,Simbad,1,0.999995,3014.0,157.0,0.526,0.021,0.00574,-1.681727919788373
213,203551698,16 03 22.89,-25 45 17.5,,10.19,,5.08,0.41,10.13,4.67,19.6837,,,,"USco,bronze",no,Simbad,1,0.996487,3487.0,112.7,0.452,0.089,0.01691,-1.005155150446602
214,203551881,16 03 23.45,-25 45 14.9,,9.54,,4.52,0.0,9.54,4.51,0.7107,,,,"USco,bronze",no,Simbad,1,0.992964,,,,,,
215,204852633,16 03 24.35,-20 34 13.2,,12.34,,7.13,0.69,12.25,6.43,0.3454,,,,"USco,bronze",no,Simbad,1,0.999999,2853.0,157.0,0.4,0.023,0.00294,-2.0039263455147247
216,203341895,16 03 25.98,-26 27 32.2,,10.77,,5.88,0.22,10.74,5.65,0.8336,,,,"USco,gold",no,Simbad,1,0.999893,3118.0,157.0,0.637,0.022,0.01028,-1.4266641599339325
217,204538777,16 03 26.25,-21 55 38.1,,11.6,,6.52,0.91,11.48,5.61,1.4806,,,,"USco,gold",yes,Simbad,1,0.999994,2984.0,157.0,0.476,0.021,0.00454,-1.7872798455821577
218,204548337,16 03 27.87,-21 53 15.4,,9.86,,4.58,0.59,9.79,4.0,5.5706,,,,"USco,bronze",no,Simbad,1,0.997667,3758.0,131.4,0.567,0.085,0.0254,-0.7966406984777
219,205200173,16 03 28.71,-18 53 51.9,,10.12,,5.88,0.25,10.09,5.63,7.5153,,,,"USco,bronze",no,Simbad,1,0.996487,3492.0,123.0,0.455,,,-0.9107309069538507
220,204993463,16 03 29.40,-19 55 03.9,,11.03,,5.9,0.34,10.99,5.56,0.8547,1.1069,,,"USco,gold",no,Simbad,1,0.999948,3084.0,157.0,0.588,0.021,0.0079,-1.532539890492736
221,204063024,16 03 31.81,-23 48 58.3,,9.73,,4.63,0.7,9.64,3.93,9.2188,,,,"USco,bronze",no,Simbad,2,1.0E-6,3683.0,124.8,0.542,0.088,0.02537,-0.7945790843236571
222,204246759,16 03 33.79,-23 05 19.0,,9.05,,3.44,0.7,8.96,2.74,4.4275,4.3351,,,"USco,bronze",no,Simbad,1,0.999019,4143.0,155.8,0.648,0.077,0.05359,-0.2936578015775994
223,204328600,16 03 35.50,-22 45 56.1,10.97,8.36,2.61,2.61,0.42,8.31,2.19,2.4213,,,,"USco,gold",no,Simbad,1,0.999848,4992.0,165.5,0.827,0.102,0.10365,0.10546590150635947
224,205228053,16 03 37.76,-18 45 08.6,,9.81,,5.03,0.89,9.69,4.14,7.6483,,,,"USco,gold",no,Simbad,1,0.997667,3563.0,123.3,0.492,0.097,0.02268,-0.9063682231710524
225,203420271,16 03 37.98,-26 11 54.6,,12.17,,5.76,1.75,11.95,4.01,1.3072,,,,"USco,bronze",no,Simbad,1,0.999962,3079.0,157.0,0.399,0.022,0.00368,-1.873219422987991
226,205199316,16 03 38.30,-18 54 07.6,,9.54,,5.07,0.78,9.44,4.28,0.7729,,,,"USco,gold",no,Simbad,1,0.992964,3771.0,136.4,0.571,0.089,0.03647,-0.6637204256496697
227,205207894,16 03 39.22,-18 51 29.5,,10.2,,5.65,0.71,10.11,4.94,10.5026,,,,"USco,gold",no,Simbad,1,0.998258,3524.0,122.0,0.472,,,-0.9152450368206454
228,204119181,16 03 40.29,-23 35 23.8,,11.32,,5.68,0.31,11.28,5.37,2.6885,,,,"USco,gold",no,Simbad,1,0.999712,3126.0,157.0,0.529,0.021,0.00647,-1.6140364293993026
229,204954915,16 03 41.86,-20 05 57.9,,9.49,,5.01,0.49,9.42,4.52,4.6185,,,,"USco,gold",no,Simbad,2,1.0E-6,3544.0,122.8,0.482,0.093,0.03804,-0.7050930893948076
230,204920926,16 03 43.34,-20 15 31.6,,9.72,,4.94,0.09,9.7,4.85,5.602,,,,"USco,gold",no,Simbad,1,0.996487,3603.0,129.2,0.51,0.094,0.02459,-0.8573290220893105
231,204180473,16 03 45.02,-23 20 53.0,,10.51,,5.34,0.7,10.42,4.64,1.904,,,,"USco,bronze",no,Simbad,1,0.992964,3245.0,157.0,0.643,0.021,0.01157,-1.3465945093354987
232,204330803,16 03 46.95,-22 45 24.7,,9.1,,4.89,0.47,9.04,4.41,12.9396,,,,"USco,gold",no,Simbad,2,1.0E-6,,,,,,
233,204122161,16 03 50.41,-23 34 41.1,,9.7,,4.65,0.7,9.61,3.95,1.6102,,,,"USco,bronze",no,Simbad,2,1.0E-6,3687.0,120.3,0.543,0.088,0.02771,-0.7546847836472661
234,205041327,16 03 50.46,-19 41 21.8,,10.59,,5.81,0.44,10.54,5.38,2.9615,,,,"USco,gold",no,Simbad,1,0.999561,3178.0,157.0,0.647,0.021,0.01104,-1.375511637486551
235,204599787,16 03 51.75,-21 40 15.7,,10.55,,6.56,0.54,10.48,6.02,1.0318,0.8194,0.6002,,"USco,silver",no,Simbad,1,0.999793,,,,,,
236,203723257,16 03 54.03,-25 09 39.7,,11.38,,5.85,0.0,11.38,5.85,1.461,,,,"USco,gold",maybe,Simbad,1,0.999981,3044.0,157.0,0.506,0.022,0.00549,-1.7004927012995124
237,204862109,16 03 54.96,-20 31 38.5,13.2,8.62,4.58,4.58,0.44,8.57,4.15,1.7281,1.052,,,"USco,gold",no,Simbad,1,0.998613,,,,,,
238,204864076,16 03 57.67,-20 31 05.6,,8.37,,4.35,1.82,8.14,2.53,3.8798,,,,"USco,gold",yes,Simbad,1,0.999848,3982.0,122.0,0.621,,,-0.4050331904487251
239,205038557,16 03 57.92,-19 42 11.1,,10.32,,5.23,0.73,10.23,4.51,3.8303,,,,"USco,gold",yes,Simbad,1,0.992964,3500.0,122.0,0.459,,,-0.9833008619350285
240,204230890,16 03 59.12,-23 09 05.6,,9.53,,4.55,0.78,9.43,3.77,6.7346,,,,"USco,bronze",no,Simbad,1,0.992964,3749.0,125.3,0.564,0.083,0.03022,-0.6979072841566443
241,205025028,16 04 00.23,-19 46 02.9,7.77,7.24,0.53,0.53,0.65,7.15,-0.12,,,,,"USco,gold",no,Simbad,1,0.999568,8303.0,254.0,2.045,0.315,1.79244,1.2055675681368436
242,204072696,16 04 04.53,-23 46 38.0,,10.73,,5.81,0.65,10.65,5.16,3.7652,,,,"USco,gold",yes,Simbad,1,0.999389,3193.0,122.0,,,,
243,203290460,16 04 06.71,-26 37 07.2,,9.98,,5.06,0.28,9.94,4.77,2.3362,,,,"USco,silver",no,Simbad,2,1.0E-6,3564.0,125.6,0.492,0.088,0.02324,-0.8647719097739446
244,204376071,16 04 10.11,-22 34 45.7,,11.55,,6.38,0.19,11.53,6.19,1.6268,,,,"USco,bronze",no,Simbad,1,0.999998,2983.0,157.0,0.456,0.022,0.00427,-1.8227521637443767
245,203920102,16 04 14.73,-24 24 43.6,,11.68,,6.13,0.17,11.66,5.96,1.6063,,,,"USco,bronze",no,Simbad,1,0.999995,3003.0,157.0,0.482,0.022,0.00477,-1.7662426370344895
246,205037578,16 04 17.39,-19 42 28.9,,10.42,,4.27,0.61,10.34,3.66,1.7283,,,,"USco,gold",yes,Simbad,1,0.992964,3283.0,122.0,,,,
247,203895983,16 04 18.93,-24 30 39.3,,8.85,,4.96,1.23,8.69,3.73,2.4474,2.5757,,,"USco,gold",yes,Simbad,1,0.996487,,,,,,
248,204637622,16 04 20.98,-21 30 41.6,,9.43,,5.68,0.63,9.35,5.06,1.0516,1.3853,,,"USco,gold",maybe,Simbad,2,1.0E-6,3342.0,122.0,0.364,,,-0.7740191154204082
249,204638512,16 04 21.65,-21 30 28.5,,8.51,,4.39,1.9,8.26,2.49,4.9868,,,,"USco,gold",yes,Simbad,1,0.999936,4181.0,193.0,0.654,0.088,0.06216,-0.3204085923174425
250,203514056,16 04 22.55,-25 53 04.1,,11.86,,5.52,0.7,11.77,4.82,2.2318,,,,"USco,bronze",no,Simbad,1,0.999324,3144.0,157.0,0.42,0.021,0.00427,-1.7980569365983499
251,204603210,16 04 35.87,-21 39 22.3,,9.86,,5.68,0.49,9.8,5.19,1.0926,1.223,,,"USco,bronze",no,Simbad,1,0.999806,3169.0,122.0,,,,
252,203463878,16 04 39.65,-26 03 08.7,,11.42,,5.91,2.3,11.12,3.61,0.8042,,,,"USco,bronze",no,Simbad,1,0.999977,3051.0,157.0,0.478,0.03,0.00567,-1.7449688366544487
253,205345560,16 06 23.81,-18 07 18.6,,10.38,,5.78,0.85,10.27,4.93,,,,,"USco,bronze",yes,Simbad,1,0.998613,3228.0,122.0,,,,
254,205164304,16 06 31.10,-19 04 57.6,,12.72,,7.44,0.76,12.62,6.67,2.3011,,,,"USco,bronze",no,Simbad,1,0.999999,2853.0,158.0,0.293,0.023,0.00182,-2.2291479883578558
255,205454164,16 06 39.30,-17 28 49.9,,10.28,,4.97,0.36,10.23,4.61,17.6813,,,,"USco,bronze",maybe,Simbad,1,0.997667,3500.0,122.0,0.459,,,-0.9530368458765759
256,204970885,16 06 39.89,-20 01 28.4,,10.08,,5.21,0.63,10.0,4.58,6.8925,,,,"USco,gold",no,Simbad,1,0.992964,3588.0,121.9,0.503,0.091,0.02346,-0.859774874733552
257,205208701,16 06 42.66,-18 51 14.0,,13.18,,7.4,0.7,13.09,6.7,0.9063,,,,"USco,silver",yes,Simbad,1,0.999999,2809.0,158.0,0.261,0.026,0.00161,-2.336299074610352
258,205154017,16 06 43.85,-19 08 05.5,,9.19,,4.31,0.77,9.1,3.54,7.0065,,,,"USco,gold",yes,Simbad,1,0.999527,,,,,,
259,204895521,16 06 47.51,-20 22 32.1,,9.87,,5.14,0.69,9.78,4.46,4.8923,,,,"USco,gold",no,Simbad,2,1.0E-6,3678.0,135.2,0.54,0.093,0.02927,-0.8120001275951646
722,203807479,16 16 14.87,-24 51 27.9,,8.62,,3.64,0.0,8.62,3.64,,,,,"USco,bronze",no,Simbad,1,0.999997,4910.0,122.0,,,,
260,205238942,16 06 47.93,-18 41 43.8,,8.98,,3.6,0.7,8.89,2.9,9.3461,,,,"USco,gold",yes,Simbad,1,0.999798,4283.0,124.0,0.669,,,-0.24107297565373476
261,204856827,16 06 59.37,-20 33 04.7,,9.54,,5.8,0.65,9.46,5.15,1.648,2.8058,,,"USco,bronze",no,Simbad,1,0.99885,3410.0,95.9,0.407,0.089,0.03613,-0.7573095259476265
262,204819492,16 07 00.08,-20 43 10.5,,10.82,,6.08,0.85,10.71,5.23,2.0777,,,,"USco,bronze",no,Simbad,1,0.999974,3079.0,157.0,0.585,0.022,0.00789,-1.5401553576117921
263,204856535,16 07 00.15,-20 33 09.2,,9.94,,5.64,1.4,9.76,4.24,,,,,"USco,gold",yes,Simbad,1,0.997667,3591.0,129.4,0.505,0.096,0.02444,-0.9227411363070519
264,204494633,16 07 00.51,-22 06 36.3,,10.44,,5.35,0.28,10.41,5.08,2.5116,,,,"USco,bronze",no,Simbad,1,0.996487,3253.0,157.0,0.621,0.022,0.01087,-1.3812199754937853
265,204871862,16 07 01.69,-20 28 58.2,,12.32,,7.01,0.7,12.23,6.31,1.6489,,,,"USco,gold",yes,Simbad,1,0.999999,2887.0,157.0,0.37,0.025,0.0028,-2.041914151478915
266,204844509,16 07 03.56,-20 36 26.4,12.23,8.1,4.13,4.13,0.17,8.08,3.96,1.7132,1.65,,,"USco,gold",no,Simbad,1,0.999965,,,,,,
267,204819661,16 07 03.72,-20 43 07.7,14.51,9.53,4.98,4.98,0.45,9.48,4.53,10.2495,,,,"USco,gold",no,Simbad,1,0.996487,3830.0,142.1,0.587,0.091,0.03525,-0.6544106462593509
268,205142483,16 07 03.93,-19 11 33.9,14.21,9.22,4.99,4.99,0.63,9.14,4.36,6.6342,,,,"USco,gold",no,Simbad,1,0.996487,,,,,,
269,204919503,16 07 04.73,-20 15 56.0,,11.46,,6.18,0.52,11.39,5.65,3.1147,,,,"USco,gold",no,Simbad,1,0.999988,3053.0,157.0,0.522,0.021,0.00588,-1.6669559701765129
270,205089832,16 07 07.67,-19 27 16.4,,9.8,,5.02,0.27,9.77,4.75,8.175,,,,"USco,gold",no,Simbad,1,0.996487,3503.0,121.6,0.461,0.092,0.02671,-0.8716007312821936
271,205088828,16 07 08.73,-19 27 34.3,,11.17,,5.83,0.5,11.11,5.33,1.6609,,,,"USco,gold",no,Simbad,1,0.999887,3119.0,157.0,0.544,0.021,0.00679,-1.591251393815756
272,204955018,16 07 09.54,-20 05 56.2,,8.51,,3.24,0.7,8.42,2.54,,,,,"USco,bronze",no,Simbad,1,0.999989,4704.0,122.0,,,,
273,205519771,16 07 14.01,-17 02 42.7,,10.75,,5.54,0.49,10.69,5.05,2.4549,,,,"USco,gold",yes,Simbad,1,0.992964,3233.0,157.0,0.621,0.021,0.01045,-1.392223396258307
274,204787127,16 07 14.44,-20 51 52.0,,9.63,,4.93,0.03,9.62,4.9,7.4111,,,,"USco,bronze",no,Simbad,1,0.996487,3613.0,131.0,0.514,0.09,0.02859,-0.8447550828238138
275,205378839,16 07 14.92,-17 56 09.7,7.81,7.4,0.41,0.41,0.53,7.33,-0.12,,,,,"USco,gold",no,Simbad,1,0.999331,8388.0,410.1,2.076,0.354,2.79867,1.1917164286855484
276,204813678,16 07 16.06,-20 44 44.0,,10.37,,6.09,0.78,10.27,5.32,2.312,,,,"USco,gold",maybe,Simbad,1,0.999874,3138.0,157.0,0.653,0.021,0.01081,-1.3870043439676525
277,205390110,16 07 17.41,-17 52 30.4,9.41,7.99,1.42,1.42,0.05,7.99,1.37,5.2411,,,,"USco,bronze",no,Simbad,2,1.0E-6,5952.0,124.3,1.09,0.139,0.03706,0.0951100461281495
278,204506777,16 07 17.78,-22 03 36.5,8.75,7.05,1.7,1.7,0.71,6.96,1.0,1.5325,0.813,,,"USco,bronze",no,Simbad,1,0.999806,5691.0,180.7,1.013,0.137,0.59517,0.8523579836678271
279,204901273,16 07 19.71,-20 20 55.8,,10.72,,5.95,0.66,10.63,5.29,4.9249,,,,"USco,gold",no,Simbad,1,0.999843,3145.0,157.0,0.648,0.021,0.0108,-1.3913670105099631
280,203915140,16 07 21.60,-24 25 58.4,,8.88,,2.77,0.7,8.78,2.07,,,,,"USco,bronze",no,Simbad,1,0.999996,4863.0,122.0,,,,
281,204933717,16 07 22.39,-20 11 58.5,,11.59,,6.75,1.14,11.44,5.61,1.5522,,,,"USco,gold",yes,Simbad,1,0.999999,2879.0,157.0,0.497,0.022,0.00443,-1.8127613801685214
282,205495323,16 07 23.12,-17 12 41.9,,9.38,,3.8,0.0,9.38,3.79,7.0657,,,,"USco,bronze",no,Simbad,1,0.999019,4163.0,151.5,0.651,0.088,0.04854,-0.3652104725415682
283,204242152,16 07 23.75,-23 06 24.1,,9.85,,5.32,0.23,9.82,5.08,2.1044,1.5719,,,"USco,bronze",no,Simbad,1,0.992964,,,,,,
284,203889938,16 07 26.24,-24 32 08.1,,9.88,,5.6,1.07,9.74,4.53,,,,,"USco,gold",yes,Simbad,1,0.997667,3411.0,92.6,0.407,0.084,0.01859,-0.9743664889393021
285,204583750,16 07 26.41,-21 44 16.9,,13.68,,7.07,0.62,13.6,6.44,1.5372,,,,"USco,silver",no,Simbad,1,0.999999,2842.0,157.0,0.187,0.022,9.3E-4,-2.5528419686577806
286,204757338,16 07 27.46,-20 59 44.4,,10.22,,6.48,0.73,10.13,5.75,2.2977,1.0586,,,"USco,silver",yes,Simbad,1,0.999964,,,,,,
287,204909952,16 07 27.53,-20 18 34.8,,11.44,,7.09,1.07,11.3,6.02,0.6305,0.5628,,,"USco,gold",no,Simbad,1,0.999999,2839.0,157.0,0.506,0.022,0.00443,-1.8204482088348122
288,204233955,16 07 29.53,-23 08 22.4,,10.61,,5.77,1.12,10.47,4.65,2.0073,,,,"USco,bronze",yes,Simbad,1,0.999712,3555.0,164.0,0.625,0.021,0.01493,-1.2192507688964478
289,204544974,16 07 33.51,-21 54 05.7,,8.77,,3.0,0.7,8.68,2.3,,,,,"USco,bronze",no,Simbad,1,0.999984,4575.0,122.0,,,,
290,204878461,16 07 35.55,-20 27 13.7,,11.96,,6.32,0.5,11.9,5.82,1.8261,,,,"USco,gold",no,Simbad,1,0.999998,2965.0,157.0,0.46,0.022,0.00424,-1.8259401922749745
291,203860131,16 07 36.50,-24 39 22.2,,10.0,,4.23,0.0,10.0,4.23,5.9332,,,,"USco,bronze",no,Simbad,1,0.996487,3630.0,157.0,0.664,0.02,0.01796,-1.114017188645027
292,205063210,16 07 39.15,-19 35 04.3,,11.31,,6.51,0.45,11.25,6.07,2.4332,,,,"USco,bronze",yes,Simbad,1,0.999997,2954.0,157.0,0.496,0.021,0.00472,-1.7698066211309544
293,205121714,16 07 39.38,-19 17 47.4,,9.8,,5.24,0.84,9.69,4.39,9.1135,,,,"USco,gold",yes,Simbad,2,1.0E-6,3598.0,125.2,0.508,0.091,0.02518,-0.8088844776196936
294,204566199,16 07 40.06,-21 48 42.7,,9.67,,4.09,0.12,9.66,3.96,6.6056,,,,"USco,gold",no,Simbad,1,0.992964,3902.0,122.1,0.605,0.085,0.02212,-0.7018677082203901
295,204845955,16 07 44.48,-20 36 03.2,14.81,9.08,5.74,5.74,0.52,9.01,5.22,1.196,2.5315,1.3137,,"USco,gold",no,Simbad,1,0.999661,3326.0,122.0,,,,
296,204426231,16 07 45.21,-22 22 57.7,,11.52,,6.38,0.4,11.47,5.98,2.2514,2.0986,,,"USco,gold",no,Simbad,1,0.999998,2954.0,157.0,0.471,0.025,0.00458,-1.8141746403870378
297,203753432,16 07 48.61,-25 03 14.3,,11.43,,5.62,0.0,11.43,5.62,1.1744,,,,"USco,bronze",no,Simbad,1,0.999781,3120.0,157.0,0.512,0.021,0.00601,-1.646083769079637
298,204434363,16 07 50.38,-22 21 02.3,,11.34,,6.2,0.71,11.25,5.48,1.5961,,,,"USco,gold",yes,Simbad,1,0.999996,2972.0,157.0,0.526,0.022,0.00555,-1.7053133757205567
299,205480850,16 07 51.35,-17 18 23.3,,10.04,,5.2,0.31,10.0,4.89,6.248,,,,"USco,gold",no,Simbad,1,0.992964,3580.0,124.9,0.5,0.088,0.02972,-0.8335402829065165
300,203843009,16 07 55.65,-24 43 27.1,,12.71,,6.94,1.33,12.54,5.61,1.351,,,,"USco,gold",yes,Simbad,1,0.999996,2944.0,158.0,0.334,0.024,0.00252,-2.0824944904474534
301,204830256,16 07 57.12,-20 40 17.7,,11.65,,6.63,0.66,11.56,5.98,3.65,,,,"USco,bronze",no,Simbad,1,0.999999,2896.0,157.0,0.497,0.025,0.00476,-1.8018930011265986
302,204229583,16 07 57.76,-23 09 23.6,,9.09,,5.23,0.35,9.05,4.89,0.6893,0.7661,10.0931,,"USco,bronze",no,Simbad,1,0.992964,3335.0,123.0,,,,
303,204830786,16 07 57.95,-20 40 08.9,14.8,7.81,6.99,6.99,4.53,7.23,2.46,,,,,"USco,silver",yes,Simbad,1,0.999442,3929.0,198.0,0.611,,,-0.8553946612852555
304,204832041,16 07 58.49,-20 39 48.8,,12.59,,7.35,0.76,12.49,6.58,0.582,,,,"USco,gold",maybe,Simbad,1,0.999999,2852.0,157.0,0.356,0.026,0.00257,-2.0915149811213505
305,203851147,16 07 58.76,-24 41 31.9,,9.83,,5.57,0.25,9.8,5.33,5.9078,5.3359,,,"USco,bronze",no,Simbad,1,0.999751,,,,,,
306,204829482,16 08 00.50,-20 40 29.1,,11.33,,6.43,0.71,11.24,5.72,1.9464,2.5668,,,"USco,gold",no,Simbad,1,0.999999,2922.0,157.0,0.556,0.023,0.00603,-1.6829818989518885
307,204876697,16 08 01.41,-20 27 41.6,,9.29,,4.62,0.95,9.17,3.67,9.2723,,,,"USco,gold",no,Simbad,1,0.999146,3742.0,131.7,0.562,0.09,0.03509,-0.6756558010609593
308,205087483,16 08 01.55,-19 27 58.2,,9.69,,5.59,0.61,9.61,4.98,1.5134,2.3752,,,"USco,gold",no,Simbad,1,0.995099,,,,,,
309,204273100,16 08 02.17,-22 59 05.9,,11.26,,6.44,0.38,11.21,6.06,0.5122,,,,"USco,gold",no,Simbad,1,0.999998,2943.0,157.0,0.551,0.022,0.00594,-1.679645967182328
310,204895410,16 08 02.37,-20 22 34.0,,10.62,,6.54,0.48,10.56,6.06,2.1105,2.4133,,,"USco,gold",no,Simbad,1,0.999998,2956.0,157.0,0.637,0.022,0.00852,-1.5195618528221828
311,203271901,16 08 04.10,-26 40 44.9,,9.06,,4.59,0.62,8.98,3.96,1.5838,1.0901,,,"USco,gold",no,Simbad,1,0.999389,,,,,,
312,204643047,16 08 04.21,-21 29 19.7,,9.82,,4.96,0.36,9.77,4.6,3.2726,,,,"USco,bronze",no,Simbad,1,0.992964,3652.0,121.4,0.53,0.092,0.02527,-0.7918543654646497
313,203788687,16 08 05.22,-24 55 33.2,9.22,7.43,1.79,1.79,0.78,7.33,1.01,0.8911,0.8634,,,"USco,bronze",no,Simbad,1,0.999913,6038.0,147.1,1.121,0.146,0.24899,0.6802321408395997
314,204446677,16 08 05.53,-22 18 07.3,,9.85,,4.96,0.21,9.82,4.75,5.6054,,,,"USco,gold",maybe,Simbad,2,1.0E-6,3531.0,123.0,0.476,0.088,0.02185,-0.9184366790196145
315,203844446,16 08 06.10,-24 43 05.9,,11.53,,5.98,0.0,11.53,5.98,1.2936,0.8414,,,"USco,bronze",no,Simbad,1,0.999996,2990.0,157.0,0.529,0.022,0.0057,-1.6897316333675525
316,204417450,16 08 08.46,-22 25 00.2,,10.77,,5.11,0.7,10.68,4.41,9.1946,,,,"USco,gold",no,Simbad,1,0.996487,3349.0,157.0,0.624,0.021,0.0119,-1.325414397697086
317,204054556,16 08 10.50,-23 51 02.4,9.16,7.83,1.33,1.33,0.32,7.79,1.01,1.0459,0.654,1.0971,1.0081,"USco,gold",no,Simbad,1,0.999389,6778.0,244.8,1.454,0.256,0.7208,0.7620322669248446
318,204397408,16 08 10.80,-22 29 43.1,,11.68,,6.66,0.35,11.63,6.31,1.6454,,,,"USco,gold",yes,Simbad,1,0.999999,2891.0,157.0,0.442,0.023,0.00367,-1.90274269030658
319,205164832,16 08 10.82,-19 04 47.9,,8.47,,3.19,0.44,8.41,2.75,3.0522,,,,"USco,gold",no,Simbad,1,0.999899,4558.0,123.0,,,,
320,204321428,16 08 13.99,-22 47 39.5,,10.73,,5.75,0.49,10.67,5.27,1.5424,,,,"USco,gold",no,Simbad,1,0.999488,3168.0,157.0,0.61,0.022,0.00968,-1.4461169733561257
321,205152548,16 08 14.74,-19 08 32.4,11.4,8.43,2.98,2.98,0.51,8.36,2.47,10.4413,,,,"USco,silver",yes,Simbad,1,0.999937,4855.0,124.0,0.79,,,0.05480832827355836
322,204838119,16 08 15.34,-20 38 11.5,,10.68,,5.81,0.78,10.58,5.03,3.9826,,,,"USco,gold",no,Simbad,1,0.998258,3196.0,157.0,0.638,0.021,0.01088,-1.3814289718798702
323,204801261,16 08 15.59,-20 48 02.4,,9.86,,5.55,0.56,9.79,4.99,0.5499,,,,"USco,bronze",no,Simbad,1,0.997667,3521.0,120.9,0.471,0.094,0.02821,-0.79617869748345
324,204428864,16 08 15.65,-22 22 20.3,,9.95,,5.08,0.3,9.91,4.78,3.619,,,,"USco,gold",yes,Simbad,2,1.0E-6,3546.0,126.9,0.483,0.093,0.02352,-0.9196260832986908
325,203563853,16 08 16.92,-25 42 47.6,,10.97,,5.49,0.7,10.88,4.79,0.9552,,,,"USco,bronze",no,Simbad,1,0.992964,3207.0,157.0,0.593,0.021,0.00906,-1.455188088242224
326,205177336,16 08 18.36,-19 00 59.7,,10.23,,5.78,0.59,10.15,5.18,3.2443,,,,"USco,gold",no,Simbad,1,0.99987,3166.0,122.0,,,,
327,204634894,16 08 20.77,-21 31 23.7,,10.83,,5.79,0.23,10.8,5.57,1.9677,,,,"USco,gold",no,Simbad,1,0.999881,3115.0,157.0,0.584,0.021,0.00799,-1.5225893120927485
328,204451272,16 08 22.28,-22 17 03.2,,12.03,,6.72,0.6,11.95,6.12,0.9726,,,,"USco,gold",no,Simbad,1,0.999992,3082.0,123.0,,,,
329,205080360,16 08 22.34,-19 30 05.2,,9.06,,4.92,0.7,8.97,4.22,2.3813,,,,"USco,gold",no,Simbad,1,0.996487,3670.0,122.0,,,,
330,204118782,16 08 23.03,-23 35 29.6,,9.94,,5.15,0.37,9.89,4.78,3.2406,,,,"USco,gold",no,Simbad,1,0.992964,3531.0,114.5,0.476,0.091,0.01885,-0.9490019208266159
331,204154736,16 08 23.09,-23 26 56.2,,9.59,,4.61,0.4,9.54,4.21,7.3397,,,,"USco,bronze",no,Simbad,1,0.997667,3733.0,124.4,0.559,0.083,0.02773,-0.7283209940255759
332,205080616,16 08 23.24,-19 30 00.9,,9.47,,4.76,0.51,9.4,4.25,5.3676,3.681,,,"USco,gold",yes,Simbad,2,1.0E-6,3790.0,137.3,0.577,0.085,0.03471,-0.7041471293560514
333,205142641,16 08 23.56,-19 11 31.8,,9.93,,5.59,0.69,9.84,4.9,6.3291,,,,"USco,gold",no,Simbad,1,0.992964,3508.0,116.9,0.464,0.087,0.02346,-0.916569051839489
334,205060410,16 08 23.87,-19 35 52.1,,9.25,,4.85,0.63,9.17,4.22,17.9258,,,,"USco,gold",no,Simbad,1,0.998613,,,,,,
335,204932100,16 08 25.10,-20 12 24.8,,9.87,,4.93,0.01,9.86,4.92,17.9856,,,,"USco,gold",no,Simbad,1,0.997667,3627.0,128.6,0.52,0.088,0.0229,-0.8539650373974984
336,204449389,16 08 27.33,-22 17 29.6,,10.45,,6.32,1.84,10.21,4.48,1.8592,,,,"USco,gold",yes,Simbad,1,0.999697,3143.0,157.0,0.652,0.021,0.01089,-1.3863695650747594
337,204611292,16 08 28.68,-21 37 20.1,,10.76,,6.0,0.27,10.73,5.74,1.7674,,,,"USco,gold",yes,Simbad,1,0.999987,3045.0,157.0,0.591,0.021,0.00766,-1.5489815478445426
338,204120066,16 08 30.48,-23 35 10.9,,13.81,,8.7,1.24,13.65,7.46,,,,,"USco,silver",yes,Simbad,1,0.999999,3217.0,181.0,0.208,0.033,0.00244,-2.260427655549908
339,205359167,16 08 31.38,-18 02 41.4,,8.9,,4.13,0.3,8.87,3.83,9.3162,,,,"USco,gold",no,Simbad,1,0.999324,4129.0,149.3,0.646,0.084,0.06415,-0.30641373604094685
340,205141287,16 08 34.36,-19 11 56.2,11.73,7.78,3.95,3.95,0.6,7.71,3.35,0.5461,7.5879,0.3429,,"USco,gold",no,Simbad,1,0.999923,,,,,,
341,204472612,16 08 34.54,-22 11 56.1,,11.53,,6.49,0.71,11.44,5.78,1.9243,,,,"USco,gold",yes,Simbad,1,0.999996,2984.0,157.0,0.46,0.021,0.00426,-1.8147412347034149
342,204810792,16 08 35.14,-20 45 29.6,8.35,6.68,1.67,1.67,0.66,6.59,1.01,3.6922,3.4646,,,"USco,gold",no,Simbad,1,0.999927,5820.0,137.9,1.047,0.124,0.4477,0.8332433985462583
343,205142340,16 08 35.77,-19 11 37.5,,12.17,,7.06,0.42,12.12,6.64,1.3056,,,,"USco,bronze",no,Simbad,1,0.999999,2882.0,157.0,0.37,0.022,0.00264,-2.0443122496864943
344,203833980,16 08 36.46,-24 45 30.6,,10.73,,5.1,0.32,10.69,4.78,2.8203,,,,"USco,silver",no,Simbad,1,0.992964,3289.0,157.0,0.582,0.021,0.00936,-1.4321505494268931
345,205358744,16 08 36.58,-18 02 49.9,,11.75,,7.87,0.49,11.69,7.38,1.3365,0.4545,,,"USco,gold",yes,Simbad,1,0.999999,2823.0,157.0,0.44,0.022,0.0033,-1.9476909003526766
346,204099739,16 08 39.08,-23 40 05.6,,9.15,,5.33,0.42,9.09,4.9,0.7158,0.7428,,,"USco,bronze",no,Simbad,1,0.992964,3518.0,122.0,,,,
347,205192701,16 08 41.71,-18 56 10.7,,11.21,,6.93,0.72,11.12,6.21,2.1986,1.5705,,,"USco,gold",no,Simbad,1,0.999999,2847.0,157.0,0.532,0.022,0.00494,-1.7708302974608991
348,205177770,16 08 43.07,-19 00 52.1,,10.27,,6.05,0.4,10.22,5.65,1.1423,0.9348,,,"USco,gold",no,Simbad,1,0.995302,,,,,,
349,203468205,16 08 43.40,-26 02 16.7,10.38,7.91,2.47,2.47,0.45,7.85,2.02,2.2211,,,,"USco,gold",no,Simbad,1,0.999941,4941.0,123.0,,,,
350,203660895,16 08 43.66,-25 22 36.5,8.8,7.25,1.55,1.55,0.5,7.19,1.05,3.858,,,,"USco,gold",no,Simbad,1,0.999834,6066.0,160.0,1.132,0.162,0.47972,0.860211593504915
351,203898731,16 08 45.64,-24 30 00.3,,11.24,,5.71,0.25,11.21,5.46,1.7833,,,,"USco,bronze",no,Simbad,1,0.999884,3115.0,157.0,0.53,0.021,0.00643,-1.6179829574251317
352,204324196,16 08 46.06,-22 46 59.4,,10.88,,5.49,0.43,10.83,5.06,3.1314,,,,"USco,gold",no,Simbad,1,0.996487,3261.0,157.0,0.652,0.022,0.01261,-1.3221194184884095
353,202710503,16 08 46.75,-28 38 59.9,,10.43,,5.21,0.16,10.41,5.04,2.9021,,,,"USco,bronze",no,Simbad,1,0.997667,3302.0,157.0,0.644,0.02,0.01224,-1.3136318965269638
354,203897643,16 08 47.39,-24 30 15.2,,10.77,,6.11,1.94,10.52,4.16,0.6426,0.5131,,,"USco,bronze",no,Simbad,1,0.999996,3004.0,157.0,0.633,0.028,0.00985,-1.4979827851728527
355,204094503,16 08 48.36,-23 41 21.1,,11.59,,6.41,0.57,11.52,5.84,1.6533,,,,"USco,gold",yes,Simbad,1,0.999998,2968.0,157.0,0.46,0.022,0.00418,-1.8253588073395515
356,204507317,16 08 50.33,-22 03 28.7,,10.83,,5.73,0.55,10.76,5.18,3.8666,,,,"USco,gold",no,Simbad,1,0.999488,3166.0,157.0,0.587,0.021,0.0085,-1.489589051989823
357,204852312,16 08 54.07,-20 34 18.4,,10.0,,6.33,0.79,9.9,5.54,0.4583,0.4317,,,"USco,gold",no,Simbad,1,0.999989,,,,,,
358,204565769,16 08 56.28,-21 48 48.9,,9.64,,4.71,0.49,9.58,4.22,9.4538,,,,"USco,gold",no,Simbad,2,1.0E-6,3633.0,128.3,0.523,0.089,0.02617,-0.8491514933304772
359,204854345,16 08 56.72,-20 33 45.8,,8.62,,3.59,0.24,8.59,3.35,5.3133,,,,"USco,gold",no,Simbad,1,0.999843,4054.0,122.0,,,,
360,202724025,16 08 56.94,-28 35 57.7,,9.63,,5.67,1.82,9.4,3.85,0.2595,0.2795,,,"USco,gold",no,Simbad,1,0.999245,3223.0,122.0,,,,
361,204894630,16 08 57.45,-20 22 47.2,,11.1,,5.68,0.4,11.04,5.28,1.019,,,,"USco,bronze",no,Simbad,1,0.999488,3166.0,157.0,0.481,0.021,0.00553,-1.6751005029476866
362,203815783,16 08 58.69,-24 49 36.5,,11.41,,5.64,0.41,11.36,5.23,1.5624,,,,"USco,gold",no,Simbad,1,0.999781,3130.0,157.0,0.532,0.022,0.00666,-1.606073993414163
363,205152244,16 09 00.01,-19 08 37.1,,10.96,,6.29,0.67,10.87,5.62,1.8142,,,,"USco,gold",yes,Simbad,1,0.999993,3006.0,157.0,0.559,0.021,0.00649,-1.627824713884936
364,202957873,16 09 00.50,-27 45 19.7,,11.24,,6.13,0.05,11.24,6.08,0.7722,0.3686,,,"USco,gold",no,Simbad,1,0.999997,2968.0,157.0,0.489,0.022,0.00475,-1.7734000947926425
365,204871202,16 09 00.70,-20 29 08.8,,12.17,,10.21,1.68,11.95,8.53,1.639,1.9004,,,"USco,gold",yes,Simbad,1,0.999999,2856.0,160.0,0.371,0.026,0.00284,-2.057991946977687
366,205151387,16 09 00.76,-19 08 52.6,,9.15,,4.75,0.86,9.04,3.89,9.9623,,,,"USco,gold",yes,Simbad,1,0.992964,3740.0,142.5,0.561,0.091,0.04279,-0.688458041598805
367,202960425,16 09 00.94,-27 44 46.8,,10.8,,6.07,0.7,10.71,5.37,0.6452,2.0169,,,"USco,bronze",no,Simbad,1,0.999997,2964.0,157.0,0.6,0.021,0.00726,-1.5797141150580822
368,202978875,16 09 01.67,-27 40 52.3,,11.95,,6.97,0.52,11.88,6.45,0.3057,,,,"USco,bronze",no,Simbad,1,0.999999,2840.0,157.0,0.456,0.022,0.00364,-1.9083330424043154
369,204555809,16 09 01.97,-21 51 22.7,,12.63,,7.8,0.7,12.54,7.1,0.2693,,,,"USco,silver",no,Simbad,1,0.999999,2840.0,157.0,0.293,0.023,0.0018,-2.238072161579471
370,204172838,16 09 02.00,-23 22 40.4,,10.11,,5.25,0.35,10.06,4.89,4.5648,,,,"USco,gold",no,Simbad,1,0.997667,3439.0,101.6,0.424,0.088,0.01955,-0.9848079582371656
371,205181377,16 09 02.59,-18 59 44.0,7.78,7.01,0.77,0.77,0.73,6.92,0.04,,,,,"USco,gold",no,Simbad,1,0.999747,7896.0,196.1,1.889,0.307,1.13994,1.1302674933173846
372,205046848,16 09 03.96,-19 39 45.8,,10.37,,5.77,0.35,10.32,5.41,4.4663,,,,"USco,gold",no,Simbad,1,0.999781,3141.0,157.0,0.651,0.021,0.01072,-1.3896592885478432
373,205066998,16 09 04.05,-19 34 00.0,,10.88,,7.45,2.22,10.59,5.23,3.0945,0.4205,,,"USco,gold",no,Simbad,1,0.999959,,,,,,
374,204418005,16 09 04.50,-22 24 52.5,,11.99,,7.51,0.82,11.89,6.69,2.1809,,,,"USco,gold",yes,Simbad,1,0.999999,2812.0,157.0,0.411,0.024,0.003,-2.00788851221305
375,205626492,16 09 04.58,-16 16 32.7,,10.75,,5.92,0.38,10.7,5.53,0.3286,,,,"USco,bronze",no,Simbad,1,0.999953,3083.0,157.0,0.598,0.021,0.00815,-1.514988785421427
376,203913100,16 09 05.10,-24 26 28.5,,10.98,,5.42,0.36,10.94,5.06,2.1167,,,,"USco,gold",no,Simbad,2,1.0E-6,3232.0,157.0,0.582,0.021,0.00893,-1.4611750110620962
377,204100531,16 09 07.75,-23 39 54.5,,11.13,,6.37,0.38,11.08,5.99,1.2548,,,,"USco,gold",no,Simbad,1,0.999998,2909.0,157.0,0.533,0.022,0.00531,-1.7307206102281014
378,203009876,16 09 07.76,-27 34 22.5,,11.42,,5.52,2.18,11.14,3.34,1.1937,,,,"USco,bronze",no,Simbad,1,0.999591,3125.0,157.0,0.4,0.02,0.00376,-1.8455760268853532
379,204448136,16 09 08.81,-22 17 47.0,,12.07,,6.12,0.04,12.07,6.08,0.3899,,,,"USco,silver",no,Simbad,1,0.999996,2946.0,157.0,0.278,0.021,0.00173,-2.211831628858832
380,204328391,16 09 09.38,-22 45 59.2,,10.53,,5.41,0.7,10.44,4.71,5.4266,,,,"USco,gold",no,Simbad,1,0.996487,3299.0,157.0,0.643,0.021,0.01221,-1.3175841383226414
381,205034152,16 09 13.38,-19 43 28.4,,10.6,,5.59,0.42,10.54,5.17,3.62,,,,"USco,gold",no,Simbad,1,0.996487,3227.0,157.0,0.616,0.02,0.01011,-1.4047242881979005
382,202539362,16 09 13.64,-29 18 15.6,9.11,8.07,1.04,1.04,0.03,8.06,1.01,0.5689,,,,"USco,gold",no,Simbad,1,0.999392,7120.0,177.9,1.583,0.279,2.755,1.307282047033346
383,205056060,16 09 15.80,-19 37 06.4,,11.46,,5.9,0.14,11.44,5.76,1.7251,,,,"USco,gold",no,Simbad,1,0.999974,3051.0,157.0,0.521,0.021,0.00584,-1.6693833327055616
384,204093677,16 09 16.88,-23 41 32.5,,10.97,,6.25,0.29,10.94,5.96,0.3628,,,,"USco,gold",no,Simbad,1,0.999996,3005.0,157.0,0.572,0.021,0.0068,-1.6064247967304124
385,205558283,16 09 20.41,-16 46 40.3,11.4,8.15,3.25,3.25,0.7,8.06,2.55,,,,,"USco,bronze",no,Simbad,1,0.999997,4675.0,122.0,,,,
386,205092303,16 09 20.54,-19 26 32.1,,12.08,,6.94,0.7,11.99,6.24,1.7205,,,,"USco,gold",yes,Simbad,1,0.999998,2937.0,157.0,0.389,0.023,0.00311,-1.975104039892515
387,204429883,16 09 20.62,-22 22 05.9,15.9,9.5,6.4,6.4,0.66,9.41,5.74,0.3236,0.3286,1.4699,0.3586,"USco,gold",no,Simbad,1,0.999995,,,,,,
388,205089268,16 09 20.88,-19 27 25.9,8.04,7.48,0.56,0.56,0.52,7.41,0.04,,,,,"USco,gold",yes,Simbad,1,0.993139,8488.0,319.5,2.11,0.332,2.54188,1.1718030698941915
389,204602441,16 09 21.36,-21 39 34.4,,11.03,,6.56,0.42,10.97,6.14,,,,,"USco,gold",yes,Simbad,1,0.999979,,,,,,
390,203581504,16 09 26.93,-25 39 08.4,,11.7,,6.26,0.7,11.61,5.56,0.5917,0.6765,,,"USco,bronze",no,Simbad,1,0.999998,2957.0,157.0,0.319,0.023,0.00231,-2.1056839373155616
391,205203376,16 09 29.19,-18 52 53.7,,8.38,,4.36,0.38,8.33,3.98,11.3478,12.0726,,,"USco,gold",no,Simbad,1,0.999981,,,,,,
392,204086791,16 09 29.38,-23 43 12.1,,13.22,,7.9,0.64,13.13,7.26,0.5256,0.4435,,,"USco,silver",no,Simbad,1,0.999999,2899.0,172.0,0.253,0.025,0.00176,-2.3045183235098023
393,204517282,16 09 29.69,-22 00 58.2,,9.57,,4.88,0.66,9.49,4.22,5.715,,,,"USco,gold",no,Simbad,1,0.998258,3591.0,119.4,0.505,0.09,0.02315,-0.8434508486682187
394,204756726,16 09 30.18,-20 59 53.6,,12.98,,7.44,0.77,12.89,6.67,1.5928,,,,"USco,gold",yes,Simbad,1,0.999999,2885.0,158.0,0.295,0.026,0.00206,-2.2041199826559246
395,203362293,16 09 30.22,-26 23 41.9,,12.49,,6.25,0.39,12.44,5.86,1.0369,,,,"USco,bronze",no,Simbad,1,0.999996,2974.0,157.0,0.359,0.022,0.00275,-2.011887159731648
396,203842174,16 09 30.34,-24 43 37.8,,9.5,,5.17,0.75,9.41,4.43,2.4318,,,,"USco,bronze",no,Simbad,2,1.0E-6,3537.0,116.0,,,,
397,204824603,16 09 31.08,-20 41 46.3,,10.14,,6.36,0.54,10.07,5.82,3.0965,,,,"USco,gold",no,Simbad,1,0.999994,3047.0,122.0,,,,
398,204398857,16 09 31.65,-22 29 22.4,,9.15,,5.13,0.63,9.07,4.5,12.8007,,,,"USco,gold",yes,Simbad,2,1.0E-6,,,,,,
399,204397879,16 09 32.29,-22 29 35.9,,10.48,,5.67,0.35,10.44,5.31,3.6661,,,,"USco,bronze",yes,Simbad,1,0.999324,3260.0,157.0,0.651,0.022,0.01234,-1.3250470519514348
400,205164400,16 09 33.77,-19 04 56.5,,9.85,,5.23,0.19,9.83,5.04,13.3686,,,,"USco,gold",no,Simbad,1,0.992964,3467.0,110.2,0.441,0.089,0.02172,-0.9540123943390325
401,204608292,16 09 35.74,-21 38 05.9,,9.91,,5.29,0.79,9.81,4.5,4.3972,0.8302,,,"USco,gold",no,Simbad,1,0.992964,3315.0,157.0,0.58,0.024,0.01026,-1.4210171572972095
402,204769996,16 09 36.07,-20 56 25.8,,11.68,,6.31,0.51,11.62,5.8,1.7179,,,,"USco,bronze",no,Simbad,1,0.999998,2948.0,157.0,0.48,0.022,0.00452,-1.8010681300677909
403,205218826,16 09 36.53,-18 48 01.1,,10.28,,6.95,1.94,10.03,5.01,1.7339,3.3644,,,"USco,gold",yes,Simbad,1,0.999942,3108.0,158.0,0.668,0.021,0.01127,-1.3767507096020994
404,204783273,16 09 37.06,-20 52 53.2,,11.98,,6.28,0.19,11.95,6.09,1.1105,,,,"USco,gold",no,Simbad,1,0.999998,2931.0,157.0,0.439,0.022,0.00377,-1.884056823060945
405,204388140,16 09 39.67,-22 31 54.1,,10.74,,5.76,0.3,10.7,5.45,3.7293,,,,"USco,gold",no,Simbad,1,0.999772,3156.0,157.0,0.598,0.021,0.00881,-1.475603877896158
406,204518032,16 09 39.70,-22 00 46.5,,9.3,,4.69,0.49,9.24,4.19,6.5057,,,,"USco,gold",no,Simbad,1,0.999146,3728.0,129.7,0.558,0.085,0.03459,-0.6876110506294081
407,204447221,16 09 40.99,-22 17 59.4,12.56,8.44,4.12,4.12,0.16,8.42,3.96,9.7421,,,,"USco,gold",yes,Simbad,2,1.0E-6,3920.0,122.0,,,,
408,203844180,16 09 43.53,-24 43 10.0,,12.17,,6.02,0.4,12.12,5.62,0.8422,,,,"USco,bronze",no,Simbad,1,0.99999,3036.0,157.0,0.388,0.021,0.00331,-1.9193735130781941
409,203893268,16 09 45.22,-24 31 18.6,,9.14,,3.98,0.7,9.05,3.28,6.3604,,,,"USco,bronze",no,Simbad,1,0.997667,3991.0,123.7,0.623,0.078,0.03496,-0.491160662024425
410,204288433,16 09 46.33,-22 55 34.0,,11.03,,6.08,0.35,10.98,5.72,1.8162,,,,"USco,gold",maybe,Simbad,1,0.999981,3067.0,157.0,0.555,0.021,0.0068,-1.6008456660417836
411,205054287,16 09 46.44,-19 37 36.3,,9.63,,4.7,0.09,9.62,4.6,4.1534,,,,"USco,gold",no,Simbad,1,0.997667,3582.0,129.6,0.501,0.095,0.03337,-0.8185566044581022
412,205477423,16 09 46.87,-17 19 44.9,,8.69,,3.55,0.7,8.6,2.85,5.4103,,,,"USco,bronze",no,Simbad,1,0.999999,4501.0,122.0,,,,
413,203837143,16 09 49.54,-24 44 47.1,,10.07,,4.58,0.36,10.02,4.22,8.9081,,,,"USco,gold",no,Simbad,1,0.992964,3661.0,121.1,0.534,0.088,0.02072,-0.8948305720006683
414,203065387,16 09 51.06,-27 22 42.0,,12.45,,7.45,0.07,12.44,7.38,0.5432,,,,"USco,bronze",no,Simbad,1,0.999999,2827.0,157.0,0.346,0.022,0.0022,-2.1278437272517072
415,203856109,16 09 51.96,-24 40 20.0,,12.13,,6.95,0.83,12.03,6.12,1.4332,,,,"USco,bronze",yes,Simbad,1,0.999999,2890.0,157.0,0.422,0.026,0.00356,-1.940815382368629
416,204982702,16 09 52.06,-19 58 06.8,,10.46,,6.23,0.09,10.45,6.14,2.403,,,,"USco,bronze",yes,Simbad,1,0.999848,3158.0,162.0,0.646,0.021,0.01108,-1.388382889445664
417,204614722,16 09 52.16,-21 36 28.1,,11.57,,7.39,0.0,11.57,7.39,0.7016,0.6073,,,"USco,gold",no,Simbad,1,0.999999,2822.0,157.0,0.465,0.023,0.00377,-1.90274269030658
418,203849738,16 09 52.87,-24 41 53.5,,10.93,,6.17,0.45,10.87,5.72,0.619,,,,"USco,gold",no,Simbad,1,0.999996,2978.0,157.0,0.585,0.021,0.00693,-1.5984271543235542
419,205383125,16 09 53.60,-17 54 47.6,,11.53,,6.72,0.69,11.44,6.04,,,,,"USco,gold",yes,Simbad,1,0.999997,3013.0,157.0,0.514,0.023,0.00567,-1.7037737127388395
420,205157836,16 09 54.42,-19 06 55.0,,9.6,,5.02,0.91,9.48,4.11,16.3202,,,,"USco,gold",no,Simbad,1,0.992964,3614.0,121.9,0.515,0.087,0.02288,-0.8735438865681957
421,204472125,16 09 56.95,-22 12 02.9,,12.66,,6.94,0.38,12.62,6.56,0.8158,,,,"USco,gold",no,Simbad,1,0.999999,2872.0,157.0,0.316,0.022,0.00204,-2.1636758842932484
422,204419255,16 09 58.05,-22 24 34.8,7.71,6.88,0.83,0.83,0.46,6.82,0.37,,,,,"USco,bronze",yes,Simbad,1,0.999698,7877.0,310.3,1.881,0.325,2.57697,1.2309205134204175
423,204078097,16 09 58.51,-23 45 18.9,,11.62,,7.04,0.74,11.53,6.3,1.4106,,,,"USco,gold",yes,Simbad,1,0.999999,2826.0,157.0,0.498,0.026,0.0045,-1.8437538096026556
424,204121113,16 09 58.62,-23 34 55.9,,8.93,,4.16,0.0,8.93,4.16,1.6718,,,,"USco,bronze",no,Simbad,1,0.999853,3961.0,121.4,0.617,0.08,0.02801,-0.5023379250578552
425,205366676,16 09 59.32,-18 00 09.2,,10.34,,5.92,0.32,10.3,5.6,3.6874,,,,"USco,gold",yes,Simbad,1,0.999906,3103.0,157.0,0.644,0.021,0.01008,-1.423083044034793
426,204538466,16 09 59.89,-21 55 42.8,,13.31,,7.38,0.65,13.22,6.73,0.8738,,,,"USco,gold",no,Simbad,1,0.999999,2903.0,159.0,0.217,0.024,0.00129,-2.4100503986742923
427,204551703,16 10 01.29,-21 52 24.6,,11.71,,6.75,0.23,11.68,6.52,1.7492,1.8095,,,"USco,gold",no,Simbad,1,0.999999,2843.0,157.0,0.489,0.023,0.00418,-1.8483237691529522
428,204059992,16 10 01.83,-23 49 43.5,,10.13,,5.79,1.87,9.89,3.92,1.0779,1.433,,,"USco,gold",no,Simbad,1,0.999843,3149.0,122.0,,,,
429,203036995,16 10 03.10,-27 28 39.8,,9.84,,5.62,0.29,9.8,5.33,0.9301,0.7757,,,"USco,bronze",no,Simbad,1,0.992964,,,,,,
430,203036352,16 10 03.93,-27 28 48.2,,11.2,,5.61,0.0,11.2,5.61,0.7104,,,,"USco,gold",no,Simbad,1,0.99968,3130.0,157.0,0.563,0.021,0.00744,-1.550521600812635
431,204630363,16 10 05.02,-21 32 31.8,13.5,8.95,4.55,4.55,1.25,8.79,3.3,6.6566,,,,"USco,gold",yes,Simbad,1,0.999561,3941.0,130.7,0.613,0.078,0.03005,-0.5585719629764011
432,204649301,16 10 06.08,-21 27 44.0,,13.77,,8.99,1.25,13.61,7.74,,,,,"USco,silver",yes,Simbad,1,0.999999,,,,,,
433,205026365,16 10 10.39,-19 45 40.0,,10.41,,5.66,0.35,10.36,5.31,2.0262,,,,"USco,gold",no,Simbad,1,0.997667,3230.0,157.0,0.661,0.021,0.01235,-1.3230321857052414
434,205024957,16 10 10.99,-19 46 04.2,,11.38,,6.19,0.47,11.32,5.71,1.6656,,,,"USco,gold",yes,Simbad,1,0.999995,3021.0,157.0,0.503,0.022,0.00538,-1.7176044952574745
435,204212486,16 10 11.64,-23 13 24.0,,9.07,,4.84,0.82,8.97,4.02,25.1229,,,,"USco,bronze",no,Simbad,1,0.992964,3614.0,122.0,,,,
436,202633073,16 10 13.16,-28 56 30.8,,13.14,,7.55,0.38,13.09,7.17,,,,,"USco,silver",no,Simbad,1,0.999999,,,,,,
437,205005589,16 10 14.45,-19 51 37.8,,10.23,,5.68,0.4,10.18,5.29,5.1176,,,,"USco,gold",maybe,Simbad,1,0.992964,3252.0,122.0,,,,
438,205117205,16 10 14.72,-19 19 09.7,,10.03,,5.69,0.83,9.92,4.85,6.2895,,,,"USco,gold",no,Simbad,1,0.996487,3318.0,69.5,0.349,0.08,0.01435,-1.0440718431030493
439,202515599,16 10 15.41,-29 23 56.2,,12.08,,6.46,0.0,12.08,6.46,0.5851,,,,"USco,bronze",no,Simbad,1,0.999998,2886.0,157.0,0.357,0.021,0.00242,-2.069050968832477
440,203756600,16 10 18.88,-25 02 32.5,,11.26,,6.12,0.22,11.24,5.9,,,,,"USco,silver",yes,Simbad,1,0.999979,3134.0,157.0,0.551,0.023,0.00741,-1.5705707356182124
441,203756781,16 10 19.19,-25 02 30.3,11.98,8.36,3.61,3.61,0.26,8.33,3.35,18.2246,,,,"USco,gold",no,Simbad,1,0.996487,4221.0,122.0,,,,
442,204133691,16 10 20.85,-23 31 55.8,,11.05,,6.01,0.32,11.01,5.68,0.8106,,,,"USco,gold",no,Simbad,1,0.999996,2978.0,157.0,0.537,0.022,0.0058,-1.6827726508235799
443,205040772,16 10 21.51,-19 41 32.1,,9.86,,5.63,0.34,9.82,5.29,1.1189,,,,"USco,silver",no,Simbad,1,0.999971,,,,,,
444,202915242,16 10 21.53,-27 54 17.6,,11.2,,6.09,0.28,11.16,5.8,1.2661,1.7012,,,"USco,bronze",no,Simbad,1,0.999995,3002.0,157.0,0.559,0.022,0.00649,-1.6304131092636556
445,205167008,16 10 21.73,-19 04 06.8,,9.62,,5.16,0.81,9.52,4.35,4.1422,,,,"USco,gold",no,Simbad,1,0.992964,3433.0,119.8,0.421,0.093,0.02968,-0.9033680244418391
446,204217309,16 10 23.43,-23 12 17.8,,10.16,,5.91,0.61,10.08,5.3,0.2655,0.4697,,,"USco,gold",no,Simbad,1,0.999772,3175.0,122.0,,,,
447,202585030,16 10 24.19,-29 07 29.3,,9.07,,3.9,0.7,8.98,3.2,38.3933,,,,"USco,bronze",no,Simbad,1,0.992964,3954.0,122.0,,,,
448,205133963,16 10 24.73,-19 14 07.5,,10.33,,5.98,0.92,10.21,5.06,1.575,,,,"USco,silver",no,Simbad,1,0.999591,3393.0,122.0,0.396,,,-0.9835516817409625
449,203596697,16 10 25.15,-25 35 59.3,,10.8,,6.01,0.7,10.71,5.31,0.5868,,,,"USco,bronze",no,Simbad,1,0.999996,2984.0,157.0,0.564,0.021,0.00642,-1.6320852612062473
450,204242194,16 10 25.35,-23 06 23.4,7.79,7.24,0.55,0.55,0.65,7.16,-0.11,,,,,"USco,silver",no,Simbad,1,0.992964,7965.0,223.1,1.916,0.323,0.86159,0.9632309126003682
451,204484164,16 10 26.24,-22 09 10.8,,9.02,,5.51,0.78,8.92,4.73,0.8685,,,,"USco,gold",no,Simbad,1,0.996487,,,,,,
452,204392438,16 10 26.48,-22 30 53.7,,10.47,,5.89,0.56,10.4,5.34,0.925,,,,"USco,gold",no,Simbad,1,0.999697,3138.0,157.0,0.639,0.021,0.01018,-1.412401270278755
453,202904813,16 10 26.53,-27 56 29.4,,9.57,,4.36,0.0,9.57,4.36,1.2227,,,,"USco,silver",no,Simbad,2,1.0E-6,3447.0,157.0,0.454,0.02,0.00647,-1.5756084455897226
454,205145188,16 10 28.18,-19 10 44.5,,11.79,,7.03,1.17,11.64,5.86,1.7554,,,,"USco,gold",yes,Simbad,1,0.999999,2981.0,158.0,0.455,0.021,0.00416,-1.8262311768633501
455,205164892,16 10 28.57,-19 04 46.8,,8.71,,5.24,0.95,8.59,4.3,6.6595,,,,"USco,gold",yes,Simbad,1,0.996487,,,,,,
456,204464828,16 10 28.87,-22 13 47.8,9.69,7.23,2.46,2.46,0.51,7.16,1.95,2.2616,,,,"USco,gold",no,Simbad,1,0.999939,4935.0,123.0,,,,
457,205247191,16 10 30.07,-18 39 06.8,,10.55,,7.35,1.35,10.38,6.0,3.906,,,,"USco,gold",no,Simbad,1,0.999999,2861.0,157.0,0.618,0.021,0.00698,-1.6103024517936142
458,204487447,16 10 30.68,-22 08 23.2,,11.76,,7.07,1.17,11.61,5.89,2.0221,,,,"USco,bronze",yes,Simbad,1,0.999999,2875.0,157.0,0.454,0.022,0.00372,-1.8907590314117968
459,203692610,16 10 31.61,-25 16 02.1,,11.6,,5.71,0.42,11.55,5.29,1.821,,,,"USco,bronze",no,Simbad,1,0.999848,3112.0,157.0,0.512,0.021,0.00598,-1.6513058097344588
460,205137430,16 10 31.95,-19 13 06.0,13.56,8.99,4.57,4.57,0.73,8.9,3.83,12.2019,,,,"USco,gold",no,Simbad,1,0.999739,3917.0,136.5,0.608,0.085,0.05347,-0.4907840322274353
461,204870669,16 10 35.24,-20 29 17.1,,11.71,,6.91,0.54,11.64,6.37,1.3834,,,,"USco,gold",no,Simbad,1,0.999999,2882.0,157.0,0.45,0.022,0.00366,-1.894489815230026
462,205124839,16 10 39.55,-19 16 52.7,,10.27,,5.63,0.23,10.24,5.4,4.7046,,,,"USco,gold",no,Simbad,1,0.998613,3369.0,122.0,0.381,,,-1.0996875030162734
463,204841911,16 10 39.77,-20 37 09.7,,9.95,,5.67,1.24,9.79,4.42,3.5907,,,,"USco,gold",no,Simbad,1,0.99885,3479.0,122.0,0.448,,,-0.9090369234042683
464,204495624,16 10 42.58,-22 06 21.5,,11.5,,6.44,0.35,11.45,6.1,1.9662,,,,"USco,bronze",yes,Simbad,1,0.999998,2932.0,157.0,0.473,0.022,0.00427,-1.8233300673318504
465,205132185,16 10 42.91,-19 14 40.8,,8.55,,3.23,0.7,8.46,2.53,,,,,"USco,bronze",no,Simbad,1,0.999985,4694.0,122.0,,,,
466,205106221,16 10 43.91,-19 22 26.1,,9.93,,5.32,0.31,9.89,5.01,5.433,,,,"USco,gold",no,Simbad,1,0.992964,3488.0,120.6,0.453,0.094,0.02565,-0.9154952167537724
467,202879519,16 10 44.58,-28 01 53.9,,10.77,,6.01,0.0,10.77,6.01,5.0729,,,,"USco,bronze",,Simbad,1,0.999994,3008.0,157.0,0.63,0.021,0.00864,-1.5015515968260003
468,202880081,16 10 44.77,-28 01 46.9,,10.25,,4.93,1.0,10.12,3.93,5.0735,,,,"USco,bronze",,Simbad,2,1.0E-6,3504.0,111.0,0.461,,,-0.977942979398835
469,205241182,16 10 46.36,-18 41 00.2,,11.27,,6.86,2.86,10.9,4.0,2.0914,,,,"USco,gold",yes,Simbad,1,0.999999,2909.0,157.0,0.522,0.021,0.00503,-1.7510463845042925
470,204354278,16 10 47.14,-22 39 49.2,,14.02,,9.5,2.57,13.69,6.93,,,,,"USco,silver",no,Simbad,1,0.999997,,,,,,
471,204468732,16 10 49.95,-22 12 51.7,,11.73,,7.17,0.98,11.6,6.19,0.7695,0.4794,,,"USco,bronze",no,Simbad,1,0.999999,2842.0,157.0,0.476,0.023,0.00402,-1.870954940112042
472,204530046,16 10 50.10,-21 57 48.5,,10.79,,6.28,1.05,10.66,5.24,1.9662,,,,"USco,bronze",yes,Simbad,1,0.999944,3087.0,157.0,0.599,0.021,0.00835,-1.5111673656175995
473,205054397,16 10 52.39,-19 37 34.7,,10.73,,6.11,0.54,10.66,5.56,1.8094,,,,"USco,gold",yes,Simbad,1,0.999987,3048.0,157.0,0.607,0.021,0.00822,-1.519131076312832
474,204902065,16 10 52.59,-20 20 42.4,,11.08,,5.16,0.65,11.0,4.51,,,,,"USco,bronze",no,Simbad,1,0.992964,3399.0,157.0,0.593,0.021,0.01102,-1.3540867249661557
475,204230492,16 10 54.27,-23 09 11.3,,12.12,,9.91,0.31,12.08,9.6,0.3508,,,,"USco,gold",no,Simbad,1,0.999996,3001.0,157.0,0.329,0.022,0.00246,-2.0599818449923366
476,204655153,16 10 54.99,-21 26 14.1,,11.78,,6.94,0.6,11.7,6.34,0.52,,,,"USco,gold",no,Simbad,1,0.999999,2843.0,157.0,0.448,0.023,0.00358,-1.9219058495935892
477,204060981,16 10 56.18,-23 49 29.2,,9.47,,5.8,0.6,9.4,5.2,0.3996,0.3802,,,"USco,bronze",no,Simbad,1,0.999324,3237.0,122.0,,,,
478,204501712,16 10 56.91,-22 04 51.5,,11.4,,6.3,0.52,11.33,5.79,2.0304,,,,"USco,bronze",yes,Simbad,1,0.999998,2975.0,157.0,0.514,0.023,0.00536,-1.725380380908762
479,203716047,16 10 57.91,-25 11 10.3,,9.93,,5.4,0.26,9.9,5.14,0.8548,1.4424,,,"USco,bronze",no,Simbad,1,0.999324,,,,,,
480,204117263,16 11 02.10,-23 35 50.7,,10.95,,6.11,0.35,10.91,5.75,0.6423,,,,"USco,gold",no,Simbad,1,0.99999,3035.0,157.0,0.567,0.021,0.00693,-1.596879478824182
481,203912136,16 11 03.61,-24 26 42.9,,13.7,,8.68,1.43,13.52,7.25,,,,,"USco,silver",yes,Simbad,1,0.999999,3025.0,167.0,0.183,0.024,0.00125,-2.46344155742847
482,204127977,16 11 04.79,-23 33 16.6,,9.66,,4.08,0.12,9.64,3.96,4.8715,,,,"USco,gold",no,Simbad,1,0.998613,3884.0,127.6,0.601,0.082,0.02317,-0.7062839651738909
483,204584635,16 11 05.67,-21 44 03.3,14.42,9.24,5.19,5.19,0.76,9.14,4.42,6.6695,,,,"USco,gold",no,Simbad,2,1.0E-6,,,,,,
484,204401119,16 11 07.37,-22 28 50.4,,11.33,,6.81,0.0,11.33,6.81,1.791,1.6487,,,"USco,gold",yes,Simbad,1,0.999999,2862.0,157.0,0.577,0.033,0.00719,-1.681727919788373
485,203754361,16 11 07.43,-25 03 01.8,,9.62,,5.43,0.34,9.58,5.09,2.2213,0.6942,,,"USco,bronze",no,Simbad,1,0.992964,3423.0,107.2,0.414,0.089,0.03735,-0.7252880858320352
486,204233574,16 11 08.89,-23 08 28.3,,9.95,,5.17,0.0,9.95,5.17,1.391,,,,"USco,bronze",no,Simbad,2,1.0E-6,3345.0,157.0,0.511,0.026,0.00829,-1.5269511949114623
487,204561327,16 11 09.19,-21 49 56.4,,11.6,,6.37,0.75,11.5,5.63,0.946,,,,"USco,bronze",no,Simbad,1,0.999999,2926.0,157.0,0.443,0.025,0.00401,-1.8797552044536348
488,205068630,16 11 10.94,-19 33 32.4,,11.24,,6.47,1.24,11.08,5.23,2.0068,,,,"USco,silver",yes,Simbad,1,0.999997,2986.0,157.0,0.512,0.021,0.00523,-1.7228493860362033
489,205088645,16 11 12.36,-19 27 37.7,,11.67,,7.29,1.21,11.51,6.08,,,,,"USco,gold",yes,Simbad,1,0.999996,2995.0,159.0,0.452,0.021,0.00422,-1.8227521637443767
490,204908189,16 11 13.30,-20 19 03.2,,9.56,,5.15,3.33,9.13,1.81,,,,,"USco,gold",yes,Simbad,1,0.999905,4183.0,170.0,0.654,,,-1.0340930845048082
491,204907231,16 11 13.94,-20 19 19.1,,10.41,,6.13,0.68,10.32,5.45,7.8027,,,,"USco,gold",no,Simbad,1,0.999949,3214.0,122.0,,,,
492,205375290,16 11 15.34,-17 57 21.4,,9.2,,4.89,0.61,9.12,4.28,6.016,,,,"USco,gold",yes,Simbad,1,0.997667,3676.0,130.5,0.539,0.089,0.03531,-0.6766035028681243
493,204217530,16 11 15.96,-23 12 14.6,9.01,7.77,1.24,1.24,0.29,7.73,0.95,0.2259,0.4245,0.6096,0.2812,"USco,gold",yes,Simbad,1,0.999591,7110.0,163.0,1.58,0.267,0.43805,0.8410032529938684
494,203278103,16 11 16.85,-26 39 33.4,,11.42,,5.53,0.0,11.42,5.53,1.698,,,,"USco,gold",no,Simbad,1,0.999806,3116.0,157.0,0.495,0.021,0.00558,-1.678194516142461
495,204467584,16 11 17.04,-22 13 08.9,,10.58,,6.35,1.36,10.4,4.99,2.0726,,,,"USco,gold",yes,Simbad,1,0.999964,3076.0,157.0,0.633,0.021,0.00945,-1.456925764966468
496,204450240,16 11 17.11,-22 17 17.3,,13.25,,8.07,0.7,13.16,7.37,0.3625,,,,"USco,silver",yes,Simbad,1,0.999999,2833.0,157.0,0.345,0.036,0.00287,-2.1255181823005334
497,203851946,16 11 17.44,-24 41 20.5,,10.44,,5.41,0.19,10.41,5.22,1.9135,,,,"USco,gold",no,Simbad,1,0.992964,3252.0,157.0,0.629,0.02,0.01094,-1.3670368318327388
498,205374937,16 11 18.12,-17 57 28.9,15.36,9.33,6.03,6.03,0.57,9.26,5.46,0.6345,0.5436,,,"USco,gold",no,Simbad,1,0.999798,,,,,,
499,205355375,16 11 18.20,-18 03 58.5,,11.76,,6.98,0.22,11.73,6.76,1.1569,,,,"USco,gold",no,Simbad,1,0.999999,2836.0,157.0,0.46,0.023,0.00371,-1.9030899869919435
500,203759570,16 11 18.46,-25 01 55.0,,11.31,,5.8,0.22,11.29,5.58,1.8105,,,,"USco,bronze",no,Simbad,1,0.999893,3104.0,157.0,0.55,0.021,0.00684,-1.5893914574316321
501,204187094,16 11 19.06,-23 19 20.4,,10.7,,7.4,0.49,10.63,6.91,2.4407,,,,"USco,gold",yes,Simbad,1,0.999994,3008.0,163.0,0.624,0.021,0.00869,-1.512720183556931
502,204296945,16 11 23.98,-22 53 32.8,,10.65,,5.21,0.37,10.6,4.85,11.8925,,,,"USco,gold",no,Simbad,1,0.992964,3346.0,157.0,0.648,0.021,0.01306,-1.2839131462251678
503,203318214,16 11 26.02,-26 31 55.9,,9.57,,5.21,0.49,9.5,4.71,4.1841,,,,"USco,gold",yes,Simbad,1,0.992964,,,,,,
504,204099713,16 11 26.29,-23 40 06.3,,12.47,,6.85,0.57,12.4,6.28,1.7984,,,,"USco,gold",no,Simbad,1,0.999998,2921.0,158.0,0.349,0.024,0.00263,-2.0629838925351858
505,205249328,16 11 31.34,-18 38 25.9,12.63,5.78,6.85,6.85,2.86,5.42,3.99,,,,,"USco,silver",yes,Simbad,1,0.999735,,,,,,
506,204365837,16 11 31.80,-22 37 08.5,,11.85,,6.61,0.3,11.82,6.31,1.7422,,,,"USco,gold",no,Simbad,1,0.999999,2920.0,157.0,0.422,0.022,0.00341,-1.9226320947158435
507,203686287,16 11 32.85,-25 17 20.8,,10.83,,5.54,0.0,10.83,5.54,2.7112,,,,"USco,bronze",no,Simbad,1,0.997667,3234.0,157.0,0.595,0.021,0.00939,-1.4377071355435254
508,204439854,16 11 34.69,-22 19 44.4,,12.33,,6.92,0.73,12.23,6.18,1.184,,,,"USco,gold",no,Simbad,1,0.999999,2893.0,157.0,0.349,0.023,0.00247,-2.080398976215889
509,204074274,16 11 37.60,-23 46 15.0,,11.21,,5.98,0.41,11.16,5.57,1.8029,,,,"USco,gold",no,Simbad,1,0.999976,3074.0,157.0,0.549,0.021,0.0067,-1.608006927740287
510,204478864,16 11 37.84,-22 10 27.6,,10.13,,5.32,0.69,10.04,4.63,2.206,,,,"USco,gold",no,Simbad,1,0.998258,3487.0,122.0,0.452,,,-0.9662948485321478
511,204239143,16 11 38.36,-23 07 07.5,,12.78,,7.31,0.7,12.69,6.61,0.7202,,,,"USco,gold",no,Simbad,1,0.999999,2855.0,157.0,0.31,0.022,0.00194,-2.1884249941294067
512,204220275,16 11 40.39,-23 11 34.9,,11.62,,7.68,0.71,11.53,6.97,1.3318,,,,"USco,silver",no,Simbad,1,0.999773,,,,,,
513,203645396,16 11 42.60,-25 25 51.4,,11.26,,7.37,0.7,11.17,6.67,0.6287,0.4928,,,"USco,bronze",no,Simbad,1,0.999999,2822.0,157.0,0.508,0.022,0.00434,-1.8279811905754435
514,203641931,16 11 43.86,-25 26 35.0,,8.74,,3.03,2.77,8.39,0.26,8.8994,,,,"USco,gold",no,Simbad,1,0.999881,4430.0,128.3,0.694,0.081,0.05076,-0.1659037076229364
1250,203981255,16 29 24.32,-24 09 01.0,,10.09,,8.7,3.81,9.6,4.89,,,,,"ROph,bronze",no,Simbad,1,1.0,4476.0,124.0,,,,
515,204292655,16 11 45.29,-22 54 33.2,,11.81,,6.82,0.7,11.72,6.12,1.558,1.708,,,"USco,bronze",no,Simbad,1,0.999999,2848.0,157.0,0.416,0.022,0.00307,-1.9771593891234722
516,205086621,16 11 45.33,-19 28 13.4,,11.81,,7.26,0.99,11.69,6.27,1.7416,,,,"USco,gold",yes,Simbad,1,0.999999,2976.0,157.0,0.435,0.022,0.00384,-1.8661418747966654
517,205155253,16 11 46.12,-19 07 42.9,,11.15,,7.06,1.11,11.01,5.95,1.7852,,,,"USco,gold",yes,Simbad,1,0.999999,2938.0,157.0,0.52,0.021,0.00511,-1.7373116556983035
518,204345402,16 11 47.52,-22 41 55.1,,11.08,,5.63,0.58,11.0,5.05,2.7907,,,,"USco,bronze",no,Simbad,1,0.992964,3203.0,157.0,0.575,0.021,0.00844,-1.4891869894875038
519,205019241,16 11 49.20,-19 47 43.3,,10.82,,6.46,0.57,10.75,5.89,0.92,,,,"USco,bronze",no,Simbad,1,0.999998,2962.0,157.0,0.594,0.021,0.00707,-1.5926090955292684
520,204932990,16 11 50.91,-20 12 10.1,,10.4,,5.91,0.92,10.28,4.99,2.312,,,,"USco,gold",yes,Simbad,1,0.999146,3206.0,122.0,,,,
521,204367193,16 11 54.38,-22 36 49.3,,13.3,,7.45,0.47,13.24,6.99,0.4835,,,,"USco,gold",no,Simbad,1,0.999999,2852.0,158.0,0.241,0.024,0.00141,-2.3685562309868278
522,205034491,16 11 56.25,-19 43 23.2,,9.81,,5.44,0.53,9.74,4.91,5.906,,,,"USco,gold",no,Simbad,1,0.992964,3323.0,73.7,0.352,0.077,0.02041,-0.9565591237555263
523,204251947,16 11 56.32,-23 04 04.6,,8.81,,4.22,0.39,8.76,3.83,5.4849,,,,"USco,gold",no,Simbad,1,0.999442,3940.0,129.0,,,,
524,205091879,16 11 57.63,-19 26 39.1,,10.19,,6.9,1.0,10.06,5.9,1.0182,,,,"USco,bronze",yes,Simbad,1,0.999997,2989.0,157.0,0.669,0.021,0.00992,-1.4436974992327127
525,203647063,16 11 58.00,-25 25 30.2,9.62,7.79,1.83,1.83,0.49,7.73,1.34,,,,,"USco,bronze",no,Simbad,1,0.999922,6434.0,,,,,
526,205157937,16 11 59.27,-19 06 53.3,11.62,8.09,3.53,3.53,1.34,7.92,2.19,3.6929,,,,"USco,gold",no,Simbad,1,0.999962,4250.0,123.0,,,,
527,204912351,16 12 02.22,-20 17 55.3,,11.08,,6.25,0.47,11.02,5.77,3.2611,,,,"USco,bronze",no,Simbad,1,0.999998,2949.0,157.0,0.587,0.023,0.0071,-1.612966298717637
528,205092842,16 12 02.38,-19 26 22.0,,10.85,,6.59,1.08,10.72,5.51,1.7772,,,,"USco,bronze",yes,Simbad,1,0.999998,3090.0,157.0,0.604,0.022,0.00864,-1.5000381344038096
529,204817605,16 12 05.05,-20 43 40.5,,9.06,,4.96,0.2,9.04,4.76,9.3362,,,,"USco,gold",yes,Simbad,1,0.999146,,,,,,
530,205129147,16 12 05.39,-19 15 35.5,,8.79,,4.52,0.7,8.7,3.82,8.5895,,,,"USco,bronze",no,Simbad,1,0.999324,3863.0,122.6,0.596,0.087,0.03403,-0.525259401520108
531,205168266,16 12 05.99,-19 03 44.3,8.0,6.81,1.19,1.19,1.39,6.63,-0.2,0.2815,0.2661,,,"USco,bronze",no,Simbad,1,0.999961,7642.0,701.7,1.785,0.413,5.10319,1.135178782772679
532,203538882,16 12 08.12,-25 47 58.1,,10.31,,5.64,0.55,10.24,5.09,6.5064,,,,"USco,gold",no,Simbad,1,0.996487,3265.0,122.0,,,,
533,204857023,16 12 08.24,-20 33 01.6,,9.84,,5.94,1.5,9.65,4.44,1.4626,1.8555,,,"USco,bronze",no,Simbad,1,0.999806,3185.0,123.0,,,,
534,205072354,16 12 10.43,-19 32 27.8,,11.24,,6.8,0.68,11.15,6.12,0.7718,,,,"USco,gold",no,Simbad,1,0.999999,2952.0,157.0,0.527,0.022,0.00542,-1.7162466166674735
535,204803505,16 12 11.85,-20 47 26.9,,12.61,,7.83,0.76,12.51,7.07,4.3632,,,,"USco,gold",no,Simbad,1,0.999999,2827.0,157.0,0.325,0.024,0.00213,-2.17134010346468
536,205156547,16 12 12.41,-19 07 19.3,,10.96,,7.3,1.45,10.77,5.86,1.8003,,,,"USco,bronze",yes,Simbad,1,0.999999,2954.0,157.0,0.563,0.021,0.0062,-1.6516951369518393
537,203892022,16 12 13.67,-24 31 37.1,,10.11,,5.2,0.7,10.02,4.5,17.1122,,,,"USco,gold",no,Simbad,2,1.0E-6,3452.0,116.1,0.432,0.093,0.01967,-1.0451788169482068
538,202709862,16 12 17.22,-28 39 08.5,,11.3,,5.7,0.05,11.29,5.65,0.9952,2.0106,,,"USco,gold",no,Simbad,1,0.999955,3069.0,157.0,0.5,0.021,0.00539,-1.6961562251113456
539,202909059,16 12 18.20,-27 55 34.9,4.57,4.98,-0.41,-0.41,0.19,4.95,-0.6,0.5314,,,,"USco,silver",no,Simbad,1,1.0,,,,,,
540,205102553,16 12 18.44,-19 23 32.6,,12.0,,7.0,0.85,11.89,6.15,1.8511,,,,"USco,bronze",no,Simbad,1,0.999999,2943.0,157.0,0.405,0.022,0.00327,-1.940815382368629
541,205150770,16 12 20.92,-19 09 04.3,,9.6,,5.37,0.44,9.55,4.93,0.7553,,,,"USco,gold",no,Simbad,1,0.996487,3530.0,124.5,0.475,0.094,0.02672,-0.860656243847625
542,205064383,16 12 21.83,-19 34 44.5,7.64,7.07,0.57,0.57,0.69,6.98,-0.12,,,,,"USco,gold",yes,Simbad,1,0.999336,8009.0,206.0,1.934,0.31,1.15884,1.1479025311992437
543,204651122,16 12 22.89,-21 27 16.1,,12.03,,7.0,0.73,11.94,6.27,1.5999,,,,"USco,bronze",yes,Simbad,1,0.999999,2864.0,157.0,0.407,0.022,0.00302,-1.9838026464875609
544,204928499,16 12 27.03,-20 13 25.2,,12.29,,6.95,0.4,12.24,6.55,0.8877,,,,"USco,bronze",no,Simbad,1,0.999999,2843.0,157.0,0.378,0.023,0.00265,-2.0530567293021744
545,204940701,16 12 27.36,-20 09 59.9,,11.53,,6.81,0.71,11.44,6.1,1.7776,,,,"USco,gold",yes,Simbad,1,0.999998,2862.0,157.0,0.488,0.022,0.00426,-1.8377343857019786
546,202699293,16 12 30.76,-28 41 30.0,,9.39,,4.08,0.7,9.3,3.38,6.822,,,,"USco,bronze",no,Simbad,2,1.0E-6,3865.0,133.3,0.596,0.082,0.03139,-0.6743817271899709
547,204986244,16 12 31.38,-19 57 06.6,,9.14,,3.39,0.0,9.14,3.38,,,,,"USco,bronze",no,Simbad,1,0.999999,4574.0,122.0,,,,
548,210282525,16 12 33.53,-25 43 28.0,,10.14,,6.74,0.66,10.06,6.07,3.7871,,,,"USco,gold",no,Simbad,1,0.999928,3258.0,122.0,,,,
549,204581550,16 12 34.13,-21 44 50.4,,11.33,,6.46,1.02,11.2,5.43,1.9128,,,,"USco,bronze",yes,Simbad,1,0.999993,3040.0,157.0,0.526,0.021,0.0059,-1.6669559701765129
550,203775036,16 12 34.58,-24 58 34.5,,11.04,,6.34,1.11,10.9,5.23,0.749,,,,"USco,gold",no,Simbad,1,0.999998,2918.0,157.0,0.537,0.022,0.00544,-1.7187393129449873
551,204851310,16 12 35.31,-20 34 33.9,,9.3,,4.68,0.72,9.21,3.96,3.898,,,,"USco,gold",no,Simbad,1,0.999019,,,,,,
552,203063710,16 12 36.05,-27 23 03.0,11.21,7.23,3.98,3.98,0.92,7.11,3.06,,,,,"USco,gold",no,Simbad,1,0.999997,4517.0,122.0,,,,
553,205182200,16 12 39.16,-18 59 28.6,,9.11,,4.93,1.38,8.93,3.56,3.2547,,,,"USco,gold",yes,Simbad,2,1.0E-6,3644.0,182.3,0.527,0.097,0.06917,-0.7100544838233321
554,204404080,16 12 39.53,-22 28 08.4,,10.42,,5.48,0.3,10.38,5.18,1.9617,,,,"USco,gold",no,Simbad,2,1.0E-6,3247.0,157.0,0.653,0.021,0.01226,-1.327532686931918
555,203577715,16 12 39.91,-25 39 54.5,,10.36,,5.37,0.0,10.36,5.37,3.1754,,,,"USco,bronze",maybe,Simbad,1,0.996487,3234.0,157.0,0.624,0.021,0.01055,-1.3867926478962402
556,205013031,16 12 40.20,-19 49 30.6,,11.29,,6.25,0.45,11.23,5.81,3.6251,,,,"USco,bronze",no,Simbad,1,0.999998,2974.0,157.0,0.5,0.021,0.00494,-1.7512912643990821
557,205182220,16 12 40.50,-18 59 28.1,10.83,7.49,3.34,3.34,0.7,7.4,2.64,1.5195,,,,"USco,gold",yes,Simbad,1,0.999911,4251.0,123.0,,,,
558,205012599,16 12 41.23,-19 49 37.9,,8.9,,4.62,0.59,8.82,4.02,3.6244,,,,"USco,bronze",no,Simbad,1,0.99964,,,,,,
559,205080089,16 12 44.10,-19 30 10.3,7.6,6.94,0.66,0.66,0.78,6.84,-0.12,,,,,"USco,gold",no,Simbad,1,0.999508,8627.0,759.5,2.156,0.395,7.00057,1.3294448660582108
560,204245943,16 12 45.05,-23 05 30.4,,12.46,,7.02,0.52,12.4,6.5,0.7543,,,,"USco,gold",no,Simbad,1,0.999999,2920.0,158.0,0.314,0.021,0.00208,-2.1396619934290064
561,204465961,16 12 46.81,-22 13 31.7,11.2,8.03,3.17,3.17,0.7,7.94,2.47,10.5243,,,,"USco,gold",no,Simbad,1,0.999952,4332.0,124.0,,,,
562,204105498,16 12 46.91,-23 38 41.0,,12.62,,7.21,0.73,12.53,6.48,0.2844,0.2954,,,"USco,gold",no,Simbad,1,0.999999,2830.0,157.0,0.322,0.022,0.00198,-2.1771783546968955
563,205167772,16 12 47.25,-19 03 53.3,,11.75,,6.92,1.12,11.6,5.81,1.1876,,,,"USco,gold",no,Simbad,1,0.999999,2937.0,157.0,0.441,0.022,0.00376,-1.8777841217271733
564,205364526,16 12 48.92,-18 00 52.7,,10.36,,5.72,0.46,10.3,5.26,2.9053,,,,"USco,gold",maybe,Simbad,1,0.992964,3253.0,122.0,,,,
565,204888409,16 12 48.96,-20 24 30.6,,12.08,,6.32,0.32,12.04,5.99,1.3743,,,,"USco,bronze",no,Simbad,1,0.999994,2993.0,157.0,0.44,0.023,0.00407,-1.8471004036062526
566,205253903,16 12 50.82,-18 36 59.6,,9.58,,4.87,0.69,9.49,4.18,,,,,"USco,bronze",no,Simbad,1,0.999998,4725.0,122.0,,,,
567,204184435,16 12 52.65,-23 19 55.9,,9.04,,3.16,0.7,8.95,2.46,4.2854,,,,"USco,gold",no,Simbad,1,0.999938,4421.0,170.2,0.692,0.089,0.05919,-0.29685484463689354
568,204185181,16 12 55.33,-23 19 45.6,9.36,7.29,2.07,2.07,0.49,7.23,1.57,5.1488,,,,"USco,gold",no,Simbad,1,0.999784,5790.0,146.2,1.039,0.134,0.26798,0.7615294272258614
569,203678376,16 12 55.87,-25 18 58.3,,10.78,,5.88,0.27,10.75,5.61,,,,,"USco,bronze",no,Simbad,1,0.999965,3071.0,157.0,0.592,0.021,0.00784,-1.5332806283184013
570,203760219,16 13 02.34,-25 01 46.0,,9.43,,4.57,0.7,9.34,3.87,2.312,2.0282,,,"USco,bronze",no,Simbad,1,0.992964,,,,,,
571,204279085,16 13 02.71,-22 57 44.4,11.81,8.45,3.36,3.36,0.01,8.45,3.35,2.0873,,,,"USco,gold",no,Simbad,1,0.999877,4221.0,122.0,,,,
572,205082248,16 13 03.05,-19 29 32.3,,12.35,,7.12,1.17,12.2,5.95,1.7541,,,,"USco,silver",no,Simbad,1,0.999999,2935.0,158.0,0.359,0.023,0.00275,-2.034798298974088
573,203448860,16 13 06.27,-26 06 10.9,,10.85,,5.53,0.75,10.75,4.78,3.3749,,,,"USco,gold",yes,Simbad,1,0.992964,3220.0,157.0,0.623,0.021,0.01043,-1.3946949538588904
574,204812713,16 13 09.78,-20 44 59.2,,9.86,,5.78,0.87,9.75,4.91,0.9239,,,,"USco,gold",no,Simbad,1,0.999617,3200.0,122.0,,,,
575,204259310,16 13 09.82,-23 02 18.4,,11.76,,6.29,0.47,11.69,5.82,1.3301,1.5318,,,"USco,bronze",yes,Simbad,1,0.999998,2962.0,157.0,0.381,0.025,0.00319,-1.9746941347352298
576,205165965,16 13 09.96,-19 04 27.0,,10.58,,6.64,1.41,10.4,5.23,1.796,,,,"USco,gold",yes,Simbad,1,0.999989,3046.0,157.0,0.612,0.021,0.00835,-1.5117313845045401
577,203876392,16 13 10.07,-24 35 25.0,,10.96,,5.8,0.28,10.92,5.51,1.902,,,,"USco,gold",no,Simbad,1,0.999862,3118.0,157.0,0.585,0.021,0.00803,-1.518987579043427
578,204210528,16 13 10.81,-23 13 51.7,,11.61,,5.96,0.0,11.61,5.96,0.987,,,,"USco,gold",no,Simbad,1,0.999996,2992.0,157.0,0.372,0.024,0.00313,-1.9759250126925738
579,204399980,16 13 11.58,-22 29 06.6,8.86,6.69,2.17,2.17,1.54,6.49,0.63,,,,,"USco,gold",yes,Simbad,1,0.999953,6296.0,247.5,1.235,0.219,0.68775,0.7571887024016541
580,204491374,16 13 11.71,-22 07 25.6,,11.21,,6.11,0.35,11.17,5.76,1.2445,,,,"USco,bronze",maybe,Simbad,1,0.999995,3007.0,157.0,0.545,0.022,0.00616,-1.6528652170899802
581,204247811,16 13 12.11,-23 05 03.1,,13.01,,7.46,0.08,13.0,7.38,1.1542,,,,"USco,silver",no,Simbad,1,0.999998,2838.0,157.0,0.298,0.024,0.00187,-2.2254830342714502
582,204204545,16 13 12.15,-23 15 16.5,,10.84,,5.65,0.16,10.82,5.5,1.7985,,,,"USco,gold",no,Simbad,1,0.999561,3169.0,157.0,0.605,0.021,0.00915,-1.4555598626823076
583,205457507,16 13 15.93,-17 27 33.5,,9.28,,3.96,0.7,9.19,3.26,,,,,"USco,bronze",no,Simbad,1,0.999998,4483.0,122.0,,,,
584,202522205,16 13 17.37,-29 22 19.9,,8.91,,4.78,0.39,8.86,4.39,6.1134,,,,"USco,gold",,Simbad,1,0.992964,,,,,,
585,202521690,16 13 18.44,-29 22 27.6,,9.22,,5.18,0.7,9.13,4.48,6.1258,,,,"USco,bronze",no,Simbad,2,1.0E-6,,,,,,
586,204468888,16 13 18.58,-22 12 48.9,10.43,7.43,3.0,3.0,0.68,7.34,2.32,5.8472,,,,"USco,gold",no,Simbad,1,0.999938,4511.0,123.0,,,,
587,204399319,16 13 20.53,-22 29 16.1,,10.24,,4.97,0.75,10.15,4.22,3.9112,,,,"USco,gold",no,Simbad,1,0.992964,3657.0,125.1,0.532,0.09,0.02072,-0.9395665932972598
588,205373716,16 13 20.80,-17 57 52.1,,9.87,,5.83,0.23,9.84,5.59,1.1268,4.1193,,,"USco,bronze",,Simbad,1,0.999751,3359.0,122.0,0.375,,,-0.7831482167156201
589,205373893,16 13 21.23,-17 57 49.1,,10.05,,5.67,0.7,9.95,4.97,1.1269,4.1172,,,"USco,bronze",no,Simbad,1,0.997667,3438.0,105.5,0.424,0.09,0.02172,-0.8986310367507486
590,204615647,16 13 21.90,-21 36 13.9,,9.98,,5.46,0.68,9.89,4.78,,,,,"USco,gold",yes,Simbad,1,0.996487,3444.0,117.4,0.427,0.093,0.02279,-0.9599517584525379
591,203048597,16 13 24.56,-27 26 13.4,15.3,9.78,5.52,5.52,0.19,9.76,5.33,1.6084,1.1654,,,"USco,bronze",no,Simbad,1,0.999146,,,,,,
592,205431266,16 13 25.75,-17 37 35.8,,11.4,,5.67,2.74,11.05,2.93,0.3954,,,,"USco,gold",no,Simbad,1,0.999751,3141.0,157.0,0.444,0.021,0.00466,-1.75448733218585
593,204393705,16 13 26.65,-22 30 35.1,,12.58,,7.5,0.66,12.5,6.84,1.5319,,,,"USco,gold",no,Simbad,1,0.999999,2848.0,157.0,0.31,0.024,0.00202,-2.192464971931147
594,205097920,16 13 28.08,-19 24 52.7,,11.91,,7.37,0.73,11.82,6.64,1.5123,,,,"USco,gold",no,Simbad,1,0.999999,2869.0,157.0,0.419,0.024,0.0033,-1.958607314841775
595,204222295,16 13 29.28,-23 11 07.5,11.66,8.49,3.17,3.17,0.85,8.39,2.32,3.0944,,,,"USco,gold",yes,Simbad,1,0.999934,4550.0,122.0,0.717,,,-0.08204310085792942
596,204813829,16 13 32.79,-20 44 41.3,,10.13,,5.31,0.57,10.05,4.74,3.4158,,,,"USco,gold",maybe,Simbad,1,0.992964,3418.0,138.0,0.411,,,-0.9829249036239408
597,202931403,16 13 33.80,-27 50 54.4,,11.9,,5.66,0.59,11.83,5.07,,,,,"USco,bronze",no,Simbad,1,0.999727,3632.0,123.0,,,,
598,204149252,16 13 34.76,-23 28 15.8,,12.5,,6.65,0.64,12.41,6.01,0.9942,,,,"USco,gold",no,Simbad,1,0.999998,2936.0,157.0,0.365,0.022,0.0027,-2.0222763947111524
599,204156820,16 13 36.44,-23 26 27.0,,9.31,,5.14,0.57,9.23,4.57,6.6082,2.6159,,,"USco,silver",no,Simbad,1,0.998613,,,,,,
600,204152030,16 13 36.46,-23 27 35.6,,11.22,,6.23,0.52,11.15,5.72,1.8029,0.8242,1.0198,,"USco,gold",,Simbad,1,0.999752,,,,,,
601,203750883,16 13 36.50,-25 03 47.5,,10.26,,4.87,1.28,10.09,3.59,1.1427,,,,"USco,gold",yes,Simbad,1,0.896753,,,,,,
602,204152441,16 13 36.87,-23 27 30.0,,10.91,,5.58,0.48,10.85,5.1,1.8032,,,,"USco,gold",,Simbad,1,0.992964,3209.0,157.0,0.593,0.021,0.00907,-1.454692883534176
603,203329658,16 13 37.92,-26 29 49.9,11.13,7.78,3.35,3.35,1.32,7.61,2.03,,,,,"USco,bronze",no,Simbad,1,0.999999,4751.0,122.0,,,,
604,204525772,16 13 38.32,-21 58 52.0,,11.0,,5.89,0.32,10.96,5.57,1.5467,,,,"USco,gold",no,Simbad,1,0.999911,3110.0,157.0,0.598,0.021,0.00847,-1.499763525174361
605,203842665,16 13 38.39,-24 43 31.3,,10.35,,5.67,0.45,10.29,5.21,1.2958,,,,"USco,gold",no,Simbad,1,0.998258,3232.0,157.0,0.656,0.021,0.01197,-1.3310552655422663
606,204439731,16 13 40.79,-22 19 45.9,,13.67,,6.11,0.7,13.58,5.41,1.3364,,,,"USco,silver",no,Simbad,1,0.999998,2842.0,158.0,0.211,0.029,0.00137,-2.468521082957745
607,204262828,16 13 42.63,-23 01 28.1,,12.79,,7.26,0.52,12.72,6.74,,,,,"USco,gold",no,Simbad,1,0.999999,2882.0,157.0,0.34,0.023,0.00237,-2.1056839373155616
608,205225696,16 13 43.50,-18 45 52.8,,10.52,,6.64,1.46,10.33,5.19,2.7027,0.8882,,,"USco,bronze",no,Simbad,1,0.999909,,,,,,
609,204459941,16 13 43.66,-22 14 59.4,,9.11,,4.1,0.31,9.07,3.79,4.651,3.6293,,,"USco,gold",no,Simbad,1,0.992964,3919.0,122.0,0.609,,,-0.4266177634292247
610,203881218,16 13 44.89,-24 34 14.7,,10.26,,4.99,0.6,10.18,4.39,5.4121,,,,"USco,gold",no,Simbad,1,0.992964,3501.0,122.0,0.46,,,-0.9557739228873174
611,203917770,16 13 45.49,-24 25 19.5,6.43,6.08,0.35,0.35,0.71,5.99,-0.36,0.8479,0.6991,1.6779,,"USco,gold",no,Simbad,1,0.998292,13868.0,,,,,
612,205260089,16 13 47.50,-18 35 00.4,,9.91,,6.6,1.55,9.71,5.05,7.4345,,,,"USco,gold",no,Simbad,1,0.999884,3554.0,123.0,0.487,,,-0.8973262294510732
613,202947197,16 13 47.81,-27 47 33.9,9.29,8.01,1.28,1.28,0.27,7.97,1.01,0.6779,0.7976,0.7138,0.3959,"USco,gold",maybe,Simbad,1,0.997667,6400.0,463.8,1.284,0.321,1.22114,0.5791030499530155
614,203726323,16 13 48.79,-25 09 00.8,,12.51,,7.2,1.33,12.34,5.87,,,,,"USco,gold",yes,Simbad,1,0.999997,3027.0,160.0,0.374,0.023,0.00325,-1.9515581964495954
615,203070560,16 13 51.88,-27 21 38.0,,10.26,,4.69,0.48,10.2,4.22,3.6855,,,,"USco,bronze",no,Simbad,1,0.999998,4663.0,122.0,,,,
616,203777800,16 13 56.62,-24 57 56.9,,10.15,,5.42,0.47,10.09,4.95,2.2766,1.2544,,,"USco,gold",no,Simbad,1,0.851439,,,,,,
617,202818196,16 13 58.11,-28 15 09.5,7.94,6.98,0.96,0.96,0.77,6.88,0.19,1.3633,0.9399,,,"USco,bronze",no,Simbad,1,0.999616,7495.0,210.7,1.726,0.304,1.42072,1.1278214408585503
618,205217412,16 13 58.14,-18 48 29.2,,9.88,,4.97,0.47,9.82,4.5,2.078,,,,"USco,gold",no,Simbad,1,0.992964,3491.0,114.0,0.454,0.088,0.02143,-0.9367417200495444
619,204264641,16 14 02.11,-23 01 02.2,,8.61,,2.97,1.29,8.44,1.68,2.9909,,,,"USco,gold",no,Simbad,1,0.999934,4590.0,191.2,0.726,0.098,0.09457,-0.07416727363260003
620,205203953,16 14 02.26,-18 52 43.8,,9.04,,4.86,0.96,8.92,3.9,,,,,"USco,bronze",no,Simbad,1,0.999998,4716.0,122.0,,,,
621,203534383,16 14 02.97,-25 48 53.3,,11.71,,7.05,0.83,11.6,6.22,0.2784,0.3234,,,"USco,bronze",no,Simbad,1,0.999999,2892.0,157.0,0.484,0.021,0.00422,-1.8282735463467688
622,203799762,16 14 03.79,-24 53 09.1,,10.02,,4.6,0.64,9.94,3.95,6.7609,3.2142,,,"USco,gold",no,Simbad,1,0.997667,3776.0,129.9,0.572,0.091,0.02338,-0.820419486604591
623,203459091,16 14 04.91,-26 04 06.6,,10.76,,6.11,0.28,10.73,5.83,0.7071,0.7969,,,"USco,bronze",no,Simbad,1,0.999993,3026.0,157.0,0.586,0.023,0.00759,-1.5684754158125491
624,204449165,16 14 07.34,-22 17 32.1,,9.1,,4.9,0.68,9.02,4.22,0.6176,,,,"USco,gold",no,Simbad,1,0.992964,3673.0,122.0,,,,
625,205051240,16 14 07.92,-19 38 29.1,,7.72,,3.91,2.62,7.39,1.29,5.2912,,,,"USco,bronze",yes,Simbad,1,0.999973,4313.0,122.0,,,,
626,204492163,16 14 08.95,-22 07 13.3,,11.48,,5.99,0.32,11.44,5.67,0.5673,,,,"USco,bronze",no,Simbad,1,0.999984,3052.0,157.0,0.507,0.021,0.00549,-1.6935749724493125
627,204449800,16 14 10.10,-22 17 23.7,,9.81,,6.91,0.66,9.72,6.25,2.448,1.9503,,,"USco,gold",no,Simbad,1,0.99964,,,,,,
628,204245509,16 14 11.07,-23 05 36.2,10.7,7.46,3.24,3.24,1.96,7.21,1.28,2.7994,,,,"USco,gold",yes,Simbad,1,0.999915,4785.0,122.0,,,,
629,205049683,16 14 12.17,-19 38 55.4,,9.03,,3.65,0.0,9.03,3.65,4.2337,,,,"USco,bronze",no,Simbad,1,0.999928,4040.0,134.3,0.632,0.08,0.04695,-0.3529790928341563
630,204442118,16 14 12.35,-22 19 13.3,,10.63,,5.45,0.48,10.57,4.97,1.1418,,,,"USco,gold",no,Simbad,1,0.997667,3249.0,157.0,0.638,0.021,0.01133,-1.3533022687006655
631,203793637,16 14 12.58,-24 54 28.8,,9.89,,4.16,0.2,9.87,3.96,7.9875,,,,"USco,gold",no,Simbad,1,0.998613,3911.0,131.8,0.607,0.079,0.02508,-0.6808106307951086
632,204332672,16 14 13.51,-22 44 58.0,,11.42,,5.96,0.33,11.38,5.63,2.6312,,,,"USco,gold",no,Simbad,1,0.99996,3082.0,157.0,0.54,0.022,0.00655,-1.6176226965318863
633,205047378,16 14 13.81,-19 39 36.2,9.61,7.25,2.36,2.36,0.49,7.19,1.87,1.7999,1.8897,,,"USco,bronze",no,Simbad,1,0.999959,5032.0,161.5,,,,
634,203904156,16 14 19.73,-24 28 40.6,,12.76,,7.6,0.93,12.64,6.67,0.3461,0.294,0.2448,,"USco,gold",no,Simbad,1,0.999999,2844.0,157.0,0.32,0.023,0.00205,-2.171984935776023
635,205158239,16 14 20.28,-19 06 48.3,14.01,7.81,6.2,6.2,2.75,7.46,3.44,4.7843,,,,"USco,silver",yes,Simbad,1,0.999697,3559.0,157.5,0.49,,,-1.1036942925339195
636,204488355,16 14 20.50,-22 08 09.7,7.72,6.88,0.84,0.84,0.65,6.8,0.19,0.0628,0.0539,0.1349,0.0781,"USco,bronze",no,Simbad,1,0.998635,7836.0,324.5,1.864,0.315,2.24188,1.2032592271523201
637,202955563,16 14 20.61,-27 45 49.7,,13.43,,8.45,1.59,13.23,6.86,0.0984,0.0656,,,"USco,silver",no,Simbad,1,0.999999,2971.0,182.0,0.221,0.023,0.00156,-2.3555614105321614
638,204440603,16 14 23.11,-22 19 34.0,,10.8,,6.67,0.74,10.7,5.93,,,,,"USco,gold",yes,Simbad,1,0.999996,3014.0,157.0,0.586,0.023,0.00756,-1.576754126063192
639,205188906,16 14 28.92,-18 57 22.5,,9.47,,5.23,0.4,9.42,4.83,16.5182,0.9908,,,"USco,gold",yes,Simbad,1,0.997667,3397.0,123.0,0.398,,,-0.7893604938458499
640,203532363,16 14 29.66,-25 49 18.7,,11.09,,6.26,0.98,10.96,5.28,1.4984,,,,"USco,bronze",no,Simbad,1,0.999951,3097.0,157.0,0.579,0.021,0.00764,-1.541211118289155
641,202853972,16 14 31.99,-28 07 23.1,,10.46,,5.4,0.7,10.37,4.7,8.6456,,,,"USco,bronze",maybe,Simbad,1,0.992964,3254.0,157.0,0.64,0.021,0.01149,-1.3465945093354987
642,204344180,16 14 32.87,-22 42 13.3,,13.24,,7.89,0.51,13.17,7.38,1.8232,,,,"USco,gold",yes,Simbad,1,0.999998,2869.0,159.0,0.264,0.024,0.00164,-2.2932822176632413
643,204960156,16 14 33.63,-20 04 30.1,,10.05,,5.65,0.88,9.93,4.76,2.1008,,,,"USco,gold",no,Simbad,1,0.99885,3484.0,122.0,0.45,,,-0.8867253075356496
644,205179845,16 14 33.67,-19 00 13.7,,8.26,,7.22,5.04,7.61,2.18,2.5995,,,,"USco,silver",yes,Simbad,1,0.999992,3079.0,122.0,,,,
645,204828211,16 14 36.38,-20 40 49.3,,11.5,,5.62,0.0,11.5,5.62,0.7257,,,,"USco,bronze",no,Simbad,1,0.99964,3127.0,157.0,0.44,0.021,0.00452,-1.7708302974608991
646,204177311,16 14 38.45,-23 21 37.5,,10.59,,5.11,0.7,10.5,4.41,5.7441,,,,"USco,gold",no,Simbad,2,1.0E-6,3355.0,157.0,0.634,0.02,0.01234,-1.3051316720175439
647,203726701,16 14 39.18,-25 08 56.5,,11.99,,6.24,0.49,11.93,5.76,1.6873,,,,"USco,bronze",no,Simbad,1,0.999995,3010.0,157.0,0.435,0.021,0.00394,-1.8458804744841533
648,204926239,16 14 40.15,-20 14 03.0,9.19,7.07,2.12,2.12,1.42,6.89,0.7,,,,,"USco,bronze",no,Simbad,1,0.99994,5231.0,141.4,,,,
649,204408619,16 14 41.19,-22 27 05.6,,10.87,,5.61,0.0,10.87,5.61,2.6303,,,,"USco,gold",no,Simbad,1,0.999389,3179.0,157.0,0.6,0.021,0.00906,-1.4580465255417636
650,203499175,16 14 41.24,-25 56 05.4,,10.06,,5.35,0.64,9.98,4.72,3.1705,,,,"USco,gold",no,Simbad,1,0.998258,3912.0,131.4,0.607,0.081,0.03018,-0.6759440131850488
651,203382255,16 14 42.64,-26 19 42.4,,12.28,,6.41,0.0,12.28,6.41,,,,,"USco,bronze",yes,Simbad,1,0.999998,2920.0,157.0,0.346,0.021,0.00242,-2.0716041477432863
652,203711274,16 14 42.69,-25 12 09.7,,9.34,,4.37,0.71,9.25,3.66,3.5396,,,,"USco,bronze",no,Simbad,1,0.999989,4126.0,122.0,,,,
653,203017692,16 14 45.67,-27 32 43.2,,9.98,,4.94,0.33,9.94,4.61,5.1131,,,,"USco,bronze",no,Simbad,1,0.992964,3489.0,109.4,0.453,0.091,0.01667,-1.0054628957015022
654,204602579,16 14 49.88,-21 39 32.5,,10.11,,5.15,0.31,10.07,4.84,4.9754,,,,"USco,gold",no,Simbad,2,1.0E-6,3510.0,124.4,0.465,0.097,0.02163,-0.9704538995762522
655,204130613,16 14 50.25,-23 32 39.9,,9.9,,5.25,0.7,9.81,4.55,,,,,"USco,bronze",yes,Simbad,1,0.999857,3920.0,132.0,0.609,,,-1.3374310330667398
656,204231861,16 14 51.31,-23 08 51.8,,11.64,,6.13,0.7,11.55,5.43,1.3501,,,,"USco,bronze",yes,Simbad,1,0.999996,2982.0,157.0,0.521,0.022,0.00546,-1.7086311495484174
657,205061092,16 14 51.78,-19 35 40.5,,12.37,,6.6,0.93,12.25,5.67,,,,,"USco,bronze",yes,Simbad,1,0.999998,2996.0,159.0,0.337,0.031,0.00314,-2.0447934624580584
658,203703016,16 14 52.43,-25 13 52.7,,10.45,,6.41,0.71,10.36,5.7,4.8533,1.8508,,,"USco,gold",yes,Simbad,1,0.999798,,,,,,
659,203083616,16 14 52.52,-27 18 55.9,,12.81,,7.75,0.7,12.72,7.05,1.3477,,,,"USco,bronze",yes,Simbad,1,0.999999,2866.0,159.0,0.288,0.022,0.00179,-2.2335871528876003
660,204235325,16 14 52.68,-23 08 02.7,,9.6,,5.44,0.33,9.56,5.11,24.0263,2.0126,,,"USco,silver",no,Simbad,1,0.999245,,,,,,
661,204426847,16 14 53.32,-22 22 49.1,7.38,7.03,0.35,0.35,0.47,6.97,-0.12,,,,,"USco,bronze",no,Simbad,1,0.993034,8737.0,193.6,2.192,0.314,2.68102,1.5557193103078688
662,203747590,16 14 53.91,-25 04 30.9,,11.25,,6.05,0.55,11.18,5.5,1.0397,,,,"USco,bronze",no,Simbad,1,0.999992,3043.0,157.0,0.527,0.021,0.00587,-1.66334017654558
663,204147295,16 14 57.49,-23 28 42.8,,10.82,,5.51,0.28,10.79,5.24,2.7439,,,,"USco,gold",no,Simbad,2,1.0E-6,3261.0,157.0,0.607,0.02,0.0101,-1.401209493236885
664,202933888,16 14 59.17,-27 50 22.8,11.2,8.69,2.52,2.52,3.41,8.25,-0.89,4.4022,,,,"USco,gold",yes,Simbad,1,0.99964,4830.0,163.0,0.783,0.099,0.06585,-0.031036324792508244
665,203770673,16 14 59.27,-24 59 31.0,,11.09,,6.18,0.69,11.0,5.48,2.2908,,,,"USco,gold",yes,Simbad,1,0.999985,3052.0,157.0,0.584,0.021,0.00749,-1.5581478242267082
666,202533810,16 15 00.60,-29 19 34.8,,9.44,,4.91,0.13,9.42,4.78,5.0373,1.7281,,,"USco,gold",no,Simbad,1,0.996487,,,,,,
667,203770366,16 15 05.24,-24 59 35.4,,11.48,,6.59,0.95,11.36,5.63,1.8145,,,,"USco,gold",yes,Simbad,1,0.999999,2900.0,157.0,0.486,0.021,0.00429,-1.819874124835946
668,203876897,16 15 08.08,-24 35 18.4,8.43,7.06,1.37,1.37,1.49,6.87,-0.12,5.8037,,,,"USco,gold",yes,Simbad,1,0.999977,6722.0,151.5,1.431,0.246,0.54178,0.9293545431720337
669,205209357,16 15 08.57,-18 51 01.0,,9.54,,5.43,1.29,9.37,4.14,11.3538,,,,"USco,bronze",no,Simbad,1,0.99989,4037.0,153.7,0.631,0.081,0.06667,-0.43430562767769865
670,204079030,16 15 08.91,-23 45 05.2,,11.34,,5.85,0.28,11.3,5.58,2.832,,,,"USco,gold",no,Simbad,1,0.99987,3145.0,157.0,0.541,0.021,0.00689,-1.5818645015747679
671,204076987,16 15 09.28,-23 45 35.0,9.48,8.03,1.45,1.45,0.57,7.96,0.89,0.9278,,,,"USco,gold",no,Simbad,1,0.999895,6615.0,124.2,,,,
672,204492384,16 15 10.44,-22 07 09.9,10.32,8.54,1.78,1.78,0.69,8.45,1.09,0.8768,,,,"USco,silver",no,Simbad,1,0.99993,5765.0,151.4,1.032,0.133,0.10378,0.31489271455907397
673,204172667,16 15 11.05,-23 22 42.6,,9.84,,4.54,0.32,9.8,4.22,1.2698,,,,"USco,gold",no,Simbad,2,1.0E-6,3704.0,120.1,0.549,0.091,0.02091,-0.8708581542077146
674,203937768,16 15 11.15,-24 20 15.6,,13.17,,7.37,0.86,13.06,6.51,,,,,"USco,silver",no,Simbad,1,0.999999,2864.0,158.0,0.241,0.022,0.00134,-2.359518563029578
675,203938167,16 15 12.37,-24 20 09.4,,12.13,,6.27,0.39,12.08,5.88,1.6151,,,,"USco,gold",yes,Simbad,1,0.999998,2954.0,157.0,0.407,0.021,0.00331,-1.929962133392245
676,204189554,16 15 12.40,-23 18 45.3,,9.7,,4.42,0.88,9.59,3.54,13.8149,,,,"USco,gold",no,Simbad,1,0.996487,3800.0,131.2,0.579,0.085,0.02719,-0.7939841232366555
677,202906766,16 15 13.19,-27 56 04.0,,11.07,,5.43,0.28,11.04,5.15,4.3445,1.756,,,"USco,bronze",no,Simbad,1,0.992964,3213.0,157.0,0.591,0.022,0.0092,-1.4565528199182998
678,204250417,16 15 13.61,-23 04 26.1,,13.91,,7.56,0.18,13.89,7.38,1.344,,,,"USco,silver",yes,Simbad,1,0.999998,3024.0,164.0,0.209,0.029,0.00172,-2.3675427078152755
679,204299578,16 15 15.18,-22 52 54.0,,12.01,,6.45,0.24,11.98,6.21,0.7705,,,,"USco,bronze",no,Simbad,1,0.999998,2937.0,157.0,0.411,0.021,0.00331,-1.9318141382538383
680,204078673,16 15 16.01,-23 45 10.7,,11.33,,7.13,0.52,11.26,6.6,1.2379,,,,"USco,gold",no,Simbad,1,0.999998,2941.0,157.0,0.51,0.021,0.00493,-1.7517814388099253
681,205037489,16 15 17.74,-19 42 30.3,,10.19,,5.46,1.16,10.04,4.3,6.0053,,,,"USco,bronze",no,Simbad,1,0.996487,3597.0,123.0,0.507,,,-0.8374355934769809
682,203576256,16 15 19.48,-25 40 12.2,,9.12,,4.89,0.42,9.07,4.47,0.6985,,,,"USco,gold",no,Simbad,1,0.992964,3907.0,130.0,,,,
683,203720901,16 15 21.87,-25 10 08.3,,9.09,,3.44,0.0,9.09,3.44,,,,,"USco,bronze",no,Simbad,1,0.999997,4928.0,122.0,,,,
684,204584778,16 15 25.15,-21 44 01.5,,11.78,,6.88,0.61,11.7,6.27,1.7439,,,,"USco,bronze",yes,Simbad,1,0.999999,2848.0,157.0,0.457,0.022,0.00368,-1.90204892900585
685,203816510,16 15 27.20,-24 49 27.4,,11.51,,6.76,1.07,11.37,5.69,1.8192,,,,"USco,bronze",yes,Simbad,1,0.999998,2990.0,157.0,0.506,0.021,0.00516,-1.7297871451037574
