Unnamed: 0,recno,RAJ2000_x,DEJ2000_x,i'mag_x,Per_x,Power_x,l_FAP_x,FAP_x,Amp_x,M13_Mass,bin_x,Vmag_x,Icmag_x,Jmag_x,Hmag_x,Kmag_x,Mmb_x,XH_x,PSS_x,M13_single,M13_Mass_calc,M13_Mass_e,RAJ2000_y,DEJ2000_y,i'mag_y,Per_y,Power_y,l_FAP_y,FAP_y,Amp_y,bin_y,Vmag_y,Icmag_y,Jmag_y,Hmag_y,Kmag_y,Mmb_y,XH_y,PSS_y,Tess_single,Tess_Mass,s_Mass,s_Lum,logL,Teff,Tess_Mass_calc,Tess_Mass_e,Age_calc (Myr),Age_e (Myr),Mass_calc,Mass_e
0,1,02 19 20.17,+57 11 51.4,17.35,2.99,476.0,<,0.001,0.064,1.21,1,,,15.72,15.09,3.091360819912035,,X,0.999997,1,1.1132835577846876,0.0037941954566645,02 19 20.17,+57 11 51.4,17.35,2.99,476.0,<,0.001,0.064,1.0,,,15.72,15.09,14.9,,X,0.999997,1.0,,,,,4906.1,,0.0186945933377917,,,,
1,2,02 19 38.13,+57 12 32.3,17.11,0.625,463.3,<,0.001,0.046,1.25,1,18.32,16.63,15.48,14.83,2.8213608199120355,3.0,X,0.999993,1,1.1916869070540428,0.0037941954566645,02 19 38.13,+57 12 32.3,17.11,0.625,463.3,<,0.001,0.046,1.0,18.32,16.63,15.48,14.83,14.63,3.0,X,0.999993,1.0,0.77,,,-0.1773677875833876,4993.3,0.8998167539267017,0.0186945933377917,22.274,12.136,1.0338,0.0646
2,3,02 18 11.37,+57 14 40.8,18.21,1.64,430.6,<,0.001,0.061,1.03,1,,,16.41,15.67,3.651360819912036,,,0.999995,1,0.8990916506072822,0.0037941954566645,02 18 11.37,+57 14 40.8,18.21,1.64,430.6,<,0.001,0.061,1.0,,,16.41,15.67,15.46,,,0.999995,1.0,,,,,3823.7,,0.0186945933377917,,,,
3,4,02 18 17.31,+57 07 35.3,17.02,2.85,430.5,<,0.001,0.037,1.27,1,18.1,16.63,15.48,14.85,2.891360819912034,3.0,,0.999996,1,1.171169350777348,0.0037941954566645,02 18 17.31,+57 07 35.3,17.02,2.85,430.5,<,0.001,0.037,1.0,18.1,16.63,15.48,14.85,14.7,3.0,,0.999996,1.0,0.8,,,0.0980827604461786,4914.9,0.8792931937172774,0.0186945933377917,7.042,2.917,1.2893,0.0716
4,5,02 18 31.14,+57 03 53.3,16.43,0.541,430.4,<,0.001,0.029,1.34,2,17.57,16.1,14.94,14.33,2.3613608199120346,3.0,X,0.999996,1,1.285114161040454,0.0037941954566645,02 18 31.14,+57 03 53.3,16.43,0.541,430.4,<,0.001,0.029,2.0,17.57,16.1,14.94,14.33,14.17,3.0,X,0.999996,1.0,,,,,4713.7,,0.0186945933377917,,,,
5,6,02 18 19.07,+57 02 28.5,16.85,0.361,426.4,<,0.001,0.055,1.29,2,18.16,16.4,15.1,14.4,2.391360819912034,3.0,X,0.999995,1,1.27902179087008,0.0037941954566645,02 18 19.07,+57 02 28.5,16.85,0.361,426.4,<,0.001,0.055,2.0,18.16,16.4,15.1,14.4,14.2,3.0,X,0.999995,1.0,,,,,,,0.0186945933377917,,,,
6,7,02 19 23.99,+57 02 24.8,16.71,0.364,426.2,<,0.001,0.022,1.31,2,17.88,16.25,15.1,14.45,2.4613608199120343,3.0,,0.999991,1,1.265247107193414,0.0037941954566645,02 19 23.99,+57 02 24.8,16.71,0.364,426.2,<,0.001,0.022,2.0,17.88,16.25,15.1,14.45,14.27,3.0,,0.999991,1.0,0.76,,,0.0143651057645743,4744.1,0.8345811518324608,0.0186945933377917,5.842,2.556,1.2288,0.08
7,8,02 18 54.21,+57 00 30.6,18.14,2.97,424.3,<,0.001,0.049,1.03,1,19.7,17.75,16.1,15.35,3.341360819912035,3.0,,0.999979,1,1.0276203687519367,0.0037941954566645,02 18 54.21,+57 00 30.6,18.14,2.97,424.3,<,0.001,0.049,1.0,19.7,17.75,16.1,15.35,15.15,3.0,,0.999979,1.0,0.64,,,-0.9706568124808934,3574.4,0.3316666666666667,0.0186945933377917,9.719,5.416,0.4511,0.0896
8,9,02 18 50.23,+56 59 57.8,17.83,5.18,413.4,<,0.001,0.033,1.12,1,19.09,17.43,16.12,15.42,3.471360819912034,3.0,,0.999998,1,0.9781095424241834,0.0037941954566645,02 18 50.23,+56 59 57.8,17.83,5.18,413.4,<,0.001,0.033,1.0,19.09,17.43,16.12,15.42,15.28,3.0,,0.999998,1.0,0.75,,,-0.6754706227880067,3907.7,0.5454395604395603,0.0186945933377917,8.211,3.812,0.6465,0.0861
9,10,02 19 46.17,+57 09 39.0,18.5,4.46,408.1,<,0.001,0.065,0.94,1,20.23,18.03,16.54,15.71,3.6113608199120346,1.0,,0.999993,1,0.9172258271486832,0.0037941954566645,02 19 46.17,+57 09 39.0,18.5,4.46,408.1,<,0.001,0.065,1.0,20.23,18.03,16.54,15.71,15.42,1.0,,0.999993,1.0,,,,,,,0.0186945933377917,,,,
10,11,02 18 49.08,+57 11 12.9,16.42,0.391,407.4,<,0.001,0.043,1.34,2,17.57,16.0,14.89,14.27,2.251360819912035,3.0,X,0.999994,1,,0.0,02 18 49.08,+57 11 12.9,16.42,0.391,407.4,<,0.001,0.043,2.0,17.57,16.0,14.89,14.27,14.06,3.0,X,0.999994,1.0,,,,,5484.4,,0.0186945933377917,,,,
11,12,02 18 00.05,+57 13 06.7,17.2,2.87,405.1,<,0.001,0.032,1.23,1,,,15.66,15.07,3.091360819912035,,,0.999995,1,1.1132835577846876,0.0037941954566645,02 18 00.05,+57 13 06.7,17.2,2.87,405.1,<,0.001,0.032,1.0,,,15.66,15.07,14.9,,,0.999995,1.0,0.78,,,-0.268572412949052,4662.5,0.8132198952879581,0.0186945933377917,13.261,6.127,1.022,0.0628
12,13,02 19 48.85,+57 15 09.0,18.1,0.436,403.5,<,0.001,0.04,1.05,1,19.31,17.54,16.34,15.6,3.551360819912034,1.0,,0.999998,1,0.9433741575000424,0.0037941954566645,02 19 48.85,+57 15 09.0,18.1,0.436,403.5,<,0.001,0.04,1.0,19.31,17.54,16.34,15.6,15.36,1.0,,0.999998,1.0,0.7,,,-0.3569521956712412,3765.2,0.4584722222222221,0.0186945933377917,1.949,0.739,0.5279,0.0777
13,14,02 18 37.09,+57 05 53.2,16.99,2.3,402.9,<,0.001,0.033,1.27,1,17.91,16.42,15.4,14.78,2.751360819912035,3.0,X,0.999988,1,1.207846753842652,0.0037941954566645,02 18 37.09,+57 05 53.2,16.99,2.3,402.9,<,0.001,0.033,1.0,17.91,16.42,15.4,14.78,14.56,3.0,X,0.999988,1.0,0.81,,,-0.2494838912832011,5018.7,0.9072434017595308,0.0186945933377917,36.763,24.591,0.9701,0.0601
14,15,02 19 36.85,+57 03 17.0,17.78,0.946,401.5,<,0.001,0.036,1.12,1,19.09,17.31,15.99,15.25,3.231360819912034,3.0,X,0.999993,1,1.0676376886930514,0.0037941954566645,02 19 36.85,+57 03 17.0,17.78,0.946,401.5,<,0.001,0.036,1.0,19.09,17.31,15.99,15.25,15.04,3.0,X,0.999993,1.0,,,,,3980.3,,0.0186945933377917,,,,
15,16,02 19 44.74,+57 14 37.7,18.42,11.0,397.0,<,0.001,0.06,0.96,1,19.82,17.94,16.65,15.86,3.821360819912036,1.0,,0.999995,1,0.8318589778968286,0.0037941954566645,02 19 44.74,+57 14 37.7,18.42,11.0,397.0,<,0.001,0.06,1.0,19.82,17.94,16.65,15.86,15.63,1.0,,0.999995,1.0,0.71,,,-0.5320221247202073,,,0.0186945933377917,,,,
16,17,02 19 25.76,+57 09 24.2,17.68,0.36,396.4,<,0.001,0.075,1.15,1,18.98,17.19,15.85,15.2,3.1213608199120344,3.0,X,0.999991,1,1.1047177526415013,0.0037941954566645,02 19 25.76,+57 09 24.2,17.68,0.36,396.4,<,0.001,0.075,1.0,18.98,17.19,15.85,15.2,14.93,3.0,X,0.999991,1.0,0.79,,,-0.5413923638152898,4231.4,0.6901204819277107,0.0186945933377917,12.144,5.747,0.8319,0.0639
17,18,02 18 29.88,+57 14 24.3,17.68,4.26,395.9,<,0.001,0.052,1.14,1,18.86,17.13,15.9,15.25,3.2113608199120343,3.0,,0.99999,1,1.0739236156146108,0.0037941954566645,02 18 29.88,+57 14 24.3,17.68,4.26,395.9,<,0.001,0.052,1.0,18.86,17.13,15.9,15.25,15.02,3.0,,0.99999,1.0,0.76,,,-0.4088908522338173,4327.4,1.0,0.0186945933377917,9.598,4.543,0.9043,0.069
18,19,02 19 17.02,+57 15 45.1,16.93,1.53,393.2,<,0.001,0.024,1.28,1,18.02,16.46,15.38,14.8,2.801360819912034,3.0,,0.999996,1,1.196119397159065,0.0037941954566645,02 19 17.02,+57 15 45.1,16.93,1.53,393.2,<,0.001,0.024,1.0,18.02,16.46,15.38,14.8,14.61,3.0,,0.999996,1.0,0.85,,,-0.2467694217829263,4617.9,0.801544502617801,0.0186945933377917,10.677,4.888,1.0398,0.0628
19,20,02 18 52.71,+57 11 29.6,16.09,0.451,392.7,<,0.001,0.021,1.39,2,17.29,15.75,14.61,14.1,2.1213608199120344,3.0,X,0.999996,1,,0.0,02 18 52.71,+57 11 29.6,16.09,0.451,392.7,<,0.001,0.021,2.0,17.29,15.75,14.61,14.1,13.93,3.0,X,0.999996,1.0,,,,,5733.0,,0.0186945933377917,,,,
20,21,02 18 38.27,+56 59 42.3,17.22,3.47,390.8,<,0.001,0.055,1.22,1,,,15.74,15.06,3.061360819912034,,X,0.999996,1,1.1218530770342725,0.0037941954566645,02 18 38.27,+56 59 42.3,17.22,3.47,390.8,<,0.001,0.055,1.0,,,15.74,15.06,14.87,,X,0.999996,1.0,,,,,,,0.0186945933377917,,,,
21,22,02 19 20.91,+57 13 12.3,17.07,4.07,390.6,<,0.001,0.054,1.25,1,18.28,16.71,15.5,14.91,2.911360819912036,3.0,X,0.999994,1,1.1651914776083414,0.0037941954566645,02 19 20.91,+57 13 12.3,17.07,4.07,390.6,<,0.001,0.054,1.0,18.28,16.71,15.5,14.91,14.72,3.0,X,0.999994,1.0,,,,,4530.6,,0.0186945933377917,,,,
22,23,02 19 48.62,+57 13 10.9,17.93,7.52,389.8,<,0.001,0.03,1.09,1,19.12,17.38,16.24,15.51,3.471360819912034,1.0,,0.999994,1,0.9781095424241834,0.0037941954566645,02 19 48.62,+57 13 10.9,17.93,7.52,389.8,<,0.001,0.03,1.0,19.12,17.38,16.24,15.51,15.28,1.0,,0.999994,1.0,0.72,,,-0.1056451627535159,3733.9,0.4367361111111112,0.0186945933377917,1.23,0.235,0.5535,0.0564
23,24,02 19 54.81,+57 03 03.8,16.06,0.473,388.7,<,0.001,0.014,1.39,2,17.02,15.66,14.68,14.17,2.2413608199120354,3.0,,0.999994,1,,0.0,02 19 54.81,+57 03 03.8,16.06,0.473,388.7,<,0.001,0.014,2.0,17.02,15.66,14.68,14.17,14.05,3.0,,0.999994,1.0,0.96,,,0.6309107209834273,,,0.0186945933377917,,,,
24,25,02 19 15.00,+57 09 05.0,16.51,0.402,387.5,<,0.001,0.048,1.34,2,,,14.96,14.33,2.2813608199120345,,X,0.999999,1,,0.0,02 19 15.00,+57 09 05.0,16.51,0.402,387.5,<,0.001,0.048,2.0,,,14.96,14.33,14.09,,X,0.999999,1.0,,,,,,,0.0186945933377917,,,,
25,26,02 18 14.52,+57 09 31.8,17.51,0.126,386.0,<,0.001,0.062,1.18,2,,,15.34,14.64,2.4913608199120354,,X,0.999442,1,1.2590854898013808,0.0037941954566645,02 18 14.52,+57 09 31.8,17.51,0.126,386.0,<,0.001,0.062,2.0,,,15.34,14.64,14.3,,X,0.999442,1.0,0.456,0.059,0.01082,-1.598771832501887,3388.7,0.235095238095238,0.0186945933377917,31.356,20.168,0.284,0.0696
26,27,02 18 57.60,+57 03 31.7,16.77,0.365,384.8,<,0.001,0.067,1.29,2,,,15.12,14.54,2.511360819912035,,X,0.999992,1,1.2554024985761905,0.0037941954566645,02 18 57.60,+57 03 31.7,16.77,0.365,384.8,<,0.001,0.067,2.0,,,15.12,14.54,14.32,,X,0.999992,1.0,0.77,,,-0.0441391435331746,4843.6,0.860628272251309,0.0186945933377917,9.0,3.761,1.1862,0.0822
27,28,02 19 46.36,+57 07 30.9,19.11,2.15,383.6,<,0.001,0.091,0.73,1,21.06,18.7,16.95,16.08,4.061360819912034,1.0,,0.999979,1,0.7355801030399812,0.0037941954566645,02 19 46.36,+57 07 30.9,19.11,2.15,383.6,<,0.001,0.091,1.0,21.06,18.7,16.95,16.08,15.87,1.0,,0.999979,1.0,,,,,,,0.0186945933377917,,,,
28,29,02 19 32.76,+57 05 44.1,17.0,0.712,383.2,<,0.001,0.037,1.26,1,18.23,16.6,15.36,14.75,2.751360819912035,3.0,X,0.999996,1,1.207846753842652,0.0037941954566645,02 19 32.76,+57 05 44.1,17.0,0.712,383.2,<,0.001,0.037,1.0,18.23,16.6,15.36,14.75,14.56,3.0,X,0.999996,1.0,0.82,,,0.1163254272395975,4853.6,0.8632460732984294,0.0186945933377917,5.667,2.574,1.2993,0.069
29,30,02 17 58.31,+57 08 38.2,16.27,0.372,381.9,<,0.001,0.034,1.36,2,,,14.86,14.32,2.331360819912036,,,0.999993,1,1.291392628312076,0.0037941954566645,02 17 58.31,+57 08 38.2,16.27,0.372,381.9,<,0.001,0.034,2.0,,,14.86,14.32,14.14,,,0.999993,1.0,,,,,4753.6,,0.0186945933377917,,,,
30,31,02 18 48.73,+57 11 27.5,16.8,0.348,379.1,<,0.001,0.025,1.3,2,,,15.19,14.56,2.5313608199120345,,,0.999985,1,1.252027562241279,0.0037941954566645,02 18 48.73,+57 11 27.5,16.8,0.348,379.1,<,0.001,0.025,2.0,,,15.19,14.56,14.34,,,0.999985,1.0,0.78,,,-0.0802160988784904,5024.5,0.9089442815249268,0.0186945933377917,15.683,6.973,1.1089,0.08
31,32,02 18 18.03,+57 16 58.2,16.9,0.717,378.7,<,0.001,0.041,1.27,2,18.12,16.47,15.24,14.52,2.501360819912035,3.0,,0.999993,1,1.2582587806882046,0.0037941954566645,02 18 18.03,+57 16 58.2,16.9,0.717,378.7,<,0.001,0.041,2.0,18.12,16.47,15.24,14.52,14.31,3.0,,0.999993,1.0,,,,,4969.7,,0.0186945933377917,,,,
32,33,02 19 51.52,+57 08 33.6,19.2,0.743,378.4,<,0.001,0.088,0.76,2,21.2,18.6,16.77,15.95,3.8313608199120353,1.0,X,0.999973,1,0.8277607066294574,0.0037941954566645,02 19 51.52,+57 08 33.6,19.2,0.743,378.4,<,0.001,0.088,2.0,21.2,18.6,16.77,15.95,15.64,1.0,X,0.999973,1.0,,,,,,,0.0186945933377917,,,,
33,34,02 19 20.52,+57 09 25.4,17.1,3.47,378.1,<,0.001,0.035,1.25,1,18.37,16.76,15.5,14.91,2.8713608199120344,0.0,X,0.999996,1,1.1771051311135114,0.0037941954566645,02 19 20.52,+57 09 25.4,17.1,3.47,378.1,<,0.001,0.035,1.0,18.37,16.76,15.5,14.91,14.68,0.0,X,0.999996,1.0,0.81,,,-0.2816395005470164,4777.3,0.8432722513089006,0.0186945933377917,19.49,9.543,0.9929,0.0651
34,35,02 18 58.23,+57 13 55.2,17.04,0.395,375.6,<,0.001,0.03,1.26,1,18.29,16.6,15.44,14.86,2.811360819912034,3.0,,0.999996,1,1.1932406660685917,0.0037941954566645,02 18 58.23,+57 13 55.2,17.04,0.395,375.6,<,0.001,0.03,1.0,18.29,16.6,15.44,14.86,14.62,3.0,,0.999996,1.0,0.81,,,-0.1089422593630421,4860.2,0.8649738219895288,0.0186945933377917,11.785,4.973,1.1227,0.079
35,36,02 19 23.99,+57 09 08.5,18.18,2.2,371.4,<,0.001,0.058,1.03,1,19.48,17.71,16.36,15.64,3.551360819912034,1.0,X,0.999998,1,0.9433741575000424,0.0037941954566645,02 19 23.99,+57 09 08.5,18.18,2.2,371.4,<,0.001,0.058,1.0,19.48,17.71,16.36,15.64,15.36,1.0,X,0.999998,1.0,,,,,3756.7,,0.0186945933377917,,,,
36,37,02 19 46.02,+57 03 41.4,18.31,5.32,367.4,<,0.001,0.042,1.0,1,19.65,17.8,16.48,15.75,3.761360819912035,1.0,,0.999992,1,0.8558167855800591,0.0037941954566645,02 19 46.02,+57 03 41.4,18.31,5.32,367.4,<,0.001,0.042,1.0,19.65,17.8,16.48,15.75,15.57,1.0,,0.999992,1.0,,,,,3729.8,,0.0186945933377917,,,,
37,38,02 19 57.71,+57 10 37.4,16.58,8.47,367.2,<,0.001,0.012,1.33,1,17.56,16.13,15.19,14.67,2.6913608199120347,1.0,,0.999997,1,1.220159819470653,0.0037941954566645,02 19 57.71,+57 10 37.4,16.58,8.47,367.2,<,0.001,0.012,1.0,17.56,16.13,15.19,14.67,14.5,1.0,,0.999997,1.0,0.89,,,0.0447631215857335,,,0.0186945933377917,,,,
38,39,02 18 03.08,+57 16 15.9,18.6,2.12,364.8,<,0.001,0.066,0.93,1,20.1,18.08,16.56,15.77,3.711360819912034,1.0,,0.999995,1,0.8758303919827325,0.0037941954566645,02 18 03.08,+57 16 15.9,18.6,2.12,364.8,<,0.001,0.066,1.0,20.1,18.08,16.56,15.77,15.52,1.0,,0.999995,1.0,0.68,,,-0.5580379299114717,,,0.0186945933377917,,,,
39,40,02 19 21.38,+57 05 14.6,16.93,2.42,364.7,<,0.001,0.023,1.28,1,18.09,16.5,15.34,14.82,2.851360819912035,3.0,X,0.999997,1,1.1829827640366506,0.0037941954566645,02 19 21.38,+57 05 14.6,16.93,2.42,364.7,<,0.001,0.023,1.0,18.09,16.5,15.34,14.82,14.66,3.0,X,0.999997,1.0,0.85,,,0.1061432821024218,4651.0,0.8102094240837697,0.0186945933377917,3.37,1.552,1.2272,0.1085
40,41,02 18 30.58,+57 04 54.0,16.74,3.88,364.5,<,0.001,0.022,1.3,1,17.86,16.42,15.3,14.76,2.7713608199120348,3.0,X,0.999994,1,1.2043149967755686,0.0037941954566645,02 18 30.58,+57 04 54.0,16.74,3.88,364.5,<,0.001,0.022,1.0,17.86,16.42,15.3,14.76,14.58,3.0,X,0.999994,1.0,0.85,,,0.1266573094055292,5029.8,0.9104985337243402,0.0186945933377917,8.754,3.225,1.2873,0.0785
41,42,02 18 58.25,+57 01 40.5,17.52,1.88,364.4,<,0.001,0.066,1.17,1,,,15.85,15.26,3.261360819912035,,X,0.999997,1,1.0567749008252008,0.0037941954566645,02 18 58.25,+57 01 40.5,17.52,1.88,364.4,<,0.001,0.066,1.0,,,15.85,15.26,15.07,,X,0.999997,1.0,0.76,,,-0.0944523588397493,4239.2,0.9,0.0186945933377917,2.43,1.059,0.8653,0.1232
42,43,02 19 45.54,+57 02 53.5,17.73,1.6,364.1,<,0.001,0.032,1.14,2,18.97,17.18,15.88,15.11,3.081360819912036,3.0,X,0.999993,1,1.1161395463568444,0.0037941954566645,02 19 45.54,+57 02 53.5,17.73,1.6,364.1,<,0.001,0.032,2.0,18.97,17.18,15.88,15.11,14.89,3.0,X,0.999993,1.0,,,,,4599.5,,0.0186945933377917,,,,
43,44,02 18 31.49,+57 06 39.6,18.14,5.24,363.3,<,0.001,0.044,1.04,1,19.54,17.73,16.33,15.65,3.651360819912036,1.0,,0.999989,1,0.8990916506072822,0.0037941954566645,02 18 31.49,+57 06 39.6,18.14,5.24,363.3,<,0.001,0.044,1.0,19.54,17.73,16.33,15.65,15.46,1.0,,0.999989,1.0,,,,,3643.7,,0.0186945933377917,,,,
44,45,02 18 03.02,+57 06 37.3,16.56,2.55,360.7,<,0.001,0.03,1.33,2,17.74,16.07,14.78,14.1,2.101360819912035,3.0,X,0.999983,1,,0.0,02 18 03.02,+57 06 37.3,16.56,2.55,360.7,<,0.001,0.03,2.0,17.74,16.07,14.78,14.1,13.91,3.0,X,0.999983,1.0,,,,,,,0.0186945933377917,,,,
45,46,02 19 03.12,+57 11 26.5,17.79,4.57,360.3,<,0.001,0.048,1.12,1,19.03,17.31,16.09,15.38,3.331360819912036,0.0,,0.999989,1,1.0321814333843993,0.0037941954566645,02 19 03.12,+57 11 26.5,17.79,4.57,360.3,<,0.001,0.048,1.0,19.03,17.31,16.09,15.38,15.14,0.0,,0.999989,1.0,,,,,3682.0,,0.0186945933377917,,,,
46,47,02 18 36.48,+57 01 15.3,17.11,0.323,360.2,<,0.001,0.031,1.25,2,18.34,16.69,15.39,14.77,2.7713608199120348,3.0,"X,Ha",0.999986,1,1.2043149967755686,0.0037941954566645,02 18 36.48,+57 01 15.3,17.11,0.323,360.2,<,0.001,0.031,2.0,18.34,16.69,15.39,14.77,14.58,3.0,"X,Ha",0.999986,1.0,0.72,,,-0.267566029586576,,,0.0186945933377917,,,,
47,48,02 18 06.60,+57 15 14.8,18.67,0.578,359.4,<,0.001,0.06,0.88,1,20.23,18.16,16.65,15.84,3.801360819912034,1.0,,0.99999,1,0.8390133960984504,0.0037941954566645,02 18 06.60,+57 15 14.8,18.67,0.578,359.4,<,0.001,0.06,1.0,20.23,18.16,16.65,15.84,15.61,1.0,,0.99999,1.0,,,,,,,0.0186945933377917,,,,
48,49,02 18 54.77,+57 03 38.9,17.85,0.661,359.0,<,0.001,0.055,1.11,1,19.21,17.44,15.95,15.27,3.2913608199120343,3.0,X,0.999998,1,1.0459793014991836,0.0037941954566645,02 18 54.77,+57 03 38.9,17.85,0.661,359.0,<,0.001,0.055,1.0,19.21,17.44,15.95,15.27,15.1,3.0,X,0.999998,1.0,,,,,3772.0,,0.0186945933377917,,,,
49,50,02 18 33.74,+57 11 46.1,19.08,0.37,358.3,<,0.001,0.07,0.76,1,20.9,18.58,16.9,16.13,4.0313608199120345,1.0,,0.999973,1,0.7471637855386764,0.0037941954566645,02 18 33.74,+57 11 46.1,19.08,0.37,358.3,<,0.001,0.07,1.0,20.9,18.58,16.9,16.13,15.84,1.0,,0.999973,1.0,,,,,,,0.0186945933377917,,,,
50,51,02 19 25.25,+57 02 37.8,18.07,0.674,353.0,<,0.001,0.051,1.05,2,19.68,17.58,16.03,15.29,3.261360819912035,3.0,X,0.999964,1,1.0567749008252008,0.0037941954566645,02 19 25.25,+57 02 37.8,18.07,0.674,353.0,<,0.001,0.051,2.0,19.68,17.58,16.03,15.29,15.07,3.0,X,0.999964,1.0,0.64,,,-0.8426339082377299,3680.8,0.399871794871795,0.0186945933377917,8.581,4.273,0.5173,0.085
51,52,02 18 15.22,+57 05 07.8,18.76,0.764,352.8,<,0.001,0.056,0.88,1,20.38,18.2,16.66,15.86,3.7913608199120334,1.0,,0.999987,1,0.8431032459434172,0.0037941954566645,02 18 15.22,+57 05 07.8,18.76,0.764,352.8,<,0.001,0.056,1.0,20.38,18.2,16.66,15.86,15.6,1.0,,0.999987,1.0,,,,,,,0.0186945933377917,,,,
52,53,02 19 57.83,+57 00 44.8,16.7,3.07,352.3,<,0.001,0.03,1.31,1,17.67,16.29,15.29,14.77,2.7813608199120345,3.0,,0.999997,1,1.2016588066580585,0.0037941954566645,02 19 57.83,+57 00 44.8,16.7,3.07,352.3,<,0.001,0.03,1.0,17.67,16.29,15.29,14.77,14.59,3.0,,0.999997,1.0,0.9,,,-0.072044811389334,5018.8,0.9072727272727272,0.0186945933377917,14.973,6.522,1.118,0.0822
53,54,02 18 21.70,+57 06 52.2,16.49,0.674,351.5,<,0.001,0.015,1.33,1,17.54,16.13,15.03,14.48,2.501360819912035,3.0,X,0.999994,1,1.2582587806882046,0.0037941954566645,02 18 21.70,+57 06 52.2,16.49,0.674,351.5,<,0.001,0.015,1.0,17.54,16.13,15.03,14.48,14.31,3.0,X,0.999994,1.0,0.81,,,0.1112625136590653,,,0.0186945933377917,,,,
54,55,02 18 29.95,+57 01 09.1,17.95,1.1,349.9,<,0.001,0.059,1.1,1,19.25,17.5,16.03,15.32,3.301360819912034,3.0,,0.999996,1,1.0428881744801055,0.0037941954566645,02 18 29.95,+57 01 09.1,17.95,1.1,349.9,<,0.001,0.059,1.0,19.25,17.5,16.03,15.32,15.11,3.0,,0.999996,1.0,0.68,,,-0.4305207487052039,4249.7,0.6974698795180722,0.0186945933377917,8.459,4.061,0.8652,0.0793
55,56,02 17 59.20,+57 16 32.6,18.35,1.51,349.5,<,0.001,0.069,0.99,1,19.94,17.89,16.44,15.62,3.591360819912035,1.0,,0.999996,1,0.9250193394515696,0.0037941954566645,02 17 59.20,+57 16 32.6,18.35,1.51,349.5,<,0.001,0.069,1.0,19.94,17.89,16.44,15.62,15.4,1.0,,0.999996,1.0,0.7,,,-0.6145724851948694,,,0.0186945933377917,,,,
56,57,02 18 29.48,+57 10 19.2,16.72,0.53,349.1,<,0.001,0.016,1.3,1,17.89,16.39,15.26,14.67,2.641360819912034,3.0,X,0.999993,1,1.2297771188824966,0.0037941954566645,02 18 29.48,+57 10 19.2,16.72,0.53,349.1,<,0.001,0.016,1.0,17.89,16.39,15.26,14.67,14.45,3.0,X,0.999993,1.0,0.85,,,0.0741359517931202,4998.0,0.9011730205278592,0.0186945933377917,9.05,3.414,1.2593,0.0837
57,58,02 19 13.07,+57 12 35.6,16.27,0.415,348.3,<,0.001,0.022,1.36,2,,,14.6,14.04,2.0213608199120348,,X,0.999997,1,,0.0,02 19 13.07,+57 12 35.6,16.27,0.415,348.3,<,0.001,0.022,2.0,,,14.6,14.04,13.83,,X,0.999997,1.0,,,,,,,0.0186945933377917,,,,
58,59,02 18 22.10,+56 59 32.2,16.83,1.19,348.1,<,0.001,0.042,1.29,1,,,15.4,14.81,2.841360819912035,,X,0.999992,1,1.1859000825948771,0.0037941954566645,02 18 22.10,+56 59 32.2,16.83,1.19,348.1,<,0.001,0.042,1.0,,,15.4,14.81,14.65,,X,0.999992,1.0,,,,,5023.2,,0.0186945933377917,,,,
59,60,02 18 13.94,+57 12 52.7,18.31,0.774,345.8,<,0.001,0.036,1.0,1,,,16.4,15.69,3.641360819912034,,,0.999977,1,0.9035292568499844,0.0037941954566645,02 18 13.94,+57 12 52.7,18.31,0.774,345.8,<,0.001,0.036,1.0,,,16.4,15.69,15.45,,,0.999977,1.0,,,,,3665.0,,0.0186945933377917,,,,
60,61,02 18 17.79,+57 10 51.6,19.83,0.539,343.9,<,0.001,0.103,0.53,1,22.42,19.1,17.38,16.55,4.441360819912035,1.0,,0.999998,1,0.5924110688829809,0.0037941954566645,02 18 17.79,+57 10 51.6,19.83,0.539,343.9,<,0.001,0.103,1.0,22.42,19.1,17.38,16.55,16.25,1.0,,0.999998,1.0,,,,,,,0.0186945933377917,,,,
61,62,02 19 54.24,+57 03 48.2,17.37,5.88,343.7,<,0.001,0.032,1.21,1,18.5,16.84,15.64,14.97,2.9513608199120345,3.0,X,0.999991,1,1.153458553944932,0.0037941954566645,02 19 54.24,+57 03 48.2,17.37,5.88,343.7,<,0.001,0.032,1.0,18.5,16.84,15.64,14.97,14.76,3.0,X,0.999991,1.0,0.77,,,-0.2764704467194276,4576.3,1.4,0.0186945933377917,10.728,4.998,1.0189,0.0615
62,63,02 19 51.56,+57 10 00.9,17.82,5.32,343.4,<,0.001,0.06,1.11,1,,,16.17,15.44,3.391360819912034,,X,0.999983,1,1.0096747963865211,0.0037941954566645,02 19 51.56,+57 10 00.9,17.82,5.32,343.4,<,0.001,0.06,1.0,,,16.17,15.44,15.2,,X,0.999983,1.0,0.82,,,-0.1152952414822981,4413.5,0.7442415730337079,0.0186945933377917,3.943,1.789,1.0109,0.112
63,64,02 19 21.84,+57 02 07.1,15.85,0.46,342.0,<,0.001,0.031,1.42,1,16.81,15.49,14.56,14.1,2.141360819912034,3.0,X,0.999996,1,,0.0,02 19 21.84,+57 02 07.1,15.85,0.46,342.0,<,0.001,0.031,1.0,16.81,15.49,14.56,14.1,13.95,3.0,X,0.999996,1.0,,,,,6360.1,,0.0186945933377917,,,,
64,65,02 18 55.22,+57 11 29.0,17.85,2.62,341.5,<,0.001,0.034,1.11,1,19.32,17.41,15.97,15.29,3.251360819912035,3.0,X,0.999996,1,1.059766899997845,0.0037941954566645,02 18 55.22,+57 11 29.0,17.85,2.62,341.5,<,0.001,0.034,1.0,19.32,17.41,15.97,15.29,15.06,3.0,X,0.999996,1.0,,,,,4521.1,,0.0186945933377917,,,,
65,66,02 18 05.38,+57 01 28.5,16.34,0.371,340.7,<,0.001,0.031,1.36,2,17.34,15.9,14.85,14.3,2.331360819912036,3.0,Ha,0.999994,1,1.291392628312076,0.0037941954566645,02 18 05.38,+57 01 28.5,16.34,0.371,340.7,<,0.001,0.031,2.0,17.34,15.9,14.85,14.3,14.14,3.0,Ha,0.999994,1.0,,,,,4836.5,,0.0186945933377917,,,,
66,67,02 19 47.77,+57 12 59.9,18.08,0.296,338.9,<,0.001,0.024,1.06,1,19.45,17.6,16.3,15.54,3.511360819912035,1.0,,0.999996,1,0.9606976215461364,0.0037941954566645,02 19 47.77,+57 12 59.9,18.08,0.296,338.9,<,0.001,0.024,1.0,19.45,17.6,16.3,15.54,15.32,1.0,,0.999996,1.0,0.73,,,-0.3182794936817071,3931.5,0.7,0.0186945933377917,2.408,1.024,0.6281,0.0951
67,68,02 18 23.82,+57 13 47.0,18.16,4.27,338.7,<,0.001,0.045,1.04,1,19.56,17.76,16.35,15.62,3.591360819912035,1.0,,0.999997,1,0.9250193394515696,0.0037941954566645,02 18 23.82,+57 13 47.0,18.16,4.27,338.7,<,0.001,0.045,1.0,19.56,17.76,16.35,15.62,15.4,1.0,,0.999997,1.0,,,,,4008.9,,0.0186945933377917,,,,
68,69,02 18 47.47,+57 01 38.6,16.28,0.376,337.5,<,0.001,0.013,1.36,2,17.39,15.94,14.82,14.24,2.2713608199120348,3.0,X,0.999995,1,,0.0,02 18 47.47,+57 01 38.6,16.28,0.376,337.5,<,0.001,0.013,2.0,17.39,15.94,14.82,14.24,14.08,3.0,X,0.999995,1.0,,,,,,,0.0186945933377917,,,,
69,70,02 19 08.05,+57 06 08.6,17.57,0.661,336.6,<,0.001,0.041,1.16,2,19.01,17.1,15.68,14.93,2.911360819912036,1.0,X,0.999966,1,1.1651914776083414,0.0037941954566645,02 19 08.05,+57 06 08.6,17.57,0.661,336.6,<,0.001,0.041,2.0,19.01,17.1,15.68,14.93,14.72,1.0,X,0.999966,1.0,,,,,3875.7,,0.0186945933377917,,,,
70,71,02 18 20.74,+56 59 58.8,17.29,3.42,335.2,<,0.001,0.039,1.22,1,18.3,16.79,15.77,15.16,3.181360819912035,0.0,,0.999991,1,1.0846941004601451,0.0037941954566645,02 18 20.74,+56 59 58.8,17.29,3.42,335.2,<,0.001,0.039,1.0,18.3,16.79,15.77,15.16,14.99,0.0,,0.999991,1.0,0.77,,,-0.4928460403441663,4749.0,0.8358638743455498,0.0186945933377917,50.856,31.975,0.8381,0.0496
71,72,02 19 16.74,+57 12 04.6,18.76,7.09,334.8,<,0.001,0.051,0.86,1,20.47,18.25,16.64,15.82,3.7413608199120354,1.0,,0.999994,1,0.8630133510952684,0.0037941954566645,02 19 16.74,+57 12 04.6,18.76,7.09,334.8,<,0.001,0.051,1.0,20.47,18.25,16.64,15.82,15.55,1.0,,0.999994,1.0,,,,,,,0.0186945933377917,,,,
72,73,02 18 44.07,+57 08 56.1,17.69,8.26,333.2,<,0.001,0.067,1.14,1,18.75,17.1,16.09,15.44,3.4013608199120355,1.0,X,0.999989,1,1.0064653684962863,0.0037941954566645,02 18 44.07,+57 08 56.1,17.69,8.26,333.2,<,0.001,0.067,1.0,18.75,17.1,16.09,15.44,15.21,1.0,X,0.999989,1.0,,,,,4452.4,,0.0186945933377917,,,,
73,74,02 18 47.98,+57 13 58.5,17.12,3.56,332.7,<,0.001,0.023,1.25,2,18.38,16.66,15.41,14.72,2.6913608199120347,3.0,X,0.999979,1,1.220159819470653,0.0037941954566645,02 18 47.98,+57 13 58.5,17.12,3.56,332.7,<,0.001,0.023,2.0,18.38,16.66,15.41,14.72,14.5,3.0,X,0.999979,1.0,,,,,4940.3,,0.0186945933377917,,,,
74,75,02 19 12.96,+56 59 33.0,17.39,4.93,332.0,<,0.001,0.035,1.2,1,,,15.78,15.15,3.161360819912036,,,0.999992,1,1.092625306106187,0.0037941954566645,02 19 12.96,+56 59 33.0,17.39,4.93,332.0,<,0.001,0.035,1.0,,,15.78,15.15,14.97,,,0.999992,1.0,0.73,,,-0.5245467398302995,4731.3,0.8312303664921467,0.0186945933377917,55.481,35.074,0.8234,0.0455
75,76,02 18 46.56,+57 13 53.8,17.43,4.48,331.8,<,0.001,0.03,1.19,2,18.93,17.05,15.69,14.91,2.891360819912034,3.0,X,0.999984,1,1.171169350777348,0.0037941954566645,02 18 46.56,+57 13 53.8,17.43,4.48,331.8,<,0.001,0.03,2.0,18.93,17.05,15.69,14.91,14.7,3.0,X,0.999984,1.0,,,,,3972.3,,0.0186945933377917,,,,
76,77,02 18 29.41,+57 15 59.0,18.0,0.279,330.7,<,0.001,0.034,1.08,1,19.48,17.5,16.08,15.32,3.2813608199120345,3.0,,0.999999,1,1.0490148575950438,0.0037941954566645,02 18 29.41,+57 15 59.0,18.0,0.279,330.7,<,0.001,0.034,1.0,19.48,17.5,16.08,15.32,15.09,3.0,,0.999999,1.0,0.68,,,-0.8122537302195407,3815.2,0.4931944444444443,0.0186945933377917,10.718,4.928,0.5949,0.0778
77,78,02 20 00.95,+57 11 24.8,17.75,0.144,330.5,<,0.001,0.092,1.13,1,18.96,17.24,16.26,15.59,3.511360819912035,1.0,,0.999991,1,0.9606976215461364,0.0037941954566645,02 20 00.95,+57 11 24.8,17.75,0.144,330.5,<,0.001,0.092,1.0,18.96,17.24,16.26,15.59,15.32,1.0,,0.999991,1.0,0.83,,,-0.2192939414678739,4633.6,1.2,0.0186945933377917,10.0,4.511,1.0587,0.0645
78,79,02 19 18.12,+57 01 32.9,18.19,0.454,330.4,<,0.001,0.058,1.03,1,,,16.26,15.55,3.501360819912035,,X,0.999983,1,0.9640940327899664,0.0037941954566645,02 19 18.12,+57 01 32.9,18.19,0.454,330.4,<,0.001,0.058,1.0,,,16.26,15.55,15.31,,X,0.999983,1.0,0.68,,,-0.2720929185933032,3659.1,0.3859615384615384,0.0186945933377917,1.391,0.369,0.4821,0.0626
79,80,02 19 46.10,+57 05 47.6,16.95,4.31,329.1,<,0.001,0.024,1.25,1,17.99,16.5,15.38,14.81,2.841360819912035,1.0,X,0.999993,1,1.1859000825948771,0.0037941954566645,02 19 46.10,+57 05 47.6,16.95,4.31,329.1,<,0.001,0.024,1.0,17.99,16.5,15.38,14.81,14.65,1.0,X,0.999993,1.0,0.85,,,0.0589761365651172,4974.6,0.8949214659685865,0.0186945933377917,8.905,3.42,1.2532,0.0838
80,81,02 18 09.29,+57 03 23.6,16.6,0.463,328.1,<,0.001,0.018,1.33,1,17.55,16.12,15.08,14.54,2.561360819912034,3.0,X,0.999995,1,1.245681714794933,0.0037941954566645,02 18 09.29,+57 03 23.6,16.6,0.463,328.1,<,0.001,0.018,1.0,17.55,16.12,15.08,14.54,14.37,3.0,X,0.999995,1.0,0.82,,,0.0616861510897584,,,0.0186945933377917,,,,
81,82,02 18 27.18,+57 11 07.5,15.78,0.392,327.6,<,0.001,0.021,1.49,2,16.77,15.38,14.35,13.77,1.7913608199120343,1.0,X,0.999992,1,,0.0,02 18 27.18,+57 11 07.5,15.78,0.392,327.6,<,0.001,0.021,2.0,16.77,15.38,14.35,13.77,13.6,1.0,X,0.999992,1.0,,,,,5026.6,,0.0186945933377917,,,,
82,83,02 19 43.65,+57 06 05.7,18.31,0.895,326.5,<,0.001,0.055,1.01,1,19.82,17.78,16.27,15.47,3.4413608199120347,1.0,,0.999975,1,0.9909684812736383,0.0037941954566645,02 19 43.65,+57 06 05.7,18.31,0.895,326.5,<,0.001,0.055,1.0,19.82,17.78,16.27,15.47,15.25,1.0,,0.999975,1.0,,,,,,,0.0186945933377917,,,,
83,84,02 18 31.19,+57 10 56.0,18.26,5.24,326.1,<,0.001,0.049,1.01,1,19.67,17.84,16.52,15.77,3.731360819912034,1.0,,0.999996,1,0.8671778299821539,0.0037941954566645,02 18 31.19,+57 10 56.0,18.26,5.24,326.1,<,0.001,0.049,1.0,19.67,17.84,16.52,15.77,15.54,1.0,,0.999996,1.0,,,,,3779.8,,0.0186945933377917,,,,
84,85,02 20 02.25,+57 03 49.2,18.57,5.29,325.5,<,0.001,0.081,0.91,1,20.28,18.17,16.69,15.81,3.801360819912034,1.0,,0.999996,1,0.8390133960984504,0.0037941954566645,02 20 02.25,+57 03 49.2,18.57,5.29,325.5,<,0.001,0.081,1.0,20.28,18.17,16.69,15.81,15.61,1.0,,0.999996,1.0,,,,,,,0.0186945933377917,,,,
85,86,02 18 26.22,+57 09 21.9,18.16,3.18,325.5,<,0.001,0.029,1.05,1,19.43,17.64,16.38,15.71,3.6613608199120353,1.0,,0.999988,1,0.8959443933318194,0.0037941954566645,02 18 26.22,+57 09 21.9,18.16,3.18,325.5,<,0.001,0.029,1.0,19.43,17.64,16.38,15.71,15.47,1.0,,0.999988,1.0,,,,,3591.2,,0.0186945933377917,,,,
86,87,02 18 35.13,+57 04 06.7,16.7,5.59,325.3,<,0.001,0.017,1.31,1,17.62,16.29,15.31,14.79,2.841360819912035,0.0,,0.999996,1,1.1859000825948771,0.0037941954566645,02 18 35.13,+57 04 06.7,16.7,5.59,325.3,<,0.001,0.017,1.0,17.62,16.29,15.31,14.79,14.65,0.0,,0.999996,1.0,0.91,,,0.3117729272242421,,,0.0186945933377917,,,,
87,88,02 18 30.64,+57 10 08.7,18.06,8.2,324.7,<,0.001,0.042,1.07,1,19.43,17.67,16.33,15.58,3.551360819912034,1.0,X,0.99999,1,0.9433741575000424,0.0037941954566645,02 18 30.64,+57 10 08.7,18.06,8.2,324.7,<,0.001,0.042,1.0,19.43,17.67,16.33,15.58,15.36,1.0,X,0.99999,1.0,,,,,3766.9,,0.0186945933377917,,,,
88,89,02 18 44.90,+57 10 05.4,18.96,3.25,322.5,<,0.001,0.078,0.78,1,,,16.92,16.11,4.011360819912035,,X,0.999982,1,0.7550697321509284,0.0037941954566645,02 18 44.90,+57 10 05.4,18.96,3.25,322.5,<,0.001,0.078,1.0,,,16.92,16.11,15.82,,X,0.999982,1.0,,,,,,,0.0186945933377917,,,,
89,90,02 18 29.63,+57 07 14.2,19.37,2.12,321.9,<,0.001,0.079,0.67,1,,,17.17,16.37,4.321360819912034,,,0.99999,1,0.6368250777440817,0.0037941954566645,02 18 29.63,+57 07 14.2,19.37,2.12,321.9,<,0.001,0.079,1.0,,,17.17,16.37,16.13,,,0.99999,1.0,,,,,,,0.0186945933377917,,,,
90,91,02 19 33.09,+57 09 44.0,17.02,4.12,320.3,<,0.001,0.033,1.26,1,18.09,16.58,15.45,14.93,2.921360819912035,3.0,X,0.999993,1,1.1622324353872515,0.0037941954566645,02 19 33.09,+57 09 44.0,17.02,4.12,320.3,<,0.001,0.033,1.0,18.09,16.58,15.45,14.93,14.73,3.0,X,0.999993,1.0,0.89,,,-0.0149689273100564,,,0.0186945933377917,,,,
91,92,02 18 24.46,+57 09 28.5,19.38,0.405,318.5,<,0.001,0.081,0.65,1,21.55,18.82,17.1,16.35,4.231360819912034,1.0,X,0.999996,1,0.6702255815220884,0.0037941954566645,02 18 24.46,+57 09 28.5,19.38,0.405,318.5,<,0.001,0.081,1.0,21.55,18.82,17.1,16.35,16.04,1.0,X,0.999996,1.0,,,,,,,0.0186945933377917,,,,
92,93,02 19 53.35,+57 07 22.1,19.72,4.22,317.9,<,0.001,0.11,0.56,1,21.93,19.13,17.35,16.55,4.471360819912036,1.0,,0.999992,1,0.5807937676071956,0.0037941954566645,02 19 53.35,+57 07 22.1,19.72,4.22,317.9,<,0.001,0.11,1.0,21.93,19.13,17.35,16.55,16.28,1.0,,0.999992,1.0,,,,,,,0.0186945933377917,,,,
93,94,02 18 19.80,+57 12 24.4,18.23,3.19,317.5,<,0.001,0.044,1.02,1,19.7,17.71,16.27,15.52,3.4613608199120343,1.0,,0.999996,1,0.9814841129610312,0.0037941954566645,02 18 19.80,+57 12 24.4,18.23,3.19,317.5,<,0.001,0.044,1.0,19.7,17.71,16.27,15.52,15.27,1.0,,0.999996,1.0,,,,,3547.9,,0.0186945933377917,,,,
94,95,02 18 32.38,+57 14 29.2,17.91,0.58,316.8,<,0.001,0.047,1.1,1,19.28,17.5,16.04,15.28,3.2413608199120354,1.0,,0.999974,1,1.064368730457694,0.0037941954566645,02 18 32.38,+57 14 29.2,17.91,0.58,316.8,<,0.001,0.047,1.0,19.28,17.5,16.04,15.28,15.05,1.0,,0.999974,1.0,,,,,3866.1,,0.0186945933377917,,,,
95,96,02 18 31.43,+57 05 36.2,17.08,2.93,316.2,<,0.001,0.018,1.26,2,18.34,16.69,15.37,14.7,2.681360819912035,3.0,X,0.999984,1,1.2210643621565882,0.0037941954566645,02 18 31.43,+57 05 36.2,17.08,2.93,316.2,<,0.001,0.018,2.0,18.34,16.69,15.37,14.7,14.49,3.0,X,0.999984,1.0,,,,,4725.8,,0.0186945933377917,,,,
96,97,02 19 14.09,+57 01 47.7,16.3,0.853,313.9,<,0.001,0.027,1.36,2,17.39,15.85,14.72,14.07,2.091360819912035,3.0,X,0.999995,1,,0.0,02 19 14.09,+57 01 47.7,16.3,0.853,313.9,<,0.001,0.027,2.0,17.39,15.85,14.72,14.07,13.9,3.0,X,0.999995,1.0,,,,,5581.7,,0.0186945933377917,,,,
97,98,02 18 53.61,+57 10 04.6,17.2,0.342,313.9,<,0.001,0.041,1.23,1,18.43,16.73,15.64,14.96,2.9513608199120345,1.0,X,0.999992,1,1.153458553944932,0.0037941954566645,02 18 53.61,+57 10 04.6,17.2,0.342,313.9,<,0.001,0.041,1.0,18.43,16.73,15.64,14.96,14.76,1.0,X,0.999992,1.0,,,,,4751.8,,0.0186945933377917,,,,
98,99,02 18 35.88,+57 12 12.5,18.77,7.14,313.0,<,0.001,0.038,0.87,1,20.39,18.3,16.69,15.89,3.821360819912036,1.0,,0.999994,1,0.8318589778968286,0.0037941954566645,02 18 35.88,+57 12 12.5,18.77,7.14,313.0,<,0.001,0.038,1.0,20.39,18.3,16.69,15.89,15.63,1.0,,0.999994,1.0,,,,,,,0.0186945933377917,,,,
99,100,02 19 07.67,+57 11 03.4,17.82,3.39,312.1,<,0.001,0.029,1.12,2,19.28,17.37,15.85,15.13,3.051360819912034,1.0,X,0.99998,1,1.124711065888376,0.0037941954566645,02 19 07.67,+57 11 03.4,17.82,3.39,312.1,<,0.001,0.029,2.0,19.28,17.37,15.85,15.13,14.86,1.0,X,0.99998,1.0,,,,,4474.3,,0.0186945933377917,,,,
100,101,02 18 06.86,+57 05 15.0,19.47,4.85,311.0,<,0.001,0.072,0.63,1,21.61,18.84,17.03,16.26,4.191360819912035,1.0,,0.999997,1,0.6845554037807376,0.0037941954566645,02 18 06.86,+57 05 15.0,19.47,4.85,311.0,<,0.001,0.072,1.0,21.61,18.84,17.03,16.26,16.0,1.0,,0.999997,1.0,,,,,,,0.0186945933377917,,,,
101,102,02 18 24.49,+57 08 28.9,18.28,0.423,310.1,<,0.001,0.05,1.01,1,,,16.43,15.72,3.651360819912036,,,0.999996,1,0.8990916506072822,0.0037941954566645,02 18 24.49,+57 08 28.9,18.28,0.423,310.1,<,0.001,0.05,1.0,,,16.43,15.72,15.46,,,0.999996,1.0,,,,,3555.9,,0.0186945933377917,,,,
102,103,02 19 08.85,+57 06 59.0,16.25,1.5,309.7,<,0.001,0.026,1.37,1,17.14,15.84,14.85,14.4,2.471360819912034,3.0,X,0.999998,1,1.264392513141298,0.0037941954566645,02 19 08.85,+57 06 59.0,16.25,1.5,309.7,<,0.001,0.026,1.0,17.14,15.84,14.85,14.4,14.28,3.0,X,0.999998,1.0,0.95,,,0.4177124398471052,5724.4,1.1220689655172411,0.0186945933377917,18.004,6.552,1.278,0.0764
103,104,02 19 10.54,+57 15 45.1,17.03,0.337,308.9,<,0.001,0.022,1.25,2,18.31,16.6,15.37,14.68,2.6513608199120355,3.0,,0.999995,1,1.227111805018533,0.0037941954566645,02 19 10.54,+57 15 45.1,17.03,0.337,308.9,<,0.001,0.022,2.0,18.31,16.6,15.37,14.68,14.46,3.0,,0.999995,1.0,0.77,,,-0.2519515900883609,4921.5,0.881020942408377,0.0186945933377917,26.213,15.239,0.988,0.0639
104,105,02 18 15.55,+57 13 54.8,16.75,2.69,308.4,<,0.001,0.02,1.3,1,17.82,16.42,15.35,14.79,2.811360819912034,3.0,,0.99999,1,1.1932406660685917,0.0037941954566645,02 18 15.55,+57 13 54.8,16.75,2.69,308.4,<,0.001,0.02,1.0,17.82,16.42,15.35,14.79,14.62,3.0,,0.99999,1.0,,,,,4847.9,,0.0186945933377917,,,,
105,106,02 18 48.39,+57 07 40.2,18.04,5.35,306.4,<,0.001,0.045,1.07,1,,,16.36,15.6,3.5713608199120355,,X,0.999998,1,0.934163715662089,0.0037941954566645,02 18 48.39,+57 07 40.2,18.04,5.35,306.4,<,0.001,0.045,1.0,,,16.36,15.6,15.38,,X,0.999998,1.0,,,,,3751.8,,0.0186945933377917,,,,
106,107,02 18 03.79,+57 01 41.7,15.7,0.404,305.9,<,0.001,0.013,1.45,1,16.47,15.33,14.51,14.02,2.061360819912034,1.0,,0.999996,1,,0.0,02 18 03.79,+57 01 41.7,15.7,0.404,305.9,<,0.001,0.013,1.0,16.47,15.33,14.51,14.02,13.87,1.0,,0.999996,1.0,0.96,,,0.587744629952993,6933.4,1.5,0.0186945933377917,73.553,46.471,1.3794,0.0205
107,108,02 19 16.62,+57 13 41.4,17.39,6.14,305.9,<,0.001,0.025,1.21,1,18.51,16.87,15.69,15.1,3.091360819912035,1.0,X,0.999984,1,1.1132835577846876,0.0037941954566645,02 19 16.62,+57 13 41.4,17.39,6.14,305.9,<,0.001,0.025,1.0,18.51,16.87,15.69,15.1,14.9,1.0,X,0.999984,1.0,0.81,,,-0.2256728514871318,4463.6,1.1,0.0186945933377917,6.565,2.947,1.0163,0.0799
108,109,02 18 34.71,+57 10 33.1,18.78,0.424,305.4,<,0.001,0.036,0.85,1,20.49,18.28,16.7,15.91,3.821360819912036,1.0,X,0.999978,1,0.8318589778968286,0.0037941954566645,02 18 34.71,+57 10 33.1,18.78,0.424,305.4,<,0.001,0.036,1.0,20.49,18.28,16.7,15.91,15.63,1.0,X,0.999978,1.0,,,,,,,0.0186945933377917,,,,
109,110,02 19 38.04,+57 07 04.3,18.07,5.59,305.2,<,0.001,0.059,1.05,1,19.52,17.59,16.2,15.47,3.4613608199120343,1.0,X,0.999997,1,0.9814841129610312,0.0037941954566645,02 19 38.04,+57 07 04.3,18.07,5.59,305.2,<,0.001,0.059,1.0,19.52,17.59,16.2,15.47,15.27,1.0,X,0.999997,1.0,,,,,3754.5,,0.0186945933377917,,,,
110,111,02 19 15.75,+57 13 02.8,17.56,5.35,304.4,<,0.001,0.034,1.18,1,18.79,17.05,15.87,15.18,3.171360819912035,0.0,X,0.999996,1,1.0893643451676664,0.0037941954566645,02 19 15.75,+57 13 02.8,17.56,5.35,304.4,<,0.001,0.034,1.0,18.79,17.05,15.87,15.18,14.98,0.0,X,0.999996,1.0,0.75,,,-0.42312906443135,4320.7,0.7181741573033708,0.0186945933377917,9.994,4.718,0.8976,0.0676
111,112,02 18 33.30,+57 02 23.0,17.1,5.32,303.2,<,0.001,0.014,1.24,2,18.51,16.73,15.41,14.71,2.7113608199120343,3.0,X,0.999995,1,1.2163919129560703,0.0037941954566645,02 18 33.30,+57 02 23.0,17.1,5.32,303.2,<,0.001,0.014,2.0,18.51,16.73,15.41,14.71,14.52,3.0,X,0.999995,1.0,0.73,,,-0.1407956324990512,4678.3,0.8173560209424084,0.0186945933377917,8.406,3.701,1.1141,0.0698
112,113,02 18 56.02,+57 07 22.5,16.88,0.552,301.7,<,0.001,0.037,1.28,2,18.05,16.45,15.24,14.59,2.6513608199120355,3.0,X,0.999999,1,1.227111805018533,0.0037941954566645,02 18 56.02,+57 07 22.5,16.88,0.552,301.7,<,0.001,0.037,2.0,18.05,16.45,15.24,14.59,14.46,3.0,X,0.999999,1.0,0.8,,,0.0973857391099133,4587.3,1.4,0.0186945933377917,2.97,1.336,1.1823,0.1207
113,114,02 19 14.30,+57 16 07.6,18.7,0.707,300.3,<,0.001,0.043,0.88,1,20.23,18.22,16.73,15.88,3.811360819912034,1.0,,0.999996,1,0.8359103568424893,0.0037941954566645,02 19 14.30,+57 16 07.6,18.7,0.707,300.3,<,0.001,0.043,1.0,20.23,18.22,16.73,15.88,15.62,1.0,,0.999996,1.0,,,,,,,0.0186945933377917,,,,
114,115,02 19 57.12,+57 16 39.4,16.66,0.617,299.9,<,0.001,0.039,1.31,1,17.6,16.09,15.41,14.73,2.601360819912035,3.0,,0.999993,1,1.2384069201180006,0.0037941954566645,02 19 57.12,+57 16 39.4,16.66,0.617,299.9,<,0.001,0.039,1.0,17.6,16.09,15.41,14.73,14.41,3.0,,0.999993,1.0,,,,,4708.6,,0.0186945933377917,,,,
115,116,02 19 39.36,+57 09 45.4,16.25,0.397,299.3,<,0.001,0.031,1.36,2,17.33,15.84,14.76,14.2,2.1913608199120347,3.0,X,0.999996,1,,0.0,02 19 39.36,+57 09 45.4,16.25,0.397,299.3,<,0.001,0.031,2.0,17.33,15.84,14.76,14.2,14.0,3.0,X,0.999996,1.0,,,,,5004.2,,0.0186945933377917,,,,
116,117,02 19 34.29,+57 00 09.3,18.62,5.29,296.9,<,0.001,0.034,0.92,1,20.12,18.1,16.84,16.06,3.981360819912034,1.0,,0.999986,1,0.7670320143419191,0.0037941954566645,02 19 34.29,+57 00 09.3,18.62,5.29,296.9,<,0.001,0.034,1.0,20.12,18.1,16.84,16.06,15.79,1.0,,0.999986,1.0,,,,,,,0.0186945933377917,,,,
117,118,02 18 07.60,+57 11 31.8,18.85,4.41,295.5,<,0.001,0.042,0.85,2,20.83,18.23,16.49,15.69,3.601360819912035,1.0,,0.999994,1,0.9216487094480588,0.0037941954566645,02 18 07.60,+57 11 31.8,18.85,4.41,295.5,<,0.001,0.042,2.0,20.83,18.23,16.49,15.69,15.41,1.0,,0.999994,1.0,,,,,,,0.0186945933377917,,,,
118,119,02 19 05.11,+57 09 58.0,18.34,0.327,295.1,<,0.001,0.052,1.0,1,,,16.38,15.65,3.591360819912035,,,0.999995,1,0.9250193394515696,0.0037941954566645,02 19 05.11,+57 09 58.0,18.34,0.327,295.1,<,0.001,0.052,1.0,,,16.38,15.65,15.4,,,0.999995,1.0,,,,,3574.2,,0.0186945933377917,,,,
119,120,02 19 18.31,+57 08 35.9,18.0,6.62,294.2,<,0.001,0.037,1.08,1,19.37,17.49,16.07,15.43,3.341360819912035,1.0,X,0.999995,1,1.0276203687519367,0.0037941954566645,02 19 18.31,+57 08 35.9,18.0,6.62,294.2,<,0.001,0.037,1.0,19.37,17.49,16.07,15.43,15.15,1.0,X,0.999995,1.0,,,,,3692.4,,0.0186945933377917,,,,
120,121,02 18 02.35,+57 08 45.6,16.04,0.817,293.5,<,0.001,0.013,1.39,2,,,14.59,14.04,2.051360819912034,,X,0.999995,1,,0.0,02 18 02.35,+57 08 45.6,16.04,0.817,293.5,<,0.001,0.013,2.0,,,14.59,14.04,13.86,,X,0.999995,1.0,,,,,,,0.0186945933377917,,,,
121,122,02 18 34.79,+57 13 13.7,17.95,0.856,292.5,<,0.001,0.023,1.1,2,19.36,17.42,16.0,15.26,3.2113608199120343,1.0,,0.999973,1,1.0739236156146108,0.0037941954566645,02 18 34.79,+57 13 13.7,17.95,0.856,292.5,<,0.001,0.023,2.0,19.36,17.42,16.0,15.26,15.02,1.0,,0.999973,1.0,0.7,,,-0.5139664478442136,3854.8,0.5163736263736265,0.0186945933377917,3.989,1.81,0.5968,0.0919
122,123,02 18 58.25,+57 09 38.0,18.13,7.25,291.7,<,0.001,0.043,1.05,2,,,16.17,15.4,3.2913608199120343,,X,0.999999,1,1.0459793014991836,0.0037941954566645,02 18 58.25,+57 09 38.0,18.13,7.25,291.7,<,0.001,0.043,2.0,,,16.17,15.4,15.1,,X,0.999999,1.0,,,,,3697.2,,0.0186945933377917,,,,
123,124,02 19 41.70,+57 06 13.4,17.18,3.13,291.5,<,0.001,0.016,1.24,1,18.35,16.79,15.51,14.86,2.891360819912034,0.0,X,0.99999,1,1.171169350777348,0.0037941954566645,02 19 41.70,+57 06 13.4,17.18,3.13,291.5,<,0.001,0.016,1.0,18.35,16.79,15.51,14.86,14.7,0.0,X,0.99999,1.0,,,,,4556.8,,0.0186945933377917,,,,
124,125,02 18 21.01,+57 06 07.4,15.86,0.489,291.0,<,0.001,0.019,1.42,1,16.8,15.55,14.57,14.13,2.181360819912035,3.0,X,0.999992,1,,0.0,02 18 21.01,+57 06 07.4,15.86,0.489,291.0,<,0.001,0.019,1.0,16.8,15.55,14.57,14.13,13.99,3.0,X,0.999992,1.0,0.93,,,0.4969462449974249,6376.7,1.4,0.0186945933377917,52.716,39.105,1.325,0.0394
125,126,02 18 22.17,+57 09 16.5,18.51,0.282,290.6,<,0.001,0.054,0.94,1,20.09,18.09,16.64,15.83,3.7713608199120334,1.0,,0.999999,1,0.8516031623829581,0.0037941954566645,02 18 22.17,+57 09 16.5,18.51,0.282,290.6,<,0.001,0.054,1.0,20.09,18.09,16.64,15.83,15.58,1.0,,0.999999,1.0,,,,,,,0.0186945933377917,,,,
126,127,02 18 54.85,+57 05 31.5,18.61,2.94,290.4,<,0.001,0.039,0.92,2,20.43,18.06,16.42,15.62,3.561360819912034,1.0,X,0.999967,1,0.93885604655162,0.0037941954566645,02 18 54.85,+57 05 31.5,18.61,2.94,290.4,<,0.001,0.039,2.0,20.43,18.06,16.42,15.62,15.37,1.0,X,0.999967,1.0,,,,,,,0.0186945933377917,,,,
127,128,02 18 31.14,+57 13 30.4,16.81,0.586,290.1,<,0.001,0.017,1.3,1,17.88,16.38,15.29,14.73,2.7413608199120354,3.0,X,0.999987,1,1.2103618368910756,0.0037941954566645,02 18 31.14,+57 13 30.4,16.81,0.586,290.1,<,0.001,0.017,1.0,17.88,16.38,15.29,14.73,14.55,3.0,X,0.999987,1.0,0.82,,,-0.1224616499051711,,,0.0186945933377917,,,,
128,129,02 19 18.63,+57 01 39.2,17.45,0.849,289.8,<,0.001,0.03,1.19,1,18.56,16.91,15.75,15.05,3.0213608199120348,3.0,X,0.999978,1,1.133294297804721,0.0037941954566645,02 19 18.63,+57 01 39.2,17.45,0.849,289.8,<,0.001,0.03,1.0,18.56,16.91,15.75,15.05,14.83,3.0,X,0.999978,1.0,0.73,,,-0.1991935981783485,4772.0,0.8418848167539268,0.0186945933377917,13.318,5.857,1.0623,0.068
129,130,02 19 20.43,+57 04 39.3,18.21,0.66,289.7,<,0.001,0.039,1.01,2,19.92,17.74,16.08,15.33,3.2713608199120348,1.0,X,0.99993,1,1.0536204224196954,0.0037941954566645,02 19 20.43,+57 04 39.3,18.21,0.66,289.7,<,0.001,0.039,2.0,19.92,17.74,16.08,15.33,15.08,1.0,X,0.99993,1.0,,,,,3675.1,,0.0186945933377917,,,,
130,131,02 19 36.30,+57 02 23.6,17.84,0.348,288.8,<,0.001,0.033,1.12,1,19.13,17.34,15.96,15.26,3.251360819912035,3.0,,0.999998,1,1.059766899997845,0.0037941954566645,02 19 36.30,+57 02 23.6,17.84,0.348,288.8,<,0.001,0.033,1.0,19.13,17.34,15.96,15.26,15.06,3.0,,0.999998,1.0,,,,,3807.2,,0.0186945933377917,,,,
131,132,02 19 19.05,+57 12 55.6,17.63,0.419,288.2,<,0.001,0.023,1.16,2,18.91,17.11,15.71,15.02,2.9613608199120343,3.0,X,0.999994,1,1.1505579820080367,0.0037941954566645,02 19 19.05,+57 12 55.6,17.63,0.419,288.2,<,0.001,0.023,2.0,18.91,17.11,15.71,15.02,14.77,3.0,X,0.999994,1.0,0.73,,,-0.1444021090950845,4715.0,0.8269633507853403,0.0186945933377917,9.352,4.077,1.112,0.0702
132,133,02 19 02.95,+57 14 01.2,17.61,2.66,288.2,<,0.001,0.028,1.16,1,18.89,17.17,15.99,15.37,3.331360819912036,0.0,,0.999996,1,1.0321814333843993,0.0037941954566645,02 19 02.95,+57 14 01.2,17.61,2.66,288.2,<,0.001,0.028,1.0,18.89,17.17,15.99,15.37,15.14,0.0,,0.999996,1.0,,,,,4166.4,,0.0186945933377917,,,,
133,134,02 18 49.64,+57 15 07.6,18.2,2.72,287.4,<,0.001,0.038,1.02,1,19.64,17.78,16.4,15.65,3.6213608199120335,1.0,,0.999998,1,0.9127227270334504,0.0037941954566645,02 18 49.64,+57 15 07.6,18.2,2.72,287.4,<,0.001,0.038,1.0,19.64,17.78,16.4,15.65,15.43,1.0,,0.999998,1.0,,,,,3910.6,,0.0186945933377917,,,,
134,135,02 19 41.32,+57 05 17.1,18.87,5.71,287.2,<,0.001,0.047,0.83,1,,,16.81,15.97,3.931360819912035,,,0.999989,1,0.7878874497520898,0.0037941954566645,02 19 41.32,+57 05 17.1,18.87,5.71,287.2,<,0.001,0.047,1.0,,,16.81,15.97,15.74,,,0.999989,1.0,,,,,,,0.0186945933377917,,,,
135,136,02 19 19.64,+57 08 41.9,18.25,3.45,286.5,<,0.001,0.03,1.02,1,,,16.31,15.55,3.4613608199120343,,X,0.999999,1,0.9814841129610312,0.0037941954566645,02 19 19.64,+57 08 41.9,18.25,3.45,286.5,<,0.001,0.03,1.0,,,16.31,15.55,15.27,,X,0.999999,1.0,,,,,3580.0,,0.0186945933377917,,,,
136,137,02 19 58.67,+57 10 58.2,19.75,0.356,285.3,<,0.001,0.07,0.55,1,21.91,19.11,17.35,16.48,4.391360819912034,1.0,,0.999998,1,0.6109411116267386,0.0037941954566645,02 19 58.67,+57 10 58.2,19.75,0.356,285.3,<,0.001,0.07,1.0,21.91,19.11,17.35,16.48,16.2,1.0,,0.999998,1.0,,,,,,,0.0186945933377917,,,,
137,138,02 18 26.21,+57 03 11.2,18.39,2.38,285.1,<,0.001,0.05,0.99,1,19.78,17.85,16.42,15.68,3.6613608199120353,1.0,X,0.999979,1,0.8959443933318194,0.0037941954566645,02 18 26.21,+57 03 11.2,18.39,2.38,285.1,<,0.001,0.05,1.0,19.78,17.85,16.42,15.68,15.47,1.0,X,0.999979,1.0,,,,,3518.7,,0.0186945933377917,,,,
138,139,02 19 24.76,+57 10 19.4,19.32,0.493,284.7,<,0.001,0.068,0.67,1,21.42,18.69,17.01,16.26,4.141360819912034,1.0,X,0.999994,1,0.7038215312919939,0.0037941954566645,02 19 24.76,+57 10 19.4,19.32,0.493,284.7,<,0.001,0.068,1.0,21.42,18.69,17.01,16.26,15.95,1.0,X,0.999994,1.0,,,,,,,0.0186945933377917,,,,
139,140,02 17 58.71,+57 04 43.0,16.53,0.773,284.7,<,0.001,0.019,1.33,1,17.53,16.11,15.06,14.51,2.5313608199120345,1.0,X,0.999996,1,1.252027562241279,0.0037941954566645,02 17 58.71,+57 04 43.0,16.53,0.773,284.7,<,0.001,0.019,1.0,17.53,16.11,15.06,14.51,14.34,1.0,X,0.999996,1.0,0.84,,,0.0957236387101284,5198.1,0.9598533724340176,0.0186945933377917,12.835,4.554,1.2185,0.0918
140,141,02 19 50.43,+57 10 50.8,18.42,0.503,284.4,<,0.001,0.044,0.96,2,20.35,17.87,16.14,15.32,3.221360819912034,1.0,X,0.999983,1,1.070582717980786,0.0037941954566645,02 19 50.43,+57 10 50.8,18.42,0.503,284.4,<,0.001,0.044,2.0,20.35,17.87,16.14,15.32,15.03,1.0,X,0.999983,1.0,,,,,,,0.0186945933377917,,,,
141,142,02 19 21.71,+57 13 15.2,17.0,0.665,283.3,<,0.001,0.022,1.27,1,18.13,16.56,15.37,14.8,2.7813608199120345,3.0,X,0.999994,1,1.2016588066580585,0.0037941954566645,02 19 21.71,+57 13 15.2,17.0,0.665,283.3,<,0.001,0.022,1.0,18.13,16.56,15.37,14.8,14.59,3.0,X,0.999994,1.0,0.82,,,0.0597262004916319,4838.0,0.8591623036649215,0.0186945933377917,6.437,2.732,1.2689,0.074
142,143,02 19 23.59,+57 15 33.8,18.82,2.24,282.7,<,0.001,0.024,0.87,2,,,16.51,15.71,3.601360819912035,,,0.999994,1,0.9216487094480588,0.0037941954566645,02 19 23.59,+57 15 33.8,18.82,2.24,282.7,<,0.001,0.024,2.0,,,16.51,15.71,15.41,,,0.999994,1.0,,,,,,,0.0186945933377917,,,,
143,144,02 19 34.94,+57 00 06.2,19.06,3.32,281.8,<,0.001,0.038,0.77,1,20.92,18.54,16.99,16.14,4.061360819912034,1.0,,0.999996,1,0.7355801030399812,0.0037941954566645,02 19 34.94,+57 00 06.2,19.06,3.32,281.8,<,0.001,0.038,1.0,20.92,18.54,16.99,16.14,15.87,1.0,,0.999996,1.0,,,,,,,0.0186945933377917,,,,
144,145,02 19 56.30,+57 01 07.3,16.86,4.63,281.8,<,0.001,0.031,1.28,1,18.06,16.49,15.37,14.73,2.751360819912035,3.0,,0.999991,1,1.207846753842652,0.0037941954566645,02 19 56.30,+57 01 07.3,16.86,4.63,281.8,<,0.001,0.031,1.0,18.06,16.49,15.37,14.73,14.56,3.0,,0.999991,1.0,0.78,,,-0.4366613295869945,4733.6,0.8318324607329844,0.0186945933377917,37.5,22.384,0.8732,0.0604
145,146,02 19 22.74,+57 06 21.6,16.32,1.33,281.6,<,0.001,0.02,1.35,1,17.4,15.93,14.92,14.41,2.471360819912034,3.0,X,0.999995,1,1.264392513141298,0.0037941954566645,02 19 22.74,+57 06 21.6,16.32,1.33,281.6,<,0.001,0.02,1.0,17.4,15.93,14.92,14.41,14.28,3.0,X,0.999995,1.0,0.9,,,0.190421349712521,5541.1,1.0646081504702196,0.0186945933377917,19.364,10.378,1.2039,0.081
146,147,02 18 13.19,+57 07 46.6,19.22,0.294,281.4,<,0.001,0.083,0.7,1,21.16,18.67,16.99,16.09,4.041360819912034,1.0,,0.999998,1,0.7432536635394326,0.0037941954566645,02 18 13.19,+57 07 46.6,19.22,0.294,281.4,<,0.001,0.083,1.0,21.16,18.67,16.99,16.09,15.85,1.0,,0.999998,1.0,,,,,,,0.0186945933377917,,,,
147,148,02 19 03.03,+57 04 51.9,16.05,0.433,279.3,<,0.001,0.021,1.39,2,17.11,15.66,14.61,14.11,2.131360819912034,3.0,X,0.999995,1,,0.0,02 19 03.03,+57 04 51.9,16.05,0.433,279.3,<,0.001,0.021,2.0,17.11,15.66,14.61,14.11,13.94,3.0,X,0.999995,1.0,0.89,,,0.4304378915291479,4856.2,0.8639267015706806,0.0186945933377917,1.363,0.36,1.3242,0.0666
148,149,02 18 05.33,+57 10 51.6,19.59,0.946,279.2,<,0.001,0.056,0.58,1,,,17.23,16.39,4.291360819912036,,,0.99999,1,0.6472930394043248,0.0037941954566645,02 18 05.33,+57 10 51.6,19.59,0.946,279.2,<,0.001,0.056,1.0,,,17.23,16.39,16.1,,,0.99999,1.0,,,,,,,0.0186945933377917,,,,
149,150,02 18 07.84,+57 08 50.3,19.73,0.284,279.1,<,0.001,0.07,0.55,1,,,17.23,16.42,4.321360819912034,,,0.999999,1,0.6368250777440817,0.0037941954566645,02 18 07.84,+57 08 50.3,19.73,0.284,279.1,<,0.001,0.07,1.0,,,17.23,16.42,16.13,,,0.999999,1.0,,,,,,,0.0186945933377917,,,,
150,151,02 19 53.17,+57 03 08.1,18.88,5.52,278.0,<,0.001,0.034,0.82,1,20.44,18.29,16.82,16.04,4.0313608199120345,1.0,,0.999997,1,0.7471637855386764,0.0037941954566645,02 19 53.17,+57 03 08.1,18.88,5.52,278.0,<,0.001,0.034,1.0,20.44,18.29,16.82,16.04,15.84,1.0,,0.999997,1.0,,,,,,,0.0186945933377917,,,,
151,152,02 18 17.96,+57 12 21.6,16.16,0.391,277.9,<,0.001,0.01,1.38,2,17.17,15.71,14.61,14.01,1.991360819912036,3.0,X,0.999987,1,,0.0,02 18 17.96,+57 12 21.6,16.16,0.391,277.9,<,0.001,0.01,2.0,17.17,15.71,14.61,14.01,13.8,3.0,X,0.999987,1.0,,,,,4909.7,,0.0186945933377917,,,,
152,153,02 18 21.74,+57 04 37.3,16.33,2.93,277.7,<,0.001,0.01,1.35,1,17.34,16.0,15.01,14.52,2.561360819912034,3.0,X,0.999995,1,1.245681714794933,0.0037941954566645,02 18 21.74,+57 04 37.3,16.33,2.93,277.7,<,0.001,0.01,1.0,17.34,16.0,15.01,14.52,14.37,3.0,X,0.999995,1.0,0.88,,,0.1543326612423051,,,0.0186945933377917,,,,
153,154,02 19 34.58,+57 05 06.1,17.29,3.05,276.7,<,0.001,0.023,1.22,1,18.58,16.87,15.64,15.01,3.0313608199120345,3.0,X,0.999989,1,1.1304312123477156,0.0037941954566645,02 19 34.58,+57 05 06.1,17.29,3.05,276.7,<,0.001,0.023,1.0,18.58,16.87,15.64,15.01,14.84,3.0,X,0.999989,1.0,0.82,,,-0.1051192785681338,4771.1,0.841649214659686,0.0186945933377917,9.35,4.008,1.1399,0.075
154,155,02 19 08.89,+57 03 57.7,16.09,0.406,276.6,<,0.001,0.012,1.38,2,17.1,15.68,14.64,14.1,2.131360819912034,3.0,X,0.999995,1,,0.0,02 19 08.89,+57 03 57.7,16.09,0.406,276.6,<,0.001,0.012,2.0,17.1,15.68,14.64,14.1,13.94,3.0,X,0.999995,1.0,,,,,4904.3,,0.0186945933377917,,,,
155,156,02 19 12.60,+57 13 21.4,15.89,7.46,276.0,<,0.001,0.009,1.42,2,16.87,15.5,14.53,14.04,2.101360819912035,3.0,,0.999996,1,,0.0,02 19 12.60,+57 13 21.4,15.89,7.46,276.0,<,0.001,0.009,2.0,16.87,15.5,14.53,14.04,13.91,3.0,,0.999996,1.0,0.91,,,-0.0445239176186815,4879.7,0.8700785340314136,0.0186945933377917,9.806,4.062,1.1801,0.0849
156,157,02 19 02.44,+57 14 29.9,16.9,0.474,276.0,<,0.001,0.038,1.27,2,18.26,16.5,15.15,14.5,2.4413608199120347,3.0,X,0.999987,1,1.2690391430495318,0.0037941954566645,02 19 02.44,+57 14 29.9,16.9,0.474,276.0,<,0.001,0.038,2.0,18.26,16.5,15.15,14.5,14.25,3.0,X,0.999987,1.0,0.72,,,-0.1281177981509421,4918.6,0.8802617801047121,0.0186945933377917,14.592,6.316,1.0922,0.0755
157,158,02 19 43.76,+57 05 31.9,15.95,0.691,275.7,<,0.001,0.007,1.41,1,16.81,15.53,14.65,14.17,2.2413608199120354,2.0,,0.999999,1,,0.0,02 19 43.76,+57 05 31.9,15.95,0.691,275.7,<,0.001,0.007,1.0,16.81,15.53,14.65,14.17,14.05,2.0,,0.999999,1.0,0.96,,,0.2451892941736309,7176.0,1.5,0.0186945933377917,81.72,45.155,1.311,0.042
158,159,02 18 15.01,+57 12 13.3,19.1,7.3,275.3,<,0.001,0.031,0.75,1,20.71,18.64,17.01,16.19,4.111360819912035,0.0,,0.999996,1,0.715200871940937,0.0037941954566645,02 18 15.01,+57 12 13.3,19.1,7.3,275.3,<,0.001,0.031,1.0,20.71,18.64,17.01,16.19,15.92,0.0,,0.999996,1.0,,,,,,,0.0186945933377917,,,,
159,160,02 19 37.66,+57 04 37.7,17.69,3.62,274.9,<,0.001,0.018,1.15,1,18.88,17.19,15.94,15.33,3.341360819912035,1.0,X,0.999998,1,1.0276203687519367,0.0037941954566645,02 19 37.66,+57 04 37.7,17.69,3.62,274.9,<,0.001,0.018,1.0,18.88,17.19,15.94,15.33,15.15,1.0,X,0.999998,1.0,0.84,,,0.0438846891769314,4396.7,1.1,0.0186945933377917,2.285,0.956,1.0155,0.1319
160,161,02 18 32.93,+57 08 27.4,19.3,0.485,274.6,<,0.001,0.073,0.68,1,21.1,18.74,17.06,16.25,4.161360819912035,1.0,,0.999992,1,0.6954441086523276,0.0037941954566645,02 18 32.93,+57 08 27.4,19.3,0.485,274.6,<,0.001,0.073,1.0,21.1,18.74,17.06,16.25,15.97,1.0,,0.999992,1.0,,,,,,,0.0186945933377917,,,,
161,162,02 18 37.15,+57 09 05.6,19.23,0.413,274.4,<,0.001,0.051,0.67,1,,,17.04,16.22,4.081360819912035,,X,0.999995,1,0.7278104727639454,0.0037941954566645,02 18 37.15,+57 09 05.6,19.23,0.413,274.4,<,0.001,0.051,1.0,,,17.04,16.22,15.89,,X,0.999995,1.0,,,,,,,0.0186945933377917,,,,
162,163,02 18 46.57,+57 13 37.5,18.36,7.3,273.8,<,0.001,0.02,0.99,1,19.83,17.96,16.53,15.79,3.7413608199120354,1.0,,0.999993,1,0.8630133510952684,0.0037941954566645,02 18 46.57,+57 13 37.5,18.36,7.3,273.8,<,0.001,0.02,1.0,19.83,17.96,16.53,15.79,15.55,1.0,,0.999993,1.0,,,,,,,0.0186945933377917,,,,
163,164,02 19 18.35,+56 59 17.3,16.23,0.665,273.6,<,0.001,0.025,1.37,1,17.17,15.81,14.86,14.4,2.431360819912035,3.0,X,0.999994,1,1.2715686099710617,0.0037941954566645,02 19 18.35,+56 59 17.3,16.23,0.665,273.6,<,0.001,0.025,1.0,17.17,15.81,14.86,14.4,14.24,3.0,X,0.999994,1.0,0.88,,,0.1497885581656872,5055.0,0.9178885630498534,0.0186945933377917,8.918,3.2,1.2954,0.0776
164,165,02 19 55.82,+57 04 01.6,19.36,1.42,273.0,<,0.001,0.041,0.66,2,21.47,18.75,16.92,16.11,4.011360819912035,1.0,,0.999996,1,0.7550697321509284,0.0037941954566645,02 19 55.82,+57 04 01.6,19.36,1.42,273.0,<,0.001,0.041,2.0,21.47,18.75,16.92,16.11,15.82,1.0,,0.999996,1.0,,,,,,,0.0186945933377917,,,,
165,166,02 19 47.78,+57 03 38.7,18.27,6.58,272.5,<,0.001,0.026,1.0,1,19.72,17.78,16.4,15.68,3.671360819912035,1.0,,0.999991,1,0.8917908695982071,0.0037941954566645,02 19 47.78,+57 03 38.7,18.27,6.58,272.5,<,0.001,0.026,1.0,19.72,17.78,16.4,15.68,15.48,1.0,,0.999991,1.0,0.72,,,-0.3004484306198472,3734.5,0.4371527777777778,0.0186945933377917,1.613,0.523,0.5145,0.0699
166,167,02 19 03.97,+57 05 48.2,18.56,5.75,272.5,<,0.001,0.037,0.93,1,20.21,18.02,16.44,15.68,3.591360819912035,1.0,X,0.999997,1,0.9250193394515696,0.0037941954566645,02 19 03.97,+57 05 48.2,18.56,5.75,272.5,<,0.001,0.037,1.0,20.21,18.02,16.44,15.68,15.4,1.0,X,0.999997,1.0,,,,,,,0.0186945933377917,,,,
167,168,02 18 20.82,+57 00 53.0,19.13,1.85,272.4,<,0.001,0.066,0.75,1,,,16.8,16.01,3.921360819912035,,,0.999995,1,0.7910198683875888,0.0037941954566645,02 18 20.82,+57 00 53.0,19.13,1.85,272.4,<,0.001,0.066,1.0,,,16.8,16.01,15.73,,,0.999995,1.0,,,,,,,0.0186945933377917,,,,
168,169,02 18 58.43,+57 13 38.1,18.14,3.41,268.7,<,0.001,0.035,1.05,1,19.51,17.67,16.33,15.61,3.561360819912034,1.0,X,0.999994,1,0.93885604655162,0.0037941954566645,02 18 58.43,+57 13 38.1,18.14,3.41,268.7,<,0.001,0.035,1.0,19.51,17.67,16.33,15.61,15.37,1.0,X,0.999994,1.0,,,,,3743.0,,0.0186945933377917,,,,
169,170,02 20 01.46,+57 02 54.1,19.12,2.92,266.3,<,0.001,0.053,0.72,1,20.89,18.66,16.99,16.16,4.111360819912035,1.0,,0.999999,1,0.715200871940937,0.0037941954566645,02 20 01.46,+57 02 54.1,19.12,2.92,266.3,<,0.001,0.053,1.0,20.89,18.66,16.99,16.16,15.92,1.0,,0.999999,1.0,,,,,,,0.0186945933377917,,,,
170,171,02 18 29.54,+57 03 10.2,17.74,0.886,266.2,<,0.001,0.018,1.13,2,19.07,17.28,15.87,15.15,3.1113608199120346,1.0,X,0.999973,1,1.1075726353403044,0.0037941954566645,02 18 29.54,+57 03 10.2,17.74,0.886,266.2,<,0.001,0.018,2.0,19.07,17.28,15.87,15.15,14.92,1.0,X,0.999973,1.0,0.7,,,-0.4102067281632053,4171.5,0.8,0.0186945933377917,6.26,3.036,0.819,0.0965
171,172,02 18 44.26,+57 11 39.1,17.49,4.98,265.9,<,0.001,0.032,1.18,1,,,15.84,15.23,3.1913608199120347,,X,0.999991,1,1.0815238993470857,0.0037941954566645,02 18 44.26,+57 11 39.1,17.49,4.98,265.9,<,0.001,0.032,1.0,,,15.84,15.23,15.0,,X,0.999991,1.0,0.83,,,-0.2774812465753931,4015.0,0.6032128514056224,0.0186945933377917,2.544,1.126,0.6853,0.1053
172,173,02 19 19.86,+57 04 36.2,17.68,2.29,264.5,<,0.001,0.031,1.15,1,18.9,17.16,15.84,15.2,3.1913608199120347,3.0,X,0.999986,1,1.0815238993470857,0.0037941954566645,02 19 19.86,+57 04 36.2,17.68,2.29,264.5,<,0.001,0.031,1.0,18.9,17.16,15.84,15.2,15.0,3.0,X,0.999986,1.0,0.75,,,-0.1134923545929009,4729.8,0.8308376963350786,0.0186945933377917,8.69,3.77,1.1351,0.0725
173,174,02 19 19.08,+57 03 19.3,18.07,0.459,264.2,<,0.001,0.034,1.07,2,19.68,17.56,16.0,15.19,3.141360819912034,3.0,X,0.999976,1,1.0987964960246517,0.0037941954566645,02 19 19.08,+57 03 19.3,18.07,0.459,264.2,<,0.001,0.034,2.0,19.68,17.56,16.0,15.19,14.95,3.0,X,0.999976,1.0,,,,,3727.7,,0.0186945933377917,,,,
174,176,02 19 34.45,+57 15 14.8,18.75,2.83,262.3,<,0.001,0.023,0.87,2,,,16.56,15.69,3.591360819912035,,,0.99998,1,0.9250193394515696,0.0037941954566645,02 19 34.45,+57 15 14.8,18.75,2.83,262.3,<,0.001,0.023,2.0,,,16.56,15.69,15.4,,,0.99998,1.0,,,,,,,0.0186945933377917,,,,
175,177,02 19 25.37,+57 14 32.3,17.63,0.412,262.0,<,0.001,0.026,1.16,1,18.9,17.18,15.95,15.25,3.231360819912034,1.0,,0.999998,1,1.0676376886930514,0.0037941954566645,02 19 25.37,+57 14 32.3,17.63,0.412,262.0,<,0.001,0.026,1.0,18.9,17.18,15.95,15.25,15.04,1.0,,0.999998,1.0,0.76,,,-0.0527967211890288,3681.2,0.4001388888888887,0.0186945933377917,1.164,0.176,0.5505,0.0525
176,178,02 18 20.31,+57 12 22.2,17.42,3.36,261.1,<,0.001,0.021,1.19,1,18.65,17.07,15.83,15.2,3.171360819912035,0.0,X,0.999995,1,1.0893643451676664,0.0037941954566645,02 18 20.31,+57 12 22.2,17.42,3.36,261.1,<,0.001,0.021,1.0,18.65,17.07,15.83,15.2,14.98,0.0,X,0.999995,1.0,,,,,4371.9,,0.0186945933377917,,,,
177,179,02 19 03.46,+57 12 40.5,20.02,0.437,259.9,<,0.001,0.084,0.47,1,22.59,19.44,17.47,16.63,4.521360819912033,1.0,,0.999997,1,0.5627626713522474,0.0037941954566645,02 19 03.46,+57 12 40.5,20.02,0.437,259.9,<,0.001,0.084,1.0,22.59,19.44,17.47,16.63,16.33,1.0,,0.999997,1.0,,,,,,,0.0186945933377917,,,,
178,180,02 18 19.44,+57 11 47.9,19.56,0.61,259.9,<,0.001,0.054,0.6,1,21.79,18.96,17.23,16.42,4.341360819912033,1.0,,0.999995,1,0.6289395069889043,0.0037941954566645,02 18 19.44,+57 11 47.9,19.56,0.61,259.9,<,0.001,0.054,1.0,21.79,18.96,17.23,16.42,16.15,1.0,,0.999995,1.0,,,,,,,0.0186945933377917,,,,
179,181,02 19 50.82,+57 04 07.3,18.31,1.85,259.9,<,0.001,0.018,1.0,1,19.8,17.87,16.39,15.64,3.591360819912035,1.0,,0.999995,1,0.9250193394515696,0.0037941954566645,02 19 50.82,+57 04 07.3,18.31,1.85,259.9,<,0.001,0.018,1.0,19.8,17.87,16.39,15.64,15.4,1.0,,0.999995,1.0,,,,,,,0.0186945933377917,,,,
180,182,02 18 33.69,+57 10 17.6,19.79,5.49,259.8,<,0.001,0.054,0.52,1,,,17.5,16.74,4.641360819912034,,,0.999989,1,0.5182979044394612,0.0037941954566645,02 18 33.69,+57 10 17.6,19.79,5.49,259.8,<,0.001,0.054,1.0,,,17.5,16.74,16.45,,,0.999989,1.0,,,,,,,0.0186945933377917,,,,
181,183,02 17 56.64,+57 10 14.1,18.33,3.11,259.5,<,0.001,0.031,1.0,2,,,16.01,15.21,3.1113608199120346,,,0.999961,1,1.1075726353403044,0.0037941954566645,02 17 56.64,+57 10 14.1,18.33,3.11,259.5,<,0.001,0.031,2.0,,,16.01,15.21,14.92,,,0.999961,1.0,,,,,,,0.0186945933377917,,,,
182,184,02 18 26.33,+57 05 20.2,18.4,3.19,259.3,<,0.001,0.028,0.98,1,19.85,17.91,16.5,15.72,3.671360819912035,1.0,,0.999998,1,0.8917908695982071,0.0037941954566645,02 18 26.33,+57 05 20.2,18.4,3.19,259.3,<,0.001,0.028,1.0,19.85,17.91,16.5,15.72,15.48,1.0,,0.999998,1.0,0.69,,,-0.926354954486848,,,0.0186945933377917,,,,
183,185,02 19 48.85,+57 01 23.6,18.72,0.494,258.9,<,0.001,0.025,0.88,2,20.54,18.13,16.37,15.59,3.5213608199120348,1.0,,0.999984,1,0.9560119390337206,0.0037941954566645,02 19 48.85,+57 01 23.6,18.72,0.494,258.9,<,0.001,0.025,2.0,20.54,18.13,16.37,15.59,15.33,1.0,,0.999984,1.0,,,,,,,0.0186945933377917,,,,
184,186,02 19 17.88,+57 13 52.5,19.39,0.436,258.5,<,0.001,0.043,0.65,1,21.34,18.85,17.07,16.27,4.161360819912035,1.0,,0.999989,1,0.6954441086523276,0.0037941954566645,02 19 17.88,+57 13 52.5,19.39,0.436,258.5,<,0.001,0.043,1.0,21.34,18.85,17.07,16.27,15.97,1.0,,0.999989,1.0,,,,,,,0.0186945933377917,,,,
185,187,02 18 49.60,+57 08 59.0,17.06,3.38,257.1,<,0.001,0.021,1.25,2,18.33,16.64,15.44,14.78,2.7413608199120354,3.0,X,0.999989,1,1.2103618368910756,0.0037941954566645,02 18 49.60,+57 08 59.0,17.06,3.38,257.1,<,0.001,0.021,2.0,18.33,16.64,15.44,14.78,14.55,3.0,X,0.999989,1.0,0.79,,,-0.1507710541155112,4592.9,1.1,0.0186945933377917,6.99,3.14,1.0942,0.0737
186,188,02 18 34.89,+57 09 39.8,17.11,0.553,255.9,<,0.001,0.01,1.25,1,18.27,16.71,15.54,14.92,2.9013608199120355,3.0,X,0.999996,1,1.16817649290264,0.0037941954566645,02 18 34.89,+57 09 39.8,17.11,0.553,255.9,<,0.001,0.01,1.0,18.27,16.71,15.54,14.92,14.71,3.0,X,0.999996,1.0,0.79,,,-0.4247082140451803,4888.7,0.8724345549738219,0.0186945933377917,55.646,34.468,0.8667,0.0488
187,189,02 18 11.77,+57 10 34.3,17.09,1.19,255.3,<,0.001,0.024,1.24,2,18.44,16.69,15.36,14.63,2.6113608199120346,3.0,X,0.999993,1,1.2360373620808407,0.0037941954566645,02 18 11.77,+57 10 34.3,17.09,1.19,255.3,<,0.001,0.024,2.0,18.44,16.69,15.36,14.63,14.42,3.0,X,0.999993,1.0,,,,,4446.2,,0.0186945933377917,,,,
188,190,02 19 07.96,+57 06 51.5,17.46,3.36,254.4,<,0.001,0.035,1.19,1,,,15.82,15.28,3.2813608199120345,,X,0.999994,1,1.0490148575950438,0.0037941954566645,02 19 07.96,+57 06 51.5,17.46,3.36,254.4,<,0.001,0.035,1.0,,,15.82,15.28,15.09,,X,0.999994,1.0,,,,,4661.9,,0.0186945933377917,,,,
189,191,02 19 05.66,+57 00 39.6,17.8,6.9,253.5,<,0.001,0.019,1.12,1,19.13,17.36,16.01,15.3,3.311360819912034,1.0,X,0.999989,1,1.0383005614872831,0.0037941954566645,02 19 05.66,+57 00 39.6,17.8,6.9,253.5,<,0.001,0.019,1.0,19.13,17.36,16.01,15.3,15.12,1.0,X,0.999989,1.0,0.69,,,-0.4214524713668477,3832.1,0.5039010989010988,0.0186945933377917,2.738,1.173,0.5719,0.0877
190,192,02 19 03.23,+57 01 20.5,17.49,0.638,252.9,<,0.001,0.02,1.18,1,18.8,17.01,15.73,15.07,3.061360819912034,3.0,,0.999993,1,1.1218530770342725,0.0037941954566645,02 19 03.23,+57 01 20.5,17.49,0.638,252.9,<,0.001,0.02,1.0,18.8,17.01,15.73,15.07,14.87,3.0,,0.999993,1.0,0.71,,,-0.6371030321974557,4246.1,0.6960240963855423,0.0186945933377917,18.977,9.571,0.7948,0.0534
191,193,02 19 07.57,+57 06 09.2,15.97,0.467,252.9,<,0.001,0.018,1.41,2,16.92,15.52,14.55,14.08,2.131360819912034,3.0,X,0.999995,1,,0.0,02 19 07.57,+57 06 09.2,15.97,0.467,252.9,<,0.001,0.018,2.0,16.92,15.52,14.55,14.08,13.94,3.0,X,0.999995,1.0,0.93,,,0.4657961268929154,5179.0,1.1,0.0186945933377917,6.299,5.492,1.3688,0.0434
192,194,02 18 19.29,+57 03 43.2,18.49,0.816,252.7,<,0.001,0.03,0.95,1,20.13,17.99,16.44,15.63,3.601360819912035,1.0,X,0.999994,1,0.9216487094480588,0.0037941954566645,02 18 19.29,+57 03 43.2,18.49,0.816,252.7,<,0.001,0.03,1.0,20.13,17.99,16.44,15.63,15.41,1.0,X,0.999994,1.0,,,,,,,0.0186945933377917,,,,
193,195,02 19 00.64,+57 10 20.1,16.96,0.814,252.2,<,0.001,0.049,1.27,2,18.1,16.51,15.41,14.72,2.681360819912035,3.0,X,0.999993,1,1.2210643621565882,0.0037941954566645,02 19 00.64,+57 10 20.1,16.96,0.814,252.2,<,0.001,0.049,2.0,18.1,16.51,15.41,14.72,14.49,3.0,X,0.999993,1.0,0.88,,,0.1819235821921949,4880.2,0.8702094240837697,0.0186945933377917,4.876,2.526,1.3238,0.0645
194,196,02 19 22.49,+57 13 19.5,19.61,2.13,252.1,<,0.001,0.074,0.59,1,21.67,19.05,17.23,16.4,4.291360819912036,1.0,,0.999999,1,0.6472930394043248,0.0037941954566645,02 19 22.49,+57 13 19.5,19.61,2.13,252.1,<,0.001,0.074,1.0,21.67,19.05,17.23,16.4,16.1,1.0,,0.999999,1.0,,,,,,,0.0186945933377917,,,,
195,197,02 18 10.61,+57 16 28.0,18.29,8.0,251.3,<,0.001,0.032,1.0,2,20.12,17.71,16.12,15.28,3.2013608199120345,0.0,,0.999986,1,1.078518321381916,0.0037941954566645,02 18 10.61,+57 16 28.0,18.29,8.0,251.3,<,0.001,0.032,2.0,20.12,17.71,16.12,15.28,15.01,0.0,,0.999986,1.0,,,,,,,0.0186945933377917,,,,
196,198,02 19 46.25,+57 11 48.8,19.42,11.8,249.0,<,0.001,0.041,0.64,2,21.75,18.8,16.93,16.13,4.011360819912035,1.0,,0.999997,1,0.7550697321509284,0.0037941954566645,02 19 46.25,+57 11 48.8,19.42,11.8,249.0,<,0.001,0.041,2.0,21.75,18.8,16.93,16.13,15.82,1.0,,0.999997,1.0,,,,,,,0.0186945933377917,,,,
197,199,02 19 35.50,+57 07 00.6,18.69,3.5,248.9,<,0.001,0.034,0.89,1,20.35,18.12,16.6,15.76,3.731360819912034,1.0,X,0.999993,1,0.8671778299821539,0.0037941954566645,02 19 35.50,+57 07 00.6,18.69,3.5,248.9,<,0.001,0.034,1.0,20.35,18.12,16.6,15.76,15.54,1.0,X,0.999993,1.0,,,,,,,0.0186945933377917,,,,
198,200,02 18 49.89,+57 01 12.8,17.09,3.12,248.2,<,0.001,0.011,1.25,1,18.23,16.75,15.56,14.94,2.9913608199120354,3.0,X,0.999994,1,1.1419029016405813,0.0037941954566645,02 18 49.89,+57 01 12.8,17.09,3.12,248.2,<,0.001,0.011,1.0,18.23,16.75,15.56,14.94,14.8,3.0,X,0.999994,1.0,0.79,,,-0.1546538625885914,4556.5,1.2,0.0186945933377917,6.454,2.912,1.0809,0.0781
199,201,02 19 40.12,+57 03 55.4,18.58,0.418,247.1,<,0.001,0.025,0.93,2,20.27,17.99,16.32,15.5,3.431360819912035,1.0,X,0.999987,1,0.9955916384586267,0.0037941954566645,02 19 40.12,+57 03 55.4,18.58,0.418,247.1,<,0.001,0.025,2.0,20.27,17.99,16.32,15.5,15.24,1.0,X,0.999987,1.0,,,,,,,0.0186945933377917,,,,
200,202,02 19 48.81,+57 05 26.3,18.1,0.33,247.0,<,0.001,0.043,1.05,1,19.57,17.63,16.25,15.44,3.4413608199120347,1.0,,0.999997,1,0.9909684812736383,0.0037941954566645,02 19 48.81,+57 05 26.3,18.1,0.33,247.0,<,0.001,0.043,1.0,19.57,17.63,16.25,15.44,15.25,1.0,,0.999997,1.0,0.72,,,-0.6862171168448029,3722.7,0.4289583333333332,0.0186945933377917,5.35,2.572,0.5286,0.0886
201,203,02 19 26.52,+57 12 31.7,18.59,0.281,246.6,<,0.001,0.027,0.92,1,20.19,18.1,16.47,15.7,3.631360819912034,1.0,,0.999996,1,0.908128379213397,0.0037941954566645,02 19 26.52,+57 12 31.7,18.59,0.281,246.6,<,0.001,0.027,1.0,20.19,18.1,16.47,15.7,15.44,1.0,,0.999996,1.0,,,,,,,0.0186945933377917,,,,
202,204,02 18 43.18,+57 07 23.1,17.19,1.88,246.2,<,0.001,0.036,1.19,1,18.26,16.7,15.64,15.01,2.931360819912035,3.0,X,0.999986,1,1.159293180421997,0.0037941954566645,02 18 43.18,+57 07 23.1,17.19,1.88,246.2,<,0.001,0.036,1.0,18.26,16.7,15.64,15.01,14.74,3.0,X,0.999986,1.0,0.77,,,-0.5099431478540716,,,0.0186945933377917,,,,
203,205,02 19 25.15,+57 09 48.3,17.01,1.19,246.1,<,0.001,0.024,1.26,2,18.13,16.6,15.4,14.77,2.731360819912034,3.0,X,0.999995,1,1.2112249046032435,0.0037941954566645,02 19 25.15,+57 09 48.3,17.01,1.19,246.1,<,0.001,0.024,2.0,18.13,16.6,15.4,14.77,14.54,3.0,X,0.999995,1.0,0.81,,,-0.2502405020702186,4545.6,0.9,0.0186945933377917,8.869,4.053,1.0309,0.0651
204,206,02 19 25.79,+57 05 25.3,18.77,0.297,245.9,<,0.001,0.044,0.86,1,20.55,18.3,16.69,15.84,3.801360819912034,1.0,,0.999988,1,0.8390133960984504,0.0037941954566645,02 19 25.79,+57 05 25.3,18.77,0.297,245.9,<,0.001,0.044,1.0,20.55,18.3,16.69,15.84,15.61,1.0,,0.999988,1.0,,,,,,,0.0186945933377917,,,,
205,207,02 19 51.89,+57 15 05.1,18.79,0.348,245.8,<,0.001,0.027,0.84,2,,,16.46,15.66,3.5413608199120343,,,0.999977,1,0.9467314065001564,0.0037941954566645,02 19 51.89,+57 15 05.1,18.79,0.348,245.8,<,0.001,0.027,2.0,,,16.46,15.66,15.35,,,0.999977,1.0,,,,,,,0.0186945933377917,,,,
206,208,02 19 14.75,+57 04 29.6,15.72,0.808,245.5,<,0.001,0.024,1.54,1,16.41,15.37,14.61,14.23,2.3213608199120355,3.0,,0.999997,1,1.2942950677063436,0.0037941954566645,02 19 14.75,+57 04 29.6,15.72,0.808,245.5,<,0.001,0.024,1.0,16.41,15.37,14.61,14.23,14.13,3.0,,0.999997,1.0,1.17,,,0.5873045356193138,8379.9,1.5,0.0186945933377917,91.372,45.471,1.3932,0.0099
207,209,02 19 42.06,+57 06 04.9,18.93,7.14,245.2,<,0.001,0.028,0.81,1,20.57,18.37,16.88,16.07,4.061360819912034,1.0,,0.999996,1,0.7355801030399812,0.0037941954566645,02 19 42.06,+57 06 04.9,18.93,7.14,245.2,<,0.001,0.028,1.0,20.57,18.37,16.88,16.07,15.87,1.0,,0.999996,1.0,,,,,,,0.0186945933377917,,,,
208,210,02 18 51.92,+57 06 56.7,18.21,4.95,245.1,<,0.001,0.078,1.02,1,19.72,17.74,16.43,15.67,3.711360819912034,1.0,X,0.999998,1,0.8758303919827325,0.0037941954566645,02 18 51.92,+57 06 56.7,18.21,4.95,245.1,<,0.001,0.078,1.0,19.72,17.74,16.43,15.67,15.52,1.0,X,0.999998,1.0,,,,,3890.6,,0.0186945933377917,,,,
209,211,02 19 13.91,+57 05 32.1,18.41,7.46,245.0,<,0.001,0.04,0.97,1,19.86,17.88,16.48,15.76,3.751360819912035,1.0,X,0.999993,1,0.8599187942822623,0.0037941954566645,02 19 13.91,+57 05 32.1,18.41,7.46,245.0,<,0.001,0.04,1.0,19.86,17.88,16.48,15.76,15.56,1.0,X,0.999993,1.0,,,,,,,0.0186945933377917,,,,
210,212,02 19 11.89,+57 16 01.4,19.02,11.0,244.8,<,0.001,0.046,0.78,1,20.7,18.44,16.96,16.11,4.071360819912036,1.0,,0.999994,1,0.7317190527415853,0.0037941954566645,02 19 11.89,+57 16 01.4,19.02,11.0,244.8,<,0.001,0.046,1.0,20.7,18.44,16.96,16.11,15.88,1.0,,0.999994,1.0,,,,,,,0.0186945933377917,,,,
211,213,02 19 46.03,+57 00 48.3,18.54,5.65,244.5,<,0.001,0.026,0.94,1,19.99,17.98,16.65,15.9,3.8613608199120346,1.0,,0.999993,1,0.815267891525459,0.0037941954566645,02 19 46.03,+57 00 48.3,18.54,5.65,244.5,<,0.001,0.026,1.0,19.99,17.98,16.65,15.9,15.67,1.0,,0.999993,1.0,,,,,,,0.0186945933377917,,,,
212,214,02 19 24.51,+57 01 53.3,16.76,0.334,244.3,<,0.001,0.039,1.3,2,17.87,16.34,15.18,14.52,2.5313608199120345,3.0,,0.999988,1,1.252027562241279,0.0037941954566645,02 19 24.51,+57 01 53.3,16.76,0.334,244.3,<,0.001,0.039,2.0,17.87,16.34,15.18,14.52,14.34,3.0,,0.999988,1.0,0.74,,,-0.0306167075552936,4404.5,1.1,0.0186945933377917,2.911,1.288,1.0133,0.1263
213,215,02 19 59.96,+57 10 12.4,16.02,0.0663,242.2,<,0.001,0.004,1.39,1,16.95,15.59,14.66,14.25,2.231360819912034,3.0,,0.999999,1,,0.0,02 19 59.96,+57 10 12.4,16.02,0.0663,242.2,<,0.001,0.004,1.0,16.95,15.59,14.66,14.25,14.04,3.0,,0.999999,1.0,,,,,,,0.0186945933377917,,,,
214,216,02 19 26.64,+57 11 05.4,18.48,2.66,240.4,<,0.001,0.03,0.95,1,19.98,18.01,16.52,15.76,3.7013608199120345,1.0,X,0.999994,1,0.8799376642320728,0.0037941954566645,02 19 26.64,+57 11 05.4,18.48,2.66,240.4,<,0.001,0.03,1.0,19.98,18.01,16.52,15.76,15.51,1.0,X,0.999994,1.0,,,,,,,0.0186945933377917,,,,
215,217,02 19 17.42,+57 13 52.9,19.96,0.454,239.7,<,0.001,0.094,0.49,1,,,17.47,16.61,4.501360819912033,,,0.999985,1,0.5701510363846352,0.0037941954566645,02 19 17.42,+57 13 52.9,19.96,0.454,239.7,<,0.001,0.094,1.0,,,17.47,16.61,16.31,,,0.999985,1.0,,,,,,,0.0186945933377917,,,,
216,218,02 18 22.22,+57 04 47.4,17.15,4.31,238.6,<,0.001,0.012,1.24,1,18.27,16.8,15.69,15.11,3.141360819912034,3.0,,0.999996,1,1.0987964960246517,0.0037941954566645,02 18 22.22,+57 04 47.4,17.15,4.31,238.6,<,0.001,0.012,1.0,18.27,16.8,15.69,15.11,14.95,3.0,,0.999996,1.0,0.79,,,-0.4910664739499672,4286.0,0.7084269662921348,0.0186945933377917,11.807,5.496,0.8653,0.0623
217,219,02 19 50.27,+57 06 48.6,18.88,5.56,237.3,<,0.001,0.025,0.82,1,20.54,18.27,16.77,15.98,3.9513608199120345,1.0,,0.999991,1,0.7798801453968417,0.0037941954566645,02 19 50.27,+57 06 48.6,18.88,5.56,237.3,<,0.001,0.025,1.0,20.54,18.27,16.77,15.98,15.76,1.0,,0.999991,1.0,,,,,,,0.0186945933377917,,,,
218,220,02 19 50.24,+57 06 17.1,17.93,4.76,237.3,<,0.001,0.024,1.1,1,19.43,17.53,16.01,15.29,3.2913608199120343,1.0,X,0.999998,1,1.0459793014991836,0.0037941954566645,02 19 50.24,+57 06 17.1,17.93,4.76,237.3,<,0.001,0.024,1.0,19.43,17.53,16.01,15.29,15.1,1.0,X,0.999998,1.0,0.75,,,-0.5747919488613437,3797.8,0.4811111111111112,0.0186945933377917,4.331,1.994,0.5661,0.0894
219,221,02 19 55.75,+57 06 50.9,18.27,5.41,235.7,<,0.001,0.026,1.01,1,19.62,17.72,16.32,15.61,3.601360819912035,1.0,X,0.999998,1,0.9216487094480588,0.0037941954566645,02 19 55.75,+57 06 50.9,18.27,5.41,235.7,<,0.001,0.026,1.0,19.62,17.72,16.32,15.61,15.41,1.0,X,0.999998,1.0,0.73,,,-0.4421801224092083,3637.2,0.3719230769230768,0.0186945933377917,1.836,0.713,0.446,0.0754
220,222,02 19 06.28,+57 08 37.6,17.43,0.415,235.6,<,0.001,0.055,1.19,1,,,15.69,15.09,3.0213608199120348,,X,0.999994,1,1.133294297804721,0.0037941954566645,02 19 06.28,+57 08 37.6,17.43,0.415,235.6,<,0.001,0.055,1.0,,,15.69,15.09,14.83,,X,0.999994,1.0,,,,,3827.9,,0.0186945933377917,,,,
221,223,02 18 32.15,+57 08 39.8,18.36,5.21,235.4,<,0.001,0.026,0.99,1,,,16.51,15.75,3.681360819912035,,,0.999977,1,0.8873747906990765,0.0037941954566645,02 18 32.15,+57 08 39.8,18.36,5.21,235.4,<,0.001,0.026,1.0,,,16.51,15.75,15.49,,,0.999977,1.0,,,,,,,0.0186945933377917,,,,
222,224,02 18 07.55,+57 06 54.4,18.29,2.4,235.3,<,0.001,0.028,1.0,1,19.79,17.82,16.45,15.69,3.651360819912036,1.0,,0.999997,1,0.8990916506072822,0.0037941954566645,02 18 07.55,+57 06 54.4,18.29,2.4,235.3,<,0.001,0.028,1.0,19.79,17.82,16.45,15.69,15.46,1.0,,0.999997,1.0,0.71,,,-0.7073231328148841,3670.3,0.3931410256410257,0.0186945933377917,4.93,2.45,0.4929,0.0895
223,225,02 19 40.42,+56 59 43.3,16.83,4.9,235.3,<,0.001,0.016,1.29,1,,,15.48,14.95,2.9413608199120347,,,0.999995,1,1.1563695442167925,0.0037941954566645,02 19 40.42,+56 59 43.3,16.83,4.9,235.3,<,0.001,0.016,1.0,,,15.48,14.95,14.75,,,0.999995,1.0,,,,,,,0.0186945933377917,,,,
224,226,02 18 07.33,+57 09 20.9,19.17,0.755,235.2,<,0.001,0.038,0.73,1,,,17.0,16.14,4.071360819912036,,,0.999997,1,0.7317190527415853,0.0037941954566645,02 18 07.33,+57 09 20.9,19.17,0.755,235.2,<,0.001,0.038,1.0,,,17.0,16.14,15.88,,,0.999997,1.0,,,,,,,0.0186945933377917,,,,
225,227,02 18 51.80,+57 11 14.9,16.06,0.369,233.8,<,0.001,0.007,1.39,2,17.11,15.61,14.57,13.98,1.9513608199120345,3.0,X,0.999994,1,,0.0,02 18 51.80,+57 11 14.9,16.06,0.369,233.8,<,0.001,0.007,2.0,17.11,15.61,14.57,13.98,13.76,3.0,X,0.999994,1.0,,,,,,,0.0186945933377917,,,,
226,228,02 19 41.01,+57 10 07.9,19.33,0.342,232.4,<,0.001,0.035,0.67,2,,,16.78,15.96,3.851360819912035,,,0.999997,1,0.8194279458602535,0.0037941954566645,02 19 41.01,+57 10 07.9,19.33,0.342,232.4,<,0.001,0.035,2.0,,,16.78,15.96,15.66,,,0.999997,1.0,,,,,,,0.0186945933377917,,,,
227,229,02 18 43.78,+57 08 42.3,18.88,6.45,231.7,<,0.001,0.053,0.82,1,,,16.95,16.21,4.081360819912035,,,0.999983,1,0.7278104727639454,0.0037941954566645,02 18 43.78,+57 08 42.3,18.88,6.45,231.7,<,0.001,0.053,1.0,,,16.95,16.21,15.89,,,0.999983,1.0,,,,,,,0.0186945933377917,,,,
228,230,02 19 35.44,+57 11 18.4,16.64,3.36,231.0,<,0.001,0.012,1.32,1,17.64,16.23,15.16,14.63,2.641360819912034,3.0,X,0.999996,1,1.2297771188824966,0.0037941954566645,02 19 35.44,+57 11 18.4,16.64,3.36,231.0,<,0.001,0.012,1.0,17.64,16.23,15.16,14.63,14.45,3.0,X,0.999996,1.0,0.82,,,-0.0497179226397888,5025.9,0.9093548387096774,0.0186945933377917,13.975,5.927,1.1376,0.0864
229,231,02 19 35.29,+57 09 49.3,18.31,4.57,230.4,<,0.001,0.022,1.0,2,19.98,17.75,16.23,15.42,3.3213608199120355,1.0,,0.999994,1,1.035282381030157,0.0037941954566645,02 19 35.29,+57 09 49.3,18.31,4.57,230.4,<,0.001,0.022,2.0,19.98,17.75,16.23,15.42,15.13,1.0,,0.999994,1.0,,,,,,,0.0186945933377917,,,,
230,232,02 19 46.83,+57 03 20.1,18.71,5.0,229.7,<,0.001,0.036,0.89,1,20.3,18.22,16.72,15.94,3.9113608199120353,1.0,,0.99998,1,0.7950234138458063,0.0037941954566645,02 19 46.83,+57 03 20.1,18.71,5.0,229.7,<,0.001,0.036,1.0,20.3,18.22,16.72,15.94,15.72,1.0,,0.99998,1.0,,,,,,,0.0186945933377917,,,,
231,233,02 19 37.99,+57 07 11.5,19.91,3.28,229.0,<,0.001,0.059,0.5,2,,,17.34,16.49,4.391360819912034,,,0.999996,1,0.6109411116267386,0.0037941954566645,02 19 37.99,+57 07 11.5,19.91,3.28,229.0,<,0.001,0.059,2.0,,,17.34,16.49,16.2,,,0.999996,1.0,,,,,,,0.0186945933377917,,,,
232,234,02 19 23.34,+57 11 24.6,17.13,1.95,228.4,<,0.001,0.019,1.24,2,18.11,16.58,15.42,14.78,2.761360819912035,3.0,X,0.999992,1,1.2051536251648949,0.0037941954566645,02 19 23.34,+57 11 24.6,17.13,1.95,228.4,<,0.001,0.019,2.0,18.11,16.58,15.42,14.78,14.57,3.0,X,0.999992,1.0,0.8,,,-0.020092138227874,5098.0,0.9304985337243402,0.0186945933377917,14.795,6.378,1.145,0.0873
233,235,02 18 50.86,+57 06 15.9,18.51,4.42,228.0,<,0.001,0.03,0.94,1,20.04,18.08,16.62,15.89,3.891360819912034,1.0,X,0.999997,1,0.8030580855912063,0.0037941954566645,02 18 50.86,+57 06 15.9,18.51,4.42,228.0,<,0.001,0.03,1.0,20.04,18.08,16.62,15.89,15.7,1.0,X,0.999997,1.0,,,,,,,0.0186945933377917,,,,
234,236,02 19 16.84,+57 03 10.8,18.36,1.23,227.5,<,0.001,0.033,0.99,1,19.83,17.88,16.49,15.72,3.691360819912034,1.0,X,0.999993,1,0.8830593318699828,0.0037941954566645,02 19 16.84,+57 03 10.8,18.36,1.23,227.5,<,0.001,0.033,1.0,19.83,17.88,16.49,15.72,15.5,1.0,X,0.999993,1.0,0.67,,,-0.907735639211652,,,0.0186945933377917,,,,
235,237,02 19 14.13,+57 00 02.1,18.63,4.48,227.4,<,0.001,0.024,0.91,1,20.3,18.06,16.5,15.7,3.6613608199120353,1.0,,0.999939,1,0.8959443933318194,0.0037941954566645,02 19 14.13,+57 00 02.1,18.63,4.48,227.4,<,0.001,0.024,1.0,20.3,18.06,16.5,15.7,15.47,1.0,,0.999939,1.0,,,,,,,0.0186945933377917,,,,
236,238,02 18 30.10,+57 13 32.9,18.07,1.38,226.9,<,0.001,0.017,1.06,2,19.72,17.53,16.04,15.22,3.141360819912034,1.0,,0.999999,1,1.0987964960246517,0.0037941954566645,02 18 30.10,+57 13 32.9,18.07,1.38,226.9,<,0.001,0.017,2.0,19.72,17.53,16.04,15.22,14.95,1.0,,0.999999,1.0,0.65,,,-0.3796244721389844,3845.5,0.5112637362637362,0.0186945933377917,2.453,1.023,0.5769,0.0869
237,239,02 17 55.58,+57 11 33.1,18.81,0.861,226.9,<,0.001,0.046,0.85,1,20.34,18.24,16.7,15.88,3.811360819912034,1.0,,0.999992,1,0.8359103568424893,0.0037941954566645,02 17 55.58,+57 11 33.1,18.81,0.861,226.9,<,0.001,0.046,1.0,20.34,18.24,16.7,15.88,15.62,1.0,,0.999992,1.0,,,,,,,0.0186945933377917,,,,
238,240,02 19 50.23,+57 12 37.0,19.02,3.3,226.1,<,0.001,0.029,0.77,1,20.74,18.48,16.97,16.13,4.041360819912034,1.0,,0.999998,1,0.7432536635394326,0.0037941954566645,02 19 50.23,+57 12 37.0,19.02,3.3,226.1,<,0.001,0.029,1.0,20.74,18.48,16.97,16.13,15.85,1.0,,0.999998,1.0,,,,,,,0.0186945933377917,,,,
239,241,02 19 31.42,+57 09 11.6,17.74,0.847,225.6,<,0.001,0.024,1.13,2,19.34,17.27,15.77,15.02,2.9513608199120345,3.0,X,0.999987,1,1.153458553944932,0.0037941954566645,02 19 31.42,+57 09 11.6,17.74,0.847,225.6,<,0.001,0.024,2.0,19.34,17.27,15.77,15.02,14.76,3.0,X,0.999987,1.0,0.66,,,-0.8635648295416174,3573.4,0.3310256410256411,0.0186945933377917,6.336,3.444,0.4369,0.0903
240,242,02 18 02.50,+57 05 11.1,17.96,0.306,225.4,<,0.001,0.017,1.09,1,,,16.2,15.47,3.431360819912035,,,0.999991,1,0.9955916384586267,0.0037941954566645,02 18 02.50,+57 05 11.1,17.96,0.306,225.4,<,0.001,0.017,1.0,,,16.2,15.47,15.24,,,0.999991,1.0,0.491,0.085,0.0299,-1.2313618987523856,3846.9,0.6,0.0186945933377917,76.866,45.311,0.5535,0.0314
241,243,02 19 22.24,+57 13 56.2,16.63,0.9,223.9,<,0.001,0.01,1.32,2,17.75,16.21,14.99,14.42,2.4013608199120355,3.0,X,0.999993,1,1.2780318239640596,0.0037941954566645,02 19 22.24,+57 13 56.2,16.63,0.9,223.9,<,0.001,0.01,2.0,17.75,16.21,14.99,14.42,14.21,3.0,X,0.999993,1.0,,,,,5790.1,,0.0186945933377917,,,,
242,244,02 18 31.45,+57 04 39.3,19.03,0.683,222.8,<,0.001,0.037,0.77,1,20.8,18.49,16.89,16.06,3.9913608199120354,1.0,,0.999999,1,0.7630373349486521,0.0037941954566645,02 18 31.45,+57 04 39.3,19.03,0.683,222.8,<,0.001,0.037,1.0,20.8,18.49,16.89,16.06,15.8,1.0,,0.999999,1.0,,,,,,,0.0186945933377917,,,,
243,245,02 18 47.01,+57 06 42.7,19.76,0.746,222.7,<,0.001,0.074,0.53,1,22.5,19.24,17.25,16.49,4.391360819912034,1.0,,0.999997,1,0.6109411116267386,0.0037941954566645,02 18 47.01,+57 06 42.7,19.76,0.746,222.7,<,0.001,0.074,1.0,22.5,19.24,17.25,16.49,16.2,1.0,,0.999997,1.0,,,,,,,0.0186945933377917,,,,
244,246,02 18 00.27,+57 09 46.2,18.54,3.92,222.4,<,0.001,0.019,0.94,1,20.06,18.07,16.59,15.81,3.751360819912035,1.0,,0.999987,1,0.8599187942822623,0.0037941954566645,02 18 00.27,+57 09 46.2,18.54,3.92,222.4,<,0.001,0.019,1.0,20.06,18.07,16.59,15.81,15.56,1.0,,0.999987,1.0,0.69,,,-0.3526072485882794,,,0.0186945933377917,,,,
245,247,02 18 47.38,+57 08 42.5,17.59,7.69,221.9,<,0.001,0.028,1.16,1,,,15.9,15.23,3.161360819912036,,X,0.999988,1,1.092625306106187,0.0037941954566645,02 18 47.38,+57 08 42.5,17.59,7.69,221.9,<,0.001,0.028,1.0,,,15.9,15.23,14.97,,X,0.999988,1.0,,,,,3934.8,,0.0186945933377917,,,,
246,248,02 18 22.58,+57 14 45.1,19.85,4.39,221.6,<,0.001,0.052,0.52,1,22.56,19.26,17.34,16.55,4.431360819912033,1.0,,0.999932,1,0.5958439293158085,0.0037941954566645,02 18 22.58,+57 14 45.1,19.85,4.39,221.6,<,0.001,0.052,1.0,22.56,19.26,17.34,16.55,16.24,1.0,,0.999932,1.0,,,,,,,0.0186945933377917,,,,
247,249,02 19 03.50,+57 13 08.0,19.36,0.833,221.6,<,0.001,0.056,0.67,2,21.23,18.69,16.95,16.14,4.021360819912035,1.0,,0.999999,1,0.7511058623426257,0.0037941954566645,02 19 03.50,+57 13 08.0,19.36,0.833,221.6,<,0.001,0.056,2.0,21.23,18.69,16.95,16.14,15.83,1.0,,0.999999,1.0,,,,,,,0.0186945933377917,,,,
248,250,02 18 13.49,+57 00 24.6,19.33,0.553,221.3,<,0.001,0.043,0.66,1,21.33,18.75,16.99,16.18,4.111360819912035,1.0,,0.999991,1,0.715200871940937,0.0037941954566645,02 18 13.49,+57 00 24.6,19.33,0.553,221.3,<,0.001,0.043,1.0,21.33,18.75,16.99,16.18,15.92,1.0,,0.999991,1.0,,,,,,,0.0186945933377917,,,,
249,251,02 18 45.12,+57 13 11.1,20.01,2.87,221.3,<,0.001,0.056,0.47,1,22.31,19.5,17.58,16.8,4.6613608199120335,1.0,,0.999239,1,0.5107003536919039,0.0037941954566645,02 18 45.12,+57 13 11.1,20.01,2.87,221.3,<,0.001,0.056,1.0,22.31,19.5,17.58,16.8,16.47,1.0,,0.999239,1.0,,,,,,,0.0186945933377917,,,,
250,252,02 19 24.26,+57 05 55.8,17.29,0.327,221.2,<,0.001,0.027,1.21,2,18.63,16.86,15.57,14.91,2.891360819912034,3.0,X,0.999996,1,1.171169350777348,0.0037941954566645,02 19 24.26,+57 05 55.8,17.29,0.327,221.2,<,0.001,0.027,2.0,18.63,16.86,15.57,14.91,14.7,3.0,X,0.999996,1.0,0.544,0.066,0.03301,-1.1149782051377024,4606.9,0.7985674157303371,0.0186945933377917,116.109,34.985,0.6637,0.0244
251,253,02 18 21.34,+57 13 43.0,20.08,0.609,218.6,<,0.001,0.082,0.45,1,,,17.59,16.83,4.721360819912036,,,0.999218,1,0.4900655411542185,0.0037941954566645,02 18 21.34,+57 13 43.0,20.08,0.609,218.6,<,0.001,0.082,1.0,,,17.59,16.83,16.53,,,0.999218,1.0,,,,,,,0.0186945933377917,,,,
252,254,02 18 31.46,+57 14 36.2,18.63,6.1,218.2,<,0.001,0.028,0.91,2,20.51,18.09,16.42,15.64,3.5413608199120343,1.0,,0.99999,1,0.9467314065001564,0.0037941954566645,02 18 31.46,+57 14 36.2,18.63,6.1,218.2,<,0.001,0.028,2.0,20.51,18.09,16.42,15.64,15.35,1.0,,0.99999,1.0,,,,,,,0.0186945933377917,,,,
253,255,02 19 20.03,+57 00 19.6,18.73,1.63,218.1,<,0.001,0.033,0.88,1,20.41,18.14,16.62,15.83,3.7713608199120334,1.0,,0.999972,1,0.8516031623829581,0.0037941954566645,02 19 20.03,+57 00 19.6,18.73,1.63,218.1,<,0.001,0.033,1.0,20.41,18.14,16.62,15.83,15.58,1.0,,0.999972,1.0,,,,,,,0.0186945933377917,,,,
254,256,02 19 03.58,+57 04 03.0,15.82,0.541,217.8,<,0.001,0.005,1.43,2,16.64,15.45,14.51,14.11,2.1113608199120346,3.0,X,0.999996,1,,0.0,02 19 03.58,+57 04 03.0,15.82,0.541,217.8,<,0.001,0.005,2.0,16.64,15.45,14.51,14.11,13.92,3.0,X,0.999996,1.0,1.1,,,0.7793338151726427,7985.8,1.5,0.0186945933377917,93.132,47.997,1.3956,0.0075
255,257,02 18 16.07,+57 07 21.2,19.44,6.29,217.1,<,0.001,0.056,0.64,1,,,17.2,16.38,4.301360819912034,,,0.999988,1,0.6436997104260219,0.0037941954566645,02 18 16.07,+57 07 21.2,19.44,6.29,217.1,<,0.001,0.056,1.0,,,17.2,16.38,16.11,,,0.999988,1.0,,,,,,,0.0186945933377917,,,,
256,258,02 18 15.06,+57 14 43.9,18.39,2.5,216.8,<,0.001,0.018,0.98,1,,,16.44,15.65,3.601360819912035,,,0.99999,1,0.9216487094480588,0.0037941954566645,02 18 15.06,+57 14 43.9,18.39,2.5,216.8,<,0.001,0.018,1.0,,,16.44,15.65,15.41,,,0.99999,1.0,,,,,,,0.0186945933377917,,,,
257,259,02 19 51.30,+57 09 28.5,16.66,2.29,214.3,<,0.001,0.006,1.31,1,17.65,16.27,15.31,14.84,2.8213608199120355,0.0,,0.999999,1,1.1916869070540428,0.0037941954566645,02 19 51.30,+57 09 28.5,16.66,2.29,214.3,<,0.001,0.006,1.0,17.65,16.27,15.31,14.84,14.63,0.0,,0.999999,1.0,0.98,,,0.0809293774247747,4919.7,0.8805497382198952,0.0186945933377917,7.438,3.005,1.2784,0.0747
258,260,02 18 58.98,+57 16 06.0,19.32,3.66,214.1,<,0.001,0.041,0.67,1,21.24,18.78,17.13,16.26,4.181360819912035,1.0,,0.999999,1,0.6881496888519236,0.0037941954566645,02 18 58.98,+57 16 06.0,19.32,3.66,214.1,<,0.001,0.041,1.0,21.24,18.78,17.13,16.26,15.99,1.0,,0.999999,1.0,,,,,,,0.0186945933377917,,,,
259,261,02 18 42.75,+57 14 19.1,15.91,1.29,213.4,<,0.001,0.004,1.41,2,16.72,15.53,14.61,14.11,2.131360819912034,3.0,,0.999996,1,,0.0,02 18 42.75,+57 14 19.1,15.91,1.29,213.4,<,0.001,0.004,2.0,16.72,15.53,14.61,14.11,13.94,3.0,,0.999996,1.0,1.07,,,0.2701149352793389,7457.2,1.5,0.0186945933377917,81.49,44.4,1.3421,0.0369
260,262,02 18 35.97,+57 13 18.9,18.38,1.25,213.2,<,0.001,0.029,0.99,1,19.82,17.89,16.4,15.64,3.591360819912035,1.0,,0.999992,1,0.9250193394515696,0.0037941954566645,02 18 35.97,+57 13 18.9,18.38,1.25,213.2,<,0.001,0.029,1.0,19.82,17.89,16.4,15.64,15.4,1.0,,0.999992,1.0,,,,,3532.2,,0.0186945933377917,,,,
261,263,02 19 33.92,+57 03 31.5,16.49,0.332,213.1,<,0.001,0.011,1.34,2,17.61,16.08,14.91,14.31,2.341360819912035,3.0,X,0.999996,1,1.2904331341117083,0.0037941954566645,02 19 33.92,+57 03 31.5,16.49,0.332,213.1,<,0.001,0.011,2.0,17.61,16.08,14.91,14.31,14.15,3.0,X,0.999996,1.0,,,,,,,0.0186945933377917,,,,
262,264,02 18 49.71,+57 00 06.2,19.05,6.33,212.5,<,0.001,0.053,0.76,1,,,16.98,16.19,4.161360819912035,,,0.999998,1,0.6954441086523276,0.0037941954566645,02 18 49.71,+57 00 06.2,19.05,6.33,212.5,<,0.001,0.053,1.0,,,16.98,16.19,15.97,,,0.999998,1.0,,,,,,,0.0186945933377917,,,,
263,265,02 18 17.39,+57 07 30.9,16.09,1.96,211.9,<,0.001,0.008,1.38,2,17.13,15.75,14.67,14.16,2.221360819912034,3.0,X,0.999995,1,,0.0,02 18 17.39,+57 07 30.9,16.09,1.96,211.9,<,0.001,0.008,2.0,17.13,15.75,14.67,14.16,14.03,3.0,X,0.999995,1.0,,,,,,,0.0186945933377917,,,,
264,266,02 19 38.99,+57 06 53.4,19.08,0.63,211.6,<,0.001,0.044,0.75,2,21.33,18.42,16.59,15.77,3.671360819912035,1.0,X,0.999997,1,0.8917908695982071,0.0037941954566645,02 19 38.99,+57 06 53.4,19.08,0.63,211.6,<,0.001,0.044,2.0,21.33,18.42,16.59,15.77,15.48,1.0,X,0.999997,1.0,,,,,,,0.0186945933377917,,,,
265,267,02 18 53.89,+57 01 34.1,17.19,8.43,211.0,<,0.001,0.019,1.23,1,,,15.53,14.89,2.921360819912035,,X,0.999987,1,1.1622324353872515,0.0037941954566645,02 18 53.89,+57 01 34.1,17.19,8.43,211.0,<,0.001,0.019,1.0,,,15.53,14.89,14.73,,X,0.999987,1.0,0.76,,,-0.0896424427271224,4729.1,0.8306544502617802,0.0186945933377917,7.977,3.464,1.1532,0.0739
266,268,02 18 54.16,+57 15 11.7,18.77,0.73,210.9,<,0.001,0.02,0.87,1,20.37,18.2,16.65,15.86,3.811360819912034,1.0,,0.999996,1,0.8359103568424893,0.0037941954566645,02 18 54.16,+57 15 11.7,18.77,0.73,210.9,<,0.001,0.02,1.0,20.37,18.2,16.65,15.86,15.62,1.0,,0.999996,1.0,0.65,,,-0.8259111045363144,,,0.0186945933377917,,,,
267,269,02 18 30.13,+57 06 35.9,20.18,7.41,210.8,<,0.001,0.081,0.43,1,22.64,19.59,17.64,16.86,4.7813608199120345,1.0,,0.999608,1,0.4704245199766384,0.0037941954566645,,,,,,,,,,,,,,,,,,,,,,,,,,,,,
268,270,02 19 26.59,+57 09 37.0,16.98,0.382,210.6,<,0.001,0.009,1.27,2,18.14,16.55,15.36,14.73,2.7113608199120343,3.0,X,0.999992,1,1.2163919129560703,0.0037941954566645,02 19 26.59,+57 09 37.0,16.98,0.382,210.6,<,0.001,0.009,2.0,18.14,16.55,15.36,14.73,14.52,3.0,X,0.999992,1.0,0.84,,,0.0406656206739844,4893.1,0.8735863874345551,0.0186945933377917,7.758,3.133,1.2534,0.0789
269,271,02 19 26.77,+57 00 12.2,16.59,3.48,210.5,<,0.001,0.016,1.32,1,17.52,16.14,15.39,14.8,2.7813608199120345,3.0,,0.999994,1,1.2016588066580585,0.0037941954566645,02 19 26.77,+57 00 12.2,16.59,3.48,210.5,<,0.001,0.016,1.0,17.52,16.14,15.39,14.8,14.59,3.0,,0.999994,1.0,0.88,,,0.0846084467045322,5010.2,0.9047507331378298,0.0186945933377917,9.085,3.39,1.264,0.0833
270,272,02 18 52.34,+57 04 35.2,17.74,0.25,210.5,<,0.001,0.025,1.14,2,19.14,17.29,15.84,15.1,3.0313608199120345,3.0,X,0.999994,1,1.1304312123477156,0.0037941954566645,02 18 52.34,+57 04 35.2,17.74,0.25,210.5,<,0.001,0.025,2.0,19.14,17.29,15.84,15.1,14.84,3.0,X,0.999994,1.0,0.7,,,-0.3345222013552966,3893.0,0.5373626373626373,0.0186945933377917,2.34,0.973,0.6038,0.0904
271,273,02 19 21.07,+57 07 29.3,18.7,1.83,210.4,<,0.001,0.045,0.89,1,20.25,18.23,16.64,15.87,3.881360819912034,1.0,X,0.999977,1,0.807099085976859,0.0037941954566645,02 19 21.07,+57 07 29.3,18.7,1.83,210.4,<,0.001,0.045,1.0,20.25,18.23,16.64,15.87,15.69,1.0,X,0.999977,1.0,,,,,,,0.0186945933377917,,,,
272,274,02 19 32.83,+57 16 43.3,17.72,11.5,210.4,<,0.001,0.014,1.14,1,18.99,17.24,16.0,15.29,3.251360819912035,1.0,,0.999994,1,1.059766899997845,0.0037941954566645,02 19 32.83,+57 16 43.3,17.72,11.5,210.4,<,0.001,0.014,1.0,18.99,17.24,16.0,15.29,15.06,1.0,,0.999994,1.0,0.69,,,-0.4074568570953883,4346.7,1.0,0.0186945933377917,10.046,4.739,0.9114,0.0662
273,275,02 18 44.00,+57 13 21.4,18.46,15.9,209.9,<,0.001,0.039,0.95,2,20.42,17.93,16.26,15.47,3.351360819912035,1.0,X,0.999996,1,1.024675368354506,0.0037941954566645,02 18 44.00,+57 13 21.4,18.46,15.9,209.9,<,0.001,0.039,2.0,20.42,17.93,16.26,15.47,15.16,1.0,X,0.999996,1.0,,,,,,,0.0186945933377917,,,,
274,276,02 17 56.52,+57 10 37.0,17.22,1.21,209.9,<,0.001,0.011,1.23,1,18.19,16.75,15.74,15.23,3.231360819912034,0.0,,0.999996,1,1.0676376886930514,0.0037941954566645,02 17 56.52,+57 10 37.0,17.22,1.21,209.9,<,0.001,0.011,1.0,18.19,16.75,15.74,15.23,15.04,0.0,,0.999996,1.0,0.83,,,-0.4815913563965774,4777.9,0.8434293193717277,0.0186945933377917,52.495,32.863,0.8424,0.0489
275,277,02 18 53.55,+57 09 56.6,19.18,4.46,209.3,<,0.001,0.047,0.71,1,,,17.14,16.32,4.241360819912035,,,0.999998,1,0.6658077422367588,0.0037941954566645,02 18 53.55,+57 09 56.6,19.18,4.46,209.3,<,0.001,0.047,1.0,,,17.14,16.32,16.05,,,0.999998,1.0,,,,,,,0.0186945933377917,,,,
276,278,02 19 58.46,+57 05 14.6,18.86,6.94,209.2,<,0.001,0.021,0.83,1,20.7,18.36,16.8,15.96,3.901360819912036,1.0,,0.999996,1,0.7990347071679557,0.0037941954566645,02 19 58.46,+57 05 14.6,18.86,6.94,209.2,<,0.001,0.021,1.0,20.7,18.36,16.8,15.96,15.71,1.0,,0.999996,1.0,,,,,,,0.0186945933377917,,,,
277,279,02 19 18.12,+57 02 09.2,19.86,6.58,209.0,<,0.001,0.08,0.52,1,21.88,19.19,17.49,16.65,4.551360819912034,1.0,,0.999997,1,0.5515525511882153,0.0037941954566645,02 19 18.12,+57 02 09.2,19.86,6.58,209.0,<,0.001,0.08,1.0,21.88,19.19,17.49,16.65,16.36,1.0,,0.999997,1.0,,,,,,,0.0186945933377917,,,,
278,280,02 19 43.09,+57 00 45.0,17.79,0.854,208.7,<,0.001,0.041,1.12,1,,,16.16,15.48,3.4413608199120347,,,0.99995,1,0.9909684812736383,0.0037941954566645,02 19 43.09,+57 00 45.0,17.79,0.854,208.7,<,0.001,0.041,1.0,,,16.16,15.48,15.25,,,0.99995,1.0,,,,,,,0.0186945933377917,,,,
279,281,02 18 25.86,+57 11 25.5,20.17,8.0,208.5,<,0.001,0.077,0.43,1,22.64,19.52,17.73,16.92,4.811360819912036,1.0,,0.998842,1,0.4608325062538157,0.0037941954566645,,,,,,,,,,,,,,,,,,,,,,,,,,,,,
280,282,02 18 52.95,+57 13 48.8,20.06,1.81,206.8,<,0.001,0.07,0.46,1,,,17.44,16.73,4.611360819912036,,,0.999836,1,0.5293287751131162,0.0037941954566645,02 18 52.95,+57 13 48.8,20.06,1.81,206.8,<,0.001,0.07,1.0,,,17.44,16.73,16.42,,,0.999836,1.0,,,,,,,0.0186945933377917,,,,
281,283,02 18 05.14,+57 07 17.7,19.51,0.322,206.8,<,0.001,0.057,0.61,1,21.59,18.99,17.21,16.34,4.271360819912033,1.0,,0.999998,1,0.6552280023599364,0.0037941954566645,02 18 05.14,+57 07 17.7,19.51,0.322,206.8,<,0.001,0.057,1.0,21.59,18.99,17.21,16.34,16.08,1.0,,0.999998,1.0,,,,,,,0.0186945933377917,,,,
282,284,02 18 01.32,+57 02 29.8,18.9,5.65,205.9,<,0.001,0.026,0.81,1,20.59,18.44,16.93,16.11,4.071360819912036,1.0,,0.999996,1,0.7317190527415853,0.0037941954566645,02 18 01.32,+57 02 29.8,18.9,5.65,205.9,<,0.001,0.026,1.0,20.59,18.44,16.93,16.11,15.88,1.0,,0.999996,1.0,,,,,,,0.0186945933377917,,,,
283,285,02 18 16.36,+57 02 56.4,19.27,5.49,204.7,<,0.001,0.039,0.7,1,,,17.05,16.27,4.191360819912035,,,0.999991,1,0.6845554037807376,0.0037941954566645,02 18 16.36,+57 02 56.4,19.27,5.49,204.7,<,0.001,0.039,1.0,,,17.05,16.27,16.0,,,0.999991,1.0,,,,,,,0.0186945933377917,,,,
284,286,02 19 51.46,+57 03 10.8,19.39,3.75,204.5,<,0.001,0.045,0.65,1,21.26,18.75,17.13,16.26,4.231360819912034,1.0,,0.999987,1,0.6702255815220884,0.0037941954566645,02 19 51.46,+57 03 10.8,19.39,3.75,204.5,<,0.001,0.045,1.0,21.26,18.75,17.13,16.26,16.04,1.0,,0.999987,1.0,,,,,,,0.0186945933377917,,,,
285,287,02 19 32.90,+57 06 01.8,17.27,3.06,204.2,<,0.001,0.019,1.22,1,18.46,16.83,15.59,15.04,3.061360819912034,0.0,X,0.999995,1,1.1218530770342725,0.0037941954566645,02 19 32.90,+57 06 01.8,17.27,3.06,204.2,<,0.001,0.019,1.0,18.46,16.83,15.59,15.04,14.87,0.0,X,0.999995,1.0,0.86,,,0.2347500596524838,4549.3,1.4,0.0186945933377917,1.821,0.666,1.1831,0.125
286,288,02 19 33.51,+57 09 50.6,18.31,0.885,203.2,<,0.001,0.038,1.0,1,,,16.35,15.64,3.561360819912034,,,,2,0.93885604655162,0.0037941954566645,02 19 33.51,+57 09 50.6,18.31,0.885,203.2,<,0.001,0.038,1.0,,,16.35,15.64,15.37,,,,2.0,,,,,,,0.0186945933377917,,,,
287,289,02 18 32.12,+57 10 56.4,18.5,5.56,202.8,<,0.001,0.021,0.94,1,20.07,18.07,16.67,15.88,3.8313608199120353,1.0,,0.999998,1,0.8277607066294574,0.0037941954566645,02 18 32.12,+57 10 56.4,18.5,5.56,202.8,<,0.001,0.021,1.0,20.07,18.07,16.67,15.88,15.64,1.0,,0.999998,1.0,,,,,,,0.0186945933377917,,,,
288,290,02 18 31.03,+57 01 56.2,17.87,4.88,202.4,<,0.001,0.018,1.11,1,19.09,17.4,16.17,15.47,3.4513608199120345,1.0,,0.999995,1,0.9860565370606064,0.0037941954566645,02 18 31.03,+57 01 56.2,17.87,4.88,202.4,<,0.001,0.018,1.0,19.09,17.4,16.17,15.47,15.26,1.0,,0.999995,1.0,,,,,3805.5,,0.0186945933377917,,,,
289,291,02 18 51.37,+57 11 16.2,17.26,5.38,202.3,<,0.001,0.021,1.23,1,18.38,16.84,15.7,15.05,3.051360819912034,1.0,X,0.999998,1,1.124711065888376,0.0037941954566645,02 18 51.37,+57 11 16.2,17.26,5.38,202.3,<,0.001,0.021,1.0,18.38,16.84,15.7,15.05,14.86,1.0,X,0.999998,1.0,,,,,4638.1,,0.0186945933377917,,,,
290,292,02 18 35.42,+57 03 41.6,19.03,5.9,202.2,<,0.001,0.035,0.77,1,20.75,18.52,16.93,16.11,4.101360819912035,1.0,X,0.999989,1,0.7190889650149566,0.0037941954566645,02 18 35.42,+57 03 41.6,19.03,5.9,202.2,<,0.001,0.035,1.0,20.75,18.52,16.93,16.11,15.91,1.0,X,0.999989,1.0,,,,,,,0.0186945933377917,,,,
291,293,02 18 47.14,+57 09 12.2,17.42,1.85,202.0,<,0.001,0.012,1.19,1,18.62,16.97,15.83,15.2,3.161360819912036,0.0,X,0.999995,1,1.092625306106187,0.0037941954566645,02 18 47.14,+57 09 12.2,17.42,1.85,202.0,<,0.001,0.012,1.0,18.62,16.97,15.83,15.2,14.97,0.0,X,0.999995,1.0,,,,,4497.4,,0.0186945933377917,,,,
292,294,02 19 51.31,+57 07 36.9,19.02,0.863,200.5,<,0.001,0.038,0.78,2,21.18,18.46,16.66,15.81,3.751360819912035,1.0,X,0.999992,1,0.8599187942822623,0.0037941954566645,02 19 51.31,+57 07 36.9,19.02,0.863,200.5,<,0.001,0.038,2.0,21.18,18.46,16.66,15.81,15.56,1.0,X,0.999992,1.0,,,,,,,0.0186945933377917,,,,
293,295,02 19 08.05,+57 11 12.7,16.77,3.57,200.2,<,0.001,0.01,1.3,2,17.88,16.32,15.15,14.58,2.561360819912034,3.0,X,0.999995,1,1.245681714794933,0.0037941954566645,02 19 08.05,+57 11 12.7,16.77,3.57,200.2,<,0.001,0.01,2.0,17.88,16.32,15.15,14.58,14.37,3.0,X,0.999995,1.0,0.87,,,0.2947108612454445,5124.7,1.3,0.0186945933377917,8.841,3.261,1.3453,0.0604
294,296,02 19 34.66,+57 13 06.9,18.08,5.08,199.8,<,0.001,0.024,1.06,1,19.36,17.62,16.3,15.59,3.581360819912036,1.0,,0.999988,1,0.9295095420016984,0.0037941954566645,02 19 34.66,+57 13 06.9,18.08,5.08,199.8,<,0.001,0.024,1.0,19.36,17.62,16.3,15.59,15.39,1.0,,0.999988,1.0,0.76,,,-0.4637446593241532,3578.5,0.3342948717948718,0.0186945933377917,1.673,0.607,0.4071,0.0691
295,297,02 18 24.90,+57 02 06.1,18.51,0.58,199.3,<,0.001,0.071,0.92,1,,,16.58,15.66,3.671360819912035,,,0.999993,1,0.8917908695982071,0.0037941954566645,02 18 24.90,+57 02 06.1,18.51,0.58,199.3,<,0.001,0.071,1.0,,,16.58,15.66,15.48,,,0.999993,1.0,,,,,,,0.0186945933377917,,,,
296,298,02 18 08.87,+57 02 08.9,19.28,0.543,199.0,<,0.001,0.034,0.69,2,,,16.76,15.98,3.891360819912034,,,0.999993,1,0.8030580855912063,0.0037941954566645,02 18 08.87,+57 02 08.9,19.28,0.543,199.0,<,0.001,0.034,2.0,,,16.76,15.98,15.7,,,0.999993,1.0,,,,,,,0.0186945933377917,,,,
297,299,02 18 07.84,+57 07 34.6,18.65,0.333,198.9,<,0.001,0.026,0.9,1,20.26,18.14,16.68,15.86,3.841360819912035,1.0,,0.999999,1,0.8236186207487087,0.0037941954566645,02 18 07.84,+57 07 34.6,18.65,0.333,198.9,<,0.001,0.026,1.0,20.26,18.14,16.68,15.86,15.65,1.0,,0.999999,1.0,,,,,,,0.0186945933377917,,,,
298,300,02 18 50.71,+57 15 07.6,20.17,0.535,198.7,<,0.001,0.078,0.44,1,22.52,19.62,17.56,16.78,4.681360819912033,1.0,,0.999995,1,0.5029992412329322,0.0037941954566645,02 18 50.71,+57 15 07.6,20.17,0.535,198.7,<,0.001,0.078,1.0,22.52,19.62,17.56,16.78,16.49,1.0,,0.999995,1.0,,,,,,,0.0186945933377917,,,,
299,301,02 18 01.64,+57 02 40.9,19.79,0.677,198.2,<,0.001,0.07,0.53,1,21.85,19.2,17.48,16.64,4.581360819912035,1.0,,0.999998,1,0.5403798001308218,0.0037941954566645,02 18 01.64,+57 02 40.9,19.79,0.677,198.2,<,0.001,0.07,1.0,21.85,19.2,17.48,16.64,16.39,1.0,,0.999998,1.0,,,,,,,0.0186945933377917,,,,
300,302,02 18 55.07,+57 15 22.2,17.55,5.59,197.8,<,0.001,0.012,1.17,2,19.13,17.11,15.56,14.8,2.7813608199120345,3.0,X,0.999982,1,1.2016588066580585,0.0037941954566645,02 18 55.07,+57 15 22.2,17.55,5.59,197.8,<,0.001,0.012,2.0,19.13,17.11,15.56,14.8,14.59,3.0,X,0.999982,1.0,0.68,,,-0.3338846772296441,4720.7,1.4,0.0186945933377917,21.418,10.759,0.959,0.0658
301,304,02 19 32.43,+57 12 56.8,19.25,9.43,197.1,<,0.001,0.037,0.7,1,20.95,18.62,17.03,16.2,4.131360819912034,1.0,,0.999996,1,0.7076955971741337,0.0037941954566645,02 19 32.43,+57 12 56.8,19.25,9.43,197.1,<,0.001,0.037,1.0,20.95,18.62,17.03,16.2,15.94,1.0,,0.999996,1.0,,,,,,,0.0186945933377917,,,,
302,305,02 18 03.23,+57 06 33.0,17.56,2.71,196.4,<,0.001,0.017,1.15,1,,,15.83,15.06,3.051360819912034,,,0.99999,1,1.124711065888376,0.0037941954566645,02 18 03.23,+57 06 33.0,17.56,2.71,196.4,<,0.001,0.017,1.0,,,15.83,15.06,14.86,,,0.99999,1.0,,,,,,,0.0186945933377917,,,,
303,306,02 18 55.33,+57 06 33.2,20.25,3.94,196.2,<,0.001,0.095,0.41,1,23.14,19.59,17.73,17.01,4.9113608199120335,1.0,X,0.999486,1,0.4287610375505318,0.0037941954566645,,,,,,,,,,,,,,,,,,,,,,,,,,,,,
304,307,02 19 31.58,+57 05 02.6,15.99,0.464,195.9,<,0.001,0.006,1.4,2,16.95,15.54,14.58,14.04,2.091360819912035,3.0,X,0.999994,1,,0.0,02 19 31.58,+57 05 02.6,15.99,0.464,195.9,<,0.001,0.006,2.0,16.95,15.54,14.58,14.04,13.9,3.0,X,0.999994,1.0,0.9,,,0.3503895287463476,5338.3,1.0010344827586208,0.0186945933377917,11.842,2.687,1.3233,0.0747
305,308,02 19 38.26,+57 08 28.7,18.8,2.25,195.8,<,0.001,0.031,0.85,1,20.4,18.3,16.81,15.95,3.9113608199120353,1.0,,0.999994,1,0.7950234138458063,0.0037941954566645,02 19 38.26,+57 08 28.7,18.8,2.25,195.8,<,0.001,0.031,1.0,20.4,18.3,16.81,15.95,15.72,1.0,,0.999994,1.0,,,,,,,0.0186945933377917,,,,
306,309,02 18 01.15,+57 06 00.0,20.02,4.02,195.5,<,0.001,0.079,0.48,1,22.34,19.35,17.52,16.81,4.711360819912034,1.0,,0.99949,1,0.4928632092739232,0.0037941954566645,02 18 01.15,+57 06 00.0,20.02,4.02,195.5,<,0.001,0.079,1.0,22.34,19.35,17.52,16.81,16.52,1.0,,0.99949,1.0,,,,,,,0.0186945933377917,,,,
307,310,02 18 09.29,+57 07 02.3,19.71,0.769,195.3,<,0.001,0.045,0.55,1,21.98,19.15,17.28,16.45,4.401360819912036,1.0,X,0.999997,1,0.6067197006565727,0.0037941954566645,02 18 09.29,+57 07 02.3,19.71,0.769,195.3,<,0.001,0.045,1.0,21.98,19.15,17.28,16.45,16.21,1.0,X,0.999997,1.0,,,,,,,0.0186945933377917,,,,
308,311,02 18 12.92,+57 10 54.7,17.51,0.496,195.0,<,0.001,0.015,1.18,1,18.71,17.08,15.87,15.22,3.1913608199120347,3.0,,0.999994,1,1.0815238993470857,0.0037941954566645,02 18 12.92,+57 10 54.7,17.51,0.496,195.0,<,0.001,0.015,1.0,18.71,17.08,15.87,15.22,15.0,3.0,,0.999994,1.0,0.81,,,0.0361336451130129,4110.2,0.7,0.0186945933377917,1.446,0.42,0.7894,0.0985
309,312,02 19 23.54,+57 04 26.3,16.01,1.7,194.8,<,0.001,0.006,1.4,2,16.87,15.56,14.66,14.13,2.171360819912035,3.0,X,0.999999,1,,0.0,02 19 23.54,+57 04 26.3,16.01,1.7,194.8,<,0.001,0.006,2.0,16.87,15.56,14.66,14.13,13.98,3.0,X,0.999999,1.0,0.94,,,0.2384049381446432,,,0.0186945933377917,,,,
310,313,02 18 33.66,+57 00 21.9,17.7,4.72,194.6,<,0.001,0.02,1.15,2,19.13,17.22,15.8,15.05,3.0313608199120345,3.0,,0.999992,1,1.1304312123477156,0.0037941954566645,02 18 33.66,+57 00 21.9,17.7,4.72,194.6,<,0.001,0.02,2.0,19.13,17.22,15.8,15.05,14.84,3.0,,0.999992,1.0,,,,,3864.5,,0.0186945933377917,,,,
311,314,02 18 08.07,+56 59 36.7,19.2,1.25,194.6,<,0.001,0.067,0.72,1,,,17.12,16.28,4.231360819912034,,,0.999995,1,0.6702255815220884,0.0037941954566645,02 18 08.07,+56 59 36.7,19.2,1.25,194.6,<,0.001,0.067,1.0,,,17.12,16.28,16.04,,,0.999995,1.0,,,,,,,0.0186945933377917,,,,
312,315,02 19 25.34,+57 07 11.1,18.66,1.16,193.2,<,0.001,0.028,0.9,1,20.17,18.02,16.61,15.82,3.7913608199120334,1.0,,0.999991,1,0.8431032459434172,0.0037941954566645,02 19 25.34,+57 07 11.1,18.66,1.16,193.2,<,0.001,0.028,1.0,20.17,18.02,16.61,15.82,15.6,1.0,,0.999991,1.0,,,,,,,0.0186945933377917,,,,
313,316,02 19 26.20,+57 05 11.3,17.9,3.92,192.9,<,0.001,0.025,1.1,1,,,16.11,15.44,3.421360819912035,,X,0.999998,1,0.9988922582071794,0.0037941954566645,02 19 26.20,+57 05 11.3,17.9,3.92,192.9,<,0.001,0.025,1.0,,,16.11,15.44,15.23,,X,0.999998,1.0,,,,,3836.4,,0.0186945933377917,,,,
314,317,02 18 58.15,+57 09 41.1,18.19,6.14,192.8,<,0.001,0.036,1.03,2,,,16.15,15.37,3.2913608199120343,,X,0.999996,1,1.0459793014991836,0.0037941954566645,02 18 58.15,+57 09 41.1,18.19,6.14,192.8,<,0.001,0.036,2.0,,,16.15,15.37,15.1,,X,0.999996,1.0,,,,,3609.2,,0.0186945933377917,,,,
315,318,02 18 07.51,+57 01 08.9,18.99,0.872,192.7,<,0.001,0.033,0.79,1,20.74,18.47,16.91,16.09,4.041360819912034,1.0,,0.999995,1,0.7432536635394326,0.0037941954566645,02 18 07.51,+57 01 08.9,18.99,0.872,192.7,<,0.001,0.033,1.0,20.74,18.47,16.91,16.09,15.85,1.0,,0.999995,1.0,,,,,,,0.0186945933377917,,,,
316,319,02 18 09.34,+57 11 54.5,15.99,11.9,191.9,<,0.001,0.005,1.39,2,17.09,15.61,14.56,13.94,1.9613608199120345,1.0,,0.999985,1,,0.0,02 18 09.34,+57 11 54.5,15.99,11.9,191.9,<,0.001,0.005,2.0,17.09,15.61,14.56,13.94,13.77,1.0,,0.999985,1.0,0.73,,,-0.4401053391639985,4637.6,0.8067015706806284,0.0186945933377917,27.721,14.756,0.888,0.064
317,320,02 20 00.82,+56 59 31.8,18.38,8.06,190.9,<,0.001,0.034,0.98,1,19.72,17.85,16.73,15.91,3.821360819912036,1.0,,0.999992,1,0.8318589778968286,0.0037941954566645,02 20 00.82,+56 59 31.8,18.38,8.06,190.9,<,0.001,0.034,1.0,19.72,17.85,16.73,15.91,15.63,1.0,,0.999992,1.0,,,,,,,0.0186945933377917,,,,
318,321,02 19 32.82,+57 13 22.8,19.38,8.2,190.5,<,0.001,0.057,0.67,1,,,17.18,16.33,4.231360819912034,,,0.999992,1,0.6702255815220884,0.0037941954566645,02 19 32.82,+57 13 22.8,19.38,8.2,190.5,<,0.001,0.057,1.0,,,17.18,16.33,16.04,,,0.999992,1.0,,,,,,,0.0186945933377917,,,,
319,322,02 18 36.93,+57 14 17.1,18.5,0.543,189.9,<,0.001,0.023,0.91,2,20.64,18.03,16.38,15.58,3.481360819912034,1.0,,0.999917,1,0.9733672797225806,0.0037941954566645,02 18 36.93,+57 14 17.1,18.5,0.543,189.9,<,0.001,0.023,2.0,20.64,18.03,16.38,15.58,15.29,1.0,,0.999917,1.0,,,,,,,0.0186945933377917,,,,
320,323,02 18 24.39,+57 04 50.9,16.77,6.67,189.4,<,0.001,0.006,1.3,1,17.77,16.41,15.4,14.9,2.931360819912035,0.0,,0.999992,1,1.159293180421997,0.0037941954566645,02 18 24.39,+57 04 50.9,16.77,6.67,189.4,<,0.001,0.006,1.0,17.77,16.41,15.4,14.9,14.74,0.0,,0.999992,1.0,0.88,,,-0.0746105470153785,5024.2,0.9088563049853372,0.0186945933377917,15.324,6.742,1.1142,0.0813
321,324,02 18 18.16,+57 06 07.0,19.65,7.25,189.3,<,0.001,0.028,0.57,1,21.7,19.08,17.32,16.5,4.421360819912035,1.0,,0.999999,1,0.5991865850227286,0.0037941954566645,02 18 18.16,+57 06 07.0,19.65,7.25,189.3,<,0.001,0.028,1.0,21.7,19.08,17.32,16.5,16.23,1.0,,0.999999,1.0,,,,,,,0.0186945933377917,,,,
322,325,02 19 42.26,+57 01 34.1,18.73,8.62,188.9,<,0.001,0.025,0.87,1,20.29,18.18,16.75,15.99,3.961360819912034,1.0,,0.999985,1,0.7758783066118113,0.0037941954566645,02 19 42.26,+57 01 34.1,18.73,8.62,188.9,<,0.001,0.025,1.0,20.29,18.18,16.75,15.99,15.77,1.0,,0.999985,1.0,0.67,,,-0.3812513185407144,,,0.0186945933377917,,,,
323,326,02 19 26.47,+57 06 22.2,18.55,0.528,188.1,<,0.001,0.054,1.0,1,20.13,18.04,16.47,15.73,3.7013608199120345,1.0,X,0.999989,1,0.8799376642320728,0.0037941954566645,02 19 26.47,+57 06 22.2,18.55,0.528,188.1,<,0.001,0.054,1.0,20.13,18.04,16.47,15.73,15.51,1.0,X,0.999989,1.0,,,,,,,0.0186945933377917,,,,
324,327,02 18 04.66,+57 09 18.8,17.88,4.57,187.0,<,0.001,0.011,1.11,1,19.28,17.38,16.06,15.37,3.311360819912034,1.0,,0.999999,1,1.0383005614872831,0.0037941954566645,02 18 04.66,+57 09 18.8,17.88,4.57,187.0,<,0.001,0.011,1.0,19.28,17.38,16.06,15.37,15.12,1.0,,0.999999,1.0,,,,,3869.7,,0.0186945933377917,,,,
325,328,02 18 16.87,+57 13 11.3,20.01,1.15,186.6,<,0.001,0.058,0.47,1,22.46,19.39,17.57,16.78,4.681360819912033,1.0,,0.999986,1,0.5029992412329322,0.0037941954566645,02 18 16.87,+57 13 11.3,20.01,1.15,186.6,<,0.001,0.058,1.0,22.46,19.39,17.57,16.78,16.49,1.0,,0.999986,1.0,,,,,,,0.0186945933377917,,,,
326,329,02 18 06.64,+57 09 58.4,17.72,0.747,186.3,<,0.001,0.011,1.14,1,19.06,17.32,15.94,15.26,3.221360819912034,3.0,,0.999997,1,1.070582717980786,0.0037941954566645,02 18 06.64,+57 09 58.4,17.72,0.747,186.3,<,0.001,0.011,1.0,19.06,17.32,15.94,15.26,15.03,3.0,,0.999997,1.0,0.7,,,-0.6314342146396679,3837.6,0.5069230769230769,0.0186945933377917,5.891,2.741,0.5989,0.0896
327,330,02 19 08.05,+57 12 14.3,19.68,2.64,185.6,<,0.001,0.035,0.57,2,22.17,19.02,17.17,16.32,4.191360819912035,1.0,,0.999993,1,0.6845554037807376,0.0037941954566645,02 19 08.05,+57 12 14.3,19.68,2.64,185.6,<,0.001,0.035,2.0,22.17,19.02,17.17,16.32,16.0,1.0,,0.999993,1.0,,,,,,,0.0186945933377917,,,,
328,331,02 18 16.22,+57 14 18.5,20.17,0.677,185.4,<,0.001,0.054,0.43,1,,,17.63,16.87,4.771360819912033,,,0.999577,1,0.4739461021668121,0.0037941954566645,02 18 16.22,+57 14 18.5,20.17,0.677,185.4,<,0.001,0.054,1.0,,,17.63,16.87,16.58,,,0.999577,1.0,,,,,,,0.0186945933377917,,,,
329,332,02 19 33.97,+57 06 21.4,18.45,0.323,185.1,<,0.001,0.018,0.96,1,20.04,18.0,16.43,15.63,3.601360819912035,1.0,X,0.999989,1,0.9216487094480588,0.0037941954566645,02 19 33.97,+57 06 21.4,18.45,0.323,185.1,<,0.001,0.018,1.0,20.04,18.0,16.43,15.63,15.41,1.0,X,0.999989,1.0,,,,,,,0.0186945933377917,,,,
330,333,02 19 43.10,+57 13 17.5,15.71,0.623,184.7,<,0.001,0.005,1.54,1,16.33,15.31,14.6,14.28,2.351360819912035,3.0,,0.999996,1,1.2879560490922386,0.0037941954566645,02 19 43.10,+57 13 17.5,15.71,0.623,184.7,<,0.001,0.005,1.0,16.33,15.31,14.6,14.28,14.16,3.0,,0.999996,1.0,1.31,,,0.8477675544050853,7433.1,1.5,0.0186945933377917,89.458,49.68,1.3951,0.008
331,334,02 18 53.71,+57 04 45.9,19.62,0.655,184.6,<,0.001,0.094,0.58,1,,,17.2,16.46,4.361360819912036,,,0.999973,1,0.6220563631757654,0.0037941954566645,02 18 53.71,+57 04 45.9,19.62,0.655,184.6,<,0.001,0.094,1.0,,,17.2,16.46,16.17,,,0.999973,1.0,,,,,,,0.0186945933377917,,,,
332,335,02 19 43.53,+57 02 14.1,18.25,7.41,184.2,<,0.001,0.015,1.02,1,19.5,17.64,16.33,15.6,3.581360819912036,1.0,X,0.999996,1,0.9295095420016984,0.0037941954566645,02 19 43.53,+57 02 14.1,18.25,7.41,184.2,<,0.001,0.015,1.0,19.5,17.64,16.33,15.6,15.39,1.0,X,0.999996,1.0,,,,,3879.8,,0.0186945933377917,,,,
333,336,02 18 50.88,+57 15 18.5,20.33,5.65,183.8,<,0.001,0.056,0.4,1,23.01,19.71,17.64,16.84,4.731360819912034,1.0,,0.999608,1,0.4864686511586783,0.0037941954566645,,,,,,,,,,,,,,,,,,,,,,,,,,,,,
334,337,02 18 32.14,+57 16 00.8,18.35,0.389,183.8,<,0.001,0.03,0.99,1,,,16.43,15.62,3.5713608199120355,,,0.999991,1,0.934163715662089,0.0037941954566645,02 18 32.14,+57 16 00.8,18.35,0.389,183.8,<,0.001,0.03,1.0,,,16.43,15.62,15.38,,,0.999991,1.0,,,,,,,0.0186945933377917,,,,
335,338,02 18 53.49,+56 59 43.1,16.43,5.88,183.7,<,0.001,0.005,1.34,1,,,15.05,14.53,2.591360819912035,,,0.999997,1,1.2393881479573885,0.0037941954566645,02 18 53.49,+56 59 43.1,16.43,5.88,183.7,<,0.001,0.005,1.0,,,15.05,14.53,14.4,,,0.999997,1.0,0.88,,,0.2309901747266603,5409.2,1.0232601880877743,0.0186945933377917,14.012,4.202,1.2562,0.0854
336,339,02 18 49.25,+57 10 56.8,19.61,6.41,183.3,<,0.001,0.071,0.58,1,,,17.21,16.42,4.291360819912036,,,0.999976,1,0.6472930394043248,0.0037941954566645,02 18 49.25,+57 10 56.8,19.61,6.41,183.3,<,0.001,0.071,1.0,,,17.21,16.42,16.1,,,0.999976,1.0,,,,,,,0.0186945933377917,,,,
337,340,02 19 49.48,+57 12 17.0,15.65,0.279,182.7,<,0.001,0.003,1.6,1,16.33,15.29,14.52,14.23,2.2713608199120348,3.0,,0.999998,1,,0.0,02 19 49.48,+57 12 17.0,15.65,0.279,182.7,<,0.001,0.003,1.0,16.33,15.29,14.52,14.23,14.08,3.0,,0.999998,1.0,1.24,,,0.74013995776378,7989.4,1.5,0.0186945933377917,92.276,47.559,1.3951,0.0081
338,341,02 19 37.84,+57 13 28.0,16.01,0.902,182.6,<,0.001,0.004,1.39,1,16.86,15.62,14.77,14.34,2.391360819912034,1.0,X,0.999994,1,1.27902179087008,0.0037941954566645,02 19 37.84,+57 13 28.0,16.01,0.902,182.6,<,0.001,0.004,1.0,16.86,15.62,14.77,14.34,14.2,1.0,X,0.999994,1.0,1.06,,,0.7884469658456968,6671.4,1.437388535031847,0.0186945933377917,68.979,46.979,1.3879,0.0145
339,342,02 18 47.44,+57 15 36.1,19.23,3.62,182.3,<,0.001,0.028,0.7,1,21.05,18.67,17.03,16.19,4.111360819912035,1.0,,0.999997,1,0.715200871940937,0.0037941954566645,02 18 47.44,+57 15 36.1,19.23,3.62,182.3,<,0.001,0.028,1.0,21.05,18.67,17.03,16.19,15.92,1.0,,0.999997,1.0,,,,,,,0.0186945933377917,,,,
340,343,02 19 40.20,+57 02 36.0,18.4,6.85,182.2,<,0.001,0.02,0.97,1,20.0,17.95,16.5,15.72,3.681360819912035,1.0,,0.999997,1,0.8873747906990765,0.0037941954566645,02 19 40.20,+57 02 36.0,18.4,6.85,182.2,<,0.001,0.02,1.0,20.0,17.95,16.5,15.72,15.49,1.0,,0.999997,1.0,,,,,,,0.0186945933377917,,,,
341,344,02 18 16.73,+57 09 51.8,19.87,0.323,181.2,<,0.001,0.056,0.51,1,,,17.4,16.56,4.461360819912034,,,0.999994,1,0.5849773312154568,0.0037941954566645,02 18 16.73,+57 09 51.8,19.87,0.323,181.2,<,0.001,0.056,1.0,,,17.4,16.56,16.27,,,0.999994,1.0,,,,,,,0.0186945933377917,,,,
342,345,02 18 15.46,+57 09 23.3,20.34,6.33,181.1,<,0.001,0.084,0.4,1,22.76,19.68,17.85,17.12,4.961360819912034,1.0,,0.999368,1,0.4125877505446098,0.0037941954566645,,,,,,,,,,,,,,,,,,,,,,,,,,,,,
343,346,02 19 57.05,+56 59 53.6,19.75,0.44,180.8,<,0.001,0.049,0.54,1,22.17,19.15,17.35,16.49,4.361360819912036,1.0,,0.999983,1,0.6220563631757654,0.0037941954566645,02 19 57.05,+56 59 53.6,19.75,0.44,180.8,<,0.001,0.049,1.0,22.17,19.15,17.35,16.49,16.17,1.0,,0.999983,1.0,,,,,,,0.0186945933377917,,,,
344,347,02 18 09.53,+57 03 58.1,18.69,5.56,180.6,<,0.001,0.018,0.89,1,,,16.6,15.82,3.7713608199120334,,,0.999942,1,0.8516031623829581,0.0037941954566645,02 18 09.53,+57 03 58.1,18.69,5.56,180.6,<,0.001,0.018,1.0,,,16.6,15.82,15.58,,,0.999942,1.0,,,,,,,0.0186945933377917,,,,
345,348,02 19 41.33,+57 13 32.5,19.51,0.551,180.5,<,0.001,0.035,0.62,1,21.48,18.87,17.21,16.38,4.2813608199120345,1.0,,0.999999,1,0.6516688977517077,0.0037941954566645,02 19 41.33,+57 13 32.5,19.51,0.551,180.5,<,0.001,0.035,1.0,21.48,18.87,17.21,16.38,16.09,1.0,,0.999999,1.0,,,,,,,0.0186945933377917,,,,
346,349,02 19 42.68,+56 59 57.6,19.12,0.515,179.2,<,0.001,0.033,0.74,2,21.46,18.5,16.72,15.98,3.8613608199120346,1.0,,0.999984,1,0.815267891525459,0.0037941954566645,02 19 42.68,+56 59 57.6,19.12,0.515,179.2,<,0.001,0.033,2.0,21.46,18.5,16.72,15.98,15.67,1.0,,0.999984,1.0,,,,,,,0.0186945933377917,,,,
347,350,02 18 51.73,+57 01 30.2,18.89,7.94,178.8,<,0.001,0.039,0.82,1,,,16.83,16.01,4.001360819912035,,X,0.999996,1,0.7590485859755971,0.0037941954566645,02 18 51.73,+57 01 30.2,18.89,7.94,178.8,<,0.001,0.039,1.0,,,16.83,16.01,15.81,,X,0.999996,1.0,,,,,,,0.0186945933377917,,,,
348,351,02 18 33.69,+56 59 32.0,19.17,4.02,178.8,<,0.001,0.027,0.72,1,,,16.88,16.08,3.9913608199120354,,,0.999996,1,0.7630373349486521,0.0037941954566645,02 18 33.69,+56 59 32.0,19.17,4.02,178.8,<,0.001,0.027,1.0,,,16.88,16.08,15.8,,,0.999996,1.0,,,,,,,0.0186945933377917,,,,
349,352,02 17 58.35,+57 06 33.0,18.47,9.17,178.5,<,0.001,0.024,0.96,1,19.96,17.94,16.52,15.79,3.7813608199120345,1.0,,0.999995,1,0.8472906662062911,0.0037941954566645,02 17 58.35,+57 06 33.0,18.47,9.17,178.5,<,0.001,0.024,1.0,19.96,17.94,16.52,15.79,15.59,1.0,,0.999995,1.0,,,,,,,0.0186945933377917,,,,
350,353,02 19 14.58,+57 06 06.6,17.16,0.504,176.3,<,0.001,0.029,1.24,1,18.16,16.7,15.62,15.0,3.001360819912035,1.0,X,0.999984,1,1.1390294239557333,0.0037941954566645,02 19 14.58,+57 06 06.6,17.16,0.504,176.3,<,0.001,0.029,1.0,18.16,16.7,15.62,15.0,14.81,1.0,X,0.999984,1.0,,,,,,,0.0186945933377917,,,,
351,354,02 19 37.14,+57 11 17.2,19.18,1.35,175.2,<,0.001,0.022,0.72,1,21.2,18.6,16.88,16.04,3.941360819912034,1.0,,0.999989,1,0.7838834303330519,0.0037941954566645,02 19 37.14,+57 11 17.2,19.18,1.35,175.2,<,0.001,0.022,1.0,21.2,18.6,16.88,16.04,15.75,1.0,,0.999989,1.0,,,,,,,0.0186945933377917,,,,
352,355,02 19 47.45,+57 03 57.2,17.79,0.912,174.9,<,0.001,0.021,1.12,1,18.93,17.23,15.96,15.26,3.2413608199120354,1.0,X,0.999961,1,1.064368730457694,0.0037941954566645,02 19 47.45,+57 03 57.2,17.79,0.912,174.9,<,0.001,0.021,1.0,18.93,17.23,15.96,15.26,15.05,1.0,X,0.999961,1.0,,,,,,,0.0186945933377917,,,,
353,356,02 19 35.44,+57 16 34.0,19.3,0.323,174.5,<,0.001,0.026,0.68,1,21.24,18.67,16.94,16.09,4.001360819912035,1.0,,0.999998,1,0.7590485859755971,0.0037941954566645,02 19 35.44,+57 16 34.0,19.3,0.323,174.5,<,0.001,0.026,1.0,21.24,18.67,16.94,16.09,15.81,1.0,,0.999998,1.0,,,,,,,0.0186945933377917,,,,
354,357,02 18 11.45,+57 12 56.2,18.66,0.483,174.3,<,0.001,0.022,0.9,1,20.19,18.17,16.69,15.91,3.841360819912035,1.0,,0.999999,1,0.8236186207487087,0.0037941954566645,02 18 11.45,+57 12 56.2,18.66,0.483,174.3,<,0.001,0.022,1.0,20.19,18.17,16.69,15.91,15.65,1.0,,0.999999,1.0,0.67,,,-1.1168498003167224,,,0.0186945933377917,,,,
355,358,02 19 22.63,+57 09 52.6,15.63,0.323,173.9,<,0.001,0.009,1.59,1,16.37,15.27,14.44,14.11,2.1213608199120344,3.0,X,0.999998,1,,0.0,02 19 22.63,+57 09 52.6,15.63,0.323,173.9,<,0.001,0.009,1.0,16.37,15.27,14.44,14.11,13.93,3.0,X,0.999998,1.0,1.3,,,1.0288176083267448,8270.9,1.5,0.0186945933377917,100.76,50.492,1.398,0.0046
356,359,02 19 25.60,+57 05 47.2,18.2,8.2,173.9,<,0.001,0.026,1.03,1,19.62,17.71,16.32,15.61,3.591360819912035,1.0,X,0.999992,1,0.9250193394515696,0.0037941954566645,02 19 25.60,+57 05 47.2,18.2,8.2,173.9,<,0.001,0.026,1.0,19.62,17.71,16.32,15.61,15.4,1.0,X,0.999992,1.0,,,,,3560.1,,0.0186945933377917,,,,
357,360,02 19 58.00,+57 06 37.7,18.88,7.87,173.8,<,0.001,0.025,0.83,1,20.56,18.3,16.78,15.98,3.961360819912034,1.0,,0.999997,1,0.7758783066118113,0.0037941954566645,02 19 58.00,+57 06 37.7,18.88,7.87,173.8,<,0.001,0.025,1.0,20.56,18.3,16.78,15.98,15.77,1.0,,0.999997,1.0,0.66,,,-0.8753979721066617,,,0.0186945933377917,,,,
358,361,02 18 53.78,+57 15 01.4,18.83,3.88,172.2,<,0.001,0.02,0.84,1,20.53,18.33,16.75,15.95,3.891360819912034,1.0,,0.999996,1,0.8030580855912063,0.0037941954566645,02 18 53.78,+57 15 01.4,18.83,3.88,172.2,<,0.001,0.02,1.0,20.53,18.33,16.75,15.95,15.7,1.0,,0.999996,1.0,,,,,,,0.0186945933377917,,,,
359,362,02 18 58.41,+57 06 11.1,16.83,3.73,172.0,<,0.001,0.021,1.29,1,,,15.42,14.91,2.9513608199120345,,X,0.999991,1,1.153458553944932,0.0037941954566645,02 18 58.41,+57 06 11.1,16.83,3.73,172.0,<,0.001,0.021,1.0,,,15.42,14.91,14.76,,X,0.999991,1.0,,,,,4807.4,,0.0186945933377917,,,,
360,363,02 18 30.59,+57 00 48.1,19.32,0.487,171.8,<,0.001,0.039,0.68,2,,,16.87,16.05,3.961360819912034,,,0.999993,1,0.7758783066118113,0.0037941954566645,02 18 30.59,+57 00 48.1,19.32,0.487,171.8,<,0.001,0.039,2.0,,,16.87,16.05,15.77,,,0.999993,1.0,,,,,,,0.0186945933377917,,,,
361,364,02 18 12.42,+57 03 56.4,17.45,3.88,171.7,<,0.001,0.011,1.19,1,18.72,17.05,15.78,15.14,3.1513608199120355,3.0,X,0.999992,1,1.095603984277021,0.0037941954566645,02 18 12.42,+57 03 56.4,17.45,3.88,171.7,<,0.001,0.011,1.0,18.72,17.05,15.78,15.14,14.96,3.0,X,0.999992,1.0,0.75,,,-0.3451787543957371,4618.7,0.8017539267015706,0.0186945933377917,16.625,8.003,0.9673,0.0623
362,365,02 18 19.46,+57 01 23.6,19.5,6.49,171.6,<,0.001,0.06,0.62,1,21.62,18.98,17.25,16.47,4.4113608199120335,1.0,,0.999998,1,0.6034373901612418,0.0037941954566645,02 18 19.46,+57 01 23.6,19.5,6.49,171.6,<,0.001,0.06,1.0,21.62,18.98,17.25,16.47,16.22,1.0,,0.999998,1.0,,,,,,,0.0186945933377917,,,,
363,366,02 19 03.27,+57 05 47.8,16.0,7.46,171.1,<,0.001,0.004,1.4,1,16.89,15.6,14.71,14.27,2.2813608199120345,3.0,,0.999998,1,,0.0,02 19 03.27,+57 05 47.8,16.0,7.46,171.1,<,0.001,0.004,1.0,16.89,15.6,14.71,14.27,14.09,3.0,,0.999998,1.0,1.0,,,0.5924543505545049,6048.1,1.3,0.0186945933377917,27.885,18.466,1.3229,0.0529
364,367,02 18 32.00,+57 02 27.3,15.73,1.86,170.8,<,0.001,0.003,1.45,1,16.55,15.4,14.54,14.1,2.1513608199120355,3.0,X,0.999994,1,,0.0,02 18 32.00,+57 02 27.3,15.73,1.86,170.8,<,0.001,0.003,1.0,16.55,15.4,14.54,14.1,13.96,3.0,X,0.999994,1.0,,,,,7302.1,,0.0186945933377917,,,,
365,368,02 18 23.17,+57 05 47.0,19.23,15.4,169.5,<,0.001,0.039,0.7,1,21.15,18.66,16.95,16.14,4.041360819912034,1.0,,0.999969,1,0.7432536635394326,0.0037941954566645,02 18 23.17,+57 05 47.0,19.23,15.4,169.5,<,0.001,0.039,1.0,21.15,18.66,16.95,16.14,15.85,1.0,,0.999969,1.0,,,,,,,0.0186945933377917,,,,
366,369,02 20 00.33,+57 14 35.4,18.16,0.326,169.4,<,0.001,0.021,1.04,2,19.81,17.65,16.2,15.36,3.301360819912034,1.0,,0.999976,1,1.0428881744801055,0.0037941954566645,02 20 00.33,+57 14 35.4,18.16,0.326,169.4,<,0.001,0.021,2.0,19.81,17.65,16.2,15.36,15.11,1.0,,0.999976,1.0,0.66,,,-1.0216825032532488,3737.3,0.4390972222222223,0.0186945933377917,20.059,9.869,0.5533,0.0636
367,370,02 18 46.33,+57 02 35.6,16.35,3.8,169.1,<,0.001,0.006,1.36,1,,,15.01,14.55,2.601360819912035,,,0.999998,1,1.2384069201180006,0.0037941954566645,02 18 46.33,+57 02 35.6,16.35,3.8,169.1,<,0.001,0.006,1.0,,,15.01,14.55,14.41,,,0.999998,1.0,0.88,,,-0.0778612616432821,5331.3,1.2,0.0186945933377917,43.312,31.229,1.0411,0.0527
368,371,02 19 46.76,+57 11 33.3,16.61,4.02,168.7,<,0.001,0.007,1.32,1,17.74,16.24,15.18,14.64,2.641360819912034,3.0,X,0.999991,1,1.2297771188824966,0.0037941954566645,02 19 46.76,+57 11 33.3,16.61,4.02,168.7,<,0.001,0.007,1.0,17.74,16.24,15.18,14.64,14.45,3.0,X,0.999991,1.0,0.82,,,-0.0655571016035032,4774.0,0.8424083769633508,0.0186945933377917,8.196,3.509,1.1726,0.077
369,372,02 19 51.00,+57 13 17.5,19.44,0.245,168.6,<,0.001,0.051,0.69,1,21.0,18.63,17.11,16.28,4.171360819912035,1.0,,0.999995,1,0.6917837130217387,0.0037941954566645,02 19 51.00,+57 13 17.5,19.44,0.245,168.6,<,0.001,0.051,1.0,21.0,18.63,17.11,16.28,15.98,1.0,,0.999995,1.0,,,,,,,0.0186945933377917,,,,
370,373,02 18 50.34,+57 10 36.2,17.25,0.339,168.2,<,0.001,0.01,1.23,1,18.48,16.84,15.62,14.97,2.971360819912034,0.0,,0.999994,1,1.1476660860388628,0.0037941954566645,02 18 50.34,+57 10 36.2,17.25,0.339,168.2,<,0.001,0.01,1.0,18.48,16.84,15.62,14.97,14.78,0.0,,0.999994,1.0,0.8,,,0.0341188743168595,4598.4,1.4,0.0186945933377917,3.769,1.714,1.1741,0.1091
371,374,02 18 36.91,+57 06 27.8,19.3,4.65,167.1,<,0.001,0.054,0.69,1,,,17.09,16.27,4.251360819912033,,X,0.999996,1,0.6621858962188625,0.0037941954566645,02 18 36.91,+57 06 27.8,19.3,4.65,167.1,<,0.001,0.054,1.0,,,17.09,16.27,16.06,,X,0.999996,1.0,,,,,,,0.0186945933377917,,,,
372,375,02 19 22.39,+57 09 08.3,16.77,2.99,166.7,<,0.001,0.006,1.3,2,17.91,16.37,15.18,14.57,2.511360819912035,3.0,X,0.999992,1,1.2554024985761905,0.0037941954566645,02 19 22.39,+57 09 08.3,16.77,2.99,166.7,<,0.001,0.006,2.0,17.91,16.37,15.18,14.57,14.32,3.0,X,0.999992,1.0,0.8,,,-0.1162761217630855,5041.3,0.9138709677419355,0.0186945933377917,19.145,9.568,1.0728,0.0707
373,376,02 19 16.54,+57 15 32.6,19.22,6.02,166.6,<,0.001,0.037,0.7,2,21.41,18.69,16.86,16.01,3.8613608199120346,1.0,,0.999999,1,0.815267891525459,0.0037941954566645,02 19 16.54,+57 15 32.6,19.22,6.02,166.6,<,0.001,0.037,2.0,21.41,18.69,16.86,16.01,15.67,1.0,,0.999999,1.0,,,,,,,0.0186945933377917,,,,
374,377,02 18 42.97,+57 07 33.6,18.06,12.0,166.4,<,0.001,0.027,1.07,2,19.72,17.59,16.16,15.3,3.2413608199120354,1.0,X,0.999989,1,1.064368730457694,0.0037941954566645,02 18 42.97,+57 07 33.6,18.06,12.0,166.4,<,0.001,0.027,2.0,19.72,17.59,16.16,15.3,15.05,1.0,X,0.999989,1.0,,,,,3628.5,,0.0186945933377917,,,,
375,378,02 18 24.75,+57 09 42.1,18.87,0.426,166.4,<,0.001,0.027,0.84,1,,,16.81,16.0,3.9113608199120353,,,0.999997,1,0.7950234138458063,0.0037941954566645,02 18 24.75,+57 09 42.1,18.87,0.426,166.4,<,0.001,0.027,1.0,,,16.81,16.0,15.72,,,0.999997,1.0,,,,,,,0.0186945933377917,,,,
376,379,02 18 26.84,+56 59 20.6,18.62,7.46,165.8,<,0.001,0.023,0.9,1,20.16,18.11,16.74,15.97,3.941360819912034,1.0,,0.999992,1,0.7838834303330519,0.0037941954566645,02 18 26.84,+56 59 20.6,18.62,7.46,165.8,<,0.001,0.023,1.0,20.16,18.11,16.74,15.97,15.75,1.0,,0.999992,1.0,0.65,,,-1.0215455666347717,,,0.0186945933377917,,,,
377,380,02 18 15.62,+57 05 28.2,18.29,0.349,165.7,<,0.001,0.013,1.01,1,19.79,17.82,16.42,15.63,3.591360819912035,1.0,,0.999992,1,0.9250193394515696,0.0037941954566645,02 18 15.62,+57 05 28.2,18.29,0.349,165.7,<,0.001,0.013,1.0,19.79,17.82,16.42,15.63,15.4,1.0,,0.999992,1.0,0.68,,,-1.007844288957383,3567.1,0.3269871794871794,0.0186945933377917,10.845,6.061,0.4478,0.0887
378,381,02 18 25.30,+57 13 28.8,19.05,3.41,165.2,<,0.001,0.023,0.77,1,20.82,18.4,16.86,16.06,3.981360819912034,1.0,,0.999999,1,0.7670320143419191,0.0037941954566645,02 18 25.30,+57 13 28.8,19.05,3.41,165.2,<,0.001,0.023,1.0,20.82,18.4,16.86,16.06,15.79,1.0,,0.999999,1.0,,,,,,,0.0186945933377917,,,,
379,382,02 20 01.41,+57 12 04.4,19.98,0.254,164.8,<,0.001,0.055,0.49,1,22.09,19.33,17.59,16.7,4.601360819912035,1.0,,0.999998,1,0.5325352908175963,0.0037941954566645,02 20 01.41,+57 12 04.4,19.98,0.254,164.8,<,0.001,0.055,1.0,22.09,19.33,17.59,16.7,16.41,1.0,,0.999998,1.0,,,,,,,0.0186945933377917,,,,
380,383,02 18 47.40,+57 11 40.7,19.92,0.54,164.4,<,0.001,0.041,0.49,1,22.03,19.4,17.55,16.73,4.611360819912036,0.0,,0.999994,1,0.5293287751131162,0.0037941954566645,02 18 47.40,+57 11 40.7,19.92,0.54,164.4,<,0.001,0.041,1.0,22.03,19.4,17.55,16.73,16.42,0.0,,0.999994,1.0,,,,,,,0.0186945933377917,,,,
381,384,02 18 10.66,+57 02 19.3,17.29,0.305,163.7,<,0.001,0.012,1.22,2,,,15.59,14.87,2.8713608199120344,,,0.999979,1,1.1771051311135114,0.0037941954566645,02 18 10.66,+57 02 19.3,17.29,0.305,163.7,<,0.001,0.012,2.0,,,15.59,14.87,14.68,,,0.999979,1.0,0.74,,,-0.3371194502611447,4567.3,1.4,0.0186945933377917,13.687,6.572,0.978,0.06
382,385,02 18 52.57,+57 04 25.3,15.88,0.435,162.9,<,0.001,0.009,1.4,2,,,14.57,13.92,1.931360819912035,,X,0.998634,1,,0.0,02 18 52.57,+57 04 25.3,15.88,0.435,162.9,<,0.001,0.009,2.0,,,14.57,13.92,13.74,,X,0.998634,1.0,,,,,,,0.0186945933377917,,,,
383,386,02 18 46.86,+57 11 36.2,20.01,8.0,162.2,<,0.001,0.04,0.48,1,22.69,19.35,17.43,16.7,4.561360819912036,1.0,,0.999997,1,0.5474671992749817,0.0037941954566645,02 18 46.86,+57 11 36.2,20.01,8.0,162.2,<,0.001,0.04,1.0,22.69,19.35,17.43,16.7,16.37,1.0,,0.999997,1.0,,,,,,,0.0186945933377917,,,,
384,387,02 18 00.23,+56 59 45.6,18.75,4.67,161.4,<,0.001,0.066,0.86,1,,,16.77,15.96,3.921360819912035,,,0.999983,1,0.7910198683875888,0.0037941954566645,02 18 00.23,+56 59 45.6,18.75,4.67,161.4,<,0.001,0.066,1.0,,,16.77,15.96,15.73,,,0.999983,1.0,,,,,,,0.0186945933377917,,,,
385,388,02 19 57.51,+57 07 16.1,18.24,1.49,161.4,<,0.001,0.013,1.01,1,19.74,17.81,16.36,15.61,3.6113608199120346,1.0,,0.999979,1,0.9172258271486832,0.0037941954566645,02 19 57.51,+57 07 16.1,18.24,1.49,161.4,<,0.001,0.013,1.0,19.74,17.81,16.36,15.61,15.42,1.0,,0.999979,1.0,,,,,3662.0,,0.0186945933377917,,,,
386,389,02 18 09.89,+57 04 58.9,19.13,0.545,161.1,<,0.001,0.025,0.74,2,,,16.71,15.86,3.7913608199120334,,,0.999976,1,0.8431032459434172,0.0037941954566645,02 18 09.89,+57 04 58.9,19.13,0.545,161.1,<,0.001,0.025,2.0,,,16.71,15.86,15.6,,,0.999976,1.0,,,,,,,0.0186945933377917,,,,
387,390,02 19 40.72,+57 04 05.1,20.04,0.657,160.8,<,0.001,0.032,0.47,1,22.41,19.4,17.48,16.66,4.561360819912036,1.0,,0.999994,1,0.5474671992749817,0.0037941954566645,02 19 40.72,+57 04 05.1,20.04,0.657,160.8,<,0.001,0.032,1.0,22.41,19.4,17.48,16.66,16.37,1.0,,0.999994,1.0,,,,,,,0.0186945933377917,,,,
388,391,02 19 32.87,+56 59 48.7,15.89,6.76,160.4,<,0.001,0.004,1.41,1,16.78,15.52,14.66,14.16,2.2013608199120345,3.0,,0.999993,1,,0.0,02 19 32.87,+56 59 48.7,15.89,6.76,160.4,<,0.001,0.004,1.0,16.78,15.52,14.66,14.16,14.01,3.0,,0.999993,1.0,0.93,,,-0.2072512151163812,5266.5,0.9799120234604106,0.0186945933377917,63.396,40.834,0.9731,0.0444
389,392,02 18 35.41,+57 15 08.8,18.6,2.69,160.1,<,0.001,0.018,0.92,1,20.12,18.1,16.66,15.89,3.841360819912035,1.0,,0.999998,1,0.8236186207487087,0.0037941954566645,02 18 35.41,+57 15 08.8,18.6,2.69,160.1,<,0.001,0.018,1.0,20.12,18.1,16.66,15.89,15.65,1.0,,0.999998,1.0,,,,,,,0.0186945933377917,,,,
390,393,02 19 16.94,+57 04 31.3,17.41,7.75,158.7,<,0.001,0.013,1.2,1,18.53,16.93,15.78,15.18,3.1913608199120347,1.0,X,0.999995,1,1.0815238993470857,0.0037941954566645,02 19 16.94,+57 04 31.3,17.41,7.75,158.7,<,0.001,0.013,1.0,18.53,16.93,15.78,15.18,15.0,1.0,X,0.999995,1.0,0.71,,,-0.6441846448842292,4493.1,1.3,0.0186945933377917,47.991,31.111,0.7742,0.0439
391,394,02 18 47.27,+57 07 16.3,18.51,0.468,158.4,<,0.001,0.042,0.94,1,,,16.54,15.74,3.7013608199120345,,,0.999999,1,0.8799376642320728,0.0037941954566645,02 18 47.27,+57 07 16.3,18.51,0.468,158.4,<,0.001,0.042,1.0,,,16.54,15.74,15.51,,,0.999999,1.0,,,,,,,0.0186945933377917,,,,
392,395,02 17 56.26,+57 09 03.5,18.38,0.333,157.9,<,0.001,0.021,0.98,1,,,16.41,15.69,3.591360819912035,,,0.999996,1,0.9250193394515696,0.0037941954566645,02 17 56.26,+57 09 03.5,18.38,0.333,157.9,<,0.001,0.021,1.0,,,16.41,15.69,15.4,,,0.999996,1.0,,,,,,,0.0186945933377917,,,,
393,396,02 20 00.73,+57 02 19.7,19.4,4.42,156.7,<,0.001,0.038,0.65,1,21.23,18.81,17.17,16.34,4.261360819912035,1.0,,0.999986,1,0.6586636660825014,0.0037941954566645,02 20 00.73,+57 02 19.7,19.4,4.42,156.7,<,0.001,0.038,1.0,21.23,18.81,17.17,16.34,16.07,1.0,,0.999986,1.0,,,,,,,0.0186945933377917,,,,
394,397,02 18 53.42,+57 05 19.5,19.66,4.2,155.5,<,0.001,0.045,0.57,1,21.77,19.1,17.35,16.52,4.451360819912036,1.0,,0.999997,1,0.5882642776067434,0.0037941954566645,02 18 53.42,+57 05 19.5,19.66,4.2,155.5,<,0.001,0.045,1.0,21.77,19.1,17.35,16.52,16.26,1.0,,0.999997,1.0,,,,,,,0.0186945933377917,,,,
395,398,02 19 15.70,+57 06 57.7,18.64,3.21,155.1,<,0.001,0.042,0.91,1,,,16.66,15.87,3.821360819912036,,,0.999996,1,0.8318589778968286,0.0037941954566645,02 19 15.70,+57 06 57.7,18.64,3.21,155.1,<,0.001,0.042,1.0,,,16.66,15.87,15.63,,,0.999996,1.0,,,,,,,0.0186945933377917,,,,
396,399,02 19 06.36,+57 02 25.5,19.47,6.85,153.7,<,0.001,0.044,0.63,1,21.49,18.92,17.28,16.44,4.371360819912034,1.0,,0.999989,1,0.6177783462923909,0.0037941954566645,02 19 06.36,+57 02 25.5,19.47,6.85,153.7,<,0.001,0.044,1.0,21.49,18.92,17.28,16.44,16.18,1.0,,0.999989,1.0,,,,,,,0.0186945933377917,,,,
397,400,02 18 23.94,+57 12 50.4,18.7,4.61,153.6,<,0.001,0.02,0.89,1,20.23,18.17,16.73,15.95,3.881360819912034,1.0,,0.999994,1,0.807099085976859,0.0037941954566645,02 18 23.94,+57 12 50.4,18.7,4.61,153.6,<,0.001,0.02,1.0,20.23,18.17,16.73,15.95,15.69,1.0,,0.999994,1.0,,,,,,,0.0186945933377917,,,,
398,401,02 18 33.32,+57 07 12.4,19.21,0.541,153.2,<,0.001,0.031,0.7,2,21.43,18.64,16.81,16.03,3.921360819912035,1.0,X,0.999997,1,0.7910198683875888,0.0037941954566645,02 18 33.32,+57 07 12.4,19.21,0.541,153.2,<,0.001,0.031,2.0,21.43,18.64,16.81,16.03,15.73,1.0,X,0.999997,1.0,,,,,,,0.0186945933377917,,,,
399,402,02 18 01.06,+57 13 54.6,17.51,3.69,152.9,<,0.001,0.009,1.18,1,18.73,17.09,15.71,15.03,3.011360819912035,1.0,,0.999992,1,1.1361601446008478,0.0037941954566645,02 18 01.06,+57 13 54.6,17.51,3.69,152.9,<,0.001,0.009,1.0,18.73,17.09,15.71,15.03,14.82,1.0,,0.999992,1.0,,,,,4779.6,,0.0186945933377917,,,,
400,403,02 18 18.92,+57 04 41.0,18.58,4.61,152.9,<,0.001,0.016,0.92,1,20.11,18.11,16.61,15.85,3.801360819912034,1.0,X,0.999993,1,0.8390133960984504,0.0037941954566645,02 18 18.92,+57 04 41.0,18.58,4.61,152.9,<,0.001,0.016,1.0,20.11,18.11,16.61,15.85,15.61,1.0,X,0.999993,1.0,,,,,,,0.0186945933377917,,,,
401,404,02 19 21.62,+57 14 18.3,16.55,6.94,152.9,<,0.001,0.004,1.33,1,17.48,16.12,15.15,14.64,2.661360819912036,1.0,,0.999996,1,1.2262794537282804,0.0037941954566645,02 19 21.62,+57 14 18.3,16.55,6.94,152.9,<,0.001,0.004,1.0,17.48,16.12,15.15,14.64,14.47,1.0,,0.999996,1.0,1.0,,,0.9913169135070242,5134.1,0.94108504398827,0.0186945933377917,1.028,0.042,1.3847,0.0191
402,405,02 18 25.53,+57 10 33.5,18.83,7.25,152.7,<,0.001,0.022,0.83,1,,,16.91,16.09,4.051360819912034,,,0.999994,1,0.7393936839720257,0.0037941954566645,02 18 25.53,+57 10 33.5,18.83,7.25,152.7,<,0.001,0.022,1.0,,,16.91,16.09,15.86,,,0.999994,1.0,,,,,,,0.0186945933377917,,,,
403,406,02 18 29.89,+57 05 33.8,18.81,0.755,152.4,<,0.001,0.012,0.85,1,20.6,18.29,16.64,15.83,3.751360819912035,1.0,X,0.999997,1,0.8599187942822623,0.0037941954566645,02 18 29.89,+57 05 33.8,18.81,0.755,152.4,<,0.001,0.012,1.0,20.6,18.29,16.64,15.83,15.56,1.0,X,0.999997,1.0,,,,,,,0.0186945933377917,,,,
404,407,02 19 01.42,+57 10 28.3,19.53,0.61,150.7,<,0.001,0.05,0.61,2,,,17.04,16.27,4.151360819912036,,,0.999999,1,0.6991427152635128,0.0037941954566645,02 19 01.42,+57 10 28.3,19.53,0.61,150.7,<,0.001,0.05,2.0,,,17.04,16.27,15.96,,,0.999999,1.0,,,,,,,0.0186945933377917,,,,
405,408,02 19 36.76,+57 14 00.1,20.07,1.53,150.5,<,0.001,0.044,0.46,2,,,17.35,16.62,4.471360819912036,,,0.999781,1,0.5807937676071956,0.0037941954566645,02 19 36.76,+57 14 00.1,20.07,1.53,150.5,<,0.001,0.044,2.0,,,17.35,16.62,16.28,,,0.999781,1.0,,,,,,,0.0186945933377917,,,,
406,409,02 18 44.69,+57 09 18.4,19.43,10.5,150.3,<,0.001,0.029,0.64,2,21.83,18.84,17.02,16.22,4.081360819912035,1.0,X,0.999994,1,0.7278104727639454,0.0037941954566645,02 18 44.69,+57 09 18.4,19.43,10.5,150.3,<,0.001,0.029,2.0,21.83,18.84,17.02,16.22,15.89,1.0,X,0.999994,1.0,,,,,,,0.0186945933377917,,,,
407,410,02 18 24.70,+57 09 08.5,19.81,10.9,150.3,<,0.001,0.053,0.53,1,,,17.55,16.77,4.631360819912036,,,0.999992,1,0.5214775130481832,0.0037941954566645,02 18 24.70,+57 09 08.5,19.81,10.9,150.3,<,0.001,0.053,1.0,,,17.55,16.77,16.44,,,0.999992,1.0,,,,,,,0.0186945933377917,,,,
408,411,02 18 53.37,+57 16 19.8,19.7,0.447,150.0,<,0.001,0.045,0.56,1,21.88,19.1,17.28,16.44,4.341360819912033,1.0,,0.99999,1,0.6289395069889043,0.0037941954566645,02 18 53.37,+57 16 19.8,19.7,0.447,150.0,<,0.001,0.045,1.0,21.88,19.1,17.28,16.44,16.15,1.0,,0.99999,1.0,,,,,,,0.0186945933377917,,,,
409,413,02 19 39.61,+56 59 51.2,16.77,8.13,149.4,,0.001,0.008,1.3,1,17.77,16.34,15.33,14.79,2.7813608199120345,3.0,,0.999992,1,1.2016588066580585,0.0037941954566645,02 19 39.61,+56 59 51.2,16.77,8.13,149.4,,0.001,0.008,1.0,17.77,16.34,15.33,14.79,14.59,3.0,,0.999992,1.0,,,,,4680.5,,0.0186945933377917,,,,
410,414,02 18 46.75,+57 02 57.2,16.1,2.27,149.3,,0.001,0.004,1.38,1,17.02,15.77,14.83,14.4,2.431360819912035,1.0,,0.999996,1,1.2715686099710617,0.0037941954566645,02 18 46.75,+57 02 57.2,16.1,2.27,149.3,,0.001,0.004,1.0,17.02,15.77,14.83,14.4,14.24,1.0,,0.999996,1.0,0.95,,,0.3353776541108294,5578.8,1.0764263322884011,0.0186945933377917,15.712,4.926,1.2718,0.0807
411,415,02 17 57.11,+57 10 00.5,20.12,0.665,149.2,,0.001,0.093,0.44,1,22.48,19.45,17.5,16.73,4.591360819912033,1.0,,0.999503,1,0.5363433857216029,0.0037941954566645,02 17 57.11,+57 10 00.5,20.12,0.665,149.2,,0.001,0.093,1.0,22.48,19.45,17.5,16.73,16.4,1.0,,0.999503,1.0,,,,,,,0.0186945933377917,,,,
412,416,02 19 05.37,+57 09 01.7,16.67,0.374,149.1,,0.001,0.022,1.32,2,,,15.09,14.43,2.381360819912034,,X,0.999995,1,1.2814483685239608,0.0037941954566645,02 19 05.37,+57 09 01.7,16.67,0.374,149.1,,0.001,0.022,2.0,,,15.09,14.43,14.19,,X,0.999995,1.0,,,,,,,0.0186945933377917,,,,
413,417,02 18 38.52,+56 59 39.4,19.11,6.76,148.5,,0.001,0.036,0.75,1,,,17.03,16.19,4.161360819912035,,,0.999998,1,0.6954441086523276,0.0037941954566645,02 18 38.52,+56 59 39.4,19.11,6.76,148.5,,0.001,0.036,1.0,,,17.03,16.19,15.97,,,0.999998,1.0,,,,,,,0.0186945933377917,,,,
414,418,02 18 31.74,+57 03 25.1,20.14,0.64,148.0,,0.001,0.05,0.45,1,22.35,19.51,17.63,16.81,4.701360819912036,1.0,X,0.999067,1,0.4964546497176483,0.0037941954566645,02 18 31.74,+57 03 25.1,20.14,0.64,148.0,,0.001,0.05,1.0,22.35,19.51,17.63,16.81,16.51,1.0,X,0.999067,1.0,,,,,,,0.0186945933377917,,,,
415,419,02 19 09.13,+57 05 57.1,19.98,6.85,147.5,,0.001,0.055,0.48,1,22.09,19.21,17.54,16.7,4.611360819912036,1.0,X,0.999996,1,0.5293287751131162,0.0037941954566645,02 19 09.13,+57 05 57.1,19.98,6.85,147.5,,0.001,0.055,1.0,22.09,19.21,17.54,16.7,16.42,1.0,X,0.999996,1.0,,,,,,,0.0186945933377917,,,,
416,420,02 19 24.66,+57 15 36.1,16.87,2.6,147.3,,0.001,0.005,1.27,1,17.9,16.43,15.44,14.88,2.911360819912036,3.0,X,0.999994,1,1.1651914776083414,0.0037941954566645,02 19 24.66,+57 15 36.1,16.87,2.6,147.3,,0.001,0.005,1.0,17.9,16.43,15.44,14.88,14.72,3.0,X,0.999994,1.0,,,,,4802.5,,0.0186945933377917,,,,
417,421,02 18 23.61,+57 12 40.5,18.56,11.2,147.2,,0.001,0.032,0.93,1,,,16.68,15.9,3.8713608199120335,,,0.999988,1,0.8111652093093992,0.0037941954566645,02 18 23.61,+57 12 40.5,18.56,11.2,147.2,,0.001,0.032,1.0,,,16.68,15.9,15.68,,,0.999988,1.0,,,,,,,0.0186945933377917,,,,
418,422,02 18 22.94,+57 13 04.9,18.39,0.423,147.2,,0.001,0.016,0.99,1,19.96,17.9,16.44,15.68,3.6213608199120335,1.0,,0.999999,1,0.9127227270334504,0.0037941954566645,02 18 22.94,+57 13 04.9,18.39,0.423,147.2,,0.001,0.016,1.0,19.96,17.9,16.44,15.68,15.43,1.0,,0.999999,1.0,0.69,,,-0.8106219941579699,,,0.0186945933377917,,,,
419,424,02 18 07.07,+57 06 41.4,18.69,6.52,146.3,,0.001,0.018,0.89,1,20.3,18.11,16.55,15.76,3.711360819912034,1.0,X,0.999988,1,0.8758303919827325,0.0037941954566645,02 18 07.07,+57 06 41.4,18.69,6.52,146.3,,0.001,0.018,1.0,20.3,18.11,16.55,15.76,15.52,1.0,X,0.999988,1.0,,,,,,,0.0186945933377917,,,,
420,425,02 18 06.02,+57 11 16.8,19.85,0.62,145.8,,0.001,0.034,0.51,1,22.12,19.25,17.38,16.61,4.501360819912033,1.0,,0.999989,1,0.5701510363846352,0.0037941954566645,02 18 06.02,+57 11 16.8,19.85,0.62,145.8,,0.001,0.034,1.0,22.12,19.25,17.38,16.61,16.31,1.0,,0.999989,1.0,,,,,,,0.0186945933377917,,,,
421,427,02 19 00.90,+57 04 49.0,16.77,4.05,144.8,,0.001,0.012,1.3,2,18.0,16.37,15.17,14.56,2.551360819912034,3.0,X,0.999993,1,1.2483585399666397,0.0037941954566645,02 19 00.90,+57 04 49.0,16.77,4.05,144.8,,0.001,0.012,2.0,18.0,16.37,15.17,14.56,14.36,3.0,X,0.999993,1.0,0.8,,,-0.050444114786227,4490.5,1.3,0.0186945933377917,3.818,1.728,1.0784,0.1123
422,428,02 18 35.81,+57 03 17.2,17.13,7.81,144.0,,0.001,0.008,1.24,1,18.15,16.73,15.7,15.15,3.2113608199120343,0.0,,0.999994,1,1.0739236156146108,0.0037941954566645,02 18 35.81,+57 03 17.2,17.13,7.81,144.0,,0.001,0.008,1.0,18.15,16.73,15.7,15.15,15.02,0.0,,0.999994,1.0,0.88,,,0.021978583757437,4053.2,0.7,0.0186945933377917,1.385,0.372,0.7493,0.0907
423,429,02 19 46.91,+57 02 03.8,19.31,0.455,143.5,,0.001,0.027,0.68,2,21.36,18.68,16.78,15.97,3.8713608199120335,1.0,,0.999995,1,0.8111652093093992,0.0037941954566645,02 19 46.91,+57 02 03.8,19.31,0.455,143.5,,0.001,0.027,2.0,21.36,18.68,16.78,15.97,15.68,1.0,,0.999995,1.0,,,,,,,0.0186945933377917,,,,
424,430,02 19 32.90,+57 05 23.0,18.23,14.5,143.4,,0.001,0.023,1.03,2,19.94,17.71,16.17,15.37,3.311360819912034,1.0,,0.999998,1,1.0383005614872831,0.0037941954566645,02 19 32.90,+57 05 23.0,18.23,14.5,143.4,,0.001,0.023,2.0,19.94,17.71,16.17,15.37,15.12,1.0,,0.999998,1.0,,,,,3616.9,,0.0186945933377917,,,,
425,431,02 20 00.49,+57 03 28.2,19.34,0.447,142.6,,0.001,0.038,0.66,1,21.12,18.78,17.04,16.2,4.151360819912036,1.0,,0.999994,1,0.6991427152635128,0.0037941954566645,02 20 00.49,+57 03 28.2,19.34,0.447,142.6,,0.001,0.038,1.0,21.12,18.78,17.04,16.2,15.96,1.0,,0.999994,1.0,,,,,,,0.0186945933377917,,,,
426,432,02 19 18.35,+57 05 25.3,19.6,0.436,141.5,,0.001,0.048,0.59,2,22.19,18.95,16.98,16.17,4.051360819912034,1.0,,0.999993,1,0.7393936839720257,0.0037941954566645,02 19 18.35,+57 05 25.3,19.6,0.436,141.5,,0.001,0.048,2.0,22.19,18.95,16.98,16.17,15.86,1.0,,0.999993,1.0,,,,,,,0.0186945933377917,,,,
427,433,02 19 34.96,+57 06 12.8,16.55,4.39,141.0,,0.001,0.005,1.33,1,,,15.11,14.64,2.6913608199120347,,,0.999996,1,1.220159819470653,0.0037941954566645,02 19 34.96,+57 06 12.8,16.55,4.39,141.0,,0.001,0.005,1.0,,,15.11,14.64,14.5,,,0.999996,1.0,,,,,5258.5,,0.0186945933377917,,,,
428,434,02 20 00.47,+57 02 04.8,19.5,5.52,140.9,,0.001,0.033,0.62,1,21.55,18.95,17.21,16.37,4.331360819912035,1.0,,0.999973,1,0.6324873260522152,0.0037941954566645,02 20 00.47,+57 02 04.8,19.5,5.52,140.9,,0.001,0.033,1.0,21.55,18.95,17.21,16.37,16.14,1.0,,0.999973,1.0,,,,,,,0.0186945933377917,,,,
429,435,02 18 02.23,+57 03 59.7,19.58,4.72,140.6,,0.001,0.056,0.58,1,,,17.28,16.42,4.341360819912033,,,0.999993,1,0.6289395069889043,0.0037941954566645,02 18 02.23,+57 03 59.7,19.58,4.72,140.6,,0.001,0.056,1.0,,,17.28,16.42,16.15,,,0.999993,1.0,,,,,,,0.0186945933377917,,,,
430,436,02 18 32.93,+57 09 36.5,19.45,7.69,140.4,,0.002,0.024,0.64,1,,,17.3,16.5,4.391360819912034,,,0.999995,1,0.6109411116267386,0.0037941954566645,02 18 32.93,+57 09 36.5,19.45,7.69,140.4,,0.002,0.024,1.0,,,17.3,16.5,16.2,,,0.999995,1.0,,,,,,,0.0186945933377917,,,,
431,437,02 19 32.65,+57 11 16.8,19.58,10.2,140.4,,0.002,0.025,0.59,1,21.5,19.02,17.39,16.55,4.451360819912036,1.0,,0.999996,1,0.5882642776067434,0.0037941954566645,02 19 32.65,+57 11 16.8,19.58,10.2,140.4,,0.002,0.025,1.0,21.5,19.02,17.39,16.55,16.26,1.0,,0.999996,1.0,,,,,,,0.0186945933377917,,,,
432,438,02 19 39.45,+57 09 40.9,19.9,3.26,140.3,,0.002,0.038,0.51,1,22.06,19.31,17.5,16.68,4.571360819912034,1.0,,0.999999,1,0.5442375266450612,0.0037941954566645,02 19 39.45,+57 09 40.9,19.9,3.26,140.3,,0.002,0.038,1.0,22.06,19.31,17.5,16.68,16.38,1.0,,0.999999,1.0,,,,,,,0.0186945933377917,,,,
433,439,02 18 22.74,+57 01 48.9,18.17,3.39,140.2,,0.002,0.026,1.04,1,,,16.28,15.57,3.5413608199120343,,,0.999997,1,0.9467314065001564,0.0037941954566645,02 18 22.74,+57 01 48.9,18.17,3.39,140.2,,0.002,0.026,1.0,,,16.28,15.57,15.35,,,0.999997,1.0,0.64,,,-0.8861234673689474,3707.3,0.418263888888889,0.0186945933377917,10.942,5.342,0.5376,0.0798
434,440,02 18 32.49,+57 13 39.1,18.26,0.343,139.7,,0.002,0.018,1.01,1,,,16.48,15.76,3.681360819912035,,,0.999994,1,0.8873747906990765,0.0037941954566645,02 18 32.49,+57 13 39.1,18.26,0.343,139.7,,0.002,0.018,1.0,,,16.48,15.76,15.49,,,0.999994,1.0,,,,,,,0.0186945933377917,,,,
435,441,02 19 54.04,+57 04 53.1,16.63,0.795,139.6,,0.002,0.006,1.32,1,17.5,16.19,15.29,14.86,2.911360819912036,0.0,X,0.999999,1,1.1651914776083414,0.0037941954566645,02 19 54.04,+57 04 53.1,16.63,0.795,139.6,,0.002,0.006,1.0,17.5,16.19,15.29,14.86,14.72,0.0,X,0.999999,1.0,1.02,,,0.4580437812262619,5413.4,1.024576802507837,0.0186945933377917,12.543,2.557,1.3396,0.0689
436,442,02 19 43.74,+57 02 52.5,20.27,6.02,139.5,,0.002,0.067,0.41,1,22.75,19.61,17.63,16.79,4.711360819912034,1.0,X,0.999143,1,0.4928632092739232,0.0037941954566645,,,,,,,,,,,,,,,,,,,,,,,,,,,,,
437,443,02 19 42.50,+57 02 07.9,19.98,7.52,139.3,,0.002,0.039,0.48,1,22.29,19.38,17.48,16.64,4.541360819912036,1.0,,0.999998,1,0.5547591271762533,0.0037941954566645,02 19 42.50,+57 02 07.9,19.98,7.52,139.3,,0.002,0.039,1.0,22.29,19.38,17.48,16.64,16.35,1.0,,0.999998,1.0,,,,,,,0.0186945933377917,,,,
438,444,02 17 59.45,+57 07 19.2,20.05,0.518,139.3,,0.002,0.066,0.47,1,,,17.61,16.85,4.7813608199120345,,,0.999353,1,0.4704245199766384,0.0037941954566645,02 17 59.45,+57 07 19.2,20.05,0.518,139.3,,0.002,0.066,1.0,,,17.61,16.85,16.59,,,0.999353,1.0,,,,,,,0.0186945933377917,,,,
439,445,02 19 23.08,+57 11 35.1,19.15,8.62,138.0,,0.002,0.028,0.67,1,,,16.98,16.17,4.071360819912036,,,0.999983,1,0.7317190527415853,0.0037941954566645,02 19 23.08,+57 11 35.1,19.15,8.62,138.0,,0.002,0.028,1.0,,,16.98,16.17,15.88,,,0.999983,1.0,,,,,,,0.0186945933377917,,,,
440,446,02 18 30.64,+57 09 33.5,19.24,5.26,137.6,,0.002,0.028,0.7,2,,,16.81,16.05,3.921360819912035,,X,0.99977,1,0.7910198683875888,0.0037941954566645,02 18 30.64,+57 09 33.5,19.24,5.26,137.6,,0.002,0.028,2.0,,,16.81,16.05,15.73,,X,0.99977,1.0,,,,,,,0.0186945933377917,,,,
441,448,02 18 33.91,+57 11 50.2,18.71,4.88,136.4,,0.002,0.021,0.87,1,20.47,18.27,16.76,15.96,3.9113608199120353,1.0,,0.999996,1,0.7950234138458063,0.0037941954566645,02 18 33.91,+57 11 50.2,18.71,4.88,136.4,,0.002,0.021,1.0,20.47,18.27,16.76,15.96,15.72,1.0,,0.999996,1.0,,,,,,,0.0186945933377917,,,,
442,449,02 19 06.75,+57 05 54.6,19.4,7.96,136.0,,0.002,0.055,0.65,1,21.38,18.85,17.2,16.4,4.331360819912035,1.0,X,0.999999,1,0.6324873260522152,0.0037941954566645,02 19 06.75,+57 05 54.6,19.4,7.96,136.0,,0.002,0.055,1.0,21.38,18.85,17.2,16.4,16.14,1.0,X,0.999999,1.0,,,,,,,0.0186945933377917,,,,
443,451,02 18 02.24,+57 00 16.5,19.4,7.87,135.8,,0.002,0.028,0.65,1,21.36,18.77,17.12,16.38,4.301360819912034,1.0,,0.999989,1,0.6436997104260219,0.0037941954566645,02 18 02.24,+57 00 16.5,19.4,7.87,135.8,,0.002,0.028,1.0,21.36,18.77,17.12,16.38,16.11,1.0,,0.999989,1.0,,,,,,,0.0186945933377917,,,,
444,452,02 19 24.24,+57 03 15.8,16.7,5.05,135.6,,0.002,0.005,1.31,1,17.67,16.33,15.38,14.94,2.981360819912034,0.0,,0.999997,1,1.144781452784802,0.0037941954566645,02 19 24.24,+57 03 15.8,16.7,5.05,135.6,,0.002,0.005,1.0,17.67,16.33,15.38,14.94,14.79,0.0,,0.999997,1.0,0.91,,,0.2024038475603527,5176.4,0.9534897360703812,0.0186945933377917,10.518,3.089,1.2963,0.0817
445,453,02 19 53.35,+57 09 06.2,17.36,8.33,135.1,,0.002,0.007,1.21,2,18.71,16.87,15.59,14.92,2.8613608199120346,3.0,,0.999991,1,1.1800509894941351,0.0037941954566645,02 19 53.35,+57 09 06.2,17.36,8.33,135.1,,0.002,0.007,2.0,18.71,16.87,15.59,14.92,14.67,3.0,,0.999991,1.0,0.73,,,-0.1141696786950533,4389.5,1.4,0.0186945933377917,3.707,1.681,0.9927,0.1156
446,454,02 18 36.37,+57 03 52.1,20.15,8.26,134.9,,0.003,0.08,0.44,1,22.4,19.55,17.66,16.86,4.791360819912036,1.0,,0.999573,1,0.4670515513190977,0.0037941954566645,,,,,,,,,,,,,,,,,,,,,,,,,,,,,
447,455,02 19 02.99,+57 13 01.6,18.56,3.95,134.8,,0.003,0.019,0.93,2,20.4,18.03,16.35,15.55,3.431360819912035,1.0,X,0.99997,1,0.9955916384586267,0.0037941954566645,02 19 02.99,+57 13 01.6,18.56,3.95,134.8,,0.003,0.019,2.0,20.4,18.03,16.35,15.55,15.24,1.0,X,0.99997,1.0,,,,,,,0.0186945933377917,,,,
448,456,02 19 01.12,+57 09 58.4,16.26,10.9,134.7,,0.003,0.009,1.36,1,17.19,15.86,14.92,14.48,2.471360819912034,1.0,X,0.999996,1,1.264392513141298,0.0037941954566645,02 19 01.12,+57 09 58.4,16.26,10.9,134.7,,0.003,0.009,1.0,17.19,15.86,14.92,14.48,14.28,1.0,X,0.999996,1.0,0.99,,,0.1318303072749477,,,0.0186945933377917,,,,
449,457,02 19 24.33,+57 04 18.9,17.85,6.69,134.2,,0.003,0.016,1.11,1,19.29,17.35,15.95,15.21,3.1913608199120347,3.0,X,0.999992,1,1.0815238993470857,0.0037941954566645,02 19 24.33,+57 04 18.9,17.85,6.69,134.2,,0.003,0.016,1.0,19.29,17.35,15.95,15.21,15.0,3.0,X,0.999992,1.0,,,,,3811.9,,0.0186945933377917,,,,
450,458,02 18 35.46,+57 15 05.3,20.17,0.827,133.5,,0.003,0.037,0.44,1,22.55,19.64,17.59,16.81,4.711360819912034,1.0,,0.999769,1,0.4928632092739232,0.0037941954566645,02 18 35.46,+57 15 05.3,20.17,0.827,133.5,,0.003,0.037,1.0,22.55,19.64,17.59,16.81,16.52,1.0,,0.999769,1.0,,,,,,,0.0186945933377917,,,,
451,459,02 18 36.22,+57 16 11.3,19.99,0.341,133.5,,0.003,0.048,0.48,1,22.25,19.38,17.53,16.68,4.561360819912036,1.0,,0.999996,1,0.5474671992749817,0.0037941954566645,02 18 36.22,+57 16 11.3,19.99,0.341,133.5,,0.003,0.048,1.0,22.25,19.38,17.53,16.68,16.37,1.0,,0.999996,1.0,,,,,,,0.0186945933377917,,,,
452,460,02 19 49.57,+57 10 20.1,19.71,2.63,133.3,,0.003,0.03,0.56,1,21.93,19.1,17.42,16.52,4.421360819912035,1.0,X,0.999993,1,0.5991865850227286,0.0037941954566645,02 19 49.57,+57 10 20.1,19.71,2.63,133.3,,0.003,0.03,1.0,21.93,19.1,17.42,16.52,16.23,1.0,X,0.999993,1.0,,,,,,,0.0186945933377917,,,,
453,461,02 19 08.24,+57 02 34.5,18.83,10.5,133.3,,0.003,0.024,0.84,1,20.5,18.31,16.82,16.05,3.9913608199120354,1.0,,0.999981,1,0.7630373349486521,0.0037941954566645,02 19 08.24,+57 02 34.5,18.83,10.5,133.3,,0.003,0.024,1.0,20.5,18.31,16.82,16.05,15.8,1.0,,0.999981,1.0,,,,,,,0.0186945933377917,,,,
454,462,02 18 44.17,+57 12 47.5,17.59,3.82,133.2,,0.003,0.007,1.16,1,18.81,17.17,15.94,15.29,3.251360819912035,1.0,X,0.999997,1,1.059766899997845,0.0037941954566645,02 18 44.17,+57 12 47.5,17.59,3.82,133.2,,0.003,0.007,1.0,18.81,17.17,15.94,15.29,15.06,1.0,X,0.999997,1.0,,,,,4238.0,,0.0186945933377917,,,,
455,463,02 18 28.13,+57 00 06.6,15.83,10.0,133.1,,0.003,0.002,1.43,2,16.74,15.46,14.56,14.0,2.0413608199120343,3.0,,0.999982,1,,0.0,02 18 28.13,+57 00 06.6,15.83,10.0,133.1,,0.003,0.002,2.0,16.74,15.46,14.56,14.0,13.85,3.0,,0.999982,1.0,0.83,,,-0.3692569436115388,,,0.0186945933377917,,,,
456,464,02 18 57.26,+57 11 15.8,17.55,0.479,132.2,,0.004,0.013,1.17,2,,,15.66,14.93,2.891360819912034,,X,0.999991,1,1.171169350777348,0.0037941954566645,02 18 57.26,+57 11 15.8,17.55,0.479,132.2,,0.004,0.013,2.0,,,15.66,14.93,14.7,,X,0.999991,1.0,0.7,,,-0.6732750871978904,3927.2,0.6,0.0186945933377917,8.542,3.972,0.6582,0.0853
457,465,02 19 22.16,+57 12 52.9,19.23,5.41,131.4,,0.005,0.029,0.7,2,21.35,18.69,16.86,16.05,3.9113608199120353,1.0,,0.999993,1,0.7950234138458063,0.0037941954566645,02 19 22.16,+57 12 52.9,19.23,5.41,131.4,,0.005,0.029,2.0,21.35,18.69,16.86,16.05,15.72,1.0,,0.999993,1.0,,,,,,,0.0186945933377917,,,,
458,466,02 17 56.78,+57 06 31.1,18.94,7.46,131.3,,0.005,0.022,0.81,1,,,16.96,16.15,4.131360819912034,,,0.999998,1,0.7076955971741337,0.0037941954566645,02 17 56.78,+57 06 31.1,18.94,7.46,131.3,,0.005,0.022,1.0,,,16.96,16.15,15.94,,,0.999998,1.0,,,,,,,0.0186945933377917,,,,
459,467,02 18 18.99,+57 10 19.9,16.14,3.57,130.4,,0.005,0.004,1.38,1,16.96,15.77,14.86,14.39,2.411360819912036,3.0,,0.999998,1,1.275160066850085,0.0037941954566645,02 18 18.99,+57 10 19.9,16.14,3.57,130.4,,0.005,0.004,1.0,16.96,15.77,14.86,14.39,14.22,3.0,,0.999998,1.0,1.06,,,0.9597152188788632,6348.3,1.3316611295681064,0.0186945933377917,57.492,42.816,1.3902,0.0125
460,468,02 19 31.00,+57 14 31.7,17.76,1.5,130.1,,0.005,0.009,1.13,2,19.29,17.27,15.84,15.06,3.011360819912035,3.0,X,0.999982,1,1.1361601446008478,0.0037941954566645,02 19 31.00,+57 14 31.7,17.76,1.5,130.1,,0.005,0.009,2.0,19.29,17.27,15.84,15.06,14.82,3.0,X,0.999982,1.0,0.68,,,-0.3922448275535273,3797.3,0.480763888888889,0.0186945933377917,2.308,0.943,0.5479,0.083
461,469,02 18 34.50,+57 11 10.8,19.03,6.99,129.9,,0.005,0.02,0.77,1,20.87,18.48,17.0,16.23,4.161360819912035,1.0,,0.99999,1,0.6954441086523276,0.0037941954566645,02 18 34.50,+57 11 10.8,19.03,6.99,129.9,,0.005,0.02,1.0,20.87,18.48,17.0,16.23,15.97,1.0,,0.99999,1.0,,,,,,,0.0186945933377917,,,,
462,470,02 18 36.22,+57 13 47.4,20.01,0.421,129.9,,0.005,0.038,0.48,1,,,17.48,16.67,4.581360819912035,,,0.999996,1,0.5403798001308218,0.0037941954566645,02 18 36.22,+57 13 47.4,20.01,0.421,129.9,,0.005,0.038,1.0,,,17.48,16.67,16.39,,,0.999996,1.0,,,,,,,0.0186945933377917,,,,
463,471,02 18 14.88,+57 13 22.6,17.3,0.256,129.7,,0.005,0.007,1.22,2,18.59,16.79,15.43,14.68,2.631360819912034,1.0,,0.999985,1,1.2323654040473164,0.0037941954566645,02 18 14.88,+57 13 22.6,17.3,0.256,129.7,,0.005,0.007,2.0,18.59,16.79,15.43,14.68,14.44,1.0,,0.999985,1.0,,,,,4654.3,,0.0186945933377917,,,,
464,473,02 19 36.74,+56 59 59.2,15.79,0.873,128.9,,0.006,0.003,1.44,1,16.41,15.42,14.77,14.41,2.471360819912034,3.0,,0.999998,1,1.264392513141298,0.0037941954566645,02 19 36.74,+56 59 59.2,15.79,0.873,128.9,,0.006,0.003,1.0,16.41,15.42,14.77,14.41,14.28,3.0,,0.999998,1.0,1.24,,,0.5623226096352065,7257.9,1.5,0.0186945933377917,80.226,46.651,1.3841,0.0174
465,474,02 18 02.78,+57 10 22.7,19.1,6.1,128.8,,0.006,0.022,0.75,1,21.06,18.53,16.82,16.01,3.9113608199120353,1.0,,0.999993,1,0.7950234138458063,0.0037941954566645,02 18 02.78,+57 10 22.7,19.1,6.1,128.8,,0.006,0.022,1.0,21.06,18.53,16.82,16.01,15.72,1.0,,0.999993,1.0,,,,,,,0.0186945933377917,,,,
466,475,02 19 34.14,+57 10 44.4,17.87,6.25,128.6,,0.006,0.017,1.11,1,19.15,17.39,16.09,15.4,3.381360819912034,1.0,,0.999995,1,1.0141149097111666,0.0037941954566645,02 19 34.14,+57 10 44.4,17.87,6.25,128.6,,0.006,0.017,1.0,19.15,17.39,16.09,15.4,15.19,1.0,,0.999995,1.0,0.74,,,-0.262688062010375,3869.7,0.5245604395604394,0.0186945933377917,1.811,0.66,0.5875,0.0816
467,476,02 18 09.14,+57 10 13.3,18.65,5.1,128.1,,0.006,0.016,0.9,1,,,16.72,15.93,3.8613608199120346,,,0.999995,1,0.815267891525459,0.0037941954566645,02 18 09.14,+57 10 13.3,18.65,5.1,128.1,,0.006,0.016,1.0,,,16.72,15.93,15.67,,,0.999995,1.0,,,,,,,0.0186945933377917,,,,
468,477,02 18 02.91,+57 10 37.0,16.03,1.56,128.0,,0.006,0.002,1.39,1,16.88,15.68,14.82,14.41,2.4613608199120343,3.0,,0.999998,1,1.265247107193414,0.0037941954566645,02 18 02.91,+57 10 37.0,16.03,1.56,128.0,,0.006,0.002,1.0,16.88,15.68,14.82,14.41,14.27,3.0,,0.999998,1.0,1.02,,,0.3351468625691687,7249.3,1.5,0.0186945933377917,78.661,45.054,1.349,0.0343
469,478,02 19 36.21,+57 14 55.0,19.6,0.473,127.3,,0.006,0.023,0.59,1,21.77,19.0,17.21,16.39,4.2813608199120345,1.0,,0.999997,1,0.6516688977517077,0.0037941954566645,02 19 36.21,+57 14 55.0,19.6,0.473,127.3,,0.006,0.023,1.0,21.77,19.0,17.21,16.39,16.09,1.0,,0.999997,1.0,,,,,,,0.0186945933377917,,,,
470,479,02 18 51.36,+57 04 13.1,18.91,7.63,127.3,,0.006,0.043,0.82,1,,,16.84,16.06,4.0313608199120345,,X,0.999998,1,0.7471637855386764,0.0037941954566645,02 18 51.36,+57 04 13.1,18.91,7.63,127.3,,0.006,0.043,1.0,,,16.84,16.06,15.84,,X,0.999998,1.0,,,,,,,0.0186945933377917,,,,
471,480,02 19 12.08,+57 06 01.8,20.28,5.56,127.2,,0.006,0.075,0.4,1,,,17.8,17.03,4.951360819912036,,,0.999425,1,0.415794043576313,0.0037941954566645,02 19 12.08,+57 06 01.8,20.28,5.56,127.2,,0.006,0.075,1.0,,,17.8,17.03,16.76,,,0.999425,1.0,,,,,,,0.0186945933377917,,,,
472,481,02 18 33.83,+57 15 01.0,16.19,6.52,126.9,,0.006,0.004,1.38,2,,,14.77,14.25,2.301360819912034,,,0.999992,1,1.2979448396823905,0.0037941954566645,02 18 33.83,+57 15 01.0,16.19,6.52,126.9,,0.006,0.004,2.0,,,14.77,14.25,14.11,,,0.999992,1.0,0.93,,,0.4830906765809839,,,0.0186945933377917,,,,
473,484,02 19 44.07,+57 03 11.9,16.04,0.149,126.8,,0.006,0.003,1.39,1,16.85,15.64,14.76,14.35,2.411360819912036,3.0,,0.999998,1,1.275160066850085,0.0037941954566645,02 19 44.07,+57 03 11.9,16.04,0.149,126.8,,0.006,0.003,1.0,16.85,15.64,14.76,14.35,14.22,3.0,,0.999998,1.0,1.18,,,0.9821621933416808,9445.1,1.5,0.0186945933377917,102.948,49.015,1.3984,0.0042
474,485,02 19 00.50,+57 06 46.6,18.76,2.64,126.0,,0.006,0.059,0.87,1,,,16.79,16.06,4.0313608199120345,,,0.999983,1,0.7471637855386764,0.0037941954566645,02 19 00.50,+57 06 46.6,18.76,2.64,126.0,,0.006,0.059,1.0,,,16.79,16.06,15.84,,,0.999983,1.0,,,,,,,0.0186945933377917,,,,
475,486,02 19 55.09,+57 09 33.2,17.65,7.35,125.9,,0.006,0.007,1.15,1,18.85,17.18,16.03,15.39,3.341360819912035,1.0,,0.999994,1,1.0276203687519367,0.0037941954566645,02 19 55.09,+57 09 33.2,17.65,7.35,125.9,,0.006,0.007,1.0,18.85,17.18,16.03,15.39,15.15,1.0,,0.999994,1.0,,,,,4375.5,,0.0186945933377917,,,,
476,487,02 19 18.34,+57 04 56.4,19.15,4.12,125.8,,0.006,0.035,0.73,1,20.99,18.64,17.01,16.21,4.181360819912035,1.0,X,0.999992,1,0.6881496888519236,0.0037941954566645,02 19 18.34,+57 04 56.4,19.15,4.12,125.8,,0.006,0.035,1.0,20.99,18.64,17.01,16.21,15.99,1.0,X,0.999992,1.0,,,,,,,0.0186945933377917,,,,
477,488,02 19 21.39,+57 13 44.3,19.52,0.537,125.7,,0.006,0.02,0.61,2,21.89,18.86,16.9,16.1,3.971360819912034,1.0,,,2,0.7718776951821771,0.0037941954566645,02 19 21.39,+57 13 44.3,19.52,0.537,125.7,,0.006,0.02,2.0,21.89,18.86,16.9,16.1,15.78,1.0,,,2.0,,,,,,,0.0186945933377917,,,,
478,489,02 19 43.54,+57 16 41.9,18.15,4.52,125.6,,0.006,0.017,1.04,1,19.73,17.62,16.29,15.47,3.3713608199120344,1.0,,0.999986,1,1.01699239549787,0.0037941954566645,02 19 43.54,+57 16 41.9,18.15,4.52,125.6,,0.006,0.017,1.0,19.73,17.62,16.29,15.47,15.18,1.0,,0.999986,1.0,,,,,3700.6,,0.0186945933377917,,,,
479,490,02 19 36.10,+57 09 11.6,19.77,0.55,124.3,,0.007,0.038,0.54,1,21.98,19.15,17.37,16.59,4.421360819912035,1.0,,0.99999,1,0.5991865850227286,0.0037941954566645,02 19 36.10,+57 09 11.6,19.77,0.55,124.3,,0.007,0.038,1.0,21.98,19.15,17.37,16.59,16.23,1.0,,0.99999,1.0,,,,,,,0.0186945933377917,,,,
480,491,02 19 57.75,+57 04 03.0,19.27,1.3,123.9,,0.007,0.023,0.69,2,21.54,18.62,16.79,15.96,3.891360819912034,1.0,,0.999997,1,0.8030580855912063,0.0037941954566645,02 19 57.75,+57 04 03.0,19.27,1.3,123.9,,0.007,0.023,2.0,21.54,18.62,16.79,15.96,15.7,1.0,,0.999997,1.0,,,,,,,0.0186945933377917,,,,
481,492,02 19 58.20,+57 10 32.2,17.33,6.14,123.5,,0.007,0.006,1.21,2,18.72,16.89,15.61,14.88,2.811360819912034,3.0,,0.999992,1,1.1932406660685917,0.0037941954566645,02 19 58.20,+57 10 32.2,17.33,6.14,123.5,,0.007,0.006,2.0,18.72,16.89,15.61,14.88,14.62,3.0,,0.999992,1.0,0.69,,,-0.3003790420343861,4239.9,0.9,0.0186945933377917,4.962,2.339,0.8709,0.1053
482,493,02 19 23.73,+57 03 01.3,19.12,6.03,123.2,,0.007,0.03,0.74,1,20.9,18.57,17.06,16.2,4.161360819912035,1.0,X,0.999961,1,0.6954441086523276,0.0037941954566645,02 19 23.73,+57 03 01.3,19.12,6.03,123.2,,0.007,0.03,1.0,20.9,18.57,17.06,16.2,15.97,1.0,X,0.999961,1.0,,,,,,,0.0186945933377917,,,,
483,494,02 20 03.18,+57 11 45.0,18.5,0.231,123.0,,0.007,0.016,0.95,2,20.46,17.93,16.32,15.43,3.311360819912034,1.0,,0.999923,1,1.0383005614872831,0.0037941954566645,02 20 03.18,+57 11 45.0,18.5,0.231,123.0,,0.007,0.016,2.0,20.46,17.93,16.32,15.43,15.12,1.0,,0.999923,1.0,,,,,,,0.0186945933377917,,,,
484,495,02 18 02.60,+57 09 46.4,18.24,2.93,122.6,,0.008,0.012,1.02,1,,,16.3,15.55,3.4913608199120354,,,0.999988,1,0.9685781748037544,0.0037941954566645,02 18 02.60,+57 09 46.4,18.24,2.93,122.6,,0.008,0.012,1.0,,,16.3,15.55,15.3,,,0.999988,1.0,0.72,,,-0.2609183927738961,3817.5,0.4947916666666666,0.0186945933377917,1.664,0.558,0.5599,0.074
485,496,02 18 45.57,+57 13 02.8,18.86,10.8,121.9,,0.009,0.017,0.83,2,20.9,18.3,16.63,15.79,3.681360819912035,1.0,,0.999976,1,0.8873747906990765,0.0037941954566645,02 18 45.57,+57 13 02.8,18.86,10.8,121.9,,0.009,0.017,2.0,20.9,18.3,16.63,15.79,15.49,1.0,,0.999976,1.0,,,,,,,0.0186945933377917,,,,
486,497,02 17 56.75,+57 10 54.7,19.98,8.47,121.7,,0.009,0.049,0.48,1,22.21,19.38,17.58,16.72,4.611360819912036,1.0,,0.999997,1,0.5293287751131162,0.0037941954566645,02 17 56.75,+57 10 54.7,19.98,8.47,121.7,,0.009,0.049,1.0,22.21,19.38,17.58,16.72,16.42,1.0,,0.999997,1.0,,,,,,,0.0186945933377917,,,,
487,498,02 18 29.49,+57 10 42.1,19.82,0.336,121.1,,0.009,0.053,0.47,1,,,17.46,16.65,4.501360819912033,,,0.999549,1,0.5701510363846352,0.0037941954566645,,,,,,,,,,,,,,,,,,,,,,,,,,,,,
488,499,02 19 17.65,+57 13 16.4,18.71,4.88,120.6,,0.009,0.02,0.88,1,20.26,18.18,16.69,15.91,3.841360819912035,1.0,,0.999995,1,0.8236186207487087,0.0037941954566645,02 19 17.65,+57 13 16.4,18.71,4.88,120.6,,0.009,0.02,1.0,20.26,18.18,16.69,15.91,15.65,1.0,,0.999995,1.0,,,,,,,0.0186945933377917,,,,
489,500,02 18 01.61,+57 10 55.5,19.54,0.468,120.3,,0.009,0.033,0.61,1,21.64,18.98,17.13,16.34,4.261360819912035,1.0,,0.999997,1,0.6586636660825014,0.0037941954566645,02 18 01.61,+57 10 55.5,19.54,0.468,120.3,,0.009,0.033,1.0,21.64,18.98,17.13,16.34,16.07,1.0,,0.999997,1.0,,,,,,,0.0186945933377917,,,,
490,501,02 18 14.67,+57 04 00.5,19.69,0.543,120.3,,0.009,0.039,0.56,2,21.75,19.05,17.08,16.29,4.181360819912035,1.0,X,0.999459,1,0.6881496888519236,0.0037941954566645,,,,,,,,,,,,,,,,,,,,,,,,,,,,,
491,502,02 18 33.95,+57 10 39.7,20.29,1.34,120.1,,0.009,0.049,0.41,1,,,17.82,17.02,4.9113608199120335,,,0.999307,1,0.4287610375505318,0.0037941954566645,,,,,,,,,,,,,,,,,,,,,,,,,,,,,
492,503,02 19 21.82,+57 07 07.2,18.64,0.842,118.4,,0.009,0.021,0.91,1,20.22,18.15,16.65,15.87,3.8613608199120346,1.0,X,0.999996,1,0.815267891525459,0.0037941954566645,02 19 21.82,+57 07 07.2,18.64,0.842,118.4,,0.009,0.021,1.0,20.22,18.15,16.65,15.87,15.67,1.0,X,0.999996,1.0,,,,,,,0.0186945933377917,,,,
493,504,02 18 03.08,+57 15 34.0,19.56,0.645,118.2,,0.009,0.037,0.6,2,21.86,18.9,16.91,16.11,4.001360819912035,1.0,,0.999995,1,0.7590485859755971,0.0037941954566645,02 18 03.08,+57 15 34.0,19.56,0.645,118.2,,0.009,0.037,2.0,21.86,18.9,16.91,16.11,15.81,1.0,,0.999995,1.0,,,,,,,0.0186945933377917,,,,
494,505,02 18 25.64,+57 09 05.4,20.12,3.79,118.0,,0.009,0.045,0.45,1,,,17.62,16.9,4.731360819912034,,X,0.998148,1,0.4864686511586783,0.0037941954566645,02 18 25.64,+57 09 05.4,20.12,3.79,118.0,,0.009,0.045,1.0,,,17.62,16.9,16.54,,X,0.998148,1.0,,,,,,,0.0186945933377917,,,,
495,506,02 19 37.14,+57 12 25.1,18.45,3.33,117.4,,0.009,0.009,0.97,2,20.36,17.93,16.22,15.4,3.311360819912034,1.0,,0.999973,1,1.0383005614872831,0.0037941954566645,02 19 37.14,+57 12 25.1,18.45,3.33,117.4,,0.009,0.009,2.0,20.36,17.93,16.22,15.4,15.12,1.0,,0.999973,1.0,0.62,,,-0.8469477249328913,,,0.0186945933377917,,,,
496,507,02 18 36.80,+57 14 30.3,19.57,1.17,116.4,,0.01,0.041,0.6,1,,,17.34,16.52,4.461360819912034,,,0.999988,1,0.5849773312154568,0.0037941954566645,02 18 36.80,+57 14 30.3,19.57,1.17,116.4,,0.01,0.041,1.0,,,17.34,16.52,16.27,,,0.999988,1.0,,,,,,,0.0186945933377917,,,,
497,508,02 18 03.27,+57 08 23.3,19.95,10.9,115.2,,0.01,0.034,0.5,1,22.29,19.37,17.6,16.81,4.711360819912034,1.0,,0.999995,1,0.4928632092739232,0.0037941954566645,02 18 03.27,+57 08 23.3,19.95,10.9,115.2,,0.01,0.034,1.0,22.29,19.37,17.6,16.81,16.52,1.0,,0.999995,1.0,,,,,,,0.0186945933377917,,,,
498,509,02 18 17.30,+57 06 59.6,16.99,3.4,115.2,,0.01,0.015,1.26,2,18.08,16.55,15.36,14.66,2.661360819912036,3.0,X,0.999993,1,1.2262794537282804,0.0037941954566645,02 18 17.30,+57 06 59.6,16.99,3.4,115.2,,0.01,0.015,2.0,18.08,16.55,15.36,14.66,14.47,3.0,X,0.999993,1.0,,,,,4686.9,,0.0186945933377917,,,,
499,511,02 19 23.74,+57 14 01.8,18.86,0.792,114.7,,0.01,0.016,0.83,1,20.49,18.27,16.75,15.94,3.8713608199120335,1.0,,0.999992,1,0.8111652093093992,0.0037941954566645,02 19 23.74,+57 14 01.8,18.86,0.792,114.7,,0.01,0.016,1.0,20.49,18.27,16.75,15.94,15.68,1.0,,0.999992,1.0,,,,,,,0.0186945933377917,,,,
500,512,02 19 01.95,+57 00 43.1,19.79,0.45,113.9,,0.01,0.049,0.52,1,22.14,19.2,17.33,16.58,4.481360819912034,1.0,,0.999994,1,0.5775521482471465,0.0037941954566645,02 19 01.95,+57 00 43.1,19.79,0.45,113.9,,0.01,0.049,1.0,22.14,19.2,17.33,16.58,16.29,1.0,,0.999994,1.0,,,,,,,0.0186945933377917,,,,
501,514,02 19 35.98,+57 08 56.1,19.86,5.41,113.0,,0.01,0.037,0.51,1,22.05,19.27,17.54,16.69,4.581360819912035,1.0,,0.999994,1,0.5403798001308218,0.0037941954566645,02 19 35.98,+57 08 56.1,19.86,5.41,113.0,,0.01,0.037,1.0,22.05,19.27,17.54,16.69,16.39,1.0,,0.999994,1.0,,,,,,,0.0186945933377917,,,,
502,515,02 19 11.00,+57 09 29.5,17.65,0.357,111.7,,0.011,0.029,1.15,1,18.95,17.26,15.87,15.22,3.1513608199120355,1.0,X,0.999998,1,1.095603984277021,0.0037941954566645,02 19 11.00,+57 09 29.5,17.65,0.357,111.7,,0.011,0.029,1.0,18.95,17.26,15.87,15.22,14.96,1.0,X,0.999998,1.0,,,,,3732.2,,0.0186945933377917,,,,
503,517,02 18 11.00,+57 02 46.1,18.35,4.18,111.2,,0.011,0.013,0.99,1,19.73,17.88,16.55,15.79,3.7713608199120334,1.0,,0.999994,1,0.8516031623829581,0.0037941954566645,02 18 11.00,+57 02 46.1,18.35,4.18,111.2,,0.011,0.013,1.0,19.73,17.88,16.55,15.79,15.58,1.0,,0.999994,1.0,,,,,3727.0,,0.0186945933377917,,,,
504,518,02 19 33.64,+57 14 08.6,20.03,7.75,111.0,,0.011,0.037,0.47,1,22.24,19.36,17.66,16.83,4.711360819912034,1.0,,0.999997,1,0.4928632092739232,0.0037941954566645,02 19 33.64,+57 14 08.6,20.03,7.75,111.0,,0.011,0.037,1.0,22.24,19.36,17.66,16.83,16.52,1.0,,0.999997,1.0,,,,,,,0.0186945933377917,,,,
505,519,02 18 33.63,+57 14 37.1,19.89,1.26,110.9,,0.011,0.035,0.51,1,22.19,19.25,17.51,16.67,4.581360819912035,1.0,,0.999997,1,0.5403798001308218,0.0037941954566645,02 18 33.63,+57 14 37.1,19.89,1.26,110.9,,0.011,0.035,1.0,22.19,19.25,17.51,16.67,16.39,1.0,,0.999997,1.0,,,,,,,0.0186945933377917,,,,
506,520,02 19 39.05,+57 10 57.4,19.65,0.463,110.8,,0.011,0.023,0.58,2,21.97,19.0,17.02,16.24,4.121360819912034,1.0,,0.999993,1,0.7114340776722528,0.0037941954566645,02 19 39.05,+57 10 57.4,19.65,0.463,110.8,,0.011,0.023,2.0,21.97,19.0,17.02,16.24,15.93,1.0,,0.999993,1.0,,,,,,,0.0186945933377917,,,,
507,521,02 19 15.60,+57 02 46.3,19.85,0.814,110.8,,0.011,0.054,0.51,1,22.06,19.22,17.39,16.62,4.521360819912033,1.0,,0.999992,1,0.5627626713522474,0.0037941954566645,02 19 15.60,+57 02 46.3,19.85,0.814,110.8,,0.011,0.054,1.0,22.06,19.22,17.39,16.62,16.33,1.0,,0.999992,1.0,,,,,,,0.0186945933377917,,,,
508,522,02 19 20.87,+57 10 42.8,19.85,7.75,110.1,,0.011,0.065,0.52,1,22.37,19.4,17.48,16.64,4.5313608199120345,1.0,,0.999999,1,0.5587746569335628,0.0037941954566645,02 19 20.87,+57 10 42.8,19.85,7.75,110.1,,0.011,0.065,1.0,22.37,19.4,17.48,16.64,16.34,1.0,,0.999999,1.0,,,,,,,0.0186945933377917,,,,
509,523,02 18 34.62,+57 13 29.8,17.57,8.03,109.9,,0.011,0.006,1.17,2,,,15.77,15.02,2.9913608199120354,,,0.999961,1,1.1419029016405813,0.0037941954566645,02 18 34.62,+57 13 29.8,17.57,8.03,109.9,,0.011,0.006,2.0,,,15.77,15.02,14.8,,,0.999961,1.0,0.545,0.064,0.03045,-1.13864483980674,3642.5,0.3753205128205128,0.0186945933377917,22.891,12.145,0.4955,0.071
510,524,02 18 04.19,+57 15 38.3,16.65,7.32,109.8,,0.011,0.007,1.32,1,17.64,16.22,15.23,14.65,2.681360819912035,1.0,,0.999994,1,1.2210643621565882,0.0037941954566645,02 18 04.19,+57 15 38.3,16.65,7.32,109.8,,0.011,0.007,1.0,17.64,16.22,15.23,14.65,14.49,1.0,,0.999994,1.0,0.85,,,-0.4290253152290334,4837.2,0.8589528795811519,0.0186945933377917,49.64,30.976,0.8666,0.0528
511,525,02 18 08.28,+57 13 42.2,19.63,12.5,109.5,,0.011,0.02,0.58,1,,,17.22,16.42,4.321360819912034,,,0.999993,1,0.6368250777440817,0.0037941954566645,02 18 08.28,+57 13 42.2,19.63,12.5,109.5,,0.011,0.02,1.0,,,17.22,16.42,16.13,,,0.999993,1.0,,,,,,,0.0186945933377917,,,,
512,526,02 19 06.22,+57 04 41.6,18.73,6.25,109.5,,0.011,0.036,0.88,1,20.31,18.21,16.74,15.97,3.921360819912035,1.0,X,0.999996,1,0.7910198683875888,0.0037941954566645,02 19 06.22,+57 04 41.6,18.73,6.25,109.5,,0.011,0.036,1.0,20.31,18.21,16.74,15.97,15.73,1.0,X,0.999996,1.0,,,,,,,0.0186945933377917,,,,
513,527,02 18 32.05,+57 11 57.8,17.8,0.259,109.4,,0.011,0.01,1.13,1,19.02,17.32,16.08,15.37,3.341360819912035,0.0,,0.999996,1,1.0276203687519367,0.0037941954566645,02 18 32.05,+57 11 57.8,17.8,0.259,109.4,,0.011,0.01,1.0,19.02,17.32,16.08,15.37,15.15,0.0,,0.999996,1.0,,,,,3721.9,,0.0186945933377917,,,,
514,528,02 18 05.73,+57 09 01.3,19.7,1.23,108.6,,0.011,0.027,0.56,1,21.8,19.08,17.39,16.64,4.501360819912033,1.0,,0.999998,1,0.5701510363846352,0.0037941954566645,02 18 05.73,+57 09 01.3,19.7,1.23,108.6,,0.011,0.027,1.0,21.8,19.08,17.39,16.64,16.31,1.0,,0.999998,1.0,,,,,,,0.0186945933377917,,,,
515,529,02 19 16.04,+57 04 59.5,18.84,0.285,108.1,,0.011,0.022,0.85,1,,,16.72,15.9,3.8613608199120346,,,0.999998,1,0.815267891525459,0.0037941954566645,02 19 16.04,+57 04 59.5,18.84,0.285,108.1,,0.011,0.022,1.0,,,16.72,15.9,15.67,,,0.999998,1.0,,,,,,,0.0186945933377917,,,,
516,530,02 18 36.67,+57 08 29.9,18.28,1.68,107.8,,0.011,0.012,1.01,1,,,16.49,15.75,3.691360819912034,,X,0.999996,1,0.8830593318699828,0.0037941954566645,02 18 36.67,+57 08 29.9,18.28,1.68,107.8,,0.011,0.012,1.0,,,16.49,15.75,15.5,,X,0.999996,1.0,,,,,,,0.0186945933377917,,,,
517,531,02 18 25.19,+57 12 05.3,16.25,3.26,107.4,,0.011,0.004,1.37,1,17.14,15.86,14.93,14.48,2.5213608199120348,3.0,,0.999994,1,1.2544158317107577,0.0037941954566645,02 18 25.19,+57 12 05.3,16.25,3.26,107.4,,0.011,0.004,1.0,17.14,15.86,14.93,14.48,14.33,3.0,,0.999994,1.0,0.99,,,0.4833333494440628,,,0.0186945933377917,,,,
518,532,02 19 38.21,+57 00 29.7,19.05,6.45,107.3,,0.011,0.02,0.76,1,20.88,18.49,16.97,16.17,4.101360819912035,1.0,,0.999997,1,0.7190889650149566,0.0037941954566645,02 19 38.21,+57 00 29.7,19.05,6.45,107.3,,0.011,0.02,1.0,20.88,18.49,16.97,16.17,15.91,1.0,,0.999997,1.0,0.63,,,-1.3617104645857432,,,0.0186945933377917,,,,
519,533,02 19 51.82,+57 01 54.1,20.13,3.76,107.1,,0.011,0.036,0.44,1,22.37,19.48,17.64,16.84,4.771360819912033,1.0,,0.994072,1,0.4739461021668121,0.0037941954566645,02 19 51.82,+57 01 54.1,20.13,3.76,107.1,,0.011,0.036,1.0,22.37,19.48,17.64,16.84,16.58,1.0,,0.994072,1.0,,,,,,,0.0186945933377917,,,,
520,534,02 19 06.94,+57 05 36.5,19.22,3.91,106.6,,0.012,0.021,0.7,1,21.07,18.66,17.04,16.23,4.161360819912035,1.0,,0.999993,1,0.6954441086523276,0.0037941954566645,02 19 06.94,+57 05 36.5,19.22,3.91,106.6,,0.012,0.021,1.0,21.07,18.66,17.04,16.23,15.97,1.0,,0.999993,1.0,,,,,,,0.0186945933377917,,,,
521,535,02 18 36.21,+57 13 05.3,19.78,2.23,105.8,,0.012,0.046,0.54,1,22.15,19.23,17.4,16.58,4.481360819912034,1.0,,0.999998,1,0.5775521482471465,0.0037941954566645,02 18 36.21,+57 13 05.3,19.78,2.23,105.8,,0.012,0.046,1.0,22.15,19.23,17.4,16.58,16.29,1.0,,0.999998,1.0,,,,,,,0.0186945933377917,,,,
522,536,02 19 31.99,+57 08 49.3,19.76,4.0,105.2,,0.012,0.055,0.55,1,,,17.39,16.53,4.391360819912034,,,0.999997,1,0.6109411116267386,0.0037941954566645,02 19 31.99,+57 08 49.3,19.76,4.0,105.2,,0.012,0.055,1.0,,,17.39,16.53,16.2,,,0.999997,1.0,,,,,,,0.0186945933377917,,,,
523,537,02 18 31.12,+57 12 19.3,18.12,6.08,104.7,,0.012,0.027,1.05,2,,,16.09,15.35,3.251360819912035,,,0.999998,1,1.059766899997845,0.0037941954566645,02 18 31.12,+57 12 19.3,18.12,6.08,104.7,,0.012,0.027,2.0,,,16.09,15.35,15.06,,,0.999998,1.0,,,,,3541.7,,0.0186945933377917,,,,
524,538,02 18 32.96,+56 59 32.8,18.94,3.77,103.5,,0.014,0.02,0.81,1,,,16.94,16.14,4.061360819912034,,,0.999999,1,0.7355801030399812,0.0037941954566645,02 18 32.96,+56 59 32.8,18.94,3.77,103.5,,0.014,0.02,1.0,,,16.94,16.14,15.87,,,0.999999,1.0,,,,,,,0.0186945933377917,,,,
525,539,02 18 24.39,+57 05 50.1,19.82,6.76,103.3,,0.014,0.022,0.53,2,22.34,19.2,17.21,16.45,4.341360819912033,1.0,,0.999989,1,0.6289395069889043,0.0037941954566645,02 18 24.39,+57 05 50.1,19.82,6.76,103.3,,0.014,0.022,2.0,22.34,19.2,17.21,16.45,16.15,1.0,,0.999989,1.0,,,,,,,0.0186945933377917,,,,
526,540,02 19 33.86,+57 14 59.6,20.09,4.55,103.0,,0.014,0.036,0.45,1,,,17.7,16.9,4.7813608199120345,,,0.999997,1,0.4704245199766384,0.0037941954566645,02 19 33.86,+57 14 59.6,20.09,4.55,103.0,,0.014,0.036,1.0,,,17.7,16.9,16.59,,,0.999997,1.0,,,,,,,0.0186945933377917,,,,
527,541,02 19 21.43,+57 05 36.9,18.81,8.13,102.6,,0.014,0.017,0.85,2,20.83,18.25,16.52,15.69,3.6213608199120335,1.0,,0.999985,1,0.9127227270334504,0.0037941954566645,02 19 21.43,+57 05 36.9,18.81,8.13,102.6,,0.014,0.017,2.0,20.83,18.25,16.52,15.69,15.43,1.0,,0.999985,1.0,,,,,,,0.0186945933377917,,,,
528,543,02 19 37.25,+57 10 55.5,19.25,0.271,101.4,,0.015,0.018,0.69,1,21.16,18.79,17.0,16.2,4.091360819912035,1.0,,0.999995,1,0.723851511613787,0.0037941954566645,02 19 37.25,+57 10 55.5,19.25,0.271,101.4,,0.015,0.018,1.0,21.16,18.79,17.0,16.2,15.9,1.0,,0.999995,1.0,,,,,,,0.0186945933377917,,,,
529,544,02 19 09.21,+57 04 36.4,18.19,0.272,101.0,,0.015,0.015,1.04,1,19.66,17.7,16.25,15.48,3.431360819912035,1.0,X,0.999992,1,0.9955916384586267,0.0037941954566645,02 19 09.21,+57 04 36.4,18.19,0.272,101.0,,0.015,0.015,1.0,19.66,17.7,16.25,15.48,15.24,1.0,X,0.999992,1.0,,,,,3701.7,,0.0186945933377917,,,,
530,546,02 19 52.62,+57 08 38.0,19.24,7.81,100.8,,0.015,0.017,0.69,1,21.46,18.67,16.96,16.1,3.981360819912034,1.0,,0.999572,1,0.7670320143419191,0.0037941954566645,02 19 52.62,+57 08 38.0,19.24,7.81,100.8,,0.015,0.017,1.0,21.46,18.67,16.96,16.1,15.79,1.0,,0.999572,1.0,,,,,,,0.0186945933377917,,,,
531,547,02 18 23.88,+57 03 28.4,18.58,0.461,100.0,,0.015,0.014,0.93,2,20.37,18.05,16.31,15.52,3.4513608199120345,1.0,X,0.999994,1,0.9860565370606064,0.0037941954566645,02 18 23.88,+57 03 28.4,18.58,0.461,100.0,,0.015,0.014,2.0,20.37,18.05,16.31,15.52,15.26,1.0,X,0.999994,1.0,,,,,,,0.0186945933377917,,,,
532,548,02 19 34.87,+57 01 25.4,19.49,5.24,99.8,,0.015,0.026,0.63,1,21.44,18.84,17.27,16.44,4.331360819912035,1.0,,0.999996,1,0.6324873260522152,0.0037941954566645,02 19 34.87,+57 01 25.4,19.49,5.24,99.8,,0.015,0.026,1.0,21.44,18.84,17.27,16.44,16.14,1.0,,0.999996,1.0,,,,,,,0.0186945933377917,,,,
533,549,02 19 25.89,+57 10 43.0,19.22,6.72,98.7,,0.015,0.022,0.71,1,21.05,18.66,17.04,16.25,4.151360819912036,1.0,,0.999987,1,0.6991427152635128,0.0037941954566645,02 19 25.89,+57 10 43.0,19.22,6.72,98.7,,0.015,0.022,1.0,21.05,18.66,17.04,16.25,15.96,1.0,,0.999987,1.0,,,,,,,0.0186945933377917,,,,
534,550,02 18 07.95,+57 03 59.3,15.81,0.314,98.1,,0.015,0.002,1.43,1,16.5,15.47,14.73,14.4,2.481360819912034,3.0,,0.999997,1,1.2617854344914117,0.0037941954566645,02 18 07.95,+57 03 59.3,15.81,0.314,98.1,,0.015,0.002,1.0,16.5,15.47,14.73,14.4,14.29,3.0,,0.999997,1.0,1.27,,,1.0208355152174062,7632.1,1.5,0.0186945933377917,96.297,51.419,1.3974,0.0055
535,552,02 18 33.58,+57 07 38.6,18.96,6.94,96.3,,0.016,0.016,0.8,1,,,16.89,16.08,4.041360819912034,,X,0.999993,1,0.7432536635394326,0.0037941954566645,02 18 33.58,+57 07 38.6,18.96,6.94,96.3,,0.016,0.016,1.0,,,16.89,16.08,15.85,,X,0.999993,1.0,,,,,,,0.0186945933377917,,,,
536,553,02 18 04.70,+57 04 20.5,20.08,5.88,95.2,,0.016,0.033,0.46,1,22.39,19.41,17.63,16.84,4.761360819912035,1.0,,0.999433,1,0.4767278216850154,0.0037941954566645,,,,,,,,,,,,,,,,,,,,,,,,,,,,,
537,554,02 18 05.61,+57 03 29.8,20.03,3.79,94.6,,0.016,0.03,0.47,1,,,17.47,16.71,4.601360819912035,,,0.999995,1,0.5325352908175963,0.0037941954566645,02 18 05.61,+57 03 29.8,20.03,3.79,94.6,,0.016,0.03,1.0,,,17.47,16.71,16.41,,,0.999995,1.0,,,,,,,0.0186945933377917,,,,
538,555,02 19 38.65,+57 09 02.3,19.78,2.93,94.5,,0.016,0.039,0.54,2,22.25,19.13,17.2,16.43,4.271360819912033,1.0,,0.999982,1,0.6552280023599364,0.0037941954566645,02 19 38.65,+57 09 02.3,19.78,2.93,94.5,,0.016,0.039,2.0,22.25,19.13,17.2,16.43,16.08,1.0,,0.999982,1.0,,,,,,,0.0186945933377917,,,,
539,556,02 18 19.73,+57 06 57.3,19.35,3.45,94.1,,0.016,0.021,0.66,1,21.18,18.86,17.23,16.39,4.341360819912033,1.0,,0.999998,1,0.6289395069889043,0.0037941954566645,02 18 19.73,+57 06 57.3,19.35,3.45,94.1,,0.016,0.021,1.0,21.18,18.86,17.23,16.39,16.15,1.0,,0.999998,1.0,,,,,,,0.0186945933377917,,,,
540,557,02 18 25.96,+57 04 13.1,19.73,7.25,93.2,,0.017,0.039,0.55,1,,,17.34,16.51,4.4113608199120335,,,0.999329,1,0.6034373901612418,0.0037941954566645,02 18 25.96,+57 04 13.1,19.73,7.25,93.2,,0.017,0.039,1.0,,,17.34,16.51,16.22,,,0.999329,1.0,,,,,,,0.0186945933377917,,,,
541,558,02 19 52.04,+57 02 19.1,16.65,6.83,92.9,,0.018,0.004,1.31,1,17.67,16.25,15.21,14.68,2.731360819912034,3.0,,0.999994,1,1.2112249046032435,0.0037941954566645,02 19 52.04,+57 02 19.1,16.65,6.83,92.9,,0.018,0.004,1.0,17.67,16.25,15.21,14.68,14.54,3.0,,0.999994,1.0,0.84,,,-0.2617586817114368,4944.7,0.8870942408376963,0.0186945933377917,30.094,18.636,0.9747,0.0632
542,559,02 18 28.61,+57 07 26.0,19.59,5.05,91.3,,0.019,0.024,0.59,1,21.84,18.98,17.19,16.42,4.341360819912033,1.0,,0.999992,1,0.6289395069889043,0.0037941954566645,02 18 28.61,+57 07 26.0,19.59,5.05,91.3,,0.019,0.024,1.0,21.84,18.98,17.19,16.42,16.15,1.0,,0.999992,1.0,,,,,,,0.0186945933377917,,,,
543,560,02 19 12.01,+57 13 25.5,19.83,0.631,91.2,,0.019,0.022,0.52,1,21.98,19.18,17.4,16.55,4.451360819912036,1.0,,0.999994,1,0.5882642776067434,0.0037941954566645,02 19 12.01,+57 13 25.5,19.83,0.631,91.2,,0.019,0.022,1.0,21.98,19.18,17.4,16.55,16.26,1.0,,0.999994,1.0,,,,,,,0.0186945933377917,,,,
544,561,02 19 50.23,+57 10 56.8,20.14,11.4,88.8,,0.024,0.028,0.44,1,22.35,19.45,17.69,16.87,4.741360819912035,1.0,,0.999576,1,0.4836780889750171,0.0037941954566645,02 19 50.23,+57 10 56.8,20.14,11.4,88.8,,0.024,0.028,1.0,22.35,19.45,17.69,16.87,16.55,1.0,,0.999576,1.0,,,,,,,0.0186945933377917,,,,
545,562,02 19 43.02,+57 13 10.9,16.53,6.85,88.7,,0.024,0.003,1.33,2,17.73,16.05,14.94,14.26,2.2813608199120345,3.0,,0.999967,1,,0.0,02 19 43.02,+57 13 10.9,16.53,6.85,88.7,,0.024,0.003,2.0,17.73,16.05,14.94,14.26,14.09,3.0,,0.999967,1.0,0.625,0.034,0.02767,-1.0161032086736943,4512.2,1.3,0.0186945933377917,111.471,37.336,0.6762,0.0242
546,564,02 19 18.72,+57 05 33.4,16.15,2.82,86.9,,0.025,0.003,1.38,2,17.21,15.74,14.65,14.11,2.1513608199120355,3.0,,0.999998,1,,0.0,02 19 18.72,+57 05 33.4,16.15,2.82,86.9,,0.025,0.003,2.0,17.21,15.74,14.65,14.11,13.96,3.0,,0.999998,1.0,,,,,5245.5,,0.0186945933377917,,,,
547,565,02 19 45.17,+57 05 07.4,20.06,0.686,84.7,,0.027,0.031,0.46,1,22.47,19.43,17.5,16.68,4.591360819912033,1.0,,0.999817,1,0.5363433857216029,0.0037941954566645,02 19 45.17,+57 05 07.4,20.06,0.686,84.7,,0.027,0.031,1.0,22.47,19.43,17.5,16.68,16.4,1.0,,0.999817,1.0,,,,,,,0.0186945933377917,,,,
548,566,02 18 37.46,+57 07 40.0,16.92,10.4,84.6,,0.027,0.004,1.28,1,18.04,16.54,15.41,14.78,2.8213608199120355,3.0,,0.999987,1,1.1916869070540428,0.0037941954566645,02 18 37.46,+57 07 40.0,16.92,10.4,84.6,,0.027,0.004,1.0,18.04,16.54,15.41,14.78,14.63,3.0,,0.999987,1.0,0.8,,,-0.1685589752888853,4947.5,0.8878272251308901,0.0186945933377917,18.604,9.0,1.0513,0.0675
549,568,02 19 51.85,+57 03 41.4,19.73,0.32,83.5,,0.029,0.02,0.55,2,22.26,19.01,17.01,16.22,4.091360819912035,1.0,X,0.999995,1,0.723851511613787,0.0037941954566645,02 19 51.85,+57 03 41.4,19.73,0.32,83.5,,0.029,0.02,2.0,22.26,19.01,17.01,16.22,15.9,1.0,X,0.999995,1.0,,,,,,,0.0186945933377917,,,,
550,570,02 18 08.83,+57 05 22.4,19.93,6.58,82.5,,0.03,0.041,0.49,1,22.06,19.29,17.56,16.73,4.631360819912036,1.0,,0.999998,1,0.5214775130481832,0.0037941954566645,02 18 08.83,+57 05 22.4,19.93,6.58,82.5,,0.03,0.041,1.0,22.06,19.29,17.56,16.73,16.44,1.0,,0.999998,1.0,,,,,,,0.0186945933377917,,,,
551,571,02 19 23.18,+57 02 10.8,19.53,6.04,81.5,,0.031,0.044,0.61,1,21.58,18.92,17.31,16.48,4.401360819912036,1.0,,0.999987,1,0.6067197006565727,0.0037941954566645,02 19 23.18,+57 02 10.8,19.53,6.04,81.5,,0.031,0.044,1.0,21.58,18.92,17.31,16.48,16.21,1.0,,0.999987,1.0,,,,,,,0.0186945933377917,,,,
552,574,02 18 48.55,+57 10 30.4,19.8,3.26,78.8,,0.035,0.024,0.53,1,21.99,19.17,17.49,16.68,4.561360819912036,1.0,,0.999996,1,0.5474671992749817,0.0037941954566645,02 18 48.55,+57 10 30.4,19.8,3.26,78.8,,0.035,0.024,1.0,21.99,19.17,17.49,16.68,16.37,1.0,,0.999996,1.0,,,,,,,0.0186945933377917,,,,
553,575,02 19 42.62,+57 09 05.4,18.75,5.18,78.4,,0.036,0.01,0.87,1,20.4,18.27,16.76,15.98,3.881360819912034,1.0,,0.999995,1,0.807099085976859,0.0037941954566645,02 19 42.62,+57 09 05.4,18.75,5.18,78.4,,0.036,0.01,1.0,20.4,18.27,16.76,15.98,15.69,1.0,,0.999995,1.0,,,,,,,0.0186945933377917,,,,
554,576,02 19 41.12,+57 07 53.4,18.86,0.369,77.9,,0.036,0.017,0.84,2,20.9,18.24,16.53,15.67,3.5713608199120355,1.0,X,0.999994,1,0.934163715662089,0.0037941954566645,02 19 41.12,+57 07 53.4,18.86,0.369,77.9,,0.036,0.017,2.0,20.9,18.24,16.53,15.67,15.38,1.0,X,0.999994,1.0,,,,,,,0.0186945933377917,,,,
555,577,02 18 48.88,+57 07 41.7,19.93,3.31,77.8,,0.036,0.033,0.48,1,22.03,19.35,17.59,16.73,4.641360819912034,1.0,X,0.999991,1,0.5182979044394612,0.0037941954566645,02 18 48.88,+57 07 41.7,19.93,3.31,77.8,,0.036,0.033,1.0,22.03,19.35,17.59,16.73,16.45,1.0,X,0.999991,1.0,,,,,,,0.0186945933377917,,,,
556,578,02 18 18.44,+57 07 22.1,19.52,0.269,77.6,,0.036,0.023,0.61,1,,,17.19,16.37,4.271360819912033,,X,0.999998,1,0.6552280023599364,0.0037941954566645,02 18 18.44,+57 07 22.1,19.52,0.269,77.6,,0.036,0.023,1.0,,,17.19,16.37,16.08,,X,0.999998,1.0,,,,,,,0.0186945933377917,,,,
557,580,02 18 42.78,+57 14 13.4,16.36,2.89,77.4,,0.036,0.002,1.35,1,17.27,15.98,15.01,14.51,2.5413608199120343,3.0,X,0.999998,1,1.2491875651920543,0.0037941954566645,02 18 42.78,+57 14 13.4,16.36,2.89,77.4,,0.036,0.002,1.0,17.27,15.98,15.01,14.51,14.35,3.0,X,0.999998,1.0,1.05,,,0.3554419414041688,,,0.0186945933377917,,,,
558,583,02 19 36.57,+57 02 53.1,16.26,0.216,75.7,,0.044,0.002,1.37,1,17.17,15.83,14.86,14.4,2.431360819912035,3.0,X,0.999998,1,1.2715686099710617,0.0037941954566645,02 19 36.57,+57 02 53.1,16.26,0.216,75.7,,0.044,0.002,1.0,17.17,15.83,14.86,14.4,14.24,3.0,X,0.999998,1.0,0.93,,,0.1704905400315202,6064.2,1.2325714285714284,0.0186945933377917,76.978,46.583,1.1672,0.038
559,584,02 19 33.01,+57 06 48.4,20.03,4.48,74.7,,0.045,0.034,0.46,1,22.37,19.42,17.45,16.68,4.581360819912035,1.0,,0.999993,1,0.5403798001308218,0.0037941954566645,02 19 33.01,+57 06 48.4,20.03,4.48,74.7,,0.045,0.034,1.0,22.37,19.42,17.45,16.68,16.39,1.0,,0.999993,1.0,,,,,,,0.0186945933377917,,,,
560,586,02 19 58.23,+57 07 22.7,18.94,3.16,72.5,,0.049,0.016,0.81,1,20.73,18.41,16.83,15.98,3.961360819912034,1.0,,0.999992,1,0.7758783066118113,0.0037941954566645,02 19 58.23,+57 07 22.7,18.94,3.16,72.5,,0.049,0.016,1.0,20.73,18.41,16.83,15.98,15.77,1.0,,0.999992,1.0,,,,,,,0.0186945933377917,,,,
