recno,EPIC,RAJ2000,DEJ2000,Vmago,Ksmag,(V-Ks)o,VmKsu,E(V-Ks),Ksmag0,(V-Ks)0,Per1,Per2,Per3,Per4,Memb,Disk,Simbad,single,PSS,Vmag,Gmag,Teff,AG,logL,Tess_Mass,Tess_s_Mass,iso_Mass_calc,iso_Mass_e,rml_Mass_calc,rml_Mass_e,Mass_calc,Mass_e,Age_calc (Myr),Age_e (Myr)
1074,203074940,16 26 25.39,-27 20 42.7,,11.18,,6.42,0.39,11.13,6.03,3.3496,,,,"USco,bronze",no,Simbad,1,0.999983,17.55,10.144135238465816,3415.2,1.4586,-1.5491352948697448,0.581,0.021,0.2477142857142856,0.0138669828032174,0.143203053673954,0.0090837562918068,0.3043,0.0713,30.893,19.6
1077,203354381,16 26 27.86,-26 25 15.1,,9.85,,5.66,0.62,9.77,5.03,0.5993,,,,"USco,bronze",no,Simbad,1,0.997667,15.43,8.487469238465815,3520.1,0.7924,,,,,0.0138669828032174,0.3649454934151915,0.0090837562918068,,,,
1084,205114690,16 26 35.43,-19 19 53.3,,9.26,,4.03,0.7,9.17,3.33,,,,,"USco,bronze",no,Simbad,1,0.999996,13.200001,7.041153238465816,,,,,,,0.0138669828032174,0.6898396699439056,0.0090837562918068,,,,
1085,204223197,16 26 36.61,-23 10 57.0,,9.21,,5.17,0.43,9.16,4.74,9.6885,,,,"USco,bronze",no,Simbad,1,0.999762,14.33,7.752552238465816,4900.9,2.4937,-0.824546158623733,0.501,0.093,0.8756282722513088,0.0138669828032174,0.5121294794968947,0.0090837562918068,0.7574,0.0242,109.94,39.456
1088,204525799,16 26 38.63,-21 58 51.8,,10.73,,6.24,0.93,10.61,5.3,2.0115,,,,"USco,bronze",no,Simbad,1,0.999962,16.849998,9.592664238465815,3413.1,1.3156,-1.512154867892628,0.601,0.021,0.2467142857142856,0.0138669828032174,0.1963428031582152,0.0090837562918068,0.3053,0.0719,27.158,16.913
1089,204377821,16 26 39.65,-22 34 20.3,,10.49,,6.94,1.36,10.31,5.57,1.3506,,,,"USco,bronze",no,Simbad,1,0.999999,17.25,9.728967238465817,,,,,,,0.0138669828032174,0.180862063973748,0.0090837562918068,,,,
1090,204840715,16 26 40.57,-20 37 28.6,,9.14,,4.13,0.7,9.05,3.43,,,,,"USco,bronze",no,Simbad,1,0.999996,13.18,7.001303238465816,,,,,,,0.0138669828032174,0.7003964317690506,0.0090837562918068,,,,
1094,203138121,16 26 42.88,-27 07 42.0,,11.2,,6.43,0.94,11.08,5.49,0.8274,,,,"USco,bronze",no,Simbad,1,0.999963,17.51,10.163886238465816,,,-1.5630426824391672,0.564,0.021,,0.0138669828032174,0.1416826483002182,0.0090837562918068,,,,
1099,203826403,16 26 44.41,-24 47 14.0,,10.64,,6.64,1.52,10.44,5.12,3.979,,,,"USco,bronze",no,Simbad,1,0.999999,17.08,9.920206238465816,3489.2,1.753,-1.5728386027275143,0.604,0.021,0.2829523809523808,0.0138669828032174,0.1619467993666087,0.0090837562918068,0.3487,0.0685,48.741,31.087
1108,203006330,16 26 54.08,-27 35 08.0,,10.68,,5.26,1.57,10.48,3.69,1.0821,,,,"USco,bronze",no,Simbad,1,0.992964,15.74,8.962627238465815,3417.0,0.6531,-1.4061603244093963,0.598,0.02,0.2485714285714285,0.0138669828032174,0.2850148780039525,0.0090837562918068,0.316,0.0743,19.965,11.93
1110,203478347,16 26 56.46,-26 00 17.0,,12.01,,7.06,1.37,11.83,5.69,2.8819,,,,"USco,bronze",no,Simbad,1,0.999999,18.89,11.241957238465815,3380.3,1.5281,-1.8038238163770817,0.449,0.021,0.2310952380952382,0.0138669828032174,,0.0,0.2646,0.0623,55.829,36.119
1117,205044245,16 27 05.16,-19 40 30.3,,10.84,,4.88,0.36,10.8,4.52,12.3653,,,,"USco,bronze",no,Simbad,1,0.999998,15.68,9.213128238465815,5165.6,2.4391,-1.124938719350988,0.535,,0.9503225806451614,0.0138669828032174,0.2493652229926826,0.0090837562918068,0.708,0.0261,113.658,33.713
1120,203442191,16 27 06.68,-26 07 31.1,10.4,8.29,2.11,2.11,1.27,8.13,0.84,0.5415,0.5318,,,"USco,bronze",no,Simbad,1,0.999979,10.24,4.512197238465815,7063.7,1.0099,0.5510484565699407,1.302,0.217,1.5,0.0138669828032174,1.2684819922284054,0.0090837562918068,1.3792,0.0206,76.197,46.456
1127,203120347,16 27 12.52,-27 11 21.9,8.25,7.19,1.06,1.06,0.0,7.19,1.06,,,,,"USco,bronze",no,Simbad,1,0.996487,8.25,2.563774238465814,6592.2,0.0004,0.7051107296819831,1.412,0.23,1.4121656050955411,0.0138669828032174,,0.0,1.3807,0.0196,63.578,44.507
1131,203390805,16 27 14.36,-26 17 58.7,,9.53,,3.85,0.7,9.44,3.15,4.7328,,,,"USco,bronze",no,Simbad,1,0.997667,13.289999,7.162162238465815,4180.8,0.5244,-0.6641010081564435,0.62,0.081,0.8,0.0138669828032174,0.658802856903432,0.0090837562918068,0.7734,0.0549,17.154,8.645
1132,203807051,16 27 14.48,-24 51 33.7,16.44,10.38,6.06,6.06,0.83,10.27,5.23,2.6051,,,,"USco,bronze",no,Simbad,1,0.999938,16.33,9.238613238465817,3419.7,1.2721,-1.4250432430265851,0.64,0.021,0.2498571428571427,0.0138669828032174,0.245625453913978,0.0090837562918068,0.3164,0.0741,21.454,12.915
1133,203806628,16 27 15.11,-24 51 38.8,15.02,9.39,5.63,5.63,1.7,9.17,3.93,,,,,"USco,bronze",yes,Simbad,1,0.992964,14.8,8.217155238465816,3633.4,1.0948,-1.013093973549431,0.51,0.095,0.3694871794871796,0.0138669828032174,0.4147686790522384,0.0090837562918068,0.4979,0.0805,14.302,7.46
1134,205488952,16 27 16.44,-17 15 11.6,,12.45,,6.64,1.91,12.2,4.74,,,,,"USco,bronze",no,Simbad,1,0.999968,18.84,11.473748238465816,,,-1.7135435485766424,0.454,0.022,,0.0138669828032174,,0.0,,,,
1137,203791768,16 27 18.34,-24 54 53.9,,10.06,,5.91,0.78,9.96,5.14,2.7065,,,,"USco,bronze",yes,Simbad,1,0.999617,15.87,9.230079238465816,3408.1,0.6689,-1.3588234500276832,0.422,,0.2443333333333333,0.0138669828032174,0.2468594631692743,0.0090837562918068,0.313,0.0743,16.498,9.682
1138,204134902,16 27 18.95,-23 31 38.0,,8.61,,3.95,0.7,8.52,3.25,2.4681,,,,"USco,bronze",no,Simbad,1,0.999991,12.47,6.402847238465816,6147.3,2.1168,0.0954378603854692,0.921,0.171,1.26225,0.0138669828032174,0.8577541012522402,0.0090837562918068,1.1461,0.0351,89.214,45.535
1142,204608421,16 27 25.51,-21 38 04.0,,11.26,,6.46,0.88,11.15,5.58,1.8322,,,,"USco,bronze",no,Simbad,1,0.999996,17.61,10.227591238465816,3571.3,1.5249,-1.7347103828802517,0.499,0.021,0.3296794871794873,0.0138669828032174,0.1363737402062282,0.0090837562918068,0.3545,0.0512,94.716,48.231
1143,203915424,16 27 26.58,-24 25 54.3,,11.84,,8.16,0.7,11.75,7.46,2.8842,,,,"USco,bronze",yes,Simbad,1,0.999998,19.91,11.715571238465817,2668.8,0.5632,-1.9430951413405235,0.42,0.022,0.1,0.0138669828032174,,0.0,0.0366,0.0056,2.121,1.168
1161,203425127,16 27 40.90,-26 10 56.9,,10.51,,5.96,0.55,10.44,5.41,0.5312,,,,"USco,bronze",no,Simbad,1,0.999877,16.4,9.238975238465816,3464.6,1.2036,,,,,0.0138669828032174,0.2455935344495181,0.0090837562918068,,,,
1163,204853319,16 27 43.41,-20 34 01.7,,12.68,,8.68,3.38,12.25,5.3,,,,,"USco,bronze",no,Simbad,1,0.999999,20.93,12.781609238465816,3567.7,2.9598,-2.0030507642260216,0.379,0.027,0.3273717948717947,0.0138669828032174,,0.0,0.2787,0.0391,122.181,47.361
1164,203751997,16 27 45.21,-25 03 33.1,,11.45,,5.94,0.32,11.41,5.61,2.7362,,,,"USco,bronze",no,Simbad,1,0.999952,17.35,10.171093238465817,,,-1.7101881639902885,0.486,0.021,,0.0138669828032174,0.1410011027636215,0.0090837562918068,,,,
1167,203465909,16 27 49.03,-26 02 44.0,,9.18,,5.95,0.7,9.09,5.25,3.8128,,,,"USco,bronze",yes,Simbad,1,0.999245,15.04,8.567824238465816,,,-1.169090703892283,0.449,,,0.0138669828032174,0.3509606792789316,0.0090837562918068,,,,
1170,205121036,16 27 50.65,-19 18 00.4,,9.31,,4.27,0.0,9.31,4.27,,,,,"USco,bronze",no,Simbad,1,0.999992,13.58,7.2321912384658145,,,,,,,0.0138669828032174,0.6415794833330916,0.0090837562918068,,,,
1171,204271913,16 27 51.40,-22 59 22.2,,12.87,,7.75,2.31,12.57,5.43,,,,,"USco,bronze",no,Simbad,1,0.999996,20.32,12.402956238465816,4035.2,2.7269,-1.5220110133809452,0.59,0.03,0.7,0.0138669828032174,,0.0,0.5087,0.028,134.644,38.431
1173,205462610,16 27 52.54,-17 25 35.2,,10.83,,5.28,0.7,10.74,4.58,,,,,"USco,bronze",no,Simbad,1,0.999998,16.02,9.196656238465817,5155.1,2.4091,,,,,0.0138669828032174,0.2518406969493416,0.0090837562918068,,,,
1174,202689729,16 27 54.85,-28 43 39.2,,9.02,,4.12,0.7,8.93,3.42,,,,,"USco,bronze",no,Simbad,1,0.999996,13.05,6.867054238465816,,,,,,,0.0138669828032174,0.7357186291908645,0.0090837562918068,,,,
1182,203798606,16 28 03.36,-24 53 23.6,,10.49,,7.8,2.18,10.21,5.62,2.3014,,,,"USco,bronze",no,Simbad,1,1.0,18.01,10.390063238465816,,,-1.597222919361493,0.638,0.021,,0.0138669828032174,0.1245684194537156,0.0090837562918068,,,,
1184,204912809,16 28 07.37,-20 17 47.9,,10.06,,4.96,0.7,9.97,4.26,,,,,"USco,bronze",no,Simbad,1,0.999997,14.93,8.492033238465815,6100.0,3.0839,,,,,0.0138669828032174,0.3645339675172705,0.0090837562918068,,,,
1185,202828127,16 28 08.95,-28 12 56.6,,12.11,,7.7,1.31,11.94,6.39,1.1663,,,,"USco,bronze",yes,Simbad,1,0.999999,19.64,11.622988238465815,,,-1.940436572270189,0.42,0.032,,0.0138669828032174,,0.0,,,,
1187,203409747,16 28 09.52,-26 14 04.9,,12.03,,6.33,0.79,11.93,5.54,0.9422,,,,"USco,bronze",no,Simbad,1,0.999998,18.26,11.059517238465816,,,-1.8877302197391488,0.401,0.021,,0.0138669828032174,,0.0,,,,
1189,205157696,16 28 10.26,-19 06 57.9,,11.44,,5.99,1.51,11.25,4.48,,,,,"USco,bronze",no,Simbad,1,0.989146,17.24,10.408024238465815,,,,,,,0.0138669828032174,0.1233309656556623,0.0090837562918068,,,,
1191,203781238,16 28 11.00,-24 57 12.8,,9.67,,6.0,1.76,9.44,4.24,4.8086,,,,"USco,bronze",no,Simbad,1,0.999904,15.44,8.630523238465816,3665.2,1.493,,,,,0.0138669828032174,0.3401404507875275,0.0090837562918068,,,,
1200,204411939,16 28 14.88,-22 26 18.9,,12.72,,7.22,1.88,12.48,5.34,1.1144,,,,"USco,bronze",no,Simbad,1,0.999998,19.699999,12.019394238465814,3427.0,1.9421,-1.676335468839323,0.541,0.027,0.2533333333333333,0.0138669828032174,,0.0,0.3028,0.0674,49.202,32.122
1205,202644133,16 28 18.22,-28 54 01.3,11.94,8.27,3.67,3.67,0.0,8.27,3.67,,,,,"USco,bronze",no,Simbad,1,0.999998,11.940001,5.706134238465815,4562.7,0.8651,,,,,0.0138669828032174,1.022184741507886,0.0090837562918068,,,,
1206,202709894,16 28 18.69,-28 39 08.1,,9.53,,3.89,0.7,9.44,3.19,,,,,"USco,bronze",no,Simbad,1,0.999998,13.33,7.166756238465815,,,,,,,0.0138669828032174,0.65826571765737,0.0090837562918068,,,,
1211,203904033,16 28 22.08,-24 28 42.1,,11.31,,7.56,2.41,11.0,5.16,,,,,"USco,bronze",no,Simbad,1,0.999998,18.56,10.759106238465815,,,,,,,0.0138669828032174,0.1017365290289846,0.0090837562918068,,,,
1216,203875175,16 28 24.79,-24 35 43.4,,11.3,,7.22,1.87,11.06,5.35,1.9116,,,,"USco,bronze",no,Simbad,1,1.0,18.28,10.815257238465817,3423.0,1.9475,-1.8256493984748543,0.499,0.021,0.2514285714285714,0.0138669828032174,,0.0,0.2823,0.0587,71.04,43.023
1217,203062441,16 28 24.93,-27 23 18.3,11.14,7.96,3.18,3.18,0.98,7.84,2.2,2.6485,,,,"USco,bronze",yes,Simbad,1,0.999996,11.02,4.948028238465815,,,,,,,0.0138669828032174,1.1887481486801557,0.0090837562918068,,,,
1223,204576585,16 28 40.75,-21 46 05.2,10.67,8.17,2.5,2.5,0.66,8.09,1.84,,,,,"USco,bronze",no,Simbad,1,0.999955,10.59,4.814673238465815,6476.8,1.1451,0.1775134155686123,1.056,0.133,1.3743521594684385,0.0138669828032174,1.214069893197956,0.0090837562918068,1.2107,0.0394,89.279,45.993
1227,203504633,16 28 44.53,-25 54 59.1,,11.6,,6.33,0.0,11.6,6.33,0.6203,0.1565,,,"USco,bronze",maybe,Simbad,1,0.999999,17.93,10.631739238465816,,,-1.954677030191809,0.391,0.028,,0.0138669828032174,0.108946839161805,0.0090837562918068,,,,
1228,203115615,16 28 45.13,-27 12 19.5,,9.82,,5.59,0.86,9.71,4.73,26.171,0.9883,,,"USco,bronze",no,Simbad,1,0.999146,15.3,8.485459238465815,,,,,,,0.0138669828032174,0.3656288666551876,0.0090837562918068,,,,
1231,203919645,16 28 48.43,-24 24 50.3,,11.45,,6.28,1.43,11.26,4.85,,,,,"USco,bronze",no,Simbad,1,0.999997,17.54,10.314042238465817,4856.4,2.7119,-1.3273480620112608,0.61,0.021,0.863979057591623,0.0138669828032174,0.1295001143981887,0.0090837562918068,0.6347,0.0262,124.107,31.664
1232,202800225,16 28 50.18,-28 19 06.7,,8.8,,5.45,1.48,8.61,3.97,,,,,"USco,bronze",no,Simbad,1,0.999991,14.059999,7.608010238465816,4773.0,2.5262,,,,,0.0138669828032174,0.5474819049123526,0.0090837562918068,,,,
1233,204341850,16 28 50.43,-22 42 46.4,,12.63,,7.13,1.94,12.38,5.19,,,,,"USco,bronze",no,Simbad,1,0.999995,19.51,11.883917238465816,3557.1,2.1662,-1.7452103125020104,0.478,0.025,0.320576923076923,0.0138669828032174,,0.0,0.3477,0.0519,93.107,48.113
1234,203992263,16 28 51.39,-24 06 10.8,,11.75,,7.46,2.26,11.46,5.2,,,,,"USco,bronze",no,Simbad,1,0.999996,18.92,11.161826238465814,,,-0.1604968262065967,0.909,,,0.0138669828032174,,0.0,,,,
1236,204570302,16 28 52.79,-21 47 41.2,,10.85,,5.81,0.64,10.77,5.18,3.0356,,,,"USco,bronze",no,Simbad,1,0.999739,16.58,9.490913238465817,,,-1.5237482068374837,0.567,0.021,,0.0138669828032174,0.2098903200760091,0.0090837562918068,,,,
1238,202743203,16 28 55.66,-28 31 43.6,,9.29,,3.82,0.0,9.29,3.82,,,,,"USco,bronze",no,Simbad,1,0.999998,13.11,6.934583238465816,,,,,,,0.0138669828032174,0.7183195404158648,0.0090837562918068,,,,
1241,203840935,16 28 58.37,-24 43 54.8,,11.31,,8.43,3.58,10.85,4.85,,,,,"USco,bronze",no,Simbad,1,0.999999,19.28,11.266701238465814,9191.9,5.679,,,,,0.0138669828032174,,0.0,,,,
1243,203817904,16 28 59.30,-24 49 08.9,14.72,10.04,4.68,4.68,0.56,9.97,4.12,,,,,"USco,bronze",no,Simbad,1,0.999991,14.65,8.420251238465815,,,,,,,0.0138669828032174,0.3770938066889124,0.0090837562918068,,,,
1246,203604427,16 29 08.73,-25 34 24.2,,10.13,,5.5,0.0,10.13,5.5,1.421,,,,"USco,bronze",yes,Simbad,1,0.999019,15.63,8.620464238465816,3461.7,0.7824,-1.3568435343920682,0.656,0.02,0.2698571428571428,0.0138669828032174,0.3419078776023551,0.0090837562918068,0.3522,0.0779,21.566,12.924
1247,202615424,16 29 11.39,-29 00 31.7,,9.95,,5.0,0.7,9.86,4.3,2.8216,3.6911,,,"USco,bronze",no,Simbad,1,0.992964,14.86,8.329059238465815,,,,,,,0.0138669828032174,0.3929711901608733,0.0090837562918068,,,,
1259,202773970,16 29 51.66,-28 24 52.2,,11.18,,6.13,0.94,11.06,5.19,3.6029,,,,"USco,bronze",maybe,Simbad,1,0.999901,17.19,10.001147238465816,3479.6,1.3742,-1.4717262055756444,0.601,0.021,0.2783809523809523,0.0138669828032174,0.1550674872734375,0.0090837562918068,0.3538,0.0739,33.888,21.257
1262,203033414,16 29 57.98,-27 29 24.9,,11.59,,5.38,0.2,11.57,5.18,15.7906,,,,"USco,bronze",no,Simbad,1,0.999783,16.95,10.012666238465815,,,-1.405276073519751,0.555,0.021,,0.0138669828032174,0.154211918727697,0.0090837562918068,,,,
1263,202816688,16 30 01.49,-28 15 29.5,,9.8,,4.75,0.24,9.77,4.5,,,,,"USco,bronze",no,Simbad,1,0.999997,14.52,8.055096238465815,,,,,,,0.0138669828032174,0.4480332067322456,0.0090837562918068,,,,
1264,203956555,16 30 01.92,-24 15 25.7,,11.89,,5.42,0.85,11.78,4.58,11.6646,,,,"USco,bronze",no,Simbad,1,0.999996,17.2,10.319561238465814,,,-0.1982259770878212,0.783,,,0.0138669828032174,0.1291597731982446,0.0090837562918068,,,,
1266,203675505,16 30 11.62,-25 19 33.9,,10.2,,4.49,0.73,10.11,3.76,,,,,"USco,bronze",no,Simbad,1,0.999996,14.599999,8.385476238465815,,,,,,,0.0138669828032174,0.383012265517286,0.0090837562918068,,,,
1267,202911961,16 30 15.67,-27 54 58.5,6.89,6.36,0.53,0.53,0.79,6.26,-0.25,,,,,"USco,bronze",no,Simbad,1,0.999855,6.79,1.2481802384658156,,,1.7739418626700447,1.981,0.382,,0.0138669828032174,,0.0,,,,
1268,202638454,16 30 20.08,-28 55 18.1,,11.77,,6.93,0.44,11.72,6.49,0.2487,0.4455,,,"USco,bronze",no,Simbad,1,0.999999,18.65,10.918600238465814,,,-1.862962557218858,0.472,0.022,,0.0138669828032174,,0.0,,,,
1269,203125449,16 30 24.14,-27 10 17.9,,10.94,,5.92,0.83,10.83,5.09,2.6582,,,,"USco,bronze",no,Simbad,1,0.999442,16.75,9.670572238465816,3482.3,1.1989,-1.4013189112280835,0.626,0.021,0.2796666666666667,0.0138669828032174,0.1874853465175878,0.0090837562918068,0.3632,0.0769,27.576,16.911
1270,203642025,16 30 44.69,-25 26 34.1,,10.8,,4.98,0.95,10.68,4.03,1.3495,,,,"USco,bronze",no,Simbad,1,0.999324,15.66,9.385793238465816,,,-1.489454978528198,0.586,0.021,,0.0138669828032174,0.2248977482889977,0.0090837562918068,,,,
1271,203108627,16 30 49.62,-27 13 46.8,,11.38,,6.34,0.64,11.3,5.69,1.2221,,,,"USco,bronze",no,Simbad,1,0.999992,17.64,10.288900238465816,3428.0,1.2978,-1.6110112028148982,0.548,0.021,0.2538095238095238,0.0138669828032174,0.131476164886911,0.0090837562918068,0.3084,0.0698,40.354,26.236
1272,205125047,16 30 56.32,-19 16 48.5,,12.11,,6.9,1.49,11.92,5.4,,,,,"USco,bronze",yes,Simbad,1,0.999991,18.82,11.283015238465817,4562.6,2.6045,-1.5057062355729658,0.535,0.023,1.0,0.0138669828032174,,0.0,0.5584,0.0253,133.752,30.818
1275,205173226,16 31 16.21,-19 02 13.4,,11.02,,6.34,1.54,10.82,4.8,,,,,"USco,bronze",no,Simbad,1,0.999999,17.16,9.924288238465817,,,-0.0119451920216377,0.854,,,0.0138669828032174,0.1615629088101811,0.0090837562918068,,,,
1276,204914113,16 31 16.58,-20 17 26.2,,8.64,,4.24,0.04,8.63,4.21,,,,,"USco,bronze",no,Simbad,1,0.999998,12.87,6.581458238465816,,,,,,,0.0138669828032174,0.8113906831093991,0.0090837562918068,,,,
1277,203122134,16 31 18.67,-27 10 58.8,,11.35,,6.08,0.54,11.28,5.54,0.9875,,,,"USco,bronze",maybe,Simbad,1,0.999981,17.36,10.135603238465816,3418.6,0.9636,-1.6655462375838794,0.518,0.021,0.2493333333333333,0.0138669828032174,0.1439153710147665,0.0090837562918068,0.2987,0.0681,45.604,29.908
1278,205165393,16 31 28.81,-19 04 37.8,,10.68,,5.94,1.19,10.53,4.75,7.5096,,,,"USco,bronze",no,Simbad,1,0.999999,16.47,9.383147238465815,5795.0,3.1527,-1.0841782293729636,0.483,,1.2,0.0138669828032174,0.2250608919216022,0.0090837562918068,0.7588,0.0265,115.157,34.65
1279,205526761,16 31 31.54,-16 59 53.0,,8.19,,3.5,1.35,8.02,2.15,,,,,"USco,bronze",no,Simbad,1,0.999997,11.52,5.591079238465815,,,,,,,0.0138669828032174,1.048699646248554,0.0090837562918068,,,,
1280,202676865,16 31 43.60,-28 46 35.3,,11.0,,5.82,0.4,10.95,5.43,0.4049,,,,"USco,bronze",no,Simbad,1,0.99989,16.77,9.661447238465817,3410.6,0.9507,-1.508498233270164,0.591,0.021,0.2455238095238094,0.0138669828032174,0.1884629538816666,0.0090837562918068,0.3039,0.0719,26.491,16.451
1283,205073944,16 32 28.42,-19 32 00.0,,11.32,,4.93,0.6,11.25,4.33,,,,,"USco,bronze",no,Simbad,1,0.999995,16.18,9.663871238465816,,,,,,,0.0138669828032174,0.1883378676115023,0.0090837562918068,,,,
1284,204377731,16 32 32.53,-22 34 21.6,,9.83,,5.48,0.45,9.77,5.02,4.4576,,,,"USco,bronze",no,Simbad,1,0.99885,15.25,8.459382238465816,3526.3,1.0572,-1.0094835396845656,0.341,0.118,0.3008333333333334,0.0138669828032174,0.3702682868992188,0.0090837562918068,0.4129,0.0892,9.068,5.171
1285,204474909,16 32 59.40,-22 11 22.8,,11.94,,6.4,2.15,11.66,4.24,16.6278,,,,"USco,bronze",no,Simbad,1,0.999911,18.06,10.854161238465814,3879.3,1.8062,-1.5253467549079098,0.536,0.022,0.5298351648351649,0.0138669828032174,,0.0,0.4877,0.0331,124.763,44.37
1286,204438478,16 33 02.14,-22 20 04.1,,10.9,,5.15,0.99,10.78,4.16,14.6696,,,,"USco,bronze",no,Simbad,1,0.991951,15.93,9.471903238465815,,,,,,,0.0138669828032174,0.2126010894012027,0.0090837562918068,,,,
1287,205123210,16 33 02.50,-19 17 22.0,,11.51,,5.77,0.92,11.39,4.86,,,,,"USco,bronze",no,Simbad,1,0.999998,17.16,10.125676238465816,6195.7,3.3479,-0.2012941235835778,0.783,,1.4,0.0138669828032174,0.1447075678936737,0.0090837562918068,1.0477,0.0321,97.41,42.863
1291,202972156,16 33 58.75,-27 42 16.7,,9.3,,4.98,0.41,9.24,4.56,,,,,"USco,bronze",no,Simbad,1,0.999996,14.219999,7.477371238465816,4976.3,1.8856,,,,,0.0138669828032174,0.5793718233759332,0.0090837562918068,,,,
1293,202619356,16 34 17.86,-28 59 37.4,,9.21,,4.3,0.31,9.17,3.99,11.7302,,,,"USco,bronze",no,Simbad,1,0.999997,13.47,7.211232238465815,5184.2,1.844,,,,,0.0138669828032174,0.6468120679973379,0.0090837562918068,,,,
1294,204543256,16 34 22.40,-21 54 31.0,,9.09,,4.71,0.29,9.05,4.42,,,,,"USco,bronze",no,Simbad,1,0.999996,13.76,7.401866238465816,,,,,,,0.0138669828032174,0.5977505363254723,0.0090837562918068,,,,
1295,205431449,16 34 27.74,-17 37 31.6,,11.75,,5.37,0.0,11.75,5.37,0.4629,0.1987,,,"USco,bronze",no,Simbad,1,0.999146,17.119999,10.167831238465816,3323.0,0.7077,-1.8867253036567428,0.368,0.021,0.2038095238095238,0.0138669828032174,0.1413243012606862,0.0090837562918068,0.2276,0.0578,52.335,33.946
1298,205567400,16 34 53.36,-16 42 49.5,,10.77,,5.1,0.7,10.68,4.4,,,,,"USco,bronze",no,Simbad,1,0.999999,15.780001,9.237727238465816,,,,,,,0.0138669828032174,0.2457304986473997,0.0090837562918068,,,,
1299,202687442,16 34 58.64,-28 44 10.4,,11.59,,5.8,0.7,11.5,5.1,0.5727,,,,"USco,bronze",no,Simbad,1,0.999977,17.3,10.244125238465816,3337.7,0.7499,-1.7142177392373197,0.491,0.021,0.2108095238095237,0.0138669828032174,0.1350113208346456,0.0090837562918068,0.246,0.065,33.979,22.34
1302,204396558,16 35 23.82,-22 29 54.8,,9.55,,5.35,0.89,9.44,4.46,,,,,"USco,bronze",no,Simbad,1,0.999997,14.789999,7.941381238465816,,,,,,,0.0138669828032174,0.4716070238993683,0.0090837562918068,,,,
1303,204226809,16 35 42.08,-23 10 04.1,,9.86,,4.84,0.98,9.74,3.86,,,,,"USco,bronze",no,Simbad,1,0.999997,14.58,8.219496238465815,,,,,,,0.0138669828032174,0.4145804209654418,0.0090837562918068,,,,
1304,203130129,16 35 44.70,-27 09 20.4,,11.56,,5.67,0.0,11.56,5.67,1.6122,,,,"USco,bronze",no,Simbad,1,0.999726,17.23,10.146865238465816,3341.9,0.7738,-1.6831912368262465,0.487,0.021,0.2128095238095238,0.0138669828032174,0.1431129875823859,0.0090837562918068,0.25,0.0657,31.553,20.572
1308,205435449,16 36 44.44,-17 36 01.4,,10.01,,5.13,0.7,9.92,4.43,5.9497,,,,"USco,bronze",no,Simbad,2,1e-06,15.05,8.321977238465815,3615.9,0.8455,-0.9739572899363036,0.46,0.087,0.3582692307692308,0.0138669828032174,0.3940876663556582,0.0090837562918068,0.4841,0.0855,11.608,6.214
1309,204716087,16 36 49.93,-21 10 26.5,,11.36,,5.32,1.02,11.23,4.3,11.4477,,,,"USco,bronze",no,Simbad,1,0.999146,16.55,9.735951238465816,3740.9,1.0998,-1.4555598637759768,0.53,0.021,0.4415972222222223,0.0138669828032174,0.1799999547385833,0.0090837562918068,0.483,0.0416,96.405,48.851
1310,203135082,16 36 52.88,-27 08 18.6,10.14,8.1,2.04,2.04,0.57,8.03,1.47,1.6062,0.7775,,,"USco,bronze",no,Simbad,1,0.999858,10.07,4.245876238465815,5773.9,0.4224,0.3995110306000579,0.918,0.116,1.1375862068965517,0.0138669828032174,,0.0,1.2669,0.0733,19.74,8.589
1311,205075874,16 38 28.57,-19 31 26.0,10.13,8.3,1.83,1.83,1.1,8.16,0.73,0.8868,0.8111,,,"USco,bronze",no,Simbad,1,0.999988,9.99,4.346787238465815,7120.6,0.9167,0.5339664073964477,0.986,0.238,1.5,0.0138669828032174,1.2983580266118466,0.0090837562918068,1.3789,0.0208,77.164,46.363
1,204451363,15 54 39.31,-22 17 01.5,,10.7,,6.07,0.75,10.6,5.32,2.0621,,,,"USco,bronze",no,Simbad,1,0.999617,16.67,9.382096238465817,3488.4,1.0183,-1.4355706520984624,0.621,0.021,0.2825714285714286,0.0138669828032174,0.2254301546454183,0.0090837562918068,0.3638,0.0754,31.679,19.705
2,205104403,15 55 00.36,-19 22 58.5,5.96,5.84,0.11,0.11,0.71,5.75,-0.6,0.5297,0.6897,0.5166,,"USco,bronze",no,Simbad,1,0.999557,5.86,0.4493152384658154,12572.5,0.3458,,,,,0.0138669828032174,,0.0,,,,
4,204227785,15 55 02.16,-23 09 49.9,,10.75,,5.32,0.49,10.69,4.82,3.497,,,,"USco,bronze",no,Simbad,1,0.99987,16.01,9.429964238465816,3483.2,1.1056,-1.4727568741708752,0.608,0.021,0.280095238095238,0.0138669828032174,0.2186077341119436,0.0090837562918068,0.3561,0.0738,34.637,21.759
10,204604402,15 55 17.95,-21 39 03.9,,11.12,,6.22,0.7,11.03,5.52,3.0932,,,,"USco,bronze",no,Simbad,1,0.99999,17.25,9.986741238465816,,,-1.6261688572794395,0.549,0.021,,0.0138669828032174,0.156278983155128,0.0090837562918068,,,,
11,205049221,15 55 22.39,-19 39 02.9,,11.01,,6.15,0.49,10.95,5.66,29.7371,3.1976,,,"USco,bronze",no,Simbad,1,0.999996,17.1,9.841712238465815,,,-1.576426467646391,0.593,0.021,,0.0138669828032174,0.1686845429710355,0.0090837562918068,,,,
13,204077926,15 55 30.59,-23 45 21.2,,12.12,,6.19,0.41,12.07,5.78,1.0026,,,,"USco,bronze",no,Simbad,1,0.999998,18.26,10.947058238465814,3239.2,0.9811,-2.1331221760256054,0.304,0.022,0.1760883280757097,0.0138669828032174,,0.0,0.174,0.0431,67.319,41.415
14,204292739,15 55 36.24,-22 54 31.7,,8.64,,2.99,0.7,8.55,2.29,,,,,"USco,bronze",no,Simbad,1,0.999997,11.54,5.679135238465815,4695.0,0.4941,,,,,0.0138669828032174,1.0292673916347004,0.0090837562918068,,,,
17,203544427,15 55 42.29,-25 46 47.7,,11.74,,6.78,0.47,11.68,6.31,1.0897,,,,"USco,bronze",no,Simbad,1,0.999999,18.460001,10.860348238465814,,,-1.844663964888208,0.469,0.025,,0.0138669828032174,,0.0,,,,
18,203866877,15 55 43.14,-24 37 43.5,,12.17,,7.13,0.58,12.1,6.55,1.4063,,,,"USco,bronze",yes,Simbad,1,0.936631,19.23,11.839549238465814,,,,,,,0.0138669828032174,,0.0,,,,
19,204494201,15 55 44.47,-22 06 42.6,,10.7,,5.33,0.62,10.62,4.71,3.1808,,,,"USco,bronze",no,Simbad,1,0.997667,15.95,9.137137238465815,3553.1,0.9724,-1.369877353634222,0.61,0.021,0.3180128205128204,0.0138669828032174,0.2603328049285003,0.0090837562918068,0.4161,0.0745,35.923,22.531
22,204862399,15 55 52.72,-20 31 33.5,,11.67,,6.73,0.94,11.55,5.79,0.2951,,,,"USco,bronze",no,Simbad,1,0.999999,18.28,10.895050238465814,,,-1.914709421706124,0.443,0.021,,0.0138669828032174,,0.0,,,,
23,203892828,15 55 53.21,-24 31 25.2,,11.86,,6.02,0.0,11.86,6.02,0.555,,,,"USco,bronze",no,Simbad,1,0.999993,17.88,10.589457238465815,3350.6,1.0095,-1.8127613715314552,0.458,0.022,0.2169523809523809,0.0138669828032174,0.1115196440487346,0.0090837562918068,0.2478,0.0621,49.174,32.312
24,203457426,15 55 54.88,-26 04 26.2,,9.55,,4.0,0.7,9.46,3.3,1.5218,,,,"USco,bronze",maybe,Simbad,1,0.999527,13.46,7.219117238465815,5475.9,1.9047,-0.6444144024867137,0.614,0.08,1.044169278996865,0.0138669828032174,0.6449092804177835,0.0090837562918068,0.8528,0.0277,97.064,40.975
27,203890834,15 56 03.72,-24 31 54.4,,11.34,,6.55,0.62,11.26,5.93,0.6164,0.4481,0.5146,,"USco,bronze",no,Simbad,1,0.999987,17.810001,10.865847238465816,,,,,,,0.0138669828032174,,0.0,,,,
31,204269918,15 56 23.39,-22 59 49.4,,11.62,,6.91,0.52,11.56,6.39,0.8346,,,,"USco,bronze",no,Simbad,1,0.999998,18.470001,10.788123238465817,,,-1.87224749254814,0.464,0.021,,0.0138669828032174,0.1001569330202181,0.0090837562918068,,,,
36,204104740,15 56 27.62,-23 38 52.1,,9.11,,5.19,0.35,9.07,4.83,5.567,3.0639,,,"USco,bronze",no,Simbad,2,1e-06,14.26,7.503631238465815,,,,,,,0.0138669828032174,0.5733009277615936,0.0090837562918068,,,,
40,204229193,15 56 40.18,-23 09 29.5,,11.8,,6.17,0.22,11.77,5.95,1.806,,,,"USco,bronze",no,Simbad,1,0.999996,17.94,10.710423238465816,,,-1.85949195718659,0.443,0.021,,0.0138669828032174,0.1045538102470656,0.0090837562918068,,,,
45,205155483,15 56 57.16,-19 07 38.8,10.04,8.17,1.87,1.87,0.83,8.06,1.04,5.8908,,,,"USco,bronze",no,Simbad,1,0.999963,9.93,4.420069238465816,,,,,,,0.0138669828032174,1.2850922836526104,0.0090837562918068,,,,
46,203582679,15 56 59.29,-25 38 53.5,,9.53,,5.03,0.13,9.51,4.89,0.9066,,,,"USco,bronze",no,Simbad,1,0.992964,14.540001,7.919827238465816,,,,,,,0.0138669828032174,0.476233497331999,0.0090837562918068,,,,
47,204886563,15 57 00.85,-20 24 59.5,,8.89,,4.43,0.7,8.8,3.73,0.35,,,,"USco,bronze",no,Simbad,1,0.996487,13.23,6.835568238465815,5356.0,2.3553,,,,,0.0138669828032174,0.7447942938553456,0.0090837562918068,,,,
48,204887278,15 57 00.91,-20 24 48.4,,10.27,,5.39,0.0,10.27,5.39,0.4205,,,,"USco,bronze",,Simbad,1,0.996487,15.66,8.762295238465816,,,-1.5266590337163786,0.54,0.03,,0.0138669828032174,0.3166956400609335,0.0090837562918068,,,,
49,204807722,15 57 01.45,-20 46 18.6,,10.38,,7.12,1.72,10.16,5.39,2.1802,,,,"USco,bronze",yes,Simbad,1,0.999858,17.279999,9.648956238465816,,,-1.374481769201262,0.66,0.021,,0.0138669828032174,0.1899103877027463,0.0090837562918068,,,,
52,203789507,15 57 04.89,-24 55 23.0,,12.56,,7.21,0.64,12.48,6.57,,,,,"USco,bronze",yes,Simbad,1,0.999998,19.689999,11.830342238465814,,,-2.210419296754888,0.304,0.022,,0.0138669828032174,,0.0,,,,
54,204896403,15 57 08.50,-20 22 18.0,,11.42,,5.96,0.16,11.4,5.8,1.4471,2.7884,,,"USco,bronze",no,Simbad,1,0.999994,17.36,10.151512238465816,3315.5,1.0717,-1.8068754134269729,0.455,0.021,0.2002380952380952,0.0138669828032174,0.1427365781127209,0.0090837562918068,0.2284,0.0612,39.847,26.357
56,203696502,15 57 15.56,-25 15 13.3,8.44,7.57,0.87,0.87,0.64,7.49,0.23,5.021,5.5435,,,"USco,bronze",no,Simbad,1,0.998276,8.36,2.838464238465816,7625.5,0.3059,0.972413898250618,1.634,0.284,1.5,0.0138669828032174,,0.0,1.397,0.006,94.93,50.842
58,204512343,15 57 21.08,-22 02 13.1,,10.1,,5.57,1.56,9.9,4.01,7.6771,,,,"USco,bronze",yes,Simbad,1,0.998258,15.469999,8.654274238465815,3558.7,1.0916,-0.9167482932669904,0.452,,0.321602564102564,0.0138669828032174,0.3359057016219058,0.0090837562918068,0.4315,0.0905,7.348,4.091
65,203800211,15 57 36.83,-24 53 02.9,,11.93,,5.86,0.0,11.93,5.86,0.6137,,,,"USco,bronze",no,Simbad,1,0.999987,17.79,10.595223238465817,,,-2.0888423845900195,0.307,0.021,,0.0138669828032174,0.1110330048380016,0.0090837562918068,,,,
67,203920801,15 57 38.79,-24 24 32.9,9.91,8.21,1.7,1.7,0.7,8.12,1.0,0.466,,,,"USco,bronze",no,Simbad,1,0.999915,9.82,4.152824238465815,6427.3,0.4783,0.3873471013561066,1.089,0.156,1.357906976744186,0.0138669828032174,,0.0,1.2927,0.0408,61.363,43.308
68,204434699,15 57 39.33,-22 20 57.6,,11.5,,6.01,0.28,11.46,5.72,2.5101,,,,"USco,bronze",no,Simbad,1,0.999994,17.470001,10.253275238465816,3323.8,1.1274,-1.7577070872675775,0.483,0.021,0.2041904761904762,0.0138669828032174,0.1342767427818656,0.0090837562918068,0.2356,0.0631,35.938,23.721
73,204351804,15 57 46.88,-22 40 24.3,,9.68,,4.78,0.7,9.59,4.08,7.2414,,,,"USco,bronze",no,Simbad,1,0.992964,14.370001,7.760816238465816,3737.9,0.7541,-0.6899442631618361,0.564,0.092,0.439513888888889,0.0138669828032174,0.5105530965837072,0.0090837562918068,0.5396,0.0882,5.662,2.702
77,204193196,15 57 53.84,-23 17 53.4,,11.31,,5.87,0.37,11.27,5.5,2.15,,,,"USco,bronze",no,Simbad,1,0.999923,17.14,9.998983238465817,3421.9,1.077,-1.6434005582163689,0.523,0.021,0.2509047619047619,0.0138669828032174,0.1553861442493908,0.0090837562918068,0.3024,0.0689,43.303,28.334
78,204193996,15 57 53.96,-23 17 41.7,,9.45,,4.0,0.7,9.36,3.3,15.7722,,,,"USco,bronze",no,Simbad,1,0.998258,13.36,7.157285238465816,4193.5,0.7733,-0.5544580819045328,0.622,0.084,0.8,0.0138669828032174,0.6603467603028524,0.0090837562918068,0.8138,0.0682,11.386,5.442
79,203810851,15 57 54.44,-24 50 42.3,,8.58,,3.52,0.85,8.47,2.67,4.2512,,,,"USco,bronze",yes,Simbad,1,0.99964,11.99,6.214343238465816,4158.2,0.0665,-0.346893671942071,0.672,0.081,0.8,0.0138669828032174,0.9053207349735586,0.0090837562918068,0.8078,0.1071,4.737,2.274
80,204849054,15 57 56.02,-20 35 10.5,,12.34,,6.46,0.34,12.3,6.12,0.9839,,,,"USco,bronze",no,Simbad,1,0.999998,18.76,11.398350238465817,,,-1.896196284292576,0.436,0.023,,0.0138669828032174,,0.0,,,,
83,203812531,15 58 11.99,-24 50 20.0,,11.39,,5.32,0.7,11.3,4.62,1.5117,,,,"USco,bronze",no,Simbad,1,0.992964,16.62,9.868150238465816,3435.6,0.8136,-1.5207126834379725,0.559,0.023,0.2574285714285714,0.0138669828032174,0.1664637715415574,0.0090837562918068,0.3198,0.0723,31.45,19.827
85,205202444,15 58 13.20,-18 53 10.1,,11.11,,5.54,0.21,11.08,5.33,1.5215,,,,"USco,bronze",no,Simbad,1,0.99885,16.619999,9.624341238465815,3389.9,0.9892,-1.6563945035832377,0.486,0.021,0.2356666666666667,0.0138669828032174,0.192795976899478,0.0090837562918068,0.2816,0.0686,37.976,24.965
88,204777646,15 58 19.06,-20 54 24.0,,9.03,,4.15,0.7,8.94,3.45,7.117,,,,"USco,bronze",no,Simbad,1,0.996487,13.09,6.804214238465816,5449.8,1.931,-0.3885634844608586,0.626,0.082,1.3,0.0138669828032174,0.7528089598548089,0.0090837562918068,0.9222,0.0314,88.567,41.804
89,205162306,15 58 20.38,-19 05 32.6,,11.0,,6.08,0.71,10.91,5.36,1.9539,,,,"USco,bronze",no,Simbad,1,0.999944,16.99,9.761259238465817,,,-1.4952573398584863,0.605,0.021,,0.0138669828032174,0.177188978555533,0.0090837562918068,,,,
90,204957540,15 58 21.04,-20 05 13.8,,11.06,,5.77,0.5,10.99,5.27,2.2316,,,,"USco,bronze",no,Simbad,1,0.999843,16.76,9.694535238465816,3478.6,1.0963,-1.558147836683044,0.562,0.021,0.2779047619047619,0.0138669828032174,0.1846807919017917,0.0090837562918068,0.3441,0.0699,44.232,28.298
93,204475702,15 58 29.62,-22 11 11.9,,8.82,,4.38,0.7,8.73,3.68,,,,,"USco,bronze",no,Simbad,1,0.998613,13.11,6.719165238465815,,,,,,,0.0138669828032174,0.7759692721994688,0.0090837562918068,,,,
98,204066898,15 58 36.21,-23 48 02.1,15.66,10.19,5.47,5.47,0.7,10.1,4.77,0.3956,0.5386,,,"USco,bronze",no,Simbad,2,1e-06,15.57,8.654539238465816,3485.0,0.8691,-1.386581048005342,0.632,0.021,0.2809523809523809,0.0138669828032174,0.3358792299110678,0.0090837562918068,0.3666,0.0774,26.697,16.31
99,204281213,15 58 36.91,-22 57 15.2,10.14,7.05,3.09,3.09,1.14,6.91,1.95,,,,,"USco,bronze",yes,Simbad,1,0.999964,10.0,4.319495238465816,5554.3,0.4479,0.5178646362795326,1.02,0.121,1.0687460815047023,0.0138669828032174,,0.0,1.3299,0.0737,14.324,3.257
101,204238921,15 58 39.87,-23 07 10.8,,11.71,,6.12,0.0,11.71,6.12,1.9986,,,,"USco,bronze",no,Simbad,1,0.999998,17.83,10.585282238465815,3318.4,1.0496,-1.7166987506685698,0.526,0.026,0.2016190476190476,0.0138669828032174,0.1117952265653377,0.0090837562918068,0.2341,0.0633,30.639,19.933
104,204190866,15 59 00.71,-23 18 26.8,,10.21,,5.12,0.4,10.16,4.71,4.8321,,,,"USco,bronze",no,Simbad,1,0.992964,15.28,8.565894238465816,3516.8,0.8317,-0.9954636954182782,0.435,,0.2960952380952382,0.0138669828032174,0.3511500518183461,0.0090837562918068,0.4034,0.0888,8.229,4.689
107,203301463,15 59 11.89,-26 35 00.8,8.13,6.97,1.16,1.16,0.93,6.85,0.23,1.8738,0.7141,,,"USco,bronze",no,Simbad,1,0.999941,8.01,2.5373212384658146,11903.5,1.0478,0.9566241032609528,1.613,0.285,1.5,0.0138669828032174,,0.0,1.3986,0.0038,104.284,48.173
111,204547272,15 59 22.92,-21 53 31.8,,10.39,,4.95,0.55,10.32,4.4,3.3984,,,,"USco,bronze",no,Simbad,2,1e-06,15.2699995,8.754136238465815,3514.1,0.8239,-1.305658089907917,0.635,0.02,0.2948095238095237,0.0138669828032174,0.318288931955121,0.0090837562918068,0.3949,0.0793,23.786,14.239
115,203574463,15 59 49.53,-25 40 34.6,,11.55,,6.23,0.69,11.46,5.53,1.0092,,,,"USco,bronze",no,Simbad,1,0.999991,17.69,10.400638238465817,3417.7,1.0136,-1.7009287341999286,0.513,0.022,0.2489047619047618,0.0138669828032174,0.1238868740967269,0.0090837562918068,0.2952,0.0667,50.513,33.027
117,205030103,15 59 50.50,-19 44 37.3,,10.17,,6.02,0.5,10.11,5.52,30.7496,,,,"USco,bronze",no,Simbad,1,0.999928,16.13,8.950536238465816,3532.1,1.2111,,,,,0.0138669828032174,0.2866155431017205,0.0090837562918068,,,,
119,204439442,15 59 59.45,-22 19 50.2,,9.43,,5.51,0.52,9.36,4.99,5.4864,,,,"USco,bronze",no,Simbad,1,0.997667,14.87,8.166627238465816,,,,,,,0.0138669828032174,0.4254313186477295,0.0090837562918068,,,,
121,204383487,16 00 00.36,-22 32 59.7,,9.77,,5.52,0.66,9.69,4.86,0.4962,,,,"USco,bronze",no,Simbad,2,1e-06,15.209999,8.262343238465816,3584.8,0.8438,-0.8639138834663417,0.493,0.092,0.3383333333333334,0.0138669828032174,0.4053809257051884,0.0090837562918068,0.4467,0.0904,6.651,3.603
124,204387835,16 00 15.66,-22 31 58.3,,10.44,,5.43,0.7,10.35,4.73,2.3825,,,,"USco,bronze",no,Simbad,1,0.997667,15.780001,8.899216238465815,3427.4,0.8166,-1.3159629584733188,0.649,0.021,0.2535238095238096,0.0138669828032174,0.2939741604924126,0.0090837562918068,0.3297,0.0765,15.931,9.319
125,204367097,16 00 17.29,-22 36 50.4,,9.94,,5.68,0.7,9.85,4.98,0.9675,,,,"USco,bronze",,Simbad,1,0.99885,15.530001,8.540353238465816,3467.6,0.9342,-1.0299787187171594,0.46,,0.2726666666666666,0.0138669828032174,0.3556509992865256,0.0090837562918068,0.3639,0.0833,7.403,4.161
130,205001070,16 00 29.13,-19 52 53.7,,8.68,,3.07,1.11,8.54,1.96,3.9311,,,,"USco,bronze",no,Simbad,1,0.999911,11.61,5.823178238465815,4980.6,0.8604,-0.0273205366050408,0.742,,1.2,0.0138669828032174,0.9959957480994338,0.0090837562918068,1.1729,0.0902,11.631,4.738
131,204894208,16 00 29.45,-20 22 53.9,,11.29,,6.29,0.69,11.2,5.61,1.6968,,,,"USco,bronze",yes,Simbad,1,0.999998,17.49,10.324123238465816,,,-1.7117507790533646,0.523,0.021,,0.0138669828032174,0.1288368644289586,0.0090837562918068,,,,
134,203766590,16 00 32.42,-25 00 24.5,,10.79,,5.22,0.7,10.7,4.52,0.9418,,,,"USco,bronze",no,Simbad,2,1e-06,15.92,9.132941238465817,3473.0,0.6909,-1.5237482068374837,0.537,0.021,0.2752380952380952,0.0138669828032174,0.2606480198215298,0.0090837562918068,0.344,0.0718,38.589,24.547
135,205153472,16 00 34.53,-19 08 16.1,,11.46,,6.65,0.42,11.4,6.22,0.761,,,,"USco,bronze",no,Simbad,1,0.999999,18.05,10.632149238465814,,,-1.7825160581393635,0.51,0.022,,0.0138669828032174,0.1088053275510606,0.0090837562918068,,,,
136,205225428,16 00 35.45,-18 45 58.1,,10.87,,6.15,0.66,10.78,5.48,1.423,,,,"USco,bronze",no,Simbad,1,0.999935,16.93,9.688698238465816,,,-1.5584619615226087,0.564,0.021,,0.0138669828032174,0.1855142843351958,0.0090837562918068,,,,
137,204933893,16 00 35.99,-20 11 55.0,,10.66,,5.63,0.38,10.61,5.25,1.5296,0.9446,,,"USco,bronze",no,Simbad,1,0.987533,16.24,9.535254238465816,,,,,,,0.0138669828032174,0.2035424253413848,0.0090837562918068,,,,
139,204350593,16 00 41.34,-22 40 41.8,,9.64,,5.5,0.37,9.59,5.13,3.1612,0.9757,,,"USco,bronze",no,Simbad,1,0.996487,15.09,8.174816238465816,,,,,,,0.0138669828032174,0.4234171572484617,0.0090837562918068,,,,
140,203363279,16 00 42.65,-26 23 29.6,9.32,7.72,1.6,1.6,0.65,7.63,0.95,1.1283,1.1842,0.9371,,"USco,bronze",no,Simbad,1,0.999807,9.2300005,3.5825572384658155,6503.4,0.3905,0.6240014322583045,1.09,0.142,1.383189368770764,0.0138669828032174,,0.0,1.3671,0.0271,58.262,41.94
142,203811459,16 00 44.61,-24 50 34.1,,11.74,,6.8,0.53,11.68,6.27,1.4821,0.9133,,,"USco,bronze",no,Simbad,1,0.999998,18.48,10.924805238465815,,,-1.4916049719574258,0.655,0.044,,0.0138669828032174,,0.0,,,,
146,203854810,16 00 52.82,-24 40 38.6,,10.35,,5.04,0.36,10.3,4.68,9.6432,,,,"USco,bronze",no,Simbad,2,1e-06,15.34,8.733924238465816,3590.4,0.767,,,,,0.0138669828032174,0.3216475907113107,0.0090837562918068,,,,
152,204438578,16 01 16.79,-22 20 02.2,,8.62,,3.12,0.0,8.62,3.12,0.1025,,,,"USco,bronze",no,Simbad,1,0.999994,11.74,5.733127238465816,,,,,,,0.0138669828032174,1.01668784252168,0.0090837562918068,,,,
156,204262368,16 01 26.52,-23 01 34.6,,11.18,,5.86,0.61,11.1,5.25,1.8686,,,,"USco,bronze",yes,Simbad,1,0.999953,16.960001,9.875250238465815,,,-1.6375175186649813,0.528,0.021,,0.0138669828032174,0.1657376929839237,0.0090837562918068,,,,
159,204838715,16 01 34.46,-20 38 01.7,,11.3,,5.65,0.7,11.21,4.95,1.9886,,,,"USco,bronze",no,Simbad,1,0.999488,16.86,9.861891238465816,,,-1.6589613720171,0.491,0.021,,0.0138669828032174,0.1669727395214244,0.0090837562918068,,,,
160,203842272,16 01 35.27,-24 43 36.8,,10.59,,5.29,0.13,10.57,5.16,6.8898,,,,"USco,bronze",no,Simbad,2,1e-06,15.86,8.982732238465815,,,-1.4182778551199666,0.601,0.021,,0.0138669828032174,0.2821132485922923,0.0090837562918068,,,,
165,204435603,16 01 49.50,-22 20 45.5,,12.42,,6.79,0.46,12.36,6.33,1.5936,,,,"USco,bronze",no,Simbad,1,0.999999,19.15,11.510998238465817,,,-2.0381045310939245,0.363,0.024,,0.0138669828032174,,0.0,,,,
166,204054129,16 01 49.54,-23 51 08.5,,11.93,,6.32,0.59,11.85,5.72,0.5272,0.6122,,,"USco,bronze",no,Simbad,1,0.999998,18.17,10.838709238465814,,,-1.8265223455832305,0.458,0.028,,0.0138669828032174,,0.0,,,,
170,205232648,16 01 57.65,-18 43 42.4,,10.9,,5.89,0.6,10.82,5.29,1.9751,,,,"USco,bronze",no,Simbad,1,0.999853,16.71,9.582677238465816,3427.3,1.217,-1.5385014786195814,0.564,0.021,0.2534761904761906,0.0138669828032174,0.1973781945209265,0.0090837562918068,0.313,0.0718,31.856,20.19
175,204388640,16 02 04.29,-22 31 47.0,,11.55,,8.82,2.7,11.2,6.12,2.6268,,,,"USco,bronze",yes,Simbad,1,0.998613,20.02,11.625143238465814,3312.7,0.038,-1.4634415426794882,0.489,0.022,0.1992744479495267,0.0138669828032174,,0.0,0.243,0.0626,13.835,7.883
177,204137184,16 02 05.17,-23 31 07.2,,10.67,,6.08,0.98,10.55,5.1,2.6411,,,,"USco,bronze",yes,Simbad,1,0.999919,16.630001,9.468374238465817,,,-1.4600461704540852,0.62,0.021,,0.0138669828032174,0.2131200161918591,0.0090837562918068,,,,
178,203708909,16 02 06.82,-25 12 38.8,,11.87,,6.04,3.07,11.48,2.96,1.1282,,,,"USco,bronze",no,Simbad,1,0.999994,17.52,10.615086238465814,3315.0,0.8892,-1.81332612815505,0.45,0.022,0.2,0.0138669828032174,0.1098538368574643,0.0090837562918068,0.2278,0.061,40.516,26.796
181,204258708,16 02 09.54,-23 02 27.9,,11.83,,6.18,0.23,11.8,5.95,0.4837,,,,"USco,bronze",no,Simbad,1,0.999994,17.98,10.642355238465814,3369.7,1.0468,-1.792634967621407,0.465,0.022,0.2260476190476189,0.0138669828032174,0.1082376522185312,0.0090837562918068,0.26,0.0632,51.35,33.641
184,204178534,16 02 12.80,-23 21 20.5,,11.68,,6.09,2.33,11.38,3.76,1.3517,,,,"USco,bronze",no,Simbad,1,0.999993,17.470001,10.440113238465816,3372.7,0.9808,-1.7399285941649858,0.496,0.021,0.2274761904761904,0.0138669828032174,0.1211765810026534,0.0090837562918068,0.2659,0.0657,44.795,29.682
187,205173629,16 02 21.47,-19 02 05.8,,10.3,,6.03,0.99,10.17,5.04,9.0908,,,,"USco,bronze",no,Simbad,1,0.99964,16.2,9.050663238465816,3485.4,1.1944,,,,,0.0138669828032174,0.2726543914958318,0.0090837562918068,,,,
189,204437393,16 02 23.65,-22 20 19.6,,9.62,,5.4,0.36,9.58,5.04,1.5002,,,,"USco,bronze",no,Simbad,1,0.992964,14.98,8.048776238465816,3624.6,0.8689,-0.7324528369149244,0.403,0.086,0.3638461538461538,0.0138669828032174,0.4492668108637796,0.0090837562918068,0.4603,0.0897,4.627,2.363
190,203629401,16 02 24.41,-25 29 12.5,,12.47,,6.43,0.28,12.43,6.15,0.4951,,,,"USco,bronze",no,Simbad,1,0.999997,18.86,11.395039238465817,,,-2.0925886361178163,0.335,0.022,,0.0138669828032174,,0.0,,,,
192,204417649,16 02 25.97,-22 24 57.7,,11.65,,6.18,0.23,11.62,5.96,1.435,,,,"USco,bronze",no,Simbad,1,0.999995,17.8,10.462141238465817,3331.2,0.9338,-1.7265357281647489,0.503,0.024,0.2077142857142856,0.0138669828032174,0.1198519876444544,0.0090837562918068,0.2415,0.0643,34.026,22.376
194,204518814,16 02 34.17,-22 00 35.7,,11.75,,7.24,0.86,11.64,6.38,0.4513,,,,"USco,bronze",no,Simbad,1,0.999999,18.880001,11.246590238465814,,,-1.878440165947746,0.476,0.023,,0.0138669828032174,,0.0,,,,
196,204356847,16 02 40.08,-22 39 13.5,,11.38,,6.1,1.92,11.13,4.18,1.2901,,,,"USco,bronze",no,Simbad,1,0.999994,17.23,10.182610238465816,3372.6,1.0019,-1.73259356294092,0.496,0.023,0.2274285714285714,0.0138669828032174,0.1401895111674445,0.0090837562918068,0.2663,0.066,43.792,29.033
203,204322706,16 02 55.13,-22 47 20.7,,10.57,,5.65,0.45,10.51,5.2,3.1006,,,,"USco,bronze",no,Simbad,1,0.999146,16.16,9.117648238465817,3508.3,0.9376,-1.3979400183792758,0.63,0.021,0.2920476190476191,0.0138669828032174,0.2630946461913822,0.0090837562918068,0.3819,0.0765,31.21,19.354
204,203846183,16 02 57.42,-24 42 41.8,,11.4,,5.89,0.23,11.37,5.65,1.575,,,,"USco,bronze",no,Simbad,1,0.999977,17.26,10.098180238465815,3324.6,0.9376,-1.673254611004964,0.517,0.022,0.2045714285714285,0.0138669828032174,0.1469579454598848,0.0090837562918068,0.2396,0.0642,27.694,17.762
206,203547407,16 03 00.18,-25 46 10.9,,8.47,,3.76,0.08,8.46,3.68,,,,,"USco,bronze",no,Simbad,1,0.999991,12.22,6.054463238465816,,,,,,,0.0138669828032174,0.9415759055432856,0.0090837562918068,,,,
209,204553407,16 03 01.79,-21 51 58.6,,11.49,,5.98,0.7,11.4,5.28,1.7175,,,,"USco,bronze",no,Simbad,1,0.999994,17.38,10.234778238465816,3367.0,0.9827,-1.762456278680009,0.486,0.021,0.2247619047619047,0.0138669828032174,0.1359191994784609,0.0090837562918068,0.2609,0.0647,46.439,30.719
210,203348744,16 03 02.35,-26 26 16.6,,12.15,,6.93,1.21,12.0,5.72,4.1674,,,,"USco,bronze",,Simbad,1,0.999991,18.93,11.296637238465816,,,-1.890759026902888,0.407,0.024,,0.0138669828032174,,0.0,,,,
212,204360645,16 03 22.76,-22 38 21.0,,11.17,,6.16,0.4,11.12,5.76,1.9005,,,,"USco,bronze",yes,Simbad,1,0.999995,17.279999,10.000481238465817,3419.2,1.1353,-1.6817279072994198,0.526,0.021,0.2496190476190475,0.0138669828032174,0.1551117246156536,0.0090837562918068,0.2978,0.0675,48.065,31.491
213,203551698,16 03 22.89,-25 45 17.5,,10.19,,5.08,0.41,10.13,4.67,19.6837,,,,"USco,bronze",no,Simbad,1,0.996487,15.21,8.442465238465815,3511.3,0.6708,-1.0051551465487756,0.452,0.089,0.2934761904761905,0.0138669828032174,0.373209239767865,0.0090837562918068,0.3994,0.0884,8.314,4.741
214,203551881,16 03 23.45,-25 45 14.9,,9.54,,4.52,0.0,9.54,4.51,0.7107,,,,"USco,bronze",no,Simbad,1,0.992964,14.059999,8.072079238465815,,,,,,,0.0138669828032174,0.4445731901205307,0.0090837562918068,,,,
215,204852633,16 03 24.35,-20 34 13.2,,12.34,,7.13,0.69,12.25,6.43,0.3454,,,,"USco,bronze",no,Simbad,1,0.999999,19.380001,11.595517238465815,,,-2.003926364935732,0.4,0.023,,0.0138669828032174,,0.0,,,,
218,204548337,16 03 27.87,-21 53 15.4,,9.86,,4.58,0.59,9.79,4.0,5.5706,,,,"USco,bronze",no,Simbad,1,0.997667,14.37,7.842537238465816,4023.7,0.7766,-0.7966406886756505,0.567,0.085,0.6067068273092369,0.0138669828032174,0.4916195398435774,0.0090837562918068,0.6921,0.058,17.642,9.258
219,205200173,16 03 28.71,-18 53 51.9,,10.12,,5.88,0.25,10.09,5.63,7.5153,,,,"USco,bronze",no,Simbad,1,0.996487,15.97,8.792739238465815,3508.9,0.9786,-0.9107309162527348,0.455,,0.2923333333333333,0.0138669828032174,0.311243831355632,0.0090837562918068,0.3876,0.0862,5.744,3.153
221,204063024,16 03 31.81,-23 48 58.3,,9.73,,4.63,0.7,9.64,3.93,9.2188,,,,"USco,bronze",no,Simbad,2,1e-06,14.27,7.727087238465815,3697.2,0.5303,-0.7945791042736611,0.542,0.088,0.4112499999999999,0.0138669828032174,0.5186399751627925,0.0090837562918068,0.5234,0.086,7.48,3.663
222,204246759,16 03 33.79,-23 05 19.0,,9.05,,3.44,0.7,8.96,2.74,4.4275,4.3351,,,"USco,bronze",no,Simbad,1,0.999019,12.4,6.373567238465816,4555.9,0.7769,-0.2936577999976473,0.648,0.077,1.2,0.0138669828032174,0.8648493477027155,0.0090837562918068,1.0069,0.0609,10.882,5.116
225,203420271,16 03 37.98,-26 11 54.6,,12.17,,5.76,1.75,11.95,4.01,1.3072,,,,"USco,bronze",no,Simbad,1,0.999962,17.71,10.769812238465814,,,-1.8732194236936204,0.399,0.022,,0.0138669828032174,0.1011910973932452,0.0090837562918068,,,,
231,204180473,16 03 45.02,-23 20 53.0,,10.51,,5.34,0.7,10.42,4.64,1.904,,,,"USco,bronze",no,Simbad,1,0.992964,15.76,8.911983238465815,3421.2,0.8402,-1.3465945175693297,0.643,0.021,0.2505714285714285,0.0138669828032174,0.2923724932399427,0.0090837562918068,0.3233,0.0756,16.985,9.993
233,204122161,16 03 50.41,-23 34 41.1,,9.7,,4.65,0.7,9.61,3.95,1.6102,,,,"USco,bronze",no,Simbad,2,1e-06,14.26,7.745984238465816,3752.3,0.7229,-0.7546847967020816,0.543,0.088,0.449513888888889,0.0138669828032174,0.5136604868779812,0.0090837562918068,0.5557,0.0851,7.483,3.529
240,204230890,16 03 59.12,-23 09 05.6,,9.53,,4.55,0.78,9.43,3.77,6.7346,,,,"USco,bronze",no,Simbad,1,0.992964,13.9800005,7.546189238465816,3775.2,0.6983,-0.6979072887840726,0.564,0.083,0.4654166666666665,0.0138669828032174,0.5630029279796126,0.0090837562918068,0.5653,0.0873,6.441,3.024
244,204376071,16 04 10.11,-22 34 45.7,,11.55,,6.38,0.19,11.53,6.19,1.6268,,,,"USco,bronze",no,Simbad,1,0.999998,17.91,10.463608238465817,,,-1.8227521646307645,0.456,0.022,,0.0138669828032174,0.11963728190571,0.0090837562918068,,,,
245,203920102,16 04 14.73,-24 24 43.6,,11.68,,6.13,0.17,11.66,5.96,1.6063,,,,"USco,bronze",no,Simbad,1,0.999995,17.79,10.471041238465816,,,-1.766242623932835,0.482,0.022,,0.0138669828032174,0.1192578287532891,0.0090837562918068,,,,
250,203514056,16 04 22.55,-25 53 04.1,,11.86,,5.52,0.7,11.77,4.82,2.2318,,,,"USco,bronze",no,Simbad,1,0.999324,17.29,10.352893238465816,3475.7,0.8922,-1.798056932484562,0.42,0.021,0.2765238095238094,0.0138669828032174,0.1268923922229238,0.0090837562918068,0.3087,0.0564,81.199,46.21
251,204603210,16 04 35.87,-21 39 22.3,,9.86,,5.68,0.49,9.8,5.19,1.0926,1.223,,,"USco,bronze",no,Simbad,1,0.999806,15.48,8.539976238465815,3535.2,1.0925,,,,,0.0138669828032174,0.3557068127402406,0.0090837562918068,,,,
252,203463878,16 04 39.65,-26 03 08.7,,11.42,,5.91,2.3,11.12,3.61,0.8042,,,,"USco,bronze",no,Simbad,1,0.999977,17.029999,10.184544238465817,,,-1.7449688234740448,0.478,0.03,,0.0138669828032174,0.1399069205649621,0.0090837562918068,,,,
253,205345560,16 06 23.81,-18 07 18.6,,10.38,,5.78,0.85,10.27,4.93,,,,,"USco,bronze",yes,Simbad,1,0.998613,16.050001,9.020543238465816,3533.1,1.0032,,,,,0.0138669828032174,0.2769388293519321,0.0090837562918068,,,,
254,205164304,16 06 31.10,-19 04 57.6,,12.72,,7.44,0.76,12.62,6.67,2.3011,,,,"USco,bronze",no,Simbad,1,0.999999,20.06,12.105635238465815,,,-2.2291479720145966,0.293,0.023,,0.0138669828032174,,0.0,,,,
255,205454164,16 06 39.30,-17 28 49.9,,10.28,,4.97,0.36,10.23,4.61,17.6813,,,,"USco,bronze",maybe,Simbad,1,0.997667,15.199999,8.639574238465816,3611.8,0.8554,-0.9530368532460152,0.459,,0.3556410256410258,0.0138669828032174,0.3384990434039284,0.0090837562918068,0.4794,0.0871,10.543,5.677
722,203807479,16 16 14.87,-24 51 27.9,,8.62,,3.64,0.0,8.62,3.64,,,,,"USco,bronze",no,Simbad,1,0.999997,12.26,6.172485238465816,,,,,,,0.0138669828032174,0.9149442163806468,0.0090837562918068,,,,
261,204856827,16 06 59.37,-20 33 04.7,,9.54,,5.8,0.65,9.46,5.15,1.648,2.8058,,,"USco,bronze",no,Simbad,1,0.99885,15.26,8.187453238465816,,,-0.7573095244317148,0.407,0.089,,0.0138669828032174,0.4211214833867938,0.0090837562918068,,,,
262,204819492,16 07 00.08,-20 43 10.5,,10.82,,6.08,0.85,10.71,5.23,2.0777,,,,"USco,bronze",no,Simbad,1,0.999974,16.79,9.618937238465817,,,-1.5401553686377962,0.585,0.022,,0.0138669828032174,0.1933505708909177,0.0090837562918068,,,,
264,204494633,16 07 00.51,-22 06 36.3,,10.44,,5.35,0.28,10.41,5.08,2.5116,,,,"USco,bronze",no,Simbad,1,0.996487,15.76,8.858096238465816,3520.3,0.7726,-1.3812199718322626,0.621,0.022,0.2977619047619048,0.0138669828032174,0.3000329744329641,0.0090837562918068,0.3923,0.0766,31.484,19.525
272,204955018,16 07 09.54,-20 05 56.2,,8.51,,3.24,0.7,8.42,2.54,,,,,"USco,bronze",no,Simbad,1,0.999989,11.66,5.721907238465816,,,,,,,0.0138669828032174,1.019280874435312,0.0090837562918068,,,,
274,204787127,16 07 14.44,-20 51 52.0,,9.63,,4.93,0.03,9.62,4.9,7.4111,,,,"USco,bronze",no,Simbad,1,0.996487,14.549999,7.872590238465815,3763.9,0.8484,-0.8447550957731353,0.514,0.09,0.4575694444444445,0.0138669828032174,0.485428440708651,0.0090837562918068,0.5676,0.078,10.738,5.035
277,205390110,16 07 17.41,-17 52 30.4,9.41,7.99,1.42,1.42,0.05,7.99,1.37,5.2411,,,,"USco,bronze",no,Simbad,2,1e-06,9.41,3.695507238465815,6104.8,0.1243,0.0951100504268467,1.09,0.139,1.2470714285714286,0.0138669828032174,,0.0,1.1421,0.0349,87.969,45.662
278,204506777,16 07 17.78,-22 03 36.5,8.75,7.05,1.7,1.7,0.71,6.96,1.0,1.5325,0.813,,,"USco,bronze",no,Simbad,1,0.999806,8.66,2.9489902384658144,,,0.852357985529813,1.013,0.137,,0.0138669828032174,,0.0,,,,
280,203915140,16 07 21.60,-24 25 58.4,,8.88,,2.77,0.7,8.78,2.07,,,,,"USco,bronze",no,Simbad,1,0.999996,11.549999,5.754177238465815,,,,,,,0.0138669828032174,1.011609106941599,0.0090837562918068,,,,
282,205495323,16 07 23.12,-17 12 41.9,,9.38,,3.8,0.0,9.38,3.79,7.0657,,,,"USco,bronze",no,Simbad,1,0.999019,13.18,6.979157238465815,4660.4,1.2656,-0.3652104745197313,0.651,0.088,0.8126701570680628,0.0138669828032174,0.7059716723719607,0.0090837562918068,0.944,0.065,20.817,10.298
283,204242152,16 07 23.75,-23 06 24.1,,9.85,,5.32,0.23,9.82,5.08,2.1044,1.5719,,,"USco,bronze",no,Simbad,1,0.992964,15.139999,8.251892238465816,,,,,,,0.0138669828032174,0.4075105728484248,0.0090837562918068,,,,
288,204233955,16 07 29.53,-23 08 22.4,,10.61,,5.77,1.12,10.47,4.65,2.0073,,,,"USco,bronze",yes,Simbad,1,0.999712,16.24,9.335124238465816,6117.1,3.7119,-1.2192507722243986,0.625,0.021,1.251464285714286,0.0138669828032174,0.2320446299191669,0.0090837562918068,0.7369,0.0273,113.357,33.186
289,204544974,16 07 33.51,-21 54 05.7,,8.77,,3.0,0.7,8.68,2.3,,,,,"USco,bronze",no,Simbad,1,0.999984,11.68,5.797652238465815,,,,,,,0.0138669828032174,1.001319945221978,0.0090837562918068,,,,
291,203860131,16 07 36.50,-24 39 22.2,,10.0,,4.23,0.0,10.0,4.23,5.9332,,,,"USco,bronze",no,Simbad,1,0.996487,14.23,7.887034238465816,3788.1,0.4757,-1.114017208018273,0.664,0.02,0.5,0.0138669828032174,0.4826548974270241,0.0090837562918068,0.5614,0.0478,34.692,20.13
292,205063210,16 07 39.15,-19 35 04.3,,11.31,,6.51,0.45,11.25,6.07,2.4332,,,,"USco,bronze",yes,Simbad,1,0.999997,17.76,10.309414238465816,,,-1.7698066113646769,0.496,0.021,,0.0138669828032174,0.1298278693023674,0.0090837562918068,,,,
297,203753432,16 07 48.61,-25 03 14.3,,11.43,,5.62,0.0,11.43,5.62,1.1744,,,,"USco,bronze",no,Simbad,1,0.999781,17.05,9.978880238465814,,,-1.6460837655731713,0.512,0.021,,0.0138669828032174,0.1570248757549757,0.0090837562918068,,,,
301,204830256,16 07 57.12,-20 40 17.7,,11.65,,6.63,0.66,11.56,5.98,3.65,,,,"USco,bronze",no,Simbad,1,0.999999,18.19,10.837559238465817,,,-1.8018930006836824,0.497,0.025,,0.0138669828032174,,0.0,,,,
302,204229583,16 07 57.76,-23 09 23.6,,9.09,,5.23,0.35,9.05,4.89,0.6893,0.7661,10.0931,,"USco,bronze",no,Simbad,1,0.992964,14.280001,7.702418238465816,,,,,,,0.0138669828032174,0.5243089137992942,0.0090837562918068,,,,
305,203851147,16 07 58.76,-24 41 31.9,,9.83,,5.57,0.25,9.8,5.33,5.9078,5.3359,,,"USco,bronze",no,Simbad,1,0.999751,15.370001,8.866157238465815,,,,,,,0.0138669828032174,0.2986295690525432,0.0090837562918068,,,,
312,204643047,16 08 04.21,-21 29 19.7,,9.82,,4.96,0.36,9.77,4.6,3.2726,,,,"USco,bronze",no,Simbad,1,0.992964,14.7300005,8.080279238465815,3632.0,0.7926,-0.7918543833919935,0.53,0.092,0.3685897435897436,0.0138669828032174,0.4432182939869997,0.0090837562918068,0.475,0.0897,5.991,3.096
313,203788687,16 08 05.22,-24 55 33.2,9.22,7.43,1.79,1.79,0.78,7.33,1.01,0.8911,0.8634,,,"USco,bronze",no,Simbad,1,0.999913,9.12,3.483918238465815,6456.2,0.4641,0.6802321267110368,1.121,0.146,1.3675083056478403,0.0138669828032174,,0.0,1.3731,0.0241,56.505,41.178
315,203844446,16 08 06.10,-24 43 05.9,,11.53,,5.98,0.0,11.53,5.98,1.2936,0.8414,,,"USco,bronze",no,Simbad,1,0.999996,17.51,10.295425238465816,3375.5,1.0495,-1.689731622762288,0.529,0.022,0.2288095238095238,0.0138669828032174,0.130848085027597,0.0090837562918068,0.2707,0.0674,38.971,25.765
323,204801261,16 08 15.59,-20 48 02.4,,9.86,,5.55,0.56,9.79,4.99,0.5499,,,,"USco,bronze",no,Simbad,1,0.997667,15.34,8.367063238465816,3571.6,0.9621,-0.7961787082076139,0.471,0.094,0.3298717948717948,0.0138669828032174,0.3861327298676288,0.0090837562918068,0.4256,0.0886,4.823,2.54
325,203563853,16 08 16.92,-25 42 47.6,,10.97,,5.49,0.7,10.88,4.79,0.9552,,,,"USco,bronze",no,Simbad,1,0.992964,16.369999,9.444375238465817,,,-1.455188092273524,0.593,0.021,,0.0138669828032174,0.2164889234693209,0.0090837562918068,,,,
331,204154736,16 08 23.09,-23 26 56.2,,9.59,,4.61,0.4,9.54,4.21,7.3397,,,,"USco,bronze",no,Simbad,1,0.997667,14.15,7.528927238465815,6302.2,2.8318,-0.7283209922087253,0.559,0.083,1.4,0.0138669828032174,0.567275994183777,0.0090837562918068,0.887,0.0295,94.685,39.675
343,205142340,16 08 35.77,-19 11 37.5,,12.17,,7.06,0.42,12.12,6.64,1.3056,,,,"USco,bronze",no,Simbad,1,0.999999,19.18,11.420432238465814,,,-2.0443122349375127,0.37,0.022,,0.0138669828032174,,0.0,,,,
346,204099739,16 08 39.08,-23 40 05.6,,9.15,,5.33,0.42,9.09,4.9,0.7158,0.7428,,,"USco,bronze",no,Simbad,1,0.992964,14.42,7.527028238465816,,,,,,,0.0138669828032174,0.5674570910530488,0.0090837562918068,,,,
351,203898731,16 08 45.64,-24 30 00.3,,11.24,,5.71,0.25,11.21,5.46,1.7833,,,,"USco,bronze",no,Simbad,1,0.999884,16.92,9.840625238465815,3381.2,0.9063,-1.6179829567269624,0.53,0.021,0.2315238095238094,0.0138669828032174,0.1687319069813591,0.0090837562918068,0.2781,0.069,31.993,20.696
353,202710503,16 08 46.75,-28 38 59.9,,10.43,,5.21,0.16,10.41,5.04,2.9021,,,,"USco,bronze",no,Simbad,1,0.997667,15.62,8.766901238465815,3529.9,0.6657,-1.3136318997886918,0.644,0.02,0.3031410256410257,0.0138669828032174,0.315883735602037,0.0090837562918068,0.4057,0.0784,26.428,15.97
354,203897643,16 08 47.39,-24 30 15.2,,10.77,,6.11,1.94,10.52,4.16,0.6426,0.5131,,,"USco,bronze",no,Simbad,1,0.999996,16.630001,9.607077238465816,,,-1.4979828074329933,0.633,0.028,,0.0138669828032174,0.1947575804532015,0.0090837562918068,,,,
361,204894630,16 08 57.45,-20 22 47.2,,11.1,,5.68,0.4,11.04,5.28,1.019,,,,"USco,bronze",no,Simbad,1,0.999488,16.72,9.674282238465816,3384.7,0.9381,-1.6751005171341289,0.481,0.021,0.2331904761904761,0.0138669828032174,0.1870146139743106,0.0090837562918068,0.2773,0.068,39.161,25.841
367,202960425,16 09 00.94,-27 44 46.8,,10.8,,6.07,0.7,10.71,5.37,0.6452,2.0169,,,"USco,bronze",no,Simbad,1,0.999997,16.78,9.630926238465817,,,-1.5797141274699713,0.6,0.021,,0.0138669828032174,0.1918954811329902,0.0090837562918068,,,,
368,202978875,16 09 01.67,-27 40 52.3,,11.95,,6.97,0.52,11.88,6.45,0.3057,,,,"USco,bronze",no,Simbad,1,0.999999,18.85,11.270359238465817,,,-1.908333026893695,0.456,0.022,,0.0138669828032174,,0.0,,,,
375,205626492,16 09 04.58,-16 16 32.7,,10.75,,5.92,0.38,10.7,5.53,0.3286,,,,"USco,bronze",no,Simbad,1,0.999953,16.619999,9.455964238465816,3384.3,0.9357,-1.5149887949962697,0.598,0.021,0.2330000000000001,0.0138669828032174,0.214830247924215,0.0090837562918068,0.2858,0.0702,23.484,14.442
378,203009876,16 09 07.76,-27 34 22.5,,11.42,,5.52,2.18,11.14,3.34,1.1937,,,,"USco,bronze",no,Simbad,1,0.999591,16.66,9.923040238465816,3326.5,0.7339,-1.8455760220237976,0.4,0.02,0.2054761904761904,0.0138669828032174,0.1618252294384682,0.0090837562918068,0.2323,0.0601,47.48,31.198
385,205558283,16 09 20.41,-16 46 40.3,11.4,8.15,3.25,3.25,0.7,8.06,2.55,,,,,"USco,bronze",no,Simbad,1,0.999997,11.31,5.365848238465816,,,,,,,0.0138669828032174,1.100864905172185,0.0090837562918068,,,,
390,203581504,16 09 26.93,-25 39 08.4,,11.7,,6.26,0.7,11.61,5.56,0.5917,0.6765,,,"USco,bronze",no,Simbad,1,0.999998,17.869999,10.614756238465816,,,-2.1056839321647822,0.319,0.023,,0.0138669828032174,0.1098604901042475,0.0090837562918068,,,,
395,203362293,16 09 30.22,-26 23 41.9,,12.49,,6.25,0.39,12.44,5.86,1.0369,,,,"USco,bronze",no,Simbad,1,0.999996,18.689999,11.331559238465816,,,-2.0118871575500967,0.359,0.022,,0.0138669828032174,,0.0,,,,
396,203842174,16 09 30.34,-24 43 37.8,,9.5,,5.17,0.75,9.41,4.43,2.4318,,,,"USco,bronze",no,Simbad,2,1e-06,14.58,8.205398238465815,,,,,,,0.0138669828032174,0.4170596170628206,0.0090837562918068,,,,
399,204397879,16 09 32.29,-22 29 35.9,,10.48,,5.67,0.35,10.44,5.31,3.6661,,,,"USco,bronze",yes,Simbad,1,0.999324,16.11,9.091916238465815,,,-1.325047066429193,0.651,0.022,,0.0138669828032174,0.2665973352064256,0.0090837562918068,,,,
402,204769996,16 09 36.07,-20 56 25.8,,11.68,,6.31,0.51,11.62,5.8,1.7179,,,,"USco,bronze",no,Simbad,1,0.999998,17.93,10.687680238465816,,,-1.8010681361422338,0.48,0.022,,0.0138669828032174,0.1057265219675409,0.0090837562918068,,,,
408,203844180,16 09 43.53,-24 43 10.0,,12.17,,6.02,0.4,12.12,5.62,0.8422,,,,"USco,bronze",no,Simbad,1,0.99999,18.14,10.895729238465815,3332.9,0.9044,-1.9193734983292128,0.388,0.021,0.2085238095238095,0.0138669828032174,,0.0,0.2295,0.0556,59.918,37.835
409,203893268,16 09 45.22,-24 31 18.6,,9.14,,3.98,0.7,9.05,3.28,6.3604,,,,"USco,bronze",no,Simbad,1,0.997667,13.030001,6.804768238465815,4606.8,1.2046,-0.4911606555820089,0.623,0.078,0.7985393258426967,0.0138669828032174,0.7527878841048954,0.0090837562918068,0.8561,0.0611,31.782,17.959
412,205477423,16 09 46.87,-17 19 44.9,,8.69,,3.55,0.7,8.6,2.85,5.4103,,,,"USco,bronze",no,Simbad,1,0.999999,12.150001,6.113758238465815,,,,,,,0.0138669828032174,0.9286993463222396,0.0090837562918068,,,,
414,203065387,16 09 51.06,-27 22 42.0,,12.45,,7.45,0.07,12.44,7.38,0.5432,,,,"USco,bronze",no,Simbad,1,0.999999,19.89,11.780325238465814,,,-2.127843732072752,0.346,0.022,,0.0138669828032174,,0.0,,,,
415,203856109,16 09 51.96,-24 40 20.0,,12.13,,6.95,0.83,12.03,6.12,1.4332,,,,"USco,bronze",yes,Simbad,1,0.999999,18.98,11.380839238465814,,,-1.9408153930640968,0.422,0.026,,0.0138669828032174,,0.0,,,,
416,204982702,16 09 52.06,-19 58 06.8,,10.46,,6.23,0.09,10.45,6.14,2.403,,,,"USco,bronze",yes,Simbad,1,0.999848,16.68,9.870437238465817,3000.6,0.2173,-1.3883828813677732,0.646,0.021,0.1008201892744479,0.0138669828032174,0.1661592372650069,0.0090837562918068,0.101,0.0276,2.518,1.154
422,204419255,16 09 58.05,-22 24 34.8,7.71,6.88,0.83,0.83,0.46,6.82,0.37,,,,,"USco,bronze",yes,Simbad,1,0.999698,7.65,2.0931232384658154,9860.5,0.817,1.2309205329210269,1.881,0.325,1.5,0.0138669828032174,,0.0,1.3992,0.0029,109.757,51.694
424,204121113,16 09 58.62,-23 34 55.9,,8.93,,4.16,0.0,8.93,4.16,1.6718,,,,"USco,bronze",no,Simbad,1,0.999853,13.09,6.666703238465816,4808.0,1.3643,-0.5023379455078776,0.617,0.08,0.8513089005235602,0.0138669828032174,0.7900169111521175,0.0090837562918068,0.8327,0.0426,61.137,37.614
429,203036995,16 10 03.10,-27 28 39.8,,9.84,,5.62,0.29,9.8,5.33,0.9301,0.7757,,,"USco,bronze",no,Simbad,1,0.992964,15.42,8.437375238465815,,,,,,,0.0138669828032174,0.3741293178066559,0.0090837562918068,,,,
435,204212486,16 10 11.64,-23 13 24.0,,9.07,,4.84,0.82,8.97,4.02,25.1229,,,,"USco,bronze",no,Simbad,1,0.992964,13.81,7.293361238465815,,,,,,,0.0138669828032174,0.6256591979866226,0.0090837562918068,,,,
439,202515599,16 10 15.41,-29 23 56.2,,12.08,,6.46,0.0,12.08,6.46,0.5851,,,,"USco,bronze",no,Simbad,1,0.999998,18.54,11.049899238465816,,,-2.069050957391668,0.357,0.021,,0.0138669828032174,,0.0,,,,
444,202915242,16 10 21.53,-27 54 17.6,,11.2,,6.09,0.28,11.16,5.8,1.2661,1.7012,,,"USco,bronze",no,Simbad,1,0.999995,17.25,10.005733238465815,,,-1.6304131009407974,0.559,0.022,,0.0138669828032174,0.1546771233523427,0.0090837562918068,,,,
447,202585030,16 10 24.19,-29 07 29.3,,9.07,,3.9,0.7,8.98,3.2,38.3933,,,,"USco,bronze",no,Simbad,1,0.992964,12.879999,6.676986238465815,,,,,,,0.0138669828032174,0.786548075576732,0.0090837562918068,,,,
449,203596697,16 10 25.15,-25 35 59.3,,10.8,,6.01,0.7,10.71,5.31,0.5868,,,,"USco,bronze",no,Simbad,1,0.999996,16.720001,9.567166238465814,,,-1.6320852742768308,0.564,0.021,,0.0138669828032174,0.1992762689446624,0.0090837562918068,,,,
458,204487447,16 10 30.68,-22 08 23.2,,11.76,,7.07,1.17,11.61,5.89,2.0221,,,,"USco,bronze",yes,Simbad,1,0.999999,18.68,11.005791238465816,,,-1.890759026902888,0.454,0.022,,0.0138669828032174,,0.0,,,,
459,203692610,16 10 31.61,-25 16 02.1,,11.6,,5.71,0.42,11.55,5.29,1.821,,,,"USco,bronze",no,Simbad,1,0.999848,17.26,10.205566238465815,3391.3,0.932,-1.651305800885447,0.512,0.021,0.2363333333333334,0.0138669828032174,0.1381679235020734,0.0090837562918068,0.2828,0.0687,37.654,24.724
464,204495624,16 10 42.58,-22 06 21.5,,11.5,,6.44,0.35,11.45,6.1,1.9662,,,,"USco,bronze",yes,Simbad,1,0.999998,17.89,10.449776238465816,3020.3,1.1776,-1.8233300726227908,0.473,0.022,0.1070347003154574,0.0138669828032174,0.1205477084585946,0.0090837562918068,0.0924,0.0296,7.633,4.306
465,205132185,16 10 42.91,-19 14 40.8,,8.55,,3.23,0.7,8.46,2.53,,,,,"USco,bronze",no,Simbad,1,0.999985,11.690001,5.747357238465815,,,,,,,0.0138669828032174,1.0136178400233944,0.0090837562918068,,,,
467,202879519,16 10 44.58,-28 01 53.9,,10.77,,6.01,0.0,10.77,6.01,5.0729,,,,"USco,bronze",,Simbad,1,0.999994,16.78,9.532262238465815,3477.2,1.1219,-1.5015516080479088,0.63,0.021,0.2772380952380952,0.0138669828032174,0.2040154415745507,0.0090837562918068,0.349,0.0726,36.761,23.258
468,202880081,16 10 44.77,-28 01 46.9,,10.25,,4.93,1.0,10.12,3.93,5.0735,,,,"USco,bronze",,Simbad,2,1e-06,15.049999,8.515003238465816,3558.1,0.7459,-0.9779429844082288,0.461,,0.3212179487179487,0.0138669828032174,0.3601557209199688,0.0090837562918068,0.438,0.0901,9.311,5.245
471,204468732,16 10 49.95,-22 12 51.7,,11.73,,7.17,0.98,11.6,6.19,0.7695,0.4794,,,"USco,bronze",no,Simbad,1,0.999999,18.77,11.030426238465814,,,-1.8709549386408115,0.476,0.023,,0.0138669828032174,,0.0,,,,
472,204530046,16 10 50.10,-21 57 48.5,,10.79,,6.28,1.05,10.66,5.24,1.9662,,,,"USco,bronze",yes,Simbad,1,0.999944,16.94,9.617205238465814,3390.0,0.9711,-1.5111673526998128,0.599,0.021,0.2357142857142857,0.0138669828032174,0.1934193018856404,0.0090837562918068,0.2898,0.0707,23.927,14.731
474,204902065,16 10 52.59,-20 20 42.4,,11.08,,5.16,0.65,11.0,4.51,,,,,"USco,bronze",no,Simbad,1,0.992964,16.16,9.374001238465816,3652.3,0.9784,-1.3540867223336843,0.593,0.021,0.3816025641025642,0.0138669828032174,0.2263344780312286,0.0090837562918068,0.4751,0.0584,55.617,34.987
477,204060981,16 10 56.18,-23 49 29.2,,9.47,,5.8,0.6,9.4,5.2,0.3996,0.3802,,,"USco,bronze",no,Simbad,1,0.999324,15.2,8.125751238465815,,,,,,,0.0138669828032174,0.4334316037008847,0.0090837562918068,,,,
478,204501712,16 10 56.91,-22 04 51.5,,11.4,,6.3,0.52,11.33,5.79,2.0304,,,,"USco,bronze",yes,Simbad,1,0.999998,17.630001,10.313749238465816,3380.1,1.1396,-1.7253803621613792,0.514,0.023,0.2309999999999999,0.0138669828032174,0.1295014355077936,0.0090837562918068,0.2713,0.0663,44.63,29.559
479,203716047,16 10 57.91,-25 11 10.3,,9.93,,5.4,0.26,9.9,5.14,0.8548,1.4424,,,"USco,bronze",no,Simbad,1,0.999324,15.299999,8.761792238465816,,,,,,,0.0138669828032174,0.3167365722173413,0.0090837562918068,,,,
485,203754361,16 11 07.43,-25 03 01.8,,9.62,,5.43,0.34,9.58,5.09,2.2213,0.6942,,,"USco,bronze",no,Simbad,1,0.992964,15.01,8.050002238465815,,,-0.7252880706832983,0.414,0.089,,0.0138669828032174,0.4491504640279673,0.0090837562918068,,,,
486,204233574,16 11 08.89,-23 08 28.3,,9.95,,5.17,0.0,9.95,5.17,1.391,,,,"USco,bronze",no,Simbad,2,1e-06,15.12,8.310603238465815,3512.1,0.6726,-1.5269511814284615,0.511,0.026,0.2938571428571428,0.0138669828032174,0.396099225035012,0.0090837562918068,0.3678,0.0694,47.378,30.102
487,204561327,16 11 09.19,-21 49 56.4,,11.6,,6.37,0.75,11.5,5.63,0.946,,,,"USco,bronze",no,Simbad,1,0.999999,17.869999,10.685677238465814,,,-1.8797551939834567,0.443,0.025,,0.0138669828032174,0.1059322104839971,0.0090837562918068,,,,
500,203759570,16 11 18.46,-25 01 55.0,,11.31,,5.8,0.22,11.29,5.58,1.8105,,,,"USco,bronze",no,Simbad,1,0.999893,17.09,9.968149238465816,3423.8,1.011,-1.589391466070345,0.55,0.021,0.2518095238095238,0.0138669828032174,0.1578639329421366,0.0090837562918068,0.3073,0.0705,36.822,23.795
507,203686287,16 11 32.85,-25 17 20.8,,10.83,,5.54,0.0,10.83,5.54,2.7112,,,,"USco,bronze",no,Simbad,1,0.997667,16.369999,9.352585238465815,3527.7,0.9208,-1.437707141926367,0.595,0.021,0.3017307692307691,0.0138669828032174,0.2296141792902931,0.0090837562918068,0.39,0.0734,39.059,24.686
513,203645396,16 11 42.60,-25 25 51.4,,11.26,,7.37,0.7,11.17,6.67,0.6287,0.4928,,,"USco,bronze",no,Simbad,1,0.999999,18.54,10.831145238465815,,,-1.8279811770924428,0.508,0.022,,0.0138669828032174,,0.0,,,,
515,204292655,16 11 45.29,-22 54 33.2,,11.81,,6.82,0.7,11.72,6.12,1.558,1.708,,,"USco,bronze",no,Simbad,1,0.999999,18.54,11.091023238465816,,,-1.977159382406383,0.416,0.022,,0.0138669828032174,,0.0,,,,
518,204345402,16 11 47.52,-22 41 55.1,,11.08,,5.63,0.58,11.0,5.05,2.7907,,,,"USco,bronze",no,Simbad,1,0.992964,16.630001,9.623662238465815,3412.8,0.92,-1.489187013616868,0.575,0.021,0.2465714285714286,0.0138669828032174,0.1928406692637582,0.0090837562918068,0.3068,0.0724,25.229,15.539
519,205019241,16 11 49.20,-19 47 43.3,,10.82,,6.46,0.57,10.75,5.89,0.92,,,,"USco,bronze",no,Simbad,1,0.999998,17.21,9.811391238465816,3428.1,1.2292,-1.592609089247742,0.594,0.021,0.2538571428571428,0.0138669828032174,0.1714672515414716,0.0090837562918068,0.3098,0.0703,38.066,24.63
524,205091879,16 11 57.63,-19 26 39.1,,10.19,,6.9,1.0,10.06,5.9,1.0182,,,,"USco,bronze",yes,Simbad,1,0.999997,16.960001,9.389322238465816,,,-1.4436975179281346,0.669,0.021,,0.0138669828032174,0.2243748875341869,0.0090837562918068,,,,
525,203647063,16 11 58.00,-25 25 30.2,9.62,7.79,1.83,1.83,0.49,7.73,1.34,,,,,"USco,bronze",no,Simbad,1,0.999922,9.56,3.853275238465816,5854.4,0.3586,,,,,0.0138669828032174,,0.0,,,,
527,204912351,16 12 02.22,-20 17 55.3,,11.08,,6.25,0.47,11.02,5.77,3.2611,,,,"USco,bronze",no,Simbad,1,0.999998,17.27,10.062400238465814,3415.8,1.2478,-1.6129662932282829,0.587,0.023,0.248,0.0138669828032174,0.149935456643681,0.0090837562918068,0.3006,0.0699,38.054,24.761
528,205092842,16 12 02.38,-19 26 22.0,,10.85,,6.59,1.08,10.72,5.51,1.7772,,,,"USco,bronze",yes,Simbad,1,0.999998,17.310001,9.892945238465815,,,-1.5000381404782528,0.604,0.022,,0.0138669828032174,0.1643661542518014,0.0090837562918068,,,,
530,205129147,16 12 05.39,-19 15 35.5,,8.79,,4.52,0.7,8.7,3.82,8.5895,,,,"USco,bronze",no,Simbad,1,0.999324,13.219999,6.793780238465816,5641.2,2.1909,-0.5252594159015873,0.596,0.087,1.095987460815047,0.0138669828032174,0.7551873033102475,0.0090837562918068,0.8999,0.0298,92.206,40.759
531,205168266,16 12 05.99,-19 03 44.3,8.0,6.81,1.19,1.19,1.39,6.63,-0.2,0.2815,0.2661,,,"USco,bronze",no,Simbad,1,0.999961,7.82,2.3218312384658155,,,1.135178787772596,1.785,0.413,,0.0138669828032174,,0.0,,,,
533,204857023,16 12 08.24,-20 33 01.6,,9.84,,5.94,1.5,9.65,4.44,1.4626,1.8555,,,"USco,bronze",no,Simbad,1,0.999806,15.59,8.979247238465815,3584.3,1.0985,,,,,0.0138669828032174,0.2827797190638673,0.0090837562918068,,,,
536,205156547,16 12 12.41,-19 07 19.3,,10.96,,7.3,1.45,10.77,5.86,1.8003,,,,"USco,bronze",yes,Simbad,1,0.999999,18.07,10.325223238465815,,,-1.6516951491983405,0.563,0.021,,0.0138669828032174,0.128808735644556,0.0090837562918068,,,,
540,205102553,16 12 18.44,-19 23 32.6,,12.0,,7.0,0.85,11.89,6.15,1.8511,,,,"USco,bronze",no,Simbad,1,0.999999,18.89,11.375163238465817,,,-1.9408153930640968,0.405,0.022,,0.0138669828032174,,0.0,,,,
543,204651122,16 12 22.89,-21 27 16.1,,12.03,,7.0,0.73,11.94,6.27,1.5999,,,,"USco,bronze",yes,Simbad,1,0.999999,18.939999,11.397591238465814,,,-1.98380265167473,0.407,0.022,,0.0138669828032174,,0.0,,,,
544,204928499,16 12 27.03,-20 13 25.2,,12.29,,6.95,0.4,12.24,6.55,0.8877,,,,"USco,bronze",no,Simbad,1,0.999999,19.189999,11.587645238465814,,,-2.053056735810229,0.378,0.023,,0.0138669828032174,,0.0,,,,
546,202699293,16 12 30.76,-28 41 30.0,,9.39,,4.08,0.7,9.3,3.38,6.822,,,,"USco,bronze",no,Simbad,2,1e-06,13.38,7.104233238465815,4079.9,0.5531,-0.6743817291957819,0.596,0.082,0.7,0.0138669828032174,0.6740174586310816,0.0090837562918068,0.7389,0.0674,12.894,6.24
547,204986244,16 12 31.38,-19 57 06.6,,9.14,,3.39,0.0,9.14,3.38,,,,,"USco,bronze",no,Simbad,1,0.999999,12.530001,6.502475238465815,,,,,,,0.0138669828032174,0.8321145355311008,0.0090837562918068,,,,
549,204581550,16 12 34.13,-21 44 50.4,,11.33,,6.46,1.02,11.2,5.43,1.9128,,,,"USco,bronze",yes,Simbad,1,0.999993,17.66,10.306631238465815,3425.8,1.1187,-1.6669559602333193,0.526,0.021,0.2527619047619048,0.0138669828032174,0.1300631886126514,0.0090837562918068,0.3029,0.0678,47.534,31.078
555,203577715,16 12 39.91,-25 39 54.5,,10.36,,5.37,0.0,10.36,5.37,3.1754,,,,"USco,bronze",maybe,Simbad,1,0.996487,15.73,8.765817238465816,3406.2,0.6813,-1.386792652399793,0.624,0.021,0.2434285714285713,0.0138669828032174,0.3159936719914366,0.0090837562918068,0.3097,0.0738,17.797,10.52
556,205013031,16 12 40.20,-19 49 30.6,,11.29,,6.25,0.45,11.23,5.81,3.6251,,,,"USco,bronze",no,Simbad,1,0.999998,17.48,10.249017238465814,3415.8,1.2416,-1.7512912767069624,0.5,0.021,0.248,0.0138669828032174,0.1346241657287899,0.0090837562918068,0.2891,0.0641,57.646,37.084
558,205012599,16 12 41.23,-19 49 37.9,,8.9,,4.62,0.59,8.82,4.02,3.6244,,,,"USco,bronze",no,Simbad,1,0.99964,13.44,7.116954238465816,,,,,,,0.0138669828032174,0.670606904525129,0.0090837562918068,,,,
565,204888409,16 12 48.96,-20 24 30.6,,12.08,,6.32,0.32,12.04,5.99,1.3743,,,,"USco,bronze",no,Simbad,1,0.999994,18.36,10.963875238465814,3292.0,1.0949,-1.847100396133545,0.44,0.023,0.1927444794952681,0.0138669828032174,,0.0,0.2134,0.0584,39.37,25.974
566,205253903,16 12 50.82,-18 36 59.6,,9.58,,4.87,0.69,9.49,4.18,,,,,"USco,bronze",no,Simbad,1,0.999998,14.36,8.003063238465815,,,,,,,0.0138669828032174,0.4586418696383513,0.0090837562918068,,,,
569,203678376,16 12 55.87,-25 18 58.3,,10.78,,5.88,0.27,10.75,5.61,,,,,"USco,bronze",no,Simbad,1,0.999965,16.630001,9.472616238465816,3421.3,1.0725,-1.5332806286630762,0.592,0.021,0.2506190476190477,0.0138669828032174,0.2125284962822052,0.0090837562918068,0.3094,0.0718,30.342,19.148
570,203760219,16 13 02.34,-25 01 46.0,,9.43,,4.57,0.7,9.34,3.87,2.312,2.0282,,,"USco,bronze",no,Simbad,1,0.992964,13.91,7.521498238465815,3808.4,0.7243,,,,,0.0138669828032174,0.5689065931246307,0.0090837562918068,,,,
575,204259310,16 13 09.82,-23 02 18.4,,11.76,,6.29,0.47,11.69,5.82,1.3301,1.5318,,,"USco,bronze",yes,Simbad,1,0.999998,17.98,10.841399238465817,,,-1.9746941474950583,0.381,0.025,,0.0138669828032174,,0.0,,,,
580,204491374,16 13 11.71,-22 07 25.6,,11.21,,6.11,0.35,11.17,5.76,1.2445,,,,"USco,bronze",maybe,Simbad,1,0.999995,17.28,10.038927238465815,3434.5,1.1374,-1.652865220104578,0.545,0.022,0.2569047619047619,0.0138669828032174,0.1518914554638555,0.0090837562918068,0.3092,0.0681,47.587,31.005
583,205457507,16 13 15.93,-17 27 33.5,,9.28,,3.96,0.7,9.19,3.26,,,,,"USco,bronze",no,Simbad,1,0.999998,13.15,6.995686238465815,4936.5,1.398,,,,,0.0138669828032174,0.7019575621787463,0.0090837562918068,,,,
585,202521690,16 13 18.44,-29 22 27.6,,9.22,,5.18,0.7,9.13,4.48,6.1258,,,,"USco,bronze",no,Simbad,2,1e-06,14.309999,7.829702238465815,,,,,,,0.0138669828032174,0.4942408449426602,0.0090837562918068,,,,
588,205373716,16 13 20.80,-17 57 52.1,,9.87,,5.83,0.23,9.84,5.59,1.1268,4.1193,,,"USco,bronze",,Simbad,1,0.999751,15.67,8.527364238465815,3534.8,1.012,-0.7831482337089825,0.375,,0.3062820512820514,0.0138669828032174,0.3582182492404044,0.0090837562918068,0.3933,0.0837,3.951,2.023
589,205373893,16 13 21.23,-17 57 49.1,,10.05,,5.67,0.7,9.95,4.97,1.1269,4.1172,,,"USco,bronze",no,Simbad,1,0.997667,15.62,8.612786238465816,3479.4,1.0015,-0.8986310590189541,0.424,0.09,0.2782857142857143,0.0138669828032174,0.3429736245896039,0.0090837562918068,0.3621,0.0807,4.826,2.555
591,203048597,16 13 24.56,-27 26 13.4,15.3,9.78,5.52,5.52,0.19,9.76,5.33,1.6084,1.1654,,,"USco,bronze",no,Simbad,1,0.999146,15.280001,8.946353238465814,,,,,,,0.0138669828032174,0.2872586701530911,0.0090837562918068,,,,
597,202931403,16 13 33.80,-27 50 54.4,,11.9,,5.66,0.59,11.83,5.07,,,,,"USco,bronze",no,Simbad,1,0.999727,17.49,10.524842238465816,,,,,,,0.0138669828032174,0.1156635648802251,0.0090837562918068,,,,
603,203329658,16 13 37.92,-26 29 49.9,11.13,7.78,3.35,3.35,1.32,7.61,2.03,,,,,"USco,bronze",no,Simbad,1,0.999999,10.96,5.148302238465815,,,,,,,0.0138669828032174,1.1467100804866248,0.0090837562918068,,,,
608,205225696,16 13 43.50,-18 45 52.8,,10.52,,6.64,1.46,10.33,5.19,2.7027,0.8882,,,"USco,bronze",no,Simbad,1,0.999909,16.97,10.082221238465817,,,,,,,0.0138669828032174,0.1483837426265117,0.0090837562918068,,,,
615,203070560,16 13 51.88,-27 21 38.0,,10.26,,4.69,0.48,10.2,4.22,3.6855,,,,"USco,bronze",no,Simbad,1,0.999998,14.889999,8.529328238465816,,,,,,,0.0138669828032174,0.3575768403614793,0.0090837562918068,,,,
617,202818196,16 13 58.11,-28 15 09.5,7.94,6.98,0.96,0.96,0.77,6.88,0.19,1.3633,0.9399,,,"USco,bronze",no,Simbad,1,0.999616,7.84,2.3205662384658154,10279.1,0.779,1.1278214289203394,1.726,0.304,1.5,0.0138669828032174,,0.0,1.399,0.0032,107.52,50.391
620,205203953,16 14 02.26,-18 52 43.8,,9.04,,4.86,0.96,8.92,3.9,,,,,"USco,bronze",no,Simbad,1,0.999998,13.780001,7.508560238465815,,,,,,,0.0138669828032174,0.5718708303294494,0.0090837562918068,,,,
621,203534383,16 14 02.97,-25 48 53.3,,11.71,,7.05,0.83,11.6,6.22,0.2784,0.3234,,,"USco,bronze",no,Simbad,1,0.999999,18.650002,10.953523238465817,,,-1.8282735487000388,0.484,0.021,,0.0138669828032174,,0.0,,,,
623,203459091,16 14 04.91,-26 04 06.6,,10.76,,6.11,0.28,10.73,5.83,0.7071,0.7969,,,"USco,bronze",no,Simbad,1,0.999993,16.84,9.589121238465816,,,-1.568475425789333,0.586,0.023,,0.0138669828032174,0.1967845370991916,0.0090837562918068,,,,
625,205051240,16 14 07.92,-19 38 29.1,,7.72,,3.91,2.62,7.39,1.29,5.2912,,,,"USco,bronze",yes,Simbad,1,0.999973,11.3,5.623950238465815,,,,,,,0.0138669828032174,1.040888871448754,0.0090837562918068,,,,
626,204492163,16 14 08.95,-22 07 13.3,,11.48,,5.99,0.32,11.44,5.67,0.5673,,,,"USco,bronze",no,Simbad,1,0.999984,17.43,10.234461238465816,3362.8,1.0215,-1.693574971170993,0.507,0.021,0.2227619047619048,0.0138669828032174,0.1359384912990025,0.0090837562918068,0.2626,0.0669,36.733,24.248
629,205049683,16 14 12.17,-19 38 55.4,,9.03,,3.65,0.0,9.03,3.65,4.2337,,,,"USco,bronze",no,Simbad,1,0.999928,12.68,6.632925238465816,4829.0,1.2186,-0.3529790831526654,0.632,0.08,0.8568062827225131,0.0138669828032174,0.798639805808679,0.0090837562918068,0.9203,0.0645,33.656,20.245
633,205047378,16 14 13.81,-19 39 36.2,9.61,7.25,2.36,2.36,0.49,7.19,1.87,1.7999,1.8897,,,"USco,bronze",no,Simbad,1,0.999959,9.55,3.7517552384658153,6122.5,0.8611,,,,,0.0138669828032174,,0.0,,,,
636,204488355,16 14 20.50,-22 08 09.7,7.72,6.88,0.84,0.84,0.65,6.8,0.19,0.0628,0.0539,0.1349,0.0781,"USco,bronze",no,Simbad,1,0.998635,7.6400003,2.1057182384658155,10210.1,0.8168,1.20325922423904,1.864,0.315,1.5,0.0138669828032174,,0.0,1.3991,0.0029,109.385,51.267
640,203532363,16 14 29.66,-25 49 18.7,,11.09,,6.26,0.98,10.96,5.28,1.4984,,,,"USco,bronze",no,Simbad,1,0.999951,17.220001,9.952836238465816,,,-1.541211130359073,0.579,0.021,,0.0138669828032174,0.1591357217945272,0.0090837562918068,,,,
641,202853972,16 14 31.99,-28 07 23.1,,10.46,,5.4,0.7,10.37,4.7,8.6456,,,,"USco,bronze",maybe,Simbad,1,0.992964,15.77,8.892688238465816,3418.7,0.6583,-1.3465945175693297,0.64,0.021,0.2493809523809523,0.0138669828032174,0.2948464026204854,0.0090837562918068,0.3214,0.0754,16.77,9.856
645,204828211,16 14 36.38,-20 40 49.3,,11.5,,5.62,0.0,11.5,5.62,0.7257,,,,"USco,bronze",no,Simbad,1,0.99964,17.119999,10.047849238465815,3383.5,0.9145,-1.7708302954755446,0.44,0.021,0.2326190476190476,0.0138669828032174,0.1511278748724842,0.0090837562918068,0.2696,0.0642,51.871,33.967
647,203726701,16 14 39.18,-25 08 56.5,,11.99,,6.24,0.49,11.93,5.76,1.6873,,,,"USco,bronze",no,Simbad,1,0.999995,18.17,10.838734238465817,3324.0,1.1204,-1.845880486120132,0.435,0.021,0.2042857142857143,0.0138669828032174,,0.0,0.231,0.06,46.885,30.833
648,204926239,16 14 40.15,-20 14 03.0,9.19,7.07,2.12,2.12,1.42,6.89,0.7,,,,,"USco,bronze",no,Simbad,1,0.99994,9.01,3.339250238465816,6328.3,0.7831,,,,,0.0138669828032174,,0.0,,,,
651,203382255,16 14 42.64,-26 19 42.4,,12.28,,6.41,0.0,12.28,6.41,,,,,"USco,bronze",yes,Simbad,1,0.999998,18.689999,11.159218238465815,,,-2.071604131885078,0.346,0.021,,0.0138669828032174,,0.0,,,,
652,203711274,16 14 42.69,-25 12 09.7,,9.34,,4.37,0.71,9.25,3.66,3.5396,,,,"USco,bronze",no,Simbad,1,0.999989,13.62,7.431405238465816,4587.6,1.5181,,,,,0.0138669828032174,0.5911156594224112,0.0090837562918068,,,,
653,203017692,16 14 45.67,-27 32 43.2,,9.98,,4.94,0.33,9.94,4.61,5.1131,,,,"USco,bronze",no,Simbad,1,0.992964,14.879999,8.311585238465815,3599.5,0.606,-1.0054628839053648,0.453,0.091,0.3477564102564102,0.0138669828032174,0.3960199833518393,0.0090837562918068,0.4736,0.0858,12.285,6.66
655,204130613,16 14 50.25,-23 32 39.9,,9.9,,5.25,0.7,9.81,4.55,,,,,"USco,bronze",yes,Simbad,1,0.999857,15.06,8.901396238465816,,,-1.3374310424573,0.609,,,0.0138669828032174,0.2938799784912829,0.0090837562918068,,,,
656,204231861,16 14 51.31,-23 08 51.8,,11.64,,6.13,0.7,11.55,5.43,1.3501,,,,"USco,bronze",yes,Simbad,1,0.999996,17.68,10.510567238465814,,,-1.7086311511497476,0.521,0.022,,0.0138669828032174,0.1165770438299043,0.0090837562918068,,,,
657,205061092,16 14 51.78,-19 35 40.5,,12.37,,6.6,0.93,12.25,5.67,,,,,"USco,bronze",yes,Simbad,1,0.999998,18.85,11.611439238465817,,,-2.044793473779582,0.337,0.031,,0.0138669828032174,,0.0,,,,
659,203083616,16 14 52.52,-27 18 55.9,,12.81,,7.75,0.7,12.72,7.05,1.3477,,,,"USco,bronze",yes,Simbad,1,0.999999,20.470001,12.334083238465816,2860.4,0.5515,-2.233587135722633,0.288,0.022,0.1,0.0138669828032174,,0.0,0.0527,0.0183,9.554,6.533
661,204426847,16 14 53.32,-22 22 49.1,7.38,7.03,0.35,0.35,0.47,6.97,-0.12,,,,,"USco,bronze",no,Simbad,1,0.993034,7.3199997,1.7876572384658154,,,1.5557193184476763,2.192,0.314,,0.0138669828032174,,0.0,,,,
662,203747590,16 14 53.91,-25 04 30.9,,11.25,,6.05,0.55,11.18,5.5,1.0397,,,,"USco,bronze",no,Simbad,1,0.999992,17.23,10.042530238465815,3369.7,1.1004,-1.6633401951581996,0.527,0.021,0.2260476190476189,0.0138669828032174,0.1515626331312835,0.0090837562918068,0.2685,0.0678,34.69,22.748
669,205209357,16 15 08.57,-18 51 01.0,,9.54,,5.43,1.29,9.37,4.14,11.3538,,,,"USco,bronze",no,Simbad,1,0.99989,14.799999,8.163548238465815,5021.9,2.6539,-0.4343056241537111,0.631,0.081,0.908181818181818,0.0138669828032174,0.4256765203659441,0.0090837562918068,0.8671,0.0382,71.928,40.764
677,202906766,16 15 13.19,-27 56 04.0,,11.07,,5.43,0.28,11.04,5.15,4.3445,1.756,,,"USco,bronze",no,Simbad,1,0.992964,16.47,9.523542238465817,,,-1.4565528285839888,0.591,0.022,,0.0138669828032174,0.2051322663534027,0.0090837562918068,,,,
679,204299578,16 15 15.18,-22 52 54.0,,12.01,,6.45,0.24,11.98,6.21,0.7705,,,,"USco,bronze",no,Simbad,1,0.999998,18.43,10.944216238465817,,,-1.9318141500352728,0.411,0.021,,0.0138669828032174,,0.0,,,,
681,205037489,16 15 17.74,-19 42 30.3,,10.19,,5.46,1.16,10.04,4.3,6.0053,,,,"USco,bronze",no,Simbad,1,0.996487,15.5,8.891959238465816,3566.9,0.9945,-0.8374355857147512,0.507,,0.3268589743589744,0.0138669828032174,0.2952671459732287,0.0090837562918068,0.4276,0.0894,5.56,2.989
683,203720901,16 15 21.87,-25 10 08.3,,9.09,,3.44,0.0,9.09,3.44,,,,,"USco,bronze",no,Simbad,1,0.999997,12.530001,6.496353238465815,,,,,,,0.0138669828032174,0.8339117707292573,0.0090837562918068,,,,
684,204584778,16 15 25.15,-21 44 01.5,,11.78,,6.88,0.61,11.7,6.27,1.7439,,,,"USco,bronze",yes,Simbad,1,0.999999,18.58,11.217028238465817,,,-1.902048930772211,0.457,0.022,,0.0138669828032174,,0.0,,,,
685,203816510,16 15 27.20,-24 49 27.4,,11.51,,6.76,1.07,11.37,5.69,1.8192,,,,"USco,bronze",yes,Simbad,1,0.999998,18.130001,10.602221238465816,3477.7,1.6871,-1.729787149035979,0.506,0.021,0.2774761904761904,0.0138669828032174,0.110678711341351,0.0090837562918068,0.322,0.0606,71.084,42.835
691,205198363,16 15 33.40,-18 54 25.1,,11.27,,8.23,2.23,10.98,6.0,1.8996,,,,"USco,bronze",yes,Simbad,1,1.0,19.21,11.063126238465816,,,-1.749092284494468,0.546,0.023,,0.0138669828032174,,0.0,,,,
695,204092042,16 15 38.43,-23 41 56.1,,11.34,,5.91,1.17,11.19,4.75,1.3857,,,,"USco,bronze",no,Simbad,1,0.999957,17.099998,10.045364238465815,3381.3,1.0204,-1.6346992670342422,0.532,0.021,0.2315714285714286,0.0138669828032174,0.1514567788510586,0.0090837562918068,0.2773,0.0688,33.776,22.003
697,204621457,16 15 41.10,-21 34 46.4,,11.7,,6.28,0.45,11.65,5.84,0.5626,,,,"USco,bronze",no,Simbad,1,0.999997,17.93,10.693539238465814,,,-1.763462716123848,0.506,0.023,,0.0138669828032174,0.1054386831337671,0.0090837562918068,,,,
700,203122463,16 15 48.68,-27 10 54.9,,11.88,,6.64,0.76,11.79,5.88,1.4668,0.8599,,,"USco,bronze",no,Simbad,1,0.999999,18.43,11.056397238465816,,,-1.891773331075522,0.459,0.022,,0.0138669828032174,,0.0,,,,
701,204467371,16 15 49.13,-22 13 12.0,,12.12,,6.14,0.2,12.1,5.93,1.8066,,,,"USco,bronze",yes,Simbad,1,0.999998,18.24,11.045044238465817,,,-1.9229956860303936,0.402,0.021,,0.0138669828032174,,0.0,,,,
703,204494046,16 15 51.62,-22 06 45.1,,11.48,,5.63,0.7,11.39,4.93,1.7409,,,,"USco,bronze",no,Simbad,1,0.99964,17.02,10.030552238465816,,,-1.6615435020019051,0.498,0.021,,0.0138669828032174,0.1526491042712562,0.0090837562918068,,,,
704,203920452,16 15 53.26,-24 24 38.1,,10.35,,5.22,0.26,10.31,4.97,6.9137,,,,"USco,bronze",no,Simbad,1,0.992964,15.530001,8.885956238465816,3777.1,1.1531,-1.081812354667061,0.43,,0.466736111111111,0.0138669828032174,0.2961054401167634,0.0090837562918068,0.5625,0.0523,28.787,15.552
705,203674308,16 15 53.97,-25 19 49.3,,10.82,,5.72,0.39,10.77,5.34,3.5205,,,,"USco,bronze",no,Simbad,1,0.999146,16.49,9.417192238465816,3667.3,1.197,-1.351932860667015,0.631,0.021,0.3912179487179488,0.0138669828032174,0.220392318003768,0.0090837562918068,0.482,0.0553,59.095,36.889
709,205210347,16 15 59.84,-18 50 42.8,,8.43,,4.45,0.98,8.31,3.47,,,,,"USco,bronze",no,Simbad,1,0.999999,12.76,6.563628238465816,,,,,,,0.0138669828032174,0.8167904645152025,0.0090837562918068,,,,
713,204348630,16 16 02.95,-22 41 09.3,,10.77,,5.92,0.18,10.74,5.75,1.1663,1.0589,,,"USco,bronze",no,Simbad,1,0.999956,16.66,9.484313238465814,,,-1.505149978319906,0.603,0.021,,0.0138669828032174,0.2108653209341451,0.0090837562918068,,,,
714,203731383,16 16 05.15,-25 07 56.3,,10.76,,5.33,0.78,10.66,4.56,7.6418,,,,"USco,bronze",no,Simbad,1,0.998258,15.99,9.215398238465816,3550.9,1.0486,-1.3193019622244742,0.639,0.02,0.3166025641025641,0.0138669828032174,0.2489085931179444,0.0090837562918068,0.42,0.0765,29.915,18.291
716,204554162,16 16 09.43,-21 51 46.8,,9.26,,4.0,0.7,9.17,3.3,7.2161,,,,"USco,bronze",no,Simbad,1,0.998258,13.17,7.090306238465816,4499.3,1.3362,-0.6460068679089017,0.622,0.081,1.1,0.0138669828032174,0.6775149146210986,0.0090837562918068,0.7729,0.0429,49.507,32.132
720,203895004,16 16 12.92,-24 30 54.3,,10.0,,6.73,1.27,9.83,5.46,2.6566,,,,"USco,bronze",no,Simbad,1,0.999989,16.56,9.113703238465815,,,,,,,0.0138669828032174,0.2633829700162402,0.0090837562918068,,,,
721,203840786,16 16 13.28,-24 43 57.5,,9.71,,5.62,0.52,9.64,5.09,2.3881,,,,"USco,bronze",no,Simbad,1,0.99964,15.26,8.464932238465815,,,-0.6228395225144153,0.546,0.099,,0.0138669828032174,0.3692970314304052,0.0090837562918068,,,,
727,203685514,16 16 20.72,-25 17 30.2,,11.19,,6.11,0.95,11.07,5.16,1.2673,,,,"USco,bronze",no,Simbad,1,0.999911,17.18,9.998106238465816,,,-1.512437443054128,0.587,0.021,,0.0138669828032174,0.1554169283585055,0.0090837562918068,,,,
728,202842502,16 16 21.91,-28 09 50.4,9.12,7.93,1.19,1.19,0.7,7.84,0.49,,,,,"USco,bronze",no,Simbad,1,0.999763,9.030001,3.462325238465816,,,0.8658593385029769,1.362,0.326,,0.0138669828032174,,0.0,,,,
730,202872570,16 16 23.52,-28 03 24.1,,11.31,,6.05,2.12,11.04,3.94,,,,,"USco,bronze",no,Simbad,1,0.999996,17.09,10.100748238465815,3375.9,1.0069,-1.6777807111212402,0.533,0.022,0.229,0.0138669828032174,0.1468662658542237,0.0090837562918068,0.2716,0.0677,37.61,24.805
731,203568037,16 16 24.38,-25 41 54.1,,10.38,,7.19,1.17,10.23,6.03,1.1992,0.436,0.8086,,"USco,bronze",no,Simbad,1,0.99989,17.42,9.705669238465816,,,,,,,0.0138669828032174,0.1836015753338461,0.0090837562918068,,,,
733,203414491,16 16 30.23,-26 13 05.7,,8.53,,4.65,1.02,8.4,3.64,,,,,"USco,bronze",no,Simbad,1,0.999999,13.049999,6.781743238465815,5446.7,2.2232,,,,,0.0138669828032174,0.7586629862057251,0.0090837562918068,,,,
734,203710387,16 16 30.66,-25 12 20.4,,11.91,,6.55,0.85,11.8,5.69,2.5441,,,,"USco,bronze",no,Simbad,1,0.999999,18.35,11.046183238465815,,,-1.8428455486198887,0.472,0.022,,0.0138669828032174,,0.0,,,,
735,203747290,16 16 31.00,-25 04 34.8,,11.24,,6.25,1.01,11.11,5.24,0.5784,,,,"USco,bronze",no,Simbad,1,0.999996,17.36,10.256069238465816,3415.8,1.3718,-1.6478174646313255,0.549,0.021,0.248,0.0138669828032174,0.1341763107938563,0.0090837562918068,0.2983,0.0688,42.519,27.873
737,203416475,16 16 33.06,-26 12 40.7,,11.82,,6.31,0.32,11.78,5.99,13.649,,,,"USco,bronze",no,Simbad,1,0.99982,18.09,10.894848238465816,,,,,,,0.0138669828032174,,0.0,,,,
741,204206497,16 16 40.36,-23 14 48.4,,9.82,,5.22,0.28,9.78,4.94,5.926,,,,"USco,bronze",no,Simbad,2,1e-06,15.0,8.137327238465815,,,-0.8390515208793804,0.52,0.09,,0.0138669828032174,0.4311117464817118,0.0090837562918068,,,,
742,203679848,16 16 41.35,-25 18 39.7,,11.04,,6.86,0.92,10.92,5.94,0.4985,0.4422,,,"USco,bronze",no,Simbad,1,0.999999,17.78,10.210843238465817,3517.5,1.7253,-1.5985994586534844,0.598,0.021,0.2964285714285714,0.0138669828032174,0.137759579554818,0.0090837562918068,0.3607,0.0646,59.729,37.144
744,203587408,16 16 42.97,-25 37 54.9,,10.05,,5.92,0.59,9.98,5.33,3.1403,,,,"USco,bronze",no,Simbad,1,0.999661,15.9,8.742712238465815,3739.3,1.2262,-1.0419619669769902,0.451,,0.4404861111111112,0.0138669828032174,0.3200634494981296,0.0090837562918068,0.5526,0.0614,21.811,10.842
746,203479994,16 16 45.10,-25 59 57.7,,8.56,,4.14,0.29,8.52,3.85,0.7768,,,,"USco,bronze",no,Simbad,1,0.999991,12.66,6.531457238465816,,,,,,,0.0138669828032174,0.8240978489919536,0.0090837562918068,,,,
748,203337814,16 16 47.54,-26 28 18.1,,11.69,,5.97,0.7,11.59,5.27,0.781,,,,"USco,bronze",no,Simbad,1,0.999991,17.56,10.409553238465817,,,-1.8467951043361583,0.434,0.021,,0.0138669828032174,0.1232930663437745,0.0090837562918068,,,,
749,203855509,16 16 47.93,-24 40 28.4,,10.26,,6.18,0.77,10.16,5.41,4.5193,0.385,0.4276,,"USco,bronze",no,Simbad,1,0.999924,16.34,9.105209238465816,3507.5,1.4101,,,,,0.0138669828032174,0.2646189235570721,0.0090837562918068,,,,
750,203627083,16 16 48.72,-25 29 40.4,,11.5,,6.93,1.13,11.35,5.8,0.8799,1.2371,,,"USco,bronze",no,Simbad,2,,18.28,12.025778238465817,,,,,,,0.0138669828032174,,0.0,,,,
753,204241221,16 16 53.37,-23 06 37.7,8.68,7.34,1.34,1.34,0.71,7.25,0.64,0.5278,,,,"USco,bronze",no,Simbad,1,0.999791,8.59,2.982774238465815,7265.7,0.4918,0.8686755906725879,1.461,0.245,1.5,0.0138669828032174,,0.0,1.3949,0.0083,87.495,50.18
754,203768482,16 16 54.29,-24 59 59.2,,10.83,,6.2,0.88,10.72,5.32,2.5824,1.6283,,,"USco,bronze",no,Simbad,1,0.999982,16.92,9.681436238465816,3477.9,1.2585,-1.5236031682616944,0.599,0.021,0.2775714285714286,0.0138669828032174,0.1861503360885203,0.0090837562918068,0.3472,0.0716,39.549,25.168
756,203844508,16 16 56.03,-24 43 05.2,,11.37,,6.86,1.24,11.21,5.62,2.1352,,,,"USco,bronze",no,Simbad,1,0.999999,18.07,10.504286238465816,3428.6,1.6564,-1.712646238745605,0.521,0.021,0.254095238095238,0.0138669828032174,0.1170970467359437,0.0090837562918068,0.3002,0.0655,55.122,35.629
757,204144407,16 16 56.10,-23 29 25.2,,9.02,,4.69,0.57,8.95,4.12,3.9926,,,,"USco,bronze",no,Simbad,1,0.99885,13.639999,7.544682238465816,,,,,,,0.0138669828032174,0.5631035780833016,0.0090837562918068,,,,
758,203527618,16 16 58.00,-25 50 16.6,,11.41,,6.4,1.0,11.28,5.4,3.1465,,,,"USco,bronze",no,Simbad,1,0.999996,17.68,10.330930238465816,3373.5,1.2623,-1.7253803621613792,0.499,0.021,0.2278571428571428,0.0138669828032174,0.1284477356689292,0.0090837562918068,0.2673,0.0663,43.053,28.547
763,203868608,16 17 18.97,-24 37 18.8,,10.76,,7.08,1.17,10.61,5.91,5.6382,1.1066,,,"USco,bronze",no,Simbad,1,0.999999,17.689999,10.055987238465816,3412.8,1.972,-1.5828605881229405,0.621,0.025,0.2465714285714286,0.0138669828032174,0.150590461216932,0.0090837562918068,0.3006,0.0706,33.986,21.871
764,204099505,16 17 21.17,-23 40 08.7,,11.59,,6.41,0.77,11.49,5.64,2.0337,,,,"USco,bronze",no,Simbad,1,0.999993,17.9,10.520581238465816,3414.6,1.3009,-1.6800615736380158,0.518,0.021,0.2474285714285714,0.0138669828032174,0.1159562692459949,0.0090837562918068,0.2952,0.0677,46.701,30.666
766,203452629,16 17 23.25,-26 05 25.0,,10.81,,6.61,0.64,10.73,5.97,3.7607,,,,"USco,bronze",no,Simbad,1,0.99997,17.34,9.851872238465816,3603.7,1.7496,-1.4018663736077692,0.633,0.021,0.3504487179487178,0.0138669828032174,0.1678241036280795,0.0090837562918068,0.4423,0.066,51.369,32.635
767,203465939,16 17 24.53,-26 02 43.6,,11.24,,6.4,1.71,11.02,4.69,3.4351,,,,"USco,bronze",maybe,Simbad,1,0.999985,17.42,10.161496238465816,5137.0,3.0746,-1.2972249349495637,0.634,0.021,0.9419354838709676,0.0138669828032174,0.1417740123253323,0.0090837562918068,0.6622,0.0257,118.477,31.879
769,203696274,16 17 26.58,-25 15 16.5,,10.39,,6.73,1.38,10.21,5.34,0.747,,,,"USco,bronze",no,Simbad,1,0.999994,16.94,9.494146238465817,3438.5,1.5708,-0.8201897785995224,0.436,,0.2588095238095238,0.0138669828032174,0.2093834636852388,0.0090837562918068,0.3264,0.0687,3.124,1.465
773,203494280,16 17 31.71,-25 57 04.5,,10.53,,5.05,0.9,10.41,4.14,,,,,"USco,bronze",no,Simbad,1,1.0,15.46,9.042727238465815,5186.0,2.4661,,,,,0.0138669828032174,0.27355638152376,0.0090837562918068,,,,
774,203495623,16 17 32.14,-25 56 48.2,,10.78,,5.68,0.69,10.69,5.0,,,,,"USco,bronze",no,Simbad,1,0.999999,16.369999,9.345784238465816,6423.4,3.1482,,,,,0.0138669828032174,0.2303627353109505,0.0090837562918068,,,,
775,203910995,16 17 32.21,-24 27 00.3,,10.49,,6.43,0.96,10.37,5.47,1.4704,1.975,,,"USco,bronze",no,Simbad,1,0.999996,16.8,9.461547238465815,3467.2,1.384,-1.5184140727791515,0.62,0.021,0.2724761904761903,0.0138669828032174,0.2138749381469186,0.0090837562918068,0.3408,0.0722,36.828,23.373
776,203565563,16 17 33.98,-25 42 26.0,,10.42,,4.79,0.01,10.42,4.78,10.2124,,,,"USco,bronze",no,Simbad,1,0.997667,15.21,8.899303238465816,3503.9,1.062,-1.345534671114435,0.634,0.02,0.2899523809523809,0.0138669828032174,0.2939684090309216,0.0090837562918068,0.3842,0.0785,25.789,15.65
777,203925874,16 17 34.56,-24 23 16.4,,11.57,,6.26,0.85,11.46,5.4,6.6099,,,,"USco,bronze",no,Simbad,1,0.999971,17.720001,10.421599238465816,,,-1.674279149891888,0.51,0.021,,0.0138669828032174,0.1224026747680765,0.0090837562918068,,,,
778,203788453,16 17 37.22,-24 55 36.4,,10.42,,5.02,0.51,10.35,4.51,5.0061,,,,"USco,bronze",no,Simbad,1,0.999561,15.370001,8.776496238465816,3849.3,1.1388,-0.7190348437048476,0.62,,0.6,0.0138669828032174,0.3142474472223223,0.0090837562918068,0.6129,0.0846,8.339,3.84
779,203563208,16 17 38.94,-25 42 55.6,,10.55,,6.6,0.91,10.44,5.69,0.4307,0.5757,,,"USco,bronze",maybe,Simbad,1,0.999999,17.039999,9.615790238465816,,,-1.5401553686377962,0.624,0.022,,0.0138669828032174,0.1937696630386107,0.0090837562918068,,,,
780,203789628,16 17 46.96,-24 55 21.1,,10.47,,6.78,1.17,10.32,5.61,1.2829,,,,"USco,bronze",no,Simbad,1,0.999996,17.1,9.610064238465815,,,,,,,0.0138669828032174,0.1943485135142199,0.0090837562918068,,,,
781,203789325,16 17 47.68,-24 55 25.1,,11.74,,6.88,1.14,11.59,5.74,2.0229,1.2828,,,"USco,bronze",yes,Simbad,1,0.999999,18.470001,10.888216238465816,,,-1.7664962402939186,0.499,0.021,,0.0138669828032174,,0.0,,,,
782,203098364,16 17 53.82,-27 15 54.6,,11.17,,4.84,0.22,11.14,4.62,3.6979,,,,"USco,bronze",no,Simbad,1,0.999998,15.9800005,9.505831238465817,,,,,,,0.0138669828032174,0.2077548941778507,0.0090837562918068,,,,
783,203842482,16 17 54.81,-24 43 33.6,10.31,7.8,2.51,2.51,1.27,7.64,1.24,1.1862,,,,"USco,bronze",no,Simbad,1,0.999984,10.15,4.322628238465816,7342.7,1.4876,0.8120499306637229,1.575,0.415,1.5,0.0138669828032174,,0.0,1.3942,0.009,87.249,49.381
785,202632400,16 17 56.07,-28 56 40.1,,11.97,,6.07,0.0,11.97,6.07,1.3723,,,,"USco,bronze",no,Simbad,1,0.999996,18.04,10.796870238465814,,,-1.891773331075522,0.429,0.021,,0.0138669828032174,,0.0,,,,
786,203511488,16 17 59.83,-25 53 35.0,,11.13,,5.03,0.3,11.09,4.73,,,,,"USco,bronze",no,Simbad,1,0.999995,16.12,9.605518238465816,7150.8,3.5159,,,,,0.0138669828032174,0.1948512066484772,0.0090837562918068,,,,
787,205596184,16 18 03.05,-16 30 15.2,,11.69,,5.93,0.7,11.6,5.23,2.0951,,,,"USco,bronze",no,Simbad,1,0.999997,17.53,10.456639238465817,3352.2,1.0505,-1.9179330735471067,0.409,0.021,0.2177142857142856,0.0138669828032174,0.1201906171433144,0.0090837562918068,0.2383,0.0553,65.117,40.233
788,203542463,16 18 08.68,-25 47 12.8,,12.14,,8.43,2.15,11.86,6.28,1.5633,,,,"USco,bronze",yes,Simbad,1,1.0,20.29,11.929345238465814,,,-1.988852643727756,0.399,0.023,,0.0138669828032174,,0.0,,,,
789,202910245,16 18 09.10,-27 55 19.8,,11.4,,6.27,0.24,11.37,6.02,0.5882,,,,"USco,bronze",no,Simbad,1,0.999996,17.64,10.319305238465816,,,-1.6920762936746778,0.543,0.021,,0.0138669828032174,0.1291652210983397,0.0090837562918068,,,,
790,203097006,16 18 09.91,-27 16 11.8,,10.19,,5.6,0.48,10.13,5.11,19.5046,,,,"USco,bronze",maybe,Simbad,1,0.999019,15.73,8.860703238465815,3589.9,1.1787,-0.559012246348315,0.616,,0.3416025641025642,0.0138669828032174,0.2994075527814326,0.0090837562918068,0.4136,0.0788,2.218,0.975
793,203385048,16 18 16.17,-26 19 08.3,,10.94,,7.28,1.83,10.7,5.45,1.0777,1.3248,,,"USco,bronze",yes,Simbad,1,1.0,17.98,10.868086238465814,,,,,,,0.0138669828032174,,0.0,,,,
794,205272194,16 18 37.58,-18 31 06.7,,11.13,,6.69,0.49,11.07,6.19,0.3751,0.4368,,,"USco,bronze",no,Simbad,1,0.999999,17.76,10.340005238465816,,,-1.7347103828802517,0.547,0.022,,0.0138669828032174,0.1278313293816695,0.0090837562918068,,,,
795,205267399,16 18 41.87,-18 32 40.1,,10.08,,5.7,0.18,10.06,5.53,0.3311,0.3344,,,"USco,bronze",no,Simbad,1,0.999019,15.76,8.601427238465815,3427.1,0.8341,-1.4249276652925524,0.629,0.021,0.2533809523809523,0.0138669828032174,0.3448986180329916,0.0090837562918068,0.3217,0.0746,22.289,13.459
796,205264786,16 18 42.08,-18 33 29.3,,9.93,,4.72,0.0,9.93,4.71,5.3646,,,,"USco,bronze",no,Simbad,1,0.992964,14.65,7.957017238465815,3592.2,0.5458,-1.2245351972006369,0.646,0.02,0.3430769230769229,0.0138669828032174,0.468122836240675,0.0090837562918068,0.4554,0.0748,25.695,14.81
797,203004488,16 18 44.30,-27 35 30.6,,12.24,,6.94,1.09,12.1,5.85,1.4538,,,,"USco,bronze",no,Simbad,1,0.999998,19.04,11.406838238465816,3388.4,1.526,-1.941573992038512,0.406,0.022,0.234952380952381,0.0138669828032174,,0.0,0.2495,0.0519,78.806,45.112
798,204862767,16 18 44.84,-20 31 27.9,,10.41,,5.92,0.4,10.36,5.52,1.0482,,,,"USco,bronze",no,Simbad,1,0.999591,16.279999,9.100914238465815,3572.0,1.1664,-1.4138629824624953,0.621,0.021,0.3301282051282051,0.0138669828032174,0.2652601524332994,0.0090837562918068,0.4218,0.0702,45.508,28.961
801,205004288,16 19 19.52,-19 51 58.7,,12.28,,6.7,1.83,12.05,4.87,,,,,"USco,bronze",no,Simbad,1,0.999999,18.75,11.336094238465815,4743.5,2.7164,-1.2265060986846397,0.661,0.023,0.8344240837696335,0.0138669828032174,,0.0,0.6504,0.0249,120.207,33.229
802,204435866,16 19 23.92,-22 20 41.5,,11.9,,6.69,0.7,11.81,5.99,1.398,,,,"USco,bronze",yes,Simbad,1,0.999992,18.5,10.977683238465817,3102.0,0.718,-1.897909476841433,0.384,0.021,0.1328075709779179,0.0138669828032174,,0.0,0.1217,0.0358,15.273,8.652
805,205008727,16 19 35.70,-19 50 42.6,,10.75,,9.25,1.65,10.54,7.6,,,,,"USco,bronze",yes,Simbad,1,0.999866,19.79,11.490904238465816,,,-1.316952961062981,0.555,0.024,,0.0138669828032174,,0.0,,,,
813,204260042,16 19 50.91,-23 02 08.2,,12.14,,6.39,0.32,12.1,6.07,1.3344,,,,"USco,bronze",maybe,Simbad,1,0.999996,18.49,11.028948238465816,,,-2.039529215958768,0.359,0.021,,0.0138669828032174,,0.0,,,,
814,204347422,16 19 51.40,-22 41 26.9,,12.18,,7.32,0.7,12.09,6.62,6.8541,,,,"USco,bronze",yes,Simbad,1,0.999998,19.41,11.617813238465814,2812.5,0.2938,-1.899974255890276,0.371,0.022,0.1,0.0138669828032174,,0.0,0.0454,0.0105,2.911,1.743
815,204168477,16 19 51.85,-23 23 41.0,,10.79,,6.56,0.64,10.71,5.93,0.7376,0.5238,,,"USco,bronze",no,Simbad,1,0.999999,17.27,9.913529238465816,,,-1.6352614561886794,0.588,0.021,,0.0138669828032174,0.1624519692464114,0.0090837562918068,,,,
816,204364130,16 19 54.96,-22 37 32.5,,11.46,,6.92,0.57,11.39,6.35,1.2696,,,,"USco,bronze",no,Simbad,1,0.999998,18.310001,10.635363238465814,,,-1.7612014328497687,0.5,0.022,,0.0138669828032174,0.1087241708415292,0.0090837562918068,,,,
821,205403104,16 20 07.59,-17 47 59.4,,8.72,,3.4,0.33,8.68,3.07,2.7512,,,,"USco,bronze",no,Simbad,1,0.999997,12.08,6.068304238465816,,,,,,,0.0138669828032174,0.93893697635857,0.0090837562918068,,,,
822,205399487,16 20 08.56,-17 49 18.4,11.32,8.23,3.09,3.09,0.64,8.15,2.46,,,,,"USco,bronze",no,Simbad,1,0.999998,11.24,5.294362238465816,,,,,,,0.0138669828032174,1.115380591279728,0.0090837562918068,,,,
823,204932248,16 20 08.97,-20 12 22.5,,10.62,,6.51,0.77,10.52,5.74,3.7208,,,,"USco,bronze",maybe,Simbad,1,0.999992,17.03,9.613688238465816,3478.2,1.3752,-1.549442994498506,0.584,0.021,0.2777142857142856,0.0138669828032174,0.1938638433799663,0.0090837562918068,0.3447,0.0704,42.96,27.461
826,204408707,16 20 22.91,-22 27 04.3,,10.18,,5.48,0.56,10.11,4.93,3.2942,,,,"USco,bronze",yes,Simbad,1,0.992964,15.59,8.708178238465814,3428.4,0.6432,-0.9743255433770134,0.486,,0.254,0.0138669828032174,0.3264609351078411,0.0090837562918068,0.3301,0.0747,5.102,2.683
828,204287798,16 20 26.08,-22 55 43.1,,11.84,,7.13,0.76,11.74,6.37,0.9748,,,,"USco,bronze",no,Simbad,1,1.0,18.869999,11.108921238465816,,,-1.9523357965494288,0.418,0.021,,0.0138669828032174,,0.0,,,,
831,205516967,16 20 28.25,-17 03 51.0,,8.96,,3.76,0.7,8.87,3.06,4.5187,,,,"USco,bronze",no,Simbad,1,0.99999,12.63,6.562248238465815,,,,,,,0.0138669828032174,0.8170745963081903,0.0090837562918068,,,,
832,203848625,16 20 28.63,-24 42 08.8,,9.69,,5.8,1.94,9.44,3.86,7.9926,,,,"USco,bronze",yes,Simbad,1,0.999862,15.24,8.632619238465816,,,-0.4617153961494905,0.613,0.09,,0.0138669828032174,0.3394751464158761,0.0090837562918068,,,,
833,204951022,16 20 30.25,-20 07 03.7,7.56,6.23,1.33,1.33,1.45,6.04,-0.12,,,,,"USco,bronze",no,Simbad,1,0.999915,7.37,1.872648238465815,,,1.1414086948182576,1.28,,,0.0138669828032174,,0.0,,,,
835,204615541,16 20 31.17,-21 36 15.3,,10.59,,5.55,0.32,10.55,5.23,2.4707,,,,"USco,bronze",no,Simbad,1,0.997667,16.1,9.108992238465817,,,-1.424235015956815,0.609,0.02,,0.0138669828032174,0.2640537016626399,0.0090837562918068,,,,
838,203869829,16 20 38.48,-24 37 01.5,,9.6,,5.36,1.05,9.47,4.31,10.714,,,,"USco,bronze",maybe,Simbad,1,0.999998,14.83,8.322020238465814,7894.7,3.9489,,,,,0.0138669828032174,0.3940827090977168,0.0090837562918068,,,,
839,203478236,16 20 40.39,-26 00 18.2,,11.51,,6.63,0.82,11.4,5.81,1.7358,,,,"USco,bronze",no,Simbad,1,0.999997,18.029999,10.530615238465815,3427.6,1.4431,-1.6428277407529244,0.545,0.021,0.2536190476190476,0.0138669828032174,0.1153487543023876,0.0090837562918068,0.3059,0.0687,44.529,29.089
843,204907137,16 20 53.00,-20 19 20.2,,9.96,,4.99,0.88,9.85,4.11,,,,,"USco,bronze",no,Simbad,1,0.999995,14.84,8.406872238465816,5576.6,2.6802,-0.5181991692916615,0.765,0.133,1.1,0.0138669828032174,0.3791658734446186,0.0090837562918068,0.8961,0.0298,91.896,40.915
844,205211404,16 21 02.88,-18 50 22.1,,8.98,,3.64,0.7,8.89,2.94,5.5216,,,,"USco,bronze",no,Simbad,1,0.999245,12.530001,6.480999238465815,4602.4,0.9443,,,,,0.0138669828032174,0.8369380685240078,0.0090837562918068,,,,
845,203636498,16 21 05.09,-25 27 42.6,,10.94,,6.34,0.35,10.9,5.99,0.7794,,,,"USco,bronze",no,Simbad,1,0.999997,17.24,9.868669238465817,3281.2,0.8756,-1.6681679736730783,0.541,0.021,0.1893375394321766,0.0138669828032174,0.1662407376498655,0.0090837562918068,0.2138,0.0589,21.33,13.118
846,203598787,16 21 09.84,-25 35 33.0,8.26,7.18,1.08,1.08,0.98,7.06,0.09,0.8637,,,,"USco,bronze",,Simbad,1,0.999972,8.14,2.831691238465816,,,0.7296870738083828,1.429,0.232,,0.0138669828032174,,0.0,,,,
847,203540227,16 21 10.26,-25 47 41.3,,10.81,,5.82,0.85,10.7,4.97,3.7888,,,,"USco,bronze",no,Simbad,1,0.998613,16.52,9.439591238465816,3560.1,1.1645,-1.3280869780150977,0.637,0.021,0.3224999999999999,0.0138669828032174,0.2170688535221595,0.0090837562918068,0.4254,0.0753,32.297,19.928
848,203425996,16 21 14.32,-26 10 46.4,,11.02,,6.84,1.19,10.87,5.65,5.2152,,,,"USco,bronze",no,Simbad,1,0.999996,17.71,10.166342238465814,3426.1,1.645,-1.5503673461379075,0.596,0.021,0.2529047619047618,0.0138669828032174,0.1413826541486703,0.0090837562918068,0.3114,0.0715,32.88,20.94
849,203625455,16 21 14.92,-25 30 01.2,,11.35,,6.89,0.73,11.26,6.16,1.0829,,,,"USco,bronze",no,Simbad,1,0.999999,18.15,10.510093238465814,,,-1.7110804042534644,0.501,0.021,,0.0138669828032174,0.1165979517453532,0.0090837562918068,,,,
850,203542353,16 21 15.23,-25 47 13.9,,10.01,,7.07,1.17,9.86,5.9,,,,,"USco,bronze",no,Simbad,1,0.999975,16.93,9.285611238465815,,,,,,,0.0138669828032174,0.2391763732735533,0.0090837562918068,,,,
852,204346718,16 21 16.80,-22 41 36.8,,12.23,,7.36,1.09,12.09,6.28,0.6431,,,,"USco,bronze",no,Simbad,1,0.999999,19.45,11.597468238465815,,,-2.070070436219589,0.348,0.021,,0.0138669828032174,,0.0,,,,
853,204290918,16 21 18.47,-22 54 58.1,,10.15,,7.45,2.12,9.88,5.33,2.5359,,,,"USco,bronze",yes,Simbad,1,0.999996,17.33,9.551722238465816,3512.4,1.9149,,,,,0.0138669828032174,0.2010461754003636,0.0090837562918068,,,,
857,203338523,16 21 27.97,-26 28 10.2,,11.88,,7.08,0.64,11.8,6.44,,,,,"USco,bronze",no,Simbad,1,0.999999,18.880001,11.101031238465817,,,-1.9562448574318647,0.417,0.021,,0.0138669828032174,,0.0,,,,
858,204217770,16 21 28.45,-23 12 11.1,13.79,8.74,5.05,5.05,0.97,8.61,4.08,2.9264,,,,"USco,bronze",no,Simbad,1,0.999942,13.66,7.214611238465816,5786.0,2.8791,-0.6140185672989495,0.523,,1.1413793103448275,0.0138669828032174,0.6454261872210932,0.0090837562918068,0.8863,0.0293,93.929,40.372
861,203526802,16 21 33.08,-25 50 26.8,,11.08,,5.36,0.35,11.04,5.01,,,,,"USco,bronze",no,Simbad,1,0.99968,16.4,9.480392238465816,3937.6,1.2712,-1.2205478096620432,0.648,0.021,0.7,0.0138669828032174,0.2114227968845612,0.0090837562918068,0.5692,0.0262,95.598,48.295
862,204260890,16 21 33.97,-23 01 55.9,13.95,9.23,4.72,4.72,0.37,9.18,4.35,,,,,"USco,bronze",maybe,Simbad,1,0.999987,13.9,7.593133238465816,,,,,,,0.0138669828032174,0.5515326998535584,0.0090837562918068,,,,
863,203417549,16 21 34.70,-26 12 26.9,,8.86,,4.5,1.8,8.63,2.7,3.356,,,,"USco,bronze",yes,Simbad,1,0.999801,13.13,7.009708238465816,5778.4,1.9378,-0.5647450653168545,0.624,0.079,1.1389968652037616,0.0138669828032174,0.6983160349377715,0.0090837562918068,0.8999,0.0298,92.907,40.444
864,205471638,16 21 36.58,-17 22 04.6,11.31,8.19,3.12,3.12,0.7,8.1,2.42,,,,,"USco,bronze",no,Simbad,1,0.999987,11.22,5.308925238465815,,,,,,,0.0138669828032174,1.1125053117516717,0.0090837562918068,,,,
865,204280039,16 21 37.98,-22 57 30.9,,12.42,,7.45,2.11,12.15,5.34,,,,,"USco,bronze",no,Simbad,1,0.999994,19.599998,11.846877238465815,4032.2,2.5759,,,,,0.0138669828032174,,0.0,,,,
866,202873945,16 21 39.90,-28 03 06.9,,11.24,,7.38,1.21,11.09,6.16,0.6258,,,,"USco,bronze",maybe,Simbad,1,1.0,18.470001,10.629691238465814,3484.3,1.8663,-1.659754248176261,0.582,0.021,0.2806190476190477,0.0138669828032174,0.1090179814342106,0.0090837562918068,0.3355,0.0642,61.257,38.268
867,204589989,16 21 40.58,-21 42 44.0,,8.82,,3.23,0.7,8.73,2.53,,,,,"USco,bronze",no,Simbad,1,0.999998,11.959999,6.076835238465815,,,,,,,0.0138669828032174,0.936593251491222,0.0090837562918068,,,,
869,204211116,16 21 41.98,-23 13 43.5,,10.96,,7.92,2.02,10.7,5.9,2.1605,,,,"USco,bronze",yes,Simbad,1,0.999999,18.619999,10.592715238465814,,,-1.6647427262084722,0.56,0.021,,0.0138669828032174,0.1112772402475392,0.0090837562918068,,,,
870,203495721,16 21 47.92,-25 56 47.1,9.37,8.03,1.34,1.34,0.27,7.99,1.07,1.8446,0.8394,,,"USco,bronze",no,Simbad,2,1e-06,9.33,3.614192238465815,6280.4,0.1121,0.8690427026399857,1.992,0.445,1.3091029900332225,0.0138669828032174,,0.0,1.3847,0.0169,50.327,37.83
872,204862760,16 21 53.09,-20 31 27.7,,8.47,,6.1,0.95,8.35,5.16,,,,,"USco,bronze",,Simbad,1,0.999992,14.450001,7.201705238465815,5582.2,1.3834,-0.399005350523864,0.926,,1.0774921630094043,0.0138669828032174,0.6487275841520752,0.0090837562918068,0.9318,0.031,90.599,41.36
874,203001378,16 21 54.79,-27 36 10.4,,11.47,,6.2,0.76,11.37,5.44,2.9554,,,,"USco,bronze",no,Simbad,1,0.999949,17.57,10.301799238465817,3524.6,1.4088,-1.6161846363728385,0.538,0.021,0.2998095238095237,0.0138669828032174,0.130430192071712,0.0090837562918068,0.3615,0.0628,64.453,39.428
875,204552994,16 21 55.06,-21 52 04.6,,10.4,,5.89,0.36,10.36,5.53,2.358,,,,"USco,bronze",no,Simbad,1,0.999146,16.25,9.083608238465816,3418.0,0.9818,-1.345534671114435,0.657,0.021,0.249047619047619,0.0138669828032174,0.2679182388084485,0.0090837562918068,0.321,0.0754,16.656,9.783
876,204244466,16 21 56.76,-23 05 50.6,,10.19,,4.81,0.59,10.11,4.22,,,,,"USco,bronze",no,Simbad,1,0.999992,14.92,8.498546238465815,,,0.6228085912374051,1.118,,,0.0138669828032174,0.3630127170123159,0.0090837562918068,,,,
877,203899877,16 21 57.68,-24 29 43.5,10.27,7.59,2.68,2.68,2.52,7.26,0.16,,,,,"USco,bronze",yes,Simbad,1,0.999992,9.940001,4.329854238465815,,,,,,,0.0138669828032174,,0.0,,,,
879,204329690,16 22 01.93,-22 45 41.2,,10.88,,7.53,2.46,10.57,5.07,2.1541,,,,"USco,bronze",yes,Simbad,1,1.0,18.1,10.646376238465816,3466.0,2.4143,-1.684239515952766,0.579,0.021,0.2719047619047618,0.0138669828032174,0.1081274974920114,0.0090837562918068,0.3231,0.0644,60.486,38.109
886,203939508,16 22 12.00,-24 19 49.3,,9.79,,4.26,1.85,9.55,2.41,,,,,"USco,bronze",no,Simbad,1,0.999996,13.81,7.687919238465815,,,-0.4515000116728623,0.602,,,0.0138669828032174,0.5280711442456639,0.0090837562918068,,,,
887,202800875,16 22 13.14,-28 18 58.5,,9.1,,4.14,0.23,9.07,3.91,0.7467,0.673,,,"USco,bronze",no,Simbad,1,0.997667,13.209999,6.887531238465815,6110.6,2.5078,,,,,0.0138669828032174,0.7301750938061369,0.0090837562918068,,,,
888,204810161,16 22 14.80,-20 45 40.0,,11.23,,6.33,0.31,11.19,6.02,1.6579,1.5853,,,"USco,bronze",yes,Simbad,1,0.999999,17.52,10.207217238465816,,,-1.5975666613743154,0.593,0.035,,0.0138669828032174,0.1380941522733342,0.0090837562918068,,,,
889,204176565,16 22 18.53,-23 21 48.2,12.67,8.11,4.56,4.56,2.73,7.76,1.83,5.0194,,,,"USco,bronze",yes,Simbad,1,0.999962,12.32,6.691101238465816,4878.7,1.7435,,,,,0.0138669828032174,0.782680120679715,0.0090837562918068,,,,
892,202791563,16 22 21.03,-28 21 00.6,,11.39,,5.82,0.7,11.3,5.12,1.203,0.8679,,,"USco,bronze",no,Simbad,1,0.999993,17.12,10.061468238465816,3359.5,0.9465,-1.6959405405173795,0.524,0.021,0.2211904761904762,0.0138669828032174,0.1499767926403843,0.0090837562918068,0.2604,0.0667,36.324,23.969
894,203517602,16 22 22.30,-25 52 20.2,,9.44,,6.0,1.01,9.31,4.99,1.14,0.7773,,,"USco,bronze",no,Simbad,1,0.99885,15.31,8.181420238465815,,,,,,,0.0138669828032174,0.4222698104593263,0.0090837562918068,,,,
895,202800046,16 22 29.47,-28 19 09.1,,12.34,,6.89,1.8,12.11,5.1,15.9977,,,,"USco,bronze",no,Simbad,1,0.999965,19.0,11.481808238465817,3719.3,2.0048,-1.633203620962707,0.501,0.022,0.4265972222222223,0.0138669828032174,,0.0,0.4209,0.0429,110.784,48.326
896,204374147,16 22 34.21,-22 35 12.3,,8.54,,5.46,0.87,8.43,4.59,0.6245,0.4914,12.9722,,"USco,bronze",no,Simbad,1,0.997667,13.89,7.126863238465816,,,,,,,0.0138669828032174,0.6684424240883263,0.0090837562918068,,,,
897,204321142,16 22 35.29,-22 47 43.3,,10.52,,7.09,2.21,10.23,4.88,0.4763,,,,"USco,bronze",no,Simbad,1,1.0,17.32,10.079286238465816,3493.4,2.0825,-1.5445460263598163,0.639,0.021,0.2849523809523809,0.0138669828032174,0.1485022539634192,0.0090837562918068,0.3544,0.0697,45.627,29.088
898,204683246,16 22 35.99,-21 19 01.3,,9.86,,5.0,0.7,9.77,4.3,8.904,,,,"USco,bronze",no,Simbad,2,1e-06,14.77,8.052762238465816,3643.6,0.7732,-0.8330077706219995,0.549,0.088,0.3760256410256409,0.0138669828032174,0.448890784440306,0.0090837562918068,0.4896,0.0884,7.339,3.784
899,203927020,16 22 36.72,-24 22 58.6,8.62,7.16,1.46,1.46,1.42,6.97,0.04,,,,,"USco,bronze",no,Simbad,1,0.999965,8.43,2.885980238465816,,,,,,,0.0138669828032174,,0.0,,,,
900,205204368,16 22 43.53,-18 52 36.0,,10.61,,5.38,0.7,10.52,4.68,2.8365,,,,"USco,bronze",maybe,Simbad,1,0.996487,15.900001,8.982462238465816,3414.5,0.7219,-1.4253900747222117,0.595,0.021,0.2473809523809523,0.0138669828032174,0.2821285438817465,0.0090837562918068,0.3127,0.0738,20.904,12.556
902,205108784,16 22 44.04,-19 21 39.3,,11.78,,6.15,1.33,11.6,4.82,,,,,"USco,bronze",no,Simbad,1,0.999943,17.75,10.570685238465815,4120.6,1.923,-0.7851561399563658,0.613,,0.7,0.0138669828032174,0.1127172653248319,0.0090837562918068,0.7169,0.0462,24.646,14.709
904,202908892,16 22 51.57,-27 55 37.4,,10.18,,5.22,0.2,10.15,5.02,2.0808,2.7263,,,"USco,bronze",no,Simbad,1,0.998258,15.369999,8.498744238465815,,,-0.987078465089241,0.382,0.098,,0.0138669828032174,0.3629880318176083,0.0090837562918068,,,,
906,204236173,16 22 57.91,-23 07 50.3,,8.51,,4.87,0.78,8.41,4.08,,,,,"USco,bronze",no,Simbad,1,0.999974,13.28,6.945021238465815,,,,,,,0.0138669828032174,0.7151004491214555,0.0090837562918068,,,,
907,203390179,16 23 00.63,-26 18 06.6,,8.94,,3.51,0.93,8.82,2.57,1.3921,,,,"USco,bronze",no,Simbad,1,0.999992,12.33,6.352356238465815,,,,,,,0.0138669828032174,0.8697086753641857,0.0090837562918068,,,,
908,204611501,16 23 01.09,-21 37 17.2,,11.55,,6.03,0.7,11.46,5.34,2.4445,,,,"USco,bronze",no,Simbad,1,0.999996,17.49,10.309259238465817,3385.3,1.0592,-1.7875460178668665,0.462,0.021,0.2334761904761905,0.0138669828032174,0.1298310462000503,0.0090837562918068,0.2689,0.0632,54.794,35.588
909,202772489,16 23 01.19,-28 25 11.4,,9.34,,4.71,0.34,9.29,4.37,,,,,"USco,bronze",no,Simbad,1,0.999999,14.0,7.587037238465815,,,,,,,0.0138669828032174,0.552990144088378,0.0090837562918068,,,,
911,204683343,16 23 04.73,-21 18 59.6,,12.16,,6.81,0.66,12.08,6.15,0.4643,,,,"USco,bronze",no,Simbad,1,0.999999,18.89,11.428469238465816,,,-2.0462403081659915,0.374,0.022,,0.0138669828032174,,0.0,,,,
912,202802744,16 23 05.03,-28 18 33.6,,9.54,,4.09,0.7,9.45,3.39,,,,,"USco,bronze",no,Simbad,1,0.999999,13.54,7.361244238465815,,,,,,,0.0138669828032174,0.6082398741711363,0.0090837562918068,,,,
913,203112557,16 23 07.58,-27 12 57.7,,9.74,,5.0,0.31,9.7,4.69,7.8107,,,,"USco,bronze",no,Simbad,1,0.997667,14.7,7.995455238465816,,,-0.8723122303785337,0.438,0.091,,0.0138669828032174,0.4606587313846967,0.0090837562918068,,,,
917,202906224,16 23 17.61,-27 56 10.9,,11.69,,6.61,0.73,11.59,5.88,0.7152,6.4585,,,"USco,bronze",no,Simbad,1,0.999998,18.2,10.786820238465817,,,-1.7358908284331664,0.505,0.034,,0.0138669828032174,0.1001852886300478,0.0090837562918068,,,,
918,203394211,16 23 21.87,-26 17 16.0,12.96,9.22,3.74,3.74,0.7,9.13,3.04,,,,,"USco,bronze",no,Simbad,1,0.999995,12.87,6.860397238465815,,,,,,,0.0138669828032174,0.7375576722900253,0.0090837562918068,,,,
919,204656724,16 23 22.08,-21 25 48.9,,9.73,,4.57,0.1,9.72,4.47,4.2195,,,,"USco,bronze",no,Simbad,1,0.992964,14.290001,7.869028238465816,3831.4,0.778,-0.8843229313776969,0.544,0.086,0.5035164835164836,0.0138669828032174,0.4863842516623253,0.0090837562918068,0.6011,0.0688,14.58,6.923
920,202958460,16 23 22.85,-27 45 11.5,,9.46,,3.39,0.7,9.37,2.69,,,,,"USco,bronze",no,Simbad,1,0.999993,12.76,6.798829238465816,,,,,,,0.0138669828032174,0.7545669483692897,0.0090837562918068,,,,
923,202709152,16 23 31.15,-28 39 17.9,,11.62,,5.96,0.7,11.53,5.26,0.8043,0.7341,,,"USco,bronze",no,Simbad,1,0.999997,17.49,10.443470238465814,,,-1.8107904999276816,0.472,0.027,,0.0138669828032174,0.1210783153488018,0.0090837562918068,,,,
925,204274536,16 23 32.83,-22 58 47.1,,10.29,,7.19,1.62,10.08,5.57,5.12,,,,"USco,bronze",yes,Simbad,1,0.999999,17.27,9.865650238465816,,,,,,,0.0138669828032174,0.1665847002768667,0.0090837562918068,,,,
926,202795175,16 23 41.85,-28 20 12.9,,12.74,,7.29,1.41,12.56,5.88,0.8361,,,,"USco,bronze",no,Simbad,1,0.999999,19.85,12.269501238465814,,,-2.1549019465805097,0.322,0.023,,0.0138669828032174,,0.0,,,,
927,204289171,16 23 43.32,-22 55 23.0,,12.2,,8.57,3.03,11.81,5.54,,,,,"USco,bronze",no,Simbad,1,0.999998,20.380001,12.247059238465816,,,,,,,0.0138669828032174,,0.0,,,,
928,204637674,16 23 45.16,-21 30 40.9,,8.99,,3.68,0.7,8.9,2.98,8.8468,,,,"USco,bronze",yes,Simbad,1,0.999806,12.58,6.512897238465815,4426.6,0.8446,-0.3860419446454854,0.666,0.099,1.1,0.0138669828032174,0.8296832065034697,0.0090837562918068,0.9398,0.0599,11.357,5.374
932,202891973,16 23 52.28,-27 59 13.5,11.19,7.77,3.42,3.42,0.7,7.68,2.72,,,,,"USco,bronze",no,Simbad,1,0.99999,11.1,5.241750238465816,,,,,,,0.0138669828032174,1.1268072272383445,0.0090837562918068,,,,
935,204139016,16 23 55.79,-23 30 40.0,,10.75,,6.48,1.01,10.62,5.47,,,,,"USco,bronze",maybe,Simbad,1,0.999993,17.1,9.734335238465816,,,-1.5598783858188812,0.583,0.021,,0.0138669828032174,0.1803501428809856,0.0090837562918068,,,,
937,202959419,16 23 57.63,-27 44 59.1,,9.18,,3.56,0.0,9.18,3.56,2.695,,,,"USco,bronze",no,Simbad,1,0.999948,12.74,6.604308238465816,4826.7,0.9878,-0.4050221421064487,0.649,0.107,1.2,0.0138669828032174,0.8064177528729901,0.0090837562918068,0.882,0.058,43.367,26.958
938,203366162,16 23 57.71,-26 22 55.8,12.22,8.82,3.4,3.4,0.7,8.73,2.7,,,,,"USco,bronze",no,Simbad,1,0.999991,12.129999,6.156586238465815,,,,,,,0.0138669828032174,0.917811513210494,0.0090837562918068,,,,
940,204566795,16 23 58.04,-21 48 33.9,,11.44,,7.51,0.76,11.34,6.75,1.1147,1.2181,,,"USco,bronze",no,Simbad,1,0.99989,18.85,11.206290238465815,,,,,,,0.0138669828032174,,0.0,,,,
942,202685674,16 23 58.57,-28 44 34.0,,9.76,,3.48,0.0,9.76,3.48,,,,,"USco,bronze",no,Simbad,1,0.999996,13.24,7.465999238465816,,,,,,,0.0138669828032174,0.5822579057791648,0.0090837562918068,,,,
944,204285302,16 23 59.30,-22 56 18.0,,12.6,,7.43,3.07,12.2,4.35,,,,,"USco,bronze",no,Simbad,1,0.999999,19.63,11.988223238465814,4708.9,2.9974,-1.2791794267368743,0.638,0.028,0.8253664921465969,0.0138669828032174,,0.0,0.6349,0.0256,123.427,32.606
947,203356099,16 24 08.59,-26 24 55.0,11.87,8.46,3.41,3.41,1.02,8.33,2.38,,,,,"USco,bronze",no,Simbad,1,0.999991,11.74,5.799513238465815,,,,,,,0.0138669828032174,1.001255796970687,0.0090837562918068,,,,
950,204295293,16 24 12.37,-22 53 54.6,,10.8,,5.8,0.57,10.72,5.23,3.9991,,,,"USco,bronze",no,Simbad,1,0.999617,16.52,9.439346238465816,3473.9,1.024,-1.4948500010522134,0.587,0.021,0.2756666666666667,0.0138669828032174,0.2170828117808342,0.0090837562918068,0.3476,0.073,35.386,22.325
951,205024586,16 24 15.28,-19 46 10.2,,10.04,,4.81,0.47,9.98,4.34,,,,,"USco,bronze",no,Simbad,1,0.999999,14.789999,8.374250238465816,,,,,,,0.0138669828032174,0.384986223168338,0.0090837562918068,,,,
956,204469527,16 24 31.29,-22 12 39.8,,10.35,,6.48,1.39,10.17,5.09,4.8169,,,,"USco,bronze",no,Simbad,1,0.999945,16.65,9.334745238465816,3572.8,1.3748,-1.3795515989614595,0.662,0.02,0.3306410256410257,0.0138669828032174,0.2320543346593045,0.0090837562918068,0.4276,0.0717,41.015,25.987
957,204347824,16 24 31.82,-22 41 20.7,,11.33,,7.45,0.71,11.24,6.74,1.5818,0.8183,,,"USco,bronze",yes,Simbad,1,0.999975,18.689999,11.081604238465816,,,,,,,0.0138669828032174,,0.0,,,,
958,204268916,16 24 35.20,-23 00 02.5,,10.99,,5.87,0.18,10.96,5.69,1.7534,,,,"USco,bronze",no,Simbad,1,0.999893,16.83,9.667314238465815,3434.1,1.0505,-1.5953373136444422,0.538,0.021,0.2567142857142857,0.0138669828032174,0.1879255395769387,0.0090837562918068,0.3134,0.0702,39.636,25.663
960,204960911,16 24 40.78,-20 04 17.1,,10.51,,5.08,1.28,10.34,3.8,,,,,"USco,bronze",no,Simbad,1,0.999913,15.42,8.994703238465815,4602.9,2.3335,-1.0621813268197948,0.5,,0.797443820224719,0.0138669828032174,0.2805911315953557,0.0090837562918068,0.6749,0.0245,113.931,35.673
964,205431822,16 24 50.66,-17 37 23.4,,9.07,,3.67,0.7,8.98,2.97,,,,,"USco,bronze",no,Simbad,1,0.999997,12.65,6.579115238465816,,,,,,,0.0138669828032174,0.8128068020454239,0.0090837562918068,,,,
967,204462113,16 24 55.33,-22 14 28.6,,10.22,,5.3,0.7,10.13,4.6,5.7311,1.0746,,,"USco,bronze",no,Simbad,1,0.992964,15.43,8.618091238465816,3510.8,0.8651,-1.3762339969727504,0.638,0.021,0.2932380952380953,0.0138669828032174,0.3420720441399353,0.0090837562918068,0.3861,0.0772,29.504,18.179
968,203343161,16 24 55.87,-26 27 18.3,,11.16,,6.73,0.73,11.07,5.99,2.2417,,,,"USco,bronze",yes,Simbad,1,0.999997,17.8,10.243252238465816,3265.7,0.9357,-1.625618308650173,0.575,0.021,0.1844479495268138,0.0138669828032174,0.1352243402288786,0.0090837562918068,0.2069,0.0567,17.276,10.227
977,203725441,16 25 04.49,-25 09 11.6,,8.08,,4.24,0.7,7.99,3.54,1.7658,,,,"USco,bronze",no,Simbad,1,0.99999,12.23,6.019761238465815,,,0.6829875870973173,1.389,,,0.0138669828032174,0.9505245917164892,0.0090837562918068,,,,
978,202709674,16 25 04.91,-28 39 11.1,,9.31,,3.85,0.0,9.31,3.85,,,,,"USco,bronze",no,Simbad,1,0.999997,13.16,6.978663238465815,,,,,,,0.0138669828032174,0.7059959329958496,0.0090837562918068,,,,
980,205528856,16 25 05.96,-16 59 03.2,,10.89,,4.83,0.48,10.83,4.35,,,,,"USco,bronze",no,Simbad,1,0.999826,15.66,9.391284238465817,,,,,,,0.0138669828032174,0.2239044247318022,0.0090837562918068,,,,
982,204623020,16 25 10.34,-21 34 23.6,,11.45,,6.97,0.86,11.34,6.11,0.6584,,,,"USco,bronze",no,Simbad,1,0.999999,18.31,10.654040238465814,,,-1.7880789234620484,0.504,0.021,,0.0138669828032174,0.1076298399261481,0.0090837562918068,,,,
984,203430290,16 25 10.72,-26 09 55.5,,10.71,,5.58,0.12,10.69,5.46,5.3753,,,,"USco,bronze",no,Simbad,1,0.99885,16.27,9.279763238465817,3478.7,0.9113,-1.4560560392733677,0.594,0.02,0.2779523809523808,0.0138669828032174,0.2399277593249704,0.0090837562918068,0.3549,0.0746,32.116,20.033
986,202590973,16 25 12.15,-29 06 07.5,,9.83,,4.45,0.03,9.82,4.42,,,,,"USco,bronze",no,Simbad,1,0.999998,14.2699995,7.925023238465815,4925.3,1.8708,,,,,0.0138669828032174,0.4751276797167998,0.0090837562918068,,,,
992,203417323,16 25 16.98,-26 12 30.0,,11.41,,6.04,0.57,11.34,5.48,3.4238,,,,"USco,bronze",no,Simbad,1,0.999848,17.380001,10.175177238465816,3471.8,1.1413,-1.5867002240751682,0.542,0.021,0.2746666666666667,0.0138669828032174,0.1406590991923341,0.0090837562918068,0.3371,0.069,46.731,29.986
998,203857254,16 25 22.48,-24 40 03.8,,11.77,,7.47,2.78,11.41,4.68,,,,,"USco,bronze",no,Simbad,1,0.999992,18.88,11.181939238465816,,,,,,,0.0138669828032174,,0.0,,,,
1005,203528786,16 25 26.26,-25 50 01.8,,9.36,,3.87,0.7,9.27,3.17,2.1289,,,,"USco,bronze",no,Simbad,1,0.999999,13.14,7.025589238465816,5103.8,1.3967,,,,,0.0138669828032174,0.6935747315889241,0.0090837562918068,,,,
1006,205010433,16 25 26.74,-19 50 14.2,9.03,7.28,1.75,1.75,1.41,7.1,0.35,0.4511,,,,"USco,bronze",no,Simbad,1,0.999971,8.85,3.248593238465816,,,0.9735757956435817,1.329,0.4,,0.0138669828032174,,0.0,,,,
1010,203799870,16 25 29.82,-24 53 07.6,,11.08,,6.21,1.83,10.84,4.38,,,,,"USco,bronze",no,Simbad,1,0.999992,17.05,9.909315238465815,7974.7,4.0198,,,,,0.0138669828032174,0.1628219065159091,0.0090837562918068,,,,
1011,204118281,16 25 29.96,-23 35 36.6,,9.15,,3.95,1.55,8.95,2.4,,,,,"USco,bronze",no,Simbad,1,0.999998,12.9,6.873514238465816,,,,,,,0.0138669828032174,0.7339276814277652,0.0090837562918068,,,,
1012,210282526,16 25 31.80,-25 53 48.9,,9.27,,4.47,0.7,9.18,3.77,1.2132,,,,"USco,bronze",no,Simbad,1,0.999832,13.65,7.314573238465815,5905.1,2.4969,-0.7146677678472065,0.581,0.087,1.1787147335423198,0.0138669828032174,0.620562690077707,0.0090837562918068,0.8666,0.0283,97.122,40.116
1017,204165788,16 25 35.08,-23 24 18.7,7.27,5.78,1.49,1.49,1.49,5.58,0.0,0.8639,,,,"USco,bronze",no,Simbad,1,0.999892,7.0699997,1.526899238465815,,,,,,,0.0138669828032174,,0.0,,,,
1024,205048103,16 25 41.30,-19 39 22.9,,10.42,,6.68,0.7,10.33,5.98,,,,,"USco,bronze",no,Simbad,1,0.999998,17.01,9.482705238465815,,,,,,,0.0138669828032174,0.2110057498827024,0.0090837562918068,,,,
1030,203807162,16 25 49.65,-24 51 32.0,13.1,8.78,4.32,4.32,0.47,8.72,3.84,11.1828,,,,"USco,bronze",maybe,Simbad,1,0.996487,13.040001,6.600892238465816,5564.9,2.1596,-0.4679466757193093,0.596,,1.0720689655172413,0.0138669828032174,0.8068895702061989,0.0090837562918068,0.9096,0.0303,91.114,41.081
1031,202793212,16 25 50.28,-28 20 38.1,,11.76,,5.84,0.25,11.72,5.59,2.1634,,,,"USco,bronze",no,Simbad,1,0.999862,17.560001,10.391664238465816,,,-1.7171514010522997,0.473,0.021,,0.0138669828032174,0.1243422587813358,0.0090837562918068,,,,
1044,203086979,16 26 02.15,-27 18 14.1,,9.05,,3.79,0.44,8.99,3.35,1.5016,0.9109,,,"USco,bronze",no,Simbad,1,0.999146,12.78,6.583732238465816,4910.9,1.3836,-0.5066116584066572,0.622,0.079,1.1,0.0138669828032174,0.8110735514744042,0.0090837562918068,0.8358,0.0355,73.389,41.668
1048,203778209,16 26 04.35,-24 57 51.8,,8.3,,4.42,0.59,8.22,3.83,0.7119,,,,"USco,bronze",no,Simbad,1,0.999966,12.64,6.366070238465815,5366.7,1.9915,0.2071171199431168,0.912,,1.009937304075235,0.0138669828032174,0.8669656503666694,0.0090837562918068,1.2523,0.0868,13.655,4.134
1051,205030871,16 26 12.75,-19 44 24.3,,12.73,,6.95,1.32,12.56,5.63,,,,,"USco,bronze",no,Simbad,1,0.999979,19.51,11.943997238465816,,,-1.7772835400128344,0.424,0.048,,0.0138669828032174,,0.0,,,,
1058,203055760,16 26 19.10,-27 24 42.1,,9.62,,4.57,0.3,9.58,4.27,1.7614,,,,"USco,bronze",no,Simbad,1,0.999996,14.15,7.803963238465815,,,,,,,0.0138669828032174,0.5001137311804951,0.0090837562918068,,,,
1064,203760915,16 26 20.61,-25 01 37.0,,12.09,,6.79,1.87,11.85,4.93,,,,,"USco,bronze",no,Simbad,1,0.999986,18.64,11.177638238465814,4275.1,2.2981,-1.3641143191128764,0.614,0.023,0.8,0.0138669828032174,,0.0,0.5711,0.0247,128.48,33.792
1068,204520625,16 26 22.20,-22 00 09.1,,10.59,,6.49,1.38,10.41,5.12,1.3776,,,,"USco,bronze",no,Simbad,1,0.999978,16.9,9.584012238465816,3569.3,1.5571,-1.5198492814616984,0.597,0.02,0.328397435897436,0.0138669828032174,0.1973381630414007,0.0090837562918068,0.4005,0.0641,60.447,37.488
1070,202987851,16 26 23.41,-27 39 00.5,10.43,8.06,2.37,2.37,0.41,8.01,1.96,1.5409,,,,"USco,gold",no,Simbad,1,0.999862,10.38,4.657325238465816,5246.7,0.4712,,,,,0.0138669828032174,1.242486986493315,0.0090837562918068,,,,
1078,203640875,16 26 28.02,-25 26 47.9,,9.1,,5.25,0.89,8.98,4.35,9.0968,,,,"USco,gold",yes,Simbad,1,0.999899,14.23,7.704671238465815,4994.9,2.6466,-0.7901366221010802,0.484,0.093,0.9002639296187682,0.0138669828032174,0.5240106369433636,0.0090837562918068,0.7744,0.0247,109.828,39.893
1079,202976647,16 26 29.90,-27 41 20.2,8.61,7.22,1.39,1.39,0.02,7.22,1.37,2.076,,,,"USco,gold",no,Simbad,1,0.998258,8.61,2.9146082384658154,5941.7,0.0283,0.8743733808711531,1.38,0.223,1.2,0.0138669828032174,,0.0,1.377,0.026,25.431,15.626
1081,203365890,16 26 32.76,-26 22 59.1,,10.49,,7.04,0.51,10.42,6.53,,,,,"USco,gold",no,Simbad,1,0.999998,17.46,9.530253238465816,,,-1.5014137692713905,0.661,0.021,,0.0138669828032174,0.2041220189454604,0.0090837562918068,,,,
1083,203713606,16 26 34.94,-25 11 41.2,,9.99,,4.57,0.09,9.98,4.48,4.7668,,,,"USco,gold",no,Simbad,1,0.999739,14.549999,8.068433238465815,4183.8,1.1422,-0.9910167914784496,0.556,0.084,0.8,0.0138669828032174,0.4456059169147308,0.0090837562918068,0.6488,0.025,90.488,44.858
1091,204520585,16 26 41.19,-22 00 09.7,,9.34,,5.06,0.81,9.24,4.25,19.1625,2.1586,,,"USco,gold",no,Simbad,1,0.998613,14.299999,7.776170238465815,3778.5,0.9841,,,,,0.0138669828032174,0.5067303479202135,0.0090837562918068,,,,
1109,204464537,16 26 56.18,-22 13 52.1,,12.41,,7.2,0.78,12.31,6.42,0.2843,,,,"USco,gold",maybe,Simbad,1,0.999999,19.51,11.921549238465817,2834.9,0.7439,-2.1765257737350687,0.324,0.021,0.1,0.0138669828032174,,0.0,0.0457,0.0163,6.375,4.66
1123,204565982,16 27 09.40,-21 48 45.9,,11.71,,7.82,2.02,11.45,5.8,1.5612,,,,"USco,gold",yes,Simbad,1,1.0,19.27,11.322485238465816,3313.8,1.7517,-1.9182927237260483,0.442,0.021,0.199621451104101,0.0138669828032174,,0.0,0.2207,0.0558,54.474,35.056
1124,203386139,16 27 09.49,-26 18 55.1,,10.77,,5.72,0.21,10.74,5.51,0.909,1.4135,,,"USco,gold",no,Simbad,1,0.992659,16.46,9.731181238465815,,,,,,,0.0138669828032174,0.1805278976451126,0.0090837562918068,,,,
1128,203749770,16 27 12.72,-25 04 02.1,,9.38,,5.38,1.46,9.19,3.92,4.8208,,,,"USco,gold",yes,Simbad,1,0.998613,14.57,7.935833238465815,3813.1,1.0674,-0.8787685360781292,0.473,0.097,0.491736111111111,0.0138669828032174,0.4728011115946731,0.0090837562918068,0.5928,0.071,13.675,6.436
1139,203850605,16 27 19.49,-24 41 40.3,13.28,8.41,4.87,4.87,0.02,8.41,4.85,3.9176,3.5199,,,"USco,gold",yes,Simbad,1,0.996487,13.28,6.640591238465815,,,,,,,0.0138669828032174,0.7965904687059231,0.0090837562918068,,,,
1145,202787821,16 27 27.64,-28 21 50.6,,10.02,,4.69,0.19,9.99,4.5,4.2599,,,,"USco,gold",no,Simbad,2,1e-06,14.68,8.091481238465816,3590.6,0.5451,-0.92434357085594,0.523,0.087,0.342051282051282,0.0138669828032174,0.4409204896434455,0.0090837562918068,0.4596,0.0899,8.668,4.753
1152,202790830,16 27 33.20,-28 21 10.0,,10.51,,4.93,0.15,10.49,4.78,3.8927,,,,"USco,gold",no,Simbad,2,1e-06,15.42,8.679874238465816,3486.7,0.5838,-1.3018994626248446,0.63,0.021,0.2817619047619046,0.0138669828032174,0.3314587705053599,0.0090837562918068,0.3748,0.0797,20.504,12.164
1159,204330922,16 27 39.53,-22 45 23.0,11.65,8.08,3.56,3.56,1.11,7.94,2.45,4.1633,,,,"USco,gold",no,Simbad,1,0.999944,11.5,5.577557238465815,5246.4,1.2893,,,,,0.0138669828032174,1.05156558969833,0.0090837562918068,,,,
1166,203781195,16 27 47.98,-24 57 13.7,,12.11,,8.43,2.83,11.75,5.6,0.4139,,,,"USco,gold",no,Simbad,1,1.0,20.18,12.563467238465815,,,-1.825940203986945,0.495,0.035,,0.0138669828032174,,0.0,,,,
1178,203652652,16 27 57.92,-25 24 19.0,,10.08,,4.94,0.16,10.06,4.78,6.2327,,,,"USco,gold",no,Simbad,1,0.992964,15.0,8.265111238465815,3476.4,0.563,-1.263444154651091,0.649,0.021,0.2768571428571429,0.0138669828032174,0.405169584616408,0.0090837562918068,0.3693,0.0801,17.166,10.037
1229,203117371,16 28 46.03,-27 11 57.6,,10.4,,5.24,0.17,10.38,5.07,14.0079,,,,"USco,gold",no,Simbad,1,0.997667,15.62,8.891452238465815,3677.6,1.0808,-0.8007386387228533,0.59,,0.3978205128205128,0.0138669828032174,0.2953281265084135,0.0090837562918068,0.5105,0.0871,7.224,3.599
1230,203905980,16 28 47.02,-24 28 14.0,,11.95,,8.27,0.89,11.84,7.38,1.8978,,,,"USco,gold",yes,Simbad,1,0.999995,20.11,11.998539238465815,,,-1.878440165947746,0.405,0.023,,0.0138669828032174,,0.0,,,,
1258,203036210,16 29 49.91,-27 28 49.9,11.05,8.65,2.4,2.4,0.08,8.64,2.32,3.0258,,,,"USco,gold",no,Simbad,1,0.999617,11.040001,5.146657238465815,4957.2,0.2042,0.011600063192481,0.894,0.233,0.8903664921465968,0.0138669828032174,1.1469814970827044,0.0090837562918068,1.217,0.0883,9.741,3.858
1260,203774126,16 29 54.59,-24 58 46.0,7.81,7.31,0.5,0.5,0.31,7.27,0.19,1.9698,,,,"USco,gold",yes,Simbad,1,0.997703,7.77,2.2431282384658155,9643.4,0.3941,,,,,0.0138669828032174,,0.0,,,,
1261,203178795,16 29 56.62,-26 59 18.4,,10.44,,5.64,0.35,10.39,5.29,1.605,1.1308,,,"USco,gold",no,Simbad,1,0.999245,16.03,9.006747238465815,,,-1.404724298767895,0.638,0.02,,0.0138669828032174,0.2786173880302809,0.0090837562918068,,,,
1265,203044910,16 30 02.74,-27 27 00.8,,9.75,,4.57,0.35,9.71,4.22,7.7349,,,,"USco,gold",no,Simbad,1,0.998258,14.280001,7.9831762384658145,6006.7,2.7628,-0.862202974930432,0.536,0.093,1.212035714285714,0.0138669828032174,0.4631299453257021,0.0090837562918068,0.8329,0.0271,105.767,39.297
1273,203050730,16 31 05.78,-27 25 46.4,,10.53,,5.62,0.28,10.49,5.34,0.4865,0.774,,,"USco,gold",no,Simbad,1,0.999389,16.11,9.109431238465817,3436.4,0.8463,-1.442974257125943,0.614,0.021,0.2578095238095238,0.0138669828032174,0.2639977919729607,0.0090837562918068,0.3267,0.0746,24.738,15.094
1274,203189054,16 31 15.41,-26 57 15.2,,10.25,,4.92,0.61,10.17,4.31,10.7353,,,,"USco,gold",no,Simbad,1,0.996487,15.09,8.527437238465815,3722.2,0.8601,-0.9655319842173836,0.499,,0.428611111111111,0.0138669828032174,0.358212941790816,0.0090837562918068,0.5483,0.0712,15.51,7.568
1281,202678486,16 31 56.67,-28 46 12.9,,10.49,,5.64,0.16,10.47,5.48,7.3603,,,,"USco,gold",no,Simbad,1,0.999781,16.11,9.195503238465816,,,,,,,0.0138669828032174,0.251931195818402,0.0090837562918068,,,,
1282,205517382,16 32 24.32,-17 03 40.1,,7.96,,4.55,0.7,7.87,3.85,3.3542,,,,"USco,gold",no,Simbad,1,0.996487,12.42,5.994485238465815,,,,,,,0.0138669828032174,0.956002983011692,0.0090837562918068,,,,
1288,210282528,16 33 34.95,-18 32 54.2,,10.4,,5.37,3.6,9.93,1.78,2.2065,,,,"USco,gold",no,Simbad,1,0.992964,15.3,8.853738238465816,3428.9,0.7307,-1.0266412110680048,0.51,,0.2542380952380952,0.0138669828032174,0.3007784585460782,0.0090837562918068,0.3335,0.0767,6.136,3.324
1289,203099159,16 33 35.03,-27 15 45.1,,10.95,,5.45,0.34,10.9,5.11,2.0986,,,,"USco,gold",no,Simbad,1,0.992964,16.349998,9.416498238465817,3564.5,0.8574,-1.3805935904065882,0.612,0.021,0.3253205128205128,0.0138669828032174,0.2204285417862589,0.0090837562918068,0.4222,0.0727,39.446,24.936
1290,204559470,16 33 38.82,-21 50 26.3,,8.87,,5.47,1.21,8.72,4.27,3.621,1.4739,,,"USco,gold",no,Simbad,1,0.999146,14.190001,7.490766238465815,,,,,,,0.0138669828032174,0.5762785598092256,0.0090837562918068,,,,
1292,203181641,16 34 05.85,-26 58 44.2,,8.78,,3.6,0.7,8.69,2.9,0.4305,1.3038,,,"USco,gold",no,Simbad,1,0.999146,12.289999,6.231846238465815,,,-0.3044307655335345,0.649,0.082,,0.0138669828032174,0.9010422503406798,0.0090837562918068,,,,
1296,203185083,16 34 35.13,-26 58 03.2,,10.48,,6.26,0.51,10.41,5.75,0.4401,,,,"USco,gold",no,Simbad,1,0.99998,16.67,9.373125238465816,3528.3,1.0777,,,,,0.0138669828032174,0.2266861856089016,0.0090837562918068,,,,
1297,202724532,16 34 38.26,-28 35 50.6,,9.77,,4.93,0.41,9.71,4.52,5.0696,,,,"USco,gold",no,Simbad,1,0.992964,14.639999,7.9903252384658146,3749.2,0.8234,-0.5745146918108867,0.589,0.093,0.447361111111111,0.0138669828032174,0.4617370912595891,0.0090837562918068,0.5332,0.0882,3.817,1.769
1300,204884822,16 35 06.25,-20 25 28.5,,9.55,,5.72,0.66,9.46,5.07,0.7983,,,,"USco,gold",no,Simbad,1,0.999146,15.18,8.213361238465815,3531.3,0.9137,,,,,0.0138669828032174,0.4157700373075111,0.0090837562918068,,,,
1301,202679988,16 35 11.88,-28 45 52.0,,8.99,,3.72,0.7,8.9,3.02,2.9473,1.3384,,,"USco,gold",no,Simbad,1,0.992964,12.62,6.531953238465816,5718.4,1.9618,,,,,0.0138669828032174,0.8239944914313002,0.0090837562918068,,,,
1305,203120753,16 35 45.73,-27 11 16.8,,10.28,,4.82,0.6,10.21,4.22,5.3147,,,,"USco,gold",no,Simbad,2,1e-06,15.030001,8.498331238465815,3521.3,0.5692,-1.053498621598955,0.47,,0.2982380952380953,0.0138669828032174,0.3630417266530511,0.0090837562918068,0.4107,0.088,10.391,5.919
1307,205059490,16 36 39.22,-19 36 07.5,9.43,8.11,1.32,1.32,0.68,8.02,0.64,0.4185,0.5619,0.2157,0.2753,"USco,gold",no,Simbad,1,0.999921,9.34,3.787994238465816,7571.8,0.7543,0.5449147103282526,1.159,0.158,1.5,0.0138669828032174,,0.0,1.3871,0.0152,84.418,46.164
1313,205002311,16 47 47.33,-19 52 31.9,9.06,7.8,1.26,1.26,0.27,7.77,0.99,1.1676,1.1464,,,"USco,gold",yes,Simbad,1,0.996487,9.03,3.354636238465816,6453.5,0.1298,0.5189151533014206,1.384,0.292,1.366611295681063,0.0138669828032174,,0.0,1.3396,0.0363,56.24,40.94
3,204562176,15 55 02.13,-21 49 43.4,,8.64,,3.82,0.7,8.55,3.12,4.1103,2.1071,,,"USco,gold",no,Simbad,1,0.999887,12.37,6.259712238465815,4988.0,1.4457,,,,,0.0138669828032174,0.8940891709432883,0.0090837562918068,,,,
5,204882444,15 55 05.13,-20 26 07.8,,9.74,,5.32,0.74,9.65,4.58,0.3829,,,,"USco,gold",no,Simbad,2,1e-06,14.969999,8.250600238465815,3605.4,0.9511,-0.917789290133736,0.418,0.099,0.3515384615384616,0.0138669828032174,0.4081929376565991,0.0090837562918068,0.4708,0.089,8.954,4.844
6,203667805,15 55 06.24,-25 21 10.1,,8.51,,3.86,0.7,8.42,3.16,3.9016,3.5855,,,"USco,gold",no,Simbad,1,0.99968,12.28,6.263202238465816,,,,,,,0.0138669828032174,0.8923946883863603,0.0090837562918068,,,,
7,204189121,15 55 08.52,-23 18 51.0,,9.9,,5.28,0.15,9.88,5.13,5.2099,,,,"USco,gold",no,Simbad,2,1e-06,15.16,8.400267238465815,3563.4,0.887,-0.835766135971699,0.493,0.096,0.3246153846153847,0.0138669828032174,0.3802815705895829,0.0090837562918068,0.4244,0.0892,5.443,2.923
9,204175508,15 55 17.58,-23 22 03.7,8.43,7.39,1.04,1.04,0.5,7.33,0.54,0.0501,0.0571,0.0544,0.0573,"USco,gold",no,Simbad,1,0.999532,8.37,2.7487632384658145,7819.7,0.5278,0.8776494498074651,1.721,0.283,1.5,0.0138669828032174,,0.0,1.3964,0.0066,94.229,49.373
12,203553934,15 55 29.81,-25 44 49.9,,9.14,,4.79,0.14,9.12,4.65,4.7031,6.2215,,,"USco,gold",no,Simbad,1,0.999245,13.91,7.979474238465816,,,,,,,0.0138669828032174,0.4634683396002798,0.0090837562918068,,,,
15,204782414,15 55 39.28,-20 53 07.3,,10.62,,5.74,0.51,10.55,5.23,1.0099,,,,"USco,gold",no,Simbad,1,0.99968,16.29,9.233288238465816,3529.0,1.0987,-1.40000780223252,0.636,0.021,0.3025641025641025,0.0138669828032174,0.2463623141095041,0.0090837562918068,0.396,0.0752,34.963,21.91
16,204819202,15 55 41.40,-20 43 15.0,,9.45,,5.1,0.73,9.36,4.37,1.0285,,,,"USco,gold",no,Simbad,1,0.998613,14.459999,7.965295238465815,3651.0,0.8395,-0.7403105712244252,0.532,0.091,0.3807692307692308,0.0138669828032174,0.46675723296878,0.0090837562918068,0.4826,0.0897,5.241,2.65
20,203710077,15 55 48.81,-25 12 24.0,10.5,8.29,2.21,2.21,1.04,8.16,1.17,3.7228,3.4797,,,"USco,gold",maybe,Simbad,1,0.999867,10.37,4.592143238465816,5287.5,0.2055,0.1983601277877675,0.923,0.115,0.9860703812316716,0.0138669828032174,1.2549726601056477,0.0090837562918068,1.2662,0.0873,12.408,3.573
21,203675097,15 55 50.98,-25 19 39.4,,10.7,,5.47,0.21,10.67,5.25,2.8655,,,,"USco,gold",no,Simbad,1,0.997667,16.14,9.174349238465815,3381.2,0.8274,-1.466227936223003,0.587,0.021,0.2315238095238094,0.0138669828032174,0.2550309675169782,0.0090837562918068,0.2869,0.0705,19.89,11.936
25,204811478,15 55 56.00,-20 45 18.7,,12.15,,7.84,4.39,11.58,3.44,1.7005,,,,"USco,gold",yes,Simbad,1,1.0,19.42,12.032988238465816,,,-2.041436124794424,0.386,0.023,,0.0138669828032174,,0.0,,,,
26,204107757,15 56 01.02,-23 38 08.4,,12.81,,7.47,0.09,12.8,7.38,1.5054,,,,"USco,gold",yes,Simbad,1,0.999999,20.27,12.231646238465814,2845.7,0.6426,-2.250263688092744,0.278,0.023,0.1,0.0138669828032174,,0.0,0.0496,0.0175,9.029,6.244
30,204115917,15 56 20.59,-23 36 10.0,,10.32,,5.27,0.49,10.26,4.78,2.3892,,,,"USco,gold",no,Simbad,2,1e-06,15.530001,8.721219238465816,,,-0.7726275670342198,0.435,,,0.0138669828032174,0.3240717645261354,0.0090837562918068,,,,
32,204413641,15 56 24.75,-22 25 55.6,,10.79,,6.15,0.74,10.69,5.41,1.9675,,,,"USco,gold",yes,Simbad,1,0.999951,16.84,9.615871238465814,,,-1.5275360943486207,0.591,0.021,,0.0138669828032174,0.1937623373318562,0.0090837562918068,,,,
33,203570729,15 56 24.90,-25 41 20.5,,10.44,,4.92,0.14,10.42,4.78,4.6706,,,,"USco,gold",no,Simbad,1,0.992964,15.34,8.723196238465816,3513.0,0.718,-1.2964506886881515,0.641,0.021,0.2942857142857142,0.0138669828032174,0.3234761709863668,0.0090837562918068,0.3948,0.0796,22.934,13.667
34,204918279,15 56 25.09,-20 16 16.2,,9.86,,6.67,0.44,9.8,6.23,0.4594,0.4665,,,"USco,gold",no,Simbad,1,0.999604,16.470001,9.231930238465816,,,,,,,0.0138669828032174,0.2467794675614018,0.0090837562918068,,,,
35,204351607,15 56 25.62,-22 40 27.4,,10.37,,5.54,0.42,10.32,5.12,1.386,,,,"USco,gold",no,Simbad,1,0.992964,15.86,8.913793238465816,3563.8,0.9503,-1.332173625298726,0.652,0.021,0.3248717948717949,0.0138669828032174,0.291840850661115,0.0090837562918068,0.4275,0.0747,33.375,20.674
37,204282380,15 56 29.53,-22 56 58.4,,10.39,,5.34,0.51,10.32,4.83,2.9991,,,,"USco,gold",no,Simbad,1,0.992964,15.66,8.874242238465815,3587.5,0.91,-1.2827456881805632,0.668,0.02,0.3400641025641026,0.0138669828032174,0.2977138445904875,0.0090837562918068,0.4475,0.0733,31.321,18.958
38,204963464,15 56 34.24,-20 03 33.4,,10.87,,6.25,0.26,10.83,5.99,0.369,,,,"USco,gold",no,Simbad,1,0.999996,17.08,9.738742238465814,3430.0,1.1108,-1.616364143719666,0.572,0.021,0.2547619047619047,0.0138669828032174,0.179862439301749,0.0090837562918068,0.3093,0.0696,41.481,26.992
41,204832936,15 56 42.43,-20 39 34.2,,10.28,,5.74,0.76,10.18,4.98,4.2616,4.9781,,,"USco,gold",yes,Simbad,1,0.998613,15.92,8.900927238465815,3491.4,1.0037,-1.3026834603256057,0.667,0.021,0.284,0.0138669828032174,0.2939130649858625,0.0090837562918068,0.3783,0.0797,21.043,12.503
42,205010817,15 56 47.69,-19 50 07.6,,8.95,,4.69,0.19,8.92,4.5,2.6359,,,,"USco,gold",no,Simbad,2,1e-06,13.610001,7.047860238465816,,,,,,,0.0138669828032174,0.6880829805636438,0.0090837562918068,,,,
43,204222666,15 56 47.85,-23 11 02.6,7.74,7.18,0.56,0.56,0.52,7.12,0.04,0.3472,,,,"USco,gold",no,Simbad,1,0.996629,7.68,2.139074238465815,9964.8,0.5973,1.3224750221022763,2.211,0.323,1.5,0.0138669828032174,,0.0,1.3993,0.0026,112.339,52.663
44,204274993,15 56 55.45,-22 58 40.4,,9.43,,4.47,0.51,9.37,3.96,8.1549,,,,"USco,gold",no,Simbad,1,0.997667,13.84,7.420453238465816,4007.9,0.7539,-0.5961933929666947,0.596,0.086,0.6003614457831326,0.0138669828032174,0.5932052964344905,0.0090837562918068,0.7065,0.0882,7.876,3.723
50,205008763,15 57 02.33,-19 50 42.1,11.66,8.37,3.29,3.29,0.7,8.28,2.59,2.5385,,,,"USco,gold",no,Simbad,1,0.999978,11.57,5.815278238465815,,,,,,,0.0138669828032174,0.9980187235983236,0.0090837562918068,,,,
51,204248842,15 57 03.67,-23 04 48.6,,10.21,,5.93,0.25,10.18,5.68,0.9991,0.8303,,,"USco,gold",no,Simbad,1,0.999955,16.11,8.930308238465816,3475.7,1.1021,,,,,0.0138669828032174,0.2895168938970939,0.0090837562918068,,,,
53,204496657,15 57 06.40,-22 06 06.2,,11.29,,6.28,1.52,11.09,4.76,0.8995,,,,"USco,gold",yes,Simbad,1,0.999996,17.37,10.143781238465817,,,-1.633390303975062,0.552,0.021,,0.0138669828032174,0.1432259035468095,0.0090837562918068,,,,
55,204084492,15 57 12.77,-23 43 46.7,,12.59,,6.9,0.82,12.49,6.08,1.1411,,,,"USco,gold",no,Simbad,1,0.999998,19.39,11.761557238465816,,,-2.218963069211088,0.299,0.022,,0.0138669828032174,,0.0,,,,
57,203628765,15 57 16.74,-25 29 19.3,,8.86,,3.81,0.7,8.77,3.11,0.5034,0.6615,,,"USco,gold",no,Simbad,1,0.999913,12.58,7.214530238465816,,,,,,,0.0138669828032174,0.6454398360058948,0.0090837562918068,,,,
59,204787516,15 57 23.90,-20 51 45.5,,9.8,,5.21,0.02,9.8,5.19,0.4868,,,,"USco,gold",no,Simbad,1,0.992964,15.01,8.157304238465816,3581.7,0.8258,-0.7878923172215024,0.509,0.093,0.3363461538461537,0.0138669828032174,0.4269234937825752,0.0090837562918068,0.4329,0.089,4.864,2.554
60,204836433,15 57 24.53,-20 38 38.3,,9.99,,5.07,0.85,9.88,4.21,8.6218,,,,"USco,gold",no,Simbad,1,0.996487,14.950001,8.267827238465815,3657.1,0.8019,-0.8899829906520429,0.474,0.096,0.3846794871794871,0.0138669828032174,0.4042901523410563,0.0090837562918068,0.506,0.085,9.611,4.921
61,204040060,15 57 25.74,-23 54 22.2,13.72,9.09,4.63,4.63,0.37,9.04,4.26,7.239,,,,"USco,gold",no,Simbad,1,0.999976,13.67,7.592975238465815,4849.9,2.1437,,,,,0.0138669828032174,0.5515541239537065,0.0090837562918068,,,,
62,204442667,15 57 28.47,-22 19 05.3,,11.6,,6.35,0.24,11.57,6.11,1.3178,,,,"USco,gold",no,Simbad,1,0.999998,17.92,10.506560238465816,3370.7,1.1812,-1.833273943767509,0.454,0.021,0.2265238095238094,0.0138669828032174,0.1168589261441857,0.0090837562918068,0.2566,0.0607,57.532,36.937
63,204274743,15 57 29.84,-22 58 44.0,,11.19,,6.17,0.49,11.13,5.69,1.7686,,,,"USco,gold",yes,Simbad,1,0.997153,17.3,10.281025238465816,,,,,,,0.0138669828032174,0.1321299487767033,0.0090837562918068,,,,
64,204179058,15 57 34.31,-23 21 12.3,13.62,8.99,4.63,4.63,1.16,8.84,3.47,3.0039,0.5857,,,"USco,gold",maybe,Simbad,1,0.992964,13.47,7.128354238465816,,,,,,,0.0138669828032174,0.6673824850822404,0.0090837562918068,,,,
69,204760247,15 57 40.46,-20 58 59.0,5.84,5.73,0.1,0.1,0.59,5.66,-0.49,0.907,,,,"USco,gold",no,Simbad,1,0.999757,5.7599998,0.2400142384658155,12708.3,0.415,2.371202154213117,3.165,0.421,1.5,0.0138669828032174,,0.0,1.3999,0.0007,145.29,56.709
70,203521205,15 57 42.47,-25 51 35.7,,10.81,,5.7,0.05,10.81,5.65,0.7418,,,,"USco,gold",no,Simbad,1,0.999806,16.51,9.414191238465817,3427.6,0.9197,-1.4548166387485022,0.621,0.021,0.2536190476190476,0.0138669828032174,0.2208561916481739,0.0090837562918068,0.3196,0.0739,24.509,14.968
71,204412942,15 57 42.48,-22 26 05.7,,11.42,,5.43,0.65,11.33,4.78,1.4446,,,,"USco,gold",no,Simbad,1,0.997667,16.76,9.874266238465816,,,-1.6961562435388633,0.46,0.021,,0.0138669828032174,0.1657795295554672,0.0090837562918068,,,,
72,204399028,15 57 46.60,-22 29 20.5,,10.46,,5.43,1.01,10.33,4.42,3.8671,,,,"USco,gold",no,Simbad,1,0.996487,15.76,8.914542238465815,3461.8,0.9273,-1.350081298108429,0.639,0.021,0.269904761904762,0.0138669828032174,0.2917597732818113,0.0090837562918068,0.3528,0.0781,21.121,12.632
74,203839698,15 57 47.56,-24 44 12.4,,12.05,,6.06,0.32,12.01,5.74,0.9672,,,,"USco,gold",no,Simbad,1,0.999992,18.07,10.798825238465817,3380.4,0.9911,-1.836540458659017,0.441,0.022,0.2311428571428572,0.0138669828032174,,0.0,0.261,0.0602,60.718,38.531
75,204134887,15 57 48.80,-23 31 38.2,6.77,6.67,0.1,0.1,0.35,6.63,-0.25,0.803,,,,"USco,gold",no,Simbad,1,0.999786,6.73,1.1643412384658154,,,1.8800804062843068,2.606,0.379,,0.0138669828032174,,0.0,,,,
76,204247416,15 57 50.03,-23 05 09.5,,9.27,,4.08,0.12,9.25,3.96,7.8404,,,,"USco,gold",no,Simbad,1,0.996487,13.33,6.939882238465815,4759.7,1.4504,-0.5415888001157823,0.612,0.083,0.8386649214659686,0.0138669828032174,0.7167971118464747,0.0090837562918068,0.8163,0.0401,63.564,39.313
81,204097242,15 58 06.39,-23 40 41.9,,10.65,,5.65,0.4,10.6,5.25,2.5265,,,,"USco,gold",no,Simbad,1,0.992964,16.25,9.216836238465817,,,-1.4420118687793178,0.602,0.021,,0.0138669828032174,0.2487567125810996,0.0090837562918068,,,,
82,203361837,15 58 06.93,-26 23 47.0,,10.16,,5.18,0.25,10.13,4.92,7.7299,,,,"USco,gold",no,Simbad,2,1e-06,15.309999,8.501985238465815,,,-0.9913572661783092,0.451,0.089,,0.0138669828032174,0.3627580901966856,0.0090837562918068,,,,
84,204147776,15 58 12.71,-23 28 36.5,10.36,8.02,2.34,2.34,2.76,7.66,-0.42,1.7209,,,,"USco,gold",yes,Simbad,1,0.999891,10.0,4.502897238465815,5525.8,0.5477,,,,,0.0138669828032174,1.2712042703343975,0.0090837562918068,,,,
86,204898840,15 58 15.69,-20 21 37.1,,11.06,,5.96,1.83,10.82,4.13,0.6905,0.4467,,,"USco,gold",no,Simbad,1,0.999989,16.779999,9.791271238465816,3364.1,1.0925,-1.6825634973205663,0.516,0.021,0.2233809523809523,0.0138669828032174,0.1739278120394226,0.0090837562918068,0.264,0.0672,35.735,23.53
87,205128625,15 58 18.84,-19 15 44.9,,10.13,,5.25,0.11,10.12,5.14,13.5669,,,,"USco,gold",no,Simbad,1,0.992964,15.37,8.544842238465815,3614.8,0.9754,-0.8265514650177863,0.51,0.094,0.3575641025641027,0.0138669828032174,0.3552384614273356,0.0090837562918068,0.4662,0.09,6.449,3.398
91,204553379,15 58 23.36,-21 51 59.1,,11.28,,6.38,0.42,11.23,5.96,1.8469,,,,"USco,gold",no,Simbad,1,0.999998,17.61,10.311070238465817,,,-1.7366006477624436,0.524,0.022,,0.0138669828032174,0.1297562713719327,0.0090837562918068,,,,
92,204123651,15 58 28.54,-23 34 19.3,,10.42,,5.49,0.4,10.37,5.09,2.3936,,,,"USco,gold",no,Simbad,1,0.996487,15.86,8.900944238465815,3589.6,0.923,-1.3166827395165248,0.65,0.021,0.3414102564102563,0.0138669828032174,0.2939120653549527,0.0090837562918068,0.4457,0.0717,35.901,22.281
94,204226548,15 58 29.79,-23 10 07.9,,11.3,,4.64,0.65,11.22,3.99,,,,,"USco,gold",yes,Simbad,1,0.999832,15.860001,10.056318238465815,3220.3,0.4015,-1.563519314342427,0.527,0.021,0.1701261829652997,0.0138669828032174,0.1503990232372603,0.0090837562918068,0.1861,0.0508,11.469,6.322
95,204780592,15 58 30.39,-20 53 35.9,7.26,6.53,0.73,0.73,0.5,6.47,0.23,0.0735,0.1216,0.0596,0.1131,"USco,gold",no,Simbad,1,0.999702,7.2,1.6544982384658151,9547.2,0.6918,1.4792021871705885,2.056,0.315,1.5,0.0138669828032174,,0.0,1.3995,0.0022,116.307,54.46
96,204066097,15 58 35.97,-23 48 14.0,,12.08,,6.32,0.28,12.04,6.04,0.3588,,,,"USco,gold",no,Simbad,1,0.999998,18.36,11.032694238465815,,,-2.07727454523862,0.343,0.021,,0.0138669828032174,,0.0,,,,
97,205024407,15 58 36.19,-19 46 13.6,,10.72,,5.63,0.38,10.67,5.24,3.0008,,,,"USco,gold",yes,Simbad,1,0.999146,16.3,9.283850238465815,3519.6,0.9935,-1.4012094770663055,0.634,0.021,0.2974285714285714,0.0138669828032174,0.2393194000647065,0.0090837562918068,0.3894,0.0758,33.432,20.867
100,204281210,15 58 36.92,-22 57 15.3,,7.05,,3.04,0.7,6.96,2.34,2.5649,2.4445,,,"USco,gold",yes,Simbad,1,0.999964,10.0,4.319495238465816,5554.3,0.4479,0.5178646362795326,1.02,0.121,1.0687460815047023,0.0138669828032174,,0.0,1.3299,0.0737,14.324,3.257
103,204249804,15 58 58.19,-23 04 35.3,,9.88,,4.75,0.43,9.83,4.32,3.9066,,,,"USco,gold",no,Simbad,2,1e-06,14.58,7.986637238465816,3645.7,0.658,-0.8100887731891893,0.52,0.091,0.3773717948717948,0.0138669828032174,0.4620821569345987,0.0090837562918068,0.4882,0.0888,6.754,3.465
105,203397761,15 59 01.92,-26 16 33.1,,11.26,,5.94,0.0,11.26,5.94,0.5179,0.5938,,,"USco,gold",no,Simbad,1,0.999995,17.2,10.022828238465816,,,-1.7945249701942907,0.464,0.031,,0.0138669828032174,0.1533820615930763,0.0090837562918068,,,,
106,203475138,15 59 08.63,-26 00 54.7,,10.76,,5.53,0.75,10.66,4.78,2.1199,,,,"USco,gold",no,Simbad,1,0.996487,16.19,9.204933238465816,3472.2,0.7932,-1.469672225153484,0.582,0.021,0.2748571428571427,0.0138669828032174,0.2506194469820932,0.0090837562918068,0.349,0.0741,32.404,20.259
108,204367110,15 59 12.43,-22 36 50.4,,11.79,,6.56,0.52,11.72,6.04,0.944,,,,"USco,gold",no,Simbad,1,0.999998,18.28,10.776322238465816,,,-1.8807441231339528,0.428,0.022,,0.0138669828032174,0.1008733188207039,0.0090837562918068,,,,
109,210282521,15 59 14.51,-26 06 18.2,,9.3,,2.99,1.24,9.14,1.75,0.4621,,,,"USco,gold",no,Simbad,1,0.999941,12.13,6.411154238465816,4904.5,0.7003,-0.5360771547553177,0.706,0.078,0.8765706806282723,0.0138669828032174,0.855622791079742,0.0090837562918068,0.8266,0.0328,78.065,43.057
110,204477741,15 59 18.38,-22 10 43.2,16.27,10.07,6.19,6.19,0.33,10.03,5.86,0.8214,0.7623,,,"USco,gold",no,Simbad,1,0.999982,16.22,8.843879238465815,,,,,,,0.0138669828032174,0.3023699487681351,0.0090837562918068,,,,
113,203462615,15 59 38.05,-26 03 23.6,,10.25,,6.24,0.16,10.23,6.08,0.5201,0.4421,,,"USco,gold",no,Simbad,1,0.999988,16.47,8.956816238465816,3475.6,1.0185,-1.4595453713086113,0.642,0.021,0.2764761904761904,0.0138669828032174,0.2857779796002534,0.0090837562918068,0.3524,0.0745,31.951,19.93
114,204870258,15 59 44.25,-20 29 23.5,,10.4,,6.44,1.22,10.25,5.22,,,,,"USco,gold",yes,Simbad,1,0.999984,16.69,9.372932238465816,3474.1,1.2648,-1.4497716327258532,0.642,0.021,0.2757619047619047,0.0138669828032174,0.2267033016442856,0.0090837562918068,0.3524,0.0749,30.749,19.103
116,203499724,15 59 49.88,-25 55 58.8,,9.61,,5.04,0.54,9.54,4.5,0.6243,0.9533,,,"USco,gold",no,Simbad,1,0.992964,14.58,7.846880238465815,,,-0.6936607548756684,0.463,0.094,,0.0138669828032174,0.4912201080699134,0.0090837562918068,,,,
118,203642381,15 59 52.68,-25 26 29.4,,9.72,,4.08,0.12,9.71,3.96,4.4834,,,,"USco,gold",no,Simbad,1,0.996487,13.79,7.346546238465816,4103.2,0.6004,-0.8621396970720301,0.599,0.082,0.8,0.0138669828032174,0.6117574666957197,0.0090837562918068,0.6851,0.0378,36.915,24.964
120,204436170,15 59 59.95,-22 20 36.7,13.25,8.63,4.62,4.62,0.4,8.58,4.22,0.8621,0.7271,,,"USco,gold",no,Simbad,1,0.999146,13.2,6.680960238465815,,,,,,,0.0138669828032174,0.7861538143752831,0.0090837562918068,,,,
122,204096760,16 00 07.04,-23 40 49.0,,10.61,,6.16,0.46,10.55,5.7,0.5255,1.8177,,,"USco,gold",no,Simbad,1,0.999998,16.71,9.537035238465815,,,-1.6031035361084944,0.589,0.023,,0.0138669828032174,0.2031342418819898,0.0090837562918068,,,,
123,204533053,16 00 12.16,-21 57 03.5,,10.34,,5.32,0.36,10.29,4.96,2.8474,,,,"USco,gold",no,Simbad,1,0.998258,15.610001,8.776516238465815,3481.2,0.8761,-1.2849163234384513,0.662,0.021,0.279142857142857,0.0138669828032174,0.3142470361741865,0.0090837562918068,0.3718,0.0799,18.868,11.115
126,204395393,16 00 18.43,-22 30 11.6,,10.41,,6.07,1.55,10.21,4.51,,,,,"USco,gold",yes,Simbad,1,0.999488,16.28,9.353198238465817,,,-1.2694599776381237,0.639,0.028,,0.0138669828032174,0.2295457722693492,0.0090837562918068,,,,
128,204270520,16 00 26.30,-22 59 41.4,,11.34,,6.49,0.42,11.28,6.07,0.5123,,,,"USco,gold",no,Simbad,1,0.999998,17.77,10.412004238465816,,,-1.7500682349652408,0.529,0.022,,0.0138669828032174,0.123031812916937,0.0090837562918068,,,,
129,204769599,16 00 26.69,-20 56 31.8,18.6,12.51,6.09,6.09,0.44,12.45,5.65,1.6401,,,,"USco,gold",yes,Simbad,1,0.999998,18.54,11.568375238465816,,,-2.009217327075904,0.367,0.023,,0.0138669828032174,,0.0,,,,
132,204121833,16 00 30.22,-23 34 46.0,,11.84,,6.89,0.3,11.8,6.59,0.4478,,,,"USco,gold",no,Simbad,1,0.999999,18.69,10.947218238465815,,,-1.894830566849889,0.453,0.024,,0.0138669828032174,,0.0,,,,
133,204878974,16 00 31.35,-20 27 05.0,,8.83,,4.79,0.57,8.75,4.22,3.0938,0.8548,,,"USco,gold",no,Simbad,1,0.992964,13.54,7.175778238465815,,,,,,,0.0138669828032174,0.6553743379556178,0.0090837562918068,,,,
138,204519031,16 00 40.55,-22 00 32.2,10.87,8.44,2.43,2.43,0.33,8.4,2.1,2.7236,,,,"USco,gold",yes,Simbad,1,0.999911,10.83,5.240267238465815,5025.1,0.5566,,,,,0.0138669828032174,1.1268936008884023,0.0090837562918068,,,,
141,203895244,16 00 43.08,-24 30 50.5,,10.77,,5.84,0.2,10.75,5.65,0.5312,0.541,,,"USco,gold",no,Simbad,1,0.999948,16.59,9.447935238465815,,,-1.5406075197009614,0.584,0.021,,0.0138669828032174,0.2159445666817369,0.0090837562918068,,,,
143,204105333,16 00 49.72,-23 38 43.5,,9.74,,4.77,0.55,9.67,4.22,10.0434,,,,"USco,gold",no,Simbad,1,0.997667,14.440001,7.888161238465814,3677.4,0.7699,-0.7849443686180599,0.533,0.09,0.3976923076923078,0.0138669828032174,0.4826148669238764,0.0090837562918068,0.5084,0.0877,6.792,3.383
144,205087347,16 00 49.88,-19 28 00.6,,9.69,,5.07,0.43,9.63,4.64,9.7615,,,,"USco,gold",no,Simbad,1,0.996487,14.700001,8.118458238465815,3675.5,0.8237,-0.954285928850089,0.479,0.099,0.396474358974359,0.0138669828032174,0.4353531299527559,0.0090837562918068,0.5226,0.0786,13.08,6.587
145,203655505,16 00 52.70,-25 23 42.9,,10.35,,5.13,0.38,10.3,4.75,7.0792,,,,"USco,gold",no,Simbad,1,0.992964,15.43,8.689620238465816,3594.8,0.6621,-1.06398920152522,0.449,,0.3447435897435899,0.0138669828032174,0.329743769118311,0.0090837562918068,0.4703,0.0829,14.851,7.995
147,204406748,16 01 05.18,-22 27 31.1,13.74,8.75,4.99,4.99,0.47,8.69,4.52,4.3922,16.9554,,,"USco,gold",no,Simbad,1,0.997667,13.679999,7.418153238465814,,,,,,,0.0138669828032174,0.5942665365050415,0.0090837562918068,,,,
149,203249626,16 01 08.94,-26 45 10.7,,10.6,,5.83,1.05,10.46,4.78,2.0262,,,,"USco,gold",no,Simbad,1,0.99995,16.29,9.679378238465816,,,,,,,0.0138669828032174,0.1865183334272847,0.0090837562918068,,,,
150,204428324,16 01 10.36,-22 22 27.9,,9.76,,5.98,0.36,9.71,5.62,0.325,0.5604,,,"USco,gold",no,Simbad,1,0.999937,15.690001,8.472259238465815,3480.3,1.0466,,,,,0.0138669828032174,0.3676591209039676,0.0090837562918068,,,,
151,203690414,16 01 13.97,-25 16 28.4,,10.42,,5.54,0.21,10.39,5.33,1.816,1.9454,,,"USco,gold",yes,Simbad,1,0.810485,15.93,9.162692238465816,,,,,,,0.0138669828032174,0.2565178145006824,0.0090837562918068,,,,
153,204241103,16 01 19.13,-23 06 39.7,,12.67,,6.95,0.0,12.67,6.95,0.5716,0.4866,,,"USco,gold",no,Simbad,1,0.999999,19.619999,11.974881238465816,,,-2.3565473258670826,0.247,0.021,,0.0138669828032174,,0.0,,,,
154,205055104,16 01 22.33,-19 37 22.5,,9.56,,4.89,0.13,9.54,4.77,8.1047,,,,"USco,gold",no,Simbad,2,1e-06,14.43,7.890980238465815,3648.5,0.7353,,,,,0.0138669828032174,0.4816561719272552,0.0090837562918068,,,,
155,204350686,16 01 25.63,-22 40 40.3,,8.52,,3.19,0.44,8.47,2.75,2.3962,,,,"USco,gold",no,Simbad,1,0.999943,11.66,5.662691238465815,4987.5,0.846,-0.1560201633521415,0.694,0.091,0.8982984293193718,0.0138669828032174,1.0326112646285268,0.0090837562918068,1.0525,0.0672,19.702,9.925
157,203712541,16 01 26.64,-25 11 54.5,7.74,6.89,0.85,0.85,0.67,6.81,0.18,2.6666,,,,"USco,gold",no,Simbad,1,0.9997,7.66,2.1173462384658155,,,1.2186631186253896,1.609,0.284,,0.0138669828032174,,0.0,,,,
158,204317321,16 01 29.84,-22 48 38.8,,10.49,,6.42,0.51,10.42,5.91,1.9313,1.0656,,,"USco,gold",no,Simbad,1,0.999937,16.84,9.470086238465814,,,-1.412625831421239,0.651,0.021,,0.0138669828032174,0.212687602302066,0.0090837562918068,,,,
162,204897050,16 01 40.97,-20 22 08.3,,10.86,,6.55,0.75,10.77,5.8,0.2639,,,,"USco,gold",no,Simbad,1,0.999999,17.32,10.045492238465815,,,-1.6185239047456583,0.593,0.022,,0.0138669828032174,0.1514511914105651,0.0090837562918068,,,,
163,204794876,16 01 47.43,-20 49 45.7,,8.61,,4.58,0.57,8.54,4.02,1.49,2.1528,,,"USco,gold",no,Simbad,1,0.999146,13.12,6.649800238465815,7406.9,3.3176,,,,,0.0138669828032174,0.7944129544368335,0.0090837562918068,,,,
164,203853244,16 01 47.68,-24 41 01.3,,13.01,,6.56,0.48,12.94,6.08,0.6493,,,,"USco,gold",no,Simbad,1,0.999998,19.5,12.001524238465816,,,-2.127843732072752,0.316,0.023,,0.0138669828032174,,0.0,,,,
167,203834337,16 01 51.48,-24 45 25.0,,8.48,,3.81,0.19,8.46,3.62,4.6547,,,,"USco,gold",no,Simbad,1,0.99885,12.27,6.060893238465816,,,,,,,0.0138669828032174,0.9409485791223072,0.0090837562918068,,,,
168,204525956,16 01 55.45,-21 58 49.4,7.19,6.9,0.29,0.29,0.41,6.85,-0.12,,,,,"USco,gold",no,Simbad,1,0.993069,7.14,1.5927152384658152,,,1.3683951140075652,2.192,,,0.0138669828032174,,0.0,,,,
169,204612315,16 01 56.47,-21 37 03.8,11.24,8.3,2.94,2.94,0.0,8.3,2.94,4.7285,,,,"USco,gold",no,Simbad,1,0.999908,11.24,5.136234238465816,4924.0,0.5116,,,,,0.0138669828032174,1.1480088915818316,0.0090837562918068,,,,
171,204947015,16 01 58.22,-20 08 12.0,10.5,7.67,2.83,2.83,0.88,7.56,1.95,1.7739,,,,"USco,gold",no,Simbad,1,0.999966,10.389999,4.515142238465815,,,,,,,0.0138669828032174,1.268296961287141,0.0090837562918068,,,,
172,204350926,16 01 58.93,-22 40 37.1,,10.43,,5.48,0.2,10.41,5.28,0.7299,,,,"USco,gold",no,Simbad,1,0.997667,15.889999,8.914149238465816,3385.7,0.9072,-1.494714323154864,0.577,0.021,0.2336666666666665,0.0138669828032174,0.2917995032623968,0.0090837562918068,0.288,0.0705,22.223,13.542
173,205232450,16 01 59.86,-18 43 45.9,,10.18,,5.44,0.16,10.16,5.28,15.0634,,,,"USco,gold",no,Simbad,1,0.992964,15.6,8.693642238465815,3558.0,1.0511,-1.2769550037524282,0.665,0.021,0.3211538461538461,0.0138669828032174,0.3290117040317883,0.0090837562918068,0.4284,0.0771,26.651,15.898
174,204432860,16 02 00.39,-22 21 23.8,13.59,8.84,4.75,4.75,0.42,8.79,4.33,2.8752,,,,"USco,gold",no,Simbad,1,0.992964,13.54,6.980697238465815,,,,,,,0.0138669828032174,0.7058547932362145,0.0090837562918068,,,,
176,204791347,16 02 04.29,-20 50 42.8,18.6,11.83,6.77,6.77,0.76,11.73,6.02,0.4224,0.245,,,"USco,gold",maybe,Simbad,1,0.999999,18.5,11.140801238465816,,,-1.9457700853500977,0.434,0.022,,0.0138669828032174,,0.0,,,,
179,204278916,16 02 07.56,-22 57 47.0,,9.86,,4.94,0.73,9.77,4.21,3.6335,,,,"USco,gold",yes,Simbad,1,0.992964,14.710001,8.112699238465815,3632.4,0.783,-0.8693124875791732,0.516,0.088,0.3688461538461539,0.0138669828032174,0.4365166764386728,0.0090837562918068,0.4858,0.0882,8.153,4.271
180,204290833,16 02 08.45,-22 54 59.1,14.09,9.55,4.54,4.54,0.4,9.5,4.15,6.1879,,,,"USco,gold",no,Simbad,1,0.996487,14.04,7.565773238465816,3825.0,0.7025,-0.672886369406105,0.574,0.08,0.5,0.0138669828032174,0.5576963930022242,0.0090837562918068,0.5949,0.0879,6.655,3.097
183,204948308,16 02 10.95,-20 07 49.8,,11.42,,6.19,0.57,11.34,5.63,0.9397,,,,"USco,gold",no,Simbad,1,0.999996,17.53,10.264076238465815,3419.3,1.157,-1.686554644076269,0.526,0.022,0.2496666666666667,0.0138669828032174,0.1335129272244851,0.0090837562918068,0.2974,0.0673,48.794,31.95
188,204271115,16 02 23.56,-22 59 33.5,,11.03,,6.38,0.28,11.0,6.1,1.0184,,,,"USco,gold",no,Simbad,1,0.999998,17.380001,9.987497238465815,,,-1.7476324813126387,0.514,0.022,,0.0138669828032174,0.156239604661168,0.0090837562918068,,,,
191,204519555,16 02 24.59,-22 00 24.8,,9.38,,4.33,0.32,9.34,4.0,0.8951,,,,"USco,gold",no,Simbad,1,0.992964,13.67,7.289247238465816,5780.7,2.3919,-0.6020252537477757,0.599,0.082,1.4,0.0138669828032174,0.6270104438089918,0.0090837562918068,0.8893,0.0294,93.633,40.392
193,204517888,16 02 32.25,-22 00 48.9,,12.34,,6.93,0.73,12.25,6.2,,,,,"USco,gold",yes,Simbad,1,0.999999,19.18,11.637741238465814,,,-2.0168249425465894,0.391,0.023,,0.0138669828032174,,0.0,,,,
195,204182919,16 02 35.86,-23 20 17.2,,10.2,,5.56,0.28,10.17,5.28,6.6977,,,,"USco,gold",yes,Simbad,2,1e-06,15.73,8.740108238465815,3431.0,0.8905,,,,,0.0138669828032174,0.3207542528541676,0.0090837562918068,,,,
197,204317053,16 02 41.41,-22 48 42.1,,11.99,,7.14,1.06,11.86,6.08,1.5945,,,,"USco,gold",yes,Simbad,1,0.999998,19.0,11.274943238465816,,,-1.9759250157415835,0.397,0.022,,0.0138669828032174,,0.0,,,,
198,204607034,16 02 41.51,-21 38 24.7,,11.18,,6.44,1.09,11.04,5.36,1.9654,,,,"USco,gold",yes,Simbad,1,0.999979,17.48,10.148909238465816,3432.3,1.0549,-1.6283780576752418,0.532,0.021,0.2558571428571429,0.0138669828032174,0.1428196738084701,0.0090837562918068,0.3098,0.0691,43.607,28.412
199,203560204,16 02 44.47,-25 43 32.5,,11.33,,5.45,0.22,11.3,5.23,2.3026,,,,"USco,gold",no,Simbad,1,0.999146,16.75,9.805023238465814,,,-1.5943122041221929,0.526,0.021,,0.0138669828032174,0.1722486209884266,0.0090837562918068,,,,
200,205078547,16 02 45.44,-19 30 38.1,,11.14,,6.44,0.52,11.07,5.93,0.7863,,,,"USco,gold",no,Simbad,1,0.999999,17.51,10.249178238465817,,,-1.70202076856204,0.549,0.025,,0.0138669828032174,0.1346162046506316,0.0090837562918068,,,,
202,204894575,16 02 53.96,-20 22 47.9,12.49,8.19,4.3,4.3,0.32,8.15,3.97,1.954,,,,"USco,gold",no,Simbad,1,0.999935,12.45,6.813805238465815,,,,,,,0.0138669828032174,0.750604275847004,0.0090837562918068,,,,
205,204282976,16 02 58.55,-22 56 49.7,,10.11,,4.92,0.41,10.06,4.51,1.866,,,,"USco,gold",no,Simbad,2,1e-06,14.9800005,8.288922238465815,3579.2,0.6964,-0.8879986134584915,0.516,0.092,0.3347435897435896,0.0138669828032174,0.40009815515356,0.0090837562918068,0.4453,0.0906,7.155,3.917
207,204489514,16 03 01.60,-22 07 52.7,,11.73,,6.91,0.62,11.65,6.29,1.7049,,,,"USco,gold",yes,Simbad,1,0.999998,18.56,10.820256238465817,,,-1.8635965391782927,0.45,0.022,,0.0138669828032174,,0.0,,,,
208,203348270,16 03 01.76,-26 26 22.1,,9.69,,4.39,0.43,9.64,3.96,4.1734,,,,"USco,gold",no,Simbad,1,0.992964,14.030001,7.558123238465816,3932.3,0.5895,-0.760150173873934,0.574,0.087,0.7,0.0138669828032174,0.5600983724044801,0.0090837562918068,0.6586,0.0752,11.744,5.429
211,204376053,16 03 14.89,-22 34 45.9,,10.7,,6.46,0.41,10.65,6.05,1.5654,2.0296,,,"USco,gold",no,Simbad,1,0.999997,17.11,9.692516238465815,,,-1.5683146565785877,0.611,0.021,,0.0138669828032174,0.1850646099039254,0.0090837562918068,,,,
216,203341895,16 03 25.98,-26 27 32.2,,10.77,,5.88,0.22,10.74,5.65,0.8336,,,,"USco,gold",no,Simbad,1,0.999893,16.619999,9.450233238465817,3422.4,0.911,-1.4266641803578513,0.637,0.022,0.2511428571428571,0.0138669828032174,0.2154912420435413,0.0090837562918068,0.3182,0.0743,21.867,13.186
217,204538777,16 03 26.25,-21 55 38.1,,11.6,,6.52,0.91,11.48,5.61,1.4806,,,,"USco,gold",yes,Simbad,1,0.999994,18.0,10.589219238465816,,,-1.7872798596513086,0.476,0.021,,0.0138669828032174,0.111531528133523,0.0090837562918068,,,,
220,204993463,16 03 29.40,-19 55 03.9,,11.03,,5.9,0.34,10.99,5.56,0.8547,1.1069,,,"USco,gold",no,Simbad,1,0.999948,16.89,9.737102238465816,3467.8,1.1827,-1.5325398783085091,0.588,0.021,0.2727619047619048,0.0138669828032174,0.179936170527039,0.0090837562918068,0.3399,0.0716,38.635,24.619
223,204328600,16 03 35.50,-22 45 56.1,10.97,8.36,2.61,2.61,0.42,8.31,2.19,2.4213,,,,"USco,gold",no,Simbad,1,0.999848,10.92,5.049615238465815,5026.8,0.4863,0.10546591446244,0.827,0.102,0.9096187683284458,0.0138669828032174,1.1674375837056523,0.0090837562918068,1.2745,0.0817,9.035,3.319
224,205228053,16 03 37.76,-18 45 08.6,,9.81,,5.03,0.89,9.69,4.14,7.6483,,,,"USco,gold",no,Simbad,1,0.997667,14.719999,8.206553238465816,3687.4,0.9316,-0.9063682319262936,0.492,0.097,0.4044444444444445,0.0138669828032174,0.4169200681211453,0.0090837562918068,0.5271,0.0805,11.219,5.582
226,205199316,16 03 38.30,-18 54 07.6,,9.54,,5.07,0.78,9.44,4.28,0.7729,,,,"USco,gold",no,Simbad,1,0.992964,14.51,7.894767238465816,3814.9,0.8838,-0.6637204164080056,0.571,0.089,0.4929861111111112,0.0138669828032174,0.4813200606089349,0.0090837562918068,0.5876,0.0883,6.276,2.926
227,205207894,16 03 39.22,-18 51 29.5,,10.2,,5.65,0.71,10.11,4.94,10.5026,,,,"USco,gold",no,Simbad,1,0.998258,15.76,8.758608238465815,,,-0.9152450325187405,0.472,,,0.0138669828032174,0.3174816519372808,0.0090837562918068,,,,
228,204119181,16 03 40.29,-23 35 23.8,,11.32,,5.68,0.31,11.28,5.37,2.6885,,,,"USco,gold",no,Simbad,1,0.999712,16.96,9.913237238465817,,,-1.6140364154238602,0.529,0.021,,0.0138669828032174,0.1624747563771365,0.0090837562918068,,,,
229,204954915,16 03 41.86,-20 05 57.9,,9.49,,5.01,0.49,9.42,4.52,4.6185,,,,"USco,gold",no,Simbad,2,1e-06,14.43,7.735004238465816,,,-0.7050930887647232,0.482,0.093,,0.0138669828032174,0.5163408452211785,0.0090837562918068,,,,
230,204920926,16 03 43.34,-20 15 31.6,,9.72,,4.94,0.09,9.7,4.85,5.602,,,,"USco,gold",no,Simbad,1,0.996487,14.639999,7.946616238465815,3720.6,0.835,-0.8573290277253657,0.51,0.094,0.4274999999999999,0.0138669828032174,0.4704101728340965,0.0090837562918068,0.5436,0.0805,10.133,4.881
232,204330803,16 03 46.95,-22 45 24.7,,9.1,,4.89,0.47,9.04,4.41,12.9396,,,,"USco,gold",no,Simbad,2,1e-06,13.93,7.363289238465816,,,,,,,0.0138669828032174,0.6080827297375011,0.0090837562918068,,,,
234,205041327,16 03 50.46,-19 41 21.8,,10.59,,5.81,0.44,10.54,5.38,2.9615,,,,"USco,gold",no,Simbad,1,0.999561,16.35,9.269656238465815,3530.8,1.1122,-1.3755116531090896,0.647,0.021,0.3037179487179488,0.0138669828032174,0.2412214719776169,0.0090837562918068,0.4002,0.0762,32.628,20.296
236,203723257,16 03 54.03,-25 09 39.7,,11.38,,5.85,0.0,11.38,5.85,1.461,,,,"USco,gold",maybe,Simbad,1,0.999981,17.23,10.060180238465817,3416.1,0.9485,-1.7004927125085394,0.506,0.022,0.2481428571428571,0.0138669828032174,0.1502344592101757,0.0090837562918068,0.2943,0.0667,50.042,32.754
237,204862109,16 03 54.96,-20 31 38.5,13.2,8.62,4.58,4.58,0.44,8.57,4.15,1.7281,1.052,,,"USco,gold",no,Simbad,1,0.998613,13.15,6.716933238465815,5519.0,2.506,,,,,0.0138669828032174,0.7763394705431552,0.0090837562918068,,,,
238,204864076,16 03 57.67,-20 31 05.6,,8.37,,4.35,1.82,8.14,2.53,3.8798,,,,"USco,gold",yes,Simbad,1,0.999848,12.49,6.4972442384658144,5093.7,1.5539,-0.4050331931009975,0.621,,0.9292375366568916,0.0138669828032174,0.8337109634678567,0.0090837562918068,0.8828,0.0376,74.379,41.519
239,205038557,16 03 57.92,-19 42 11.1,,10.32,,5.23,0.73,10.23,4.51,3.8303,,,,"USco,gold",yes,Simbad,1,0.992964,15.459999,8.730573238465816,3559.1,0.9425,-0.9833008710818026,0.459,,0.3218589743589743,0.0138669828032174,0.3224148721713799,0.0090837562918068,0.4393,0.0899,9.547,5.375
241,205025028,16 04 00.23,-19 46 02.9,7.77,7.24,0.53,0.53,0.65,7.15,-0.12,,,,,"USco,gold",no,Simbad,1,0.999568,7.6800003,2.192556238465816,,,1.2055675441450655,2.045,0.315,,0.0138669828032174,,0.0,,,,
242,204072696,16 04 04.53,-23 46 38.0,,10.73,,5.81,0.65,10.65,5.16,3.7652,,,,"USco,gold",yes,Simbad,1,0.999389,16.46,9.394244238465816,3556.1,0.9495,,,,,0.0138669828032174,0.2236992101110984,0.0090837562918068,,,,
246,205037578,16 04 17.39,-19 42 28.9,,10.42,,4.27,0.61,10.34,3.66,1.7283,,,,"USco,gold",yes,Simbad,1,0.992964,14.610001,9.166863238465815,3457.5,1.0915,,,,,0.0138669828032174,0.2558802046597481,0.0090837562918068,,,,
247,203895983,16 04 18.93,-24 30 39.3,,8.85,,4.96,1.23,8.69,3.73,2.4474,2.5757,,,"USco,gold",yes,Simbad,1,0.996487,13.65,7.186356238465816,,,,,,,0.0138669828032174,0.6532603817978622,0.0090837562918068,,,,
248,204637622,16 04 20.98,-21 30 41.6,,9.43,,5.68,0.63,9.35,5.06,1.0516,1.3853,,,"USco,gold",maybe,Simbad,2,1e-06,15.030001,8.021676238465815,,,-0.7740191329833596,0.364,,,0.0138669828032174,0.4549617676938245,0.0090837562918068,,,,
249,204638512,16 04 21.65,-21 30 28.5,,8.51,,4.39,1.9,8.26,2.49,4.9868,,,,"USco,gold",yes,Simbad,1,0.999936,12.65,6.142252238465815,4760.0,0.7827,-0.3204086002686974,0.654,0.088,0.8387434554973823,0.0138669828032174,0.9219867754472648,0.0090837562918068,0.9627,0.0661,22.544,11.609
256,204970885,16 06 39.89,-20 01 28.4,,10.08,,5.21,0.63,10.0,4.58,6.8925,,,,"USco,gold",no,Simbad,1,0.992964,15.21,8.557674238465815,3566.9,0.8909,-0.859774884434933,0.503,0.091,0.3268589743589744,0.0138669828032174,0.3527662513196439,0.0090837562918068,0.4308,0.09,6.073,3.299
258,205154017,16 06 43.85,-19 08 05.5,,9.19,,4.31,0.77,9.1,3.54,7.0065,,,,"USco,gold",yes,Simbad,1,0.999527,13.41,7.059905238465815,5808.6,2.2642,,,,,0.0138669828032174,0.6848000223168309,0.0090837562918068,,,,
259,204895521,16 06 47.51,-20 22 32.1,,9.87,,5.14,0.69,9.78,4.46,4.8923,,,,"USco,gold",no,Simbad,2,1e-06,14.92,8.268845238465815,3691.3,0.9625,-0.812000109246468,0.54,0.093,0.4071527777777779,0.0138669828032174,0.4042315131786821,0.0090837562918068,0.5212,0.0856,7.861,3.87
260,205238942,16 06 47.93,-18 41 43.8,,8.98,,3.6,0.7,8.89,2.9,9.3461,,,,"USco,gold",yes,Simbad,1,0.999798,12.49,6.506703238465816,4516.8,0.903,-0.2410729543828848,0.669,,1.4,0.0138669828032174,0.8304119530104229,0.0090837562918068,1.029,0.0691,7.938,3.597
263,204856535,16 07 00.15,-20 33 09.2,,9.94,,5.64,1.4,9.76,4.24,,,,,"USco,gold",yes,Simbad,1,0.997667,15.4,8.491188238465815,3596.0,0.9527,-0.9227411353363552,0.505,0.096,0.3455128205128205,0.0138669828032174,0.3646489274411374,0.0090837562918068,0.4638,0.0896,8.802,4.804
265,204871862,16 07 01.69,-20 28 58.2,,12.32,,7.01,0.7,12.23,6.31,1.6489,,,,"USco,gold",yes,Simbad,1,0.999999,19.24,11.762440238465814,,,-2.0419141408736503,0.37,0.025,,0.0138669828032174,,0.0,,,,
266,204844509,16 07 03.56,-20 36 26.4,12.23,8.1,4.13,4.13,0.17,8.08,3.96,1.7132,1.65,,,"USco,gold",no,Simbad,1,0.999965,12.21,6.195076238465815,,,,,,,0.0138669828032174,0.909812680558378,0.0090837562918068,,,,
267,204819661,16 07 03.72,-20 43 07.7,14.51,9.53,4.98,4.98,0.45,9.48,4.53,10.2495,,,,"USco,gold",no,Simbad,1,0.996487,14.459999,7.7344792384658145,3778.8,0.847,-0.6544106565104795,0.587,0.091,0.4679166666666668,0.0138669828032174,0.517029793470404,0.0090837562918068,0.563,0.0885,5.535,2.597
268,205142483,16 07 03.93,-19 11 33.9,14.21,9.22,4.99,4.99,0.63,9.14,4.36,6.6342,,,,"USco,gold",no,Simbad,1,0.996487,14.13,7.665674238465815,,,,,,,0.0138669828032174,0.5335238417423914,0.0090837562918068,,,,
269,204919503,16 07 04.73,-20 15 56.0,,11.46,,6.18,0.52,11.39,5.65,3.1147,,,,"USco,gold",no,Simbad,1,0.999988,17.57,10.285598238465814,3378.6,1.1176,-1.6669559602333193,0.522,0.021,0.2302857142857142,0.0138669828032174,0.1317594508121876,0.0090837562918068,0.2739,0.0681,36.889,24.276
270,205089832,16 07 07.67,-19 27 16.4,,9.8,,5.02,0.27,9.77,4.75,8.175,,,,"USco,gold",no,Simbad,1,0.996487,14.790001,8.158094238465816,,,-0.8716007467675498,0.461,0.092,,0.0138669828032174,0.4267895671332992,0.0090837562918068,,,,
271,205088828,16 07 08.73,-19 27 34.3,,11.17,,5.83,0.5,11.11,5.33,1.6609,,,,"USco,gold",no,Simbad,1,0.999887,16.939999,9.844284238465816,3430.7,1.0152,-1.5912514087938645,0.544,0.021,0.255095238095238,0.0138669828032174,0.1683289175697391,0.0090837562918068,0.3115,0.0704,38.426,24.855
273,205519771,16 07 14.01,-17 02 42.7,,10.75,,5.54,0.49,10.69,5.05,2.4549,,,,"USco,gold",yes,Simbad,1,0.992964,16.23,9.265805238465814,3566.9,0.9525,-1.3922233975229064,0.621,0.021,0.3268589743589744,0.0138669828032174,0.2418078215526706,0.0090837562918068,0.422,0.0719,41.455,26.296
275,205378839,16 07 14.92,-17 56 09.7,7.81,7.4,0.41,0.41,0.53,7.33,-0.12,,,,,"USco,gold",no,Simbad,1,0.999331,7.74,2.189834238465816,10625.5,0.4876,1.191716441683885,2.076,0.354,1.5,0.0138669828032174,,0.0,1.3992,0.0029,109.409,51.033
276,204813678,16 07 16.06,-20 44 44.0,,10.37,,6.09,0.78,10.27,5.32,2.312,,,,"USco,gold",maybe,Simbad,1,0.999874,16.36,9.165753238465816,3562.8,1.2328,-1.3870043599460224,0.653,0.021,0.3242307692307693,0.0138669828032174,0.2559813294480098,0.0090837562918068,0.4202,0.0726,39.922,25.265
279,204901273,16 07 19.71,-20 20 55.8,,10.72,,5.95,0.66,10.63,5.29,4.9249,,,,"USco,gold",no,Simbad,1,0.999843,16.58,9.436904238465816,3530.5,1.1549,-1.3913670052575529,0.648,0.021,0.303525641025641,0.0138669828032174,0.2175816947301,0.0090837562918068,0.3981,0.0755,34.281,21.439
281,204933717,16 07 22.39,-20 11 58.5,,11.59,,6.75,1.14,11.44,5.61,1.5522,,,,"USco,gold",yes,Simbad,1,0.999999,18.189999,10.851466238465814,3178.5,1.2502,-1.8127613715314552,0.497,0.022,0.1569400630914826,0.0138669828032174,,0.0,0.1555,0.0453,18.32,10.938
284,203889938,16 07 26.24,-24 32 08.1,,9.88,,5.6,1.07,9.74,4.53,,,,,"USco,gold",yes,Simbad,1,0.997667,15.34,8.421346238465816,3527.7,0.594,-0.9743664763184284,0.407,0.084,0.3017307692307691,0.0138669828032174,0.3769708532481703,0.0090837562918068,0.4111,0.0896,7.995,4.541
287,204909952,16 07 27.53,-20 18 34.8,,11.44,,7.09,1.07,11.3,6.02,0.6305,0.5628,,,"USco,gold",no,Simbad,1,0.999999,18.39,10.844296238465816,,,-1.82044821897006,0.506,0.022,,0.0138669828032174,,0.0,,,,
290,204878461,16 07 35.55,-20 27 13.7,,11.96,,6.32,0.5,11.9,5.82,1.8261,,,,"USco,gold",no,Simbad,1,0.999998,18.22,10.966568238465817,3316.3,1.1563,-1.825940203986945,0.46,0.022,0.2006190476190477,0.0138669828032174,,0.0,0.2279,0.0606,42.387,28.013
293,205121714,16 07 39.38,-19 17 47.4,,9.8,,5.24,0.84,9.69,4.39,9.1135,,,,"USco,gold",yes,Simbad,2,1e-06,14.929999,8.138338238465815,3586.1,0.8401,-0.8088844943702226,0.508,0.091,0.3391666666666666,0.0138669828032174,0.4310508457092957,0.0090837562918068,0.4397,0.0897,5.375,2.849
294,204566199,16 07 40.06,-21 48 42.7,,9.67,,4.09,0.12,9.66,3.96,6.6056,,,,"USco,gold",no,Simbad,1,0.992964,13.75,7.411255238465815,4110.7,0.5877,-0.7018677085747962,0.605,0.085,0.7,0.0138669828032174,0.5958423088006356,0.0090837562918068,0.7436,0.0586,15.878,7.95
295,204845955,16 07 44.48,-20 36 03.2,14.81,9.08,5.74,5.74,0.52,9.01,5.22,1.196,2.5315,1.3137,,"USco,gold",no,Simbad,1,0.999661,14.75,7.747982238465815,,,,,,,0.0138669828032174,0.5133616571243942,0.0090837562918068,,,,
296,204426231,16 07 45.21,-22 22 57.7,,11.52,,6.38,0.4,11.47,5.98,2.2514,2.0986,,,"USco,gold",no,Simbad,1,0.999998,17.85,10.435433238465816,,,-1.8141746293171583,0.471,0.025,,0.0138669828032174,0.1214842919466462,0.0090837562918068,,,,
298,204434363,16 07 50.38,-22 21 02.3,,11.34,,6.2,0.71,11.25,5.48,1.5961,,,,"USco,gold",yes,Simbad,1,0.999996,17.45,10.302431238465816,3315.3,0.9777,-1.7053133624032704,0.526,0.022,0.2001428571428572,0.0138669828032174,0.1302437728989049,0.0090837562918068,0.2326,0.0631,29.038,18.763
299,205480850,16 07 51.35,-17 18 23.3,,10.04,,5.2,0.31,10.0,4.89,6.248,,,,"USco,gold",no,Simbad,1,0.992964,15.2,8.349897238465815,3565.1,0.7672,-0.8335403022023351,0.5,0.088,0.3257051282051281,0.0138669828032174,0.3891465046660963,0.0090837562918068,0.4255,0.0892,5.434,2.915
300,203843009,16 07 55.65,-24 43 27.1,,12.71,,6.94,1.33,12.54,5.61,1.351,,,,"USco,gold",yes,Simbad,1,0.999996,19.48,11.884273238465816,,,-2.0824944847976137,0.334,0.024,,0.0138669828032174,,0.0,,,,
304,204832041,16 07 58.49,-20 39 48.8,,12.59,,7.35,0.76,12.49,6.58,0.582,,,,"USco,gold",maybe,Simbad,1,0.999999,19.84,11.963553238465815,,,-2.0915149698561604,0.356,0.026,,0.0138669828032174,,0.0,,,,
306,204829482,16 08 00.50,-20 40 29.1,,11.33,,6.43,0.71,11.24,5.72,1.9464,2.5668,,,"USco,gold",no,Simbad,1,0.999999,17.67,10.381175238465817,,,-1.6829819154814831,0.556,0.023,,0.0138669828032174,0.1251616784632778,0.0090837562918068,,,,
307,204876697,16 08 01.41,-20 27 41.6,,9.29,,4.62,0.95,9.17,3.67,9.2723,,,,"USco,gold",no,Simbad,1,0.999146,13.79,7.386874238465815,4732.4,1.9792,-0.6756557878720323,0.562,0.09,1.1,0.0138669828032174,0.6019661018250902,0.0090837562918068,0.7741,0.026,89.31,45.782
308,205087483,16 08 01.55,-19 27 58.2,,9.69,,5.59,0.61,9.61,4.98,1.5134,2.3752,,,"USco,gold",no,Simbad,1,0.995099,15.2,9.000094238465815,,,,,,,0.0138669828032174,0.2798397765400922,0.0090837562918068,,,,
309,204273100,16 08 02.17,-22 59 05.9,,11.26,,6.44,0.38,11.21,6.06,0.5122,,,,"USco,gold",no,Simbad,1,0.999998,17.65,10.227957238465816,,,-1.6796459582813186,0.551,0.022,,0.0138669828032174,0.1363549690315453,0.0090837562918068,,,,
310,204895410,16 08 02.37,-20 22 34.0,,10.62,,6.54,0.48,10.56,6.06,2.1105,2.4133,,,"USco,gold",no,Simbad,1,0.999998,17.1,9.594333238465817,3481.3,1.3534,-1.5195618439851604,0.637,0.022,0.2791904761904762,0.0138669828032174,0.1959886755902107,0.0090837562918068,0.3498,0.0716,39.731,25.268
311,203271901,16 08 04.10,-26 40 44.9,,9.06,,4.59,0.62,8.98,3.96,1.5838,1.0901,,,"USco,gold",no,Simbad,1,0.999389,13.57,7.540019238465815,,,,,,,0.0138669828032174,0.5644821853015741,0.0090837562918068,,,,
314,204446677,16 08 05.53,-22 18 07.3,,9.85,,4.96,0.21,9.82,4.75,5.6054,,,,"USco,gold",maybe,Simbad,2,1e-06,14.78,8.079637238465816,3561.8,0.5668,-0.91843668064151,0.476,0.088,0.3235897435897437,0.0138669828032174,0.4433098898870115,0.0090837562918068,0.4344,0.0906,7.498,4.174
316,204417450,16 08 08.46,-22 25 00.2,,10.77,,5.11,0.7,10.68,4.41,9.1946,,,,"USco,gold",no,Simbad,1,0.996487,15.790001,9.071935238465816,3510.3,0.7716,-1.3254143978723243,0.624,0.021,0.2930000000000001,0.0138669828032174,0.2693834557108695,0.0090837562918068,0.3906,0.0789,24.931,15.04
317,204054556,16 08 10.50,-23 51 02.4,9.16,7.83,1.33,1.33,0.32,7.79,1.01,1.0459,0.654,1.0971,1.0081,"USco,gold",no,Simbad,1,0.999389,9.12,3.480294238465815,6865.1,0.3316,0.7620322812068814,1.454,0.256,1.4990764331210191,0.0138669828032174,,0.0,1.3893,0.0133,75.275,48.277
318,204397408,16 08 10.80,-22 29 43.1,,11.68,,6.66,0.35,11.63,6.31,1.6454,,,,"USco,gold",yes,Simbad,1,0.999999,18.29,10.715663238465815,,,-1.902742697362628,0.442,0.023,,0.0138669828032174,0.1041483916928455,0.0090837562918068,,,,
319,205164832,16 08 10.82,-19 04 47.9,,8.47,,3.19,0.44,8.41,2.75,3.0522,,,,"USco,gold",no,Simbad,1,0.999899,11.6,5.695313238465815,4904.0,0.9045,,,,,0.0138669828032174,1.0247536593374502,0.0090837562918068,,,,
320,204321428,16 08 13.99,-22 47 39.5,,10.73,,5.75,0.49,10.67,5.27,1.5424,,,,"USco,gold",no,Simbad,1,0.999488,16.42,9.344606238465817,3480.9,0.955,-1.4461169880344822,0.61,0.022,0.279,0.0138669828032174,0.2307633896559063,0.0090837562918068,0.3574,0.075,31.491,19.595
322,204838119,16 08 15.34,-20 38 11.5,,10.68,,5.81,0.78,10.58,5.03,3.9826,,,,"USco,gold",no,Simbad,1,0.998258,16.39,9.323104238465817,3441.4,1.0129,-1.3814289795428645,0.638,0.021,0.2601904761904762,0.0138669828032174,0.2338022585194568,0.0090837562918068,0.3354,0.0764,20.986,12.571
324,204428864,16 08 15.65,-22 22 20.3,,9.95,,5.08,0.3,9.91,4.78,3.619,,,,"USco,gold",yes,Simbad,2,1e-06,14.99,8.134141238465816,3615.6,0.7532,-0.9196260889521708,0.483,0.093,0.358076923076923,0.0138669828032174,0.4320845567143623,0.0090837562918068,0.4789,0.0881,9.374,5.023
326,205177336,16 08 18.36,-19 00 59.7,,10.23,,5.78,0.59,10.15,5.18,3.2443,,,,"USco,gold",no,Simbad,1,0.99987,15.93,8.958800238465816,3521.5,1.0942,,,,,0.0138669828032174,0.2856965734636181,0.0090837562918068,,,,
327,204634894,16 08 20.77,-21 31 23.7,,10.83,,5.79,0.23,10.8,5.57,1.9677,,,,"USco,gold",no,Simbad,1,0.999881,16.59,9.477052238465816,3534.4,1.0397,-1.5225893061170737,0.584,0.021,0.306025641025641,0.0138669828032174,0.2116700986302123,0.0090837562918068,0.3813,0.0677,52.02,32.859
328,204451272,16 08 22.28,-22 17 03.2,,12.03,,6.72,0.6,11.95,6.12,0.9726,,,,"USco,gold",no,Simbad,1,0.999992,18.67,11.121344238465817,,,,,,,0.0138669828032174,,0.0,,,,
329,205080360,16 08 22.34,-19 30 05.2,,9.06,,4.92,0.7,8.97,4.22,2.3813,,,,"USco,gold",no,Simbad,1,0.996487,13.89,7.240746238465816,,,,,,,0.0138669828032174,0.6387905335456158,0.0090837562918068,,,,
330,204118782,16 08 23.03,-23 35 29.6,,9.94,,5.15,0.37,9.89,4.78,3.2406,,,,"USco,gold",no,Simbad,1,0.992964,15.040001,8.232581238465816,3563.5,0.6361,-0.9490019119324864,0.476,0.091,0.3246794871794872,0.0138669828032174,0.4115880912224982,0.0090837562918068,0.4396,0.0905,8.522,4.774
332,205080616,16 08 23.24,-19 30 00.9,,9.47,,4.76,0.51,9.4,4.25,5.3676,3.681,,,"USco,gold",yes,Simbad,2,1e-06,14.16,7.560160238465816,3770.3,0.6538,-0.7041471225554672,0.577,0.085,0.462013888888889,0.0138669828032174,0.5590750387548238,0.0090837562918068,0.5627,0.0871,6.508,3.059
333,205142641,16 08 23.56,-19 11 31.8,,9.93,,5.59,0.69,9.84,4.9,6.3291,,,,"USco,gold",no,Simbad,1,0.992964,15.43,8.469483238465815,3521.0,0.9238,-0.9165690592904098,0.464,0.087,0.2980952380952381,0.0138669828032174,0.3684491803266648,0.0090837562918068,0.3986,0.0879,6.203,3.441
334,205060410,16 08 23.87,-19 35 52.1,,9.25,,4.85,0.63,9.17,4.22,17.9258,,,,"USco,gold",no,Simbad,1,0.998613,14.02,7.560106238465815,,,,,,,0.0138669828032174,0.5590864322979752,0.0090837562918068,,,,
335,204932100,16 08 25.10,-20 12 24.8,,9.87,,4.93,0.01,9.86,4.92,17.9856,,,,"USco,gold",no,Simbad,1,0.997667,14.789999,8.086251238465815,3823.2,0.8689,-0.853965023253333,0.52,0.088,0.4987499999999998,0.0138669828032174,0.442004487751392,0.0090837562918068,0.5984,0.0729,12.726,5.925
336,204449389,16 08 27.33,-22 17 29.6,,10.45,,6.32,1.84,10.21,4.48,1.8592,,,,"USco,gold",yes,Simbad,1,0.999697,16.53,9.355788238465816,3470.9,0.9929,-1.386369546662199,0.652,0.021,0.2742380952380953,0.0138669828032174,0.2290874896141278,0.0090837562918068,0.3564,0.0773,24.809,15.062
337,204611292,16 08 28.68,-21 37 20.1,,10.76,,6.0,0.27,10.73,5.74,1.7674,,,,"USco,gold",yes,Simbad,1,0.999987,16.73,9.510436238465816,3376.4,1.0278,-1.5489815554041615,0.591,0.021,0.2292380952380953,0.0138669828032174,0.2071393165354436,0.0090837562918068,0.2785,0.0693,25.02,15.589
339,205359167,16 08 31.38,-18 02 41.4,,8.9,,4.13,0.3,8.87,3.83,9.3162,,,,"USco,gold",no,Simbad,1,0.999324,13.0,6.669606238465816,4628.7,1.266,-0.3064137281489346,0.646,0.084,0.8043717277486911,0.0138669828032174,0.7885462398824858,0.0090837562918068,0.9963,0.0617,14.262,6.754
340,205141287,16 08 34.36,-19 11 56.2,11.73,7.78,3.95,3.95,0.6,7.71,3.35,0.5461,7.5879,0.3429,,"USco,gold",no,Simbad,1,0.999923,11.66,5.553944238465816,,,,,,,0.0138669828032174,1.0569783671910684,0.0090837562918068,,,,
341,204472612,16 08 34.54,-22 11 56.1,,11.53,,6.49,0.71,11.44,5.78,1.9243,,,,"USco,gold",yes,Simbad,1,0.999996,17.93,10.491863238465816,,,-1.814741227936228,0.46,0.021,,0.0138669828032174,0.1177937694878096,0.0090837562918068,,,,
342,204810792,16 08 35.14,-20 45 29.6,8.35,6.68,1.67,1.67,0.66,6.59,1.01,3.6922,3.4646,,,"USco,gold",no,Simbad,1,0.999927,8.26,2.6575932384658145,,,0.833243404033323,1.047,0.124,,0.0138669828032174,,0.0,,,,
345,205358744,16 08 36.58,-18 02 49.9,,11.75,,7.87,0.49,11.69,7.38,1.3365,0.4545,,,"USco,gold",yes,Simbad,1,0.999999,19.56,11.315901238465816,,,-1.947690892274785,0.44,0.022,,0.0138669828032174,,0.0,,,,
347,205192701,16 08 41.71,-18 56 10.7,,11.21,,6.93,0.72,11.12,6.21,2.1986,1.5705,,,"USco,gold",no,Simbad,1,0.999999,18.05,10.541063238465814,,,-1.7708302954755446,0.532,0.022,,0.0138669828032174,0.1146920272080617,0.0090837562918068,,,,
348,205177770,16 08 43.07,-19 00 52.1,,10.27,,6.05,0.4,10.22,5.65,1.1423,0.9348,,,"USco,gold",no,Simbad,1,0.995302,16.27,9.168010238465817,,,,,,,0.0138669828032174,0.2558459175975496,0.0090837562918068,,,,
349,203468205,16 08 43.40,-26 02 16.7,10.38,7.91,2.47,2.47,0.45,7.85,2.02,2.2211,,,,"USco,gold",no,Simbad,1,0.999941,10.32,4.458842238465815,5517.6,0.5766,,,,,0.0138669828032174,1.2782401826282608,0.0090837562918068,,,,
350,203660895,16 08 43.66,-25 22 36.5,8.8,7.25,1.55,1.55,0.5,7.19,1.05,3.858,,,,"USco,gold",no,Simbad,1,0.999834,8.74,3.0429822384658145,,,0.8602115932397655,1.132,0.162,,0.0138669828032174,,0.0,,,,
352,204324196,16 08 46.06,-22 46 59.4,,10.88,,5.49,0.43,10.83,5.06,3.1314,,,,"USco,gold",no,Simbad,1,0.996487,16.32,9.384044238465815,3454.0,0.8734,-1.3221194106514231,0.652,0.022,0.2661904761904762,0.0138669828032174,0.2250097444352652,0.0090837562918068,0.349,0.0783,18.578,10.99
355,204094503,16 08 48.36,-23 41 21.1,,11.59,,6.41,0.57,11.52,5.84,1.6533,,,,"USco,gold",yes,Simbad,1,0.999998,17.93,10.514382238465814,,,-1.825358814611864,0.46,0.022,,0.0138669828032174,0.116313655469685,0.0090837562918068,,,,
356,204507317,16 08 50.33,-22 03 28.7,,10.83,,5.73,0.55,10.76,5.18,3.8666,,,,"USco,gold",no,Simbad,1,0.999488,16.49,9.440484238465816,3481.0,0.9795,-1.4895890729607346,0.587,0.021,0.279047619047619,0.0138669828032174,0.2170449484957727,0.0090837562918068,0.3528,0.073,36.102,22.782
357,204852312,16 08 54.07,-20 34 18.4,,10.0,,6.33,0.79,9.9,5.54,0.4583,0.4317,,,"USco,gold",no,Simbad,1,0.999989,16.23,8.920906238465815,,,,,,,0.0138669828032174,0.2909383885829693,0.0090837562918068,,,,
358,204565769,16 08 56.28,-21 48 48.9,,9.64,,4.71,0.49,9.58,4.22,9.4538,,,,"USco,gold",no,Simbad,2,1e-06,14.29,7.807564238465815,3684.2,0.6974,-0.8491514714701588,0.523,0.089,0.4022222222222221,0.0138669828032174,0.4990425672627617,0.0090837562918068,0.5202,0.0844,8.889,4.415
359,204854345,16 08 56.72,-20 33 45.8,,8.62,,3.59,0.24,8.59,3.35,5.3133,,,,"USco,gold",no,Simbad,1,0.999843,12.18,6.037208238465816,4706.0,1.0047,,,,,0.0138669828032174,0.946187607010094,0.0090837562918068,,,,
360,202724025,16 08 56.94,-28 35 57.7,,9.63,,5.67,1.82,9.4,3.85,0.2595,0.2795,,,"USco,gold",no,Simbad,1,0.999245,15.07,8.180988238465815,,,,,,,0.0138669828032174,0.4222805948018399,0.0090837562918068,,,,
362,203815783,16 08 58.69,-24 49 36.5,,11.41,,5.64,0.41,11.36,5.23,1.5624,,,,"USco,gold",no,Simbad,1,0.999781,17.0,9.978889238465817,,,-1.6060740094243786,0.532,0.022,,0.0138669828032174,0.1570248366754744,0.0090837562918068,,,,
363,205152244,16 09 00.01,-19 08 37.1,,10.96,,6.29,0.67,10.87,5.62,1.8142,,,,"USco,gold",yes,Simbad,1,0.999993,17.16,9.851491238465815,3428.1,1.0842,-1.6278247031284152,0.559,0.021,0.2538571428571428,0.0138669828032174,0.1678439170887538,0.0090837562918068,0.3073,0.0692,42.589,27.774
364,202957873,16 09 00.50,-27 45 19.7,,11.24,,6.13,0.05,11.24,6.08,0.7722,0.3686,,,"USco,gold",no,Simbad,1,0.999997,17.369999,10.076422238465817,,,-1.7734000884171668,0.489,0.022,,0.0138669828032174,0.148784150023891,0.0090837562918068,,,,
365,204871202,16 09 00.70,-20 29 08.8,,12.17,,10.21,1.68,11.95,8.53,1.639,1.9004,,,"USco,gold",yes,Simbad,1,0.999999,22.16,13.258671238465816,2802.9,0.6735,-2.057991945128689,0.371,0.026,0.1,0.0138669828032174,,0.0,0.041,0.0115,3.774,2.605
366,205151387,16 09 00.76,-19 08 52.6,,9.15,,4.75,0.86,9.04,3.89,9.9623,,,,"USco,gold",yes,Simbad,1,0.992964,13.79,7.322454238465815,3879.7,0.7019,-0.6884580489767482,0.561,0.091,0.530054945054945,0.0138669828032174,0.6179217300489575,0.0090837562918068,0.63,0.0861,8.041,3.721
370,204172838,16 09 02.00,-23 22 40.4,,10.11,,5.25,0.35,10.06,4.89,4.5648,,,,"USco,gold",no,Simbad,1,0.997667,15.31,8.453935238465816,3504.2,0.8304,-0.9848079554775954,0.424,0.088,0.290095238095238,0.0138669828032174,0.3712257992950114,0.0090837562918068,0.3915,0.0876,7.451,4.223
371,205181377,16 09 02.59,-18 59 44.0,7.78,7.01,0.77,0.77,0.73,6.92,0.04,,,,,"USco,gold",no,Simbad,1,0.999747,7.69,2.1573082384658155,,,1.130267495359735,1.889,0.307,,0.0138669828032174,,0.0,,,,
372,205046848,16 09 03.96,-19 39 45.8,,10.37,,5.77,0.35,10.32,5.41,4.4663,,,,"USco,gold",no,Simbad,1,0.999781,16.09,9.004113238465814,3482.9,1.0096,-1.3896592703381412,0.651,0.021,0.279952380952381,0.0138669828032174,0.279199229239865,0.0090837562918068,0.3647,0.0773,26.667,16.293
373,205066998,16 09 04.05,-19 34 00.0,,10.88,,7.45,2.22,10.59,5.23,3.0945,0.4205,,,"USco,gold",no,Simbad,1,0.999959,18.04,10.339527238465816,,,,,,,0.0138669828032174,0.1278436573584809,0.0090837562918068,,,,
374,204418005,16 09 04.50,-22 24 52.5,,11.99,,7.51,0.82,11.89,6.69,2.1809,,,,"USco,gold",yes,Simbad,1,0.999999,19.400002,11.627915238465814,,,-2.007888500337665,0.411,0.024,,0.0138669828032174,,0.0,,,,
376,203913100,16 09 05.10,-24 26 28.5,,10.98,,5.42,0.36,10.94,5.06,2.1167,,,,"USco,gold",no,Simbad,2,1e-06,16.36,9.432782238465816,3428.7,0.8725,-1.4611750142660276,0.582,0.021,0.254142857142857,0.0138669828032174,0.2181547949511275,0.0090837562918068,0.3199,0.0737,25.142,15.402
377,204100531,16 09 07.75,-23 39 54.5,,11.13,,6.37,0.38,11.08,5.99,1.2548,,,,"USco,gold",no,Simbad,1,0.999998,17.45,10.194597238465816,,,-1.7307206212842925,0.533,0.022,,0.0138669828032174,0.1391594667978572,0.0090837562918068,,,,
380,204328391,16 09 09.38,-22 45 59.2,,10.53,,5.41,0.7,10.44,4.71,5.4266,,,,"USco,gold",no,Simbad,1,0.996487,15.849999,8.909670238465814,3488.1,0.8307,-1.317584155038534,0.643,0.021,0.2824285714285713,0.0138669828032174,0.2924766628492261,0.0090837562918068,0.3748,0.0794,21.737,12.974
381,205034152,16 09 13.38,-19 43 28.4,,10.6,,5.59,0.42,10.54,5.17,3.62,,,,"USco,gold",no,Simbad,1,0.996487,16.130001,9.136213238465816,3458.3,0.9608,-1.404724298767895,0.616,0.02,0.2682380952380953,0.0138669828032174,0.260435128977738,0.0090837562918068,0.3456,0.0764,24.618,14.956
382,202539362,16 09 13.64,-29 18 15.6,9.11,8.07,1.04,1.04,0.03,8.06,1.01,0.5689,,,,"USco,gold",no,Simbad,1,0.999392,9.1,3.513153238465815,6786.7,0.1421,1.3072820666296232,1.583,0.279,1.474108280254777,0.0138669828032174,,0.0,1.3978,0.0049,90.65,56.947
383,205056060,16 09 15.80,-19 37 06.4,,11.46,,5.9,0.14,11.44,5.76,1.7251,,,,"USco,gold",no,Simbad,1,0.999974,17.34,10.164566238465817,3370.6,1.0116,-1.669383341241523,0.521,0.021,0.2264761904761904,0.0138669828032174,0.1416576841086997,0.0090837562918068,0.2687,0.0677,35.546,23.361
384,204093677,16 09 16.88,-23 41 32.5,,10.97,,6.25,0.29,10.94,5.96,0.3628,,,,"USco,gold",no,Simbad,1,0.999996,17.189999,9.856089238465817,3416.7,1.0716,-1.6064247990836824,0.572,0.021,0.2484285714285713,0.0138669828032174,0.1674326844258351,0.0090837562918068,0.3016,0.07,37.444,24.317
386,205092303,16 09 20.54,-19 26 32.1,,12.08,,6.94,0.7,11.99,6.24,1.7205,,,,"USco,gold",yes,Simbad,1,0.999998,18.93,11.312237238465816,3003.7,1.5879,-1.9751040366903792,0.389,0.023,0.1017981072555204,0.0138669828032174,,0.0,0.0876,0.0271,10.981,6.208
387,204429883,16 09 20.62,-22 22 05.9,15.9,9.5,6.4,6.4,0.66,9.41,5.74,0.3236,0.3286,1.4699,0.3586,"USco,gold",no,Simbad,1,0.999995,15.809999,8.644212238465816,,,,,,,0.0138669828032174,0.3376558212406488,0.0090837562918068,,,,
388,205089268,16 09 20.88,-19 27 25.9,8.04,7.48,0.56,0.56,0.52,7.41,0.04,,,,,"USco,gold",yes,Simbad,1,0.993139,7.97,2.455388238465815,,,1.17180307354387,2.11,0.332,,0.0138669828032174,,0.0,,,,
389,204602441,16 09 21.36,-21 39 34.4,,11.03,,6.56,0.42,10.97,6.14,,,,,"USco,gold",yes,Simbad,1,0.999979,17.53,10.590403238465814,,,,,,,0.0138669828032174,0.1113412816669161,0.0090837562918068,,,,
391,205203376,16 09 29.19,-18 52 53.7,,8.38,,4.36,0.38,8.33,3.98,11.3478,12.0726,,,"USco,gold",no,Simbad,1,0.999981,12.690001,6.431553238465815,5613.9,2.0255,,,,,0.0138669828032174,0.8496297649001346,0.0090837562918068,,,,
393,204517282,16 09 29.69,-22 00 58.2,,9.57,,4.88,0.66,9.49,4.22,5.715,,,,"USco,gold",no,Simbad,1,0.998258,14.37,7.824427238465816,3725.7,0.8461,-0.8434508530728047,0.505,0.09,0.4310416666666665,0.0138669828032174,0.4953627230648254,0.0090837562918068,0.5457,0.0811,9.736,4.666
394,204756726,16 09 30.18,-20 59 53.6,,12.98,,7.44,0.77,12.89,6.67,1.5928,,,,"USco,gold",yes,Simbad,1,0.999999,20.33,12.374603238465816,2850.8,0.5668,-2.204119976184433,0.295,0.026,0.1,0.0138669828032174,,0.0,0.0497,0.0177,7.956,5.642
397,204824603,16 09 31.08,-20 41 46.3,,10.14,,6.36,0.54,10.07,5.82,3.0965,,,,"USco,gold",no,Simbad,1,0.999994,16.43,9.079667238465817,3538.7,1.2815,,,,,0.0138669828032174,0.2685172655300135,0.0090837562918068,,,,
398,204398857,16 09 31.65,-22 29 22.4,,9.15,,5.13,0.63,9.07,4.5,12.8007,,,,"USco,gold",yes,Simbad,2,1e-06,14.2,7.590105238465815,,,,,,,0.0138669828032174,0.551800331847312,0.0090837562918068,,,,
400,205164400,16 09 33.77,-19 04 56.5,,9.85,,5.23,0.19,9.83,5.04,13.3686,,,,"USco,gold",no,Simbad,1,0.992964,15.059999,8.202361238465816,3617.9,0.9152,-0.9540123891511278,0.441,0.089,0.3595512820512821,0.0138669828032174,0.4179546638998508,0.0090837562918068,0.4841,0.0863,10.825,5.791
401,204608292,16 09 35.74,-21 38 05.9,,9.91,,5.29,0.79,9.81,4.5,4.3972,0.8302,,,"USco,gold",no,Simbad,1,0.992964,15.1,8.376632238465815,3618.8,0.8836,-1.4210171507318785,0.58,0.024,0.3601282051282052,0.0138669828032174,0.3848336368424612,0.0090837562918068,0.4467,0.0625,58.324,36.635
403,205218826,16 09 36.53,-18 48 01.1,,10.28,,6.95,1.94,10.03,5.01,1.7339,3.3644,,,"USco,gold",yes,Simbad,1,0.999942,16.98,9.473823238465815,,,-1.3767507154572591,0.668,0.021,,0.0138669828032174,0.2121503510459576,0.0090837562918068,,,,
404,204783273,16 09 37.06,-20 52 53.2,,11.98,,6.28,0.19,11.95,6.09,1.1105,,,,"USco,gold",no,Simbad,1,0.999998,18.23,10.937062238465815,,,-1.8840568299189424,0.439,0.022,,0.0138669828032174,,0.0,,,,
405,204388140,16 09 39.67,-22 31 54.1,,10.74,,5.76,0.3,10.7,5.45,3.7293,,,,"USco,gold",no,Simbad,1,0.999772,16.46,9.358268238465817,,,-1.4756038780509322,0.598,0.021,,0.0138669828032174,0.2285878343220539,0.0090837562918068,,,,
406,204518032,16 09 39.70,-22 00 46.5,,9.3,,4.69,0.49,9.24,4.19,6.5057,,,,"USco,gold",no,Simbad,1,0.999146,13.93,7.355411238465816,6289.2,2.8598,-0.6876110436693231,0.558,0.085,1.3120265780730898,0.0138669828032174,0.6097902377091441,0.0090837562918068,0.8985,0.03,93.669,39.722
407,204447221,16 09 40.99,-22 17 59.4,12.56,8.44,4.12,4.12,0.16,8.42,3.96,9.7421,,,,"USco,gold",yes,Simbad,2,1e-06,12.54,6.199779238465816,,,,,,,0.0138669828032174,0.908135636541628,0.0090837562918068,,,,
410,204288433,16 09 46.33,-22 55 34.0,,11.03,,6.08,0.35,10.98,5.72,1.8162,,,,"USco,gold",maybe,Simbad,1,0.999981,17.06,9.814982238465817,3376.6,1.0364,-1.6008456584215822,0.555,0.021,0.2293333333333333,0.0138669828032174,0.1712483174031185,0.0090837562918068,0.276,0.0689,29.519,18.901
411,205054287,16 09 46.44,-19 37 36.3,,9.63,,4.7,0.09,9.62,4.6,4.1534,,,,"USco,gold",no,Simbad,1,0.997667,14.32,7.888440238465815,3740.2,0.8587,-0.8185566081672992,0.501,0.095,0.441111111111111,0.0138669828032174,0.4825907612885323,0.0090837562918068,0.5528,0.0817,9.193,4.355
413,203837143,16 09 49.54,-24 44 47.1,,10.07,,4.58,0.36,10.02,4.22,8.9081,,,,"USco,gold",no,Simbad,1,0.992964,14.6,8.210437238465815,3720.4,0.6224,-0.8948305858986296,0.534,0.088,0.4273611111111112,0.0138669828032174,0.4160168395491652,0.0090837562918068,0.5456,0.0777,11.708,5.669
417,204614722,16 09 52.16,-21 36 28.1,,11.57,,7.39,0.0,11.57,7.39,0.7016,0.6073,,,"USco,gold",no,Simbad,1,0.999999,18.96,11.146840238465815,,,-1.902742697362628,0.465,0.023,,0.0138669828032174,,0.0,,,,
418,203849738,16 09 52.87,-24 41 53.5,,10.93,,6.17,0.45,10.87,5.72,0.619,,,,"USco,gold",no,Simbad,1,0.999996,17.04,9.880014238465815,,,-1.5984271444250722,0.585,0.021,,0.0138669828032174,0.165320851508651,0.0090837562918068,,,,
419,205383125,16 09 53.60,-17 54 47.6,,11.53,,6.72,0.69,11.44,6.04,,,,,"USco,gold",yes,Simbad,1,0.999997,18.16,10.591637238465816,,,-1.7037736979898577,0.514,0.023,,0.0138669828032174,0.1112913752028522,0.0090837562918068,,,,
420,205157836,16 09 54.42,-19 06 55.0,,9.6,,5.02,0.91,9.48,4.11,16.3202,,,,"USco,gold",no,Simbad,1,0.992964,14.5,7.853733238465816,3734.0,0.7946,-0.8735438867229698,0.515,0.087,0.4368055555555555,0.0138669828032174,0.4898357194024704,0.0090837562918068,0.5522,0.0781,11.154,5.336
421,204472125,16 09 56.95,-22 12 02.9,,12.66,,6.94,0.38,12.62,6.56,0.8158,,,,"USco,gold",no,Simbad,1,0.999999,19.56,11.802945238465814,,,-2.163675879142469,0.316,0.022,,0.0138669828032174,,0.0,,,,
423,204078097,16 09 58.51,-23 45 18.9,,11.62,,7.04,0.74,11.53,6.3,1.4106,,,,"USco,gold",yes,Simbad,1,0.999999,18.57,11.154133238465814,,,-1.843753819140542,0.498,0.026,,0.0138669828032174,,0.0,,,,
425,205366676,16 09 59.32,-18 00 09.2,,10.34,,5.92,0.32,10.3,5.6,3.6874,,,,"USco,gold",yes,Simbad,1,0.999906,16.220001,9.054643238465816,3468.2,1.0247,-1.4230830639207028,0.644,0.021,0.2729523809523808,0.0138669828032174,0.2720590509898006,0.0090837562918068,0.351,0.076,27.439,16.845
426,204538466,16 09 59.89,-21 55 42.8,,13.31,,7.38,0.65,13.22,6.73,0.8738,,,,"USco,gold",no,Simbad,1,0.999999,20.6,12.617899238465814,2877.9,0.5625,-2.410050392993021,0.217,0.024,0.1,0.0138669828032174,,0.0,0.0631,0.0187,21.472,12.484
427,204551703,16 10 01.29,-21 52 24.6,,11.71,,6.75,0.23,11.68,6.52,1.7492,1.8095,,,"USco,gold",no,Simbad,1,0.999999,18.43,10.934273238465815,,,-1.8483237709876064,0.489,0.023,,0.0138669828032174,,0.0,,,,
428,204059992,16 10 01.83,-23 49 43.5,,10.13,,5.79,1.87,9.89,3.92,1.0779,1.433,,,"USco,gold",no,Simbad,1,0.999843,15.68,8.778746238465816,3471.7,0.9809,,,,,0.0138669828032174,0.3140483040808429,0.0090837562918068,,,,
430,203036352,16 10 03.93,-27 28 48.2,,11.2,,5.61,0.0,11.2,5.61,0.7104,,,,"USco,gold",no,Simbad,1,0.99968,16.81,9.752990238465816,3418.1,0.9036,-1.5505216057783269,0.563,0.021,0.249095238095238,0.0138669828032174,0.1781098556005003,0.0090837562918068,0.3061,0.0713,31.518,20.028
431,204630363,16 10 05.02,-21 32 31.8,13.5,8.95,4.55,4.55,1.25,8.79,3.3,6.6566,,,,"USco,gold",yes,Simbad,1,0.999561,13.34,6.916518238465816,5902.8,2.1753,-0.5585719720893711,0.613,0.078,1.1779937304075236,0.0138669828032174,0.7225499876349265,0.0090837562918068,0.9115,0.0302,92.827,40.303
433,205026365,16 10 10.39,-19 45 40.0,,10.41,,5.66,0.35,10.36,5.31,2.0262,,,,"USco,gold",no,Simbad,1,0.997667,16.02,8.956120238465815,3455.2,0.9125,-1.323032193319082,0.661,0.021,0.2667619047619046,0.0138669828032174,0.2858354892651208,0.0090837562918068,0.3499,0.0783,18.745,11.096
434,205024957,16 10 10.99,-19 46 04.2,,11.38,,6.19,0.47,11.32,5.71,1.6656,,,,"USco,gold",yes,Simbad,1,0.999995,17.51,10.228805238465815,3325.8,1.0835,-1.7176044814903546,0.503,0.022,0.2051428571428572,0.0138669828032174,0.1363307647226974,0.0090837562918068,0.2385,0.064,32.069,20.97
437,205005589,16 10 14.45,-19 51 37.8,,10.23,,5.68,0.4,10.18,5.29,5.1176,,,,"USco,gold",maybe,Simbad,1,0.992964,15.860001,8.803146238465816,3570.1,0.9978,,,,,0.0138669828032174,0.3094777368516954,0.0090837562918068,,,,
438,205117205,16 10 14.72,-19 19 09.7,,10.03,,5.69,0.83,9.92,4.85,6.2895,,,,"USco,gold",no,Simbad,1,0.996487,15.610001,8.563793238465815,3521.2,0.9845,-1.0440718332471854,0.349,0.08,0.2981904761904761,0.0138669828032174,0.3518208779148464,0.0090837562918068,0.4103,0.0883,10.043,5.726
441,203756781,16 10 19.19,-25 02 30.3,11.98,8.36,3.61,3.61,0.26,8.33,3.35,18.2246,,,,"USco,gold",no,Simbad,1,0.996487,11.94,5.814358238465815,,,,,,,0.0138669828032174,0.998208522242356,0.0090837562918068,,,,
442,204133691,16 10 20.85,-23 31 55.8,,11.05,,6.01,0.32,11.01,5.68,0.8106,,,,"USco,gold",no,Simbad,1,0.999996,17.02,9.867905238465816,,,-1.6827726560107488,0.537,0.022,,0.0138669828032174,0.1664832037428785,0.0090837562918068,,,,
445,205167008,16 10 21.73,-19 04 06.8,,9.62,,5.16,0.81,9.52,4.35,4.1422,,,,"USco,gold",no,Simbad,1,0.992964,14.68,8.042512238465815,,,-0.9033680136083584,0.421,0.093,,0.0138669828032174,0.4505206193173103,0.0090837562918068,,,,
446,204217309,16 10 23.43,-23 12 17.8,,10.16,,5.91,0.61,10.08,5.3,0.2655,0.4697,,,"USco,gold",no,Simbad,1,0.999772,15.99,8.867053238465815,3482.5,1.0041,,,,,0.0138669828032174,0.2985471549673115,0.0090837562918068,,,,
451,204484164,16 10 26.24,-22 09 10.8,,9.02,,5.51,0.78,8.92,4.73,0.8685,,,,"USco,gold",no,Simbad,1,0.996487,14.43,7.643522238465815,,,,,,,0.0138669828032174,0.5390293113530328,0.0090837562918068,,,,
452,204392438,16 10 26.48,-22 30 53.7,,10.47,,5.89,0.56,10.4,5.34,0.925,,,,"USco,gold",no,Simbad,1,0.999697,16.289999,9.167073238465814,3472.8,0.9607,-1.4124012616077253,0.639,0.021,0.2751428571428572,0.0138669828032174,0.2558687223382237,0.0090837562918068,0.3553,0.0764,27.18,16.659
454,205145188,16 10 28.18,-19 10 44.5,,11.79,,7.03,1.17,11.64,5.86,1.7554,,,,"USco,gold",yes,Simbad,1,0.999999,18.67,11.036813238465816,,,-1.8262311772450464,0.455,0.021,,0.0138669828032174,,0.0,,,,
455,205164892,16 10 28.57,-19 04 46.8,,8.71,,5.24,0.95,8.59,4.3,6.6595,,,,"USco,gold",yes,Simbad,1,0.996487,13.83,7.427192238465816,,,,,,,0.0138669828032174,0.5915714624084331,0.0090837562918068,,,,
456,204464828,16 10 28.87,-22 13 47.8,9.69,7.23,2.46,2.46,0.51,7.16,1.95,2.2616,,,,"USco,gold",no,Simbad,1,0.999939,9.62,3.790874238465815,5836.5,0.7626,,,,,0.0138669828032174,,0.0,,,,
457,205247191,16 10 30.07,-18 39 06.8,,10.55,,7.35,1.35,10.38,6.0,3.906,,,,"USco,gold",no,Simbad,1,0.999999,17.73,9.966794238465816,,,-1.610302467337859,0.618,0.021,,0.0138669828032174,0.1581277019203648,0.0090837562918068,,,,
460,205137430,16 10 31.95,-19 13 06.0,13.56,8.99,4.57,4.57,0.73,8.9,3.83,12.2019,,,,"USco,gold",no,Simbad,1,0.999739,13.469999,7.117752238465815,4962.2,2.1529,-0.4907840354458511,0.608,0.085,0.891675392670157,0.0138669828032174,0.6705657743133847,0.0090837562918068,0.8443,0.0351,75.059,41.679
461,204870669,16 10 35.24,-20 29 17.1,,11.71,,6.91,0.54,11.64,6.37,1.3834,,,,"USco,gold",no,Simbad,1,0.999999,18.55,10.864138238465816,,,-1.8944898233511145,0.45,0.022,,0.0138669828032174,,0.0,,,,
462,205124839,16 10 39.55,-19 16 52.7,,10.27,,5.63,0.23,10.24,5.4,4.7046,,,,"USco,gold",no,Simbad,1,0.998613,15.87,8.969123238465816,3518.9,1.1016,-1.099687511105435,0.381,,0.2970952380952381,0.0138669828032174,0.2842286904708612,0.0090837562918068,0.4089,0.0861,12.062,6.843
463,204841911,16 10 39.77,-20 37 09.7,,9.95,,5.67,1.24,9.79,4.42,3.5907,,,,"USco,gold",no,Simbad,1,0.99885,15.46,8.615998238465815,3530.6,1.0849,-0.9090369197932492,0.448,,0.3035897435897435,0.0138669828032174,0.3427075124582261,0.0090837562918068,0.406,0.0887,6.291,3.488
466,205106221,16 10 43.91,-19 22 26.1,,9.93,,5.32,0.31,9.89,5.01,5.433,,,,"USco,gold",no,Simbad,1,0.992964,15.210001,8.357966238465815,3556.3,0.8755,-0.9154952060311686,0.453,0.094,0.3200641025641026,0.0138669828032174,0.3879490845217155,0.0090837562918068,0.4293,0.0905,7.235,4.029
469,205241182,16 10 46.36,-18 41 00.2,,11.27,,6.86,2.86,10.9,4.0,2.0914,,,,"USco,gold",yes,Simbad,1,0.999999,17.76,10.634745238465817,3367.8,1.5092,-1.751046383541229,0.522,0.021,0.2251428571428572,0.0138669828032174,0.1087376720429479,0.0090837562918068,0.2622,0.0652,45.093,29.875
473,205054397,16 10 52.39,-19 37 34.7,,10.73,,6.11,0.54,10.66,5.56,1.8094,,,,"USco,gold",yes,Simbad,1,0.999987,16.77,9.551493238465817,,,-1.5191310708892685,0.607,0.021,,0.0138669828032174,0.2010738002780943,0.0090837562918068,,,,
475,204230492,16 10 54.27,-23 09 11.3,,12.12,,9.91,0.31,12.08,9.6,0.3508,,,,"USco,gold",no,Simbad,1,0.999996,21.99,10.977743238465816,,,-2.0599818583216787,0.329,0.022,,0.0138669828032174,,0.0,,,,
476,204655153,16 10 54.99,-21 26 14.1,,11.78,,6.94,0.6,11.7,6.34,0.52,,,,"USco,gold",no,Simbad,1,0.999999,18.64,11.120483238465816,,,-1.9219058372020608,0.448,0.023,,0.0138669828032174,,0.0,,,,
480,204117263,16 11 02.10,-23 35 50.7,,10.95,,6.11,0.35,10.91,5.75,0.6423,,,,"USco,gold",no,Simbad,1,0.99999,17.02,9.750511238465815,,,-1.596879481177452,0.567,0.021,,0.0138669828032174,0.1785151215590703,0.0090837562918068,,,,
482,204127977,16 11 04.79,-23 33 16.6,,9.66,,4.08,0.12,9.64,3.96,4.8715,,,,"USco,gold",no,Simbad,1,0.998613,13.72,7.519099238465815,4593.9,1.4135,-0.7062839715657481,0.601,0.082,1.1,0.0138669828032174,0.5691315877181198,0.0090837562918068,0.7542,0.0269,80.628,45.088
483,204584635,16 11 05.67,-21 44 03.3,14.42,9.24,5.19,5.19,0.76,9.14,4.42,6.6695,,,,"USco,gold",no,Simbad,2,1e-06,14.33,7.786656238465815,,,,,,,0.0138669828032174,0.5041479698187789,0.0090837562918068,,,,
484,204401119,16 11 07.37,-22 28 50.4,,11.33,,6.81,0.0,11.33,6.81,1.791,1.6487,,,"USco,gold",yes,Simbad,1,0.999999,18.14,10.649048238465816,,,-1.6817279072994198,0.577,0.033,,0.0138669828032174,0.1079070553597848,0.0090837562918068,,,,
489,205088645,16 11 12.36,-19 27 37.7,,11.67,,7.29,1.21,11.51,6.08,,,,,"USco,gold",yes,Simbad,1,0.999996,18.8,11.016358238465816,3145.5,1.2638,-1.8227521646307645,0.452,0.021,0.1465299684542587,0.0138669828032174,,0.0,0.1406,0.0411,15.656,9.056
490,204908189,16 11 13.30,-20 19 03.2,,9.56,,5.15,3.33,9.13,1.81,,,,,"USco,gold",yes,Simbad,1,0.999905,14.280001,8.384167238465816,5801.0,2.1063,-1.03409308288081,0.654,,1.2,0.0138669828032174,0.383134503120928,0.0090837562918068,0.7729,0.0268,115.45,35.376
491,204907231,16 11 13.94,-20 19 19.1,,10.41,,6.13,0.68,10.32,5.45,7.8027,,,,"USco,gold",no,Simbad,1,0.999949,16.45,9.240636238465816,3416.7,1.142,,,,,0.0138669828032174,0.2455262205141123,0.0090837562918068,,,,
492,205375290,16 11 15.34,-17 57 21.4,,9.2,,4.89,0.61,9.12,4.28,6.016,,,,"USco,gold",yes,Simbad,1,0.997667,14.01,7.3478442384658145,,,-0.6766035180036161,0.539,0.089,,0.0138669828032174,0.6115004636209539,0.0090837562918068,,,,
493,204217530,16 11 15.96,-23 12 14.6,9.01,7.77,1.24,1.24,0.29,7.73,0.95,0.2259,0.4245,0.6096,0.2812,"USco,gold",yes,Simbad,1,0.999591,8.97,3.3308852384658145,7271.8,0.4417,0.8410032504518261,1.58,0.267,1.5,0.0138669828032174,,0.0,1.3944,0.0087,86.86,49.825
494,203278103,16 11 16.85,-26 39 33.4,,11.42,,5.53,0.0,11.42,5.53,1.698,,,,"USco,gold",no,Simbad,1,0.999806,16.95,9.920108238465817,3370.6,0.827,-1.6781945058769103,0.495,0.021,0.2264761904761904,0.0138669828032174,0.1619491645815713,0.0090837562918068,0.2683,0.0675,36.557,24.086
495,204467584,16 11 17.04,-22 13 08.9,,10.58,,6.35,1.36,10.4,4.99,2.0726,,,,"USco,gold",yes,Simbad,1,0.999964,16.75,9.489837238465816,3467.5,1.1456,-1.4569257706892536,0.633,0.021,0.2726190476190476,0.0138669828032174,0.2099313839688125,0.0090837562918068,0.3471,0.0747,30.385,18.875
497,203851946,16 11 17.44,-24 41 20.5,,10.44,,5.41,0.19,10.41,5.22,1.9135,,,,"USco,gold",no,Simbad,1,0.992964,15.82,8.882821238465816,,,-1.367036825624928,0.629,0.02,,0.0138669828032174,0.2962815508336324,0.0090837562918068,,,,
498,205374937,16 11 18.12,-17 57 28.9,15.36,9.33,6.03,6.03,0.57,9.26,5.46,0.6345,0.5436,,,"USco,gold",no,Simbad,1,0.999798,15.290001,8.100317238465815,,,,,,,0.0138669828032174,0.4388740885619365,0.0090837562918068,,,,
499,205355375,16 11 18.20,-18 03 58.5,,11.76,,6.98,0.22,11.73,6.76,1.1569,,,,"USco,gold",no,Simbad,1,0.999999,18.71,11.133883238465817,,,-1.9030899805204515,0.46,0.023,,0.0138669828032174,,0.0,,,,
501,204187094,16 11 19.06,-23 19 20.4,,10.7,,7.4,0.49,10.63,6.91,2.4407,,,,"USco,gold",yes,Simbad,1,0.999994,18.03,10.241767238465815,3346.3,1.3074,-1.5127201758526736,0.624,0.021,0.214904761904762,0.0138669828032174,0.1352832952338561,0.0090837562918068,0.261,0.0667,19.035,11.404
502,204296945,16 11 23.98,-22 53 32.8,,10.65,,5.21,0.37,10.6,4.85,11.8925,,,,"USco,gold",no,Simbad,1,0.992964,15.81,8.995633238465816,3515.4,0.797,-1.2839131482956472,0.648,0.021,0.2954285714285715,0.0138669828032174,0.2804930250556597,0.0090837562918068,0.3974,0.0798,22.241,13.184
503,203318214,16 11 26.02,-26 31 55.9,,9.57,,5.21,0.49,9.5,4.71,4.1841,,,,"USco,gold",yes,Simbad,1,0.992964,14.71,7.987614238465815,,,,,,,0.0138669828032174,0.4620187021096544,0.0090837562918068,,,,
504,204099713,16 11 26.29,-23 40 06.3,,12.47,,6.85,0.57,12.4,6.28,1.7984,,,,"USco,gold",no,Simbad,1,0.999998,19.25,11.620171238465815,,,-2.0629838821359097,0.349,0.024,,0.0138669828032174,,0.0,,,,
506,204365837,16 11 31.80,-22 37 08.5,,11.85,,6.61,0.3,11.82,6.31,1.7422,,,,"USco,gold",no,Simbad,1,0.999999,18.43,10.884938238465814,,,-1.9226320878381908,0.422,0.022,,0.0138669828032174,,0.0,,,,
508,204439854,16 11 34.69,-22 19 44.4,,12.33,,6.92,0.73,12.23,6.18,1.184,,,,"USco,gold",no,Simbad,1,0.999999,19.15,11.464113238465814,,,-2.0803989546754,0.349,0.023,,0.0138669828032174,,0.0,,,,
509,204074274,16 11 37.60,-23 46 15.0,,11.21,,5.98,0.41,11.16,5.57,1.8029,,,,"USco,gold",no,Simbad,1,0.999976,17.14,9.949440238465815,3375.5,1.0228,-1.6080069175685503,0.549,0.021,0.2288095238095238,0.0138669828032174,0.1594717777709164,0.0090837562918068,0.2749,0.0688,30.018,19.278
510,204478864,16 11 37.84,-22 10 27.6,,10.13,,5.32,0.69,10.04,4.63,2.206,,,,"USco,gold",no,Simbad,1,0.998258,15.360001,8.598916238465815,,,-0.9662948444888876,0.452,,,0.0138669828032174,0.3455804320535753,0.0090837562918068,,,,
511,204239143,16 11 38.36,-23 07 07.5,,12.78,,7.31,0.7,12.69,6.61,0.7202,,,,"USco,gold",no,Simbad,1,0.999999,20.0,12.106009238465816,,,-2.188424995347805,0.31,0.022,,0.0138669828032174,,0.0,,,,
514,203641931,16 11 43.86,-25 26 35.0,,8.74,,3.03,2.77,8.39,0.26,8.8994,,,,"USco,gold",no,Simbad,1,0.999881,11.42,5.747542238465815,,,-0.1659037132303176,0.694,0.081,,0.0138669828032174,1.0135794340569484,0.0090837562918068,,,,
516,205086621,16 11 45.33,-19 28 13.4,,11.81,,7.26,0.99,11.69,6.27,1.7416,,,,"USco,gold",yes,Simbad,1,0.999999,18.95,11.146491238465815,3005.7,1.6871,-1.8661418814726205,0.435,0.022,0.1024290220820188,0.0138669828032174,,0.0,0.0875,0.0282,7.932,4.538
517,205155253,16 11 46.12,-19 07 42.9,,11.15,,7.06,1.11,11.01,5.95,1.7852,,,,"USco,gold",yes,Simbad,1,0.999999,18.07,10.410732238465815,3368.3,1.4866,-1.737311673313769,0.52,0.021,0.2253809523809524,0.0138669828032174,0.1230916056058117,0.0090837562918068,0.2634,0.0657,43.388,28.777
520,204932990,16 11 50.91,-20 12 10.1,,10.4,,5.91,0.92,10.28,4.99,2.312,,,,"USco,gold",yes,Simbad,1,0.999146,16.189999,9.090475238465816,3557.5,1.0558,,,,,0.0138669828032174,0.2667018600557872,0.0090837562918068,,,,
521,204367193,16 11 54.38,-22 36 49.3,,13.3,,7.45,0.47,13.24,6.99,0.4835,,,,"USco,gold",no,Simbad,1,0.999999,20.689999,12.721898238465815,2863.4,0.6671,-2.368556231621881,0.241,0.024,0.1,0.0138669828032174,,0.0,0.0584,0.018,16.781,9.896
522,205034491,16 11 56.25,-19 43 23.2,,9.81,,5.44,0.53,9.74,4.91,5.906,,,,"USco,gold",no,Simbad,1,0.992964,15.18,8.445023238465815,3580.2,0.8924,-0.956559132496608,0.352,0.077,0.3353846153846153,0.0138669828032174,0.3724375069227071,0.0090837562918068,0.4546,0.0897,9.429,5.229
523,204251947,16 11 56.32,-23 04 04.6,,8.81,,4.22,0.39,8.76,3.83,5.4849,,,,"USco,gold",no,Simbad,1,0.999442,12.98,7.111382238465815,4699.9,1.5918,,,,,0.0138669828032174,0.672248087034582,0.0090837562918068,,,,
526,205157937,16 11 59.27,-19 06 53.3,11.62,8.09,3.53,3.53,1.34,7.92,2.19,3.6929,,,,"USco,gold",no,Simbad,1,0.999962,11.45,5.598383238465816,5699.0,1.4419,,,,,0.0138669828032174,1.046636295934974,0.0090837562918068,,,,
529,204817605,16 12 05.05,-20 43 40.5,,9.06,,4.96,0.2,9.04,4.76,9.3362,,,,"USco,gold",yes,Simbad,1,0.999146,14.0,7.462800238465816,,,,,,,0.0138669828032174,0.5834743306876733,0.0090837562918068,,,,
532,203538882,16 12 08.12,-25 47 58.1,,10.31,,5.64,0.55,10.24,5.09,6.5064,,,,"USco,gold",no,Simbad,1,0.996487,15.879999,8.895579238465816,3440.1,0.9199,,,,,0.0138669828032174,0.2946715143139447,0.0090837562918068,,,,
534,205072354,16 12 10.43,-19 32 27.8,,11.24,,6.8,0.68,11.15,6.12,0.7718,,,,"USco,gold",no,Simbad,1,0.999999,17.95,10.364404238465816,,,-1.7162466136640546,0.527,0.022,,0.0138669828032174,0.1262126521584626,0.0090837562918068,,,,
535,204803505,16 12 11.85,-20 47 26.9,,12.61,,7.83,0.76,12.51,7.07,4.3632,,,,"USco,gold",no,Simbad,1,0.999999,20.34,12.184866238465816,2816.3,0.683,-2.1713400970892045,0.325,0.024,0.1,0.0138669828032174,,0.0,0.042,0.0146,5.408,3.975
537,203892022,16 12 13.67,-24 31 37.1,,10.11,,5.2,0.7,10.02,4.5,17.1122,,,,"USco,gold",no,Simbad,2,1e-06,15.22,8.490647238465815,3618.9,0.8129,-1.045178804286717,0.432,0.093,0.3601923076923077,0.0138669828032174,0.3647031254901006,0.0090837562918068,0.4879,0.0806,15.242,8.025
538,202709862,16 12 17.22,-28 39 08.5,,11.3,,5.7,0.05,11.29,5.65,0.9952,2.0106,,,"USco,gold",no,Simbad,1,0.999955,16.99,9.894319238465815,3317.8,0.824,-1.6961562435388633,0.5,0.021,0.2013333333333334,0.0138669828032174,0.1640859076184809,0.0090837562918068,0.2345,0.0634,28.624,18.457
541,205150770,16 12 20.92,-19 09 04.3,,9.6,,5.37,0.44,9.55,4.93,0.7553,,,,"USco,gold",no,Simbad,1,0.996487,14.92,8.170176238465816,3683.1,0.8577,-0.8606562309412641,0.475,0.094,0.4014583333333333,0.0138669828032174,0.4244611649186769,0.0090837562918068,0.5206,0.0839,9.267,4.612
542,205064383,16 12 21.83,-19 34 44.5,7.64,7.07,0.57,0.57,0.69,6.98,-0.12,,,,,"USco,gold",yes,Simbad,1,0.999336,7.55,2.028988238465815,,,1.1479025201116022,1.934,0.31,,0.0138669828032174,,0.0,,,,
545,204940701,16 12 27.36,-20 09 59.9,,11.53,,6.81,0.71,11.44,6.1,1.7776,,,,"USco,gold",yes,Simbad,1,0.999998,18.25,10.798035238465816,,,-1.837734377426664,0.488,0.022,,0.0138669828032174,,0.0,,,,
548,210282525,16 12 33.53,-25 43 28.0,,10.14,,6.74,0.66,10.06,6.07,3.7871,,,,"USco,gold",no,Simbad,1,0.999928,16.8,9.250020238465815,,,,,,,0.0138669828032174,0.244224655747445,0.0090837562918068,,,,
550,203775036,16 12 34.58,-24 58 34.5,,11.04,,6.34,1.11,10.9,5.23,0.749,,,,"USco,gold",no,Simbad,1,0.999998,17.24,10.070264238465816,,,-1.7187393183768414,0.537,0.022,,0.0138669828032174,0.1492427952366854,0.0090837562918068,,,,
551,204851310,16 12 35.31,-20 34 33.9,,9.3,,4.68,0.72,9.21,3.96,3.898,,,,"USco,gold",no,Simbad,1,0.999019,13.889999,7.608090238465815,,,,,,,0.0138669828032174,0.5474723639739368,0.0090837562918068,,,,
552,203063710,16 12 36.05,-27 23 03.0,11.21,7.23,3.98,3.98,0.92,7.11,3.06,,,,,"USco,gold",no,Simbad,1,0.999997,11.09,4.997199238465816,,,,,,,0.0138669828032174,1.1773827651827835,0.0090837562918068,,,,
553,205182200,16 12 39.16,-18 59 28.6,,9.11,,4.93,1.38,8.93,3.56,3.2547,,,,"USco,gold",yes,Simbad,2,1e-06,13.860001,7.424497238465815,3768.9,0.7233,-0.710054487987181,0.527,0.097,0.4610416666666667,0.0138669828032174,0.5927299611149032,0.0090837562918068,0.5624,0.0869,6.627,3.115
554,204404080,16 12 39.53,-22 28 08.4,,10.42,,5.48,0.3,10.38,5.18,1.9617,,,,"USco,gold",no,Simbad,2,1e-06,15.860001,8.893906238465815,3455.9,0.8861,-1.3275326817811386,0.653,0.021,0.2670952380952381,0.0138669828032174,0.2947303101845036,0.0090837562918068,0.3501,0.0783,19.083,11.314
557,205182220,16 12 40.50,-18 59 28.1,10.83,7.49,3.34,3.34,0.7,7.4,2.64,1.5195,,,,"USco,gold",yes,Simbad,1,0.999911,10.74,4.829835238465815,5395.5,1.2555,,,,,0.0138669828032174,1.2109936037123863,0.0090837562918068,,,,
559,205080089,16 12 44.10,-19 30 10.3,7.6,6.94,0.66,0.66,0.78,6.84,-0.12,,,,,"USco,gold",no,Simbad,1,0.999508,7.5,1.9693542384658151,,,1.3294448697328205,2.156,0.395,,0.0138669828032174,,0.0,,,,
560,204245943,16 12 45.05,-23 05 30.4,,12.46,,7.02,0.52,12.4,6.5,0.7543,,,,"USco,gold",no,Simbad,1,0.999999,19.42,11.671048238465817,,,-2.139662005925681,0.314,0.021,,0.0138669828032174,,0.0,,,,
561,204465961,16 12 46.81,-22 13 31.7,11.2,8.03,3.17,3.17,0.7,7.94,2.47,10.5243,,,,"USco,gold",no,Simbad,1,0.999952,11.110001,5.188762238465815,5579.2,1.2669,,,,,0.0138669828032174,1.1381519771740074,0.0090837562918068,,,,
562,204105498,16 12 46.91,-23 38 41.0,,12.62,,7.21,0.73,12.53,6.48,0.2844,0.2954,,,"USco,gold",no,Simbad,1,0.999999,19.74,12.072865238465816,,,-2.1771783625794647,0.322,0.022,,0.0138669828032174,,0.0,,,,
563,205167772,16 12 47.25,-19 03 53.3,,11.75,,6.92,1.12,11.6,5.81,1.1876,,,,"USco,gold",no,Simbad,1,0.999999,18.52,11.147065238465814,,,-1.877784126855525,0.441,0.022,,0.0138669828032174,,0.0,,,,
564,205364526,16 12 48.92,-18 00 52.7,,10.36,,5.72,0.46,10.3,5.26,2.9053,,,,"USco,gold",maybe,Simbad,1,0.992964,16.02,8.955052238465814,3564.1,0.9853,,,,,0.0138669828032174,0.2862787423010258,0.0090837562918068,,,,
567,204184435,16 12 52.65,-23 19 55.9,,9.04,,3.16,0.7,8.95,2.46,4.2854,,,,"USco,gold",no,Simbad,1,0.999938,12.11,6.191797238465815,4740.3,0.6323,-0.2968548422412506,0.692,0.089,0.833586387434555,0.0138669828032174,0.9103648042824544,0.0090837562918068,0.9871,0.0649,18.861,9.137
568,204185181,16 12 55.33,-23 19 45.6,9.36,7.29,2.07,2.07,0.49,7.23,1.57,5.1488,,,,"USco,gold",no,Simbad,1,0.999784,9.3,3.4920272384658144,5990.8,0.4898,0.7615294396194964,1.039,0.134,1.206357142857143,0.0138669828032174,,0.0,1.3633,0.0372,25.665,16.263
571,204279085,16 13 02.71,-22 57 44.4,11.81,8.45,3.36,3.36,0.01,8.45,3.35,2.0873,,,,"USco,gold",no,Simbad,1,0.999877,11.809999,5.740040238465815,,,,,,,0.0138669828032174,1.0143760195625413,0.0090837562918068,,,,
573,203448860,16 13 06.27,-26 06 10.9,,10.85,,5.53,0.75,10.75,4.78,3.3749,,,,"USco,gold",yes,Simbad,1,0.992964,16.28,9.347240238465815,3431.6,0.9223,-1.3946949489129363,0.623,0.021,0.2555238095238095,0.0138669828032174,0.2302724663969521,0.0090837562918068,0.3273,0.0755,20.787,12.453
574,204812713,16 13 09.78,-20 44 59.2,,9.86,,5.78,0.87,9.75,4.91,0.9239,,,,"USco,gold",no,Simbad,1,0.999617,15.530001,8.551068238465815,3576.1,1.0711,,,,,0.0138669828032174,0.3537823799435025,0.0090837562918068,,,,
576,205165965,16 13 09.96,-19 04 27.0,,10.58,,6.64,1.41,10.4,5.23,1.796,,,,"USco,gold",yes,Simbad,1,0.999989,17.039999,9.635174238465815,3372.2,0.8867,-1.511731375867474,0.612,0.021,0.2272380952380951,0.0138669828032174,0.1914092778220651,0.0090837562918068,0.2779,0.0693,21.789,13.282
577,203876392,16 13 10.07,-24 35 25.0,,10.96,,5.8,0.28,10.92,5.51,1.902,,,,"USco,gold",no,Simbad,1,0.999862,16.720001,9.599876238465816,,,-1.5189875658481682,0.585,0.021,,0.0138669828032174,0.1953918466946292,0.0090837562918068,,,,
578,204210528,16 13 10.81,-23 13 51.7,,11.61,,5.96,0.0,11.61,5.96,0.987,,,,"USco,gold",no,Simbad,1,0.999996,17.57,10.425151238465816,,,-1.9759250157415835,0.372,0.024,,0.0138669828032174,0.1221483044783611,0.0090837562918068,,,,
579,204399980,16 13 11.58,-22 29 06.6,8.86,6.69,2.17,2.17,1.54,6.49,0.63,,,,,"USco,gold",yes,Simbad,1,0.999953,8.66,3.1884862384658152,8054.2,0.9042,0.7571886946125959,1.235,0.219,1.5,0.0138669828032174,,0.0,1.3955,0.0077,93.086,47.655
582,204204545,16 13 12.15,-23 15 16.5,,10.84,,5.65,0.16,10.82,5.5,1.7985,,,,"USco,gold",no,Simbad,1,0.999561,16.47,9.409331238465816,,,-1.4555598637759768,0.605,0.021,,0.0138669828032174,0.221518937653998,0.0090837562918068,,,,
584,202522205,16 13 17.37,-29 22 19.9,,8.91,,4.78,0.39,8.86,4.39,6.1134,,,,"USco,gold",,Simbad,1,0.992964,13.639999,7.196890238465816,,,,,,,0.0138669828032174,0.6502445943025179,0.0090837562918068,,,,
586,204468888,16 13 18.58,-22 12 48.9,10.43,7.43,3.0,3.0,0.68,7.34,2.32,5.8472,,,,"USco,gold",no,Simbad,1,0.999938,10.34,4.498058238465815,,,,,,,0.0138669828032174,1.271551034060797,0.0090837562918068,,,,
587,204399319,16 13 20.53,-22 29 16.1,,10.24,,4.97,0.75,10.15,4.22,3.9112,,,,"USco,gold",no,Simbad,1,0.992964,15.119999,8.349644238465816,3614.6,0.6746,-0.9395666067841806,0.532,0.09,0.3574358974358974,0.0138669828032174,0.3891853125391782,0.0090837562918068,0.4803,0.0874,10.106,5.426
590,204615647,16 13 21.90,-21 36 13.9,,9.98,,5.46,0.68,9.89,4.78,,,,,"USco,gold",yes,Simbad,1,0.996487,15.35,8.437536238465816,3549.4,0.8639,-0.9599517600010692,0.427,0.093,0.3156410256410257,0.0138669828032174,0.3741094217122826,0.0090837562918068,0.4286,0.0904,8.354,4.716
592,205431266,16 13 25.75,-17 37 35.8,,11.4,,5.67,2.74,11.05,2.93,0.3954,,,,"USco,gold",no,Simbad,1,0.999751,16.720001,9.980579238465817,3397.2,0.9805,-1.75448733453912,0.444,0.021,0.239142857142857,0.0138669828032174,0.1569566430900061,0.0090837562918068,0.2787,0.0647,53.117,34.669
593,204393705,16 13 26.65,-22 30 35.1,,12.58,,7.5,0.66,12.5,6.84,1.5319,,,,"USco,gold",no,Simbad,1,0.999999,20.0,12.013258238465816,,,-2.1924649725662,0.31,0.024,,0.0138669828032174,,0.0,,,,
594,205097920,16 13 28.08,-19 24 52.7,,11.91,,7.37,0.73,11.82,6.64,1.5123,,,,"USco,gold",no,Simbad,1,0.999999,19.189999,11.295470238465814,,,-1.9586073171950449,0.419,0.024,,0.0138669828032174,,0.0,,,,
595,204222295,16 13 29.28,-23 11 07.5,11.66,8.49,3.17,3.17,0.85,8.39,2.32,3.0944,,,,"USco,gold",yes,Simbad,1,0.999934,11.56,5.564473238465816,5524.7,1.1231,-0.0820431020386292,0.717,,1.0594670846394985,0.0138669828032174,1.0544607775989716,0.0090837562918068,1.0325,0.0378,71.23,43.936
596,204813829,16 13 32.79,-20 44 41.3,,10.13,,5.31,0.57,10.05,4.74,3.4158,,,,"USco,gold",maybe,Simbad,1,0.992964,15.360001,8.533194238465816,,,-0.9829249001794472,0.411,,,0.0138669828032174,0.3572443217910057,0.0090837562918068,,,,
598,204149252,16 13 34.76,-23 28 15.8,,12.5,,6.65,0.64,12.41,6.01,0.9942,,,,"USco,gold",no,Simbad,1,0.999998,19.06,11.536110238465817,,,-2.022276408675951,0.365,0.022,,0.0138669828032174,,0.0,,,,
600,204152030,16 13 36.46,-23 27 35.6,,11.22,,6.23,0.52,11.15,5.72,1.8029,0.8242,1.0198,,"USco,gold",,Simbad,1,0.999752,17.38,10.447350238465816,,,,,,,0.0138669828032174,0.1208046456580091,0.0090837562918068,,,,
601,203750883,16 13 36.50,-25 03 47.5,,10.26,,4.87,1.28,10.09,3.59,1.1427,,,,"USco,gold",yes,Simbad,1,0.896753,14.96,8.975641238465816,,,,,,,0.0138669828032174,0.2833452612794951,0.0090837562918068,,,,
602,204152441,16 13 36.87,-23 27 30.0,,10.91,,5.58,0.48,10.85,5.1,1.8032,,,,"USco,gold",,Simbad,1,0.992964,16.43,9.448278238465816,,,-1.4546928607456744,0.593,0.021,,0.0138669828032174,0.2159332272624098,0.0090837562918068,,,,
604,204525772,16 13 38.32,-21 58 52.0,,11.0,,5.89,0.32,10.96,5.57,1.5467,,,,"USco,gold",no,Simbad,1,0.999911,16.85,9.693231238465817,,,-1.4997635163711684,0.598,0.021,,0.0138669828032174,0.1850115425378438,0.0090837562918068,,,,
605,203842665,16 13 38.39,-24 43 31.3,,10.35,,5.67,0.45,10.29,5.21,1.2958,,,,"USco,gold",no,Simbad,1,0.998258,15.96,8.927230238465816,3561.2,0.9673,-1.3310552786128496,0.656,0.021,0.3232051282051281,0.0138669828032174,0.29016317849512,0.0090837562918068,0.4259,0.0751,32.814,20.29
607,204262828,16 13 42.63,-23 01 28.1,,12.79,,7.26,0.52,12.72,6.74,,,,,"USco,gold",no,Simbad,1,0.999999,19.98,12.052953238465816,,,-2.1056839321647822,0.34,0.023,,0.0138669828032174,,0.0,,,,
609,204459941,16 13 43.66,-22 14 59.4,,9.11,,4.1,0.31,9.07,3.79,4.651,3.6293,,,"USco,gold",no,Simbad,1,0.992964,13.17,6.889847238465816,,,-0.426617746771061,0.609,,,0.0138669828032174,0.7299477883722997,0.0090837562918068,,,,
610,203881218,16 13 44.89,-24 34 14.7,,10.26,,4.99,0.6,10.18,4.39,5.4121,,,,"USco,gold",no,Simbad,1,0.992964,15.17,8.588721238465816,3542.8,0.7961,-0.955773918332958,0.46,,0.3114102564102565,0.0138669828032174,0.3473638819473044,0.0090837562918068,0.4224,0.0902,7.978,4.507
611,203917770,16 13 45.49,-24 25 19.5,6.43,6.08,0.35,0.35,0.71,5.99,-0.36,0.8479,0.6991,1.6779,,"USco,gold",no,Simbad,1,0.998292,6.3399997,0.8314342384658149,13818.1,0.4593,,,,,0.0138669828032174,,0.0,,,,
612,205260089,16 13 47.50,-18 35 00.4,,9.91,,6.6,1.55,9.71,5.05,7.4345,,,,"USco,gold",no,Simbad,1,0.999884,16.31,8.954533238465816,3558.3,1.387,-0.8973262193803343,0.487,,0.3213461538461539,0.0138669828032174,0.2863444759481324,0.0090837562918068,0.4286,0.0903,6.792,3.755
613,202947197,16 13 47.81,-27 47 33.9,9.29,8.01,1.28,1.28,0.27,7.97,1.01,0.6779,0.7976,0.7138,0.3959,"USco,gold",maybe,Simbad,1,0.997667,9.25,3.607886238465815,6565.8,0.1856,0.5791030474640654,1.284,0.321,1.4037579617834397,0.0138669828032174,,0.0,1.3628,0.0289,60.888,42.992
614,203726323,16 13 48.79,-25 09 00.8,,12.51,,7.2,1.33,12.34,5.87,,,,,"USco,gold",yes,Simbad,1,0.999997,19.54,11.847053238465817,2921.0,0.2831,-1.9515581817006136,0.374,0.023,0.1,0.0138669828032174,,0.0,0.0622,0.0213,5.829,3.755
616,203777800,16 13 56.62,-24 57 56.9,,10.15,,5.42,0.47,10.09,4.95,2.2766,1.2544,,,"USco,gold",no,Simbad,1,0.851439,15.51,9.257320238465816,,,,,,,0.0138669828032174,0.2430431006185903,0.0090837562918068,,,,
618,205217412,16 13 58.14,-18 48 29.2,,9.88,,4.97,0.47,9.82,4.5,2.078,,,,"USco,gold",no,Simbad,1,0.992964,14.789999,8.100575238465815,3561.1,0.7179,-0.9367417137570702,0.454,0.088,0.3231410256410256,0.0138669828032174,0.4388693658071539,0.0090837562918068,0.4361,0.0906,8.036,4.496
619,204264641,16 14 02.11,-23 01 02.2,,8.61,,2.97,1.29,8.44,1.68,2.9909,,,,"USco,gold",no,Simbad,1,0.999934,11.41,5.477908238465815,5722.8,1.0208,-0.0741672693385895,0.726,0.098,1.1215673981191223,0.0138669828032174,1.0753863353778013,0.0090837562918068,1.0486,0.0331,85.018,44.648
622,203799762,16 14 03.79,-24 53 09.1,,10.02,,4.6,0.64,9.94,3.95,6.7609,3.2142,,,"USco,gold",no,Simbad,1,0.997667,14.539999,8.054258238465815,5921.8,2.7371,-0.8204195005327862,0.572,0.091,1.4,0.0138669828032174,0.4481317534699385,0.0090837562918068,0.8391,0.0271,103.777,39.662
624,204449165,16 14 07.34,-22 17 32.1,,9.1,,4.9,0.68,9.02,4.22,0.6176,,,,"USco,gold",no,Simbad,1,0.992964,13.92,7.281221238465815,6607.9,3.2427,,,,,0.0138669828032174,0.628861238250945,0.0090837562918068,,,,
627,204449800,16 14 10.10,-22 17 23.7,,9.81,,6.91,0.66,9.72,6.25,2.448,1.9503,,,"USco,gold",no,Simbad,1,0.99964,16.630001,9.118330238465814,6243.1,3.8938,,,,,0.0138669828032174,0.2630132199740221,0.0090837562918068,,,,
628,204245509,16 14 11.07,-23 05 36.2,10.7,7.46,3.24,3.24,1.96,7.21,1.28,2.7994,,,,"USco,gold",yes,Simbad,1,0.999915,10.45,4.916591238465815,,,,,,,0.0138669828032174,1.1952229810899366,0.0090837562918068,,,,
630,204442118,16 14 12.35,-22 19 13.3,,10.63,,5.45,0.48,10.57,4.97,1.1418,,,,"USco,gold",no,Simbad,1,0.997667,16.02,9.087699238465817,3536.1,0.8559,-1.3533022601050992,0.638,0.021,0.3071153846153845,0.0138669828032174,0.2672736172927621,0.0090837562918068,0.4064,0.0767,31.169,19.262
631,203793637,16 14 12.58,-24 54 28.8,,9.89,,4.16,0.2,9.87,3.96,7.9875,,,,"USco,gold",no,Simbad,1,0.998613,14.03,7.778843238465816,5520.2,2.2407,-0.6808106462666111,0.607,0.079,1.0580564263322885,0.0138669828032174,0.5056638585442478,0.0090837562918068,0.8472,0.0273,99.054,40.762
632,204332672,16 14 13.51,-22 44 58.0,,11.42,,5.96,0.33,11.38,5.63,2.6312,,,,"USco,gold",no,Simbad,1,0.99996,17.34,10.150595238465815,,,-1.6176227098612284,0.54,0.022,,0.0138669828032174,0.1427766783279669,0.0090837562918068,,,,
634,203904156,16 14 19.73,-24 28 40.6,,12.76,,7.6,0.93,12.64,6.67,0.3461,0.294,0.2448,,"USco,gold",no,Simbad,1,0.999999,20.24,12.197983238465817,,,-2.1719849343047923,0.32,0.023,,0.0138669828032174,,0.0,,,,
638,204440603,16 14 23.11,-22 19 34.0,,10.8,,6.67,0.74,10.7,5.93,,,,,"USco,gold",yes,Simbad,1,0.999996,17.369999,9.905595238465816,,,-1.5767541311915445,0.586,0.023,,0.0138669828032174,0.1631962327909679,0.0090837562918068,,,,
639,205188906,16 14 28.92,-18 57 22.5,,9.47,,5.23,0.4,9.42,4.83,16.5182,0.9908,,,"USco,gold",yes,Simbad,1,0.997667,14.65,7.894771238465815,,,-0.7893604815292166,0.398,,,0.0138669828032174,0.4813195999981638,0.0090837562918068,,,,
642,204344180,16 14 32.87,-22 42 13.3,,13.24,,7.89,0.51,13.17,7.38,1.8232,,,,"USco,gold",yes,Simbad,1,0.999998,21.06,12.825973238465814,,,-2.293282208458211,0.264,0.024,,0.0138669828032174,,0.0,,,,
643,204960156,16 14 33.63,-20 04 30.1,,10.05,,5.65,0.88,9.93,4.76,2.1008,,,,"USco,gold",no,Simbad,1,0.99885,15.58,8.754885238465816,3490.1,1.0618,-0.886725284960214,0.45,,0.2833809523809523,0.0138669828032174,0.3182202031424168,0.0090837562918068,0.3694,0.082,4.834,2.565
646,204177311,16 14 38.45,-23 21 37.5,,10.59,,5.11,0.7,10.5,4.41,5.7441,,,,"USco,gold",no,Simbad,2,1e-06,15.610001,8.864203238465816,3628.9,0.7972,-1.3051316764494645,0.634,0.02,0.3666025641025642,0.0138669828032174,0.2991932366772665,0.0090837562918068,0.4698,0.0653,41.602,25.99
649,204408619,16 14 41.19,-22 27 05.6,,10.87,,5.61,0.0,10.87,5.61,2.6303,,,,"USco,gold",no,Simbad,1,0.999389,16.48,9.414396238465816,,,-1.458046522405422,0.6,0.021,,0.0138669828032174,0.2205852414324204,0.0090837562918068,,,,
650,203499175,16 14 41.24,-25 56 05.4,,10.06,,5.35,0.64,9.98,4.72,3.1705,,,,"USco,gold",no,Simbad,1,0.998258,15.33,8.456220238465816,3720.8,0.9168,-0.675944023279705,0.607,0.081,0.427638888888889,0.0138669828032174,0.3704900297186837,0.0090837562918068,0.526,0.0888,5.12,2.462
654,204602579,16 14 49.88,-21 39 32.5,,10.11,,5.15,0.31,10.07,4.84,4.9754,,,,"USco,gold",no,Simbad,2,1e-06,15.219999,8.434285238465815,3562.8,0.7487,-0.9704538876392996,0.465,0.097,0.3242307692307693,0.0138669828032174,0.3743366464090844,0.0090837562918068,0.4413,0.0901,9.236,5.187
658,203703016,16 14 52.43,-25 13 52.7,,10.45,,6.41,0.71,10.36,5.7,4.8533,1.8508,,,"USco,gold",yes,Simbad,1,0.999798,16.77,9.482335238465817,,,,,,,0.0138669828032174,0.2110105068791873,0.0090837562918068,,,,
663,204147295,16 14 57.49,-23 28 42.8,,10.82,,5.51,0.28,10.79,5.24,2.7439,,,,"USco,gold",no,Simbad,2,1e-06,16.3,9.321797238465816,3454.7,0.8616,-1.4012094770663055,0.607,0.02,0.2665238095238094,0.0138669828032174,0.2338556142157321,0.0090837562918068,0.3434,0.0764,23.901,14.482
664,202933888,16 14 59.17,-27 50 22.8,11.2,8.69,2.52,2.52,3.41,8.25,-0.89,4.4022,,,,"USco,gold",yes,Simbad,1,0.99964,10.77,5.281541238465815,5081.2,0.3902,-0.0310363362609296,0.783,0.099,0.9255718475073312,0.0138669828032174,1.1182392921448203,0.0090837562918068,1.1395,0.0865,14.823,6.413
665,203770673,16 14 59.27,-24 59 31.0,,11.09,,6.18,0.69,11.0,5.48,2.2908,,,,"USco,gold",yes,Simbad,1,0.999985,17.18,9.918429238465816,,,-1.558147836683044,0.584,0.021,,0.0138669828032174,0.1620379725016481,0.0090837562918068,,,,
666,202533810,16 15 00.60,-29 19 34.8,,9.44,,4.91,0.13,9.42,4.78,5.0373,1.7281,,,"USco,gold",no,Simbad,1,0.996487,14.33,7.827289238465815,,,,,,,0.0138669828032174,0.4951586713923008,0.0090837562918068,,,,
667,203770366,16 15 05.24,-24 59 35.4,,11.48,,6.59,0.95,11.36,5.63,1.8145,,,,"USco,gold",yes,Simbad,1,0.999999,17.95,10.725222238465816,,,-1.819874130589333,0.486,0.021,,0.0138669828032174,0.1036151494495573,0.0090837562918068,,,,
668,203876897,16 15 08.08,-24 35 18.4,8.43,7.06,1.37,1.37,1.49,6.87,-0.12,5.8037,,,,"USco,gold",yes,Simbad,1,0.999977,8.24,2.7472632384658144,,,0.9293545531994906,1.431,0.246,,0.0138669828032174,,0.0,,,,
670,204079030,16 15 08.91,-23 45 05.2,,11.34,,5.85,0.28,11.3,5.58,2.832,,,,"USco,gold",no,Simbad,1,0.99987,17.15,9.992596238465817,3421.2,0.9906,-1.5818645072975537,0.541,0.021,0.2505714285714285,0.0138669828032174,0.1558266632989414,0.0090837562918068,0.3061,0.0707,35.445,22.837
671,204076987,16 15 09.28,-23 45 35.0,9.48,8.03,1.45,1.45,0.57,7.96,0.89,0.9278,,,,"USco,gold",no,Simbad,1,0.999895,9.41,3.823192238465815,6794.1,0.4282,,,,,0.0138669828032174,,0.0,,,,
673,204172667,16 15 11.05,-23 22 42.6,,9.84,,4.54,0.32,9.8,4.22,1.2698,,,,"USco,gold",no,Simbad,2,1e-06,14.34,7.850898238465815,3753.0,0.5682,-0.870858171527837,0.549,0.091,0.45,0.0138669828032174,0.4901453596302288,0.0090837562918068,0.5625,0.0767,11.556,5.471
675,203938167,16 15 12.37,-24 20 09.4,,12.13,,6.27,0.39,12.08,5.88,1.6151,,,,"USco,gold",yes,Simbad,1,0.999998,18.35,11.082558238465817,,,-1.929962148262908,0.407,0.021,,0.0138669828032174,,0.0,,,,
676,204189554,16 15 12.40,-23 18 45.3,,9.7,,4.42,0.88,9.59,3.54,13.8149,,,,"USco,gold",no,Simbad,1,0.996487,14.01,7.586384238465815,4651.9,1.752,-0.7939841411490371,0.579,0.085,0.8104450261780104,0.0138669828032174,0.5530490876215438,0.0090837562918068,0.7394,0.0237,100.211,43.247
680,204078673,16 15 16.01,-23 45 10.7,,11.33,,7.13,0.52,11.26,6.6,1.2379,,,,"USco,gold",no,Simbad,1,0.999998,18.39,10.378308238465817,,,-1.7517814320278309,0.51,0.021,,0.0138669828032174,0.1252528341645036,0.0090837562918068,,,,
682,203576256,16 15 19.48,-25 40 12.2,,9.12,,4.89,0.42,9.07,4.47,0.6985,,,,"USco,gold",no,Simbad,1,0.992964,13.959999,7.380330238465815,3780.0,0.8142,,,,,0.0138669828032174,0.60354664263099,0.0090837562918068,,,,
686,204355829,16 15 27.42,-22 39 27.7,,10.49,,5.34,0.34,10.45,5.0,1.7239,,,,"USco,gold",no,Simbad,2,1e-06,15.79,8.896276238465815,3469.8,0.8025,-1.3492069479112354,0.629,0.02,0.2737142857142858,0.0138669828032174,0.2946199637205338,0.0090837562918068,0.3588,0.0784,21.939,13.155
687,203342257,16 15 27.49,-26 27 28.3,,11.17,,5.98,0.7,11.08,5.28,3.0912,,,,"USco,gold",no,Simbad,1,0.99987,17.06,9.900179238465816,3490.7,1.1377,-1.5288550426602714,0.576,0.021,0.2836666666666665,0.0138669828032174,0.1636255620385264,0.0090837562918068,0.3546,0.0707,42.888,27.322
688,204202443,16 15 28.18,-23 15 44.3,,12.34,,5.93,0.7,12.25,5.23,1.0752,,,,"USco,gold",no,Simbad,1,0.999993,18.18,11.027713238465816,,,-2.156144573408646,0.282,0.021,,0.0138669828032174,,0.0,,,,
689,203623026,16 15 32.12,-25 30 31.1,10.73,8.24,2.49,2.49,1.0,8.11,1.49,2.6067,,,,"USco,gold",no,Simbad,1,0.999989,10.599999,5.317031238465816,,,,,,,0.0138669828032174,1.1101288755690584,0.0090837562918068,,,,
693,203370081,16 15 36.43,-26 22 09.1,,10.24,,5.6,0.4,10.19,5.19,1.9101,2.9277,,,"USco,gold",no,Simbad,1,0.999951,15.789999,9.494265238465816,,,,,,,0.0138669828032174,0.2093786946018745,0.0090837562918068,,,,
696,205124381,16 15 39.13,-19 17 00.8,,10.43,,7.51,1.89,10.19,5.61,1.3957,,,,"USco,gold",no,Simbad,1,0.999964,17.7,10.468571238465817,,,,,,,0.0138669828032174,0.1193172450632802,0.0090837562918068,,,,
698,205110000,16 15 44.16,-19 21 17.5,14.14,8.4,5.74,5.74,3.48,7.95,2.26,,,,,"USco,gold",yes,Simbad,1,0.999488,13.69,7.618322238465815,,,-0.758030402488286,0.548,0.104,,0.0138669828032174,0.5448669380832194,0.0090837562918068,,,,
699,205143329,16 15 47.32,-19 11 18.7,,9.68,,5.64,1.31,9.51,4.33,5.4442,,,,"USco,gold",no,Simbad,1,0.999019,15.15,8.455961238465814,3626.5,1.2137,-1.0385314548780042,0.385,0.092,0.3650641025641026,0.0138669828032174,0.3705183251743418,0.0090837562918068,0.4932,0.0799,15.3,8.001
702,204959839,16 15 50.52,-20 04 35.2,8.1,7.27,0.83,0.83,0.73,7.17,0.1,,,,,"USco,gold",no,Simbad,1,0.996487,8.0,2.471099238465815,7518.9,0.1659,1.1799388092052994,2.383,0.471,1.5,0.0138669828032174,,0.0,1.3982,0.0045,99.705,53.625
706,204204606,16 15 54.86,-23 15 14.9,,10.33,,5.52,0.21,10.3,5.31,1.1482,1.4869,,,"USco,gold",no,Simbad,2,0.739358,15.82,9.068186238465817,,,,,,,0.0138669828032174,0.2700383891170269,0.0090837562918068,,,,
707,203837965,16 15 55.07,-24 44 36.8,,12.28,,7.55,0.17,12.26,7.38,2.007,,,,"USco,gold",no,Simbad,1,0.999999,19.810001,11.970971238465816,,,-2.186418997405272,0.316,0.022,,0.0138669828032174,,0.0,,,,
708,204143627,16 15 59.25,-23 29 36.2,,11.31,,6.0,0.35,11.27,5.65,1.125,,,,"USco,gold",no,Simbad,1,0.999965,17.27,10.060053238465816,,,-1.6871881832983286,0.503,0.021,,0.0138669828032174,0.1502433171540459,0.0090837562918068,,,,
710,204162631,16 15 59.86,-23 25 04.5,,8.53,,3.62,0.7,8.44,2.92,1.7742,,,,"USco,gold",no,Simbad,1,0.999853,12.059999,6.025258238465815,,,,,,,0.0138669828032174,0.9486791838729862,0.0090837562918068,,,,
711,204462739,16 16 00.80,-22 14 19.4,,10.98,,6.56,0.48,10.92,6.08,1.2944,0.9951,,,"USco,gold",no,Simbad,1,0.999998,17.48,9.866582238465815,,,-1.7230788531852443,0.516,0.023,,0.0138669828032174,0.1665622979748783,0.0090837562918068,,,,
712,203894955,16 16 02.91,-24 30 54.8,,8.96,,4.95,1.04,8.83,3.91,4.4286,,,,"USco,gold",no,Simbad,1,0.999881,13.78,7.415050238465815,6165.7,3.0399,,,,,0.0138669828032174,0.5945549673235451,0.0090837562918068,,,,
715,204824257,16 16 08.55,-20 41 51.7,,10.71,,5.71,0.44,10.65,5.28,3.0783,,,,"USco,gold",no,Simbad,1,0.996487,16.36,9.304668238465815,3423.3,0.9809,-1.4837291182799208,0.581,0.021,0.2515714285714286,0.0138669828032174,0.2362781946733099,0.0090837562918068,0.3144,0.073,26.218,16.181
717,204337881,16 16 09.45,-22 43 44.0,,10.51,,5.09,0.7,10.42,4.39,9.4415,,,,"USco,gold",no,Simbad,2,1e-06,15.51,8.774713238465814,3575.6,0.7549,-0.974735107562185,0.52,,0.3324358974358973,0.0138669828032174,0.3144187380945925,0.0090837562918068,0.4525,0.0894,9.924,5.524
718,204154149,16 16 11.71,-23 27 05.2,,11.0,,5.68,0.29,10.97,5.39,1.8865,,,,"USco,gold",no,Simbad,1,0.999617,16.65,9.586900238465816,,,-1.531062184697643,0.568,0.021,,0.0138669828032174,0.1968814518426536,0.0090837562918068,,,,
723,203433962,16 16 17.20,-26 09 10.2,,8.72,,4.51,0.18,8.7,4.34,1.4825,1.9664,,,"USco,gold",no,Simbad,1,0.999772,13.21,6.840352238465815,5856.8,2.5028,,,,,0.0138669828032174,0.7431951758085846,0.0090837562918068,,,,
724,204101029,16 16 17.93,-23 39 47.6,10.69,8.1,2.58,2.58,0.48,8.04,2.1,2.631,,,,"USco,gold",no,Simbad,1,0.999874,10.62,4.762095238465815,5277.4,0.5506,0.1997661566873723,0.902,0.117,0.9831085043988268,0.0138669828032174,1.223475838491528,0.0090837562918068,1.2696,0.0871,12.217,3.494
725,203565326,16 16 18.94,-25 42 28.9,,8.71,,5.19,1.18,8.56,4.01,0.7929,,,,"USco,gold",no,Simbad,1,0.997667,13.75,7.398468238465815,,,,,,,0.0138669828032174,0.5989177506336857,0.0090837562918068,,,,
726,204082531,16 16 20.10,-23 44 14.4,,10.19,,5.81,0.0,10.19,5.81,0.6513,0.4256,,,"USco,gold",no,Simbad,1,0.999911,16.0,8.837125238465815,,,-1.4285240876245928,0.644,0.027,,0.0138669828032174,0.3037638940418395,0.0090837562918068,,,,
729,203750949,16 16 22.94,-25 03 46.7,8.4,7.23,1.17,1.17,1.0,7.1,0.17,0.6321,1.2198,,,"USco,gold",no,Simbad,1,0.999957,8.2699995,2.758360238465816,,,1.286386610240746,2.212,0.415,,0.0138669828032174,,0.0,,,,
732,203771564,16 16 25.17,-24 59 19.4,7.94,7.03,0.91,0.91,1.17,6.87,-0.25,0.4121,0.4216,,,"USco,gold",no,Simbad,1,0.999919,7.7799997,2.289205238465815,,,1.7455978155573697,2.86,0.611,,0.0138669828032174,,0.0,,,,
736,204499729,16 16 32.26,-22 05 20.1,,12.71,,6.6,0.69,12.62,5.91,1.5116,1.9907,,,"USco,gold",yes,Simbad,1,0.999999,19.22,11.968537238465814,,,-2.170053317834218,0.313,0.024,,0.0138669828032174,,0.0,,,,
738,204153041,16 16 33.42,-23 27 21.4,,11.34,,6.28,0.56,11.27,5.72,0.7567,0.4818,,,"USco,gold",no,Simbad,1,0.999999,17.550001,10.368337238465816,,,-1.7517814320278309,0.515,0.022,,0.0138669828032174,0.1259006278591808,0.0090837562918068,,,,
739,203664569,16 16 33.43,-25 21 50.8,,10.13,,4.91,1.05,9.99,3.86,13.0015,,,,"USco,gold",yes,Simbad,1,0.999245,14.9,8.412141238465816,4106.5,1.2155,-0.9578183944909188,0.529,0.088,0.7,0.0138669828032174,0.37822250824264,0.0090837562918068,0.652,0.0286,66.326,41.576
740,203516237,16 16 33.44,-25 52 36.9,,9.62,,4.96,0.27,9.58,4.69,4.883,,,,"USco,gold",no,Simbad,1,0.999561,14.54,7.947359238465815,4086.4,1.1634,-0.8387218617208249,0.533,0.106,0.7,0.0138669828032174,0.4703928737463528,0.0090837562918068,0.6927,0.0427,29.004,18.635
743,204202811,16 16 41.62,-23 15 39.2,,11.04,,5.54,0.0,11.04,5.54,1.2501,,,,"USco,gold",no,Simbad,1,0.999488,16.58,9.596584238465816,,,-1.589391466070345,0.535,0.021,,0.0138669828032174,0.1958559178223026,0.0090837562918068,,,,
745,203703588,16 16 44.25,-25 13 45.3,8.87,7.72,1.15,1.15,0.67,7.63,0.48,0.1485,0.2682,0.5471,0.0627,"USco,gold",no,Simbad,1,0.999899,8.78,3.203683238465816,10223.6,1.1491,0.7010254073824097,1.399,0.235,1.5,0.0138669828032174,,0.0,1.397,0.006,97.906,45.563
751,203520293,16 16 50.62,-25 51 46.7,8.3,7.1,1.2,1.2,0.73,7.0,0.47,1.6785,,,,"USco,gold",no,Simbad,1,0.999968,8.2,2.681858238465816,,,0.9652868396228989,1.39,0.239,,0.0138669828032174,,0.0,,,,
752,203884472,16 16 51.30,-24 33 27.7,10.08,7.65,2.43,2.43,0.81,7.55,1.63,1.3796,,,,"USco,gold",no,Simbad,1,0.999984,9.9800005,4.255903238465816,6628.6,1.3259,,,,,0.0138669828032174,,0.0,,,,
755,204611596,16 16 54.57,-21 37 15.4,10.19,8.38,1.81,1.81,0.32,8.34,1.49,,,,,"USco,gold",no,Simbad,1,0.999891,10.15,4.387423238465816,5777.2,0.1995,0.2229894324032074,1.022,0.162,1.1386206896551725,0.0138669828032174,1.2913602880786783,0.0090837562918068,1.1853,0.0627,35.545,27.337
759,204543498,16 16 59.82,-21 54 27.5,,10.64,,5.42,0.18,10.62,5.24,1.9397,,,,"USco,gold",no,Simbad,2,1e-06,16.04,9.092935238465817,3460.9,0.8643,-1.4056074669477534,0.603,0.021,0.2694761904761905,0.0138669828032174,0.2665672427317275,0.0090837562918068,0.3474,0.0765,25.02,15.222
760,204414610,16 17 06.06,-22 25 41.6,,11.24,,5.86,0.21,11.21,5.64,3.6567,0.3393,,,"USco,gold",no,Simbad,1,0.999926,17.07,9.917454238465815,,,-1.544393874316479,0.575,0.021,,0.0138669828032174,0.1622902651360484,0.0090837562918068,,,,
761,204303402,16 17 13.79,-22 51 58.6,,10.86,,5.73,0.22,10.83,5.51,1.5714,,,,"USco,gold",no,Simbad,1,0.999751,16.56,9.464778238465817,3464.1,0.9483,-1.489187013616868,0.594,0.021,0.2709999999999999,0.0138669828032174,0.2136414650885617,0.0090837562918068,0.3416,0.0734,33.037,20.744
762,204150518,16 17 16.48,-23 27 57.3,,10.24,,5.68,0.76,10.14,4.92,5.1763,,,,"USco,gold",no,Simbad,1,0.996487,15.82,8.794744238465816,,,-1.3031196377643677,0.662,0.02,,0.0138669828032174,0.3110343916550749,0.0090837562918068,,,,
765,204162886,16 17 21.61,-23 25 00.6,,10.8,,5.52,0.25,10.77,5.27,6.7457,,,,"USco,gold",no,Simbad,1,0.997667,16.29,9.295457238465817,3443.2,0.9144,-1.4650858992109377,0.581,0.021,0.261047619047619,0.0138669828032174,0.2375416846788401,0.0090837562918068,0.3296,0.0741,27.46,16.949
768,203809634,16 17 26.14,-24 50 59.4,,9.85,,6.02,0.83,9.75,5.19,2.9647,1.2365,,,"USco,gold",no,Simbad,1,0.999751,15.77,8.591289238465816,,,,,,,0.0138669828032174,0.3466811698457854,0.0090837562918068,,,,
770,203934572,16 17 27.69,-24 21 02.9,,10.3,,6.37,0.87,10.18,5.51,1.1111,,,,"USco,gold",no,Simbad,1,0.999994,16.55,9.294623238465816,,,,,,,0.0138669828032174,0.2376337194139311,0.0090837562918068,,,,
771,203809317,16 17 29.94,-24 51 03.2,,9.79,,5.71,1.16,9.64,4.55,6.4557,2.3893,,,"USco,gold",no,Simbad,1,0.999881,15.35,8.877263238465815,,,,,,,0.0138669828032174,0.2970625012404624,0.0090837562918068,,,,
772,203863067,16 17 30.31,-24 38 39.2,,9.73,,5.38,0.47,9.67,4.91,6.0633,,,,"USco,gold",no,Simbad,1,0.999617,15.05,8.119089238465815,5742.6,2.8726,-0.8686058973866291,0.527,0.1,1.1277742946708469,0.0138669828032174,0.4352488262017295,0.0090837562918068,0.8151,0.0267,109.822,38.725
784,203119637,16 17 55.01,-27 11 30.4,,9.9,,4.33,0.11,9.89,4.22,6.2874,,,,"USco,gold",maybe,Simbad,1,0.998258,14.22,7.790483238465816,3870.3,0.6239,-0.3275973189664567,0.73,0.098,0.52489010989011,0.0138669828032174,0.5029337650372994,0.0090837562918068,0.589,0.0867,2.186,0.881
791,202569086,16 18 11.07,-29 11 12.6,10.46,8.38,2.08,2.08,0.95,8.26,1.14,1.1432,,,,"USco,gold",no,Simbad,1,0.999617,10.34,4.638462238465815,5736.4,0.3626,0.2138523224237962,0.908,0.116,1.1258307210031346,0.0138669828032174,1.2457299543988685,0.0090837562918068,1.184,0.066,32.614,24.747
792,202876718,16 18 16.16,-28 02 30.1,7.06,7.04,0.02,0.02,0.7,6.95,-0.68,,,,,"USco,gold",yes,Simbad,1,0.99966,6.97,1.4894292384658154,10520.4,0.0925,1.483332062675732,2.563,,1.5,0.0138669828032174,,0.0,1.3996,0.0021,117.334,54.134
799,204608015,16 19 02.14,-21 38 09.9,,10.4,,5.51,0.7,10.31,4.81,8.8518,,,,"USco,gold",no,Simbad,1,0.996487,15.820001,8.903413238465815,3487.7,0.829,-1.4067139278287637,0.619,0.02,0.2822380952380952,0.0138669828032174,0.2933224641419886,0.0090837562918068,0.3664,0.0766,28.841,17.763
800,202552141,16 19 16.09,-29 15 12.6,,10.44,,5.27,0.04,10.43,5.23,1.8206,,,,"USco,gold",no,Simbad,1,0.996487,15.700001,8.895740238465816,,,,,,,0.0138669828032174,0.2946617626279877,0.0090837562918068,,,,
803,204662993,16 19 29.24,-21 24 13.2,9.11,7.8,1.31,1.31,0.32,7.76,0.99,1.6944,,,,"USco,gold",yes,Simbad,1,0.99885,9.07,3.406067238465816,6425.5,0.174,0.5285284970814559,1.227,0.188,1.3573089700996677,0.0138669828032174,,0.0,1.3396,0.0364,54.671,40.161
804,204402572,16 19 33.95,-22 28 29.3,11.31,8.51,2.8,2.8,0.48,8.45,2.32,4.0273,,,,"USco,gold",no,Simbad,1,0.999853,11.25,5.532447238465815,4831.3,0.5827,-0.1721656508127891,0.734,0.09,0.8574083769633508,0.0138669828032174,1.0622362694900842,0.0090837562918068,1.0736,0.0707,13.923,6.056
807,204569229,16 19 45.38,-21 47 57.7,,9.08,,4.38,0.16,9.06,4.22,22.9226,1.2634,,,"USco,gold",no,Simbad,2,1e-06,13.440001,7.018718238465816,3974.2,0.7207,-0.6042019963672454,0.546,0.09,0.5819780219780218,0.0138669828032174,0.6953373467657645,0.0090837562918068,0.6852,0.0896,7.447,3.504
808,204508462,16 19 47.10,-22 03 11.4,,10.55,,5.89,0.36,10.5,5.53,1.5753,,,,"USco,gold",yes,Simbad,1,0.999772,16.39,9.216165238465816,3421.9,0.9065,-1.4741780431844802,0.604,0.022,0.2509047619047619,0.0138669828032174,0.2488151374108093,0.0090837562918068,0.3141,0.0731,25.261,15.516
809,204468718,16 19 48.36,-22 12 52.1,,10.32,,5.07,0.38,10.27,4.69,15.1305,,,,"USco,gold",no,Simbad,2,1e-06,15.34,8.615166238465815,3476.0,0.7702,-1.2859218211776264,0.652,0.021,0.2766666666666666,0.0138669828032174,0.3428267126792657,0.0090837562918068,0.3678,0.0798,18.45,10.861
811,204598458,16 19 48.84,-21 40 36.2,,10.81,,5.44,0.32,10.77,5.13,1.5429,,,,"USco,gold",no,Simbad,1,0.996487,16.210001,9.273038238465816,,,-1.482276401268438,0.574,0.02,,0.0138669828032174,0.2407059893681939,0.0090837562918068,,,,
812,204542962,16 19 50.68,-21 54 35.4,12.36,8.2,4.16,4.16,0.19,8.18,3.97,1.2719,,,,"USco,gold",no,Simbad,1,0.999561,12.34,6.072260238465816,,,,,,,0.0138669828032174,0.9383357248283756,0.0090837562918068,,,,
817,204966512,16 20 03.98,-20 02 41.5,8.06,7.09,0.97,0.97,0.93,6.97,0.04,,,,,"USco,gold",maybe,Simbad,1,0.999952,7.9399996,2.4288042384658155,,,,,,,0.0138669828032174,,0.0,,,,
818,204964091,16 20 05.49,-20 03 23.0,7.4,6.68,0.72,0.72,0.84,6.57,-0.12,3.9214,,,,"USco,gold",yes,Simbad,1,0.999821,7.29,1.7304822384658154,,,,,,,0.0138669828032174,,0.0,,,,
819,204469637,16 20 06.14,-22 12 38.8,,10.65,,5.52,0.32,10.61,5.19,4.9174,,,,"USco,gold",yes,Simbad,2,1e-06,16.13,9.094263238465816,3455.8,0.8408,-1.3977229136429017,0.609,0.02,0.2670476190476191,0.0138669828032174,0.2664399856772803,0.0090837562918068,0.3445,0.0766,23.778,14.398
820,204321959,16 20 06.85,-22 47 32.2,,10.79,,6.15,0.4,10.74,5.76,0.7811,,,,"USco,gold",no,Simbad,1,0.999981,16.89,9.613032238465816,3425.6,1.125,-1.5400047468158624,0.592,0.021,0.2526666666666666,0.0138669828032174,0.193899698278479,0.0090837562918068,0.3118,0.0717,31.721,20.108
824,203583386,16 20 15.03,-25 38 44.3,9.1,7.67,1.43,1.43,1.39,7.49,0.04,,,,,"USco,gold",no,Simbad,1,0.999968,8.92,3.386203238465816,,,0.7009942836617807,1.249,0.27,,0.0138669828032174,,0.0,,,,
825,204956337,16 20 21.62,-20 05 35.1,,10.96,,6.45,0.88,10.85,5.57,7.7648,,,,"USco,gold",no,Simbad,1,0.999999,17.3,10.065342238465815,,,-1.7166987506685698,0.512,0.021,,0.0138669828032174,0.1496439538394749,0.0090837562918068,,,,
827,204559599,16 20 24.97,-21 50 24.1,,9.88,,4.87,0.37,9.83,4.5,5.6604,,,,"USco,gold",no,Simbad,2,1e-06,14.7,8.097788238465816,3569.3,0.5427,-0.9414221449947046,0.505,0.097,0.328397435897436,0.0138669828032174,0.4391535071245551,0.0090837562918068,0.4437,0.0904,8.483,4.732
829,204655550,16 20 27.24,-21 26 06.8,,9.19,,4.45,0.25,9.16,4.2,4.0268,6.0824,,,"USco,gold",no,Simbad,2,1e-06,13.61,7.255182238465816,3777.1,0.6598,,,,,0.0138669828032174,0.6353799972579034,0.0090837562918068,,,,
830,204638251,16 20 28.13,-21 30 32.5,8.57,7.5,1.07,1.07,0.54,7.43,0.53,3.6071,,,,"USco,gold",no,Simbad,1,0.999593,8.5,2.928311238465815,,,0.7197694879865676,1.52,0.254,,0.0138669828032174,,0.0,,,,
834,204951731,16 20 30.56,-20 06 51.9,8.41,7.09,1.32,1.32,0.78,6.99,0.55,,,,,"USco,gold",no,Simbad,1,0.999931,8.309999,2.7187072384658144,,,0.7808528150467136,1.328,,,0.0138669828032174,,0.0,,,,
836,204279000,16 20 32.44,-22 57 45.6,,9.77,,5.9,1.18,9.62,4.72,4.395,,,,"USco,gold",no,Simbad,1,0.999806,15.52,8.760588238465814,,,,,,,0.0138669828032174,0.3168988144823021,0.0090837562918068,,,,
837,204666965,16 20 36.40,-21 23 12.3,,10.02,,5.86,0.21,9.99,5.65,13.3557,0.4891,,,"USco,gold",no,Simbad,1,0.999964,15.85,8.706436238465816,3366.9,1.02,,,,,0.0138669828032174,0.3265942310107143,0.0090837562918068,,,,
840,203891936,16 20 44.68,-24 31 38.3,,8.53,,3.89,0.0,8.53,3.89,0.4691,0.5776,,,"USco,gold",no,Simbad,1,0.999998,12.42,6.166545238465815,,,,,,,0.0138669828032174,0.915488225238144,0.0090837562918068,,,,
841,204372172,16 20 50.23,-22 35 38.7,9.03,7.78,1.24,1.24,0.79,7.68,0.46,0.1234,0.0458,,,"USco,gold",yes,Simbad,1,0.999491,8.92,3.316306238465815,7479.6,0.5152,0.6498963293112678,1.614,0.274,1.5,0.0138669828032174,,0.0,1.3908,0.0121,85.373,47.35
851,204353205,16 21 15.83,-22 40 04.7,,9.75,,5.11,0.95,9.63,4.17,6.0327,,,,"USco,gold",no,Simbad,2,1e-06,14.74,8.194305238465816,3656.8,0.8049,-0.9715914240122294,0.469,0.096,0.3844871794871796,0.0138669828032174,0.4193201038517569,0.0090837562918068,0.5119,0.0799,13.216,6.77
854,203915538,16 21 19.20,-24 25 52.5,,10.67,,8.23,3.23,10.26,5.0,1.319,,,,"USco,gold",maybe,Simbad,1,0.999946,18.49,11.294562238465817,,,,,,,0.0138669828032174,,0.0,,,,
855,204494885,16 21 21.14,-22 06 32.2,8.59,7.37,1.22,1.22,0.98,7.25,0.24,0.977,4.6979,,,"USco,gold",no,Simbad,1,0.999798,8.47,2.9366782384658148,7696.6,0.6586,1.123025687679711,1.641,0.265,1.5,0.0138669828032174,,0.0,1.3981,0.0046,99.707,52.538
856,203914036,16 21 24.88,-24 26 14.6,,11.42,,8.25,2.85,11.05,5.39,2.2794,,,,"USco,gold",maybe,Simbad,1,1.0,19.3,11.263686238465816,,,-1.7274622304748588,0.553,0.021,,0.0138669828032174,,0.0,,,,
859,203626828,16 21 29.53,-25 29 43.4,,10.19,,5.25,0.78,10.09,4.47,2.0554,,,,"USco,gold",no,Simbad,1,0.992964,15.34,8.582031238465815,3527.3,0.8516,-1.0859743642820412,0.425,,0.3014743589743591,0.0138669828032174,0.3483473843189367,0.0090837562918068,0.4161,0.0867,11.966,6.774
860,204644117,16 21 29.61,-21 29 03.9,,11.23,,6.34,0.16,11.2,6.18,0.5736,,,,"USco,gold",no,Simbad,1,0.999998,17.54,10.121395238465816,3281.3,0.9222,-1.724458328769076,0.523,0.021,0.1893690851735016,0.0138669828032174,0.1450620961607681,0.0090837562918068,0.2117,0.0591,25.339,16.048
868,204471912,16 21 41.26,-22 12 05.7,,9.94,,5.91,0.35,9.9,5.56,0.7562,0.8027,,,"USco,gold",no,Simbad,1,0.999838,15.809999,8.641671238465815,3520.6,1.0888,,,,,0.0138669828032174,0.3378302529630059,0.0090837562918068,,,,
871,203685806,16 21 48.51,-25 17 26.7,,9.97,,4.86,0.37,9.93,4.49,3.7758,,,,"USco,gold",no,Simbad,1,0.999928,14.790001,8.348548238465815,4847.4,2.1604,-0.8902527743501354,0.561,0.112,0.8616230366492146,0.0138669828032174,0.3897864575981534,0.0090837562918068,0.7375,0.0243,111.143,38.112
878,203143409,16 21 59.75,-27 06 36.9,,11.26,,5.65,0.7,11.17,4.95,2.0651,,,,"USco,gold",no,Simbad,1,0.999726,16.82,9.819500238465816,3383.1,0.8537,-1.5904049812382373,0.539,0.021,0.2324285714285713,0.0138669828032174,0.1705566854408086,0.0090837562918068,0.2807,0.0694,29.597,18.913
880,204671953,16 22 05.87,-21 21 55.6,,9.96,,4.87,0.4,9.91,4.47,3.4054,,,,"USco,gold",no,Simbad,1,0.996487,14.78,8.141070238465815,3599.0,0.7134,-0.8986998327182304,0.539,0.091,0.3474358974358974,0.0138669828032174,0.4302578041932453,0.0090837562918068,0.4632,0.0899,8.093,4.389
881,204651589,16 22 06.56,-21 27 09.1,,10.13,,5.76,0.37,10.08,5.39,6.81,,,,"USco,gold",no,Simbad,2,1e-06,15.84,8.744273238465816,3418.4,0.8571,-1.3253225444346812,0.66,0.02,0.2492380952380953,0.0138669828032174,0.3199489887495895,0.0090837562918068,0.3226,0.0756,15.676,9.158
882,202552587,16 22 08.59,-29 15 06.4,,9.65,,4.56,0.06,9.64,4.5,1.5307,,,,"USco,gold",no,Simbad,2,1e-06,14.200001,7.616484238465816,6470.3,3.1384,-0.8303843343580212,0.529,0.085,1.4,0.0138669828032174,0.5458484657870726,0.0090837562918068,0.8654,0.0287,98.208,39.494
883,204598375,16 22 08.94,-21 40 37.3,,10.6,,5.53,0.28,10.56,5.25,4.1287,,,,"USco,gold",no,Simbad,1,0.992964,16.09,9.117914238465817,3469.3,0.9322,-1.3665315296714318,0.63,0.021,0.2734761904761905,0.0138669828032174,0.2630653144635659,0.0090837562918068,0.357,0.0779,23.117,13.936
884,205000676,16 22 09.60,-19 53 00.9,,8.9,,6.37,1.65,8.68,4.71,6.3729,,,,"USco,gold",yes,Simbad,1,0.999975,15.05,8.034275238465815,,,,,,,0.0138669828032174,0.4525795879418775,0.0090837562918068,,,,
885,204603511,16 22 10.05,-21 39 17.3,8.65,7.65,1.0,1.0,0.59,7.58,0.41,0.1581,0.199,0.1358,,"USco,gold",yes,Simbad,1,0.999707,8.58,2.964752238465815,10566.0,0.9639,0.7575182570811679,1.57,0.271,1.5,0.0138669828032174,,0.0,1.3975,0.0054,99.348,46.099
890,203931628,16 22 19.91,-24 21 48.1,9.36,7.1,2.26,2.26,1.54,6.9,0.72,0.0491,0.054,0.045,,"USco,gold",no,Simbad,1,0.999978,9.16,3.734545238465815,,,,,,,0.0138669828032174,,0.0,,,,
893,204449274,16 22 21.59,-22 17 30.9,,12.62,,6.6,0.52,12.55,6.08,1.5494,1.2709,,,"USco,gold",yes,Simbad,1,0.999999,19.15,11.626324238465816,,,-2.2232988232839013,0.286,0.022,,0.0138669828032174,,0.0,,,,
901,205007401,16 22 43.85,-19 51 05.9,,11.16,,9.14,1.62,10.95,7.52,1.3815,,,,"USco,gold",maybe,Simbad,1,1.0,20.09,11.436036238465814,3151.9,2.9847,-1.821886755406498,0.523,0.022,0.1485488958990536,0.0138669828032174,,0.0,0.1433,0.0419,16.187,9.425
903,204591415,16 22 44.06,-21 42 22.4,,9.85,,5.78,0.66,9.76,5.12,14.133,1.4267,,,"USco,gold",no,Simbad,1,0.996487,15.540001,8.480622238465815,,,-0.7496776188314417,0.419,0.088,,0.0138669828032174,0.3665154077011355,0.0090837562918068,,,,
905,204608050,16 22 54.77,-21 38 09.5,,10.07,,5.25,0.57,9.99,4.68,2.0367,,,,"USco,gold",no,Simbad,2,1e-06,15.24,8.436207238465816,3521.2,0.8938,-1.009172941120246,0.382,0.082,0.2981904761904761,0.0138669828032174,0.3742304723203465,0.0090837562918068,0.4084,0.089,8.843,5.046
910,202891090,16 23 04.73,-27 59 25.4,,9.56,,4.47,0.3,9.52,4.17,2.6643,,,,"USco,gold",no,Simbad,1,0.999739,13.99,7.684873238465816,7336.5,3.0989,,,,,0.0138669828032174,0.529159077265585,0.0090837562918068,,,,
916,204524752,16 23 17.40,-21 59 07.1,,10.16,,6.03,0.3,10.12,5.74,2.9538,,,,"USco,gold",no,Simbad,1,0.99982,16.15,8.930932238465815,,,,,,,0.0138669828032174,0.2894686117008462,0.0090837562918068,,,,
922,205483258,16 23 24.52,-17 17 27.3,,9.65,,4.98,0.48,9.59,4.5,5.667,,,,"USco,gold",no,Simbad,2,1e-06,14.57,7.850438238465815,3574.9,0.6318,-0.8974977091976335,0.471,0.093,0.3319871794871795,0.0138669828032174,0.4901593083695189,0.0090837562918068,0.4429,0.0906,7.298,4.016
924,203655051,16 23 32.30,-25 23 48.6,11.59,7.7,3.89,3.89,1.4,7.51,2.49,2.3886,,,,"USco,gold",no,Simbad,1,0.999992,11.400001,5.257000238465816,5728.8,1.7885,,,,,0.0138669828032174,1.1237580206285973,0.0090837562918068,,,,
929,202661711,16 23 46.97,-28 50 02.4,10.95,8.66,2.29,2.29,0.27,8.62,2.02,1.7407,,,,"USco,gold",no,Simbad,1,0.999826,10.91,5.023553238465816,5263.4,0.306,0.1767248648026352,0.96,0.12,0.9790029325513196,0.0138669828032174,1.1716753990775768,0.0090837562918068,1.259,0.0885,12.337,3.692
930,203399155,16 23 47.17,-26 16 15.7,8.91,7.97,0.94,0.94,0.52,7.9,0.42,,,,,"USco,gold",no,Simbad,1,0.999927,8.84,3.283403238465816,,,0.8795431271752542,1.83,0.298,,0.0138669828032174,,0.0,,,,
931,204195050,16 23 51.55,-23 17 27.0,,12.42,,8.43,0.7,12.33,7.73,0.4948,,,,"USco,gold",no,Simbad,1,0.999999,20.76,12.380238238465816,2607.9,0.827,-2.1123826934442547,0.324,0.022,0.1,0.0138669828032174,,0.0,0.0292,0.0036,2.166,1.159
933,203863576,16 23 54.70,-24 38 31.9,,11.92,,8.97,1.59,11.72,7.38,1.7647,,,,"USco,gold",no,Simbad,1,1.0,20.69,12.205300238465814,,,-2.0472075642282204,0.388,0.023,,0.0138669828032174,,0.0,,,,
934,204139015,16 23 55.09,-23 30 40.0,,10.07,,6.0,1.05,9.93,4.95,2.8539,,,,"USco,gold",no,Simbad,1,0.999591,15.93,8.797534238465815,3514.0,1.1793,,,,,0.0138669828032174,0.3104045971614095,0.0090837562918068,,,,
939,203467084,16 23 57.89,-26 02 29.9,,9.97,,4.52,0.56,9.89,3.96,1.0611,,,,"USco,gold",no,Simbad,1,0.999561,14.41,7.995426238465816,5563.3,2.3378,-0.8530661776475292,0.578,0.086,1.0715673981191225,0.0138669828032174,0.460663132093332,0.0090837562918068,0.8069,0.0264,111.043,38.571
945,203649927,16 24 02.89,-25 24 53.9,9.42,6.72,2.7,2.7,2.58,6.39,0.12,2.6251,0.4857,,,"USco,gold",yes,Simbad,1,0.999994,9.09,3.540629238465815,,,1.7245598854705473,2.245,,,0.0138669828032174,,0.0,,,,
948,204624141,16 24 09.42,-21 34 07.6,,10.45,,5.92,0.82,10.35,5.1,2.7987,,,,"USco,gold",no,Simbad,1,0.99982,16.27,9.158318238465815,3429.0,1.1603,-1.458046522405422,0.611,0.02,0.2542857142857143,0.0138669828032174,0.2571739317143617,0.0090837562918068,0.3203,0.0738,24.938,15.259
952,203555168,16 24 15.50,-25 44 34.7,,9.63,,4.59,0.42,9.57,4.17,0.5475,,,,"USco,gold",no,Simbad,1,0.999989,14.16,7.869534238465816,,,,,,,0.0138669828032174,0.486376027676661,0.0090837562918068,,,,
954,202640668,16 24 18.60,-28 54 47.5,11.78,8.33,3.45,3.45,1.39,8.15,2.06,0.763,,,,"USco,gold",no,Simbad,1,0.999981,11.599999,5.336358238465815,5611.7,1.243,,,,,0.0138669828032174,1.1067930176803895,0.0090837562918068,,,,
955,203761347,16 24 21.31,-25 01 31.4,,6.19,,2.21,2.14,5.91,0.07,0.7907,4.2071,0.6063,0.9721,"USco,gold",no,Simbad,1,0.999989,8.12,2.5570072384658147,,,,,,,0.0138669828032174,,0.0,,,,
965,204355491,16 24 51.36,-22 39 32.5,9.81,7.08,2.73,2.73,1.08,6.94,1.65,0.9781,0.9413,,,"USco,gold",no,Simbad,1,0.999899,9.67,3.7713962384658153,,,,,,,0.0138669828032174,,0.0,,,,
975,204176771,16 25 02.35,-23 21 45.0,,9.29,,5.61,0.91,9.17,4.7,0.7209,,,,"USco,gold",no,Simbad,1,0.999561,14.780001,8.026089238465815,3819.5,1.3146,-0.8872274897561545,0.429,0.1,0.4961805555555555,0.0138669828032174,0.4539221888688672,0.0090837562918068,0.5955,0.0695,14.345,6.794
991,204175516,16 25 16.89,-23 22 03.5,14.2,9.02,5.18,5.18,0.83,8.92,4.34,6.8082,,,,"USco,gold",maybe,Simbad,1,0.99987,14.1,7.478571238465815,4812.2,2.2581,-0.7161788315899432,0.511,0.107,0.8524083769633508,0.0138669828032174,0.5792497945678388,0.0090837562918068,0.7729,0.0245,100.076,44.007
996,203911473,16 25 19.24,-24 26 52.7,,7.8,,2.26,1.34,7.63,0.92,2.616,2.3744,,,"USco,gold",no,Simbad,1,0.999751,9.89,4.169023238465815,5515.5,0.3888,,,,,0.0138669828032174,,0.0,,,,
1000,203042487,16 25 23.26,-27 27 31.7,,10.73,,5.55,0.0,10.73,5.55,1.2751,0.8833,,,"USco,gold",no,Simbad,1,0.999591,16.279999,9.320182238465817,,,-1.496617935649052,0.592,0.029,,0.0138669828032174,0.2339960589556738,0.0090837562918068,,,,
1007,205529382,16 25 28.60,-16 58 50.9,,12.62,,8.21,0.94,12.5,7.27,0.8866,,,,"USco,gold",no,Simbad,1,0.999999,20.71,12.463059238465814,2661.9,0.7903,-2.1555228155608552,0.335,0.023,0.1,0.0138669828032174,,0.0,0.0297,0.0045,2.677,1.526
1008,203440253,16 25 28.81,-26 07 54.2,,9.85,,5.28,0.12,9.84,5.16,6.7932,,,,"USco,gold",yes,Simbad,2,1e-06,15.120001,8.257178238465816,3565.9,0.8365,-0.9481917175655952,0.419,0.088,0.3262179487179488,0.0138669828032174,0.4064361550916002,0.0090837562918068,0.4416,0.0904,8.585,4.802
1009,204460283,16 25 29.68,-22 14 54.5,,12.11,,7.61,1.15,11.96,6.46,1.3956,,,,"USco,gold",no,Simbad,1,0.999999,19.57,11.598050238465817,,,-2.007888500337665,0.396,0.021,,0.0138669828032174,,0.0,,,,
1015,203421625,16 25 32.73,-26 11 39.0,,10.97,,6.05,0.0,10.97,6.05,1.7039,,,,"USco,gold",no,Simbad,1,0.999992,17.02,9.739876238465817,3408.3,1.0294,-1.6307841543712915,0.55,0.021,0.2444285714285715,0.0138669828032174,0.1795521557107747,0.0090837562918068,0.2948,0.0694,38.693,25.296
1026,204396010,16 25 43.20,-22 30 03.0,,12.09,,6.56,0.3,12.05,6.26,1.5603,,,,"USco,gold",yes,Simbad,1,0.999998,18.61,11.079653238465816,,,-2.040958589828968,0.364,0.021,,0.0138669828032174,,0.0,,,,
1028,204544020,16 25 48.07,-21 54 19.6,,11.15,,5.77,0.15,11.13,5.62,1.8496,,,,"USco,gold",no,Simbad,1,0.999877,16.9,9.781155238465816,3431.1,1.0277,-1.6825634973205663,0.494,0.021,0.2552857142857142,0.0138669828032174,0.1749317689831258,0.0090837562918068,0.3045,0.0669,51.161,33.283
1029,203506352,16 25 49.24,-25 54 37.3,,9.49,,4.69,0.62,9.42,4.07,2.575,,,,"USco,gold",no,Simbad,1,0.999843,14.110001,7.609827238465815,4664.8,1.705,-0.8064580161418293,0.582,0.085,0.8138219895287959,0.0138669828032174,0.5473702834299056,0.0090837562918068,0.738,0.0237,102.121,42.569
1035,203071614,16 25 55.40,-27 21 24.4,,9.98,,5.72,0.0,9.98,5.72,0.4632,0.5305,,,"USco,gold",no,Simbad,1,0.999527,15.699999,8.579701238465816,,,,,,,0.0138669828032174,0.3490638753923348,0.0090837562918068,,,,
1040,203476597,16 25 57.91,-26 00 37.3,,8.53,,4.58,0.71,8.44,3.87,3.2126,1.4403,,,"USco,gold",no,Simbad,1,0.999972,13.0199995,6.491795238465816,8208.0,3.032,,,,,0.0138669828032174,0.8343833219288781,0.0090837562918068,,,,
1060,204611221,16 26 19.62,-21 37 21.0,,9.42,,5.13,0.62,9.34,4.51,19.502,3.5735,,,"USco,gold",no,Simbad,1,0.996487,14.47,7.707349238465815,3865.6,1.0498,-0.8272220068653586,0.484,0.099,0.5223076923076923,0.0138669828032174,0.5236715264969602,0.0090837562918068,0.6203,0.0728,12.7,5.893
1061,204277248,16 26 19.95,-22 58 10.2,,10.54,,5.48,0.57,10.46,4.91,3.0873,,,,"USco,gold",no,Simbad,1,0.998258,15.940001,9.136429238465816,3459.7,1.0243,-1.4149907048594133,0.612,0.02,0.2689047619047618,0.0138669828032174,0.2604146763309704,0.0090837562918068,0.3457,0.0761,25.602,15.617
1062,204383288,16 26 19.97,-22 33 02.6,,9.82,,5.14,0.03,9.82,5.11,24.0913,,,,"USco,gold",no,Simbad,1,0.992964,14.959999,8.096493238465815,3727.9,0.9198,-0.9801362788311688,0.49,0.091,0.4325694444444445,0.0138669828032174,0.4398651180840067,0.0090837562918068,0.5509,0.0691,16.661,8.127
1063,204382615,16 26 20.15,-22 33 12.8,,10.41,,5.78,0.96,10.29,4.82,2.8218,,,,"USco,gold",,Simbad,2,1e-06,16.07,9.043032238465816,3454.7,1.01,-1.3856301610178683,0.63,0.02,0.2665238095238094,0.0138669828032174,0.2735413459824103,0.0090837562918068,0.3447,0.0769,22.769,13.729
1257,203782748,16 29 36.23,-24 56 53.0,,12.49,,6.95,0.31,12.45,6.64,,,,,"USco,silver",no,Simbad,1,0.999999,19.4,11.601000238465817,,,-2.185752416208578,0.289,0.021,,0.0138669828032174,,0.0,,,,
1306,204566404,16 35 48.37,-21 48 39.7,,8.48,,4.64,0.71,8.39,3.92,1.7418,,,,"USco,silver",no,Simbad,1,0.999838,13.030001,6.765883238465815,6005.3,2.7389,-0.550737644117015,0.558,,1.2115357142857144,0.0138669828032174,0.7627289474799452,0.0090837562918068,0.9214,0.0305,92.858,40.262
1312,205327575,16 38 28.65,-18 13 13.7,6.75,5.69,1.06,1.06,0.73,5.6,0.33,,,,,"USco,silver",yes,Simbad,1,0.999964,6.66,1.065466238465815,,,2.3207072048402377,2.834,0.392,,0.0138669828032174,,0.0,,,,
8,204174563,15 55 17.03,-23 22 16.6,,9.33,,5.66,0.46,9.27,5.2,0.4997,,,,"USco,silver",no,Simbad,1,0.992964,14.93,7.900334238465815,,,-0.7701902042379095,0.416,0.092,,0.0138669828032174,0.4801293416508924,0.0090837562918068,,,,
28,204041137,15 56 12.13,-23 54 08.0,,10.23,,5.71,0.0,10.23,5.71,0.4201,,,,"USco,silver",no,Simbad,1,0.999832,15.94,8.854549238465815,3426.0,0.9775,-1.473531471941948,0.614,0.027,0.2528571428571428,0.0138669828032174,0.3006885210043556,0.0090837562918068,0.317,0.0733,25.76,15.845
29,203284437,15 56 17.21,-26 38 17.1,,13.56,,7.57,0.7,13.47,6.87,,,,,"USco,silver",maybe,Simbad,1,0.999997,21.04,12.981530238465815,2732.1,0.262,-2.4571745690726274,0.198,0.023,0.1,0.0138669828032174,,0.0,0.0368,0.0124,9.634,7.401
39,204514546,15 56 40.02,-22 01 40.0,8.82,6.08,2.74,2.74,2.12,5.8,0.63,,,,,"USco,silver",yes,Simbad,1,0.999962,8.54,3.016734238465816,7706.3,0.8588,0.806975213095765,1.135,0.165,1.5,0.0138669828032174,,0.0,1.3953,0.0078,91.524,48.744
66,204330772,15 57 37.17,-22 45 25.3,,12.56,,5.0,0.5,12.5,4.5,24.8794,,,,"USco,silver",no,Simbad,1,0.996487,17.5,10.773890238465814,3627.3,0.8475,-1.623970803918557,0.451,0.022,0.3655769230769232,0.0138669828032174,0.1009354310489681,0.0090837562918068,0.3997,0.0512,91.348,47.72
102,204594600,15 58 48.10,-21 41 34.2,,12.52,,6.84,0.53,12.45,6.31,0.6008,,,,"USco,silver",no,Simbad,1,0.999999,19.29,11.635464238465817,,,-2.341988585492948,0.243,0.021,,0.0138669828032174,,0.0,,,,
112,204247509,15 59 25.90,-23 05 08.3,,11.57,,6.62,0.56,11.5,6.06,0.6198,,,,"USco,silver",no,Simbad,1,0.999999,18.119999,10.721535238465815,,,-1.861381580746021,0.474,0.022,,0.0138669828032174,0.1038398729173774,0.0090837562918068,,,,
127,204141928,16 00 23.23,-23 29 59.4,,13.31,,9.03,0.0,13.31,9.03,,,,,"USco,silver",yes,Simbad,2,,22.34,14.247292238465814,,,,,,,0.0138669828032174,,0.0,,,,
148,204458208,16 01 06.04,-22 15 24.8,,11.38,,5.81,0.7,11.29,5.11,1.7579,,,,"USco,silver",no,Simbad,1,0.999924,17.1,10.035277238465817,3411.5,1.0048,-1.5956795339720644,0.545,0.021,0.2459523809523809,0.0138669828032174,0.1522571363824681,0.0090837562918068,0.299,0.0703,35.171,22.742
161,204277211,16 01 40.86,-22 58 10.6,,9.85,,5.28,1.77,9.62,3.51,2.5594,,,,"USco,silver",yes,Simbad,1,0.982299,14.9,9.790913238465816,,,,,,,0.0138669828032174,0.1739600331550512,0.0090837562918068,,,,
182,204347304,16 02 10.45,-22 41 28.2,,8.06,,3.29,0.69,7.97,2.6,3.519,2.3915,,,"USco,silver",no,Simbad,1,0.999687,11.26,5.553314238465815,,,,,,,0.0138669828032174,1.0570652579780888,0.0090837562918068,,,,
185,204348206,16 02 13.55,-22 41 15.2,7.33,6.97,0.36,0.36,0.41,6.92,-0.05,0.2552,3.5169,0.254,,"USco,silver",no,Simbad,1,0.997703,7.28,1.7375062384658149,,,1.3624370453770014,2.166,0.318,,0.0138669828032174,,0.0,,,,
186,203863529,16 02 14.88,-24 38 32.9,,11.15,,6.12,0.35,11.1,5.77,0.2543,0.3215,,,"USco,silver",no,Simbad,1,0.999998,17.220001,10.058900238465815,,,-1.8178707897507584,0.469,0.022,,0.0138669828032174,0.150302631406208,0.0090837562918068,,,,
201,204248645,16 02 45.73,-23 04 51.3,,11.5,,6.51,0.5,11.44,6.01,0.2621,0.3861,,,"USco,silver",yes,Simbad,1,0.999999,17.95,10.538159238465816,,,-2.072116601573171,0.346,0.022,,0.0138669828032174,0.1147821736522801,0.0090837562918068,,,,
235,204599787,16 03 51.75,-21 40 15.7,,10.55,,6.56,0.54,10.48,6.02,1.0318,0.8194,0.6002,,"USco,silver",no,Simbad,1,0.999793,17.039999,9.669594238465816,,,,,,,0.0138669828032174,0.1875175748317934,0.0090837562918068,,,,
243,203290460,16 04 06.71,-26 37 07.2,,9.98,,5.06,0.28,9.94,4.77,2.3362,,,,"USco,silver",no,Simbad,2,1e-06,15.0,8.247120238465815,3594.2,0.6397,-0.8647719193449085,0.492,0.088,0.3443589743589742,0.0138669828032174,0.4085123271550924,0.0090837562918068,0.4547,0.0903,6.933,3.739
257,205208701,16 06 42.66,-18 51 14.0,,13.18,,7.4,0.7,13.09,6.7,0.9063,,,,"USco,silver",yes,Simbad,1,0.999999,20.49,13.171988238465817,,,-2.3362990578209715,0.261,0.026,,0.0138669828032174,,0.0,,,,
285,204583750,16 07 26.41,-21 44 16.9,,13.68,,7.07,0.62,13.6,6.44,1.5372,,,,"USco,silver",no,Simbad,1,0.999999,20.67,13.053210238465816,2862.7,0.8134,-2.552841984143137,0.187,0.022,0.1,0.0138669828032174,,0.0,0.0656,0.0183,34.051,20.737
286,204757338,16 07 27.46,-20 59 44.4,,10.22,,6.48,0.73,10.13,5.75,2.2977,1.0586,,,"USco,silver",yes,Simbad,1,0.999964,16.61,9.830838238465816,,,,,,,0.0138669828032174,0.1695849413507326,0.0090837562918068,,,,
303,204830786,16 07 57.95,-20 40 08.9,14.8,7.81,6.99,6.99,4.53,7.23,2.46,,,,,"USco,silver",yes,Simbad,1,0.999442,14.219999,8.505847238465815,,,-0.8553946435022209,0.611,,,0.0138669828032174,0.3619439137513875,0.0090837562918068,,,,
321,205152548,16 08 14.74,-19 08 32.4,11.4,8.43,2.98,2.98,0.51,8.36,2.47,10.4413,,,,"USco,silver",yes,Simbad,1,0.999937,11.34,5.412635238465816,5081.1,0.7514,0.0548083436941122,0.79,,0.925542521994135,0.0138669828032174,1.0898713931076696,0.0090837562918068,1.2203,0.092,11.277,4.202
338,204120066,16 08 30.48,-23 35 10.9,,13.81,,8.7,1.24,13.65,7.46,,,,,"USco,silver",yes,Simbad,1,0.999999,22.349998,13.952135238465814,,,-2.260427663931021,0.208,0.033,,0.0138669828032174,,0.0,,,,
344,203833980,16 08 36.46,-24 45 30.6,,10.73,,5.1,0.32,10.69,4.78,2.8203,,,,"USco,silver",no,Simbad,1,0.992964,15.789999,9.002025238465816,3420.6,0.663,-1.4321505410386353,0.582,0.021,0.2502857142857142,0.0138669828032174,0.2793012324329452,0.0090837562918068,0.3165,0.074,22.031,13.3
369,204555809,16 09 01.97,-21 51 22.7,,12.63,,7.8,0.7,12.54,7.1,0.2693,,,,"USco,silver",no,Simbad,1,0.999999,20.34,12.177985238465816,2789.0,0.6895,-2.2380721785643387,0.293,0.023,0.1,0.0138669828032174,,0.0,0.0381,0.0127,5.567,3.895
379,204448136,16 09 08.81,-22 17 47.0,,12.07,,6.12,0.04,12.07,6.08,0.3899,,,,"USco,silver",no,Simbad,1,0.999996,18.189999,10.865275238465816,,,-2.2118316156418114,0.278,0.021,,0.0138669828032174,,0.0,,,,
392,204086791,16 09 29.38,-23 43 12.1,,13.22,,7.9,0.64,13.13,7.26,0.5256,0.4435,,,"USco,silver",no,Simbad,1,0.999999,21.03,12.839671238465815,3150.0,2.2379,-2.3045183191911254,0.253,0.025,0.1479495268138801,0.0138669828032174,,0.0,0.1354,0.0333,68.828,41.425
432,204649301,16 10 06.08,-21 27 44.0,,13.77,,8.99,1.25,13.61,7.74,,,,,"USco,silver",yes,Simbad,1,0.999999,22.599998,14.003134238465815,,,,,,,0.0138669828032174,,0.0,,,,
436,202633073,16 10 13.16,-28 56 30.8,,13.14,,7.55,0.38,13.09,7.17,,,,,"USco,silver",no,Simbad,1,0.999999,20.64,12.589117238465814,2786.2,0.7537,,,,,0.0138669828032174,,0.0,,,,
440,203756600,16 10 18.88,-25 02 32.5,,11.26,,6.12,0.22,11.24,5.9,,,,,"USco,silver",yes,Simbad,1,0.999979,17.36,10.089117238465816,,,-1.5705707390658228,0.551,0.023,,0.0138669828032174,0.1477023242404777,0.0090837562918068,,,,
443,205040772,16 10 21.51,-19 41 32.1,,9.86,,5.63,0.34,9.82,5.29,1.1189,,,,"USco,silver",no,Simbad,1,0.999971,15.45,8.710731238465815,,,,,,,0.0138669828032174,0.3257725130512277,0.0090837562918068,,,,
448,205133963,16 10 24.73,-19 14 07.5,,10.33,,5.98,0.92,10.21,5.06,1.575,,,,"USco,silver",no,Simbad,1,0.999591,16.19,9.061934238465817,3576.3,1.1366,-0.9835516889090778,0.396,,0.3328846153846155,0.0138669828032174,0.2707906568587665,0.0090837562918068,0.4538,0.0891,10.295,5.726
450,204242194,16 10 25.35,-23 06 23.4,7.79,7.24,0.55,0.55,0.65,7.16,-0.11,,,,,"USco,silver",no,Simbad,1,0.992964,7.71,2.194388238465815,9925.7,0.5322,0.9632308905595948,1.916,0.323,1.5,0.0138669828032174,,0.0,1.3984,0.0041,103.19,48.601
453,202904813,16 10 26.53,-27 56 29.4,,9.57,,4.36,0.0,9.57,4.36,1.2227,,,,"USco,silver",no,Simbad,2,1e-06,13.93,7.528759238465815,,,-1.575608449603655,0.454,0.02,,0.0138669828032174,0.5673036476345612,0.0090837562918068,,,,
470,204354278,16 10 47.14,-22 39 49.2,,14.02,,9.5,2.57,13.69,6.93,,,,,"USco,silver",no,Simbad,1,0.999997,23.189999,14.569271238465817,,,,,,,0.0138669828032174,,0.0,,,,
481,203912136,16 11 03.61,-24 26 42.9,,13.7,,8.68,1.43,13.52,7.25,,,,,"USco,silver",yes,Simbad,1,0.999999,22.2,13.801066238465816,,,-2.463441572073984,0.183,0.024,,0.0138669828032174,,0.0,,,,
488,205068630,16 11 10.94,-19 33 32.4,,11.24,,6.47,1.24,11.08,5.23,2.0068,,,,"USco,silver",yes,Simbad,1,0.999997,17.55,10.202015238465815,3417.7,1.1867,-1.7228494015978686,0.512,0.021,0.2489047619047618,0.0138669828032174,0.1384764928002135,0.0090837562918068,0.2931,0.0656,53.81,34.972
496,204450240,16 11 17.11,-22 17 17.3,,13.25,,8.07,0.7,13.16,7.37,0.3625,,,,"USco,silver",yes,Simbad,1,0.999999,21.23,12.995446238465814,2690.1,0.5088,-2.125518169435311,0.345,0.036,0.1,0.0138669828032174,,0.0,0.0311,0.0055,2.614,1.583
505,205249328,16 11 31.34,-18 38 25.9,12.63,5.78,6.85,6.85,2.86,5.42,3.99,,,,,"USco,silver",yes,Simbad,1,0.999735,12.27,6.475815238465815,,,,,,,0.0138669828032174,0.8386086440247246,0.0090837562918068,,,,
512,204220275,16 11 40.39,-23 11 34.9,,11.62,,7.68,0.71,11.53,6.97,1.3318,,,,"USco,silver",no,Simbad,1,0.999773,19.21,11.630530238465816,,,,,,,0.0138669828032174,,0.0,,,,
539,202909059,16 12 18.20,-27 55 34.9,4.57,4.98,-0.41,-0.41,0.19,4.95,-0.6,0.5314,,,,"USco,silver",no,Simbad,1,1.0,4.54,-1.0445777615341845,15365.8,0.0607,,,,,0.0138669828032174,,0.0,,,,
572,205082248,16 13 03.05,-19 29 32.3,,12.35,,7.12,1.17,12.2,5.95,1.7541,,,,"USco,silver",no,Simbad,1,0.999999,19.32,11.801110238465814,,,-2.0347983005306114,0.359,0.023,,0.0138669828032174,,0.0,,,,
581,204247811,16 13 12.11,-23 05 03.1,,13.01,,7.46,0.08,13.0,7.38,1.1542,,,,"USco,silver",no,Simbad,1,0.999998,20.46,12.600933238465814,2795.0,0.7682,-2.22548302426511,0.298,0.024,0.1,0.0138669828032174,,0.0,0.0388,0.0132,5.527,3.906
599,204156820,16 13 36.44,-23 26 27.0,,9.31,,5.14,0.57,9.23,4.57,6.6082,2.6159,,,"USco,silver",no,Simbad,1,0.998613,14.369999,8.342917238465816,,,,,,,0.0138669828032174,0.3907804729606693,0.0090837562918068,,,,
606,204439731,16 13 40.79,-22 19 45.9,,13.67,,6.11,0.7,13.58,5.41,1.3364,,,,"USco,silver",no,Simbad,1,0.999998,19.69,13.583249238465816,,,-2.468521077200021,0.211,0.029,,0.0138669828032174,,0.0,,,,
635,205158239,16 14 20.28,-19 06 48.3,14.01,7.81,6.2,6.2,2.75,7.46,3.44,4.7843,,,,"USco,silver",yes,Simbad,1,0.999697,13.66,8.318391238465816,,,-1.1036943031039137,0.49,,,0.0138669828032174,0.3949760068336767,0.0090837562918068,,,,
637,202955563,16 14 20.61,-27 45 49.7,,13.43,,8.45,1.59,13.23,6.86,0.0984,0.0656,,,"USco,silver",no,Simbad,1,0.999999,21.68,13.376631238465816,2873.1,1.6276,-2.355561405381382,0.221,0.023,0.1,0.0138669828032174,,0.0,0.0601,0.0185,16.974,10.037
644,205179845,16 14 33.67,-19 00 13.7,,8.26,,7.22,5.04,7.61,2.18,2.5995,,,,"USco,silver",yes,Simbad,1,0.999992,14.83,8.038035238465815,,,,,,,0.0138669828032174,0.4515188409542584,0.0090837562918068,,,,
660,204235325,16 14 52.68,-23 08 02.7,,9.6,,5.44,0.33,9.56,5.11,24.0263,2.0126,,,"USco,silver",no,Simbad,1,0.999245,15.0,8.302188238465815,,,,,,,0.0138669828032174,0.3979308410589844,0.0090837562918068,,,,
672,204492384,16 15 10.44,-22 07 09.9,10.32,8.54,1.78,1.78,0.69,8.45,1.09,0.8768,,,,"USco,silver",no,Simbad,1,0.99993,10.23,4.469327238465816,6027.5,0.301,0.3148927396077376,1.032,0.133,1.2194642857142857,0.0138669828032174,1.277418646801995,0.0090837562918068,1.2277,0.0499,44.051,33.413
674,203937768,16 15 11.15,-24 20 15.6,,13.17,,7.37,0.86,13.06,6.51,,,,,"USco,silver",no,Simbad,1,0.999999,20.43,12.526175238465814,,,-2.359518541823225,0.241,0.022,,0.0138669828032174,,0.0,,,,
678,204250417,16 15 13.61,-23 04 26.1,,13.91,,7.56,0.18,13.89,7.38,1.344,,,,"USco,silver",yes,Simbad,1,0.999998,21.45,13.328017238465817,2687.1,0.128,-2.367542700740381,0.209,0.029,0.1,0.0138669828032174,,0.0,0.0294,0.0087,4.863,4.11
690,204939243,16 15 32.18,-20 10 23.9,13.98,8.91,5.07,5.07,1.79,8.68,3.28,2.9124,,,,"USco,silver",yes,Simbad,1,0.999527,13.75,8.256665238465816,,,,,,,0.0138669828032174,0.4065157014776141,0.0090837562918068,,,,
692,204342099,16 15 34.57,-22 42 42.4,12.68,7.91,4.78,4.78,3.01,7.52,1.77,,,,,"USco,silver",yes,Simbad,1,0.99993,12.3,6.681097238465815,5945.3,2.0961,,,,,0.0138669828032174,0.7861271551093496,0.0090837562918068,,,,
694,204204414,16 15 36.47,-23 15 17.5,,13.1,,6.3,0.16,13.09,6.15,0.6223,,,,"USco,silver",no,Simbad,1,0.999997,19.39,12.067055238465816,,,-2.224025681694375,0.282,0.023,,0.0138669828032174,,0.0,,,,
719,204199333,16 16 11.83,-23 16 26.7,,11.88,,6.01,0.44,11.82,5.58,0.8366,,,,"USco,silver",no,Simbad,1,0.999996,17.83,10.715178238465814,3334.8,1.0296,-1.875821934723276,0.429,0.021,0.2094285714285715,0.0138669828032174,0.1042882124324794,0.0090837562918068,0.2344,0.0585,53.934,34.865
747,204126288,16 16 45.38,-23 33 41.6,,12.82,,6.58,0.51,12.75,6.07,0.2112,,,,"USco,silver",no,Simbad,1,0.999999,19.33,11.923068238465817,,,-2.2636034933298674,0.27,0.021,,0.0138669828032174,,0.0,,,,
806,204454456,16 19 43.08,-22 16 17.8,,11.3,,5.7,0.27,11.26,5.43,3.1811,,,,"USco,silver",no,Simbad,1,0.999739,16.96,9.891068238465817,3384.1,0.8934,-1.6823544393139105,0.488,0.021,0.2329047619047618,0.0138669828032174,0.1644561660350879,0.0090837562918068,0.2765,0.0678,39.935,26.385
810,204418342,16 19 48.77,-22 24 47.6,,10.83,,5.98,0.0,10.83,5.98,0.4761,0.6337,,,"USco,silver",no,Simbad,1,0.999997,16.81,9.585384238465815,3283.0,0.8648,-1.7520267401462477,0.499,0.021,0.1899053627760252,0.0138669828032174,0.1969996199942806,0.0090837562918068,0.2117,0.0592,27.864,17.895
842,204296346,16 20 50.95,-22 53 40.0,,9.8,,5.34,0.31,9.76,5.03,8.2662,,,,"USco,silver",no,Simbad,1,0.999527,15.1,8.178765238465814,3889.0,1.2822,-1.0214543114712422,0.487,0.142,0.5351648351648352,0.0138669828032174,0.4225179741945762,0.0090837562918068,0.6049,0.0444,33.053,20.319
873,204819556,16 21 54.66,-20 43 09.1,,9.15,,3.25,0.0,9.15,3.25,7.5769,,,,"USco,silver",no,Simbad,1,0.992964,12.4,6.285517238465815,4296.4,0.1878,-0.5457651200416297,0.694,0.084,0.7113483146067414,0.0138669828032174,0.8873423853141476,0.0090837562918068,0.8463,0.0564,14.984,7.004
891,202949156,16 22 20.91,-27 47 09.8,,9.47,,4.96,0.15,9.45,4.81,6.9002,,,,"USco,silver",no,Simbad,1,0.999591,14.41,7.999990238465815,,,,,,,0.0138669828032174,0.4596186263222286,0.0090837562918068,,,,
921,203369479,16 23 22.93,-26 22 16.3,9.61,7.91,1.69,1.69,0.2,7.89,1.49,,,,,"USco,silver",no,Simbad,1,0.998258,9.58,3.899693238465815,5873.6,0.0776,0.3563070186900179,1.533,0.277,1.4,0.0138669828032174,,0.0,1.2444,0.0642,26.169,16.362
936,203378869,16 23 57.23,-26 20 24.6,,10.23,,5.66,0.32,10.19,5.34,1.433,1.1367,,,"USco,silver",no,Simbad,1,0.936631,15.849999,9.180592238465817,,,,,,,0.0138669828032174,0.2539199553264505,0.0090837562918068,,,,
943,203001867,16 23 59.01,-27 36 03.7,,9.43,,5.34,0.56,9.36,4.78,5.3161,0.8278,,,"USco,silver",no,Simbad,1,0.992964,14.7,8.458637238465815,,,,,,,0.0138669828032174,0.3703536887689149,0.0090837562918068,,,,
946,203783190,16 24 06.33,-24 56 46.9,,8.28,,4.71,1.38,8.1,3.33,0.8165,0.8651,,,"USco,silver",no,Simbad,1,0.999973,12.81,6.954648238465815,,,,,,,0.0138669828032174,0.7129295862665174,0.0090837562918068,,,,
949,204990278,16 24 11.76,-19 55 58.5,,9.95,,5.57,0.38,9.9,5.19,3.8186,,,,"USco,silver",no,Simbad,1,0.99885,15.469999,8.577917238465815,3581.6,1.142,-0.6661095926462042,0.585,0.103,0.3362820512820512,0.0138669828032174,0.3491662431851381,0.0090837562918068,0.4162,0.0844,3.076,1.5
1016,204129511,16 25 35.05,-23 32 55.1,,8.91,,5.25,0.86,8.8,4.39,7.7847,,,,"USco,silver",no,Simbad,1,0.999919,14.05,7.496502238465815,6177.0,3.1615,-0.150771045875254,0.694,0.109,1.272857142857143,0.0138669828032174,0.5748175990636829,0.0090837562918068,1.063,0.0324,97.245,42.989
1022,203410665,16 25 38.48,-26 13 53.9,11.86,7.52,4.34,4.34,1.58,7.31,2.77,,,,,"USco,silver",yes,Simbad,2,,11.65,8.089739238465816,,,,,,,0.0138669828032174,0.4411235497807373,0.0090837562918068,,,,
