col1,recno,ID,m_ID,Parenago,Mem,Rproj,Imag,l_V-I,VmI,V,Vmag,logT,SpT_1,AV,log(L),R,M,log(age),Simbad_1,RAJ2000,DEJ2000,single,Name,SpT_2,e_SpT,ref1,Teff,logL,M*,e_M*_2,E_M*_2a,Age,e_Age_2,E_Age_2a,R*,e_R*,Per,n_Per,ref2,Cl,Acc,Notes,Simbad_2,_RA,_DE,Separation,Mass_calc,Mass_e
0,1048,721,,1990.0,99.0,1.54,13.12,,2.08,15.2,6.374998294395505,3.58,<=K7(H)M0(Eetal)<M0(Sam),0.74,-0.06,2.14,0.34,5.62,Simbad,05 35 22.43,-05 23 43.42,1,V1527 Ori,M0,1.0,E,3770.0,-0.259,0.51,0.08,0.13,1.8,0.5,1.1,1.74,0.24,2.45,opt,H00,,A,g,Simbad,83.84396,-5.39547,1.8184560575822848,0.5307861219152645,0.05236065508113028
1,1054,717,,,99.0,8.38,16.12,,,,,3.535,M2.5(H),0.0,-1.39,0.57,0.23,6.98,Simbad,05 35 22.56,-05 15 08.32,1,V1341 Ori,M4.5,1.0,H13,3020.0,,,,,,,,,,4.58,opt,H02,3.0,,c,Simbad,83.84446,-5.25239,1.6733233872886133,0.0,0.0
2,1056,3023,,,,7.32,15.99,,3.03,19.02,,,,,,,,,Simbad,05 35 22.61,-05 16 13.60,1,V2392 Ori,M1,1.0,H13,3630.0,-0.898,0.4,0.07,0.12,8.3,3.1,7.7,0.9,0.13,5.29,opt,R09,,,g,Simbad,83.84454,-5.27056,1.259627981619774,0.0,0.0
3,1061,727,,,99.0,8.39,13.87,,2.44,16.31,7.684997794395505,3.544,M2(H),0.54,-0.38,1.76,0.28,5.81,Simbad,05 35 22.70,-05 31 36.82,1,V1528 Ori,M2,1.0,H,3490.0,-0.504,0.35,0.06,0.07,2.0,0.4,0.9,1.53,0.21,6.03,opt,H00,2.0,,,Simbad,83.84498,-5.52701,1.480987423428429,0.3591687332821208,0.05236065508113028
4,1064,728,,1995.0,99.0,9.24,13.58,,2.32,15.9,6.934997794395505,3.562,M1(H),0.88,-0.2,2.0,0.3,5.72,Simbad,05 35 22.81,-05 32 28.62,1,V2400 Ori,M1,1.0,H,3630.0,-0.377,0.43,0.09,0.09,1.9,0.5,1.1,1.64,0.23,13.87,opt,H02,2.0,,,Simbad,83.84542,-5.5414,1.4192062788949271,0.4456936679525015,0.05236065508113028
5,1066,5008,,,,9.85,17.21,,3.11,20.32,,,,,,,,,Simbad,05 35 22.83,-05 13 39.52,1,V2401 Ori,M1,1.0,H13,3630.0,-1.336,0.38,0.09,0.09,33.0,16.0,26.0,0.54,0.08,5.62,opt,H02,,,a,Simbad,83.84554,-5.22778,1.5657745909011114,0.0,0.0
6,1067,726,,,99.0,1.75,15.35,,3.89,19.24,4.874997294395504,3.623,K5-K7(H),6.28,0.37,2.9,0.48,5.41,Simbad,05 35 22.86,-05 22 41.42,1,2MASS J05352296-0522415,K6,2.0,H,4020.0,0.248,0.71,0.28,0.41,0.8,0.3,0.9,2.75,0.52,2.0,opt,R09,,,g,Simbad,83.84571,-5.37822,1.657657384664157,0.9175129344457188,0.05236065508113028
7,1068,729,,,99.0,6.52,14.85,,2.72,17.57,9.484998294395504,3.509,M4(H),0.0,-0.79,1.3,0.17,6.06,Simbad,05 35 22.94,-05 29 41.12,1,V2403 Ori,M4,1.0,H,3160.0,-0.944,0.2,0.1,0.11,3.4,3.0,2.6,1.12,0.24,2.94,MIR,M11,3.0,N,,Simbad,83.846,-5.49486,1.5397225298249788,0.18604627901953766,0.05236065508113028
8,1072,734,,,99.0,5.45,15.92,,,,,,,,,,,,Simbad,05 35 23.11,-05 28 33.52,1,2MASS J05352321-0528339,M7.75,2.0,H13,2590.0,,,,,,,,,,2.92,opt,R09,,,c,Simbad,83.84671,-5.47609,1.5526099073338535,0.0,0.0
9,1073,3100,,,,3.03,16.64,,,,,,,,,,,,Simbad,05 35 23.14,-05 25 53.97,1,2MASS J05352323-0525544,M2:,1.0,H13,3490.0,,,,,,,,,,0.79,opt,R09,,,c,Simbad,83.8468,-5.43179,1.4532762169051507,0.0,0.0
10,1075,735,,,99.0,5.08,14.73,,3.07,17.8,8.794998294395503,3.518,M3.5(H),0.92,-0.55,1.62,0.21,5.89,Simbad,05 35 23.21,-05 28 09.72,1,V1530 Ori,M3.5,1.0,H,3260.0,-0.641,0.26,0.09,0.1,2.2,1.0,0.9,1.5,0.28,5.21,opt,H02,2.0,,,Simbad,83.84712,-5.46947,1.521431805940471,0.2512954059658042,0.05236065508113028
11,1077,733,,1989.0,99.0,4.85,13.14,,2.33,15.47,6.224998294395505,3.571,M0.5(H),1.16,0.04,2.51,0.28,5.0,Simbad,05 35 23.28,-05 18 50.52,1,V1531 Ori,M0.5,1.0,H,3700.0,-0.153,0.46,0.06,0.11,1.2,0.2,0.6,2.04,0.28,3.32,opt,S99,3.0,N,,Simbad,83.84747,-5.31407,1.6898910583694051,0.5573425350953936,0.05236065508113028
12,1079,5027,,,,8.18,16.87,,,,,,,,,,,,Simbad,05 35 23.39,-05 15 23.00,1,V2409 Ori,M6.5,1.0,H13,2725.0,,,,,,,,,,0.79,opt,R09,,,c,Simbad,83.84783,-5.2565,1.3911212679041287,0.0,0.0
13,1080,736,,,99.0,4.76,13.87,,2.27,16.14,6.834997294395505,3.58,M0(H),1.22,-0.25,1.74,0.39,5.86,Simbad,05 35 23.42,-05 18 56.92,1,V2410 Ori,M0.5,1.0,H13,3700.0,-0.482,0.47,0.09,0.1,3.0,1.1,1.8,1.4,0.19,11.68,opt,H02,,N,g,Simbad,83.84802,-5.31587,1.5795306870439327,0.4596503535140614,0.05236065508113028
14,1081,3155,,,,11.14,15.36,,2.96,18.32,,,,,,,,,Simbad,05 35 23.42,-05 34 22.90,1,2MASS J05352350-0534233,M4.5,1.0,H13,3020.0,-1.1,0.13,0.06,0.09,3.6,2.1,1.9,1.03,0.2,1.68,opt,R09,,,g,Simbad,83.84792,-5.57317,1.3104326531239012,0.0,0.0
15,1082,737,,,99.0,2.71,15.63,,,,,,,,,,,,Simbad,05 35 23.49,-05 25 26.02,1,V1342 Ori,M3.25,1.0,H13,3310.0,,,,,,,,,,,,,,,"c,f",Simbad,83.84831,-5.42401,1.6135366413444,0.0,0.0
16,1085,743,,,99.0,3.55,14.73,,3.8,18.529999,7.234997294395503,3.526,M3(H),3.21,-0.03,2.88,0.18,4.35,Simbad,05 35 23.55,-05 26 26.62,1,V2411 Ori,M3,1.0,H,3360.0,-0.112,0.3,0.08,0.11,0.7,0.61,0.4,2.6,0.43,,,,2.0,A,f,Simbad,83.8486,-5.44079,1.7169705421629846,0.40319512934078117,0.05236065508113028
17,1088,739,,,99.0,5.05,14.64,,2.5,17.14,8.364997294395502,3.544,M2e(H),0.69,-0.65,1.29,0.3,6.14,Simbad,05 35 23.65,-05 18 39.72,1,V2413 Ori,M2e,1.0,H,3490.0,-0.775,0.34,0.06,0.07,4.1,1.4,2.4,1.12,0.16,6.63,opt,H02,,A,g,Simbad,83.849,-5.31108,1.6514835757697135,0.2946945315792435,0.05236065508113028
18,1095,746,,,99.0,4.64,15.11,,3.4,18.51,8.654998294395503,3.518,M3.5(H),1.77,-0.5,1.73,0.2,5.74,Simbad,05 35 23.85,-05 19 07.42,1,V2414 Ori,M3.5,1.0,H,3260.0,-0.588,0.27,0.1,0.09,2.0,1.1,0.8,1.59,0.3,11.1,opt,R09,,,g,Simbad,83.84985,-5.31878,1.7129851890616052,0.2652277947910774,0.05236065508113028
19,1098,3087,,,99.0,2.58,15.09,,1.16,16.25,8.164998294395504,3.562,M1(H),0.0,-1.01,0.78,0.41,6.96,Simbad,05 35 23.89,-05 25 09.38,1,2MASS J05352398-0525098,M1,1.0,H,3630.0,-1.112,0.38,0.08,0.12,15.0,5.6,17.0,0.7,0.1,5.92,opt,R09,,A,g,Simbad,83.84994,-5.41939,1.4892245989856592,0.31343994750929544,0.05236065508113028
20,1101,9316,,,,2.4,16.1,,4.63,20.73,8.784997294395504,3.5,M4.5(H),3.86,-0.29,2.38,0.15,4.48,Simbad,05 35 24.05,-05 21 55.32,2,2MASS J05352411-0521556,M4.5,1.0,H,3020.0,-0.41,0.21,0.09,0.07,0.4,0.33,1.1,2.28,0.45,6.88,opt,H02,,,g,Simbad,83.8505,-5.36544,1.0782189921382266,0.25194194454595426,0.05236065508113028
21,1103,753,,,99.0,6.85,13.4,,2.41,15.809999,7.264997294395505,3.544,M2(H),0.46,-0.21,2.14,0.25,5.25,Simbad,05 35 24.14,-05 29 56.82,1,V2420 Ori,M2,1.0,H,3490.0,-0.335,0.35,0.06,0.08,1.4,0.2,0.5,1.86,0.26,8.55,NIR,C01,2.0,,,Simbad,83.851,-5.49921,1.530435509949711,0.4000990254304078,0.05236065508113028
22,1104,755,,,99.0,5.7,15.11,,3.79,18.9,10.814998294395503,3.46,M6.5(H),0.0,-0.53,2.18,0.11,4.36,Simbad,05 35 24.21,-05 28 43.72,1,2MASS J05352431-0528441,M6.5,1.0,H,2725.0,-0.748,,,,,,,1.9,0.27,5.19,opt,R09,,,b,Simbad,83.85129,-5.47892,1.5379702224510667,0.1255694593614092,0.05236065508113028
23,1108,758,,,99.0,3.72,14.1,,3.45,17.550001,8.075000294395503,3.509,M4-M4.5e(H)M5.3(P)M4(Eetal),1.39,-0.15,2.7,0.15,4.2,Simbad,05 35 24.35,-05 26 31.02,1,V1283 Ori,M5.3,1.0,P,2856.0,-0.5,0.12,0.03,0.09,0.1,0.07,0.8,2.29,0.44,2.51,opt,E93,2.0,A,,Simbad,83.85191,-5.44206,1.6664069875610883,0.3224256265775923,0.05236065508113028
24,1111,757,,,,2.09,15.24,,,,,,,,,,,,Simbad,05 35 24.37,-05 24 00.72,2,2MASS J05352445-0524010,M2,2.0,H13,3490.0,,,,,,,,,,1.46,opt,R09,,,c,Simbad,83.85187,-5.40028,1.2114839866283942,0.0,0.0
25,1112,759,,,99.0,2.59,14.82,,,,,,,,,,,,Simbad,05 35 24.40,-05 25 01.22,1,V2425 Ori,M1e,1.0,H,3630.0,,,,,,,,,,,,,3.0,,"c,f",Simbad,83.85217,-5.41711,1.8426768639002449,0.0,0.0
26,1115,754,,,96.0,11.58,13.6,,,,,,,,,,,,Simbad,05 35 24.53,-05 11 58.22,1,2MASS J05352461-0511582,M3.5,1.0,H13,3260.0,,,,,,,,,,6.88,opt,H02,,,c,Simbad,83.85257,-5.19951,1.296741213445736,0.0,0.0
27,1118,762,,2010.0,99.0,2.38,14.13,,2.63,16.76,6.524999294395505,3.58,M0e(H),2.15,-0.12,2.0,0.36,5.72,Simbad,05 35 24.59,-05 24 35.42,1,V1400 Ori,M0e,1.0,H13,3770.0,-0.32,0.52,0.1,0.11,2.2,0.8,1.4,1.62,0.22,,,,,A,f,Simbad,83.85287,-5.40992,1.5040164574908728,0.5041978643251775,0.05236065508113028
28,1122,764,,,98.0,2.75,15.26,,,,,,,,,,,,Simbad,05 35 24.78,-05 25 09.82,1,V2430 Ori,M3,1.0,H13,3360.0,,,,,,,,,,4.94,opt,H02,,,c,Simbad,83.8537,-5.41949,1.6490379507631876,0.0,0.0
29,1128,770,,,99.0,2.36,16.25,,1.19,17.44,9.354998294395505,3.544,M1.5-M2.5(H),0.0,-1.46,0.51,0.27,7.24,Simbad,05 35 25.02,-05 22 24.62,2,2MASS J05352512-0522252,M2,1.0,H,3490.0,-1.556,0.29,0.07,0.07,39.0,19.0,20.0,0.46,0.06,4.66,opt,R09,,A,g,Simbad,83.85471,-5.37369,1.7774085246782236,0.1958572019532738,0.05236065508113028
30,1132,3128,,,,6.83,14.87,,3.11,17.98,,,,,,,,,Simbad,05 35 25.13,-05 29 51.25,1,2MASS J05352522-0529516,M5,1.0,H13,2880.0,-0.852,0.12,0.05,0.09,0.6,0.35,2.3,1.51,0.34,2.47,opt,H00,2.0,,,Simbad,83.85508,-5.49767,1.3801653073698328,0.0,0.0
31,1133,778,,,99.0,10.21,15.11,,3.92,19.029999,8.354997294395504,3.509,M4(H),2.59,-0.26,2.38,0.16,4.57,Simbad,05 35 25.15,-05 33 20.82,1,V1533 Ori,M4,1.0,H,3160.0,-0.337,0.23,0.09,0.11,0.6,0.51,0.9,2.26,0.47,1.72,opt,H02,3.0,,,Simbad,83.85516,-5.55585,1.3414154043065931,0.2954527284244781,0.05236065508113028
32,1135,3095,,,,3.06,15.17,,,,,,,,,,,,Simbad,05 35 25.26,-05 25 29.20,1,V2436 Ori,M3.8,1.0,D10,3200.0,,,,,,,,,,2.62,opt,H02,,,c,Simbad,83.85561,-5.42488,1.3416512196832098,0.0,0.0
33,1141,776,b,,,2.71,15.85,,3.92,19.77,,,,,,,,,Simbad,05 35 25.39,-05 21 51.12,1,V496 Ori,M0,1.0,D10,3770.0,,,,,,,,,,4.39,opt,S99,,,c,Simbad,83.85596,-5.36431,0.7216941251287746,0.0,0.0
34,1143,783,,,95.0,10.93,14.17,,3.04,17.21,,,,,,,,,Simbad,05 35 25.44,-05 34 04.32,1,2MASS J05352547-0534028,M5,1.0,H,2880.0,-0.696,0.13,0.07,0.09,0.3,0.23,2.2,1.81,0.41,7.44,opt,H02,,N,g,Simbad,83.85612,-5.56746,1.5258319983856847,0.0,0.0
35,1147,787,,2022.0,99.0,7.33,12.7,,,,,3.571,M0.5(H),0.0,-0.07,2.22,0.3,5.52,Simbad,05 35 25.56,-05 30 20.42,1,V417 Ori,M0.5,1.0,H,3700.0,,,,,,,,,,9.0,opt,H00,2.0,,c,Simbad,83.85693,-5.5058,1.608056209788622,0.0,0.0
36,1149,782,,,99.0,2.31,14.18,,2.14,16.32,7.134997294395504,3.591,K8e(H),1.1,-0.41,1.36,0.54,6.3,Simbad,05 35 25.60,-05 23 09.12,2,V2441 Ori,K8e,1.0,H,3940.0,-0.514,0.68,0.07,0.08,7.1,2.7,3.9,1.19,0.14,0.84,opt,R09,,A,a,Simbad,83.85712,-5.38594,1.6461027762617295,0.4179634134048073,0.05236065508113028
37,1150,789,,,99.0,6.62,16.05,,4.16,20.21,8.404998294395503,3.518,"M3,M4,M5III(H)",3.72,-0.4,1.94,0.2,5.27,Simbad,05 35 25.61,-05 29 35.02,1,V1538 Ori,M4,1.0,H,3160.0,-0.563,0.23,0.1,0.12,1.8,1.6,0.5,1.74,0.36,3.21,opt,S99,2.0,,,Simbad,83.85715,-5.49315,1.6147240788908144,0.29018603590311565,0.05236065508113028
38,1154,792,,,99.0,3.38,13.64,,2.64,16.28,6.024999294395505,3.58,K8(H)M0.1(P),2.17,0.08,2.53,0.3,5.09,Simbad,05 35 25.90,-05 25 47.42,1,V1285 Ori,K8,1.0,H,3940.0,0.014,0.63,0.08,0.07,1.2,0.3,0.5,2.19,0.26,10.3,opt,E93,,N,g,Simbad,83.85837,-5.42994,1.6649536494041366,0.5927948985304557,0.05236065508113028
39,1160,795,,2033.0,99.0,4.87,10.59,,1.19,11.780001,2.544999294395504,3.744,G6(H)K1:(WSH)K0-K3(P)K0(Eetal)G3IV-V(Petal)G5IV(Ham),1.15,1.02,3.53,2.51,6.29,Simbad,05 35 26.10,-05 27 36.22,1,V1232 Ori,G6,1.0,H,5390.0,0.914,2.2,0.25,0.14,3.7,0.9,1.5,3.28,0.4,1.55,opt,H00,3.0,N,a,Simbad,83.85917,-5.46019,1.5750368382353257,0.0,0.0
40,1250,5071,,,,5.32,17.16,,,,,,,,,,,,Simbad,05 35 31.11,-05 19 31.74,1,2MASS J05353120-0519319,M5.5,1.0,H13,2840.0,,,,,,,,,,2.31,opt,H02,3.0,,c,Simbad,83.88003,-5.32555,1.471411474452662,0.0,0.0
41,1163,798,,,99.0,4.99,13.96,,2.34,16.3,8.214998294395505,3.518,M3.5(H),0.0,-0.47,1.79,0.2,5.56,Simbad,05 35 26.20,-05 27 43.52,1,2MASS J05352630-0527439,M0,1.0,H13,3770.0,-0.433,0.52,0.1,0.13,3.1,1.2,2.3,1.43,0.19,10.36,opt,H02,3.0,,,Simbad,83.8596,-5.4622,1.6036052236749292,0.30943875607837673,0.05236065508113028
42,1165,799,,2032.0,99.0,3.36,10.61,,1.36,11.969999,2.184997794395505,3.753,"G5(Par)G0III(HB)G-K:(GS)K1,M3(Sam)",1.7,1.16,3.95,2.68,6.3,Simbad,05 35 26.24,-05 25 39.72,1,AK Ori,K2,1.0,StE,4760.0,0.89,2.21,0.49,0.34,1.0,0.4,0.8,4.09,0.59,10.33,opt,G95,2.0,,a,Simbad,83.85976,-5.42782,1.588965214699791,0.0,0.0
43,1170,802,,,99.0,7.33,14.93,,3.64,18.57,,,,,,,,,Simbad,05 35 26.35,-05 30 16.12,1,2MASS J05352645-0530164,M6,1.0,H13,2800.0,-0.732,,,,,,,1.83,0.29,3.7,MIR,M11,2.0,,b,Simbad,83.86021,-5.50458,1.543564275984546,0.0,0.0
44,1173,3027,,,,7.11,15.03,,,,,,,,,,,,Simbad,05 35 26.65,-05 16 44.66,1,V2454 Ori,M3.5,1.0,H13,3260.0,,,,,,,,,,3.03,NIR,C01,,,c,Simbad,83.86139,-5.2792,1.330715563616128,0.0,0.0
45,1176,807,,,99.0,2.68,15.32,,,,,3.471,M6(H),0.0,-0.71,1.68,0.11,4.71,Simbad,05 35 26.85,-05 24 00.32,1,V2456 Ori,M3.5,1.0,H13,3260.0,,,,,,,,,,0.85,opt,R09,,N,c,Simbad,83.86236,-5.40016,1.7570008422365064,0.0,0.0
46,1178,805,,,99.0,8.07,15.22,,,,,,,,,,,,Simbad,05 35 26.94,-05 15 44.62,1,V2459 Ori,M5.5,1.0,H13,2840.0,,,,,,,,,,5.68,opt,R09,2.0,,c,Simbad,83.86274,-5.26243,1.761222357622957,0.0,0.0
47,1180,812,,,99.0,7.52,14.04,,3.41,17.45,,,,,,,,,Simbad,05 35 27.11,-05 30 24.42,1,2MASS J05352720-0530247,M5,1.0,H13,2880.0,-0.458,0.13,0.04,0.1,0.1,0.07,1.3,2.37,0.53,4.39,opt,S99,2.0,,,Simbad,83.86334,-5.50687,1.4027951575871784,0.0,0.0
48,1183,811,a,,99.0,6.79,13.38,,2.56,15.940001,5.884998294395505,3.58,M0(H),1.97,0.13,2.69,0.29,4.89,Simbad,05 35 27.35,-05 17 09.62,1,V1345 Ori,M0,1.0,H,3770.0,,,,,,,,,,11.1,opt,H00,2.0,,c,Simbad,83.86445,-5.2861,1.794967738250297,0.6240552123386318,0.05236065508113028
49,1187,815,,,99.0,4.89,13.77,,2.69,16.460001,8.004998294395504,3.526,M3(H)M3.2(P),0.37,-0.34,2.01,0.22,5.25,Simbad,05 35 27.39,-05 27 25.52,1,V1287 Ori,M3,1.0,H,3360.0,-0.421,0.3,0.08,0.08,1.5,0.5,0.6,1.82,0.3,6.42,opt,H00,,,g,Simbad,83.86457,-5.4572,1.6441389331370837,0.3291220469643065,0.05236065508113028
50,1188,818,,2048.0,98.0,12.26,12.13,,1.82,13.95,5.594997294395505,3.591,K8V(D),0.27,0.2,2.78,0.32,4.93,Simbad,05 35 27.43,-05 35 19.42,1,V1539 Ori,K8V,1.0,D,3940.0,0.106,0.6,0.05,0.1,0.9,0.2,0.4,2.43,0.29,4.62,opt,S99,3.0,,,Simbad,83.86462,-5.58875,1.1790985022964813,0.6987532505129153,0.05236065508113028
51,1190,817,,,99.0,5.83,13.75,,3.04,16.79,8.704998294395503,3.5,M4.5(P),0.0,-0.3,2.37,0.15,4.49,Simbad,05 35 27.45,-05 28 30.62,1,V1540 Ori,M4.5,1.0,P,3020.0,-0.456,0.17,0.06,0.1,0.2,0.13,1.4,2.16,0.43,2.23,opt,H00,3.0,,,Simbad,83.86479,-5.47525,1.5133127427294495,0.25983138689757995,0.05236065508113028
52,1191,3119,,,,6.15,16.83,,,,,,,,,,,,Simbad,05 35 27.61,-05 28 51.12,1,2MASS J05352769-0528514,M7,1.0,H13,2650.0,,,,,,,,,,4.16,opt,H02,3.0,,c,Simbad,83.86541,-5.48096,1.3620320587807102,0.0,0.0
53,1192,816,,,99.0,6.0,15.23,,3.46,18.689999,6.8049962943955045,3.562,M1(H),3.8,-0.14,2.13,0.29,5.55,Simbad,05 35 27.62,-05 18 04.52,1,V1541 Ori,M1,1.0,H,3630.0,-0.326,0.42,0.07,0.11,1.6,0.3,0.8,1.74,0.24,3.53,opt,R09,3.0,N,,Simbad,83.86557,-5.30129,1.7489075014090172,0.4643990364117562,0.05236065508113028
54,1194,823,,,99.0,5.45,13.88,,3.28,17.16,9.074998294395504,3.494,M5(H),0.0,-0.31,2.4,0.15,4.39,Simbad,05 35 27.78,-05 28 01.72,1,V1542 Ori,M5,1.0,H,2880.0,-0.456,0.13,0.04,0.1,0.1,0.07,1.3,2.38,0.54,9.0,opt,E93,,,g,Simbad,83.86621,-5.46722,1.6707562993936176,0.22270806229229168,0.05236065508113028
55,1195,819,,,99.0,7.03,13.16,,2.85,16.01,7.564999294395504,3.518,M3.5(H),0.36,-0.06,2.86,0.14,4.04,Simbad,05 35 27.82,-05 16 57.02,1,V1347 Ori,M3.5,1.0,H,3260.0,-0.151,0.27,0.08,0.1,0.3,0.23,0.9,2.64,0.49,5.76,opt,H02,3.0,N,,Simbad,83.86638,-5.28257,1.6770405142795093,0.3713689462020635,0.05236065508113028
56,1197,821,,,99.0,6.69,14.16,,3.16,17.32,8.594998294395504,3.509,M4(H),0.64,-0.35,2.13,0.17,4.89,Simbad,05 35 27.93,-05 17 20.02,1,2MASS J05352804-0517202,M4,1.0,H,3160.0,-0.431,0.23,0.1,0.12,1.2,1.11,0.5,2.03,0.42,,,,,,f,Simbad,83.86685,-5.28896,1.718996937441299,0.27143283655987616,0.05236065508113028
57,1198,825,,,99.0,2.91,15.75,,,,,3.526,M3e(H),0.0,-1.22,0.73,0.2,6.62,Simbad,05 35 28.02,-05 23 06.22,1,V2471 Ori,M3e,1.0,H,3360.0,,,,,,,,,,9.35,opt,R09,,A,c,Simbad,83.86721,-5.38511,1.6580586311106096,0.0,0.0
58,1200,822,,,99.0,12.11,15.74,,3.72,19.46,7.554997294395504,3.544,M2(H),3.82,-0.33,1.87,0.27,5.73,Simbad,05 35 28.06,-05 11 37.32,1,V1543 Ori,M2,1.0,H,3490.0,-0.453,0.35,0.05,0.08,1.8,0.4,0.9,1.62,0.23,6.4,opt,H02,,,g,Simbad,83.86736,-5.19377,1.6093000786382872,0.37232441273861444,0.05236065508113028
59,1204,827,,,98.0,6.22,16.34,,2.2,18.54,9.884999294395504,3.562,M1(H),0.57,-1.38,0.51,0.41,7.5,Simbad,05 35 28.24,-05 17 54.22,1,2MASS J05352835-0517544,M1,1.0,H,3630.0,-1.556,,,,,,,0.42,0.06,6.76,opt,H02,3.0,,b,Simbad,83.86813,-5.29847,1.682998265382753,0.16235916583635,0.05236065508113028
60,1205,828,,,99.0,5.81,13.9,,2.87,16.77,8.684998294395504,3.509,M4(H),0.0,-0.41,2.01,0.18,5.05,Simbad,05 35 28.24,-05 18 22.82,1,V1545 Ori,M4,1.0,H,3160.0,-0.508,0.23,0.11,0.1,1.5,1.4,0.6,1.86,0.39,1.14,opt,H02,3.0,,,Simbad,83.86814,-5.30641,1.7159014959522585,0.2618420515627735,0.05236065508113028
61,1206,830,,,99.0,3.4,13.0,,2.36,15.36,6.524998294395504,3.555,M1.5(H)M4(Eetal),0.75,0.01,2.61,0.25,4.8,Simbad,05 35 28.26,-05 25 03.12,1,V1288 Ori,M1.5,1.0,H,3560.0,-0.168,0.4,0.1,0.08,1.1,0.2,0.3,2.17,0.3,9.23,opt,H00,,N,g,Simbad,83.86825,-5.41761,1.813089863832393,0.5041978643251775,0.05236065508113028
62,1207,829,,,99.0,5.26,15.52,,3.72,19.24,8.144998294395505,3.526,M3(H),3.01,-0.39,1.89,0.22,5.45,Simbad,05 35 28.30,-05 19 01.92,1,2MASS J05352841-0519021,M3,1.0,H,3360.0,-0.478,0.31,0.09,0.09,1.7,0.4,0.7,1.7,0.28,3.23,opt,R09,,,g,Simbad,83.8684,-5.31725,1.7418380609306194,0.3158654536601959,0.05236065508113028
63,1210,834,,,99.0,7.72,12.99,,2.24,15.23,,,,,,,,,Simbad,05 35 28.82,-05 16 18.22,1,V497 Ori,K8e,1.0,H13,3940.0,0.024,0.64,0.08,0.07,1.2,0.3,0.5,2.21,0.26,7.01,opt,H02,2.0,,,Simbad,83.87055,-5.2718,1.6929777173332348,0.0,0.0
64,1211,835,,,99.0,12.14,14.06,,2.52,16.58,8.494998294395502,3.526,M3(H),0.0,-0.54,1.59,0.23,5.92,Simbad,05 35 28.82,-05 35 06.62,1,V1548 Ori,M3,1.0,H,3360.0,-0.643,0.29,0.08,0.09,2.3,0.5,1.3,1.41,0.23,8.85,opt,H02,2.0,,,Simbad,83.87042,-5.58522,1.21844725705141,0.2813749140873865,0.05236065508113028
65,1212,836,,,99.0,6.59,13.43,,2.2,15.63,6.504998294395504,3.58,M0(H),1.04,-0.11,2.03,0.35,5.71,Simbad,05 35 28.99,-05 29 10.02,1,V1550 Ori,M0,1.0,H,3770.0,-0.308,0.53,0.12,0.09,2.2,0.8,1.4,1.65,0.23,12.2,opt,H00,2.0,,,Simbad,83.87122,-5.4862,1.5639790147443189,0.5080995208654797,0.05236065508113028
66,1213,838,,,99.0,4.0,13.54,,2.94,16.48,8.314998294395503,3.509,M4(H),0.08,-0.24,2.42,0.16,4.52,Simbad,05 35 29.23,-05 25 46.02,1,2MASS J05352934-0525462,M4,1.0,H,3160.0,-0.32,0.23,0.09,0.13,0.4,0.33,1.0,2.3,0.48,7.75,opt,H02,,,g,Simbad,83.87226,-5.42952,1.6972477893912217,0.2992730738142913,0.05236065508113028
67,1214,837,,,99.0,7.55,13.3,,2.21,15.51,6.354999294395505,3.58,M0(H)M1(Eetal),1.07,-0.06,2.17,0.34,5.61,Simbad,05 35 29.34,-05 16 33.22,1,V1289 Ori,M1,1.0,H,3630.0,-0.334,0.43,0.08,0.09,1.7,0.4,0.9,1.72,0.24,10.6,opt,H02,3.0,N,,Simbad,83.87274,-5.27595,1.767876126971407,0.5348935275403243,0.05236065508113028
68,1216,3097,,,,3.94,16.05,,,,,,,,,,,,Simbad,05 35 29.40,-05 25 36.86,1,2MASS J05352948-0525372,M6,1.0,H13,2800.0,,,,,,,,,,2.86,opt,R09,,,c,Simbad,83.87283,-5.427,1.230577058271752,0.0,0.0
69,1217,839,,,99.0,3.62,13.5,,3.7,17.2,4.694999294395505,3.562,M1(H),4.42,0.7,5.62,0.15,2.97,Simbad,05 35 29.47,-05 24 56.62,1,V1290 Ori,M1,1.0,H,3630.0,0.516,0.41,0.06,0.1,0.04,0.03,0.16,4.58,0.64,7.52,opt,H02,3.0,N,,Simbad,83.87326,-5.4158,1.698491726428891,0.9859574562714499,0.05236065508113028
70,1218,843,,,98.0,8.49,13.77,,2.45,16.220001,7.565000294395505,3.544,M2(H),0.57,-0.33,1.86,0.27,5.74,Simbad,05 35 29.57,-05 31 11.92,1,V1552 Ori,M2,1.0,H,3490.0,-0.458,0.35,0.06,0.08,1.8,0.4,0.9,1.61,0.22,0.84,opt,H02,,,g,Simbad,83.87358,-5.5201,1.4025970204902714,0.3713689462020635,0.05236065508113028
71,1220,3019,,,,8.0,13.89,,3.4,17.29,,,,,,,,,Simbad,05 35 29.73,-05 16 05.98,1,2MASS J05352980-0516064,M3.5,1.0,H13,3260.0,-0.1,0.28,0.09,0.1,0.2,0.15,0.9,2.8,0.52,13.87,opt,H02,3.0,,,Simbad,83.8742,-5.26846,1.2585446344640758,0.0,0.0
72,1223,845,,,99.0,3.36,14.12,,2.32,16.44,8.124999294395503,3.544,M2e(H),0.23,-0.55,1.44,0.3,6.02,Simbad,05 35 29.75,-05 23 48.12,1,2MASS J05352986-0523484,M2e,1.0,H13,3490.0,-0.679,0.35,0.07,0.07,3.2,1.0,1.7,1.25,0.17,5.13,opt,R09,,A,g,Simbad,83.87442,-5.39678,1.6795100397293123,0.31749287626319767,0.05236065508113028
73,1225,841,,,99.0,11.43,14.41,,3.25,17.66,8.704997294395506,3.509,M4e(H),0.87,-0.4,2.03,0.18,5.02,Simbad,05 35 29.87,-05 12 27.32,1,V2485 Ori,M4e,1.0,H,3160.0,-0.475,0.24,0.12,0.11,1.4,1.31,0.5,1.93,0.4,4.69,opt,H02,2.0,A,,Simbad,83.87495,-5.20763,1.7688963694273447,0.25983138689757995,0.05236065508113028
74,1226,842,,,99.0,14.62,15.71,,4.08,19.79,10.414998294395504,3.483,M5.6(P),1.29,-0.65,1.7,0.12,4.84,Simbad,05 35 29.99,-05 09 09.22,1,V1291 Ori,M5.6,1.0,P,2832.0,-0.913,,,,,,,1.45,0.24,2.87,opt,R09,3.0,,b,Simbad,83.87542,-5.15263,1.673758910867293,0.1409615863436173,0.05236065508113028
75,1227,846,,,99.0,9.69,16.08,,4.13,20.21,9.544998294395503,3.5,M4.5(H),2.58,-0.6,1.67,0.15,5.26,Simbad,05 35 30.03,-05 14 18.42,1,V2486 Ori,M4.5,1.0,H,3020.0,-0.714,0.16,0.07,0.1,1.7,1.68,1.0,1.61,0.32,5.46,opt,H02,,,g,Simbad,83.87562,-5.2385,1.7836628200722957,0.1817932013636544,0.05236065508113028
76,1228,848,,,99.0,4.24,13.8,,2.73,16.53,8.394999294395506,3.518,M3.5(H),0.05,-0.4,1.95,0.2,5.26,Simbad,05 35 30.17,-05 25 51.32,1,V1554 Ori,M3.5,1.0,H,3260.0,-0.482,0.25,0.06,0.1,1.5,1.1,0.7,1.8,0.34,4.94,opt,H02,,N,g,Simbad,83.87617,-5.431,1.6780643750088378,0.29168115133416955,0.05236065508113028
77,1231,850,,2077.0,99.0,4.15,13.41,,2.14,15.55,6.3649982943955035,3.591,K8e(H),1.1,-0.11,1.94,0.4,5.76,Simbad,05 35 30.31,-05 25 38.32,1,V1348 Ori,K8e,1.0,H,3940.0,-0.206,0.64,0.06,0.07,2.3,0.8,1.1,1.7,0.2,7.78,opt,E93,2.0,A,,Simbad,83.87676,-5.42739,1.7022990350111735,0.5321517406153261,0.05236065508113028
78,1232,853,,,99.0,5.94,16.04,,3.13,19.170002,10.005000294395503,3.518,M3.5(H),1.08,-1.04,0.93,0.18,6.33,Simbad,05 35 30.34,-05 28 11.02,1,V2488 Ori,M4.5,1.0,H13,3020.0,-1.322,0.11,0.05,0.09,4.7,1.7,4.3,0.8,0.16,3.9,opt,H02,,,g,Simbad,83.87688,-5.46978,1.6710143141714071,0.15742934078935197,0.05236065508113028
79,1235,855,,,99.0,6.21,14.05,,2.34,16.39,8.024997294395503,3.544,M2.5(H)M1.8(P),0.28,-0.51,1.51,0.3,5.97,Simbad,05 35 30.39,-05 28 30.22,1,V1292 Ori,M2.5,1.0,H,3425.0,-0.672,0.31,0.06,0.09,2.6,0.6,1.7,1.31,0.2,7.08,opt,H02,2.0,,,Simbad,83.87704,-5.47517,1.5379792470731632,0.32743501491281596,0.05236065508113028
80,1238,851,,,99.0,8.84,15.69,,,,,,,,,,,,Simbad,05 35 30.52,-05 15 16.12,1,2MASS J05353063-0515162,M5.5,1.0,H13,2840.0,,,,,,,,,,2.59,opt,R09,,,c,Simbad,83.87765,-5.25451,1.73656672381678,0.0,0.0
81,1239,860,,,99.0,5.26,13.93,,2.91,16.84,8.244998294395502,3.518,M3.5(H)M3.7(P)M4:(Eetal),0.51,-0.33,2.09,0.2,5.1,Simbad,05 35 30.56,-05 27 16.42,1,V1293 Ori,M3.5,1.0,H,3260.0,-0.421,0.27,0.09,0.09,1.4,1.2,0.5,1.93,0.36,6.33,opt,H02,,N,g,Simbad,83.87776,-5.45465,1.5621708470593292,0.3062746097006688,0.05236065508113028
82,1242,859,,,99.0,3.73,14.98,,,,,3.494,M5(H),0.0,-0.75,1.44,0.14,5.37,Simbad,05 35 30.61,-05 24 30.92,1,2MASS J05353071-0524312,M3,1.0,H13,3360.0,,,,,,,,,,1.38,opt,R09,3.0,A,c,Simbad,83.87797,-5.40867,1.5626587834166157,0.0,0.0
83,1243,863,,,99.0,8.06,14.04,,2.62,16.66,8.574998294395504,3.518,M3.5(H),0.0,-0.5,1.72,0.21,5.75,Simbad,05 35 30.70,-05 30 35.82,1,V1555 Ori,M4.5,1.0,H13,3020.0,-0.572,0.18,0.08,0.08,0.7,0.62,1.5,1.89,0.37,7.91,opt,H00,2.0,,,Simbad,83.87833,-5.51006,1.5331490892197726,0.27353327723396353,0.05236065508113028
84,1245,3092,,,,4.13,14.27,,1.97,16.24,,,,,,,,,Simbad,05 35 30.83,-05 25 23.19,1,2MASS J05353092-0525236,M3.5,1.0,H13,3260.0,-0.732,0.24,0.09,0.11,2.5,1.1,1.6,1.35,0.25,0.65,opt,R09,,,g,Simbad,83.87885,-5.42323,1.4704372404686803,0.0,0.0
85,1246,865,,,99.0,4.31,14.34,,3.6,17.94,9.024998294395504,3.494,M5(H),0.83,-0.29,2.45,0.15,4.35,Simbad,05 35 30.85,-05 25 43.72,1,JW 865,M5,1.0,H,2880.0,-0.459,0.13,0.04,0.1,0.1,0.07,1.3,2.37,0.53,1.58,opt,R09,,N,g,Simbad,83.87901,-5.42888,1.6966602590373008,0.22791834890595689,0.05236065508113028
86,1247,862,,,99.0,5.88,15.46,,3.8,19.26,11.174998294395506,3.471,M6e(H),0.0,-0.77,1.57,0.11,4.77,Simbad,05 35 30.91,-05 18 45.02,1,V2495 Ori,M6e,1.0,H,2800.0,-0.944,,,,,,,1.43,0.22,3.49,opt,H02,3.0,A,b,Simbad,83.87927,-5.31258,1.7354214710523468,0.11128468851227456,0.05236065508113028
87,1249,864,,,99.0,11.51,14.45,,2.46,16.91,8.824998294395504,3.526,M3(H),0.0,-0.7,1.33,0.23,6.09,Simbad,05 35 31.09,-05 12 27.82,1,V1557 Ori,M3,1.0,H,3360.0,-0.824,0.28,0.08,0.09,3.5,1.0,2.6,1.14,0.19,3.7,opt,H02,3.0,,,Simbad,83.88,-5.20779,1.6583865841365102,0.24808751548161567,0.05236065508113028
88,1253,866,,2073.0,98.0,8.65,11.82,,2.13,13.95,2.7749982943955036,3.708,K1IV(Ham),3.09,0.99,3.98,1.95,5.7,Simbad,05 35 31.18,-05 15 32.92,1,V1294 Ori,K3,1.0,StE,4550.0,0.83,1.6,0.41,0.57,0.6,0.2,0.6,4.18,0.63,6.76,opt,H00,3.0,,,Simbad,83.8804,-5.25919,1.740419181064899,0.0,0.0
89,1258,872,,,99.0,6.15,15.18,,3.24,18.42,10.334998294395506,3.494,M5(H),0.0,-0.83,1.32,0.13,5.56,Simbad,05 35 31.30,-05 28 16.12,1,V1559 Ori,M5.5,1.0,H13,2840.0,-0.904,,,,,,,1.46,0.25,4.19,opt,H00,2.0,,b,Simbad,83.88088,-5.47121,1.6770890615115106,0.14388920115685183,0.05236065508113028
90,1260,870,,,,7.74,15.18,,2.47,17.65,,,,,,,,,Simbad,05 35 31.44,-05 16 36.52,1,2MASS J05353156-0516369,M3.5e,1.0,H13,3260.0,-1.096,0.21,0.09,0.12,5.1,1.8,5.4,0.89,0.17,3.83,opt,R09,2.0,,,Simbad,83.88151,-5.27693,1.8776496466183776,0.0,0.0
91,1264,878,,,99.0,7.69,14.44,,3.74,18.18,10.094998294395504,3.471,M6(H),0.0,-0.36,2.51,0.14,4.32,Simbad,05 35 31.58,-05 30 03.82,1,V1561 Ori,M6.5,1.0,H13,2725.0,-0.48,0.11,0.02,0.02,0.07,0.04,0.03,2.59,0.37,5.54,opt,H02,2.0,,,Simbad,83.88202,-5.50114,1.590323752159234,0.15343569266011503,0.05236065508113028
92,1265,875,,,99.0,7.72,15.88,,,,,,,,,,,,Simbad,05 35 31.64,-05 16 39.82,1,2MASS J05353175-0516399,M5.5e,1.0,H13,2840.0,,,,,,,,,,5.18,opt,R09,,,c,Simbad,83.8823,-5.27775,1.674789438818344,0.0,0.0
93,1267,880,,,99.0,7.27,14.17,,2.74,16.91,8.824998294395504,3.509,M4(H),0.0,-0.51,1.77,0.18,5.31,Simbad,05 35 31.69,-05 29 33.72,1,V1562 Ori,M4,1.0,H13,3160.0,-0.672,0.21,0.09,0.13,2.2,2.0,0.9,1.54,0.32,1.58,opt,H02,3.0,,,Simbad,83.88245,-5.4928,1.506884610599157,0.24808751548161567,0.05236065508113028
94,1269,5156,,,,9.25,17.02,,,,,,,,,,,,Simbad,05 35 31.84,-05 31 47.30,1,V2508 Ori,M8,1.0,H13,2570.0,,,,,,,,,,4.36,opt,H02,2.0,,c,Simbad,83.88307,-5.52994,1.5241331812766308,0.0,0.0
95,1278,884,,,99.0,9.81,14.91,,3.44,18.35,,,,,,,,,Simbad,05 35 32.30,-05 14 24.52,1,2MASS J05353242-0514247,M2.25,1.0,H13,3457.5,-0.323,0.36,0.09,0.06,1.4,0.3,0.3,1.92,0.28,2.7,opt,R09,,,g,Simbad,83.88509,-5.24022,1.8366296669527,0.0,0.0
96,1279,885,,,,9.17,16.33,,1.54,17.869999,,,,,,,,,Simbad,05 35 32.32,-05 15 06.52,1,V2516 Ori,M0.5,1.0,H13,3700.0,-1.616,,,,,,,0.38,0.05,9.1,opt,R09,2.0,,b,Simbad,83.88518,-5.25192,1.8815298606796251,0.0,0.0
97,1284,891,,,99.0,7.04,15.84,,3.11,18.95,8.194998294395505,3.555,M0-M3(H),2.67,-0.66,1.21,0.37,6.29,Simbad,05 35 32.69,-05 17 38.22,1,2MASS J05353280-0517384,M1.5,2.0,H,3560.0,-0.836,0.36,0.12,0.26,5.5,2.5,12.5,1.01,0.21,1.04,opt,H02,3.0,,,Simbad,83.8867,-5.29402,1.7803745517855114,0.31103306663070596,0.05236065508113028
98,1287,892,,,99.0,8.36,13.99,,2.22,16.21,6.124997294395504,3.623,late-K:(H),2.0,-0.13,1.63,0.65,6.14,Simbad,05 35 32.80,-05 16 05.02,1,2MASS J05353291-0516052,K7,3.0,H,3970.0,-0.319,0.69,0.27,0.34,3.8,2.3,8.7,1.46,0.31,8.56,opt,E93,3.0,,,Simbad,83.88715,-5.26812,1.7455717622486548,0.5747954519118786,0.05236065508113028
99,1288,894,,,99.0,7.14,14.65,,3.3,17.949999,,,,,,,,,Simbad,05 35 33.00,-05 17 33.82,1,2MASS J05353311-0517340,M5,1.0,H13,2880.0,-0.764,0.12,0.05,0.09,0.3,0.15,2.4,1.67,0.38,8.66,opt,H02,,,g,Simbad,83.88796,-5.29278,1.6596220206408925,0.0,0.0
100,1291,5076,,,,5.4,17.13,,3.62,20.75,7.774999294395505,3.591,K7-M0(H),4.89,-0.67,1.02,0.66,6.87,Simbad,05 35 33.15,-05 19 57.46,1,V2524 Ori,K8.5,2.0,H,3910.0,-0.806,0.65,0.19,0.09,18.5,10.8,26.5,0.86,0.13,6.99,opt,R09,,,a,Simbad,83.8885,-5.33271,1.3763626342677502,0.3509580207526128,0.05236065508113028
101,1292,896,,,99.0,9.06,15.72,,,,,,,,,,,,Simbad,05 35 33.47,-05 15 23.12,1,V2527 Ori,M1.8,1.0,D10,3518.0,,,,,,,,,,6.29,NIR,C01,,,c,Simbad,83.88997,-5.25645,1.836977613744224,0.0,0.0
102,1296,900,,,99.0,15.6,14.62,,2.78,17.4,9.134998294395503,3.518,M3.5(H),0.18,-0.69,1.39,0.2,6.05,Simbad,05 35 33.79,-05 38 21.22,1,V804 Ori,M3.5,1.0,H,3260.0,-0.778,0.25,0.1,0.09,2.8,0.9,1.9,1.28,0.24,5.32,opt,H02,3.0,,,Simbad,83.89104,-5.63908,1.0366016044631328,0.21650141180075821,0.05236065508113028
103,1298,904,,,99.0,10.93,16.77,,3.76,20.53,7.874999294395504,3.562,M1(H),4.57,-0.57,1.3,0.4,6.24,Simbad,05 35 34.20,-05 33 21.32,1,V2532 Ori,M1,1.0,H,3630.0,-0.754,0.41,0.07,0.11,5.4,2.1,4.3,1.06,0.15,3.01,opt,R09,2.0,,,Simbad,83.89287,-5.556,1.354988170009368,0.34117717245466045,0.05236065508113028
104,1299,902,,,84.0,5.74,15.32,,,,,,,,,,,,Simbad,05 35 34.26,-05 26 59.32,1,2MASS J05353437-0526596,M7,1.0,H13,2650.0,,,,,,,,,,3.21,opt,R09,,,c,Simbad,83.89324,-5.44992,1.7992475871753475,0.0,0.0
105,1301,3002,,,,11.19,15.87,,3.32,19.19,,,,,,,,,Simbad,05 35 34.41,-05 13 07.60,1,2MASS J05353449-0513077,M6,1.0,H13,2800.0,-1.108,,,,,,,1.19,0.19,1.41,opt,H02,3.0,,b,Simbad,83.89375,-5.21881,1.3493989010803409,0.0,0.0
106,1302,903,,,99.0,8.76,15.59,,,,,,,,,,,,Simbad,05 35 34.50,-05 15 52.62,1,2MASS J05353461-0515528,M4.3,1.0,D10,3076.0,,,,,,,,,,,,,,,"c,f",Simbad,83.89425,-5.26467,1.802660766739942,0.0,0.0
107,1303,905,,,99.0,5.96,16.33,,,,,,,,,,,,Simbad,05 35 34.54,-05 27 14.82,1,2MASS J05353464-0527151,M4.7,1.0,D10,2964.0,,,,,,,,,,0.43,opt,R09,3.0,,c,Simbad,83.89437,-5.45421,1.658992944754672,0.0,0.0
108,1304,906,,,99.0,12.14,14.17,,2.45,16.62,8.534998294395505,3.526,M3(H),0.0,-0.58,1.51,0.23,5.98,Simbad,05 35 34.61,-05 34 38.02,1,V2539 Ori,M3,1.0,H,3360.0,-0.712,0.29,0.09,0.09,2.7,0.6,1.8,1.3,0.22,10.66,opt,H02,2.0,N,,Simbad,83.89452,-5.57725,1.1195504974213275,0.27707019361383173,0.05236065508113028
109,1306,910,,,99.0,6.49,15.89,,3.52,19.41,8.404998294395503,3.535,M2.5(H),2.92,-0.59,1.45,0.27,6.02,Simbad,05 35 35.01,-05 27 54.42,1,2MASS J05353512-0527548,M2,1.0,H13,3490.0,-0.638,0.36,0.07,0.06,3.0,1.0,1.3,1.31,0.18,1.37,opt,R09,3.0,N,,Simbad,83.89633,-5.46524,1.6899238526569105,0.29018603590311565,0.05236065508113028
110,1308,913,,,98.0,11.43,16.96,,1.59,18.55,9.184997294395503,3.679,K1-K5e(H),1.28,-1.52,0.26,,,Simbad,05 35 35.05,-05 33 49.02,1,V2542 Ori,K3,2.0,H,4550.0,-1.563,,,,,,,0.27,0.06,9.56,opt,H02,2.0,A,b,Simbad,83.89642,-5.56367,1.3691133587694544,0.2115521200339485,0.05236065508113028
111,1313,914,,,99.0,9.02,13.18,,2.09,15.27,7.124998294395505,3.555,M1-M2(H)M3(Eetal),0.06,-0.23,1.98,0.28,5.7,Simbad,05 35 35.49,-05 15 43.12,1,V425 Ori,M1.5,1.0,H,3560.0,-0.34,0.38,0.06,0.08,1.5,0.3,0.7,1.78,0.25,7.71,opt,E93,,,g,Simbad,83.89836,-5.26201,1.7425073122015406,0.41903875925452083,0.05236065508113028
112,1315,918,,,97.0,16.48,15.1,,2.41,17.51,,,,,,,,,Simbad,05 35 35.55,-05 39 09.02,2,V2547 Ori,M3,1.0,H13,3360.0,-1.084,0.26,0.08,0.1,6.8,2.9,5.7,0.85,0.14,0.76,opt,R09,2.0,,,Simbad,83.89834,-5.65227,1.145586513764942,0.0,0.0
113,1325,923,,2123.0,98.0,11.9,13.16,,2.12,15.28,6.824998294395504,3.562,M1(H),0.37,-0.15,2.11,0.29,5.59,Simbad,05 35 36.36,-05 34 11.02,1,V568 Ori,M1,1.0,H,3630.0,-0.334,0.43,0.08,0.09,1.7,0.4,0.9,1.72,0.24,1.15,opt,H02,2.0,,,Simbad,83.90184,-5.56976,1.2237315850254604,0.46083295247875117,0.05236065508113028
114,1326,3049,,,,5.95,16.49,,,,,,,,,,,,Simbad,05 35 36.41,-05 20 09.04,1,2MASS J05353650-0520094,M3.5,1.0,H13,3260.0,,,,,,,,,,9.87,MIR,M11,,,c,Simbad,83.90209,-5.33596,1.42989709103272,0.0,0.0
115,1331,927,,,99.0,15.28,13.96,,2.29,16.25,8.164998294395504,3.509,M4(H),0.0,-0.43,1.95,0.18,5.1,Simbad,05 35 36.73,-05 37 46.92,1,2MASS J05353679-0537464,M4,1.0,H,3160.0,-0.588,0.22,0.08,0.11,1.9,1.7,0.7,1.69,0.35,1.99,opt,R09,,,g,Simbad,83.90329,-5.62958,0.989024175595116,0.31343994750929544,0.05236065508113028
116,1332,925,,,93.0,13.88,13.92,,2.45,16.37,,,,,,,,,Simbad,05 35 37.05,-05 10 29.32,1,V1569 Ori,M3,1.0,Sta,3360.0,-0.612,0.28,0.06,0.1,2.1,0.4,1.2,1.46,0.24,4.71,opt,S99,,,g,Simbad,83.90484,-5.17487,1.6806019649683523,0.0,0.0
117,1334,930,,,99.0,6.55,14.08,,2.56,16.64,5.684997794395505,3.623,K5-K7(H),2.87,0.04,2.0,0.57,5.82,Simbad,05 35 37.47,-05 27 16.12,1,V1350 Ori,M3.5,1.0,H13,3260.0,-0.656,0.24,0.08,0.12,2.2,1.4,1.2,1.47,0.28,2.88,opt,H00,3.0,N,,Simbad,83.90658,-5.45458,1.6715935800375006,0.6757978081638902,0.05236065508113028
118,1335,929,,,99.0,6.41,15.86,,3.82,19.68,10.974998294395503,3.483,M5.5(H),0.62,-0.88,1.32,0.11,5.25,Simbad,05 35 37.49,-05 19 44.02,1,2MASS J05353761-0519441,M5.5,1.0,H,2840.0,-1.107,,,,,,,1.16,0.2,0.81,opt,H02,3.0,,b,Simbad,83.90672,-5.32894,1.8413566393842,0.11927940581045728,0.05236065508113028
119,1336,933,,,98.0,7.33,13.65,,2.48,16.13,8.044998294395503,3.509,M4(H),0.0,-0.31,2.25,0.17,4.73,Simbad,05 35 37.93,-05 28 21.12,1,V1571 Ori,M4,1.0,H,3160.0,-0.464,0.23,0.09,0.11,1.3,1.2,0.6,1.95,0.41,5.98,opt,H00,2.0,,,Simbad,83.90847,-5.47265,1.591394793459375,0.3249206670045905,0.05236065508113028
120,1338,934,,,99.0,7.48,15.76,,2.81,18.57,9.814998294395503,3.526,M3e(H),0.67,-1.06,0.88,0.21,6.44,Simbad,05 35 38.02,-05 28 33.22,1,2MASS J05353812-0528336,M3e,1.0,H,3360.0,-1.142,0.25,0.08,0.1,7.6,3.2,6.9,0.79,0.13,2.51,opt,R09,2.0,A,,Simbad,83.90885,-5.476,1.5986989932975002,0.16530588173128866,0.05236065508113028
121,1340,936,,,99.0,7.54,14.81,,2.98,17.79,9.014998294395506,3.518,M3.5(H),0.69,-0.64,1.47,0.2,6.02,Simbad,05 35 38.24,-05 28 34.32,1,2MASS J05353834-0528346,M3.5,1.0,H,3260.0,-0.73,0.24,0.09,0.11,2.5,1.1,1.6,1.35,0.25,9.98,opt,R09,2.0,,,Simbad,83.90979,-5.47629,1.6682616463638804,0.2285047424579021,0.05236065508113028
122,1344,938,,2144.0,99.0,12.05,12.59,,2.7,15.29,2.844998294395504,3.695,K2(H),4.36,0.99,4.23,1.55,5.5,Simbad,05 35 38.74,-05 12 41.72,1,V426 Ori,K2,1.0,H,4760.0,0.935,2.26,0.57,0.34,0.9,0.4,0.7,4.31,0.62,5.15,opt,H02,2.0,N,a,Simbad,83.9119,-5.21166,1.7516151076664257,0.0,0.0
123,1346,941,,,99.0,6.09,15.53,,3.42,18.95,6.904999294395504,3.571,K8-M0.5(H),3.96,-0.24,1.83,0.35,5.8,Simbad,05 35 38.89,-05 21 01.62,1,2MASS J05353901-0521017,K9,2.0,H,3880.0,-0.32,0.59,0.15,0.31,2.8,1.3,4.9,1.53,0.26,1.69,opt,R09,3.0,N,,Simbad,83.91255,-5.35048,1.8252246302269888,0.4502981632660292,0.05236065508113028
124,1348,942,,,99.0,6.36,16.36,,3.42,19.78,9.454998294395503,3.526,M3(H),2.24,-0.92,1.03,0.22,6.28,Simbad,05 35 38.96,-05 20 25.62,1,2MASS J05353907-0520257,M3,1.0,H,3360.0,-1.001,0.26,0.08,0.1,5.3,1.9,4.5,0.93,0.16,4.51,MIR,M11,3.0,,,Simbad,83.91282,-5.34049,1.7503284443886629,0.18845194657974051,0.05236065508113028
125,1350,3012,,,,9.55,15.96,,3.86,19.82,,,,,,,,,Simbad,05 35 39.75,-05 15 49.02,1,2MASS J05353984-0515493,M5.5,1.0,H13,2840.0,-1.122,,,,,,,1.14,0.2,0.76,opt,R09,,,b,Simbad,83.916,-5.26369,1.3699845943781177,0.0,0.0
126,1358,952,,,99.0,10.58,13.86,,2.66,16.52,,,,,,,,,Simbad,05 35 40.74,-05 32 01.62,1,2MASS J05354082-0532018,M3.6,1.0,D10,3240.0,-0.564,0.27,0.1,0.09,1.9,1.4,0.6,1.65,0.32,2.57,opt,H02,3.0,,,Simbad,83.92012,-5.53386,1.3542159386151755,0.0,0.0
127,1360,955,,,98.0,16.35,14.9,,,,,,,,,,,,Simbad,05 35 41.18,-05 38 30.32,1,2MASS J05354123-0538294,M5,1.0,H13,2880.0,,,,,,,,,,2.58,opt,R09,2.0,,c,Simbad,83.9218,-5.64152,1.149619226316468,0.0,0.0
128,1363,956,,,98.0,16.41,14.8,,,,,,,,,,,,Simbad,05 35 41.26,-05 38 33.72,1,2MASS J05354130-0538329,M4.5,1.0,H13,3020.0,,,,,,,,,,0.73,opt,R09,2.0,,c,Simbad,83.92209,-5.64249,0.9783392872549198,0.0,0.0
129,1366,957,,,99.0,14.65,14.38,,3.7,18.08,4.894998294395505,3.591,K6-K8(H),5.1,0.48,3.82,0.18,3.85,Simbad,05 35 41.89,-05 10 11.22,1,V2573 Ori,K7,2.0,H,3970.0,0.449,0.63,0.13,0.26,0.5,0.3,0.2,3.54,0.51,8.21,MIR,M11,2.0,N,,Simbad,83.92506,-5.16986,1.8787922746196672,0.9104674242759904,0.05236065508113028
130,1367,3001,,,,12.19,15.74,,3.87,19.61,,,,,,,,,Simbad,05 35 41.95,-05 12 59.64,1,2MASS J05354205-0512595,M5.5,1.0,H13,2840.0,-1.028,,,,,,,1.27,0.22,3.24,opt,R09,,,b,Simbad,83.92525,-5.21653,1.648459430958544,0.0,0.0
131,1370,962,,2175.0,99.0,7.71,13.26,,1.97,15.2300005,5.794998294395505,3.623,K6(H),1.35,0.0,1.9,0.58,5.89,Simbad,05 35 42.37,-05 27 32.72,1,OQ Ori,K6,1.0,H,4020.0,-0.114,0.71,0.1,0.14,2.1,0.7,1.5,1.81,0.23,9.56,opt,H02,,N,g,Simbad,83.92698,-5.45918,1.604721380572986,0.6469131884816507,0.05236065508113028
132,1371,966,,,99.0,12.31,16.12,,3.71,19.830002,9.695001294395505,3.509,M4(H),2.05,-0.79,1.29,0.17,6.06,Simbad,05 35 42.50,-05 33 48.82,1,2MASS J05354257-0533489,M5.5,1.0,H13,2840.0,-1.28,,,,,,,0.95,0.16,1.63,opt,R09,3.0,,b,Simbad,83.92742,-5.56358,1.20820566221049,0.17048235691748292,0.05236065508113028
133,1372,964,,,99.0,7.08,14.65,,3.59,18.24,10.124998294395505,3.483,M5.5(H),0.03,-0.54,1.95,0.13,4.62,Simbad,05 35 42.51,-05 26 08.02,1,2MASS J05354261-0526083,M5.5,1.0,H,2840.0,-0.692,0.13,0.07,0.04,0.3,0.23,1.2,1.86,0.32,0.7,opt,R09,3.0,,e,Simbad,83.92758,-5.43566,1.66904297964453,0.15225747195885675,0.05236065508113028
134,1374,965,,,99.0,6.95,15.44,,3.32,18.76,9.114998294395503,3.518,M3.5(H),1.56,-0.68,1.4,0.2,6.05,Simbad,05 35 42.56,-05 25 44.82,1,2MASS J05354267-0525450,M3.5,1.0,H13,3260.0,-0.769,0.24,0.09,0.11,2.7,0.9,1.9,1.29,0.24,2.12,opt,H02,,,g,Simbad,83.9278,-5.42919,1.6931715662131472,0.21873810441653704,0.05236065508113028
135,1381,972,,2184.0,99.0,11.52,13.31,,2.02,15.33,7.134998294395505,3.562,M1(H),0.11,-0.28,1.83,0.33,5.8,Simbad,05 35 43.32,-05 32 43.92,1,V570 Ori,M1,1.0,H,3630.0,-0.4,0.43,0.08,0.09,2.0,0.6,1.2,1.59,0.22,8.07,opt,H02,2.0,N,,Simbad,83.93082,-5.54558,1.158850514889298,0.4179634134048073,0.05236065508113028
136,1382,973,,,99.0,11.12,15.98,,3.35,19.33,11.064998294395503,3.494,M5(H),0.18,-1.11,0.96,0.12,6.19,Simbad,05 35 43.51,-05 32 11.62,1,2MASS J05354359-0532118,M5,1.0,H,2880.0,-1.271,,,,,,,0.93,0.21,1.86,opt,R09,,,b,Simbad,83.93167,-5.53661,1.367023061094871,0.1156576416844446,0.05236065508113028
137,1394,982,,2200.0,99.0,8.67,13.51,,2.12,15.63,7.174998294395504,3.562,M1e(H),0.37,-0.29,1.79,0.33,5.82,Simbad,05 35 45.28,-05 28 10.52,1,AP Ori,M1.75,1.0,H13,3525.0,-0.466,0.36,0.05,0.09,1.9,0.4,1.1,1.57,0.22,6.94,NIR,C01,2.0,A,,Simbad,83.93908,-5.46966,1.5031843988366411,0.41156904214852047,0.05236065508113028
138,1403,989,,,99.0,9.09,13.68,,2.47,16.15,7.4449982943955035,3.544,M2(H),0.62,-0.28,1.97,0.25,5.59,Simbad,05 35 46.11,-05 18 08.32,1,V2590 Ori,M1.5,1.0,H13,3560.0,-0.372,0.38,0.07,0.09,1.6,0.3,0.8,1.72,0.24,9.71,MIR,M11,2.0,,,Simbad,83.94265,-5.30237,1.8938159445998923,0.38201533059888443,0.05236065508113028
139,1408,5175,,,,14.38,17.5,,,,,,,,,,,,Simbad,05 35 46.48,-05 35 38.13,1,2MASS J05354658-0535386,M5,1.0,H13,2880.0,,,,,,,,,,1.15,opt,R09,,,c,Simbad,83.94412,-5.59406,1.6953795932982434,0.0,0.0
140,1409,990,,,99.0,7.58,14.05,,2.88,16.93,8.844998294395504,3.5,M4.5(H),0.0,-0.42,2.07,0.16,4.83,Simbad,05 35 46.50,-05 22 24.12,1,2MASS J05354661-0522243,M4.5,1.0,H,3020.0,-0.576,0.17,0.07,0.08,0.4,0.32,1.8,1.88,0.37,2.16,opt,H02,3.0,,,Simbad,83.94422,-5.37342,1.6954709993232049,0.24618247082481823,0.05236065508113028
141,1412,993,,,99.0,9.53,14.96,,3.22,18.18,10.094998294395504,3.494,M5(H),0.0,-0.74,1.46,0.14,5.35,Simbad,05 35 47.12,-05 17 43.32,1,2MASS J05354723-0517434,M5,1.0,H,2880.0,-0.888,0.1,0.04,0.1,0.3,0.2,2.9,1.45,0.33,2.7,opt,R09,,,g,Simbad,83.94679,-5.29539,1.6391374142955952,0.15343569266011503,0.05236065508113028
142,1413,995,,2207.0,98.0,12.69,12.99,,2.11,15.099999,6.904998294395504,3.555,M1.5(H),0.11,-0.14,2.19,0.26,5.3,Simbad,05 35 47.27,-05 13 18.32,1,V1124 Ori,M1.5,1.0,H,3560.0,-0.264,0.39,0.09,0.08,1.3,0.2,0.5,1.94,0.27,8.18,opt,S99,3.0,,,Simbad,83.94746,-5.22183,1.8183629027976005,0.4502981632660292,0.05236065508113028
143,1415,998,,2209.0,99.0,7.76,13.25,,2.32,15.57,7.4849982943955045,3.535,M2.5(H),0.0,-0.24,2.15,0.23,5.17,Simbad,05 35 47.36,-05 22 49.32,1,V427 Ori,M2,1.0,H13,3490.0,-0.331,0.35,0.06,0.08,1.4,0.2,0.5,1.87,0.26,4.91,opt,H02,3.0,,,Simbad,83.94782,-5.38042,1.754816170594237,0.3781090570607462,0.05236065508113028
144,1420,1002,,,99.0,16.27,14.57,,3.08,17.65,9.564998294395503,3.471,M6e(H),0.0,-0.41,2.37,0.14,4.38,Simbad,05 35 47.61,-05 37 39.52,1,V2598 Ori,M6e,1.0,H,2800.0,-0.588,0.1,0.01,0.07,0.08,0.02,0.42,2.16,0.34,3.94,opt,H02,2.0,A,,Simbad,83.94854,-5.62745,0.9162112838478096,0.17993428651124,0.05236065508113028
145,1423,1004,,,99.0,11.65,13.75,,2.1,15.85,7.454998294395503,3.562,M1(H),0.31,-0.4,1.58,0.36,5.95,Simbad,05 35 48.08,-05 31 55.62,1,V1583 Ori,M1,1.0,H,3630.0,-0.576,0.42,0.07,0.1,3.2,1.1,2.3,1.3,0.18,6.53,opt,S99,3.0,N,,Simbad,83.95067,-5.53214,1.2092758400575356,0.3810349950303625,0.05236065508113028
146,1431,1012,,,99.0,12.33,16.25,,3.68,19.93,8.514998294395506,3.535,M2.5(H),3.33,-0.63,1.38,0.27,6.07,Simbad,05 35 49.68,-05 32 29.02,1,2MASS J05354975-0532291,M5,1.0,H13,2880.0,-1.173,,,,,,,1.04,0.23,2.21,opt,R09,3.0,,b,Simbad,83.95733,-5.54142,1.1860217009614555,0.27921425809630035,0.05236065508113028
147,1437,1013,,2234.0,99.0,8.67,14.56,,2.3,16.86,8.774998294395504,3.526,M3e(H),0.0,-0.74,1.26,0.23,6.13,Simbad,05 35 50.07,-05 21 16.72,1,V364 Ori,M3e,1.0,H,3360.0,-0.868,0.27,0.07,0.1,3.8,1.1,2.9,1.09,0.18,2.0,opt,R09,2.0,A,,Simbad,83.95911,-5.35472,1.7595315119584116,0.2532400162737963,0.05236065508113028
148,1442,1018,,,99.0,13.07,15.34,,3.03,18.37,10.284998294395505,3.483,M5.5(H),0.0,-0.82,1.41,0.11,5.15,Simbad,05 35 50.86,-05 33 12.75,1,2MASS J05355096-0533133,M5.5,1.0,H,2840.0,-0.968,,,,,,,1.36,0.23,2.5,opt,R09,,,b,Simbad,83.96233,-5.55369,1.5743451724682804,0.14612474581095003,0.05236065508113028
149,1444,1019,,,1.0,10.51,14.92,,2.87,17.79,,,,,,,,,Simbad,05 35 51.66,-05 17 39.32,1,2MASS J05355176-0517394,M4.5,1.0,H13,3020.0,-0.924,0.14,0.06,0.1,2.4,2.2,1.5,1.26,0.25,1.25,opt,R09,,,g,Simbad,83.96571,-5.29431,1.660543226427261,0.0,0.0
150,1447,1020,,2253.0,99.0,10.4,12.65,,1.4,14.049999,5.964997294395504,3.623,K6(H)K0(Par)K0:(J)K0:(GS),0.0,-0.08,1.72,0.62,6.04,Simbad,05 35 51.94,-05 28 47.02,1,AQ Ori,K6,1.0,H,4020.0,-0.12,0.72,0.14,0.15,2.2,0.8,1.6,1.8,0.23,4.91,opt,H02,,N,g,Simbad,83.96675,-5.47978,1.2092197843514565,0.6035537499999128,0.05236065508113028
151,1456,1025,,,99.0,11.27,15.93,,4.01,19.94,10.744998294395502,3.483,M5.5 (H),1.11,-0.78,1.46,0.11,5.08,Simbad,05 35 54.04,-05 17 10.22,1,V2619 Ori,M5.5,1.0,H,2840.0,-1.017,,,,,,,1.28,0.22,4.52,opt,H02,2.0,,b,Simbad,83.97564,-5.28622,1.7054483049106748,0.12817739687723836,0.05236065508113028
152,1459,1026,b,,,10.08,,,,,,,,,,,,,Simbad,05 35 54.39,-05 26 45.24,1,OW Ori,M0.5e,1.0,H,3700.0,,,,,,,,,,4.21,opt,H02,2.0,,c,Simbad,83.97639,-5.44569,1.1317268707731294,0.0,0.0
153,1461,1030,,2270.0,99.0,10.24,13.67,,2.18,15.85,7.764998294395504,3.544,M2(H),0.0,-0.43,1.66,0.29,5.88,Simbad,05 35 54.54,-05 27 07.42,1,OX Ori,M2,1.0,H,3490.0,-0.524,0.35,0.05,0.08,2.1,0.5,1.1,1.5,0.21,8.45,MIR,M11,2.0,N,,Simbad,83.97762,-5.4521,1.333344356295435,0.3518609735923497,0.05236065508113028
154,1464,1032,,,99.0,9.65,16.17,,3.9,20.07,11.154998294395503,3.483,M5.5(H),0.83,-0.95,1.21,0.11,5.39,Simbad,05 35 54.87,-05 22 35.42,1,2MASS J05355498-0522355,M5.5,1.0,H,2840.0,-1.181,,,,,,,1.06,0.18,0.46,opt,R09,3.0,,b,Simbad,83.97912,-5.37653,1.7763411033788326,0.11214584771879076,0.05236065508113028
155,1468,1035,,,98.0,12.1,14.09,,2.35,16.44,8.354998294395505,3.526,M3(H),0.0,-0.55,1.57,0.23,5.94,Simbad,05 35 56.30,-05 16 31.62,1,2MASS J05355641-0516318,M3,1.0,H,3360.0,-0.68,0.29,0.09,0.09,2.5,0.5,1.5,1.35,0.22,0.7,opt,H02,,N,g,Simbad,83.98504,-5.27553,1.6621767568413413,0.2954527284244781,0.05236065508113028
156,1473,1039,,,99.0,11.71,15.4,,2.92,18.32,10.234998294395504,3.494,M5(H),0.0,-0.92,1.19,0.13,5.95,Simbad,05 35 57.56,-05 17 46.42,1,2MASS J05355768-0517465,M5,1.0,H,2880.0,-1.064,,,,,,,1.18,0.27,1.32,opt,H02,3.0,,b,Simbad,83.99033,-5.29628,1.7902650836697374,0.14801420881226798,0.05236065508113028
157,1478,1042,,,99.0,14.25,15.98,,2.7,18.68,10.594998294395504,3.483,M5.5(H),0.0,-1.08,1.05,0.1,5.71,Simbad,05 35 58.84,-05 32 53.40,1,V2630 Ori,M5.5,1.0,H,2840.0,-1.224,,,,,,,1.01,0.17,8.31,MIR,M11,2.0,,b,Simbad,83.9956,-5.5483,1.625192714029594,0.13390050691206104,0.05236065508113028
158,1483,5141,,,,12.74,16.34,,3.97,20.31,8.144998294395505,3.535,M2-M3(H),4.08,-0.49,1.63,0.26,5.9,Simbad,05 35 59.84,-05 30 02.89,1,2MASS J05355995-0530033,M3.5,1.0,H13,3260.0,-0.724,0.25,0.1,0.1,2.5,0.7,1.5,1.36,0.25,5.43,opt,R09,,,g,Simbad,83.99979,-5.50094,1.709367052388585,0.3158654536601959,0.05236065508113028
159,1484,1047,,2296.0,99.0,15.52,14.15,,2.84,16.99,8.904998294395503,3.509,M4(H),0.0,-0.51,1.79,0.18,5.29,Simbad,05 36 00.20,-05 34 23.01,1,[H97b] 1047,M4.5,1.0,H13,3020.0,-0.616,0.17,0.07,0.09,0.8,0.72,1.5,1.8,0.36,1.43,opt,R09,3.0,,,Simbad,84.00121,-5.57322,1.4697339270662266,0.23993734422306234,0.05236065508113028
160,1487,1048,,,99.0,11.98,14.96,,3.18,18.14,10.054998294395505,3.483,M5.5(H),0.0,-0.67,1.68,0.12,4.86,Simbad,05 36 01.28,-05 19 10.52,1,V1596 Ori,M5.5,1.0,H,2840.0,-0.816,0.11,0.04,0.04,0.3,0.15,1.8,1.62,0.28,1.18,opt,H02,,,g,Simbad,84.0058,-5.31963,1.679298767114314,0.1550208485162146,0.05236065508113028
161,1490,5028,,,,14.02,15.16,,4.07,19.23,10.794998294395503,3.471,M6(H),0.35,-0.57,1.99,0.12,4.54,Simbad,05 36 02.67,-05 15 26.81,1,2MASS J05360276-0515269,M6,1.0,H,2800.0,-0.824,,,,,,,1.65,0.26,4.88,opt,H02,3.0,,b,Simbad,84.0115,-5.25749,1.353112601006592,0.12621642652430543,0.05236065508113028
162,1491,1051,,,99.0,14.99,15.85,,3.91,19.76,8.184998294395504,3.526,M3(H),3.49,-0.41,1.86,0.22,5.52,Simbad,05 36 02.72,-05 32 53.84,1,2MASS J05360282-0532543,M3,1.0,H,3360.0,-0.492,0.3,0.06,0.1,1.7,0.4,0.7,1.68,0.28,2.25,opt,H02,2.0,,,Simbad,84.01179,-5.54844,1.7243567948529697,0.3118332996333996,0.05236065508113028
163,1492,5110,,,,11.75,15.38,,3.1,18.48,10.394998294395505,3.5,M4.5(H),0.0,-0.95,1.12,0.14,6.11,Simbad,05 36 03.25,-05 24 22.85,1,2MASS J05360335-0524232,M4.5,1.0,H,3020.0,-1.077,0.13,0.06,0.09,3.4,2.4,1.8,1.06,0.21,1.22,opt,R09,,,g,Simbad,84.014,-5.40644,1.6762719229414038,0.14168785782760615,0.05236065508113028
164,1493,1052,,,98.0,11.81,16.5,,3.94,20.44,12.334998294395506,3.471,M6(H),0.02,-1.18,0.98,0.07,5.3,Simbad,05 36 03.39,-05 24 35.92,1,2MASS J05360348-0524359,M6,1.0,H,2800.0,-1.36,,,,,,,0.89,0.14,3.56,opt,H02,3.0,,b,Simbad,84.0145,-5.41,1.346365353671092,0.0,0.0
165,1494,1053,,,99.0,13.71,15.07,,2.69,17.76,9.674998294395506,3.494,M5(H),0.0,-0.79,1.39,0.13,5.44,Simbad,05 36 03.75,-05 30 18.31,1,V2636 Ori,M5,1.0,H,2880.0,-0.932,,,,,,,1.38,0.31,1.05,opt,H02,2.0,,b,Simbad,84.01609,-5.50522,1.7345918934137907,0.1718016080487099,0.05236065508113028
166,1497,5068,,,,13.09,15.96,,3.26,19.22,10.784997294395504,3.5,M4.5(H),0.35,-1.1,0.95,0.13,6.24,Simbad,05 36 05.66,-05 18 55.58,1,V1767 Ori,M4.5,1.0,H,3020.0,-1.209,0.12,0.06,0.09,4.2,2.7,2.8,0.91,0.18,20.78,opt,Re01,3.0,,d,Simbad,84.024,-5.3155,1.5096656448247423,0.1265411590393429,0.05236065508113028
167,1506,5087,,,,13.25,13.84,,2.74,16.58,8.494998294395502,3.509,M4(H),0.0,-0.38,2.06,0.18,4.98,Simbad,05 36 08.58,-05 21 01.90,1,V1129 Ori,M4,1.0,H,3160.0,-0.54,0.22,0.07,0.13,1.6,1.4,0.6,1.79,0.37,0.81,opt,H02,,,g,Simbad,84.0362,-5.3506,1.6337624416797658,0.2813749140873865,0.05236065508113028
168,1512,5123,,,,14.01,15.58,,3.99,19.57,7.784998294395503,3.526,M3(H),3.7,-0.25,2.23,0.21,5.01,Simbad,05 36 09.94,-05 27 31.28,1,V1600 Ori,M6.5,1.0,H13,2725.0,-0.936,,,,,,,1.53,0.22,2.11,opt,R09,3.0,,b,Simbad,84.04192,-5.45881,1.855728223226354,0.35005738508895384,0.05236065508113028
169,1519,5162,,,,17.2,16.02,,4.57,20.59,7.7349982943955045,3.518,M3.5(H),4.77,-0.13,2.64,0.16,4.33,Simbad,05 36 12.05,-05 33 29.24,1,V1602 Ori,M3,1.0,H13,3360.0,-0.148,0.29,0.06,0.13,0.8,0.7,0.4,2.49,0.41,7.29,opt,H02,3.0,,,Simbad,84.05063,-5.55825,1.5793374206461634,0.354583794861597,0.05236065508113028
170,1530,5099,,,,15.01,16.49,,3.4,19.89,11.104997294395504,3.5,M4.5(H),0.7,-1.22,0.82,0.13,6.34,Simbad,05 36 16.38,-05 22 40.93,1,2MASS J05361649-0522413,M4.5,1.0,H13,3020.0,-1.334,0.1,0.04,0.1,4.5,2.0,5.3,0.79,0.16,1.65,opt,R09,,,g,Simbad,84.06875,-5.37814,1.8306865004598507,0.11418122373419488,0.05236065508113028
171,1531,5011,,,,17.89,16.53,,4.12,20.650002,10.405000294395505,3.494,M5-5.5(H),2.16,-0.85,1.3,0.13,5.61,Simbad,05 36 16.85,-05 13 47.83,1,2MASS J05361693-0513483,M5.25,1.0,H13,2860.0,-1.099,,,,,,,1.15,0.23,0.56,opt,R09,,,b,Simbad,84.07054,-5.23011,1.3168698385944415,0.14132425554379643,0.05236065508113028
172,1534,5148,,,,17.5,16.14,,3.32,19.46,8.164998294395504,3.555,M1.5(H),3.21,-0.65,1.23,0.37,6.27,Simbad,05 36 19.14,-05 31 07.94,1,2MASS J05361925-0531083,M5,2.0,H13,2880.0,-1.354,,,,,,,0.85,0.3,1.64,opt,R09,,,b,Simbad,84.08012,-5.51892,1.3369358304402374,0.31343994750929544,0.05236065508113028
173,1538,5124,,,,16.65,16.12,,3.98,20.1,6.204999294395504,3.591,K8(H),5.81,-0.04,2.1,0.38,5.67,Simbad,05 36 20.89,-05 27 33.79,1,2MASS J05362100-0527340,K8,1.0,H,3940.0,-0.142,0.64,0.06,0.08,1.9,0.6,0.9,1.83,0.22,6.58,opt,R09,,,g,Simbad,84.08752,-5.45947,1.7405880856106408,0.5602141116756053,0.05236065508113028
174,1553,5070,,,,17.66,15.26,,3.92,19.18,7.574998294395504,3.526,M3(H),3.52,-0.16,2.46,0.2,4.76,Simbad,05 36 25.07,-05 19 13.04,1,2MASS J05362516-0519133,M5.5,1.0,H13,2840.0,-0.805,0.11,0.04,0.04,0.3,0.15,1.6,1.64,0.28,1.22,opt,R09,,,g,Simbad,84.10485,-5.32037,1.4339703193456232,0.3704159316033153,0.05236065508113028
175,1554,5049,,,,18.36,16.27,,3.94,20.210001,7.324999294395504,3.555,M1.5(H),4.8,-0.31,1.81,0.31,5.8,Simbad,05 36 25.31,-05 17 01.83,1,V1770 Ori,M5.5,2.0,H13,2840.0,-1.196,,,,,,,1.04,0.33,43.34,opt,Re01,,,"b,d",Simbad,84.10549,-5.28389,0.2077541481657874,0.3939779592656938,0.05236065508113028
176,1563,5146,,,,19.29,13.21,,2.3,15.51,7.424998294395504,3.535,M2.5(H),0.0,-0.23,2.19,0.23,5.12,Simbad,05 36 27.42,-05 30 55.28,1,V951 Ori,M2.5,1.0,H13,3425.0,-0.336,0.34,0.09,0.07,1.4,0.3,0.3,1.93,0.29,5.88,opt,S99,2.0,,,Simbad,84.11473,-5.51543,1.7407539325423729,0.3839835749146387,0.05236065508113028
177,1571,5079,,2395.0,,18.6,13.72,,2.24,15.96,7.204998294395503,3.562,M1(H),0.67,-0.3,1.77,0.33,5.83,Simbad,05 36 29.64,-05 20 06.46,1,V1612 Ori,M0.5,1.0,H13,3700.0,-0.441,0.47,0.09,0.09,2.6,0.9,1.7,1.47,0.2,5.06,opt,S99,3.0,N,,Simbad,84.12393,-5.33523,1.5846168050359568,0.4073605690070335,0.05236065508113028
178,3,3126,,1382.0,,16.8,13.17,,1.68,14.85,6.524999294395505,3.602,K7(H),0.24,-0.21,1.63,0.51,6.02,Simbad,05 34 12.81,-05 28 47.81,1,Parenago 1382,K7,1.0,H,3970.0,-0.328,0.69,0.06,0.07,3.9,1.3,2.2,1.45,0.17,8.46,opt,H02,,N,g,Simbad,83.55371,-5.48006,1.2672835665955398,0.5041978643251775,0.05236065508113028
179,4,3153,,,,18.98,16.49,,2.74,19.23,10.654998294395503,3.526,M3(H),0.49,-1.39,0.6,0.19,6.83,Simbad,05 34 12.97,-05 33 48.05,1,V1934 Ori,M3,1.0,H,3360.0,-1.478,0.22,0.08,0.11,17.0,8.9,23.0,0.54,0.09,7.87,opt,R09,,,g,Simbad,83.55441,-5.56346,1.38079194166554,0.13185197939711457,0.05236065508113028
180,8,3007,,,,17.88,14.81,,2.61,17.42,8.744998294395502,3.535,M2.5(H),0.59,-0.72,1.24,0.26,6.16,Simbad,05 34 14.80,-05 14 17.70,1,2MASS J05341487-0514183,M3.5,1.0,H13,3260.0,-0.948,0.23,0.08,0.1,3.9,1.5,3.4,1.05,0.2,1.69,opt,H02,2.0,,,Simbad,83.562,-5.23844,1.376899726072958,0.25585625821747743,0.05236065508113028
181,14,3127,,,,15.87,14.54,,4.21,18.75,7.884998294395505,3.5,M4.5(H),2.78,0.07,3.6,0.14,3.45,Simbad,05 34 17.15,-05 29 03.98,1,2MASS J05341723-0529043,M5,1.0,H13,2880.0,-0.158,0.16,0.04,0.08,0.05,0.04,0.15,3.35,0.76,3.11,opt,R09,,,g,Simbad,83.5718,-5.48453,1.2675424830520152,0.3403016366043042,0.05236065508113028
182,15,3074,,,,14.83,16.47,,2.53,19.0,,,early-M::(H),,,,,,Simbad,05 34 17.19,-05 22 36.22,1,2MASS J05341726-0522368,M0.5,1.0,H13,3700.0,-1.36,0.41,0.08,0.08,44.0,19.5,15.0,0.51,0.07,11.9,opt,R09,,,a,Simbad,83.57196,-5.37689,1.3351857724613814,0.0,0.0
183,16,3076,,,,14.81,16.09,,3.65,19.74,8.394998294395505,3.535,M2.5(H),3.26,-0.58,1.45,0.27,6.02,Simbad,05 34 17.23,-05 22 47.60,1,2MASS J05341730-0522480,M7.5,1.0,H13,2610.0,-0.98,,,,,,,1.58,0.23,2.03,opt,R09,3.0,,b,Simbad,83.57211,-5.38002,1.234728602241299,0.29168115133416955,0.05236065508113028
184,17,3135,,,,16.43,14.22,,2.48,16.7,,,,,,,,,Simbad,05 34 17.35,-05 30 34.80,1,2MASS J05341743-0530352,M3,1.0,H13,3360.0,-0.732,0.29,0.08,0.09,2.8,0.6,1.9,1.27,0.21,0.42,opt,R09,3.0,,,Simbad,83.57262,-5.50981,1.28471790621492,0.0,0.0
185,19,3151,,1417.0,,17.81,12.87,,1.94,14.809999,6.724997294395504,3.562,M1(H),0.0,-0.13,2.17,0.28,5.49,Simbad,05 34 17.92,-05 33 32.98,1,V1427 Ori,M1,1.0,H,3630.0,-0.224,0.43,0.08,0.09,1.3,0.3,0.6,1.95,0.27,3.24,opt,Re01,3.0,N,,Simbad,83.57503,-5.55925,1.340599933728681,0.4752637175459289,0.05236065508113028
186,23,3158,,1418.0,,17.97,13.03,,1.88,14.91,6.604998294395504,3.58,M0(H),0.22,-0.15,1.94,0.36,5.75,Simbad,05 34 18.44,-05 33 59.93,2,V1671 Ori,K8,1.0,H13,3940.0,-0.217,0.63,0.04,0.08,2.3,0.7,1.4,1.68,0.2,6.29,opt,Re01,3.0,N,,Simbad,83.57721,-5.56672,1.3748010191974585,0.4926717393082925,0.05236065508113028
187,24,3149,,,,17.38,16.21,,4.51,20.72,8.024997294395503,3.518,M3.5(H),4.61,-0.25,2.32,0.19,4.79,Simbad,05 34 19.00,-05 33 11.11,1,2MASS J05341908-0533113,M3.5,1.0,H,3260.0,-0.335,0.25,0.04,0.12,1.1,0.9,0.4,2.13,0.4,0.76,opt,R09,,,"e,g",Simbad,83.57954,-5.55317,1.3713588667864214,0.32743501491281596,0.05236065508113028
188,27,3148,,,,16.71,14.96,,2.94,17.9,9.814998294395503,3.494,M5(H),0.0,-0.74,1.46,0.14,5.35,Simbad,05 34 20.64,-05 32 34.77,1,2MASS J05342073-0532351,M5,1.0,H,2880.0,-0.888,0.1,0.03,0.1,0.3,0.15,2.9,1.45,0.33,1.16,opt,H02,2.0,N,,Simbad,83.58637,-5.54309,1.3722193556915043,0.16530588173128866,0.05236065508113028
189,30,3081,,,,13.92,14.75,,2.52,17.27,9.184998294395504,3.526,M3(H),0.0,-0.82,1.16,0.22,6.19,Simbad,05 34 20.72,-05 23 28.71,1,V1674 Ori,M4,1.0,H13,3160.0,-0.904,0.19,0.09,0.13,3.0,2.6,2.5,1.18,0.25,2.54,opt,R09,,,g,Simbad,83.58667,-5.39144,1.296399586551718,0.2115521200339485,0.05236065508113028
190,31,3088,,,,13.95,14.86,,2.7,17.56,9.474998294395503,3.518,M3.5(H),0.0,-0.83,1.18,0.19,6.16,Simbad,05 34 20.92,-05 24 48.06,1,2MASS J05342099-0524485,M3.5,1.0,H,3260.0,-0.924,0.22,0.08,0.11,3.5,1.2,3.2,1.08,0.2,2.53,opt,H02,3.0,,,Simbad,83.58746,-5.41348,1.1507540804596537,0.1870048387992548,0.05236065508113028
191,34,3068,,,,13.56,15.49,,2.71,18.2,10.114998294395503,3.448,M7(H),0.0,-0.56,2.23,0.07,3.28,Simbad,05 34 22.32,-05 22 26.54,1,2MASS J05342239-0522269,M5.5,1.0,H13,2840.0,-1.028,,,,,,,1.27,0.22,4.46,opt,R09,3.0,,b,Simbad,83.59331,-5.37416,1.193577405254721,0.15264920347244804,0.05236065508113028
192,36,3020,,,,15.25,13.48,,3.08,16.56,5.384997294395504,3.571,M0.5(H),3.09,0.37,3.69,0.23,4.07,Simbad,05 34 23.80,-05 15 39.78,1,V1676 Ori,M0.5,1.0,H,3700.0,0.179,0.41,0.04,0.18,0.6,0.4,0.2,2.99,0.41,21.45,opt,Re01,,,"d,g",Simbad,83.59937,-5.26111,0.7602465955664863,0.7566893214053997,0.05236065508113028
193,37,3123,,,,14.12,16.09,,3.33,19.42,8.894998294395505,3.535,M2.5(H),2.44,-0.79,1.15,0.26,6.23,Simbad,05 34 23.89,-05 28 34.37,1,2MASS J05342396-0528347,M6,1.0,H13,2800.0,-1.196,,,,,,,1.07,0.17,2.3,opt,R09,2.0,A,b,Simbad,83.59987,-5.47633,1.2486487153359105,0.2411735650657282,0.05236065508113028
194,45,3051,,,,12.96,16.74,,3.39,20.13,10.814998294395503,3.509,M4(H),1.23,-1.24,0.77,0.15,6.44,Simbad,05 34 26.71,-05 19 40.99,1,2MASS J05342678-0519414,M4,1.0,H,3160.0,-1.319,0.16,0.08,0.11,6.5,2.5,9.5,0.73,0.15,0.73,opt,R09,2.0,,,Simbad,83.61158,-5.32819,1.1455083433489397,0.1255694593614092,0.05236065508113028
195,48,3145,,1471.0,,15.35,13.15,,2.75,15.9,7.294997294395504,3.526,M3(H),0.52,-0.05,2.8,0.18,4.43,Simbad,05 34 26.98,-05 32 28.75,1,V1116 Ori,M3,1.0,H,3360.0,-0.136,0.29,0.07,0.12,0.7,0.6,0.5,2.53,0.42,1.66,opt,H02,3.0,,,Simbad,83.61275,-5.54142,1.2480450490702752,0.3970266962601697,0.05236065508113028
196,49,3029,,,,13.98,15.44,,3.11,18.55,10.464998294395505,3.494,M5(H),0.0,-0.94,1.17,0.13,6.0,Simbad,05 34 27.05,-05 16 48.26,1,2MASS J05342712-0516487,M4,1.0,H13,3160.0,-0.974,0.19,0.08,0.11,3.5,2.4,3.1,1.09,0.23,0.56,opt,R09,2.0,N,,Simbad,83.613,-5.28022,1.1731100786451196,0.13916215300447646,0.05236065508113028
197,51,3120,,,,13.26,13.94,,3.06,17.0,,,,,,,,,Simbad,05 34 27.46,-05 28 28.15,1,2MASS J05342753-0528284,M4.5,1.0,H13,3020.0,-0.526,0.19,0.09,0.07,0.5,0.42,1.5,1.99,0.39,1.57,opt,H02,3.0,,,Simbad,83.61473,-5.47457,1.162758378922825,0.0,0.0
198,52,3142,,1470.0,,14.89,10.78,,1.55,12.33,2.2749982943955036,3.736,G8(H)K2(S),1.97,1.14,4.2,2.92,6.03,Simbad,05 34 27.61,-05 31 55.00,1,V1963 Ori,G8,1.0,H,5210.0,1.004,2.53,0.28,0.22,2.2,0.6,0.9,3.9,0.47,3.37,MIR,M11,3.0,N,a,Simbad,83.61542,-5.53203,1.3902045287261149,0.0,0.0
199,53,3110,,,,12.55,14.18,,2.27,16.45,6.2449992943955035,3.623,K6e(H),2.12,-0.18,1.55,0.67,6.23,Simbad,05 34 27.85,-05 26 34.21,1,2MASS J05342792-0526346,K6e,1.0,H13,4020.0,-0.295,0.76,0.15,0.13,4.3,1.9,3.0,1.47,0.19,0.84,opt,H02,2.0,A,,Simbad,83.61637,-5.44296,1.258359951744864,0.5530627452944912,0.05236065508113028
200,54,1,,,,12.51,15.6,,3.62,19.220001,11.024998294395504,3.483,M5.5(H),0.11,-0.9,1.29,0.11,5.29,Simbad,05 34 28.13,-05 26 39.22,1,2MASS J05342821-0526397,M5.5,1.0,H,2840.0,-1.072,,,,,,,1.2,0.21,0.71,opt,R09,,N,b,Simbad,83.61754,-5.44436,1.2803822395929338,0.11715315042644218,0.05236065508113028
201,57,3082,,,,11.89,15.96,,,,,,,,,,,,Simbad,05 34 28.89,-05 23 47.71,1,2MASS J05342896-0523481,M5,1.0,H13,2880.0,,,,,,,,,,2.99,opt,R09,3.0,,c,Simbad,83.6207,-5.39671,1.2472800448998131,0.0,0.0
202,63,8,,,99.0,11.76,15.73,,,,,3.483,M5.5(H),0.0,-0.98,1.18,0.1,5.43,Simbad,05 34 29.38,-05 23 37.22,1,2MASS J05342945-0523374,M5.5,1.0,H,2840.0,,,,,,,,,,1.79,opt,R09,3.0,,c,Simbad,83.62272,-5.39374,1.114209865007602,0.0,0.0
203,66,11,,,99.0,11.78,15.22,,3.58,18.8,10.714998294395505,3.465,M6-M6.5(H),0.0,-0.62,1.92,0.11,4.49,Simbad,05 34 29.92,-05 25 17.12,1,2MASS J05342999-0525173,M6.25,1.0,H,2762.5,-0.82,,,,,,,1.7,0.26,1.74,opt,R09,2.0,,b,Simbad,83.62497,-5.42149,1.1141612325280448,0.1295016073510662,0.05236065508113028
204,67,10,,1481.0,,16.36,13.69,,2.55,16.24,5.144998294395505,3.633,K5-K6e(H),3.01,0.23,2.36,0.59,5.66,Simbad,05 34 30.17,-05 11 48.01,1,IS Ori,K5.5,1.0,H,4080.0,0.113,0.78,0.17,0.18,1.3,0.5,0.8,2.28,0.31,8.66,opt,H02,2.0,,,Simbad,83.62603,-5.19672,1.1675131378174348,0.8278946584833516,0.05236065508113028
205,70,3063,,,,11.59,16.25,,3.24,19.49,11.114997294395502,3.5,M4.5(H),0.29,-1.23,0.81,0.13,6.35,Simbad,05 34 30.41,-05 21 55.50,1,2MASS J05343048-0521560,M5.5,2.0,H13,2840.0,-1.332,,,,,,,0.89,0.28,0.72,opt,R09,2.0,,b,Simbad,83.627,-5.36557,1.1821860567362388,0.11359594728160012,0.05236065508113028
206,72,15,,,99.0,11.43,14.07,,2.66,16.73,6.894998294395505,3.562,M1(H),1.75,-0.18,2.04,0.3,5.7,Simbad,05 34 31.08,-05 21 55.72,1,V1435 Ori,M1,1.0,H,3630.0,-0.361,0.41,0.06,0.1,1.7,0.4,1.3,1.67,0.23,0.9,opt,R09,2.0,N,,Simbad,83.62975,-5.36553,0.9155661798544692,0.45145670070129706,0.05236065508113028
207,73,17,,,99.0,12.58,13.54,,3.0,16.54,8.224999294395504,3.509,M4(H),0.23,-0.2,2.53,0.16,4.39,Simbad,05 34 31.20,-05 28 54.52,1,2MASS J05343128-0528548,M4,1.0,H,3160.0,-0.283,0.24,0.09,0.12,0.5,0.43,0.9,2.41,0.5,3.14,opt,H02,,,g,Simbad,83.63037,-5.48189,1.3559824176666595,0.3078526177315459,0.05236065508113028
208,76,18,,,99.0,12.3,14.42,,2.66,17.08,7.894998294395505,3.544,M2(H),1.1,-0.46,1.6,0.29,5.91,Simbad,05 34 31.60,-05 28 26.52,1,V1975 Ori,M2,1.0,H,3490.0,-0.587,0.35,0.07,0.07,2.5,0.7,1.2,1.39,0.19,5.29,opt,R09,2.0,,,Simbad,83.632,-5.47414,1.2547316652098008,0.3394283475719861,0.05236065508113028
209,78,20,,,99.0,11.6,13.79,,2.67,16.46,8.374998294395505,3.518,M3.5(H),0.0,-0.4,1.93,0.2,5.28,Simbad,05 34 31.83,-05 26 36.52,1,2MASS J05343190-0526368,K8,1.0,H13,3940.0,-0.028,0.62,0.05,0.08,1.3,0.3,0.7,2.08,0.25,0.67,opt,H02,3.0,,,Simbad,83.63292,-5.44356,1.0978662173985156,0.29318396999651525,0.05236065508113028
210,79,3115,,,,11.93,15.74,,3.68,19.42,8.434998294395504,3.526,M3(H),2.9,-0.5,1.66,0.23,5.87,Simbad,05 34 31.94,-05 27 42.25,1,V1978 Ori,M3.5,1.0,H13,3260.0,-0.665,0.26,0.1,0.09,2.3,1.4,1.2,1.46,0.27,0.85,opt,H02,2.0,,,Simbad,83.63342,-5.46184,1.2631357686232805,0.28721875699467886,0.05236065508113028
211,83,25,,,99.0,10.8,15.22,,2.54,17.76,9.674998294395506,3.5,M4.5(H),0.0,-0.88,1.21,0.14,6.05,Simbad,05 34 33.51,-05 22 08.62,1,2MASS J05343357-0522087,M4.5,1.0,H13,3020.0,-1.044,0.13,0.06,0.09,3.1,2.8,1.9,1.1,0.22,2.28,opt,H02,2.0,,,Simbad,83.63987,-5.36911,0.8955941278697566,0.1718016080487099,0.05236065508113028
212,91,32,,,99.0,12.09,14.66,,2.83,17.49,9.404998294395503,3.509,M4(H),0.0,-0.71,1.41,0.17,5.99,Simbad,05 34 35.61,-05 29 51.72,1,2MASS J05343569-0529520,M4,1.0,H13,3160.0,-0.837,0.21,0.09,0.11,2.8,2.3,1.7,1.27,0.27,4.78,opt,R09,3.0,N,,Simbad,83.64871,-5.49778,1.2345160596733984,0.1923658831684281,0.05236065508113028
213,94,35,,1524.0,33.0,16.33,12.9,,2.44,15.34,,,,,,,,,Simbad,05 34 36.42,-05 36 17.42,1,V759 Ori,M3,1.0,H13,3360.0,-0.204,0.3,0.06,0.11,1.1,0.9,0.2,2.34,0.39,5.99,opt,H02,,,g,Simbad,83.65225,-5.60478,1.8038953693902744,0.0,0.0
214,95,36,,,99.0,12.54,14.29,,3.08,17.369999,7.924996294395504,3.526,M3e(H),1.36,-0.3,2.1,0.21,5.15,Simbad,05 34 37.01,-05 31 08.52,1,V1992 Ori,M3.5e,1.0,H13,3260.0,-0.459,0.27,0.1,0.08,1.5,1.3,0.5,1.85,0.35,2.72,opt,H02,2.0,A,,Simbad,83.65458,-5.51917,1.4197704071263662,0.3368219037988993,0.05236065508113028
215,97,38,,,99.0,10.15,15.63,,3.73,19.36,10.114998294395503,3.494,M5(H),1.16,-0.73,1.48,0.14,5.32,Simbad,05 34 37.58,-05 26 21.22,1,2MASS J05343766-0526215,M5,1.0,H,2880.0,-0.894,0.12,0.06,0.09,1.1,0.9,2.1,1.44,0.32,0.85,opt,R09,,,g,Simbad,83.65696,-5.43933,1.3991563225473884,0.15264920347244804,0.05236065508113028
216,98,39,,,99.0,10.51,14.29,,2.4,16.69,8.604998294395505,3.526,M3(H),0.0,-0.63,1.43,0.23,6.03,Simbad,05 34 38.02,-05 27 40.12,1,V1438 Ori,M3,1.0,H,3360.0,-0.76,0.29,0.09,0.08,3.1,0.8,2.1,1.23,0.2,5.52,opt,R09,,,g,Simbad,83.65876,-5.46126,1.298812788973908,0.27004151106428226,0.05236065508113028
217,99,41,,,96.0,15.72,15.42,,3.02,18.44,,,,,,,,,Simbad,05 34 38.07,-05 35 49.82,1,2MASS J05343819-0535495,M5,1.0,H13,2880.0,-1.072,,,,,,,1.17,0.26,1.46,opt,R09,,,b,Simbad,83.65912,-5.59711,1.7875939381930208,0.0,0.0
218,100,40,,,99.0,9.62,14.48,,2.89,17.369999,8.824998294395504,3.518,M3.5(H),0.46,-0.57,1.6,0.21,5.91,Simbad,05 34 38.15,-05 24 23.42,1,V1997 Ori,M3.5,1.0,H,3260.0,-0.654,0.24,0.07,0.11,2.2,0.8,1.2,1.48,0.28,9.81,opt,H02,3.0,,,Simbad,83.65926,-5.40658,1.1138893911999412,0.24808751548161567,0.05236065508113028
219,104,43,,,99.0,10.95,15.8,,3.73,19.53,11.054999294395506,3.483,M5.5(H),0.39,-0.91,1.27,0.11,5.31,Simbad,05 34 39.70,-05 17 24.22,1,2MASS J05343976-0517243,M5.5,1.0,H,2840.0,-1.14,,,,,,,1.11,0.19,1.99,opt,R09,,N,b,Simbad,83.66571,-5.29008,1.0536986348860098,0.11595520831583915,0.05236065508113028
220,106,47,,1542.0,98.0,11.36,13.8,,,,,,,,,,,,Simbad,05 34 39.78,-05 30 06.22,1,IW Ori,M1.5,1.0,H13,3560.0,,,,,,,,,,8.26,opt,R09,2.0,,c,Simbad,83.6661,-5.50186,1.341485062235889,0.0,0.0
221,112,52,,,99.0,10.11,14.58,,3.64,18.22,9.204997294395506,3.494,M5(H),0.93,-0.37,2.25,0.15,4.53,Simbad,05 34 40.75,-05 28 09.12,1,2MASS J05344083-0528095,M5,1.0,H,2880.0,-0.53,0.15,0.07,0.08,0.2,0.18,1.7,2.19,0.49,0.64,opt,R09,2.0,,e,Simbad,83.67014,-5.46931,1.309597949351761,0.20938890724578588,0.05236065508113028
222,121,3060,,,,8.83,16.27,,2.33,18.6,,,,,,,,,Simbad,05 34 41.87,-05 21 31.71,1,2MASS J05344196-0521321,M4.7,1.0,D10,2964.0,-1.444,,,,,,,0.72,0.15,1.17,opt,R09,,,b,Simbad,83.67484,-5.35892,1.4258377487311618,0.0,0.0
223,124,3073,,,,8.52,16.6,,,,,,,,,,,,Simbad,05 34 42.40,-05 22 45.83,1,2MASS J05344248-0522462,M5,1.0,H13,2880.0,,,,,,,,,,2.68,opt,R09,,,c,Simbad,83.67702,-5.37953,1.3536051829958418,0.0,0.0
224,125,61,,,46.0,9.94,13.52,,2.86,16.380001,,,,,,,,,Simbad,05 34 42.65,-05 28 37.12,1,V2012 Ori,M4,1.0,H13,3160.0,-0.362,0.23,0.09,0.13,0.9,0.81,0.6,2.2,0.46,6.15,MIR,M11,2.0,,,Simbad,83.67807,-5.4771,1.368707610260341,0.0,0.0
225,128,65,,,99.0,10.67,13.82,,2.25,16.07,6.8149982943955045,3.58,M0(H),1.17,-0.24,1.75,0.39,5.85,Simbad,05 34 43.32,-05 30 06.52,1,V1313 Ori,M0,1.0,H,3770.0,-0.433,0.52,0.1,0.13,3.1,1.2,2.3,1.43,0.19,7.4,opt,P09,3.0,,,Simbad,83.68086,-5.50195,1.3835374374463925,0.46320728608941186,0.05236065508113028
226,129,3008,,,,11.98,16.56,,,,,,,,,,,,Simbad,05 34 43.38,-05 14 42.12,1,2MASS J05344346-0514426,M5.5,1.0,H13,2840.0,,,,,,,,,,2.01,opt,R09,,,c,Simbad,83.68109,-5.24518,1.3283221592307826,0.0,0.0
227,132,68,,,84.0,14.71,16.83,,,,,,,,,,,,Simbad,05 34 43.74,-05 35 36.72,1,2MASS J05344384-0535366,M4.5,1.0,H13,3020.0,,,,,,,,,,0.71,opt,R09,3.0,,c,Simbad,83.68271,-5.59353,1.6481584928811095,0.0,0.0
228,136,70,,,99.0,8.47,15.27,,3.89,19.16,9.504998294395504,3.494,M5(H),1.57,-0.49,1.96,0.14,4.82,Simbad,05 34 44.33,-05 26 05.72,1,2MASS J05344441-0526061,M5,1.0,H,2880.0,-0.65,0.14,0.06,0.1,0.3,0.23,2.0,1.9,0.43,1.5,opt,H02,3.0,,,Simbad,83.68505,-5.43504,1.2958022830111549,0.18461764417237425,0.05236065508113028
229,137,71,,,99.0,8.1,15.61,,2.99,18.6,10.304999294395506,3.509,M4(H),0.21,-1.04,0.97,0.16,6.26,Simbad,05 34 44.41,-05 24 38.12,1,2MASS J05344449-0524384,M4,1.0,H,3160.0,-1.117,0.18,0.09,0.11,4.5,2.2,4.7,0.92,0.19,14.4,opt,P09,2.0,,,Simbad,83.68538,-5.41068,1.2561519452936458,0.14537573148033087,0.05236065508113028
230,138,73,,,99.0,13.02,14.04,,1.85,15.89,7.804998294395505,3.562,M1e(H),0.0,-0.59,1.27,0.41,6.28,Simbad,05 34 44.65,-05 33 41.92,1,V1118 Ori,M1e,1.0,H,3630.0,-0.692,0.41,0.07,0.11,4.4,1.6,3.4,1.14,0.16,2.23,opt,P09,2.0,A,,Simbad,83.68644,-5.56172,1.45293658662716,0.3482630415195907,0.05236065508113028
231,139,75,,1587.0,99.0,8.01,11.11,,1.61,12.719999,3.0649982943955045,3.695,K2(WSH)K2(Sam),1.57,0.89,3.82,1.5,5.59,Simbad,05 34 45.10,-05 25 03.62,1,V1444 Ori,K3,1.0,StE,4550.0,0.79,1.63,0.51,0.49,0.7,0.3,0.6,4.0,0.6,3.45,opt,H00,3.0,,,Simbad,83.68828,-5.4178,1.381018663367815,0.0,0.0
232,142,76,,,99.0,9.77,13.56,,2.97,16.53,8.284998294395505,3.509,M4(H),0.16,-0.23,2.45,0.16,4.48,Simbad,05 34 45.48,-05 29 20.52,1,V1445 Ori,M4,1.0,H13,3160.0,-0.309,0.24,0.09,0.09,0.8,0.72,0.6,2.33,0.49,6.33,opt,H02,,N,g,Simbad,83.68985,-5.48915,1.3226765573038006,0.3023648867901711,0.05236065508113028
233,143,77,,1595.0,99.0,7.8,13.61,,2.16,15.7699995,6.744998294395504,3.58,M0(H),0.94,-0.21,1.81,0.38,5.81,Simbad,05 34 45.83,-05 24 55.42,1,V1446 Ori,M0,1.0,H13,3770.0,-0.405,0.5,0.09,0.14,2.6,0.9,2.0,1.47,0.2,1.5,opt,H02,3.0,N,,Simbad,83.69129,-5.41551,1.2593624921793398,0.4728275844098906,0.05236065508113028
234,144,79,,,98.0,16.07,15.54,,3.18,18.72,10.494998294395502,3.5,M4.5(H),0.14,-0.98,1.08,0.14,6.13,Simbad,05 34 45.98,-05 37 31.72,1,2MASS J05344609-0537312,M4.5,1.0,H13,3020.0,-1.091,0.13,0.06,0.08,3.5,3.2,1.8,1.04,0.21,1.86,opt,R09,3.0,,,Simbad,83.69204,-5.62533,1.7204040589011973,0.137739159233678,0.05236065508113028
235,148,83,,,99.0,7.48,14.72,,3.12,17.84,7.474998294395505,3.544,M2e(H),2.28,-0.29,1.95,0.26,5.64,Simbad,05 34 46.49,-05 23 25.32,1,V1449 Ori,M2e,1.0,H,3490.0,-0.42,0.36,0.06,0.08,1.7,0.3,0.6,1.69,0.23,7.4,opt,S99,2.0,A,,Simbad,83.69404,-5.39045,1.2259913192179106,0.37908186470899746,0.05236065508113028
236,150,84,,,99.0,7.7,15.68,,3.33,19.01,8.914998294395504,3.526,M3(H),2.01,-0.7,1.32,0.23,6.09,Simbad,05 34 46.62,-05 21 24.52,1,2MASS J05344669-0521247,M5,1.0,H13,2880.0,-1.164,,,,,,,1.05,0.24,2.43,opt,R09,3.0,,b,Simbad,83.69458,-5.35686,1.1958340418318285,0.23870746006979046,0.05236065508113028
237,154,87,,,99.0,10.21,15.78,,3.55,19.33,9.094998294395504,3.518,M3.5(H),2.15,-0.67,1.41,0.2,6.04,Simbad,05 34 46.88,-05 16 19.62,1,2MASS J05344694-0516196,M3.5,1.0,H,3260.0,-0.762,0.25,0.1,0.1,2.7,0.9,1.8,1.31,0.24,3.1,opt,R09,,,g,Simbad,83.69562,-5.27211,1.0279143807487612,0.22043077512400291,0.05236065508113028
238,157,3038,,,,8.99,16.34,,2.81,19.15,11.064998294395503,3.494,M5(H),0.0,-1.3,0.77,0.11,6.36,Simbad,05 34 47.12,-05 18 09.64,1,2MASS J05344720-0518099,M4.5,1.0,H13,3020.0,-1.492,,,,,,,0.66,0.13,6.54,opt,R09,3.0,,b,Simbad,83.69671,-5.30278,1.3994481742154383,0.1156576416844446,0.05236065508113028
239,159,91,,1604.0,99.0,10.29,13.49,,2.44,15.93,7.844998294395504,3.509,M4(H),0.0,-0.24,2.43,0.16,4.51,Simbad,05 34 47.80,-05 30 46.12,1,V2033 Ori,M4,1.0,H,3160.0,-0.4,0.23,0.1,0.12,1.1,1.01,0.6,2.1,0.44,16.67,opt,P09,2.0,N,d,Simbad,83.69956,-5.51294,1.4838620769707764,0.34470189987308447,0.05236065508113028
240,163,3130,,,,9.8,16.71,,3.48,20.189999,11.194997294395504,3.5,M4.5(H),0.91,-1.26,0.78,0.13,6.37,Simbad,05 34 48.14,-05 30 09.78,1,V2037 Ori,M4.5,1.0,H,3020.0,-1.372,0.1,0.03,0.09,4.8,1.8,5.7,0.75,0.15,3.46,opt,H02,2.0,,,Simbad,83.70098,-5.50284,1.4891502109926125,0.11071425928065064,0.05236065508113028
241,164,94,,,99.0,11.59,15.16,,4.05,19.21,6.844996294395504,3.535,M2.5(H),4.28,0.04,2.97,0.19,4.34,Simbad,05 34 48.19,-05 32 34.62,1,2MASS J05344828-0532351,M2.5,1.0,H,3425.0,-0.074,0.31,0.05,0.11,0.7,0.6,0.4,2.6,0.39,4.75,opt,H02,,,g,Simbad,83.70119,-5.54309,1.5136663199311446,0.45847078935906516,0.05236065508113028
242,166,96,,,99.0,10.44,16.07,,,,,,,,,,,,Simbad,05 34 48.37,-05 31 06.82,1,2MASS J05344845-0531072,M3.7,1.0,D10,3220.0,,,,,,,,,,15.78,opt,P09,,,"c,d",Simbad,83.7019,-5.51869,1.3652858693249277,0.0,0.0
243,167,98,,,99.0,8.13,14.62,,3.2,17.82,8.984998294395504,3.509,M4(H),0.75,-0.51,1.78,0.18,5.3,Simbad,05 34 48.69,-05 19 07.22,1,2MASS J05344877-0519073,M4,1.0,H,3160.0,-0.59,0.22,0.08,0.12,1.9,1.7,0.6,1.69,0.35,2.3,opt,R09,3.0,,,Simbad,83.70321,-5.31871,1.208484525160295,0.2320549223972639,0.05236065508113028
244,168,97,,,99.0,8.91,14.99,,3.66,18.65,8.124998294395505,3.518,M3.5(H),2.44,-0.29,2.2,0.2,4.97,Simbad,05 34 48.71,-05 17 46.32,1,2MASS J05344878-0517464,M3.5,1.0,H,3260.0,-0.377,0.27,0.07,0.1,1.3,1.1,0.4,2.03,0.38,5.56,opt,R09,3.0,,,Simbad,83.70327,-5.29623,1.1224179634155946,0.31749287626319767,0.05236065508113028
245,169,100,,,99.0,12.3,15.21,,3.24,18.45,8.155000294395505,3.535,M2.5(H),2.21,-0.49,1.62,0.26,5.9,Simbad,05 34 48.72,-05 33 32.72,1,2MASS J05344881-0533330,M2.5,1.0,H,3425.0,-0.599,0.31,0.06,0.1,2.2,0.5,1.3,1.42,0.21,2.09,opt,H02,2.0,N,,Simbad,83.70342,-5.55918,1.5402187968729082,0.31505487326122356,0.05236065508113028
246,172,103,,,99.0,10.67,16.25,,3.28,19.53,9.134999294395504,3.535,M2.5(H),2.31,-0.88,1.03,0.26,6.33,Simbad,05 34 48.84,-05 31 31.12,1,2MASS J05344892-0531315,M2.5,1.0,H,3425.0,-0.99,0.29,0.07,0.08,6.0,2.1,4.5,0.91,0.14,0.77,opt,R09,,,g,Simbad,83.70387,-5.52543,1.3931830489523138,0.21650141180075821,0.05236065508113028
247,173,102,,,99.0,8.45,14.83,,3.15,17.98,8.764998294395506,3.518,M3.5(H),1.13,-0.54,1.64,0.21,5.88,Simbad,05 34 48.87,-05 28 16.52,1,V2042 Ori,M3.5,1.0,H,3260.0,-0.632,0.27,0.1,0.08,2.2,1.2,1.0,1.52,0.28,5.28,opt,P09,2.0,,,Simbad,83.704,-5.47136,1.3954595895550503,0.25389155799191715,0.05236065508113028
248,174,104,,,99.0,7.51,15.19,,2.6,17.789999,9.574998294395504,3.526,M3e(H),0.13,-0.96,0.98,0.21,6.33,Simbad,05 34 48.99,-05 26 26.22,1,V2044 Ori,M3e,1.0,H,3360.0,-1.045,0.26,0.08,0.1,6.0,2.4,5.5,0.89,0.15,1.78,opt,H02,2.0,A,,Simbad,83.70449,-5.44073,1.370232861368984,0.17947253545850858,0.05236065508113028
249,175,105,,,99.0,8.35,15.89,,,,,3.471,M6(H),0.0,-0.94,1.29,0.09,4.97,Simbad,05 34 48.99,-05 28 08.42,1,2MASS J05344907-0528089,M6,1.0,H,2800.0,,,,,,,,,,0.72,opt,R09,,,c,Simbad,83.70446,-5.46915,1.3082906087234736,0.0,0.0
250,176,106,,,99.0,8.13,13.43,,2.42,15.85,7.764998294395504,3.526,M3(H),0.0,-0.29,2.12,0.21,5.13,Simbad,05 34 49.22,-05 18 55.32,1,2MASS J05344929-0518555,M3,1.0,H,3360.0,-0.416,0.31,0.09,0.09,1.5,0.7,0.5,1.83,0.3,1.7,opt,H02,3.0,N,,Simbad,83.7054,-5.31542,1.151221555536175,0.3518609735923497,0.05236065508113028
251,177,107,,,99.0,8.8,14.2,,2.72,16.92,7.164998294395504,3.555,M1.5e(H),1.67,-0.25,1.95,0.29,5.72,Simbad,05 34 49.48,-05 29 02.82,1,V2045 Ori,M1.75,1.0,H13,3525.0,-0.442,0.38,0.07,0.07,1.9,0.5,0.9,1.61,0.22,14.73,MIR,M11,2.0,A,,Simbad,83.70653,-5.48427,1.4141927863240282,0.4136895550255281,0.05236065508113028
252,179,109,,,99.0,9.03,16.04,,3.13,19.170002,9.165000294395503,3.535,M2.5(H),1.92,-0.89,1.02,0.26,6.34,Simbad,05 34 50.02,-05 17 12.22,1,2MASS J05345009-0517121,M5.75,1.0,H13,2820.0,-1.212,,,,,,,1.04,0.15,1.26,opt,R09,2.0,,b,Simbad,83.70871,-5.28672,1.0518805868946637,0.2137376811385927,0.05236065508113028
253,181,3165,,,,13.92,16.59,,3.56,20.15,,,,,,,,,Simbad,05 34 50.13,-05 35 38.60,1,2MASS J05345021-0535389,M4.8,1.0,D10,2936.0,-1.335,,,,,,,0.83,0.18,0.77,opt,R09,3.0,,b,Simbad,83.70921,-5.59417,1.2689993137994706,0.0,0.0
254,183,112,,,99.0,9.47,16.12,,2.87,18.990002,9.644999294395506,3.535,M2.5(H),1.26,-1.09,0.81,0.25,6.58,Simbad,05 34 50.38,-05 16 29.72,1,2MASS J05345045-0516296,M2.5,1.0,H,3425.0,-1.194,0.28,0.07,0.08,10.5,4.6,9.0,0.72,0.11,3.0,opt,R09,,,g,Simbad,83.71022,-5.27492,1.0874048457376395,0.17402308518575094,0.05236065508113028
255,184,115,,,99.0,11.53,16.1,,3.92,20.02,11.054999294395506,3.483,M5.5(H),0.88,-0.91,1.27,0.11,5.31,Simbad,05 34 50.38,-05 32 53.52,1,2MASS J05345046-0532538,M5.5,1.0,H,2840.0,-1.141,,,,,,,1.11,0.19,0.86,opt,H02,3.0,,b,Simbad,83.71029,-5.5483,1.3852980736464264,0.11595520831583915,0.05236065508113028
256,185,114,,,99.0,6.5,15.34,,2.14,17.48,8.974998294395503,3.562,M1e(H),0.42,-1.01,0.78,0.41,6.96,Simbad,05 34 50.42,-05 23 35.02,1,V475 Ori,M1e,1.0,H,3630.0,-1.193,0.38,0.08,0.12,20.0,9.0,23.0,0.64,0.09,8.73,opt,H00,2.0,A,,Simbad,83.71044,-5.39316,1.3269619466459868,0.23265195862029767,0.05236065508113028
257,186,111,,1622.0,98.0,13.82,13.04,,1.83,14.87,6.4849982943955045,3.591,K8(H),0.3,-0.15,1.84,0.42,5.82,Simbad,05 34 50.43,-05 11 10.52,1,Parenago 1622,K8,1.0,H,3940.0,-0.252,0.66,0.08,0.07,2.8,1.0,1.5,1.61,0.19,4.94,opt,H02,,N,g,Simbad,83.71041,-5.18627,1.0231219587356175,0.5120313697664315,0.05236065508113028
258,187,116,,1633.0,99.0,6.48,12.12,,1.44,13.559999,5.144998294395505,3.643,K5(H),0.33,0.2,2.17,0.69,5.8,Simbad,05 34 50.63,-05 24 01.02,1,V1454 Ori,K5,1.0,H,4140.0,0.092,0.82,0.18,0.3,1.5,0.6,1.5,2.16,0.32,2.34,opt,H02,,N,g,Simbad,83.7113,-5.40039,1.283337650374315,0.8278946584833516,0.05236065508113028
259,188,117,,,99.0,7.39,13.15,,2.13,15.28,6.334998294395504,3.58,M0e(H),0.86,-0.05,2.19,0.33,5.59,Simbad,05 34 50.65,-05 27 00.62,1,2MASS J05345073-0527010,K8e,1.0,H13,3940.0,-0.109,0.64,0.06,0.06,1.7,0.5,0.8,1.9,0.23,9.01,opt,P09,,A,g,Simbad,83.71138,-5.4503,1.2968193792605316,0.5376494408788399,0.05236065508113028
260,189,120,,,99.0,8.8,14.35,,3.01,17.36,9.274998294395504,3.5,M4.5(H),0.0,-0.54,1.8,0.16,5.13,Simbad,05 34 50.77,-05 29 24.62,1,V1455 Ori,M4.5,1.0,H,3020.0,-0.696,0.16,0.06,0.09,1.5,1.4,1.1,1.64,0.32,0.43,opt,R09,3.0,,e,Simbad,83.71191,-5.49031,1.4100343442282628,0.20251006269618607,0.05236065508113028
261,190,118,,,99.0,8.38,14.82,,3.09,17.91,9.824998294395504,3.483,M5.5(H),0.0,-0.61,1.79,0.13,4.76,Simbad,05 34 50.92,-05 17 56.42,1,2MASS J05345099-0517565,M5.5,1.0,H,2840.0,-0.76,0.12,0.05,0.03,0.3,0.15,1.4,1.72,0.3,1.07,opt,H02,,,g,Simbad,83.71247,-5.29904,1.0943807609707858,0.16488167039062598,0.05236065508113028
262,192,121,,,99.0,9.04,14.9,,3.71,18.61,7.544999294395504,3.526,M3(H),2.98,-0.15,2.49,0.2,4.72,Simbad,05 34 51.13,-05 16 54.82,1,V2061 Ori,M3,1.0,H,3360.0,-0.236,0.29,0.06,0.13,1.1,0.9,0.3,2.25,0.37,7.64,opt,R09,2.0,A,,Simbad,83.71337,-5.28192,1.1805711763155244,0.37328233752136986,0.05236065508113028
263,194,123,,1642.0,99.0,6.5,13.56,,2.19,15.75,4.604999294395505,3.695,K2(H),3.06,0.28,1.88,1.37,6.4,Simbad,05 34 51.48,-05 25 12.62,1,V401 Ori,K2,1.0,H,4760.0,0.228,1.51,0.13,0.11,5.5,2.6,3.7,1.91,0.28,6.63,opt,S99,2.0,,a,Simbad,83.71485,-5.42028,1.3130035829628084,1.0220712352574914,0.05236065508113028
264,196,125,,1641.0,99.0,6.19,14.66,,2.94,17.6,8.924998294395506,3.518,M3.5(H),0.59,-0.61,1.53,0.2,5.98,Simbad,05 34 51.93,-05 24 18.42,1,V2064 Ori,M3.5,1.0,H13,3260.0,-0.695,0.25,0.09,0.11,2.4,0.9,1.2,1.41,0.26,8.86,opt,P09,,,g,Simbad,83.71674,-5.40522,1.3600218458637463,0.23809488409486543,0.05236065508113028
265,200,126,,,99.0,12.84,14.43,,2.55,16.98,8.884998294395503,3.526,M3(H),0.01,-0.69,1.34,0.23,6.08,Simbad,05 34 52.19,-05 12 03.22,1,2MASS J05345226-0512032,M3,1.0,H,3360.0,-0.772,0.28,0.08,0.09,3.0,0.7,2.1,1.22,0.2,2.78,opt,H02,,,g,Simbad,83.71775,-5.20089,1.045799537981913,0.24179406194161834,0.05236065508113028
266,202,130,,,99.0,6.25,15.89,,,,,,,,,,,,Simbad,05 34 52.27,-05 25 00.32,1,2MASS J05345236-0525006,M5.5,1.0,D10,2840.0,,,,,,,,,,1.21,opt,R09,3.0,,c,Simbad,83.71818,-5.41685,1.4326854163331606,0.0,0.0
267,203,133,,,99.0,6.01,13.21,,2.08,15.29,7.174998294395504,3.555,M1.5(H),0.03,-0.25,1.94,0.29,5.73,Simbad,05 34 52.51,-05 24 03.42,1,KL Ori,M1.5,1.0,H,3560.0,-0.352,0.37,0.05,0.1,1.5,0.2,0.8,1.76,0.24,2.03,opt,H02,3.0,N,,Simbad,83.71914,-5.40105,1.299301376077763,0.41156904214852047,0.05236065508113028
268,205,135,,,99.0,8.73,14.45,,2.93,17.38,8.314998294395503,3.526,M3e(H),0.98,-0.46,1.75,0.23,5.77,Simbad,05 34 52.56,-05 29 44.82,1,V1460 Ori,M3e,1.0,H,3360.0,-0.543,0.32,0.09,0.06,2.0,0.5,0.8,1.58,0.26,3.69,opt,H02,2.0,A,,Simbad,83.71941,-5.4959,1.5280683458864126,0.2992730738142913,0.05236065508113028
269,206,134,,,99.0,6.27,16.12,,,,,,,,,,,,Simbad,05 34 52.60,-05 21 25.12,1,2MASS J05345267-0521252,M4.5,1.0,H13,3020.0,,,,,,,,,,2.4,opt,H02,,,c,Simbad,83.7195,-5.357,1.197434165210392,0.0,0.0
270,207,136,,,99.0,7.47,13.83,,2.81,16.64,,,,,,,,,Simbad,05 34 52.68,-05 27 54.52,1,V551 Ori,M0.5,1.0,H13,3700.0,-0.129,0.44,0.07,0.13,1.1,0.2,0.5,2.1,0.29,8.9,opt,P09,2.0,,,Simbad,83.71983,-5.46516,1.1839248683994203,0.0,0.0
271,209,139,,,99.0,11.99,15.05,,3.13,18.18,9.014998294395506,3.518,M3.5(H),1.08,-0.65,1.46,0.2,6.02,Simbad,05 34 52.75,-05 33 48.02,1,2MASS J05345284-0533483,M4.5,1.0,H13,3020.0,-0.926,0.14,0.06,0.09,2.4,2.1,1.5,1.26,0.25,1.36,opt,H02,3.0,,,Simbad,83.72018,-5.56342,1.4217240187343296,0.2285047424579021,0.05236065508113028
272,210,138,,,99.0,8.13,14.69,,2.5,17.189999,9.104997294395504,3.518,M3.5e(H),0.0,-0.76,1.28,0.2,6.11,Simbad,05 34 52.84,-05 28 58.62,1,V1461 Ori,M3.5e,1.0,H,3260.0,-0.9,0.24,0.1,0.1,3.6,1.4,2.6,1.11,0.21,4.44,opt,S99,2.0,A,,Simbad,83.72051,-5.48309,1.3295729451969358,0.21986510115245803,0.05236065508113028
273,211,140,,,99.0,14.14,13.87,,3.1,16.97,7.884997294395504,3.518,M3.5(H),1.0,-0.19,2.47,0.17,4.57,Simbad,05 34 53.35,-05 10 27.92,1,2MASS J05345343-0510279,M3.5,1.0,H,3260.0,-0.279,0.27,0.09,0.11,1.1,1.01,0.3,2.28,0.43,4.58,opt,H02,3.0,N,,Simbad,83.72263,-5.17442,1.213062738675032,0.3403016366043042,0.05236065508113028
274,213,143,,,99.0,5.75,16.14,,,,,3.483,M5.5(H),0.0,-1.14,0.97,0.1,6.02,Simbad,05 34 53.80,-05 22 20.42,1,2MASS J05345389-0522206,M5.5,1.0,H,2840.0,,,,,,,,,,2.35,opt,R09,,A,c,Simbad,83.72454,-5.37242,1.3695857647748413,0.0,0.0
275,214,144,,,99.0,7.18,15.79,,3.7,19.49,8.444997294395504,3.526,M3(H),2.96,-0.51,1.64,0.23,5.88,Simbad,05 34 53.85,-05 27 48.72,1,V1462 Ori,M5.25,1.0,H13,2860.0,-1.065,,,,,,,1.2,0.24,3.96,opt,P09,,,b,Simbad,83.72475,-5.46365,1.407969468464469,0.28648169033563375,0.05236065508113028
276,215,145,,,99.0,5.67,15.88,,3.18,19.06,10.974998294395503,3.483,M5.3(P),0.0,-1.04,1.1,0.1,5.58,Simbad,05 34 54.03,-05 22 26.22,1,V1273 Ori,M5.3,1.0,P,2856.0,-1.212,,,,,,,1.01,0.19,12.1,opt,G95,3.0,,b,Simbad,83.72547,-5.37404,1.278283753394002,0.11927940581045728,0.05236065508113028
277,216,148,,,99.0,7.85,15.36,,3.73,19.09,6.034999294395504,3.58,M0(H),4.97,0.07,2.51,0.3,5.12,Simbad,05 34 54.10,-05 28 53.82,1,V1463 Ori,K8,1.0,H13,3940.0,0.006,0.62,0.05,0.07,1.2,0.3,0.6,2.17,0.26,1.37,opt,H00,3.0,N,,Simbad,83.72578,-5.48176,1.4005382771072532,0.5897563175450579,0.05236065508113028
278,218,147,,,99.0,8.17,14.8,,3.27,18.07,9.984998294395504,3.494,M5(H),0.0,-0.68,1.57,0.14,5.23,Simbad,05 34 54.32,-05 17 21.12,1,2MASS J05345439-0517211,M5,1.0,H,2880.0,-0.824,0.13,0.06,0.07,1.0,0.9,1.8,1.56,0.35,3.45,opt,R09,,,g,Simbad,83.72666,-5.28921,1.1715459365260017,0.15824045851244392,0.05236065508113028
279,219,149,,,99.0,7.35,15.55,,3.25,18.8,8.914998294395504,3.526,M3e(H),1.8,-0.7,1.33,0.23,6.09,Simbad,05 34 54.56,-05 28 17.72,1,V1464 Ori,M3e,1.0,H,3360.0,-0.784,0.28,0.08,0.1,3.1,0.7,2.2,1.2,0.2,2.81,opt,P09,2.0,A,,Simbad,83.7277,-5.47173,1.4087659966251118,0.23870746006979046,0.05236065508113028
280,220,151,,,99.0,5.72,15.44,,3.19,18.63,8.894998294395505,3.526,M3e(H),1.65,-0.69,1.34,0.23,6.08,Simbad,05 34 54.75,-05 25 12.22,1,2MASS J05345483-0525125,M3e,1.0,H,3360.0,-0.777,0.28,0.08,0.1,3.1,0.7,2.1,1.21,0.2,3.75,MIR,M11,,A,g,Simbad,83.72847,-5.42015,1.277184739803815,0.2411735650657282,0.05236065508113028
281,223,152,,,99.0,5.76,14.12,,2.78,16.9,8.214998294395505,3.526,M3(H),0.6,-0.42,1.83,0.22,5.61,Simbad,05 34 54.97,-05 25 29.02,1,2MASS J05345506-0525294,M3,1.0,H,3360.0,-0.505,0.29,0.06,0.1,1.7,0.4,0.8,1.65,0.27,4.52,opt,P09,3.0,N,,Simbad,83.72942,-5.42486,1.4370247997918686,0.30943875607837673,0.05236065508113028
282,229,159,,,99.0,9.36,13.87,,2.46,16.33,7.654998294395504,3.544,M2(H),0.59,-0.37,1.79,0.28,5.79,Simbad,05 34 55.88,-05 31 12.52,1,V1466 Ori,M3,1.0,H13,3360.0,-0.592,0.3,0.08,0.09,2.1,0.5,1.1,1.5,0.25,1.12,opt,H00,3.0,,,Simbad,83.73324,-5.52029,1.5485600541131603,0.36194810451003717,0.05236065508113028
283,230,157,,1659.0,99.0,5.13,10.15,,1.56,11.709999,2.414997294395505,3.679,K2(WSH)K2-K4(P)K0(vA)K0(vA)K1(CK)K4III(Ham),1.21,1.19,5.76,1.34,5.15,Simbad,05 34 55.89,-05 23 12.62,1,KM Ori,K3,1.0,StE,4550.0,1.143,2.08,0.85,0.57,0.4,0.2,0.2,6.0,0.9,17.4,opt,H00,3.0,,d,Simbad,83.73322,-5.38695,1.299603213020736,0.0,0.0
284,231,158,,,99.0,7.94,13.26,,2.15,15.41,7.1149982943955035,3.555,M1.5(H),0.21,-0.23,1.99,0.28,5.69,Simbad,05 34 55.89,-05 29 25.92,1,V478 Ori,M1.5,1.0,H,3560.0,-0.372,0.38,0.07,0.09,1.6,0.3,0.8,1.72,0.24,1.92,opt,S99,3.0,N,,Simbad,83.73323,-5.49067,1.3639629990887727,0.42011687177868345,0.05236065508113028
285,232,162,,,99.0,11.46,15.32,,2.88,18.2,10.114998294395503,3.471,M5-M6(H),0.0,-0.71,1.68,0.11,4.71,Simbad,05 34 56.27,-05 33 40.12,1,2MASS J05345636-0533404,M5.5,2.0,H13,2840.0,-0.96,,,,,,,1.37,0.43,0.74,opt,R09,3.0,N,b,Simbad,83.73485,-5.56124,1.4449100770410843,0.15264920347244804,0.05236065508113028
286,233,166,,,99.0,15.55,14.25,,2.81,17.06,8.974998294395503,3.494,M5(H),0.0,-0.46,2.02,0.14,4.76,Simbad,05 34 56.30,-05 38 05.72,1,2MASS J05345640-0538052,M5,1.0,H,2880.0,-0.604,0.13,0.07,0.1,0.2,0.16,1.9,2.01,0.45,0.67,opt,H02,3.0,,e,Simbad,83.735,-5.63478,1.578116568564736,0.23265195862029767,0.05236065508113028
287,235,164,,,99.0,6.7,14.01,,2.38,16.39,7.914997294395505,3.544,M2e(H),0.39,-0.47,1.58,0.3,5.93,Simbad,05 34 56.43,-05 27 50.52,1,V2080 Ori,M2e,1.0,H,3490.0,-0.598,0.36,0.07,0.06,2.7,0.9,1.1,1.37,0.19,6.52,opt,H02,2.0,,,Simbad,83.73547,-5.46419,1.358923524651591,0.33768848691293857,0.05236065508113028
288,237,168,,,99.0,5.9,15.0,,3.16,18.16,10.074998294395504,3.483,M5.5(H),0.0,-0.68,1.64,0.12,4.89,Simbad,05 34 56.67,-05 26 36.82,1,2MASS J05345675-0526372,M5,1.0,H13,2880.0,-0.904,0.11,0.05,0.09,0.5,0.4,2.5,1.42,0.32,0.92,opt,H02,3.0,,,Simbad,83.7365,-5.44368,1.4104191668889434,0.1542262340486992,0.05236065508113028
289,240,167,,,99.0,5.22,14.91,,3.08,17.99,6.074998294395504,3.602,K7(H),3.83,-0.03,2.01,0.44,5.73,Simbad,05 34 56.76,-05 21 36.22,1,V1315 Ori,K7,1.0,H,3970.0,-0.15,0.67,0.06,0.06,2.1,0.6,1.1,1.78,0.21,3.4,opt,R09,,N,g,Simbad,83.73682,-5.36011,1.1603875530434116,0.5837258017184691,0.05236065508113028
290,241,169,,,99.0,5.05,15.95,,,,,,,,,,,,Simbad,05 34 56.85,-05 22 06.02,1,V1469 Ori,M3,1.0,H13,3360.0,,,,,,,,,,3.85,opt,H00,2.0,,c,Simbad,83.73722,-5.36841,1.2627737561451822,0.0,0.0
291,242,171,,,99.0,4.89,14.94,,2.96,17.9,9.684998294395504,3.509,M4(H),0.13,-0.79,1.29,0.17,6.06,Simbad,05 34 56.93,-05 22 59.82,1,V1470 Ori,M4,1.0,H,3160.0,-0.868,0.2,0.09,0.11,2.9,2.5,1.8,1.23,0.26,1.18,opt,R09,3.0,,,Simbad,83.73755,-5.38334,1.241450617411778,0.17092097783280943,0.05236065508113028
292,243,173,,,99.0,11.21,15.08,,3.65,18.73,8.744998294395502,3.509,M4(H),1.9,-0.41,1.99,0.18,5.07,Simbad,05 34 57.06,-05 33 29.12,1,2MASS J05345714-0533294,M4.5,1.0,H13,3020.0,-0.614,0.17,0.07,0.09,0.8,0.71,1.5,1.8,0.36,0.83,opt,R09,2.0,,e,Simbad,83.7381,-5.55819,1.3058340877920571,0.25585625821747743,0.05236065508113028
293,245,172,,,99.0,10.03,16.16,,3.45,19.61,10.694998294395505,3.5,M4.5(H),0.83,-1.06,0.99,0.14,6.2,Simbad,05 34 57.29,-05 14 33.42,1,2MASS J05345737-0514334,M4.5,1.0,H,3020.0,-1.17,0.11,0.05,0.09,3.8,1.8,2.8,0.95,0.19,0.59,opt,R09,,,g,Simbad,83.73906,-5.24264,1.2634992695188736,0.13016883398343768,0.05236065508113028
294,248,175,,,99.0,4.71,14.07,,2.41,16.48,8.394998294395505,3.526,M3(H),0.0,-0.55,1.58,0.23,5.93,Simbad,05 34 57.69,-05 22 50.92,1,V402 Ori,M3.5,1.0,H13,3260.0,-0.652,0.24,0.08,0.12,2.2,0.8,1.0,1.48,0.28,9.19,opt,H00,2.0,,,Simbad,83.74077,-5.38087,1.43151882525909,0.29168115133416955,0.05236065508113028
295,250,181,,,99.0,7.89,15.16,,3.28,18.44,8.474999294395504,3.526,M3(H),1.88,-0.52,1.62,0.23,5.9,Simbad,05 34 57.83,-05 29 45.42,1,V1473 Ori,M3,1.0,H,3360.0,-0.609,0.28,0.06,0.11,2.1,0.4,1.3,1.47,0.24,1.36,opt,H02,3.0,,,Simbad,83.74135,-5.49612,1.5311455659491373,0.283552289977892,0.05236065508113028
296,251,177,,,99.0,7.37,14.53,,2.9,17.43,6.504998294395504,3.58,M0(H),2.84,-0.12,2.02,0.35,5.71,Simbad,05 34 57.95,-05 17 37.62,1,V2089 Ori,M1.5,1.0,H13,3560.0,-0.443,0.38,0.06,0.09,1.9,0.4,1.1,1.58,0.22,8.85,opt,R09,,,g,Simbad,83.74179,-5.2938,1.1904202657851626,0.5080995208654797,0.05236065508113028
297,254,180,,,99.0,12.36,14.45,,2.94,17.39,9.304998294395505,3.494,M5(H),0.0,-0.54,1.84,0.14,4.96,Simbad,05 34 58.11,-05 11 53.72,1,2MASS J05345819-0511536,M5,1.0,H13,2880.0,-0.684,0.13,0.07,0.1,0.3,0.24,2.1,1.83,0.41,0.73,opt,R09,,,"e,g",Simbad,83.74247,-5.19824,1.2381589097149188,0.19992493743064932,0.05236065508113028
298,255,183,,,99.0,5.05,14.49,,3.45,17.94,9.414998294395504,3.494,M5(H),0.44,-0.45,2.05,0.15,4.73,Simbad,05 34 58.18,-05 25 32.92,1,2MASS J05345827-0525332,M6,1.0,H13,2800.0,-0.556,0.11,0.02,0.07,0.1,0.06,0.4,2.24,0.35,1.51,opt,H02,3.0,,,Simbad,83.74282,-5.42591,1.4886871190471789,0.19137984344999617,0.05236065508113028
299,256,184,,,99.0,4.99,15.73,,,,,3.555,M1.5(H),0.0,-1.27,0.6,0.35,7.18,Simbad,05 34 58.29,-05 21 16.52,1,2MASS J05345837-0521166,M3,1.0,H13,3360.0,,,,,,,,,,1.5,opt,R09,3.0,N,c,Simbad,83.74324,-5.35462,1.313051365769912,0.0,0.0
300,257,186,,,99.0,10.46,16.13,,4.29,20.419998,7.4349972943955045,3.535,M2.5(H),4.9,-0.2,2.26,0.23,5.04,Simbad,05 34 58.44,-05 32 49.52,1,V1474 Ori,M2.5,1.0,H,3425.0,-0.312,0.32,0.07,0.09,1.3,0.3,0.4,1.98,0.3,5.85,opt,P09,2.0,,,Simbad,83.74387,-5.54718,1.3657340797846145,0.3829981883972262,0.05236065508113028
301,258,185,,,99.0,11.81,16.05,,3.33,19.38,11.294998294395503,3.483,M5.5(H),0.0,-1.1,1.01,0.1,5.89,Simbad,05 34 58.61,-05 12 26.12,1,2MASS J05345869-0512261,M5.5,1.0,H,2840.0,-1.252,,,,,,,0.98,0.17,1.8,opt,H02,3.0,,b,Simbad,83.74455,-5.20727,1.2260269150206864,0.10625483785389762,0.05236065508113028
302,259,187,,,99.0,4.89,14.27,,2.85,17.12,5.084999294395503,3.643,K5(H),3.95,0.22,2.23,0.68,5.77,Simbad,05 34 58.71,-05 21 17.52,1,V2094 Ori,K6,1.0,H13,4020.0,0.031,0.68,0.08,0.15,1.3,0.4,0.8,2.14,0.28,14.41,opt,H02,,N,g,Simbad,83.74497,-5.3549,1.2423884825923324,0.8472633711030118,0.05236065508113028
303,260,188,,,99.0,6.42,14.32,,2.38,16.7,8.614998294395503,3.526,M3(H),0.0,-0.65,1.41,0.23,6.04,Simbad,05 34 58.81,-05 28 02.92,1,V1475 Ori,M3,1.0,H,3360.0,-0.772,0.28,0.08,0.09,3.0,0.7,2.1,1.22,0.2,6.58,opt,R09,3.0,,,Simbad,83.74543,-5.46759,1.4490951456899397,0.26934852500568957,0.05236065508113028
304,262,189,,,99.0,4.34,15.24,,3.43,18.67,10.194998294395505,3.494,M4.5IV-M5V(H),0.39,-0.76,1.43,0.14,5.39,Simbad,05 34 59.10,-05 23 07.52,1,2MASS J05345918-0523078,M4.75,1.0,H,2950.0,-0.867,0.13,0.06,0.09,1.8,1.65,1.5,1.41,0.3,2.89,opt,R09,,,g,Simbad,83.74662,-5.38551,1.3632501706291065,0.14954335490479054,0.05236065508113028
305,264,191,,,99.0,4.28,14.18,,2.78,16.960001,7.844999294395505,3.535,M4(Eetal)M2.5(H),1.03,-0.37,1.87,0.24,5.67,Simbad,05 34 59.47,-05 23 59.92,1,V1318 Ori,M2.5,1.0,H,3425.0,-0.474,0.34,0.08,0.06,1.8,0.4,0.6,1.64,0.25,8.63,opt,H02,,,g,Simbad,83.74816,-5.40006,1.3528931740050474,0.34470189987308447,0.05236065508113028
306,265,192,,1686.0,99.0,4.8,13.73,,2.3,16.029999,7.7649962943955035,3.544,M2(H),0.18,-0.41,1.7,0.29,5.86,Simbad,05 34 59.54,-05 25 39.52,1,V1477 Ori,M1,1.0,H13,3630.0,-0.449,0.43,0.07,0.1,2.3,0.7,1.3,1.51,0.21,8.93,opt,P09,2.0,,,Simbad,83.74844,-5.42777,1.355805706691356,0.3518609735923497,0.05236065508113028
307,269,5106,,,,4.14,17.32,,1.9,19.22,,,>M2(H),,,,,,Simbad,05 35 00.13,-05 24 08.89,1,V2099 Ori,M5.5,2.0,H13,2840.0,-1.76,,,,,,,0.55,0.17,7.29,MIR,M11,2.0,,b,Simbad,83.75091,-5.40253,1.3379886664992846,0.0,0.0
308,270,5038,,,,8.45,17.07,,,,,3.633,K5-K6:(H),0.0,-1.86,0.21,,,Simbad,05 35 00.14,-05 15 58.38,1,2MASS J05350023-0515590,K5.5,1.0,H,4080.0,,,,,,,,,,1.25,opt,R09,2.0,,c,Simbad,83.751,-5.26639,1.6187714228156704,0.0,0.0
309,273,198,,,99.0,4.42,13.8,,1.63,15.43,6.8649992943955045,3.623,K6e(H),0.48,-0.43,1.16,0.82,6.77,Simbad,05 35 00.37,-05 25 13.92,1,V2102 Ori,K6e,1.0,H,4020.0,-0.543,0.79,0.15,0.07,11.0,5.0,8.0,1.1,0.14,,,,2.0,,"a,f",Simbad,83.75195,-5.42064,1.5129681090064566,0.4561207343461758,0.05236065508113028
310,274,203,,1695.0,98.0,15.28,13.85,,2.48,16.33,6.4849982943955045,3.58,MO(H),1.76,-0.11,2.04,0.35,5.7,Simbad,05 35 00.72,-05 38 08.32,1,KW Ori,M0,1.0,H,3770.0,-0.301,0.51,0.09,0.11,2.0,0.6,1.4,1.66,0.23,7.29,opt,S99,2.0,,,Simbad,83.75343,-5.63555,1.5775916133474464,0.5120313697664315,0.05236065508113028
311,275,200,,,99.0,8.65,15.85,,3.81,19.66,7.904998294395504,3.535,M2.5(H),3.67,-0.39,1.82,0.25,5.74,Simbad,05 35 00.75,-05 31 05.32,1,V2106 Ori,M5,1.0,H13,2880.0,-0.932,,,,,,,1.38,0.31,3.11,opt,H02,2.0,,b,Simbad,83.75355,-5.5183,1.6226069296625454,0.3385572995918755,0.05236065508113028
312,277,201,,,99.0,3.95,13.41,,2.97,16.38,6.784997294395504,3.535,M2.5(H),1.51,0.06,3.05,0.19,4.27,Simbad,05 35 00.93,-05 24 10.02,1,2MASS J05350101-0524103,M2.5,1.0,H,3425.0,-0.048,0.32,0.07,0.1,0.7,0.6,0.3,2.68,0.4,1.92,opt,H02,3.0,N,,Simbad,83.75423,-5.40289,1.3290070988787726,0.4667917434327709,0.05236065508113028
313,279,202,,,,3.87,15.88,,2.9,18.78,10.694998294395505,3.5,M4.5(H),0.0,-1.15,0.89,0.13,6.29,Simbad,05 35 01.00,-05 23 03.52,1,V2107 Ori,M4.5,1.0,H,3020.0,-1.308,0.11,0.05,0.09,4.6,1.8,4.5,0.81,0.16,3.98,MIR,M11,,A,g,Simbad,83.75448,-5.38448,1.2770450781307154,0.13016883398343768,0.05236065508113028
314,282,205,,,99.0,4.16,16.6,,,,,3.471,M6(H),0.0,-1.23,0.93,0.07,5.38,Simbad,05 35 01.14,-05 21 44.12,1,2MASS J05350121-0521444,M6,1.0,H,2800.0,,,,,,,,,,8.2,opt,R09,3.0,,c,Simbad,83.75508,-5.36233,1.2127827723672897,0.0,0.0
315,284,207,,,99.0,6.3,15.7,,,,,,,,,,,,Simbad,05 35 01.23,-05 18 21.22,1,2MASS J05350132-0518212,M4.5,1.0,H13,3020.0,,,,,,,,,,2.74,opt,R09,3.0,,c,Simbad,83.7555,-5.30591,1.345381463620451,0.0,0.0
316,286,204,,1693.0,98.0,14.34,13.74,,2.16,15.9,7.574998294395504,3.555,M1.5(H),0.24,-0.41,1.61,0.33,5.92,Simbad,05 35 01.35,-05 09 32.52,1,KV Ori,M1.5,1.0,H,3560.0,-0.564,0.38,0.06,0.08,2.6,0.7,1.5,1.38,0.19,2.83,opt,Re01,3.0,N,,Simbad,83.75594,-5.15906,1.133478759170955,0.3704159316033153,0.05236065508113028
317,287,211,,,99.0,6.22,14.04,,2.61,16.65,7.974998294395503,3.535,M2.5(H),0.59,-0.42,1.76,0.25,5.79,Simbad,05 35 01.39,-05 28 20.32,1,V1479 Ori,M2.5,1.0,H,3425.0,-0.524,0.32,0.06,0.09,1.9,0.4,1.1,1.55,0.23,5.46,opt,H02,3.0,N,,Simbad,83.75619,-5.47244,1.5009830718544297,0.3316689065961191,0.05236065508113028
318,288,213,,,99.0,4.32,15.59,,2.89,18.48,10.394998294395505,3.494,M5(H),0.0,-1.0,1.09,0.13,6.07,Simbad,05 35 01.49,-05 25 33.62,1,2MASS J05350158-0525339,M5,1.0,H13,2880.0,-1.14,,,,,,,1.08,0.24,2.71,opt,R09,3.0,,b,Simbad,83.75659,-5.42611,1.4185806268111232,0.14168785782760615,0.05236065508113028
319,289,212,,,99.0,3.81,15.11,,3.62,18.73,9.764998294395506,3.494,M5(H),0.88,-0.59,1.74,0.14,5.06,Simbad,05 35 01.51,-05 24 09.82,1,2MASS J05350160-0524101,M5,1.0,H13,2880.0,-0.755,0.12,0.05,0.1,0.3,0.15,2.3,1.69,0.38,0.81,opt,R09,3.0,,e,Simbad,83.7567,-5.40282,1.5006554073986234,0.16744336601362644,0.05236065508113028
320,290,216,,,99.0,10.91,16.01,,3.99,20.0,8.214998294395505,3.526,M3(H),3.7,-0.42,1.83,0.22,5.61,Simbad,05 35 01.52,-05 33 37.72,1,2MASS J05350161-0533380,M3,1.0,H,3360.0,-0.506,0.29,0.06,0.1,1.7,0.4,0.8,1.65,0.27,6.69,opt,P09,,N,g,Simbad,83.75673,-5.56057,1.4595416997157775,0.30943875607837673,0.05236065508113028
321,292,215,,,99.0,5.29,16.15,,,,,,,,,,,,Simbad,05 35 01.62,-05 27 09.52,1,2MASS J05350171-0527099,M4.9,1.0,D10,2908.0,,,,,,,,,,3.37,opt,R09,,,c,Simbad,83.75715,-5.45276,1.4926259732288647,0.0,0.0
322,293,218,,,99.0,7.85,14.98,,2.99,17.97,9.884998294395503,3.5,M4.5(H),0.0,-0.79,1.35,0.15,5.88,Simbad,05 35 01.73,-05 30 18.82,1,2MASS J05350182-0530193,M4.5,1.0,H,3020.0,-0.948,0.15,0.07,0.08,2.7,2.5,1.4,1.23,0.24,3.78,opt,R09,3.0,,,Simbad,83.75762,-5.50537,1.561490600362297,0.16235916583635,0.05236065508113028
323,295,219,,,99.0,6.16,15.52,,4.3,19.82,9.114998294395503,3.494,M5(H),2.62,-0.33,2.35,0.15,4.43,Simbad,05 35 01.99,-05 18 22.52,1,V2120 Ori,M5,1.0,H13,2880.0,-0.494,0.12,0.03,0.12,0.1,0.08,1.6,2.28,0.51,1.69,opt,R09,2.0,,,Simbad,83.75863,-5.30629,1.2191030293085117,0.21873810441653704,0.05236065508113028
324,298,222,,,98.0,6.8,14.14,,2.85,16.99,7.3149982943955045,3.544,M2(H),1.59,-0.23,2.09,0.25,5.33,Simbad,05 35 02.09,-05 29 09.22,1,JW 222,M2,1.0,H,3490.0,-0.356,0.36,0.07,0.07,1.5,0.3,0.5,1.81,0.25,5.17,opt,H00,2.0,N,,Simbad,83.7591,-5.48607,1.5392703448984246,0.3949915947892526,0.05236065508113028
325,300,221,,1703.0,98.0,8.36,11.33,,2.66,13.99,1.874997294395504,3.679,K3(H),4.03,1.41,7.39,1.52,4.98,Simbad,05 35 02.30,-05 15 47.82,1,V403 Ori,K3,1.0,H,4550.0,1.357,2.51,1.02,0.49,0.3,0.1,0.1,7.68,1.15,6.09,MIR,M11,3.0,N,a,Simbad,83.75992,-5.26333,1.2185265487079089,0.0,0.0
326,304,227,,,99.0,9.67,16.27,,4.25,20.52,,,,,,,,,Simbad,05 35 02.60,-05 32 24.52,1,2MASS J05350270-0532249,M6,1.0,H13,2800.0,-1.174,,,,,,,1.1,0.17,2.73,opt,R09,3.0,,b,Simbad,83.76125,-5.54026,1.5498658834386796,0.0,0.0
327,306,228,,,99.0,9.32,16.66,,3.68,20.34,11.224998294395503,3.494,M5e(H),1.03,-1.17,0.89,0.12,6.26,Simbad,05 35 02.67,-05 32 02.32,1,V2124 Ori,M5.5,1.0,H13,2840.0,-1.496,,,,,,,0.74,0.13,3.22,opt,H02,2.0,,b,Simbad,83.76152,-5.53412,1.505131995348693,0.10930094566496638,0.05236065508113028
328,310,229,,,99.0,5.91,14.17,,2.41,16.58,7.6149982943955035,3.555,M1.5(H),0.88,-0.43,1.58,0.33,5.94,Simbad,05 35 03.07,-05 18 29.82,1,V2128 Ori,M1.5,1.0,H,3560.0,-0.605,0.37,0.06,0.09,2.8,0.8,1.9,1.31,0.18,7.75,opt,H02,,N,g,Simbad,83.76315,-5.30831,1.2880500752351092,0.3666282669840486,0.05236065508113028
329,311,231,,,99.0,6.42,15.57,,,,,3.471,M6(H),0.0,-0.81,1.49,0.1,4.82,Simbad,05 35 03.13,-05 17 53.22,1,V2129 Ori,M6,1.0,H,2800.0,,,,,,,,,,5.53,NIR,C01,,,c,Simbad,83.76343,-5.29814,1.3945594756789517,0.0,0.0
330,313,234,,,99.0,4.29,15.95,,2.88,18.83,10.744998294395502,3.5,M4.5(H),0.0,-1.18,0.86,0.13,6.31,Simbad,05 35 03.34,-05 26 09.72,1,2MASS J05350343-0526100,M4.5,1.0,H,3020.0,-1.336,0.11,0.05,0.09,4.8,1.8,4.6,0.78,0.16,3.96,MIR,M11,3.0,,,Simbad,83.7643,-5.43613,1.4171846933052403,0.12817739687723836,0.05236065508113028
331,316,5100,,,,3.26,16.53,,,,,3.483,M5.5e(H),0.0,-1.3,0.81,0.09,6.28,Simbad,05 35 03.61,-05 22 45.29,1,2MASS J05350370-0522457,M5.5,1.0,H,2840.0,,,,,,,,,,5.11,MIR,M11,2.0,A,c,Simbad,83.76542,-5.37936,1.4154774311311822,0.0,0.0
332,319,237,,,99.0,5.39,15.32,,3.22,18.539999,9.654998294395503,3.509,M4(H),0.8,-0.78,1.31,0.17,6.05,Simbad,05 35 03.87,-05 18 59.62,1,V2136 Ori,M4,1.0,H13,3160.0,-0.857,0.21,0.09,0.11,2.9,2.3,1.9,1.24,0.26,5.22,opt,H02,2.0,,,Simbad,83.76651,-5.31661,1.3912149323043843,0.17357650357897603,0.05236065508113028
333,320,243,,,99.0,4.49,13.58,,2.36,15.94,7.514997294395505,3.544,M2(H),0.34,-0.31,1.9,0.26,5.71,Simbad,05 35 03.97,-05 26 36.72,1,V1482 Ori,M1.5,1.0,H13,3560.0,-0.4,0.38,0.06,0.1,1.7,0.3,0.9,1.66,0.23,10.15,opt,H00,2.0,N,,Simbad,83.76694,-5.44366,1.498594600753398,0.3761709246745875,0.05236065508113028
334,321,241,,,99.0,4.39,16.54,,,,,,,,,,,,Simbad,05 35 04.07,-05 20 15.52,1,2MASS J05350416-0520156,M4,1.0,H13,3160.0,,,,,,,,,,1.24,opt,R09,3.0,,c,Simbad,83.76734,-5.33768,1.3740170851084803,0.0,0.0
335,322,244,,,99.0,3.24,15.47,,2.91,18.380001,10.294999294395504,3.494,M5(H),0.0,-0.95,1.15,0.13,6.01,Simbad,05 35 04.07,-05 22 24.02,1,2MASS J05350416-0522243,M4,1.0,H13,3160.0,-1.111,0.17,0.08,0.12,4.3,2.3,4.8,0.93,0.19,2.48,opt,R09,3.0,A,,Simbad,83.76737,-5.37343,1.5115049596967765,0.14574975749428976,0.05236065508113028
336,323,245,,,99.0,4.36,13.95,,2.7,16.65,7.354998294395504,3.544,M2e(H),1.21,-0.25,2.05,0.25,5.42,Simbad,05 35 04.10,-05 26 27.42,1,V1322 Ori,M2e,1.0,H,3490.0,-0.374,0.35,0.06,0.08,1.5,0.2,0.6,1.78,0.25,8.73,opt,H00,2.0,A,,Simbad,83.76748,-5.44107,1.485756945474759,0.3909526332845051,0.05236065508113028
337,324,240,,,99.0,8.59,15.69,,3.19,18.88,7.684997794395505,3.562,M1(H),3.11,-0.5,1.42,0.38,6.1,Simbad,05 35 04.11,-05 15 21.32,1,V2138 Ori,M1,1.0,H,3630.0,-0.678,0.41,0.06,0.11,4.2,1.5,3.5,1.16,0.16,13.33,opt,R09,3.0,,,Simbad,83.7675,-5.25594,1.3458464379772548,0.3591687332821208,0.05236065508113028
338,328,249,,1737.0,99.0,3.05,13.64,,2.35,15.99,4.434997794395505,3.695,"K2(H)M0,M4(Sam)",3.47,0.35,2.03,1.38,6.3,Simbad,05 35 04.41,-05 23 56.22,1,V2140 Ori,K2,1.0,H,4760.0,0.296,1.58,0.12,0.12,4.3,1.9,3.2,2.06,0.3,3.82,opt,H02,,N,a,Simbad,83.76875,-5.39904,1.382512656999821,1.0926857779218853,0.05236065508113028
339,329,250,,,99.0,4.03,14.02,,3.0,17.02,7.774999294395505,3.526,M3(H),1.16,-0.24,2.24,0.21,5.0,Simbad,05 35 04.41,-05 26 04.02,1,V1483 Ori,M3,1.0,H,3360.0,-0.328,0.3,0.07,0.09,1.3,0.8,0.4,2.03,0.34,2.71,opt,H02,,,g,Simbad,83.76876,-5.43456,1.4354725629324576,0.3509580207526128,0.05236065508113028
340,330,252,,1726.0,99.0,6.93,12.62,,1.71,14.33,5.224997294395504,3.643,K4-K5(H),1.02,0.17,2.1,0.69,5.85,Simbad,05 35 04.43,-05 29 37.82,1,Parenago 1726,K4.5,1.0,H,4235.0,0.106,0.95,0.25,0.33,1.9,0.9,2.3,2.1,0.32,9.23,opt,P09,2.0,N,,Simbad,83.7689,-5.49395,1.6324604794722457,0.8006966624955979,0.05236065508113028
341,332,254,,,99.0,4.22,14.35,,3.21,17.560001,7.775000294395504,3.526,M3(H),1.7,-0.24,2.24,0.21,5.0,Simbad,05 35 04.51,-05 26 22.52,1,V1323 Ori,M3,1.0,H,3360.0,-0.328,0.3,0.07,0.09,1.3,0.8,0.4,2.03,0.34,0.96,opt,R09,2.0,N,,Simbad,83.7692,-5.43974,1.561222896343018,0.3509580207526128,0.05236065508113028
342,333,251,,,99.0,3.25,14.68,,2.12,16.8,8.714998294395505,3.544,M2(H),0.0,-0.83,1.04,0.3,6.38,Simbad,05 35 04.52,-05 24 42.02,1,2MASS J05350461-0524424,M2,1.0,H,3490.0,-0.928,0.33,0.06,0.07,6.3,2.3,3.7,0.94,0.13,0.84,opt,R09,3.0,N,,Simbad,83.76922,-5.4118,1.4601468660236625,0.2591646022688198,0.05236065508113028
343,338,258,,,99.0,4.38,13.69,,2.38,16.07,6.6949982943955035,3.571,M0.5(H),1.29,-0.15,2.02,0.33,5.71,Simbad,05 35 04.66,-05 26 37.52,1,V2143 Ori,M0.5,1.0,H,3700.0,-0.342,0.46,0.08,0.1,1.9,0.5,1.2,1.64,0.22,10.98,opt,H02,2.0,N,,Simbad,83.76981,-5.44389,1.490391209859281,0.4801737032995592,0.05236065508113028
344,340,257,,,99.0,3.01,14.51,,2.64,17.15,9.064998294395503,3.5,M4.5(H),0.0,-0.6,1.67,0.15,5.26,Simbad,05 35 04.72,-05 22 38.52,1,V2145 Ori,M4.5,1.0,H,3020.0,-0.76,0.15,0.06,0.1,1.7,1.51,1.2,1.52,0.3,5.22,opt,H02,2.0,,,Simbad,83.77008,-5.37742,1.4938413809168305,0.22385551330425044,0.05236065508113028
345,342,263,,,99.0,13.66,14.9,,3.14,18.039999,9.914996294395506,3.5,M4.5(H),0.04,-0.75,1.41,0.15,5.65,Simbad,05 35 04.98,-05 36 43.82,1,V2148 Ori,M5,1.0,H13,2880.0,-0.864,0.11,0.04,0.09,0.4,0.3,2.6,1.49,0.33,7.75,opt,H02,2.0,,,Simbad,83.7711,-5.61217,1.2539858958440429,0.1611124224814569,0.05236065508113028
346,347,271,,1748.0,99.0,11.44,12.74,,1.88,14.62,6.3149982943955045,3.58,M0(H),0.22,-0.04,2.21,0.33,5.57,Simbad,05 35 05.24,-05 34 28.12,1,V387 Ori,M0,1.0,H,3770.0,-0.188,0.49,0.07,0.14,1.4,0.3,0.9,1.89,0.26,8.25,NIR,C01,2.0,,,Simbad,83.7722,-5.57459,1.374472341117059,0.5418099572273222,0.05236065508113028
347,348,265,,,99.0,2.89,14.3,,2.69,16.99,6.604998294395504,3.58,M0(H),2.3,-0.16,1.93,0.37,5.75,Simbad,05 35 05.28,-05 24 10.22,1,V2150 Ori,M0,1.0,H,3770.0,-0.35,0.52,0.1,0.11,2.4,0.9,1.7,1.57,0.21,6.54,opt,P09,2.0,,,Simbad,83.77239,-5.40293,1.4357310237095484,0.4926717393082925,0.05236065508113028
348,349,268,,1747.0,99.0,4.79,12.88,,1.61,14.49,5.974997294395504,3.623,K5-K6(H),0.43,-0.07,1.75,0.62,6.01,Simbad,05 35 05.31,-05 27 16.62,1,V2151 Ori,K5,1.0,StE,4140.0,-0.106,0.86,0.2,0.25,3.0,1.4,3.1,1.72,0.25,9.8,opt,H02,,N,g,Simbad,83.77252,-5.45475,1.4947281468532383,0.6020048980004077,0.05236065508113028
349,352,5096,,,,2.9,17.49,,,,,3.46,M6.5(H),0.0,-1.48,0.73,0.05,5.2,Simbad,05 35 05.36,-05 22 30.10,1,V2154 Ori,M6,1.0,H13,2800.0,,,,,,,,,,3.56,MIR,M11,,,c,Simbad,83.77271,-5.37514,1.409190177083267,0.0,0.0
350,354,272,,,99.0,5.26,14.07,,2.3,16.369999,7.6849972943955045,3.555,M1.5e(H),0.6,-0.46,1.53,0.34,5.98,Simbad,05 35 05.40,-05 27 51.72,1,V2155 Ori,M1.5e,1.0,H,3560.0,-0.634,0.38,0.06,0.08,3.2,1.0,1.9,1.27,0.18,2.98,opt,P09,,A,g,Simbad,83.7729,-5.46451,1.5234998701301108,0.3591687332821208,0.05236065508113028
351,360,275,a,1745.0,99.0,3.21,13.01,,2.28,15.29,7.074998294395504,3.544,M2(H),0.13,-0.13,2.33,0.24,5.01,Simbad,05 35 05.60,-05 25 05.92,1,V1324 Ori,M2,1.0,H,3490.0,,,,,,,,,,0.95,opt,H02,3.0,,c,Simbad,83.77369,-5.41829,1.2805202250461591,0.4255491842939247,0.05236065508113028
352,362,269,,,99.0,12.1,16.27,,,,,,,,,,,,Simbad,05 35 05.64,-05 11 34.92,1,V2157 Ori,M3,1.0,H13,3360.0,,,,,,,,,,5.99,opt,R09,2.0,,c,Simbad,83.77387,-5.19308,1.3371285808987547,0.0,0.0
353,363,278,,,99.0,2.85,13.66,,1.94,15.6,5.904999294395504,3.643,K2-K7e(H),1.61,-0.11,1.53,0.83,6.36,Simbad,05 35 05.64,-05 24 18.02,1,V480 Ori,K4.5,4.0,H,4235.0,-0.166,0.98,0.59,0.24,4.9,3.9,22.6,1.53,0.56,6.76,opt,H02,2.0,A,a,Simbad,83.77385,-5.40514,1.3445331043873463,0.6192631410991564,0.05236065508113028
354,364,280,,,99.0,4.07,13.44,,2.67,16.11,7.714998294395505,3.526,M3(H),0.31,-0.22,2.31,0.21,4.92,Simbad,05 35 05.64,-05 26 25.82,1,V1484 Ori,M3,1.0,H,3360.0,-0.301,0.28,0.04,0.12,1.2,0.9,0.3,2.09,0.35,1.99,opt,H02,,N,g,Simbad,83.77389,-5.4406,1.4384351812464908,0.3564107046288066,0.05236065508113028
355,366,284,,,99.0,10.88,14.6,,3.11,17.710001,8.184998294395504,3.526,M3e(H),1.44,-0.41,1.86,0.22,5.52,Simbad,05 35 05.67,-05 33 55.42,1,V408 Ori,M4e,1.0,H13,3160.0,-0.638,0.22,0.08,0.11,2.1,1.8,0.7,1.6,0.33,3.08,opt,P09,2.0,A,,Simbad,83.77401,-5.5655,1.4308486276374297,0.3118332996333996,0.05236065508113028
356,369,281,,,99.0,4.51,13.96,,3.04,17.0,8.064998294395503,3.518,M3.5(H),0.85,-0.26,2.27,0.19,4.87,Simbad,05 35 05.76,-05 27 01.12,1,2MASS J05350584-0527016,M3.5,1.0,H,3260.0,-0.352,0.26,0.07,0.12,1.2,1.0,0.4,2.09,0.39,3.15,opt,P09,3.0,N,,Simbad,83.77437,-5.45046,1.4302143545007815,0.3232551706196343,0.05236065508113028
357,370,283,,,99.0,4.61,15.17,,3.07,18.24,6.674998294395504,3.591,K8(H),3.48,-0.23,1.69,0.45,5.93,Simbad,05 35 05.79,-05 27 08.52,1,V2162 Ori,K8,1.0,H,3940.0,-0.33,0.66,0.08,0.08,3.6,1.3,1.9,1.47,0.18,7.39,opt,P09,2.0,,,Simbad,83.77453,-5.4525,1.528715527880229,0.4826476855887318,0.05236065508113028
358,371,282,,,99.0,9.33,16.26,,,,,3.5,M4.5(H),0.0,-1.3,0.75,0.12,6.41,Simbad,05 35 06.01,-05 14 24.82,1,V2163 Ori,M4.5,1.0,H,3020.0,,,,,,,,,,0.78,opt,H02,3.0,,c,Simbad,83.77542,-5.24028,1.3692749940883453,0.0,0.0
359,372,285,,,99.0,4.31,15.06,,,,,3.509,M4(H),0.0,-0.87,1.18,0.17,6.12,Simbad,05 35 06.06,-05 19 55.42,1,JW 285,M4,1.0,H,3160.0,,,,,,,,,,4.82,opt,H02,,,c,Simbad,83.77562,-5.33212,1.343073490430795,0.0,0.0
360,375,286,,,99.0,2.88,14.91,,2.78,17.69,5.834998294395504,3.643,K5(H),3.77,-0.08,1.58,0.82,6.31,Simbad,05 35 06.19,-05 22 02.32,1,2MASS J05350627-0522027,K5,1.0,H,4140.0,-0.188,0.88,0.22,0.2,4.1,2.1,4.3,1.57,0.23,3.81,opt,R09,,N,a,Simbad,83.77616,-5.36742,1.3771547286710275,0.6370161425559265,0.05236065508113028
361,376,290,,,99.0,4.47,15.48,,,,,,,,,,,,Simbad,05 35 06.33,-05 27 04.32,1,2MASS J05350642-0527048,M4.7,1.0,D10,2964.0,,,,,,,,,,3.1,opt,R09,2.0,,c,Simbad,83.77676,-5.45134,1.4689027628424822,0.0,0.0
362,380,294,,,99.0,8.17,15.41,,3.5,18.91,9.864998294395503,3.5,M4.5(H),0.96,-0.73,1.45,0.15,5.57,Simbad,05 35 06.36,-05 31 08.72,1,V2166 Ori,M4.5,1.0,H,3020.0,-0.839,0.15,0.06,0.1,2.2,2.01,1.2,1.39,0.28,2.57,opt,H02,2.0,,,Simbad,83.77691,-5.51924,1.5666395343161843,0.16319568332575815,0.05236065508113028
363,381,288,,,99.0,3.25,15.44,,2.73,18.17,10.084998294395506,3.494,M5(H),0.0,-0.94,1.17,0.13,6.0,Simbad,05 35 06.37,-05 21 18.52,1,JW 288,M5,1.0,H,2880.0,-1.08,,,,,,,1.16,0.26,3.3,opt,R09,,,b,Simbad,83.77692,-5.35522,1.3830653707620215,0.1538304555269313,0.05236065508113028
364,382,291,,1754.0,99.0,2.82,12.86,,2.07,14.929999,6.604998294395504,3.562,M1(H)K4-M0(Sam),0.24,-0.06,2.33,0.27,5.18,Simbad,05 35 06.42,-05 24 41.02,1,Parenago 1754,M1,1.0,H,3630.0,-0.22,0.43,0.09,0.08,1.3,0.3,0.6,1.96,0.27,1.91,opt,H02,,N,g,Simbad,83.77712,-5.4115,1.3794362311620387,0.4926717393082925,0.05236065508113028
365,383,292,,,99.0,2.98,15.8,,1.65,17.45,9.364998294395503,3.509,M4(H),0.0,-1.17,0.84,0.15,6.37,Simbad,05 35 06.45,-05 25 01.12,1,V2167 Ori,M4.5,1.0,H13,3020.0,-1.276,0.11,0.05,0.09,4.4,1.9,3.9,0.84,0.17,4.95,opt,R09,,,g,Simbad,83.77725,-5.41707,1.384370481818889,0.1953545891886893,0.05236065508113028
366,384,5159,,,,9.8,17.0,,2.86,19.86,,,,,,,,,Simbad,05 35 06.47,-05 32 51.10,1,V2168 Ori,M3:,1.0,H13,3360.0,-1.607,0.22,0.09,0.09,26.5,16.5,32.5,0.46,0.08,2.39,opt,P09,2.0,,,Simbad,83.77736,-5.54765,1.5049834557678838,0.0,0.0
367,385,296,,,99.0,4.26,14.3,,3.31,17.61,9.054999294395506,3.5,M4.5e(H),0.47,-0.4,2.1,0.16,4.78,Simbad,05 35 06.50,-05 26 50.52,1,2MASS J05350660-0526509,M4.5e,1.0,H,3020.0,-0.514,0.19,0.09,0.08,0.4,0.32,1.6,2.02,0.4,,,,2.0,A,f,Simbad,83.7775,-5.44748,1.5479621058173596,0.225008876288193,0.05236065508113028
368,389,299,,,22.0,3.56,15.43,,,,,,,,,,,,Simbad,05 35 06.82,-05 26 00.32,1,V2170 Ori,M3.5,1.0,H13,3260.0,,,,,,,,,,2.76,opt,H02,2.0,,c,Simbad,83.77879,-5.43351,1.3747712922308708,0.0,0.0
369,390,5064,,,,5.41,16.91,,,,,3.471,M6(H),0.0,-1.35,0.81,0.07,5.59,Simbad,05 35 07.05,-05 18 30.03,1,2MASS J05350713-0518305,M5,1.0,H13,2880.0,,,,,,,,,,1.9,opt,R09,2.0,,c,Simbad,83.77972,-5.30849,1.3470399511339202,0.0,0.0
370,391,300,,,99.0,2.49,14.3,,2.78,17.08,8.394998294395505,3.526,M2-M4:(H),0.6,-0.49,1.68,0.23,5.85,Simbad,05 35 07.18,-05 22 26.22,1,2MASS J05350727-0522266,M4.5,1.0,H13,3020.0,-0.676,0.16,0.06,0.11,1.2,1.1,1.3,1.68,0.33,2.74,opt,R09,,,g,Simbad,83.78032,-5.37407,1.5087858847851827,0.29168115133416955,0.05236065508113028
371,393,302,,,99.0,2.45,14.88,,,,,,,,,,,,Simbad,05 35 07.29,-05 22 28.72,1,[H97b] 302,M5.5,1.0,H13,2840.0,,,,,,,,,,0.77,opt,R09,2.0,,c,Simbad,83.78071,-5.37469,1.2118461903030169,0.0,0.0
372,395,304,,,99.0,3.99,15.07,,3.26,18.33,10.244998294395502,3.494,M5(H),0.0,-0.79,1.39,0.13,5.44,Simbad,05 35 07.35,-05 26 39.82,1,2MASS J05350744-0526401,M5,1.0,H,2880.0,-0.932,,,,,,,1.38,0.31,3.03,opt,H02,3.0,,b,Simbad,83.78103,-5.44449,1.4916310578459828,0.14763437171694038,0.05236065508113028
373,396,301,,,99.0,12.34,15.23,,3.02,18.25,,,,,,,,,Simbad,05 35 07.44,-05 11 14.32,1,V2174 Ori,K8.5,2.0,H13,3910.0,-0.42,0.63,0.17,0.25,4.4,2.3,5.6,1.34,0.21,7.92,opt,H02,2.0,,,Simbad,83.78137,-5.18737,1.343378105848101,0.0,0.0
374,402,311,,,99.0,6.29,14.94,,3.13,18.07,8.904998294395503,3.518,M3.5(H)M3.8(P)M5(Eetal),1.08,-0.6,1.54,0.2,5.97,Simbad,05 35 07.75,-05 29 17.02,1,V1275 Ori,M3.5,1.0,H,3260.0,-0.688,0.26,0.1,0.09,2.4,1.0,1.1,1.42,0.27,6.14,opt,E93,3.0,,,Simbad,83.78269,-5.48817,1.4802738848205068,0.23993734422306234,0.05236065508113028
375,403,307,,,99.0,6.65,15.48,,2.47,17.949999,9.864997294395502,3.526,M3(H),0.0,-1.11,0.83,0.21,6.49,Simbad,05 35 07.76,-05 17 05.22,1,2MASS J05350786-0517053,M3,1.0,H,3360.0,-1.236,0.24,0.08,0.11,9.5,4.4,10.5,0.71,0.12,1.39,opt,R09,3.0,N,,Simbad,83.78276,-5.28481,1.532480575847069,0.16319568332575815,0.05236065508113028
376,405,309,,,99.0,2.99,14.77,,2.03,16.800001,8.714999294395506,3.518,M3-M4(H),0.0,-0.79,1.23,0.19,6.13,Simbad,05 35 07.85,-05 21 16.92,1,V2178 Ori,M3.5,1.0,H13,3260.0,-0.932,0.23,0.08,0.11,3.7,1.3,3.2,1.07,0.2,0.72,opt,R09,,,g,Simbad,83.78312,-5.35479,1.5106860190102709,0.2591646022688198,0.05236065508113028
377,406,313,,1766.0,99.0,9.59,14.55,,2.3,16.85,7.464998294395505,3.58,M0(H),1.3,-0.5,1.3,0.5,6.33,Simbad,05 35 07.93,-05 32 43.82,1,LN Ori,M0,1.0,H,3770.0,-0.694,0.51,0.11,0.15,7.0,2.9,7.0,1.06,0.14,6.87,MIR,M11,2.0,,,Simbad,83.78341,-5.54564,1.4057424430220835,0.38005717521906285,0.05236065508113028
378,407,315,,,99.0,13.57,14.83,,2.85,17.68,9.234998294395504,3.518,M3.5(H),0.36,-0.73,1.32,0.2,6.09,Simbad,05 35 07.93,-05 36 46.62,1,V1485 Ori,M3.5,1.0,H,3260.0,-0.819,0.24,0.09,0.1,3.0,0.9,2.1,1.22,0.23,8.93,opt,R09,,,g,Simbad,83.78342,-5.61294,1.3559476347617383,0.20671597066556133,0.05236065508113028
379,408,316,,,99.0,13.03,15.24,,,,,,,,,,,,Simbad,05 35 07.95,-05 36 13.92,1,2MASS J05350803-0536140,M5.5,1.0,H13,2840.0,,,,,,,,,,4.03,opt,H02,3.0,,c,Simbad,83.7835,-5.60392,1.357197598992727,0.0,0.0
380,411,318,,,99.0,6.17,15.95,,3.32,19.27,10.684998294395504,3.5,M4.5(H),0.5,-1.05,0.99,0.14,6.2,Simbad,05 35 08.16,-05 29 11.62,1,2MASS J05350825-0529121,M4.5,1.0,H,3020.0,-1.168,0.11,0.05,0.09,3.8,1.8,2.7,0.95,0.19,3.43,opt,R09,,,g,Simbad,83.78439,-5.4867,1.48431643022979,0.13050373534297502,0.05236065508113028
381,412,317,,,99.0,2.38,14.83,,,,,,,,,,,,Simbad,05 35 08.20,-05 24 34.52,1,V2181 Ori,M5.5e,1.0,H13,2840.0,,,,,,,,,,8.13,opt,R09,,,c,Simbad,83.78457,-5.40969,1.4906580918848131,0.0,0.0
382,414,3025,,,,7.33,16.78,,,,,,M4::(H),,,,,,Simbad,05 35 08.26,-05 16 19.81,1,2MASS J05350834-0516204,M5,1.0,H13,2880.0,,,,,,,,,,4.12,opt,R09,2.0,,c,Simbad,83.78479,-5.27234,1.472440233550237,0.0,0.0
383,415,320,,,99.0,5.49,14.73,,2.37,17.099998,5.494996294395504,3.695,K2(H),3.52,-0.08,1.25,1.16,6.94,Simbad,05 35 08.29,-05 28 28.92,1,V1397 Ori,K2,1.0,H,4760.0,-0.127,1.11,0.13,0.13,16.0,6.6,10.0,1.27,0.18,5.41,opt,H00,,,a,Simbad,83.78496,-5.47482,1.5601330404625935,0.7262108934667123,0.05236065508113028
384,417,323,,,99.0,2.76,13.92,,3.05,16.97,6.784997294395504,3.544,M2(H),2.1,-0.02,2.67,0.22,4.67,Simbad,05 35 08.44,-05 25 17.52,1,V2184 Ori,M2,1.0,H,3490.0,-0.144,0.35,0.06,0.08,1.0,0.6,0.2,2.32,0.32,11.37,opt,P09,2.0,,,Simbad,83.78555,-5.42166,1.4475272523517202,0.4667917434327709,0.05236065508113028
385,418,324,,,99.0,3.54,15.99,,,,,3.5,M4.5(H),0.0,-1.19,0.85,0.13,6.32,Simbad,05 35 08.50,-05 26 19.02,1,V2186 Ori,M4.5,1.0,H,3020.0,,,,,,,,,,6.25,opt,P09,,A,c,Simbad,83.78582,-5.43874,1.512117864991799,0.0,0.0
386,421,328,,1765.0,99.0,8.65,12.86,,1.64,14.5,5.284998294395503,3.661,K4(H),1.13,0.09,1.77,0.94,6.23,Simbad,05 35 08.75,-05 31 48.52,1,LM Ori,K4,1.0,H,4330.0,0.023,1.09,0.3,0.23,3.3,1.7,3.7,1.83,0.28,18.83,opt,Rh01,2.0,,"a,d",Simbad,83.78688,-5.53031,1.6242348804144289,0.7844054370861645,0.05236065508113028
387,422,3045,,,,4.27,16.5,,,,,,,,,,,,Simbad,05 35 08.82,-05 19 32.77,1,V2188 Ori,M4,1.0,H13,3160.0,,,,,,,,,,1.23,opt,R09,,,c,Simbad,83.78712,-5.32589,1.3954548565159133,0.0,0.0
388,424,327,,,99.0,3.61,15.92,,1.56,17.48,9.394998294395505,3.509,M4(H),0.0,-1.21,0.79,0.15,6.41,Simbad,05 35 08.95,-05 20 17.12,1,2MASS J05350904-0520172,M4,1.0,H,3160.0,-1.372,0.15,0.07,0.12,6.9,2.9,12.6,0.69,0.14,1.16,opt,R09,2.0,A,,Simbad,83.78771,-5.33813,1.5067547552756388,0.19286080652166263,0.05236065508113028
389,425,330,,1773.0,99.0,6.86,11.78,,1.42,13.2,4.264997294395505,3.679,K1-K4(H)K1IV-Ve(Par)K3(CK)K3(D)K3-K5.5(P)K6(Eetal),0.85,0.45,2.46,1.07,5.89,Simbad,05 35 08.96,-05 29 58.72,1,V356 Ori,K3,1.0,StE,4550.0,0.403,1.44,0.37,0.29,1.8,0.8,2.0,2.56,0.38,1.57,opt,H00,,N,a,Simbad,83.78773,-5.49977,1.491562003878092,1.1772188259659715,0.05236065508113028
390,429,331,,,,2.98,16.17,,,,,,,,,,,,Simbad,05 35 09.37,-05 20 58.22,2,2MASS J05350947-0520588,M6,1.0,Luc01,2800.0,,,,,,,,,,3.17,opt,R09,2.0,,c,Simbad,83.7895,-5.34967,1.7462242999806512,0.0,0.0
391,431,333,,,99.0,4.93,14.7,,1.92,16.619999,8.534997294395504,3.483,M5-M6(H),0.0,-0.56,1.89,0.13,4.67,Simbad,05 35 09.50,-05 27 59.52,1,2MASS J05350959-0527599,M5.5,2.0,H13,2840.0,-0.712,0.11,0.06,0.15,0.2,0.17,2.4,1.82,0.58,7.14,opt,R09,2.0,N,,Simbad,83.79,-5.46667,1.5721463311175772,0.27707019361383173,0.05236065508113028
392,432,334,,,99.0,5.29,13.64,,2.35,15.99,6.954998294395503,3.562,M1e(H),0.95,-0.2,1.99,0.3,5.72,Simbad,05 35 09.50,-05 28 22.52,1,V484 Ori,M1e,1.0,H,3630.0,-0.382,0.41,0.05,0.11,1.8,0.4,1.4,1.63,0.23,5.27,opt,H00,2.0,A,,Simbad,83.78997,-5.47301,1.4212296967454652,0.4434091066175272,0.05236065508113028
393,433,335,,,99.0,3.46,15.57,,1.31,16.88,8.794998294395503,3.562,M1e(H),0.0,-1.21,0.63,0.4,7.24,Simbad,05 35 09.55,-05 26 22.82,1,V2191 Ori,M1e,1.0,H,3630.0,-1.304,0.37,0.08,0.11,28.0,13.0,31.0,0.56,0.08,8.01,opt,R09,2.0,A,a,Simbad,83.79022,-5.43982,1.6246290130888434,0.2512954059658042,0.05236065508113028
394,435,332,,,99.0,2.6,14.25,,2.07,16.32,8.234998294395504,3.518,M3.5(H),0.0,-0.59,1.56,0.2,5.94,Simbad,05 35 09.60,-05 21 24.72,1,[H97b] 332,M3,1.0,H13,3360.0,-0.744,0.29,0.09,0.09,2.9,0.6,1.8,1.26,0.21,,,,,,f,Simbad,83.79033,-5.35689,1.1857903944650126,0.3070626000363092,0.05236065508113028
395,437,337,,1771.0,99.0,1.69,11.71,,1.76,13.47,5.264998294395504,3.591,K8(H)K4-M0(Sam),0.12,0.34,3.23,0.25,4.42,Simbad,05 35 09.67,-05 23 26.52,1,V1326 Ori,K8,1.0,H,3940.0,0.236,0.61,0.09,0.1,0.7,0.1,0.2,2.82,0.34,19.5,opt,H00,3.0,N,d,Simbad,83.79063,-5.39076,1.2317005696088297,0.7904754362281722,0.05236065508113028
396,438,338,,,99.0,4.16,14.42,,3.45,17.87,7.884999294395504,3.518,M3.5-M4(H)M3(Eetal),1.9,-0.19,2.46,0.17,4.57,Simbad,05 35 09.76,-05 19 33.82,1,2MASS J05350985-0519339,M3,1.0,E,3360.0,-0.207,0.3,0.06,0.11,1.1,0.9,0.2,2.33,0.39,7.35,opt,R09,2.0,,,Simbad,83.79105,-5.32611,1.3852679017135583,0.3403016366043042,0.05236065508113028
397,445,340,,,99.0,1.8,14.0,,,,,,,,,,,,Simbad,05 35 10.05,-05 22 32.32,1,2MASS J05351014-0522326,M2,1.0,H13,3490.0,,,,,,,,,,,,,,,"c,f",Simbad,83.79227,-5.37574,1.4569392773648813,0.0,0.0
398,447,339,,,99.0,3.41,15.25,,1.94,17.19,9.104998294395505,3.518,M3.5(H),0.0,-0.99,0.99,0.18,6.28,Simbad,05 35 10.09,-05 20 20.92,1,V2199 Ori,M3.5,1.0,H,3260.0,-1.124,0.21,0.08,0.1,5.5,1.9,6.0,0.86,0.16,,,,,,f,Simbad,83.79246,-5.33919,1.508407814486565,0.21986510115245803,0.05236065508113028
399,448,3056,,,,2.85,16.76,,,,,,,,,,,,Simbad,05 35 10.10,-05 20 59.93,2,[H97b] 3056,M6.25,0.25,RRL,2762.5,,,,,,,,,,3.86,opt,R09,2.0,,c,Simbad,83.79242,-5.35008,1.258704668224104,0.0,0.0
400,451,3047,,,,3.78,15.33,,3.31,18.64,10.084998294395506,3.5,M4.5(H),0.47,-0.81,1.31,0.15,5.95,Simbad,05 35 10.21,-05 19 55.85,1,2MASS J05351029-0519563,M4.5,1.0,H,3020.0,-0.926,0.14,0.06,0.09,2.4,2.1,1.5,1.26,0.25,2.66,opt,R09,,,g,Simbad,83.79291,-5.33231,1.4000882984879892,0.1538304555269313,0.05236065508113028
401,456,3104,,,,3.02,15.73,,,,,,,,,,,,Simbad,05 35 10.39,-05 25 59.93,1,2MASS J05351047-0526003,M5.5,1.0,H13,2840.0,,,,,,,,,,3.12,opt,P09,3.0,,c,Simbad,83.79365,-5.43342,1.339814897449967,0.0,0.0
402,459,349,,,99.0,1.73,16.53,,1.92,18.45,,,K:(H),,,,,,Simbad,05 35 10.47,-05 24 15.92,1,V2202 Ori,K9,2.0,H13,3880.0,-1.656,,,,,,,0.33,0.06,9.25,opt,P09,,,b,Simbad,83.79393,-5.40458,1.231881879424036,0.0,0.0
403,460,353,,,99.0,9.96,14.92,,3.73,18.65,9.404998294395503,3.494,M5(H),1.16,-0.44,2.06,0.15,4.72,Simbad,05 35 10.48,-05 33 13.22,1,2MASS J05351057-0533136,M5,1.0,H,2880.0,-0.61,0.13,0.07,0.1,0.2,0.16,2.0,1.99,0.45,1.65,opt,R09,3.0,N,,Simbad,83.79407,-5.55378,1.4963626628886035,0.1923658831684281,0.05236065508113028
404,461,347,,1782.0,99.0,2.07,12.53,,1.75,14.28,5.774998294395504,3.602,K3-K7(H)M0(H)M2(Eetal)K2-K4(Sam),0.42,0.09,2.31,0.41,5.59,Simbad,05 35 10.49,-05 21 55.92,1,V1227 Ori,K5,1.0,StE,4140.0,0.121,0.83,0.21,0.26,1.4,0.5,1.4,2.23,0.33,7.33,opt,C96,,,g,Simbad,83.79408,-5.36562,1.36818633121099,0.6519192253005995,0.05236065508113028
405,463,352,,1784.0,99.0,1.49,10.36,,2.1,12.459999,3.384997294395504,3.591,K8(H)M0.1(P)M1(Eetal)K2V(HT)K5IV(Ham)K2-K3(Sam),0.99,1.09,7.68,,,Simbad,05 35 10.64,-05 23 44.22,1,LQ Ori,K8,1.0,H,3940.0,0.989,0.75,0.11,0.08,0.03,0.02,0.03,6.72,0.8,8.0,opt,H00,3.0,N,,Simbad,83.79471,-5.39572,1.4003076458385328,0.0,0.0
406,466,3102,,,,2.93,17.35,,,,,,,,,,,,Simbad,05 35 10.75,-05 25 56.58,1,2MASS J05351083-0525569,M6.5,1.0,H13,2725.0,,,,,,,,,,4.26,opt,H02,,,c,Simbad,83.79516,-5.4325,1.3852497774525503,0.0,0.0
407,468,355,,,99.0,1.52,15.03,,,,,,mid-K::(H),,,,,,Simbad,05 35 10.83,-05 22 46.03,2,2MASS J05351091-0522463,M2.7,1.0,D10,3399.0,,,,,,,,,,,,,2.0,A,"c,f",Simbad,83.79549,-5.37955,1.3542230803502096,0.0,0.0
408,469,356,,,99.0,1.99,13.71,,,,,3.526,M3e(H),0.0,-0.4,1.87,0.22,5.5,Simbad,05 35 10.84,-05 24 48.22,1,V2207 Ori,M3e,1.0,H,3360.0,,,,,,,,,,4.69,opt,H02,2.0,A,c,Simbad,83.7956,-5.4135,1.5988558315150572,0.0,0.0
409,470,362,,,99.0,11.69,13.91,,3.23,17.14,8.784997294395504,3.5,M4.5(H),0.27,-0.29,2.38,0.15,4.48,Simbad,05 35 11.03,-05 34 59.32,1,V1488 Ori,M4.5,1.0,H,3020.0,-0.408,0.19,0.07,0.09,0.2,0.13,1.3,2.28,0.45,2.73,opt,H00,3.0,,,Simbad,83.79635,-5.58323,1.436713477879488,0.25194194454595426,0.05236065508113028
410,474,358,,,99.0,6.17,14.87,,3.28,18.15,6.724997294395504,3.562,M1(H),3.34,-0.11,2.21,0.28,5.4,Simbad,05 35 11.11,-05 17 20.72,1,V2214 Ori,M1,1.0,H,3630.0,-0.294,0.42,0.09,0.1,1.5,0.3,0.8,1.8,0.25,4.03,opt,H02,2.0,,,Simbad,83.79673,-5.28915,1.5866079194298963,0.4752637175459289,0.05236065508113028
411,476,3005,,,,9.45,16.52,,4.32,20.84,9.694998294395505,3.5,M4.5(H),3.06,-0.66,1.57,0.15,5.38,Simbad,05 35 11.25,-05 14 01.11,1,2MASS J05351133-0514015,M4.5,1.0,H,3020.0,-0.772,0.16,0.07,0.08,2.1,1.91,0.8,1.5,0.3,1.71,opt,R09,2.0,,,Simbad,83.79725,-5.23378,1.433645462676442,0.17048235691748292,0.05236065508113028
412,477,361,,,99.0,4.37,13.7,,2.12,15.82,,,,,,,,,Simbad,05 35 11.28,-05 19 11.92,1,2MASS J05351138-0519121,M1,1.0,H,3630.0,-0.55,0.43,0.09,0.1,3.1,1.1,1.8,1.34,0.19,2.94,opt,H02,,,g,Simbad,83.79742,-5.32003,1.5171798763329591,0.0,0.0
413,478,365,,1800.0,99.0,2.94,11.7,,1.96,13.66,3.344998294395504,3.679,K2-K3(Sam),2.23,0.82,3.76,1.11,5.45,Simbad,05 35 11.40,-05 26 01.82,1,LU Ori,K4,1.0,StE,4330.0,0.687,1.11,0.33,0.48,0.5,0.1,0.4,3.93,0.6,4.08,opt,H00,3.0,,,Simbad,83.7979,-5.43398,1.52087762481255,0.0,0.0
414,479,364,,1799.0,99.0,6.53,10.94,,1.85,12.79,1.594998294395504,3.766,G0-G2(WSH)K0:IV-V(W),3.11,1.38,4.82,3.04,,Simbad,05 35 11.53,-05 16 57.52,1,LT Ori,G8,1.0,StE,5210.0,1.128,2.73,0.21,0.27,1.8,0.5,0.6,4.49,0.54,0.5,opt,G95,,,"a,e",Simbad,83.79845,-5.2827,1.4773565982519103,0.0,0.0
415,481,366,,,98.0,1.56,14.99,,3.98,18.97,8.884998294395503,3.497,M4.5-M5e(H),2.0,-0.29,2.43,0.15,4.4,Simbad,05 35 11.55,-05 24 20.92,1,2MASS J05351165-0524213,M4.75,1.0,H,2950.0,-0.424,0.18,0.08,0.09,0.2,0.17,1.2,2.35,0.49,4.03,opt,R09,3.0,A,,Simbad,83.79855,-5.40594,1.5922999424262163,0.24179406194161834,0.05236065508113028
416,483,368,,,99.0,1.29,15.29,,,,,,,,,,,,Simbad,05 35 11.62,-05 23 51.62,2,2MASS J05351172-0523518,M4.4,1.0,D10,3048.0,,,,,,,,,,1.14,opt,R09,2.0,,c,Simbad,83.79875,-5.39758,1.2399524175127743,0.0,0.0
417,486,369,,,99.0,1.87,14.7,,1.48,16.18,,,,,,,,,Simbad,05 35 11.68,-05 21 55.32,1,2MASS J05351178-0521555,M5.5,1.0,H13,2840.0,-0.712,0.11,0.03,0.05,0.2,0.12,1.5,1.82,0.32,3.95,opt,R09,,,g,Simbad,83.79908,-5.36544,1.5048190718314962,0.0,0.0
418,487,367,,,99.0,6.06,16.21,,,,,,,,,,,,Simbad,05 35 11.75,-05 17 25.82,1,2MASS J05351185-0517259,M3.5,1.0,H13,3260.0,,,,,,,,,,6.85,opt,R09,,,c,Simbad,83.79937,-5.29056,1.4886460114089877,0.0,0.0
419,489,375,,1801.0,98.0,8.62,12.45,,1.87,14.32,,,,,,,,,Simbad,05 35 11.79,-05 31 54.92,1,Parenago 1801,M0.5,1.0,H,3700.0,-0.064,0.46,0.09,0.1,1.0,0.2,0.4,2.26,0.31,3.06,opt,P09,,,g,Simbad,83.79953,-5.53202,1.4932892823291222,0.0,0.0
420,495,374,,,99.0,4.12,15.52,,5.4,20.92,,,,,,,,,Simbad,05 35 11.98,-05 19 24.52,1,[OW94] 121-925,M4.5,1.0,H,3020.0,0.302,,,,,,,5.17,1.02,6.45,opt,R09,2.0,,b,Simbad,83.80033,-5.3235,1.4837401602493492,0.0,0.0
421,496,376,,,91.0,1.61,15.97,,,,,,,,,,,,Simbad,05 35 12.05,-05 24 33.42,1,V2224 Ori,M1.5,2.0,H13,3560.0,,,,,,,,,,,,,,,"c,f",Simbad,83.80054,-5.40939,1.2491687094286037,0.0,0.0
422,498,379,,,99.0,7.04,15.21,,3.87,19.08,10.244998294395502,3.483,M5.4(P),0.75,-0.58,1.84,0.13,4.71,Simbad,05 35 12.06,-05 30 19.72,1,V1276 Ori,M5.4,1.0,P,2848.0,-0.782,0.1,0.03,0.06,0.2,0.1,2.1,1.67,0.3,5.59,opt,P09,2.0,,,Simbad,83.80067,-5.5056,1.5680243482719791,0.14763437171694038,0.05236065508113028
423,499,381,,1809.0,99.0,7.24,13.25,,2.11,15.36,6.674997294395505,3.571,M0.5(H),0.6,-0.14,2.04,0.32,5.7,Simbad,05 35 12.11,-05 30 32.42,1,LW Ori,M0.5,1.0,H,3700.0,-0.334,0.45,0.06,0.13,1.8,0.5,1.4,1.66,0.23,7.75,opt,P09,2.0,,,Simbad,83.80087,-5.50914,1.55252608873145,0.4826476855887318,0.05236065508113028
424,500,378,a,1808.0,99.0,1.14,12.89,,2.11,15.0,6.104998294395504,3.58,K1(H)M0(Sam),0.81,0.05,2.44,0.31,5.27,Simbad,05 35 12.17,-05 23 47.72,1,V1228 Ori,K1,1.0,H,4920.0,,,,,,,,,,9.03,opt,H00,,,c,Simbad,83.80115,-5.39666,1.6035192856905378,0.5777569505490495,0.05236065508113028
425,512,387,,,99.0,3.91,16.1,,,,,3.54,M2-2.5(H),0.0,-1.4,0.56,0.25,7.08,Simbad,05 35 12.59,-05 19 35.22,2,V2225 Ori,M3,1.0,H,3360.0,,,,,,,,,,7.44,opt,H02,,,c,Simbad,83.80287,-5.3265,1.486538631016298,0.0,0.0
426,513,392,,,99.0,3.91,15.21,,,,,3.465,M6-M6.5(H),0.0,-0.62,1.93,0.11,4.48,Simbad,05 35 12.60,-05 27 10.32,1,JW 392,M6.25,1.0,H,2762.5,,,,,,,,,,3.9,opt,P09,,,c,Simbad,83.80295,-5.45295,1.640335644319777,0.0,0.0
427,514,383,,,99.0,7.22,14.57,,3.06,17.63,8.234998294395504,3.526,M3(H),1.31,-0.43,1.82,0.22,5.64,Simbad,05 35 12.61,-05 16 13.32,1,V1492 Ori,M3,1.0,H,3360.0,-0.51,0.31,0.09,0.09,1.8,0.5,0.7,1.64,0.27,7.11,opt,S99,3.0,,,Simbad,83.80295,-5.27042,1.4763235867431506,0.3070626000363092,0.05236065508113028
428,515,386,,,99.0,6.57,14.05,,3.5,17.55,4.554997294395504,3.602,K6-K8(H),4.91,0.57,4.04,0.31,4.15,Simbad,05 35 12.64,-05 16 52.62,1,2MASS J05351273-0516527,K8,1.0,H13,3940.0,0.386,0.72,0.19,0.0,0.6,0.2,0.1,3.35,0.4,1.08,opt,R09,3.0,N,,Simbad,83.80308,-5.28133,1.491177003230591,1.043298514022833,0.05236065508113028
429,517,390,,,99.0,2.88,15.05,,2.55,17.6,9.514998294395506,3.494,M5(H),0.0,-0.78,1.4,0.13,5.42,Simbad,05 35 12.69,-05 20 38.82,1,2MASS J05351278-0520390,M3,1.0,H13,3360.0,-1.02,0.26,0.08,0.09,5.6,2.1,4.4,0.91,0.15,2.42,opt,R09,,,g,Simbad,83.80321,-5.34417,1.216011225589199,0.18367132080734228,0.05236065508113028
430,518,388,,,99.0,8.03,13.57,,2.62,16.189999,5.454997294395504,3.602,K5(H)M0.3(P)M1(Eetal),2.65,0.22,2.67,0.38,5.4,Simbad,05 35 12.72,-05 15 23.82,1,V485 Ori,K5,1.0,H,4140.0,0.248,0.83,0.2,0.25,1.0,0.3,0.8,2.59,0.38,9.08,opt,E93,3.0,N,,Simbad,83.80341,-5.25667,1.4822799026788047,0.7374937198886039,0.05236065508113028
431,523,393,,,99.0,4.4,15.1,,3.1,18.2,,,,,,,,,Simbad,05 35 12.91,-05 19 03.92,1,V2230 Ori,K6,1.0,D10,4020.0,-0.145,0.71,0.11,0.16,2.3,0.8,1.8,1.75,0.23,4.85,opt,R09,3.0,,,Simbad,83.80421,-5.31782,1.5173591003135205,0.0,0.0
432,526,394,,,99.0,3.0,14.98,,3.84,18.82,4.584998294395504,3.623,K6(H),6.15,0.49,3.32,0.47,5.07,Simbad,05 35 12.94,-05 20 30.02,1,2MASS J05351304-0520302,K6,1.0,H,4020.0,0.364,0.68,0.12,0.18,0.6,0.1,0.2,3.14,0.41,4.48,opt,R09,3.0,,,Simbad,83.80435,-5.34174,1.5722737060955687,1.0299803741131948,0.05236065508113028
433,527,402,,,99.0,10.71,15.27,,3.73,19.0,10.524998294395504,3.483,M5.5(H),0.39,-0.7,1.62,0.12,4.92,Simbad,05 35 12.95,-05 34 03.22,1,V2231 Ori,M5.5,1.0,H,2840.0,-0.928,,,,,,,1.42,0.25,6.71,opt,R09,2.0,A,b,Simbad,83.80433,-5.56766,1.3784515044335286,0.13668147098676844,0.05236065508113028
434,528,9029,,,,1.42,14.21,,3.28,17.49,9.004998294395504,3.5,M4.5(H),0.4,-0.38,2.15,0.15,4.73,Simbad,05 35 12.96,-05 22 14.78,1,2MASS J05351304-0522151,M4.5,1.0,H,3020.0,-0.496,0.2,0.09,0.07,0.5,0.42,1.4,2.06,0.41,0.86,opt,R09,,N,"e,g",Simbad,83.80425,-5.37092,1.0420783849344075,0.22968205950368814,0.05236065508113028
435,531,9032,,,,2.32,15.64,,3.82,19.460001,7.684998294395504,3.535,M2.5e(H),3.69,-0.3,2.02,0.23,5.34,Simbad,05 35 13.03,-05 21 13.01,1,V2232 Ori,M5,1.0,H13,2880.0,-0.842,0.12,0.05,0.08,0.5,0.3,2.4,1.53,0.34,6.58,opt,R09,,A,g,Simbad,83.8045,-5.35372,0.8387652608503712,0.3591687332821208,0.05236065508113028
436,537,401,,,99.0,1.75,12.51,,2.59,15.1,2.594998294395504,3.719,K0-K2e(H)<M0(Sam),4.42,1.04,4.02,2.42,5.85,Simbad,05 35 13.11,-05 24 54.92,1,V2235 Ori,K1,1.0,H,4920.0,0.917,2.47,0.27,0.2,1.4,0.5,0.8,3.96,0.52,17.91,opt,H02,2.0,A,"a,d",Simbad,83.805,-5.4154,1.4410648043221508,0.0,0.0
437,543,414,,,99.0,13.91,15.92,,,,,,,,,,,,Simbad,05 35 13.23,-05 37 16.02,1,2MASS J05351331-0537158,M5.5,1.0,H13,2840.0,,,,,,,,,,0.87,opt,R09,3.0,,c,Simbad,83.8055,-5.62106,1.3589079631978178,0.0,0.0
438,548,406,,,99.0,6.25,13.88,,3.41,17.29,5.534999294395504,3.562,M1(H),3.67,0.37,3.83,0.21,3.91,Simbad,05 35 13.36,-05 17 10.12,1,V1327 Ori,M1,1.0,H,3630.0,0.183,0.41,0.07,0.14,0.6,0.51,0.2,3.12,0.43,2.26,opt,S99,2.0,N,,Simbad,83.80607,-5.28621,1.4649589440236856,0.7151006816293707,0.05236065508113028
439,549,416,,,99.0,7.46,14.09,,2.72,16.81,8.704997294395506,3.518,M3.5(H),0.02,-0.52,1.7,0.21,5.81,Simbad,05 35 13.38,-05 30 47.72,1,V1493 Ori,M3.5,1.0,H,3260.0,-0.604,0.24,0.07,0.12,2.0,1.4,0.9,1.57,0.29,2.11,opt,P09,3.0,N,,Simbad,83.80617,-5.51337,1.560379784215733,0.25983138689757995,0.05236065508113028
440,552,408,,,99.0,6.14,15.35,,3.47,18.82,8.364998294395503,3.526,M3(H),2.37,-0.48,1.71,0.23,5.83,Simbad,05 35 13.41,-05 17 17.22,1,2MASS J05351351-0517173,M3,1.0,H,3360.0,-0.566,0.31,0.09,0.08,2.0,0.5,1.0,1.54,0.26,3.03,opt,R09,3.0,N,,Simbad,83.8063,-5.28815,1.5282067156016976,0.2946945315792435,0.05236065508113028
441,553,411,,1820.0,99.0,1.29,13.54,,2.59,16.13,6.704997294395504,3.555,M1.4(P),1.34,-0.06,2.41,0.26,5.01,Simbad,05 35 13.42,-05 22 19.22,1,[FW2011] J053513.515-052219.340,M1.4,1.0,P,3574.0,-0.228,0.38,0.07,0.1,1.2,0.2,0.5,2.01,0.28,,,,,,f,Simbad,83.80629,-5.37211,1.3899205221063853,0.4777124022860872,0.05236065508113028
442,554,415,,,99.0,4.16,14.25,,3.04,17.29,7.944998294395505,3.526,M3(H),1.26,-0.31,2.08,0.21,5.18,Simbad,05 35 13.43,-05 27 28.22,1,2MASS J05351352-0527286,M3,1.0,H,3360.0,-0.395,0.29,0.06,0.09,1.4,0.6,0.5,1.88,0.31,2.05,opt,R09,,N,g,Simbad,83.80637,-5.45796,1.5383596598115017,0.3350954033939768,0.05236065508113028
443,557,418,,,99.0,4.63,14.83,,3.19,18.02,,,,,,,,,Simbad,05 35 13.47,-05 27 56.92,1,2MASS J05351356-0527573,M5,1.0,H13,2880.0,-0.836,0.12,0.05,0.09,0.5,0.35,2.4,1.54,0.35,4.9,opt,P09,,,g,Simbad,83.80652,-5.46592,1.4688095413549769,0.0,0.0
444,559,417,,,98.0,1.27,13.95,,2.44,16.39,6.864997294395504,3.571,M0.5(H),1.44,-0.22,1.87,0.35,5.78,Simbad,05 35 13.51,-05 24 25.22,1,V1494 Ori,M0.5,1.0,H,3700.0,-0.408,0.46,0.07,0.1,2.3,0.7,1.6,1.52,0.21,7.37,opt,P09,,,g,Simbad,83.80672,-5.40717,1.645331115286094,0.4561207343461758,0.05236065508113028
445,560,421,,1827.0,99.0,7.61,11.48,,1.46,12.94,4.474997294395504,3.643,K5e(H)F8-G0III-IV(?),0.38,0.47,2.96,0.62,5.47,Simbad,05 35 13.51,-05 30 57.12,1,V488 Ori,K5e,1.0,H,4140.0,0.36,0.79,0.18,0.32,0.7,0.1,0.6,2.94,0.43,8.84,opt,P09,2.0,A,,Simbad,83.80668,-5.516,1.4719871583296504,1.0759689115493494,0.05236065508113028
446,561,9047,,,,2.95,16.42,,4.24,20.66,7.414998294395504,3.544,M2:(H)late-K(H),5.16,-0.27,1.99,0.25,5.54,Simbad,05 35 13.51,-05 20 30.99,2,2MASS J05351359-0520314,M2:,1.0,H13,3490.0,-0.401,0.35,0.06,0.09,1.6,0.3,0.6,1.72,0.24,0.77,opt,R09,,N,g,Simbad,83.80654,-5.34206,0.9868051795862256,0.38497149665706815,0.05236065508113028
447,563,422,,,99.0,5.44,14.43,,3.27,17.7,,,,,,,,,Simbad,05 35 13.56,-05 28 45.92,1,V1495 Ori,M3,1.0,H13,3360.0,-0.323,0.3,0.07,0.1,1.3,0.8,0.3,2.04,0.34,5.94,opt,P09,2.0,,,Simbad,83.8069,-5.47953,1.4850038828919905,0.0,0.0
448,566,420,,1821.0,99.0,1.23,13.6,,3.26,16.86,,,,,,,,,Simbad,05 35 13.64,-05 22 21.62,1,2MASS J05351374-0522219,M2e,1.0,H13,3490.0,0.116,0.36,0.07,0.09,0.4,0.35,0.4,3.12,0.43,,,,,,f,Simbad,83.80712,-5.37283,1.1740146599886794,0.0,0.0
449,567,430,,,99.0,11.56,15.69,,3.85,19.539999,,,,,,,,,Simbad,05 35 13.66,-05 34 54.72,1,V2247 Ori,M5,1.0,H13,2880.0,-0.843,0.12,0.05,0.08,0.5,0.3,2.4,1.52,0.34,2.47,opt,R09,2.0,,,Simbad,83.80732,-5.58192,1.4578137893344505,0.0,0.0
450,568,419,,,99.0,4.01,15.19,,2.02,17.21,,,,,,,,,Simbad,05 35 13.69,-05 19 25.32,1,2MASS J05351379-0519254,M1,1.0,H13,3630.0,-1.152,0.38,0.07,0.13,17.5,7.5,20.5,0.67,0.09,3.5,opt,R09,3.0,,,Simbad,83.80747,-5.32374,1.542086465175803,0.0,0.0
451,571,428,,,99.0,7.06,13.97,,2.59,16.56,7.934997294395503,3.535,M2.5(H),0.54,-0.4,1.79,0.25,5.76,Simbad,05 35 13.71,-05 30 23.92,1,2MASS J05351380-0530244,M3.5,1.0,H13,3260.0,-0.612,0.26,0.09,0.1,2.1,1.4,0.9,1.55,0.29,1.41,opt,P09,3.0,N,,Simbad,83.80752,-5.50679,1.509317411772498,0.33595754452820287,0.05236065508113028
452,573,427,,,99.0,4.29,14.77,,,,,,,,,,,,Simbad,05 35 13.73,-05 27 36.52,1,2MASS J05351382-0527368,M3,1.0,H13,3360.0,,,,,,,,,,4.41,opt,R09,,,c,Simbad,83.80759,-5.46025,1.4195712554949973,0.0,0.0
453,576,429,,,99.0,3.57,12.69,,1.75,14.44,3.664998294395504,3.753,late-G(H),2.69,0.57,2.01,1.62,6.81,Simbad,05 35 13.95,-05 19 51.82,1,V2252 Ori,K6,1.0,StE,4020.0,-0.024,0.73,0.14,0.12,1.7,0.6,0.9,2.01,0.26,,,,,N,f,Simbad,83.80855,-5.33112,1.5380625273426307,0.0,0.0
454,578,3099,,,,2.53,14.94,,,,,3.5,M4.5(H),0.0,-0.77,1.37,0.15,5.8,Simbad,05 35 13.95,-05 25 49.64,1,2MASS J05351404-0525499,M6,1.0,H13,2800.0,,,,,,,,,,0.73,opt,R09,,,c,Simbad,83.80851,-5.43055,1.421052698675066,0.0,0.0
455,580,432,,1822.0,99.0,0.98,13.04,,3.26,16.3,6.384997294395504,3.526,M3.1(P),1.83,0.31,4.25,0.13,3.34,Simbad,05 35 13.98,-05 22 36.22,1,Parenago 1822,M3.1,1.0,P,3340.0,0.212,0.3,0.08,0.09,0.05,0.03,0.35,3.81,0.65,,,,,,f,Simbad,83.80862,-5.37683,1.3762518886306163,0.5294240076938913,0.05236065508113028
456,581,3093,,,,2.05,15.4,,,,,,,,,,,,Simbad,05 35 13.98,-05 25 19.97,2,2MASS J05351405-0525203,M6,1.0,H13,2800.0,,,,,,,,,,,,,,,"c,f",Simbad,83.80857,-5.42231,1.1979022715230452,0.0,0.0
457,596,439,,,99.0,5.98,14.97,,3.33,18.3,6.744997294395505,3.562,M1(H),3.47,-0.12,2.19,0.28,5.45,Simbad,05 35 14.35,-05 17 25.22,1,V1329 Ori,M1,1.0,H,3630.0,-0.303,0.44,0.09,0.08,1.6,0.4,0.7,1.78,0.25,8.26,opt,R09,,,g,Simbad,83.81023,-5.29041,1.591995815326674,0.4728275844098906,0.05236065508113028
458,597,447,,,99.0,9.41,14.82,,3.33,18.15,,,,,,,,,Simbad,05 35 14.35,-05 32 46.02,1,V1498 Ori,M3,1.0,H13,3360.0,-0.442,0.28,0.06,0.1,1.5,0.5,0.7,1.78,0.3,2.6,opt,P09,2.0,,,Simbad,83.81019,-5.54625,1.505837936687341,0.0,0.0
459,598,449,,,99.0,9.95,16.03,,2.47,18.5,7.4449982943955035,3.643,K5(P)K4-M0:(H),2.97,-0.72,0.75,0.78,7.54,Simbad,05 35 14.35,-05 33 18.62,1,V2260 Ori,K5,1.0,P,4140.0,-0.829,0.71,0.06,0.05,38.0,16.0,21.0,0.75,0.11,7.56,NIR,C01,2.0,N,a,Simbad,83.81019,-5.5553,1.4995617133538448,0.38201533059888443,0.05236065508113028
460,600,446,,,99.0,5.69,16.19,,2.98,19.17,11.084998294395506,3.5,M4.5(H),0.0,-1.27,0.77,0.13,6.38,Simbad,05 35 14.40,-05 29 02.82,1,2MASS J05351450-0529032,M4.5,1.0,H,3020.0,-1.432,,,,,,,0.7,0.14,2.86,opt,P09,3.0,,b,Simbad,83.81043,-5.48424,1.6036061408597797,0.11476951568632249,0.05236065508113028
461,601,442,,,99.0,1.37,15.33,,3.28,18.61,8.644999294395506,3.526,M3(H),1.88,-0.59,1.5,0.23,5.99,Simbad,05 35 14.41,-05 22 06.22,1,[H97b] 20123,M3,1.0,H,3360.0,-0.677,0.29,0.09,0.09,2.5,0.5,1.5,1.36,0.23,7.25,opt,R09,,A,g,Simbad,83.81037,-5.36856,1.3191323528748742,0.265910178940527,0.05236065508113028
462,602,444,,,99.0,6.63,15.53,,3.45,18.98,,,,,,,,,Simbad,05 35 14.53,-05 16 46.02,1,2MASS J05351463-0516461,M4,1.0,H13,3160.0,-0.798,0.2,0.08,0.12,2.6,2.3,1.4,1.33,0.28,2.99,opt,R09,,,g,Simbad,83.81097,-5.27949,1.5421960213867485,0.0,0.0
463,609,9069,,,,0.57,15.45,,3.67,19.119999,6.924996294395504,3.555,M0.5-M2.5(H),4.11,-0.15,2.17,0.27,5.34,Simbad,05 35 14.60,-05 23 01.92,2,2MASS J05351465-0523018,M1.5,2.0,H,3560.0,-0.331,0.39,0.14,0.19,1.5,0.4,1.6,1.8,0.37,0.9,opt,R09,,,g,Simbad,83.81092,-5.38394,0.4076554942294179,0.44684035883669176,0.05236065508113028
464,612,451,,,98.0,0.43,12.2,,,,,3.526,M3e(H),0.0,0.2,3.74,0.14,3.67,Simbad,05 35 14.68,-05 23 22.42,1,[BOM2000] d147-323,M3e,1.0,H,3360.0,,,,,,,,,,,,,,A,"c,f",Simbad,83.81138,-5.38963,0.8038186042362016,0.0,0.0
465,619,454,,1840.0,99.0,0.83,11.86,,2.1,13.959999,3.5649982943955045,3.661,K4(H)K7(Eetal)K4-M0(Sam),2.31,0.78,3.9,0.81,5.31,Simbad,05 35 14.81,-05 22 38.82,1,V1330 Ori,K4,1.0,H,4330.0,0.71,1.15,0.35,0.4,0.5,0.1,0.3,4.03,0.62,8.67,opt,H00,3.0,,,Simbad,83.81208,-5.37756,1.3897252829776514,0.0,0.0
466,624,466,,,99.0,13.28,14.45,,2.88,17.33,8.804998294395505,3.518,M3.5(P),0.44,-0.56,1.61,0.21,5.9,Simbad,05 35 14.85,-05 36 38.81,1,V1500 Ori,M3.5,1.0,P,3260.0,-0.648,0.25,0.09,0.11,2.2,0.9,1.0,1.49,0.28,6.12,opt,S99,2.0,,,Simbad,83.81215,-5.61088,1.048281954076824,0.25000730202938626,0.05236065508113028
467,633,9086,,,,0.92,15.62,,4.16,19.779999,11.114997294395502,3.471,M6(H),0.58,-0.69,1.72,0.11,4.69,Simbad,05 35 14.98,-05 22 31.52,2,[H97b] 20076,M6,1.0,H,2800.0,-0.971,,,,,,,1.39,0.22,,,,3.0,,"b,f",Simbad,83.81242,-5.37539,0.1166136194383456,0.11359594728160012,0.05236065508113028
468,642,9092,,,,2.91,16.0,,3.85,19.85,9.354998294395505,3.509,M4(H),2.41,-0.66,1.5,0.18,5.88,Simbad,05 35 15.19,-05 20 29.12,1,2MASS J05351527-0520290,M4,1.0,H,3160.0,-0.736,0.21,0.08,0.12,2.4,2.1,1.1,1.43,0.3,2.59,opt,R09,,A,g,Simbad,83.81354,-5.34142,0.8901538976561268,0.1958572019532738,0.05236065508113028
469,644,462,,,99.0,9.75,15.4,,3.54,18.939999,8.724996294395504,3.518,M3.5(H),2.13,-0.53,1.67,0.21,5.85,Simbad,05 35 15.23,-05 13 37.82,1,2MASS J05351532-0513379,M3.5,1.0,H,3260.0,-0.616,0.26,0.09,0.1,2.1,1.4,0.9,1.54,0.29,0.75,opt,R09,3.0,,,Simbad,83.81386,-5.22721,1.4463945075559534,0.25783616196932596,0.05236065508113028
470,646,470,,,99.0,1.16,12.54,,2.63,15.17,,,late-K:(H)<=K5(P),,,,,,Simbad,05 35 15.24,-05 22 15.22,1,V1331 Ori,K3e,1.0,Sta,4550.0,0.854,1.65,0.49,0.58,0.6,0.2,0.5,4.3,0.65,10.7,opt,H00,,N,g,Simbad,83.81393,-5.37098,1.5716782721192026,0.0,0.0
471,655,477,,,99.0,4.0,14.25,,3.27,17.52,7.154999294395504,3.535,M2.5(H),2.28,-0.09,2.57,0.21,4.71,Simbad,05 35 15.37,-05 27 22.32,1,2MASS J05351547-0527227,M2.5,1.0,H,3425.0,-0.197,0.32,0.06,0.1,1.1,0.7,0.2,2.26,0.34,6.54,MIR,M11,3.0,N,,Simbad,83.81447,-5.45631,1.5852703002510595,0.4147539049944468,0.05236065508113028
472,658,483,,,99.0,11.82,14.79,,3.14,17.93,,,,,,,,,Simbad,05 35 15.40,-05 35 11.62,1,2MASS J05351548-0535118,M3.5,1.0,H13,3260.0,-0.622,0.25,0.08,0.1,2.1,1.3,1.0,1.53,0.29,5.76,MIR,M11,3.0,,,Simbad,83.81454,-5.58664,1.367433091844911,0.0,0.0
473,661,491,,,99.0,11.4,14.9,,3.75,18.65,9.354997294395504,3.494,M5(H),1.21,-0.43,2.11,0.15,4.67,Simbad,05 35 15.50,-05 34 46.32,1,2MASS J05351559-0534466,M5,1.0,H,2880.0,-0.589,0.17,0.09,0.06,0.5,0.44,1.6,2.04,0.46,2.57,opt,R09,3.0,N,,Simbad,83.81496,-5.57964,1.4031428274005489,0.1958572019532738,0.05236065508113028
474,662,480,,1871.0,99.0,0.7,12.44,,2.07,14.509999,,,<M0(Sam),,,,,,Simbad,05 35 15.52,-05 24 02.62,1,2MASS J05351561-0524030,K5,1.0,StE,4140.0,0.357,0.79,0.19,0.28,0.7,0.1,0.5,2.93,0.43,,,,,,f,Simbad,83.81507,-5.40085,1.5110349533371183,0.0,0.0
475,663,479,,1862.0,99.0,0.49,10.97,,1.8,12.77,2.294998294395505,3.719,G8-K1(H),2.39,1.16,4.63,2.62,5.75,Simbad,05 35 15.53,-05 22 56.12,1,V348 Ori,K3,1.0,StE,4550.0,0.964,1.76,0.59,0.63,0.5,0.2,0.4,4.88,0.73,8.71,opt,H00,2.0,N,,Simbad,83.81513,-5.38233,1.5348854258742373,0.0,0.0
476,665,482,,,99.0,2.18,13.26,,2.38,15.64,5.844998294395504,3.591,K8e(H)<M0(Sam),1.71,0.1,2.47,0.35,5.48,Simbad,05 35 15.58,-05 25 32.72,1,V2274 Ori,K8e,1.0,H,3940.0,0.003,0.62,0.07,0.07,1.2,0.3,0.5,2.16,0.26,,,,,A,f,Simbad,83.81532,-5.42589,1.524371870682031,0.6353814186790309,0.05236065508113028
477,666,486,,,99.0,4.88,15.43,,3.82,19.25,9.384998294395503,3.5,M4.5(H),1.78,-0.53,1.81,0.16,5.12,Simbad,05 35 15.59,-05 28 15.02,1,2MASS J05351569-0528155,M4.5,1.0,H,3020.0,-0.648,0.17,0.07,0.09,1.4,1.32,1.0,1.73,0.34,4.38,opt,P09,3.0,,,Simbad,83.81539,-5.47098,1.6281980648103644,0.19385447655467666,0.05236065508113028
478,669,485,,,99.0,3.1,14.26,,2.49,16.75,7.584998294395504,3.555,M1.5(H),1.08,-0.42,1.61,0.33,5.92,Simbad,05 35 15.62,-05 26 27.92,1,V1502 Ori,M3,1.0,H13,3360.0,-0.742,0.29,0.09,0.09,2.9,0.7,2.0,1.26,0.21,9.67,opt,H00,,,g,Simbad,83.81547,-5.44122,1.4639076286247026,0.3694653626501568,0.05236065508113028
479,672,498,,1873.0,99.0,9.61,13.81,,2.08,15.89,,,,,,,,,Simbad,05 35 15.67,-05 32 58.82,1,V1504 Ori,M1.5,1.0,H13,3560.0,-0.592,0.37,0.05,0.1,2.7,0.7,1.8,1.33,0.19,7.42,opt,H00,2.0,,,Simbad,83.81572,-5.54979,1.5922629597968438,0.0,0.0
480,677,501,,1874.0,99.0,9.82,13.25,,1.82,15.07,6.914998294395504,3.58,M0(H),0.07,-0.28,1.67,0.41,5.91,Simbad,05 35 15.70,-05 33 11.92,1,MN Ori,M1,1.0,H13,3630.0,-0.376,0.43,0.09,0.09,1.9,0.5,1.1,1.64,0.23,9.69,opt,P09,2.0,N,,Simbad,83.81582,-5.55343,1.5072304864549564,0.4491425988932652,0.05236065508113028
481,681,490,,,99.0,2.71,15.03,,4.1,19.13,8.934997294395503,3.494,M5(H),2.11,-0.26,2.55,0.15,4.26,Simbad,05 35 15.77,-05 20 40.22,1,2MASS J05351587-0520404,M5,1.0,H,2880.0,-0.423,0.13,0.04,0.1,0.09,0.07,1.21,2.47,0.56,1.18,opt,R09,3.0,A,e,Simbad,83.81614,-5.34457,1.564540956756866,0.2368744441259577,0.05236065508113028
482,683,502,,,99.0,5.5,13.48,,2.57,16.05,7.474997294395504,3.535,M2.5(H),0.49,-0.22,2.21,0.23,5.09,Simbad,05 35 15.79,-05 28 52.42,1,V2277 Ori,M2.5,1.0,H,3425.0,-0.325,0.36,0.1,0.05,1.4,0.5,0.3,1.95,0.29,4.25,opt,P09,2.0,,,Simbad,83.81622,-5.48129,1.5512076075196184,0.37908186470899746,0.05236065508113028
483,691,493,,,99.0,6.42,14.86,,3.74,18.6,,,,,,,,,Simbad,05 35 15.86,-05 16 57.42,1,2MASS J05351596-0516575,M3.5,1.0,H13,3260.0,-0.275,0.26,0.07,0.12,1.0,0.9,0.4,2.29,0.43,4.37,opt,R09,2.0,,,Simbad,83.8165,-5.28265,1.4984416962716856,0.0,0.0
484,692,503,,1870.0,99.0,0.52,12.33,,2.16,14.49,2.0749982943955043,3.806,F2-F7e(H),4.33,1.18,3.17,1.98,6.71,Simbad,05 35 15.89,-05 23 52.52,1,AC Ori,K3.5,3.0,LR,4450.5,0.605,1.3,0.69,0.76,0.8,0.4,2.6,3.38,0.88,,,,,A,f,Simbad,83.81662,-5.39803,1.5255920380265258,0.0,0.0
485,712,517,,,99.0,7.63,15.04,,3.22,18.26,9.934998294395504,3.5,M4.5(H),0.24,-0.75,1.4,0.15,5.67,Simbad,05 35 16.17,-05 31 00.32,1,V1505 Ori,M4.5,1.0,H,3020.0,-0.866,0.15,0.06,0.09,2.3,2.12,1.2,1.35,0.27,5.95,opt,P09,3.0,,,Simbad,83.81775,-5.51686,1.3953607434144868,0.1602865834860858,0.05236065508113028
486,719,9135,,,,2.23,15.02,,4.63,19.650002,7.705000294395504,3.5,M4.5(H),3.86,0.14,3.91,0.14,3.25,Simbad,05 35 16.22,-05 21 09.02,1,MAX 103,M4.5,1.0,H,3020.0,0.022,0.2,0.05,0.08,0.04,0.03,0.06,3.75,0.74,7.87,opt,R09,,,g,Simbad,83.8178,-5.35254,0.7864361625597096,0.3573276862585955,0.05236065508113028
487,721,513,,,99.0,0.57,14.15,,2.94,17.09,6.764998294395504,3.555,M1.5e(H),2.24,-0.09,2.34,0.26,5.1,Simbad,05 35 16.24,-05 22 48.52,1,[H97b] 20028,M3e,1.0,H13,3360.0,-0.417,0.3,0.08,0.08,1.5,0.7,0.5,1.83,0.3,,,,2.0,A,f,Simbad,83.81783,-5.38042,1.1518542515336478,0.46919677831504175,0.05236065508113028
488,738,3052,,,,3.05,16.3,,,,,,,,,,,,Simbad,05 35 16.63,-05 20 19.59,2,V2292 Ori,M0.5,1.0,H13,3700.0,,,,,,,,,,7.46,opt,R09,2.0,,c,Simbad,83.8197,-5.33886,1.4952686110937297,0.0,0.0
489,740,9151,,,,0.86,15.03,,3.07,18.1,9.604998294395505,3.509,M4(H),0.41,-0.76,1.34,0.17,6.03,Simbad,05 35 16.65,-05 22 31.09,1,2MASS J05351671-0522309,M4,1.0,H,3160.0,-0.835,0.21,0.09,0.11,2.8,2.3,1.7,1.27,0.27,0.86,opt,R09,,A,g,Simbad,83.8195,-5.37547,0.7504177823515387,0.17718149381985293,0.05236065508113028
490,741,523,,,99.0,6.49,15.82,,3.75,19.57,9.884998294395503,3.5,M4.5(H),1.6,-0.73,1.43,0.15,5.6,Simbad,05 35 16.68,-05 16 53.22,1,2MASS J05351678-0516533,M4.5,1.0,H,3020.0,-0.847,0.13,0.04,0.12,1.5,1.32,1.9,1.38,0.27,3.47,opt,R09,3.0,N,,Simbad,83.81995,-5.28148,1.6167336414012974,0.16235916583635,0.05236065508113028
491,742,3031,,,,6.1,16.39,,,,,,,,,,,,Simbad,05 35 16.68,-05 17 16.37,1,2MASS J05351676-0517167,M6.5,2.0,H13,2725.0,,,,,,,,,,0.49,opt,R09,,,c,Simbad,83.81983,-5.288,1.2586725297748096,0.0,0.0
492,749,535,,,99.0,2.4,14.47,,3.05,17.52,7.714998294395505,3.535,M2.5(H),1.72,-0.31,1.98,0.23,5.4,Simbad,05 35 16.84,-05 25 46.62,1,V2297 Ori,M4.5e,1.0,H13,3020.0,-0.744,0.15,0.06,0.1,1.6,1.41,1.2,1.55,0.31,18.17,opt,P09,,,"d,g",Simbad,83.82062,-5.42971,1.6590577551988093,0.3564107046288066,0.05236065508113028
493,752,532,,,99.0,0.58,15.53,,3.62,19.15,,,,,,,,,Simbad,05 35 16.87,-05 22 48.22,2,[H97b] 20033,M0:,1.0,H13,3770.0,-0.262,0.51,0.09,0.12,1.8,0.5,1.2,1.74,0.24,1.26,opt,R09,2.0,,,Simbad,83.82046,-5.38028,0.9924471736843378,0.0,0.0
494,755,534,,1894.0,99.0,0.26,12.66,,1.43,14.09,6.004998294395504,3.544,M2e(H),0.0,-0.03,2.64,0.22,4.7,Simbad,05 35 16.88,-05 23 36.62,1,[H97b] 534,M2e,1.0,H,3490.0,-0.12,0.38,0.1,0.07,1.0,0.6,0.2,2.38,0.33,,,,2.0,A,f,Simbad,83.82071,-5.39361,1.401380099153309,0.5958491350910973,0.05236065508113028
495,757,536,,1887.0,99.0,0.84,12.44,,2.16,14.599999,3.3549982943955037,3.708,K0-K2(H)<M0(Sam),3.16,0.76,3.06,1.79,5.96,Simbad,05 35 16.90,-05 22 32.72,1,V1333 Ori,K3,1.0,StE,4550.0,0.601,1.54,0.45,0.4,1.1,0.5,1.1,3.21,0.48,9.23,opt,H00,,N,a,Simbad,83.82083,-5.37581,1.4943646422387251,0.0,0.0
496,761,538,,1893.0,99.0,0.23,11.5,,1.89,13.39,2.834998294395504,3.708,K0-K2(H),2.47,0.96,3.88,1.93,5.73,Simbad,05 35 16.96,-05 23 33.72,1,V2299 Ori,K3,1.0,StE,4550.0,0.808,1.66,0.51,0.48,0.7,0.3,0.6,4.08,0.61,,,,2.0,N,f,Simbad,83.82108,-5.39283,1.5535800805312836,0.0,0.0
497,762,543,,,99.0,5.59,17.05,,,,,,,,,,,,Simbad,05 35 16.96,-05 28 57.82,1,V2298 Ori,M0,1.0,H13,3770.0,,,,,,,,,,9.86,opt,P09,2.0,,c,Simbad,83.8211,-5.48281,1.5808223778047334,0.0,0.0
498,768,544,,1884.0,99.0,1.86,10.82,,2.22,13.04,2.1949982943955035,3.67,K4-K7(H)K5:III(HT)K7(Eetal)K4III(Ham)K3(Sam),2.76,1.3,6.84,1.19,4.8,Simbad,05 35 17.11,-05 21 31.42,1,AE Ori,K4,1.0,StE,4330.0,1.201,1.26,0.2,0.91,0.2,0.17,0.1,7.1,1.09,3.42,opt,H00,3.0,N,,Simbad,83.82171,-5.35883,1.543916456600654,0.0,0.0
499,769,542,,,99.0,2.92,13.34,,2.2,15.54,7.454998294395503,3.526,M3(H),0.0,-0.25,2.21,0.21,5.03,Simbad,05 35 17.12,-05 20 27.52,1,V2302 Ori,M3,1.0,H,3360.0,-0.38,0.3,0.07,0.08,1.4,0.8,0.5,1.91,0.32,5.73,NIR,C01,,,g,Simbad,83.82177,-5.34104,1.5811225285504953,0.3810349950303625,0.05236065508113028
500,774,549,,,99.0,0.66,15.22,,3.57,18.79,4.624999294395504,3.661,K2-K7(H)-PCygni-Paschen-lines,6.08,0.35,2.39,0.84,5.79,Simbad,05 35 17.26,-05 23 59.82,1,2MASS J05351738-0524001,K5,3.0,H,4140.0,0.181,0.83,0.45,0.68,1.2,1.0,5.7,2.39,0.77,,,,,,f,Simbad,83.82242,-5.40006,1.8469113193612152,1.0142228300613905,0.05236065508113028
501,780,9176,,,99.0,0.88,15.68,,4.21,19.89,9.414998294395504,3.494,M5(H),2.39,-0.45,2.05,0.15,4.73,Simbad,05 35 17.32,-05 24 13.72,2,[PMD2009] 13,M5,1.0,H,2880.0,-0.614,0.13,0.07,0.1,0.2,0.16,2.0,1.98,0.45,,,,2.0,,f,Simbad,83.82232,-5.40381,0.5495613055797318,0.19137984344999617,0.05236065508113028
502,782,556,,,99.0,7.04,14.31,,2.49,16.800001,,,,,,,,,Simbad,05 35 17.34,-05 30 24.92,1,2MASS J05351743-0530253,M3.5,1.0,H13,3260.0,-0.748,0.24,0.09,0.11,2.6,1.0,1.7,1.33,0.25,1.52,opt,R09,3.0,,,Simbad,83.82266,-5.50705,1.5395168053046642,0.0,0.0
503,786,550,,,99.0,5.72,14.67,,4.21,18.880001,2.794999294395504,3.679,K2-K3(H),8.0,1.04,4.85,1.22,5.26,Simbad,05 35 17.41,-05 17 39.82,1,V1509 Ori,K2.5,1.0,H,4655.0,1.011,2.11,0.59,0.52,0.6,0.2,0.4,4.92,0.71,6.99,opt,R09,3.0,N,a,Simbad,83.823,-5.29448,1.671581090336278,0.0,0.0
504,795,558,,,98.0,0.42,15.73,,2.56,18.289999,,,<K6(H),,,,,,Simbad,05 35 17.58,-05 23 40.72,1,[H97b] 20012,M5.9,1.0,D10,2808.0,-1.068,,,,,,,1.24,0.19,,,,,A,"b,f",Simbad,83.82354,-5.39458,1.064953667492293,0.0,0.0
505,796,565,,,99.0,8.66,14.5,,2.95,17.45,9.264998294395506,3.509,M4(H),0.1,-0.62,1.57,0.18,5.73,Simbad,05 35 17.58,-05 32 02.02,1,V2311 Ori,M4,1.0,H,3160.0,-0.698,0.22,0.09,0.11,2.3,2.0,1.0,1.49,0.31,9.89,opt,P09,3.0,,,Simbad,83.82367,-5.53401,1.561390171422788,0.20355344825655075,0.05236065508113028
506,797,559,,,99.0,1.55,14.69,,4.17,18.86,9.254998294395504,3.483,M5.5e(H),1.52,-0.19,2.91,0.16,3.97,Simbad,05 35 17.59,-05 24 53.82,1,2MASS J05351768-0524539,M5.5e,1.0,H,2840.0,-0.421,0.13,0.03,0.07,0.09,0.06,0.21,2.55,0.44,2.27,opt,H00,,A,g,Simbad,83.8237,-5.41499,1.4705075047100504,0.20460220961608844,0.05236065508113028
507,802,9192,,,99.0,1.37,15.62,,4.05,19.67,11.584998294395506,3.46,M6.5e(H),0.0,-0.73,1.72,0.1,4.52,Simbad,05 35 17.64,-05 24 42.72,2,[PMD2009] 50,M6.5e,1.0,H,2725.0,-0.952,,,,,,,1.5,0.21,,,,2.0,A,"b,f",Simbad,83.82387,-5.41226,1.9399733846906488,0.0,0.0
508,811,571,,,99.0,7.31,16.22,,3.54,19.759998,9.124998294395505,3.526,M0-M3e(H),2.55,-0.78,1.2,0.22,6.17,Simbad,05 35 17.76,-05 30 40.42,1,V2316 Ori,M1.5,2.0,H,3560.0,-0.72,0.37,0.12,0.24,4.0,1.7,7.0,1.15,0.24,4.14,opt,P09,2.0,A,,Simbad,83.82442,-5.51134,1.558291549019243,0.21761688450302272,0.05236065508113028
509,813,9201,,,,0.48,14.41,,2.43,16.84,6.914998294395504,3.591,K8(H),1.84,-0.33,1.51,0.49,6.12,Simbad,05 35 17.81,-05 23 02.52,1,[H97b] 20017,K8,1.0,H,3940.0,-0.425,0.67,0.08,0.08,5.1,1.9,3.0,1.32,0.16,4.38,opt,R09,,A,g,Simbad,83.82417,-5.38436,1.1839984468131597,0.4491425988932652,0.05236065508113028
510,815,567,,1910.0,99.0,0.72,9.66,,1.73,11.389999,1.9449982943955035,3.661,late-G(H)K3-4(HT)K4III(Ham)K2-K3(Sam),1.36,1.43,8.23,1.04,3.77,Simbad,05 35 17.84,-05 22 45.12,1,MT Ori,K2,1.0,StE,4760.0,1.501,,,,,,,8.26,1.19,8.53,opt,E93,,A,b,Simbad,83.82475,-5.37931,1.5450053456389496,0.0,0.0
511,816,3054,,,,2.58,15.92,,,,,3.509,M4(H),0.0,-1.21,0.79,0.15,6.41,Simbad,05 35 17.85,-05 20 49.02,2,2MASS J05351793-0520494,M1.5e,1.0,H13,3560.0,,,,,,,,,,0.9,opt,R09,,,c,Simbad,83.82475,-5.34706,1.4012457292608025,0.0,0.0
512,817,579,,,99.0,11.89,15.02,,3.1,18.12,8.614998294395503,3.526,M3(H),1.42,-0.58,1.52,0.23,5.98,Simbad,05 35 17.86,-05 35 15.52,1,V1511 Ori,M3,1.0,H,3360.0,-0.665,0.29,0.08,0.09,2.4,0.5,1.4,1.37,0.23,2.81,opt,S99,2.0,A,,Simbad,83.82479,-5.58769,1.347630047098745,0.26934852500568957,0.05236065508113028
513,818,563,,,99.0,7.74,14.97,,3.4,18.37,5.954999294395504,3.591,K7-M0(H),4.33,0.06,2.35,0.36,5.54,Simbad,05 35 17.87,-05 15 38.52,1,V1335 Ori,M3,1.0,Sta,3360.0,-0.458,0.3,0.08,0.1,1.6,0.4,0.7,1.74,0.29,6.12,opt,S99,,,g,Simbad,83.82492,-5.26075,1.6647590406787538,0.6066634190171932,0.05236065508113028
514,823,577,,,99.0,7.15,15.3,,3.58,18.880001,10.794999294395504,3.483,M5.5(H),0.0,-0.8,1.43,0.11,5.11,Simbad,05 35 17.88,-05 30 31.12,1,2MASS J05351797-0530315,M5.5,1.0,H,2840.0,-0.952,,,,,,,1.38,0.24,4.36,opt,R09,3.0,,b,Simbad,83.82492,-5.50877,1.5714261689125113,0.12621642652430543,0.05236065508113028
515,828,576,,,99.0,6.21,13.07,,2.28,15.349999,6.714997294395504,3.555,M1.5(H),0.55,-0.07,2.39,0.26,5.03,Simbad,05 35 17.90,-05 29 34.22,1,V1512 Ori,M2,1.0,H13,3490.0,-0.284,0.36,0.07,0.07,1.3,0.2,0.4,1.97,0.27,2.01,opt,H00,,,g,Simbad,83.82499,-5.49294,1.5020497756441702,0.47648648693145756,0.05236065508113028
516,834,580,,,99.0,5.05,15.56,,2.11,17.67,,,M1::e(H),,,,,,Simbad,05 35 18.00,-05 28 24.52,1,V2323 Ori,M1e,1.0,H,3630.0,-1.3,0.38,0.09,0.09,29.5,14.0,29.5,0.57,0.08,,,,2.0,A,"a,f",Simbad,83.82542,-5.4736,1.5681018872460355,0.0,0.0
517,839,582,,,99.0,0.44,14.96,,3.69,18.65,6.8149982943955045,3.544,M2(H),3.75,-0.03,2.62,0.22,4.71,Simbad,05 35 18.12,-05 23 15.22,1,MAX 150,M2,1.0,H,3490.0,-0.16,0.32,0.03,0.11,1.0,0.5,0.3,2.27,0.32,,,,,A,f,Simbad,83.82597,-5.38767,1.729534395454476,0.46320728608941186,0.05236065508113028
518,845,591,,,99.0,5.41,13.99,,2.8,16.789999,,,,,,,,,Simbad,05 35 18.19,-05 28 45.82,1,2MASS J05351829-0528461,M2.5,1.0,Sta,3425.0,-0.386,0.33,0.07,0.08,1.5,0.3,0.5,1.82,0.27,5.09,opt,P09,,,g,Simbad,83.82621,-5.47949,1.538080584370538,0.0,0.0
519,848,588,,,99.0,0.83,15.92,,3.54,19.46,8.824998294395504,3.526,M3(H),2.55,-0.66,1.38,0.23,6.06,Simbad,05 35 18.23,-05 24 04.42,1,V1336 Ori,M3,1.0,H,3360.0,-0.751,0.28,0.07,0.1,2.9,0.6,1.9,1.24,0.21,,,,,,f,Simbad,83.82633,-5.40133,1.3819571048935286,0.24808751548161567,0.05236065508113028
520,849,3140,,,,8.33,15.78,,2.3,18.08,,,,,,,,,Simbad,05 35 18.23,-05 31 41.65,1,V1513 Ori,K1,1.0,H13,4920.0,-0.572,,,,,,,0.71,0.09,11.05,opt,S99,2.0,,b,Simbad,83.82628,-5.52836,1.2358942771827095,0.0,0.0
521,852,589,,1925.0,99.0,0.89,11.3,,2.12,13.42,2.124998294395505,3.719,K0(H)G8-K0:(HT)K1IV(Ham)M0(Eetal),3.21,1.23,5.01,2.73,5.69,Simbad,05 35 18.26,-05 22 37.02,1,V1229 Ori,K0,1.0,H,5030.0,1.119,2.86,0.18,0.13,1.2,0.3,0.5,4.77,0.58,14.3,opt,H00,3.0,,a,Simbad,83.82657,-5.37705,1.781052981759466,0.0,0.0
522,855,9224,,,99.0,1.16,15.16,,3.95,19.11,6.994998294395504,3.535,M2.5(H),4.03,-0.03,2.76,0.2,4.53,Simbad,05 35 18.28,-05 24 26.32,2,2MASS J05351836-0524267,M2.5,1.0,H,3425.0,-0.136,0.31,0.04,0.12,0.9,0.7,0.3,2.42,0.36,,,,,,f,Simbad,83.82652,-5.40743,1.3367121979113086,0.43774880475783284,0.05236065508113028
523,864,592,,,99.0,5.06,14.37,,2.58,16.95,8.354998294395505,3.535,M2.5(H)M4(Eetal),0.51,-0.57,1.48,0.27,6.0,Simbad,05 35 18.43,-05 18 20.42,1,2MASS J05351853-0518205,M2.5,1.0,H,3425.0,-0.675,0.33,0.08,0.06,2.9,0.9,1.5,1.3,0.2,7.92,opt,H02,3.0,,,Simbad,83.82725,-5.30572,1.6519094797591547,0.2954527284244781,0.05236065508113028
524,868,596,,1927.0,99.0,0.56,13.06,,2.52,15.58,3.8249982943955043,3.679,K2-K5e(H),3.67,0.63,3.01,1.07,5.66,Simbad,05 35 18.55,-05 23 13.52,1,AF Ori,G8,3.0,H13,5210.0,0.698,2.0,0.3,0.23,4.2,2.0,3.4,2.74,0.44,,,,2.0,A,"a,f",Simbad,83.82776,-5.3872,1.725555063096327,0.0,0.0
525,882,601,,1921.0,98.0,7.17,12.52,,1.25,13.77,5.274999294395505,3.679,K3-K4(H)K2.5-K5(P)K5(Eetal)K2V(Ham),0.41,0.05,1.55,1.17,6.55,Simbad,05 35 18.79,-05 16 13.72,1,MU Ori,K3,1.0,StE,4550.0,0.001,1.28,0.17,0.09,6.9,3.6,5.1,1.61,0.24,2.22,opt,H02,3.0,N,a,Simbad,83.82873,-5.27056,1.5989649255408491,0.7884469019676165,0.05236065508113028
526,886,606,,,99.0,2.33,13.68,,3.33,17.01,7.124998294395505,3.522,M3.3(P),1.8,0.06,3.25,0.14,3.87,Simbad,05 35 18.85,-05 21 07.62,1,V2343 Ori,M3.3,1.0,P,3300.0,-0.03,0.31,0.1,0.06,0.3,0.25,0.6,2.95,0.52,5.62,opt,H02,,,g,Simbad,83.829,-5.35217,1.653988136704423,0.41903875925452083,0.05236065508113028
527,889,9243,,,,1.24,14.99,,3.63,18.619999,5.294997294395504,3.602,K7(H),5.24,0.28,2.88,0.37,5.06,Simbad,05 35 18.90,-05 22 18.47,2,2MASS J05351894-0522187,K7,1.0,H,3970.0,0.161,0.67,0.08,0.05,0.9,0.2,0.3,2.54,0.3,,,,3.0,A,f,Simbad,83.82896,-5.37186,0.78587707953735,0.7823924797817757,0.05236065508113028
528,890,607,,,99.0,0.77,13.64,,1.86,15.5,4.954998294395503,3.713,G8-K2(H)<=K5(P),2.46,0.11,1.42,1.31,6.86,Simbad,05 35 18.95,-05 23 49.22,1,V1337 Ori,K0,2.0,H,5030.0,0.02,1.14,0.11,0.19,17.5,8.0,9.5,1.34,0.21,,,,2.0,N,"a,f",Simbad,83.82946,-5.39711,1.8368878860072173,0.8896538467134357,0.05236065508113028
529,898,5147,,,,7.7,17.19,,,,,,,,,,,,Simbad,05 35 19.11,-05 31 02.66,1,V2346 Ori,M6,1.0,H13,2800.0,,,,,,,,,,11.88,opt,P09,2.0,,c,Simbad,83.83004,-5.51751,1.5338766687645,0.0,0.0
530,900,9250,,,,0.87,14.23,,2.8,17.029999,5.124997294395504,3.643,K5(H),3.82,0.2,2.19,0.68,5.79,Simbad,05 35 19.15,-05 22 50.62,1,2MASS J05351921-0522506,K5,1.0,H,4140.0,0.097,0.83,0.19,0.28,1.5,0.6,1.4,2.17,0.32,2.27,opt,H02,3.0,,,Simbad,83.83005,-5.38074,0.9269468815787232,0.8343011921827279,0.05236065508113028
531,907,618,,,2.0,13.5,13.91,,2.74,16.65,,,,,,,,,Simbad,05 35 19.41,-05 36 51.14,1,V1731 Ori,M3.4,1.0,D10,3280.0,-0.505,0.28,0.08,0.1,1.7,1.2,0.6,1.73,0.32,5.82,opt,Re01,3.0,,,Simbad,83.83121,-5.61439,1.3716456032386963,0.0,0.0
532,909,620,,,99.0,0.96,14.41,,2.59,17.0,6.664998294395504,3.591,K8(H),2.25,-0.23,1.69,0.45,5.93,Simbad,05 35 19.50,-05 23 56.92,1,V2354 Ori,M0,1.0,H13,3770.0,-0.457,0.51,0.1,0.14,3.2,1.2,2.7,1.39,0.19,8.09,opt,H02,3.0,A,,Simbad,83.83165,-5.39919,1.442961215239632,0.48388945261648125,0.05236065508113028
533,910,622,,1940.0,99.0,1.32,12.89,,2.46,15.35,7.064999294395504,3.535,M0-M2.5e(H)M0.5(P)<M0(Sam),0.2,-0.05,2.68,0.2,4.6,Simbad,05 35 19.56,-05 24 26.12,1,V2356 Ori,M0.5,1.0,P,3700.0,0.028,0.51,0.15,0.05,0.9,0.2,0.2,2.52,0.34,3.77,opt,P09,2.0,A,,Simbad,83.83191,-5.40739,1.547089365907647,0.4277417265716057,0.05236065508113028
534,911,626,,,99.0,12.24,15.4,,3.01,18.41,10.324998294395504,3.494,M5(H),0.0,-0.92,1.19,0.13,5.95,Simbad,05 35 19.58,-05 35 35.52,1,2MASS J05351966-0535356,M5,1.0,H,2880.0,-1.064,,,,,,,1.18,0.27,1.63,opt,H02,,N,b,Simbad,83.83196,-5.59325,1.3614951285103714,0.14425940259152326,0.05236065508113028
535,913,628,,,99.0,7.29,14.39,,3.5,17.89,,,,,,,,,Simbad,05 35 19.69,-05 30 37.02,1,V1514 Ori,M5.5,1.0,H13,2840.0,-0.588,0.1,0.01,0.08,0.08,0.03,0.92,2.1,0.36,2.26,opt,S99,3.0,,,Simbad,83.83248,-5.51045,1.6814050747567015,0.0,0.0
536,915,624,,,98.0,1.31,15.44,,2.88,18.32,,,late-M(H),,,,,,Simbad,05 35 19.72,-05 22 21.33,1,2MASS J05351981-0522216,M2.1,1.0,D10,3477.0,-0.87,0.33,0.06,0.07,5.2,1.9,3.0,1.01,0.14,10.0,opt,R09,,,g,Simbad,83.83258,-5.37267,1.508063791768938,0.0,0.0
537,916,625,,,99.0,1.64,14.39,,1.07,15.46,7.374998294395505,3.562,M1(H)M6-M6.5(H),0.0,-0.73,1.08,0.42,6.52,Simbad,05 35 19.74,-05 24 47.52,1,MLLA 151,K7,1.0,H13,3970.0,-0.828,0.69,0.05,0.03,26.5,10.5,12.5,0.81,0.1,,,,3.0,N,"a,f",Simbad,83.83266,-5.41333,1.5421449636314026,0.38894866658264177,0.05236065508113028
538,917,633,,,98.0,7.73,16.19,,,,,,,,,,,,Simbad,05 35 19.76,-05 31 03.42,1,V2360 Ori,M3e,1.0,H13,3360.0,,,,,,,,,,4.23,MIR,M11,2.0,,c,Simbad,83.83275,-5.51772,1.5386948955671669,0.0,0.0
539,918,632,,,99.0,7.2,15.32,,4.01,19.33,10.134998294395503,3.483,M5.5(H),1.11,-0.54,1.94,0.13,4.63,Simbad,05 35 19.77,-05 30 31.82,1,2MASS J05351986-0530321,M5.5,1.0,H,2840.0,-0.773,0.1,0.03,0.06,0.2,0.1,1.9,1.7,0.29,3.78,opt,H02,,,g,Simbad,83.83278,-5.50894,1.4962181935034664,0.15186674571470185,0.05236065508113028
540,920,639,,1941.0,99.0,10.55,13.62,,2.53,16.15,,,,,,,,,Simbad,05 35 19.85,-05 33 53.22,1,V1515 Ori,M3.5,1.0,H13,3260.0,-0.472,0.26,0.07,0.1,1.5,1.2,0.6,1.82,0.34,5.24,opt,H00,3.0,,,Simbad,83.8331,-5.56486,1.4302380322808668,0.0,0.0
541,923,638,,,99.0,5.88,17.03,,,,,,,,,,,,Simbad,05 35 19.92,-05 29 11.52,1,V2362 Ori,M5e,1.0,H13,2880.0,,,,,,,,,,2.79,MIR,M11,,,c,Simbad,83.83342,-5.48664,1.5532870134834018,0.0,0.0
542,926,636,,,99.0,2.41,13.4,,2.46,15.86,6.174997294395505,3.575,M0.3(P),1.6,0.04,2.47,0.29,5.11,Simbad,05 35 19.94,-05 25 37.22,1,V1516 Ori,M0.3,1.0,P,3728.0,-0.161,0.49,0.09,0.09,1.3,0.3,0.7,2.0,0.27,11.68,opt,H02,2.0,,,Simbad,83.83351,-5.4271,1.5664584060482083,0.5660017264371805,0.05236065508113028
543,927,634,,,99.0,2.79,16.28,,,,,,,,,,,,Simbad,05 35 19.98,-05 20 43.82,1,V2363 Ori,M2,2.0,H13,3490.0,,,,,,,,,,5.38,opt,H02,,,c,Simbad,83.83368,-5.34554,1.5462477937052792,0.0,0.0
544,932,642,,,99.0,5.39,15.96,,2.85,18.81,10.724998294395503,3.494,M5(H),0.0,-1.14,0.92,0.12,6.23,Simbad,05 35 20.07,-05 28 41.22,1,2MASS J05352016-0528416,M5,1.0,H,2880.0,-1.288,,,,,,,0.91,0.21,1.99,opt,R09,,,b,Simbad,83.83403,-5.47824,1.5177371457545732,0.1291692776729143,0.05236065508113028
545,933,646,,,99.0,11.61,15.67,,3.35,19.02,8.874999294395503,3.526,M3(H),2.06,-0.68,1.35,0.23,6.08,Simbad,05 35 20.07,-05 34 57.02,1,2MASS J05352016-0534572,M3,1.0,H,3360.0,-0.769,0.28,0.07,0.1,3.0,0.7,2.1,1.22,0.2,1.94,opt,H02,2.0,,,Simbad,83.83401,-5.58256,1.39328139304997,0.24303984908647883,0.05236065508113028
546,934,3075,,,,0.95,,,,,,,,,,,,,Simbad,05 35 20.08,-05 23 08.23,1,2MASS J05352017-0523085,M2,1.0,SHC-ir,3490.0,,,,,,,,,,9.02,MIR,M11,,,c,Simbad,83.83408,-5.38569,1.503048386375078,0.0,0.0
547,937,9261,,,,1.29,16.85,,4.96,21.810001,,,,,,,,,Simbad,05 35 20.12,-05 22 28.82,1,2MASS J05352012-0522281,M3,1.0,H13,3360.0,-0.236,0.29,0.06,0.13,1.1,0.9,0.3,2.25,0.37,3.51,opt,R09,2.0,,,Simbad,83.83408,-5.37453,1.021650481904954,0.0,0.0
548,938,635,,,99.0,9.44,15.88,,4.1,19.98,9.394998294395505,3.5,M4.5(H),2.5,-0.54,1.8,0.16,5.13,Simbad,05 35 20.14,-05 13 59.22,1,2MASS J05352024-0513593,M4.5,1.0,H,3020.0,-0.653,0.16,0.06,0.11,0.7,0.61,1.7,1.72,0.34,4.12,opt,H02,2.0,,,Simbad,83.83436,-5.23316,1.5969851932880232,0.19286080652166263,0.05236065508113028
549,940,649,,,98.0,8.95,15.69,,3.84,19.529999,11.444997294395504,3.471,M6(H),0.0,-0.86,1.41,0.1,4.88,Simbad,05 35 20.18,-05 32 16.52,1,V1518 Ori,M6,1.0,H,2800.0,-1.036,,,,,,,1.29,0.2,1.81,opt,H02,2.0,,b,Simbad,83.83449,-5.53801,1.491036851842688,0.0,0.0
550,941,647,,1963.0,99.0,7.34,13.65,,2.31,15.959999,7.874997294395504,3.494,M5e(H),0.0,-0.22,2.66,0.15,4.17,Simbad,05 35 20.20,-05 30 39.02,1,MY Ori,M0.5e,1.0,H13,3700.0,-0.369,0.45,0.07,0.12,2.0,0.6,1.5,1.59,0.22,8.2,opt,P09,2.0,A,,Simbad,83.83456,-5.51098,1.49820820302643,0.34117717245466045,0.05236065508113028
551,944,5119,,,,3.06,16.62,,1.37,17.990002,9.905000294395505,3.483,M5.5(H),0.0,-1.33,0.78,0.09,6.32,Simbad,05 35 20.26,-05 26 17.04,1,2MASS J05352035-0526173,M5.5,1.0,H,2840.0,-1.48,,,,,,,0.75,0.13,2.14,opt,H02,3.0,A,b,Simbad,83.8348,-5.43816,1.414281342394556,0.16152693621470784,0.05236065508113028
552,946,643,,,99.0,6.22,15.06,,3.7,18.76,6.254998294395504,3.562,M1(H),4.42,0.08,2.74,0.25,4.73,Simbad,05 35 20.31,-05 17 14.22,1,V2367 Ori,M1,1.0,H,3630.0,-0.108,0.41,0.08,0.1,1.0,0.2,0.3,2.23,0.31,5.81,opt,R09,2.0,,,Simbad,83.83508,-5.28733,1.639659906026141,0.5516434643457749,0.05236065508113028
553,950,650,,,98.0,2.7,15.5,,,,,,,,,,,,Simbad,05 35 20.42,-05 20 52.02,1,2MASS J05352052-0520522,M3.5,1.0,H13,3260.0,,,,,,,,,,,,,3.0,,"c,f",Simbad,83.83554,-5.34777,1.6375478490191022,0.0,0.0
554,954,651,,,99.0,2.84,15.37,,,,,,,,,,,,Simbad,05 35 20.46,-05 20 43.12,1,V1521 Ori,M3,1.0,D10,3360.0,,,,,,,,,,3.32,opt,S99,,,c,Simbad,83.83571,-5.34533,1.650200226902896,0.0,0.0
555,957,658,,,99.0,1.73,13.58,,,,,3.544,M2e(H),0.0,-0.4,1.73,0.29,5.83,Simbad,05 35 20.52,-05 24 46.02,1,2MASS J05352062-0524464,M2e,1.0,H,3490.0,,,,,,,,,,3.2,opt,P09,2.0,A,c,Simbad,83.83595,-5.41289,1.657860978869717,0.0,0.0
556,958,657,,,,1.21,16.12,,3.68,19.800001,7.344999294395505,3.562,M1(H),4.37,-0.36,1.66,0.35,5.9,Simbad,05 35 20.54,-05 22 44.92,2,2MASS J05352063-0522455,M4.5,1.0,H13,3020.0,-1.011,0.14,0.07,0.08,3.0,2.6,1.6,1.14,0.23,5.41,opt,R09,,N,g,Simbad,83.83598,-5.37931,1.5415831124785446,0.39195848518003906,0.05236065508113028
557,965,667,,,99.0,14.56,15.81,,3.24,19.050001,10.674998294395506,3.5,M4.5(H),0.29,-1.05,1.0,0.14,6.2,Simbad,05 35 20.67,-05 37 53.92,1,2MASS J05352074-0537536,M4.5,1.0,H,3020.0,-1.161,0.12,0.06,0.09,3.9,2.4,2.5,0.96,0.19,3.38,opt,R09,2.0,,,Simbad,83.83644,-5.63158,1.1521268978189163,0.13083949834440614,0.05236065508113028
558,967,663,,,99.0,2.17,14.57,,2.36,16.93,8.844998294395504,3.5,M4.5(H),0.0,-0.62,1.63,0.15,5.31,Simbad,05 35 20.73,-05 21 29.82,1,2MASS J05352083-0521300,M4.5,1.0,H,3020.0,-0.784,0.14,0.05,0.11,1.4,1.21,1.6,1.48,0.29,4.23,opt,R09,,N,g,Simbad,83.83681,-5.35836,1.5833969848728766,0.24618247082481823,0.05236065508113028
559,970,664,,,99.0,6.84,14.05,,2.88,16.93,5.154998294395504,3.623,<=K7(H)K5.5(P)K7:(Eetal),3.69,0.26,2.55,0.51,5.55,Simbad,05 35 20.89,-05 16 37.42,1,V493 Ori,K5.5,1.0,P,4080.0,0.175,0.74,0.13,0.22,1.0,0.3,0.8,2.44,0.33,7.2,opt,E93,,N,g,Simbad,83.83747,-5.27711,1.5455182617768086,0.8236509901025743,0.05236065508113028
560,971,673,,1976.0,99.0,8.06,13.07,,1.83,14.9,5.4849982943955045,3.643,K5(H),1.33,0.06,1.86,0.75,6.04,Simbad,05 35 20.90,-05 31 21.22,1,MZ Ori,K5,1.0,H13,4140.0,-0.045,0.83,0.2,0.29,2.3,1.0,2.6,1.85,0.27,1.44,opt,H02,2.0,N,,Simbad,83.83745,-5.52269,1.3933980220986455,0.729952524622886,0.05236065508113028
561,974,672,,,98.0,4.9,14.0,,2.38,16.380001,6.584999294395503,3.591,K8(H),1.71,-0.19,1.76,0.44,5.87,Simbad,05 35 20.93,-05 28 08.62,1,V1522 Ori,K8,1.0,H,3940.0,-0.293,0.65,0.08,0.07,3.1,1.0,1.7,1.54,0.18,7.01,opt,H02,,N,g,Simbad,83.83762,-5.46921,1.5696078481698363,0.49521011479418237,0.05236065508113028
562,979,674,,,99.0,2.82,15.02,,,,,3.571,M0.5(H),0.0,-1.0,0.76,0.49,7.11,Simbad,05 35 21.05,-05 25 56.52,1,V1339 Ori,M0,1.0,H13,3770.0,,,,,,,,,,6.11,opt,P09,,,c,Simbad,83.83817,-5.43249,1.7130740542107592,0.0,0.0
563,982,682,,,99.0,9.98,16.24,,3.58,19.82,8.274998294395504,3.544,M2(H),3.46,-0.61,1.34,0.3,6.1,Simbad,05 35 21.12,-05 33 17.22,1,2MASS J05352121-0533175,M2,1.0,H,3490.0,-0.741,0.34,0.05,0.08,3.7,1.2,2.0,1.16,0.16,3.16,opt,R09,2.0,,,Simbad,83.83837,-5.55487,1.361963182465125,0.30314281810109667,0.05236065508113028
564,984,680,,,99.0,4.42,15.85,,,,,,,,,,,,Simbad,05 35 21.16,-05 27 38.32,1,2MASS J05352126-0527386,M5,1.0,H13,2880.0,,,,,,,,,,1.67,opt,R09,3.0,,c,Simbad,83.8386,-5.46073,1.5831694292575471,0.0,0.0
565,986,9280,,,99.0,1.25,15.32,,3.72,19.039999,7.944997294395504,3.526,M3(H),3.01,-0.31,2.07,0.21,5.19,Simbad,05 35 21.16,-05 22 59.22,1,V2375 Ori,M3,1.0,H,3360.0,-0.398,0.32,0.09,0.06,1.5,0.7,0.4,1.87,0.31,7.92,opt,H02,,A,g,Simbad,83.8385,-5.38319,1.2235285186337517,0.3350954033939768,0.05236065508113028
566,987,678,,1974.0,99.0,1.97,12.33,,1.84,14.17,3.924998294395504,3.695,K1-K2(Sam),2.16,0.55,2.57,1.38,6.0,Simbad,05 35 21.18,-05 24 56.92,1,V377 Ori,K4,1.0,StE,4330.0,0.36,1.11,0.32,0.36,1.2,0.5,1.1,2.7,0.41,13.0,opt,H02,3.0,,,Simbad,83.83871,-5.41591,1.6866067685058206,0.0,0.0
567,994,683,,1975.0,99.0,3.57,11.76,,1.85,13.610001,4.474998294395505,3.623,K6(H),1.05,0.53,3.48,0.47,4.92,Simbad,05 35 21.29,-05 26 43.62,1,V1523 Ori,K6,1.0,H,4020.0,0.411,0.76,0.2,0.11,0.6,0.1,0.1,3.31,0.43,11.5,opt,H02,,N,g,Simbad,83.83912,-5.44555,1.5185994696576928,1.0759689115493494,0.05236065508113028
568,1000,689,,,99.0,4.07,16.87,,,,,3.483,M5.5(H),0.0,-1.43,0.69,0.08,6.38,Simbad,05 35 21.52,-05 27 14.12,2,V2379 Ori,M5.5,1.0,H,2840.0,,,,,,,,,,2.67,NIR,C01,,,c,Simbad,83.84011,-5.45405,1.6540268891799232,0.0,0.0
569,1001,686,,,99.0,6.19,16.4,,,,,,,,,,,,Simbad,05 35 21.53,-05 17 19.02,1,[H97b] 20399,M3.5,1.0,D10,3260.0,,,,,,,,,,6.87,opt,R09,3.0,,c,Simbad,83.84008,-5.28858,1.3388272924725686,0.0,0.0
570,1008,695,,,98.0,3.6,14.62,,2.63,17.25,8.524998294395504,3.535,M2.8(P)M2(H),0.64,-0.64,1.37,0.27,6.07,Simbad,05 35 21.62,-05 26 44.02,1,V1282 Ori,M2,1.0,H,3490.0,-0.686,0.35,0.06,0.06,3.3,1.1,1.7,1.24,0.17,2.95,opt,R09,,,g,Simbad,83.84053,-5.44565,1.6324145097734954,0.278497732746333,0.05236065508113028
571,1011,694,,,99.0,1.35,14.74,,2.99,17.73,5.674997294395505,3.623,K5-K7(H),3.97,0.05,2.01,0.57,5.81,Simbad,05 35 21.68,-05 23 38.82,1,V2383 Ori,K6,2.0,H,4020.0,-0.07,0.72,0.26,0.39,1.9,0.9,3.2,1.9,0.36,7.46,NIR,C01,,A,g,Simbad,83.84071,-5.39422,1.4003108636166337,0.6775365162539947,0.05236065508113028
572,1013,697,,,99.0,1.82,14.9,,3.03,17.93,,,,,,,,,Simbad,05 35 21.74,-05 22 08.02,1,2MASS J05352184-0522082,M2,1.0,H,3490.0,-0.548,0.36,0.07,0.07,2.3,0.6,1.0,1.45,0.2,0.79,opt,R09,,,g,Simbad,83.84104,-5.36897,1.6592339761479398,0.0,0.0
573,1014,9292,,,,1.45,14.95,,2.97,17.92,7.294998294395505,3.562,M1(H),2.54,-0.34,1.7,0.34,5.87,Simbad,05 35 21.78,-05 23 55.12,1,V494 Ori,K3,1.0,H,4550.0,0.396,1.46,0.4,0.27,1.9,0.9,1.9,2.54,0.38,,,,2.0,,"a,f",Simbad,83.84088,-5.39832,1.2575012240375083,0.3970266962601697,0.05236065508113028
574,1016,696,a,,99.0,6.46,14.06,,3.28,17.34,,,,,,,,,Simbad,05 35 21.79,-05 17 03.20,1,[H97b] 20416,M4.2,1.0,D10,3104.0,,,,,,,,,,0.47,opt,R09,,,c,Simbad,83.84112,-5.28425,1.181217121913599,0.0,0.0
575,1019,691,,,98.0,8.47,15.64,,4.35,19.99,8.214998294395505,3.509,M4(H),3.69,-0.2,2.54,0.16,4.37,Simbad,05 35 21.80,-05 15 01.02,1,V1281 Ori,M4,1.0,H,3160.0,-0.28,0.24,0.09,0.12,0.5,0.43,0.9,2.41,0.51,6.29,opt,S99,2.0,,,Simbad,83.84128,-5.25031,1.6041287257354249,0.30943875607837673,0.05236065508113028
576,1020,692,,,99.0,9.02,13.24,,2.49,15.73,7.3649982943955035,3.535,M2-3(H),0.28,-0.17,2.33,0.22,4.95,Simbad,05 35 21.82,-05 14 27.52,2,2MASS J05352193-0514276,M2.5,1.0,H,3425.0,-0.279,0.36,0.1,0.06,1.3,0.5,0.2,2.06,0.31,1.26,opt,H02,3.0,N,,Simbad,83.84138,-5.24101,1.6650721696164763,0.38994936262671437,0.05236065508113028
577,1021,702,,,99.0,5.25,15.07,,4.09,19.16,7.534998294395503,3.518,M3.5(H),3.54,-0.05,2.9,0.14,4.0,Simbad,05 35 21.83,-05 28 26.82,1,2MASS J05352192-0528273,M3.5,1.0,H,3260.0,-0.141,0.26,0.07,0.1,0.2,0.14,0.9,2.67,0.5,1.59,opt,R09,3.0,N,,Simbad,83.84137,-5.47425,1.5513658704531583,0.37424272687496196,0.05236065508113028
578,1024,704,,,99.0,5.06,14.7,,2.41,17.11,,,,,,,,,Simbad,05 35 21.96,-05 28 14.82,1,V1525 Ori,K8,1.0,H13,3940.0,-0.554,0.68,0.08,0.08,8.2,3.1,5.3,1.14,0.14,1.38,opt,R09,,,a,Simbad,83.84193,-5.47091,1.607002991835867,0.0,0.0
579,1026,3121,,,,5.72,16.53,,3.11,19.640001,,,,,,,,,Simbad,05 35 21.98,-05 28 55.27,1,2MASS J05352207-0528556,M3.8,1.0,D10,3200.0,-1.381,0.16,0.07,0.12,7.7,3.2,12.3,0.66,0.13,1.34,opt,R09,3.0,,,Simbad,83.84196,-5.48211,1.3886073127398728,0.0,0.0
580,1032,711,,,99.0,5.42,16.37,,,,,3.471,M6(H),0.0,-1.13,1.03,0.08,5.23,Simbad,05 35 22.13,-05 28 36.12,1,2MASS J05352223-0528364,M6,1.0,H,2800.0,,,,,,,,,,1.62,opt,R09,3.0,,c,Simbad,83.84263,-5.4768,1.5533620267681894,0.0,0.0
581,1034,3034,,,,5.43,15.67,,3.91,19.58,,,,,,,,,Simbad,05 35 22.16,-05 18 08.27,1,2MASS J05352225-0518087,M5,1.0,H13,2880.0,-0.798,0.12,0.05,0.1,0.4,0.25,2.3,1.61,0.36,2.7,opt,R09,,,g,Simbad,83.84271,-5.30243,1.432311889814702,0.0,0.0
582,1035,715,,,99.0,8.03,15.29,,3.46,18.75,10.664998294395504,3.471,M6(H)M5(Eetal),0.0,-0.7,1.7,0.11,4.7,Simbad,05 35 22.18,-05 31 16.52,1,V2386 Ori,M6,1.0,H,2800.0,-0.876,,,,,,,1.55,0.24,4.46,opt,E93,2.0,,b,Simbad,83.84284,-5.52135,1.5545657856249495,0.13151361814606122,0.05236065508113028
583,1036,719,,,99.0,12.15,14.49,,3.06,17.55,9.464998294395505,3.494,M4-M6(H),0.0,-0.56,1.81,0.14,5.0,Simbad,05 35 22.19,-05 35 26.52,1,V1526 Ori,M4,1.0,H13,3160.0,-0.625,0.23,0.11,0.1,2.1,1.9,0.5,1.62,0.34,6.85,opt,S99,3.0,,,Simbad,83.84283,-5.59075,1.3437458034710312,0.1874859691346614,0.05236065508113028
584,1038,710,,,99.0,1.68,12.65,,1.17,13.82,5.7349982943955045,3.562,M0.5-M1.5(H)M0.1(P),0.0,-0.04,2.4,0.27,5.07,Simbad,05 35 22.21,-05 24 13.72,1,V1231 Ori,M0.1,1.0,P,3756.0,-0.152,0.5,0.09,0.11,1.3,0.3,0.7,1.98,0.27,7.81,opt,P09,,A,g,Simbad,83.843,-5.40394,1.7069417099223494,0.6620478140154391,0.05236065508113028
585,1041,716,,,99.0,4.34,14.44,,2.88,17.32,9.234998294395504,3.5,M4.5e(H),0.0,-0.57,1.73,0.15,5.2,Simbad,05 35 22.27,-05 27 27.92,1,V1340 Ori,M4.5e,1.0,H,3020.0,-0.732,0.15,0.06,0.11,1.4,1.38,1.4,1.57,0.31,3.95,opt,H02,2.0,A,,Simbad,83.84324,-5.45788,1.6679730211375416,0.20671597066556133,0.05236065508113028
