,recno,ID,m_ID,Parenago,Mem,Rproj,Imag,l_V-I,V-I,logT,SpT,AV,log(L),R,M,log(age),Simbad,RAJ2000,DEJ2000,single,Mass_calc,Mass_e
0,1048,721,,1990.0,99.0,1.54,5.034998294395503,,2.08,3.58,<=K7(H)M0(Eetal)<M0(Sam),0.74,-0.06,2.14,0.34,5.62,Simbad,05 35 22.43,-05 23 43.42,1,0.4011284093732897,0.04115710052451383
1,1050,708,,,98.0,15.44,5.914998294395504,,,,,,,,,,Simbad,05 35 22.45,-05 08 00.42,1,0.2362665720741045,0.04115710052451383
2,1051,714,,,98.0,9.31,5.644998294395505,,3.1,,,,,,,,Simbad,05 35 22.51,-05 14 11.22,1,0.283552289977892,0.04115710052451383
3,1052,5007,,,,10.03,8.734998294395504,,3.8,,,,,,,,Simbad,05 35 22.51,-05 13 27.93,1,0.0,0.0
4,1053,725,,,0.0,13.66,8.004998294395504,,3.34,,,,,,,,Simbad,05 35 22.53,-05 36 56.92,1,0.0,0.0
5,1054,717,,,99.0,8.38,8.034998294395505,,,3.535,M2.5(H),0.0,-1.39,0.57,0.23,6.98,Simbad,05 35 22.56,-05 15 08.32,1,0.0,0.0
6,1055,9303,,,,2.33,9.974998294395503,>,4.44,,,,,,,,Simbad,05 35 22.56,-05 21 37.32,1,0.0,0.0
7,1056,3023,,,,7.32,7.904998294395504,,3.03,,,,,,,,Simbad,05 35 22.61,-05 16 13.60,1,0.0,0.0
8,1057,3089,,,,2.47,5.784998294395503,,,,,,,,,,Simbad,05 35 22.64,-05 25 17.31,1,0.2584995287564358,0.04115710052451383
9,1058,9304,,,,2.31,9.934998294395504,,,,,,,,,,Simbad,05 35 22.65,-05 21 40.32,1,0.0,0.0
10,1059,723,,,99.0,1.58,6.634998294395505,,3.17,3.58,K7-M1(H),3.53,-0.02,2.25,0.33,5.55,Simbad,05 35 22.69,-05 23 13.02,1,0.15304194284185593,0.04115710052451383
11,1060,9305,,,,2.12,10.104998294395505,,,,,,,,,,Simbad,05 35 22.69,-05 21 56.92,1,0.0,0.0
12,1061,727,,,99.0,8.39,5.784998294395503,,2.44,3.544,M2(H),0.54,-0.38,1.76,0.28,5.81,Simbad,05 35 22.70,-05 31 36.82,1,0.2584995287564358,0.04115710052451383
13,1062,724,,,99.0,2.88,6.674998294395504,,,,,,,,,,Simbad,05 35 22.72,-05 25 47.32,1,0.1507005728345093,0.04115710052451383
14,1063,9307,,,,1.84,9.194998294395505,,4.75,,K:(H),,,,,,Simbad,05 35 22.80,-05 22 27.92,1,0.0,0.0
15,1064,728,,1995.0,99.0,9.24,5.494998294395504,,2.32,3.562,M1(H),0.88,-0.2,2.0,0.3,5.72,Simbad,05 35 22.81,-05 32 28.62,1,0.31103306663070596,0.04115710052451383
16,1065,1993,,1993.0,80.0,2.25,-3.115001705604496,,0.1,4.543,B0(WSH)B0-B2(H)O9.5V(Par)O9.5(LA)O9(S)O9V(vA)O9V(J),1.12,5.03,8.93,31.21,,Simbad,05 35 22.83,-05 24 57.27,2,0.0,0.0
17,1066,5008,,,,9.85,9.124998294395505,,3.11,,,,,,,,Simbad,05 35 22.83,-05 13 39.52,1,0.0,0.0
18,1067,726,,,99.0,1.75,7.264998294395504,,3.89,3.623,K5-K7(H),6.28,0.37,2.9,0.48,5.41,Simbad,05 35 22.86,-05 22 41.42,1,0.11836346856845598,0.04115710052451383
19,1068,729,,,99.0,6.52,6.764998294395504,,2.72,3.509,M4(H),0.0,-0.79,1.3,0.17,6.06,Simbad,05 35 22.94,-05 29 41.12,1,0.14574975749428976,0.04115710052451383
20,1069,3105,,,,3.31,9.134998294395503,,,,,,,,,,Simbad,05 35 23.01,-05 26 14.75,2,0.0,0.0
21,1070,5009,,,,9.8,8.934998294395504,,,,,,,,,,Simbad,05 35 23.02,-05 13 43.08,1,0.0,0.0
22,1071,730,,,93.0,2.45,7.744998294395504,,,,,,,,,,Simbad,05 35 23.11,-05 21 35.42,1,0.0,0.0
23,1072,734,,,99.0,5.45,7.834998294395504,,,,,,,,,,Simbad,05 35 23.11,-05 28 33.52,1,0.0,0.0
24,1073,3100,,,,3.03,8.554998294395505,,,,,,,,,,Simbad,05 35 23.14,-05 25 53.97,1,0.0,0.0
25,1074,9309,,,,1.9,9.644998294395505,,4.94,,,,,,,,Simbad,05 35 23.14,-05 22 29.22,1,0.0,0.0
26,1075,735,,,99.0,5.08,6.644998294395505,,3.07,3.518,M3.5(H),0.92,-0.55,1.62,0.21,5.89,Simbad,05 35 23.21,-05 28 09.72,1,0.15264920347244804,0.04115710052451383
27,1076,732,,,99.0,2.59,7.054998294395505,,3.19,3.591,K5-M0.5e(H),3.79,-0.14,1.86,0.42,5.8,Simbad,05 35 23.22,-05 21 25.12,1,0.12916927767291433,0.04115710052451383
28,1077,733,,1989.0,99.0,4.85,5.054998294395505,,2.33,3.571,M0.5(H),1.16,0.04,2.51,0.28,5.0,Simbad,05 35 23.28,-05 18 50.52,1,0.3970266962601697,0.04115710052451383
29,1078,731,,1988.0,88.0,12.64,4.184998294395504,,1.74,3.591,K8(H)K5.5-M0(P)M0:(Eetal),0.07,0.1,2.46,0.35,5.49,Simbad,05 35 23.33,-05 10 51.52,1,0.6485775815602023,0.04115710052451383
30,1079,5027,,,,8.18,8.784998294395505,,,,,,,,,,Simbad,05 35 23.39,-05 15 23.00,1,0.0,0.0
31,1080,736,,,99.0,4.76,5.784998294395503,,2.27,3.58,M0(H),1.22,-0.25,1.74,0.39,5.86,Simbad,05 35 23.42,-05 18 56.92,1,0.2584995287564358,0.04115710052451383
32,1081,3155,,,,11.14,7.274998294395504,,2.96,,,,,,,,Simbad,05 35 23.42,-05 34 22.90,1,0.11805972181025816,0.04115710052451383
33,1082,737,,,99.0,2.71,7.544998294395505,,,,,,,,,,Simbad,05 35 23.49,-05 25 26.02,1,0.1043607563104038,0.04115710052451383
34,1083,738,,,99.0,1.79,5.754998294395504,,1.86,3.643,K5(H),1.41,-0.23,1.33,0.9,6.62,Simbad,05 35 23.54,-05 23 31.62,1,0.26386827544290314,0.04115710052451383
35,1084,741,,,99.0,2.38,5.1149982943955035,,,,,,,,,,Simbad,05 35 23.55,-05 24 57.12,1,0.38497149665706815,0.04115710052451383
36,1085,743,,,99.0,3.55,6.644998294395505,,3.8,3.526,M3(H),3.21,-0.03,2.88,0.18,4.35,Simbad,05 35 23.55,-05 26 26.62,1,0.15264920347244804,0.04115710052451383
37,1086,740,,,99.0,1.83,5.8649982943955035,,,3.562,M1(H),0.0,-0.56,1.32,0.4,6.21,Simbad,05 35 23.56,-05 23 46.02,1,0.24492057505506556,0.04115710052451383
38,1087,742,,,98.0,1.8,7.034998294395503,,,,,,,,,,Simbad,05 35 23.61,-05 23 19.52,1,0.13016883398343768,0.04115710052451383
39,1088,739,,,99.0,5.05,6.554998294395505,,2.5,3.544,M2e(H),0.69,-0.65,1.29,0.3,6.14,Simbad,05 35 23.65,-05 18 39.72,1,0.15783437860560937,0.04115710052451383
40,1089,9311,,,,2.14,9.334998294395506,,,,,,,,,,Simbad,05 35 23.66,-05 22 13.72,1,0.0,0.0
41,1090,5131,,,,5.03,9.184998294395504,,1.6,,,,,,,,Simbad,05 35 23.67,-05 28 03.90,1,0.0,0.0
42,1092,744,,,99.0,1.83,5.3649982943955035,,1.75,3.562,M1e(H),0.0,-0.36,1.66,0.35,5.9,Simbad,05 35 23.69,-05 23 33.82,1,0.33595754452820287,0.04115710052451383
43,1093,747,,2001.0,98.0,7.63,3.0349982943955034,,1.22,3.708,K0(WSH)K1(Sam)K3(S)G8(S),0.75,0.7,2.85,1.75,6.03,Simbad,05 35 23.73,-05 30 46.92,1,1.2047600268868217,0.04115710052451383
44,1094,9312,,,,2.77,9.724998294395503,,,,,,,,,,Simbad,05 35 23.83,-05 21 18.72,1,0.0,0.0
45,1095,746,,,99.0,4.64,7.024998294395504,,3.4,3.518,M3.5(H),1.77,-0.5,1.73,0.2,5.74,Simbad,05 35 23.85,-05 19 07.42,1,0.13083949834440614,0.04115710052451383
46,1097,3041,,,,5.09,8.304998294395505,,,,,,,,,,Simbad,05 35 23.87,-05 18 38.51,1,0.0,0.0
47,1098,3087,,,99.0,2.58,7.004998294395504,,1.16,3.562,M1(H),0.0,-1.01,0.78,0.41,6.96,Simbad,05 35 23.89,-05 25 09.38,1,0.13185197939711457,0.04115710052451383
48,1099,748,b,,,2.64,7.924998294395506,,4.61,,,,,,,,Simbad,05 35 24.01,-05 21 32.82,1,0.0,0.0
49,1100,748,a,,99.0,2.64,6.684998294395504,,3.14,3.526,M3(H),1.52,-0.45,1.76,0.23,5.76,Simbad,05 35 24.03,-05 21 32.92,1,0.15031384193678674,0.04115710052451383
50,1101,9316,,,,2.4,8.014998294395506,,4.63,3.5,M4.5(H),3.86,-0.29,2.38,0.15,4.48,Simbad,05 35 24.05,-05 21 55.32,2,0.0,0.0
51,1102,750,,2012.0,99.0,2.73,4.784998294395503,,1.98,3.643,K4-K5e(H)K0-K2(Sam),1.72,0.24,2.27,0.67,5.75,Simbad,05 35 24.14,-05 25 18.32,1,0.46559385289664484,0.04115710052451383
52,1103,753,,,99.0,6.85,5.3149982943955045,,2.41,3.544,M2(H),0.46,-0.21,2.14,0.25,5.25,Simbad,05 35 24.14,-05 29 56.82,1,0.34647789549606456,0.04115710052451383
53,1104,755,,,99.0,5.7,7.024998294395504,,3.79,3.46,M6.5(H),0.0,-0.53,2.18,0.11,4.36,Simbad,05 35 24.21,-05 28 43.72,1,0.13083949834440614,0.04115710052451383
54,1105,3101,,,,3.27,7.244998294395504,,,,,,,,,,Simbad,05 35 24.24,-05 25 59.95,1,0.11958629059960592,0.04115710052451383
55,1106,9317,,,,2.14,10.134998294395503,>,4.28,,,,,,,,Simbad,05 35 24.30,-05 22 33.42,1,0.0,0.0
56,1107,756,,2011.0,99.0,2.36,4.764998294395504,,2.15,3.58,M0e(H),0.92,0.09,2.55,0.3,5.03,Simbad,05 35 24.32,-05 24 39.42,1,0.47040393854026324,0.04115710052451383
57,1108,758,,,99.0,3.72,6.014998294395504,,3.45,3.509,M4-M4.5e(H)M5.3(P)M4(Eetal),1.39,-0.15,2.7,0.15,4.2,Simbad,05 35 24.35,-05 26 31.02,1,0.2181767742112429,0.04115710052451383
58,1109,749,,,99.0,11.58,5.914998294395504,,,,,,,,,,Simbad,05 35 24.37,-05 11 58.02,1,0.2362665720741045,0.04115710052451383
59,1110,751,,,99.0,6.68,5.424998294395504,,2.47,3.562,M1e(H),1.26,-0.07,2.31,0.27,5.22,Simbad,05 35 24.37,-05 16 59.72,1,0.3249206670045905,0.04115710052451383
60,1111,757,,,,2.09,7.154998294395504,,,,,,,,,,Simbad,05 35 24.37,-05 24 00.72,2,0.12396651293172012,0.04115710052451383
61,1112,759,,,99.0,2.59,6.7349982943955045,,,,,,,,,,Simbad,05 35 24.40,-05 25 01.22,1,0.14725550936734935,0.04115710052451383
62,1113,760,b,,,4.67,,,,,,,,,,,Simbad,05 35 24.40,-05 19 09.13,2,0.0,0.0
63,1114,752,,,99.0,12.06,6.8149982943955045,,4.0,3.623,K6e(H),6.56,0.62,3.86,0.46,4.66,Simbad,05 35 24.49,-05 11 29.42,1,0.14278428721830652,0.04115710052451383
64,1115,754,,,96.0,11.58,5.514998294395504,,,,,,,,,,Simbad,05 35 24.53,-05 11 58.22,1,0.3070626000363092,0.04115710052451383
65,1116,760,a,,99.0,4.68,6.264998294395504,,3.51,3.518,M3.5e(H),2.05,-0.13,2.66,0.16,4.3,Simbad,05 35 24.53,-05 19 09.42,2,0.18039722556766316,0.04115710052451383
66,1117,761,,,98.0,2.14,8.514998294395506,,5.73,,,,,,,,Simbad,05 35 24.56,-05 22 42.32,2,0.0,0.0
67,1118,762,,2010.0,99.0,2.38,6.044998294395505,,2.63,3.58,M0e(H),2.15,-0.12,2.0,0.36,5.72,Simbad,05 35 24.59,-05 24 35.42,1,0.21318918312196844,0.04115710052451383
68,1119,763,,,99.0,5.44,8.364998294395503,,2.54,3.494,M5(H),0.0,-1.34,0.73,0.11,6.39,Simbad,05 35 24.59,-05 28 25.12,1,0.0,0.0
69,1121,9320,,,,2.52,9.334998294395506,,,3.623,K6(H),0.0,-1.99,0.19,,,Simbad,05 35 24.75,-05 21 57.42,2,0.0,0.0
70,1122,764,,,98.0,2.75,7.174998294395504,,,,,,,,,,Simbad,05 35 24.78,-05 25 09.82,1,0.12301458376017786,0.04115710052451383
71,1123,772,,,73.0,11.56,8.654998294395503,,3.11,,K:(H),,,,,,Simbad,05 35 24.85,-05 34 44.52,1,0.0,0.0
72,1124,768,,2009.0,99.0,2.2,5.414998294395504,,2.18,,cont+emis(H),,,,,,Simbad,05 35 24.97,-05 23 53.52,1,0.3265947444687076,0.04115710052451383
73,1125,769,,2008.0,96.0,2.18,4.244998294395504,,1.9,3.661,K2-K4(Sam),1.8,0.47,2.72,0.82,5.64,Simbad,05 35 24.98,-05 23 46.32,1,0.6288843662740407,0.04115710052451383
74,1126,766,b,,,2.18,5.784998294395503,,2.98,,,,,,,,Simbad,05 35 25.00,-05 22 59.12,1,0.2584995287564358,0.04115710052451383
75,1127,766,a,,99.0,2.18,5.554998294395505,,2.73,,<M0(Sam),,,,,,Simbad,05 35 25.01,-05 22 59.12,1,0.2992730738142913,0.04115710052451383
76,1128,770,,,99.0,2.36,8.164998294395504,,1.19,3.544,M1.5-M2.5(H),0.0,-1.46,0.51,0.27,7.24,Simbad,05 35 25.02,-05 22 24.62,2,0.0,0.0
77,1129,773,,,99.0,2.68,6.414998294395504,,,,,,,,,,Simbad,05 35 25.10,-05 24 56.82,2,0.16573118449261148,0.04115710052451383
78,1130,767,,,99.0,8.08,5.804998294395505,,2.43,3.535,M2.5e(H),0.13,-0.47,1.66,0.26,5.88,Simbad,05 35 25.12,-05 15 35.62,1,0.25519967464538285,0.04115710052451383
79,1131,765,,2005.0,97.0,14.09,5.164998294395504,,2.67,3.522,M3-3.5(H),0.11,-0.18,2.46,0.19,4.69,Simbad,05 35 25.13,-05 09 27.42,1,0.37520558714029506,0.04115710052451383
80,1132,3128,,,,6.83,6.784998294395503,,3.11,,,,,,,,Simbad,05 35 25.13,-05 29 51.25,1,0.14463055648893083,0.04115710052451383
81,1133,778,,,99.0,10.21,7.024998294395504,,3.92,3.509,M4(H),2.59,-0.26,2.38,0.16,4.57,Simbad,05 35 25.15,-05 33 20.82,1,0.13083949834440614,0.04115710052451383
82,1134,775,,,99.0,2.35,6.9849982943955045,,,3.562,M1:(H),0.0,-1.01,0.79,0.41,6.95,Simbad,05 35 25.25,-05 24 11.02,1,0.1332141522635195,0.04115710052451383
83,1135,3095,,,,3.06,7.084998294395504,,,,,,,,,,Simbad,05 35 25.26,-05 25 29.20,1,0.12784846541513625,0.04115710052451383
84,1136,771,,2007.0,96.0,12.77,4.414998294395504,,1.37,3.679,K3(H),0.72,0.13,1.7,1.15,6.41,Simbad,05 35 25.30,-05 10 47.92,1,0.5733204000461579,0.04115710052451383
85,1137,3079,,,,2.24,7.184998294395504,,,,,,,,,,Simbad,05 35 25.33,-05 23 32.95,1,0.12269890121487802,0.04115710052451383
86,1138,776,a,,99.0,2.7,6.1149982943955035,,2.51,,,,,,,,Simbad,05 35 25.35,-05 21 51.22,1,0.20095500373992156,0.04115710052451383
87,1139,777,,,80.0,2.87,7.0649982943955045,,3.31,3.623,K6(H),4.79,0.09,2.09,0.55,5.76,Simbad,05 35 25.37,-05 21 34.72,1,0.12883780082599164,0.04115710052451383
88,1140,781,,,99.0,10.89,6.394998294395505,,3.06,3.494,M5(H),0.0,-0.55,1.82,0.14,4.99,Simbad,05 35 25.37,-05 34 02.22,1,0.16701366941700335,0.04115710052451383
89,1141,776,b,,,2.71,7.764998294395504,,3.92,,,,,,,,Simbad,05 35 25.39,-05 21 51.12,1,0.0,0.0
90,1143,783,,,95.0,10.93,6.084998294395504,,3.04,,,,,,,,Simbad,05 35 25.44,-05 34 04.32,1,0.2061854919062213,0.04115710052451383
91,1144,784,,,,7.31,4.764998294395504,,1.98,,,,,,,,Simbad,05 35 25.51,-05 30 19.32,1,0.47040393854026324,0.04115710052451383
92,1145,774,,,75.0,15.6,5.6149982943955035,,,3.518,M3.5(H),0.0,-0.37,2.02,0.2,5.18,Simbad,05 35 25.55,-05 07 56.92,1,0.288698584217703,0.04115710052451383
93,1146,5059,,,,5.78,9.394998294395505,,,,,,,,,,Simbad,05 35 25.55,-05 18 03.90,1,0.0,0.0
94,1147,787,,2022.0,99.0,7.33,4.6149982943955035,,,3.571,M0.5(H),0.0,-0.07,2.22,0.3,5.52,Simbad,05 35 25.56,-05 30 20.42,1,0.5107173843742902,0.04115710052451383
95,1148,788,,,99.0,7.61,6.404998294395504,,3.48,3.509,M4(H),1.46,-0.28,2.31,0.17,4.66,Simbad,05 35 25.58,-05 30 37.72,1,0.16615758148262658,0.04115710052451383
96,1149,782,,,99.0,2.31,6.094998294395504,,2.14,3.591,K8e(H),1.1,-0.41,1.36,0.54,6.3,Simbad,05 35 25.60,-05 23 09.12,2,0.20460220961608844,0.04115710052451383
97,1150,789,,,99.0,6.62,7.964998294395505,,4.16,3.518,"M3,M4,M5III(H)",3.72,-0.4,1.94,0.2,5.27,Simbad,05 35 25.61,-05 29 35.02,1,0.0,0.0
98,1151,779,,2006.0,95.0,13.75,4.404998294395504,,1.34,3.661,K0IV-V(Par)K0-K4(P)K0(GS),0.37,0.05,1.69,0.95,6.3,Simbad,05 35 25.63,-05 09 49.22,1,0.5762742988248476,0.04115710052451383
99,1152,786,,,89.0,4.04,5.8149982943955045,,2.39,3.571,M0(H)M1.0(P)M0(Eetal),1.31,-0.23,1.85,0.35,5.79,Simbad,05 35 25.63,-05 26 41.32,1,0.2532400162737963,0.04115710052451383
100,1153,780,,,97.0,15.61,4.8149982943955045,,,3.555,M1.5(H),0.0,-0.14,2.22,0.26,5.27,Simbad,05 35 25.75,-05 07 56.22,1,0.4572942522257717,0.04115710052451383
101,1154,792,,,99.0,3.38,5.554998294395505,,2.64,3.58,K8(H)M0.1(P),2.17,0.08,2.53,0.3,5.09,Simbad,05 35 25.90,-05 25 47.42,1,0.2992730738142913,0.04115710052451383
102,1155,785,,,98.0,14.94,6.414998294395504,,,,,,,,,,Simbad,05 35 25.95,-05 08 37.72,1,0.16573118449261148,0.04115710052451383
103,1156,791,,,99.0,3.13,6.334998294395504,,,,,,,,,,Simbad,05 35 25.95,-05 21 20.82,1,0.17048235691748292,0.04115710052451383
104,1157,793,,,99.0,4.07,6.544998294395505,,3.02,,,,,,,,Simbad,05 35 26.06,-05 20 05.92,1,0.15824045851244392,0.04115710052451383
105,1158,3069,,,,2.45,8.574998294395504,,,,,,,,,,Simbad,05 35 26.07,-05 22 56.66,2,0.0,0.0
106,1159,796,,,99.0,7.33,6.5649982943955045,,2.87,3.535,M2.5e(H),1.26,-0.5,1.6,0.26,5.91,Simbad,05 35 26.08,-05 30 17.72,1,0.1570253423894375,0.04115710052451383
107,1160,795,,2033.0,99.0,4.87,2.504998294395504,,1.19,3.744,G6(H)K1:(WSH)K0-K3(P)K0(Eetal)G3IV-V(Petal)G5IV(Ham),1.15,1.02,3.53,2.51,6.29,Simbad,05 35 26.10,-05 27 36.22,1,0.0,0.0
108,1161,3090,,,,3.11,6.9849982943955045,,2.34,3.509,M4(H),0.0,-0.87,1.17,0.16,6.13,Simbad,05 35 26.10,-05 25 20.04,1,0.1332141522635195,0.04115710052451383
109,1250,5071,,,,5.32,9.074998294395504,,,,,,,,,,Simbad,05 35 31.11,-05 19 31.74,1,0.0,0.0
110,1162,790,,2020.0,79.0,14.92,2.794998294395505,,1.06,3.719,G8(H)K2:(WSH)K0-K5.5(P)K2(Eetal)K1eIII-IV(W),0.49,0.73,2.83,2.04,6.18,Simbad,05 35 26.19,-05 08 39.72,1,0.0,0.0
111,1163,798,,,99.0,4.99,5.874998294395505,,2.34,3.518,M3.5(H),0.0,-0.47,1.79,0.2,5.56,Simbad,05 35 26.20,-05 27 43.52,1,0.24303984908647883,0.04115710052451383
112,1164,794,,2021.0,0.0,8.55,2.7749982943955036,,0.81,3.722,G9IV-V(Petal),0.0,0.62,2.46,1.93,6.34,Simbad,05 35 26.23,-05 15 11.01,1,0.0,0.0
113,1165,799,,2032.0,99.0,3.36,2.5249982943955036,,1.36,3.753,"G5(Par)G0III(HB)G-K:(GS)K1,M3(Sam)",1.7,1.16,3.95,2.68,6.3,Simbad,05 35 26.24,-05 25 39.72,1,0.0,0.0
114,1166,800,,,99.0,2.5,8.164998294395504,,1.82,3.652,K4-K5(H),1.45,-1.19,0.42,,,Simbad,05 35 26.31,-05 23 01.92,1,0.0,0.0
115,1167,2031,,2031.0,99.0,2.97,-1.6750017056044957,,0.0,4.383,B1(WSH)B2-B5(H)B1V(Par)B0.5V(LA)B1V(vA)B1V(J)B1(S)B2(T),0.73,3.96,5.44,11.96,,Simbad,05 35 26.32,-05 25 00.31,2,0.0,0.0
116,1168,3021,,,,7.59,8.504998294395504,,,,,,,,,,Simbad,05 35 26.32,-05 16 12.00,1,0.0,0.0
117,1169,3096,,,99.0,3.28,7.844998294395504,,1.61,,,,,,,,Simbad,05 35 26.33,-05 25 31.11,1,0.0,0.0
118,1170,802,,,99.0,7.33,6.844998294395504,,3.64,,,,,,,,Simbad,05 35 26.35,-05 30 16.12,1,0.14096158634361733,0.04115710052451383
119,1171,797,,,98.0,5.98,8.214998294395505,,,,,,,,,,Simbad,05 35 26.38,-05 17 56.32,1,0.0,0.0
120,1172,801,,,99.0,6.04,7.754998294395504,,,,,,,,,,Simbad,05 35 26.46,-05 17 53.02,1,0.0,0.0
121,1173,3027,,,,7.11,6.9449982943955035,,,,,,,,,,Simbad,05 35 26.65,-05 16 44.66,1,0.1352838432726335,0.04115710052451383
122,1174,803,,2029.0,70.0,12.53,2.254998294395504,,1.92,3.757,G3:IV-V(Petal),3.18,1.63,6.69,3.71,,Simbad,05 35 26.75,-05 11 07.12,1,0.0,0.0
123,1175,806,,,0.0,2.97,7.104998294395504,,,3.46,M6.5(H),0.0,-0.56,2.1,0.11,4.39,Simbad,05 35 26.83,-05 24 47.82,1,0.1265411590393429,0.04115710052451383
124,1176,807,,,99.0,2.68,7.2349982943955045,,,3.471,M6(H),0.0,-0.71,1.68,0.11,4.71,Simbad,05 35 26.85,-05 24 00.32,1,0.11989396494897386,0.04115710052451383
125,1177,804,,2030.0,0.0,10.47,2.964998294395505,,0.76,3.757,G3IV-V(Petal),0.2,0.62,2.09,1.65,6.81,Simbad,05 35 26.88,-05 13 14.00,1,1.2488881351185321,0.04115710052451383
126,1178,805,,,99.0,8.07,7.134998294395505,,,,,,,,,,Simbad,05 35 26.94,-05 15 44.62,1,0.12524722044199446,0.04115710052451383
127,1179,809,,,99.0,8.62,8.294998294395503,,2.22,,cont(H),,,,,,Simbad,05 35 27.02,-05 31 34.92,1,0.0,0.0
128,1180,812,,,99.0,7.52,5.954998294395503,,3.41,,,,,,,,Simbad,05 35 27.11,-05 30 24.42,1,0.22909264469661786,0.04115710052451383
129,1181,810,,,99.0,2.7,5.524998294395504,,2.67,3.661,K4(Sam),3.78,0.44,2.63,0.82,5.68,Simbad,05 35 27.19,-05 23 36.32,1,0.3047046903109209,0.04115710052451383
130,1182,813,,2047.0,99.0,4.12,4.284998294395503,,1.75,3.58,K8(H)M0.1(P)M0(Eetal)K5IV(Ham),0.0,0.05,2.46,0.31,5.22,Simbad,05 35 27.33,-05 26 27.82,1,0.6145078678004886,0.04115710052451383
131,1183,811,a,,99.0,6.79,5.294998294395505,,2.56,3.58,M0(H),1.97,0.13,2.69,0.29,4.89,Simbad,05 35 27.35,-05 17 09.62,1,0.35005738508895384,0.04115710052451383
132,1184,808,,,99.0,13.92,6.204998294395503,,3.7,,,,,,,,Simbad,05 35 27.36,-05 09 43.92,1,0.18845194657974051,0.04115710052451383
133,1185,811,b,,,6.76,,,,,,,,,,,Simbad,05 35 27.37,-05 17 11.44,1,0.0,0.0
134,1186,814,,,,5.88,9.014998294395506,,,,,,,,,,Simbad,05 35 27.39,-05 28 34.67,1,0.0,0.0
135,1187,815,,,99.0,4.89,5.684998294395504,,2.69,3.526,M3(H)M3.2(P),0.37,-0.34,2.01,0.22,5.25,Simbad,05 35 27.39,-05 27 25.52,1,0.2763591704060692,0.04115710052451383
136,1188,818,,2048.0,98.0,12.26,4.044998294395505,,1.82,3.591,K8V(D),0.27,0.2,2.78,0.32,4.93,Simbad,05 35 27.43,-05 35 19.42,1,0.6951715423272393,0.04115710052451383
137,1189,5013,,,,9.84,8.874998294395505,,,,,,,,,,Simbad,05 35 27.43,-05 13 55.94,1,0.0,0.0
138,1190,817,,,99.0,5.83,5.664998294395504,,3.04,3.5,M4.5(P),0.0,-0.3,2.37,0.15,4.49,Simbad,05 35 27.45,-05 28 30.62,1,0.27993262693911086,0.04115710052451383
139,1191,3119,,,,6.15,8.744998294395502,,,,,,,,,,Simbad,05 35 27.61,-05 28 51.12,1,0.0,0.0
140,1192,816,,,99.0,6.0,7.144998294395505,,3.46,3.562,M1(H),3.8,-0.14,2.13,0.29,5.55,Simbad,05 35 27.62,-05 18 04.52,1,0.1246052212894167,0.04115710052451383
141,1193,3077,,,,2.82,7.914998294395504,,,,,,,,,,Simbad,05 35 27.68,-05 23 32.44,2,0.0,0.0
142,1194,823,,,99.0,5.45,5.794998294395505,,3.28,3.494,M5(H),0.0,-0.31,2.4,0.15,4.39,Simbad,05 35 27.78,-05 28 01.72,1,0.25717449752765703,0.04115710052451383
143,1195,819,,,99.0,7.03,5.074998294395504,,2.85,3.518,M3.5(H),0.36,-0.06,2.86,0.14,4.04,Simbad,05 35 27.82,-05 16 57.02,1,0.39296692495438396,0.04115710052451383
144,1196,824,,,99.0,6.77,7.784998294395503,,1.99,,Ke(H),,,,,,Simbad,05 35 27.87,-05 29 30.72,2,0.0,0.0
145,1197,821,,,99.0,6.69,6.074998294395504,,3.16,3.509,M4(H),0.64,-0.35,2.13,0.17,4.89,Simbad,05 35 27.93,-05 17 20.02,1,0.2077810261794337,0.04115710052451383
146,1198,825,,,99.0,2.91,7.664998294395504,,,3.526,M3e(H),0.0,-1.22,0.73,0.2,6.62,Simbad,05 35 28.02,-05 23 06.22,1,0.0,0.0
147,1199,820,,2045.0,98.0,13.47,4.9449982943955035,,2.7,3.544,M2e(H),1.21,0.12,3.13,0.2,4.27,Simbad,05 35 28.04,-05 10 13.52,1,0.42445713125808243,0.04115710052451383
148,1200,822,,,99.0,12.11,7.654998294395504,,3.72,3.544,M2(H),3.82,-0.33,1.87,0.27,5.73,Simbad,05 35 28.06,-05 11 37.32,1,0.0,0.0
149,1201,5035,,,,8.08,9.084998294395506,,,,,,,,,,Simbad,05 35 28.07,-05 15 50.58,1,0.0,0.0
150,1202,826,,2046.0,91.0,3.33,5.894998294395505,,1.38,3.602,K6-K8e(H),0.0,-0.6,1.05,0.73,6.87,Simbad,05 35 28.10,-05 24 57.82,1,0.239321612094224,0.04115710052451383
151,1203,832,,,99.0,14.26,7.514998294395504,,3.56,,,,,,,,Simbad,05 35 28.21,-05 37 19.82,1,0.10571019090988754,0.04115710052451383
152,1204,827,,,98.0,6.22,8.254998294395504,,2.2,3.562,M1(H),0.57,-1.38,0.51,0.41,7.5,Simbad,05 35 28.24,-05 17 54.22,1,0.0,0.0
153,1205,828,,,99.0,5.81,5.8149982943955045,,2.87,3.509,M4(H),0.0,-0.41,2.01,0.18,5.05,Simbad,05 35 28.24,-05 18 22.82,1,0.2532400162737963,0.04115710052451383
154,1206,830,,,99.0,3.4,4.914998294395504,,2.36,3.555,M1.5(H)M4(Eetal),0.75,0.01,2.61,0.25,4.8,Simbad,05 35 28.26,-05 25 03.12,1,0.43216075900804857,0.04115710052451383
155,1207,829,,,99.0,5.26,7.434998294395504,,3.72,3.526,M3(H),3.01,-0.39,1.89,0.22,5.45,Simbad,05 35 28.30,-05 19 01.92,1,0.10986409312994998,0.04115710052451383
156,1208,831,,2058.0,99.0,4.19,1.3849982943955048,,0.0,3.993,A0(WSH)A0(Par)B9.5V(LA)A0V(vA)A0V(J)A0V(M)A0n(T),0.0,1.54,2.04,2.4,6.72,Simbad,05 35 28.32,-05 26 19.82,1,0.0,0.0
157,1209,833,,,93.0,8.61,8.344998294395504,,2.9,,G:(H),,,,,,Simbad,05 35 28.49,-05 31 26.12,1,0.0,0.0
158,1210,834,,,99.0,7.72,4.904998294395504,,2.24,,,,,,,,Simbad,05 35 28.82,-05 16 18.22,1,0.434387365872428,0.04115710052451383
159,1211,835,,,99.0,12.14,5.974998294395505,,2.52,3.526,M3(H),0.0,-0.54,1.59,0.23,5.92,Simbad,05 35 28.82,-05 35 06.62,1,0.22558778428230222,0.04115710052451383
160,1212,836,,,99.0,6.59,5.344998294395504,,2.2,3.58,M0(H),1.04,-0.11,2.03,0.35,5.71,Simbad,05 35 28.99,-05 29 10.02,1,0.3403016366043042,0.04115710052451383
161,1213,838,,,99.0,4.0,5.454998294395503,,2.94,3.509,M4(H),0.08,-0.24,2.42,0.16,4.52,Simbad,05 35 29.23,-05 25 46.02,1,0.3183097292121724,0.04115710052451383
162,1214,837,,,99.0,7.55,5.214998294395505,,2.21,3.58,M0(H)M1(Eetal),1.07,-0.06,2.17,0.34,5.61,Simbad,05 35 29.34,-05 16 33.22,1,0.36568741801344173,0.04115710052451383
163,1215,3042,,,,5.64,7.974998294395503,,3.62,,,,,,,,Simbad,05 35 29.37,-05 18 45.31,1,0.0,0.0
164,1216,3097,,,,3.94,7.964998294395505,,,,,,,,,,Simbad,05 35 29.40,-05 25 36.86,1,0.0,0.0
165,1217,839,,,99.0,3.62,5.414998294395504,,3.7,3.562,M1(H),4.42,0.7,5.62,0.15,2.97,Simbad,05 35 29.47,-05 24 56.62,1,0.3265947444687076,0.04115710052451383
166,1218,843,,,98.0,8.49,5.684998294395504,,2.45,3.544,M2(H),0.57,-0.33,1.86,0.27,5.74,Simbad,05 35 29.57,-05 31 11.92,1,0.2763591704060692,0.04115710052451383
167,1219,3129,,,,7.76,8.844998294395504,,2.64,,,,,,,,Simbad,05 35 29.59,-05 30 24.32,1,0.0,0.0
168,1220,3019,,,,8.0,5.804998294395505,,3.4,,,,,,,,Simbad,05 35 29.73,-05 16 05.98,1,0.25519967464538285,0.04115710052451383
169,1221,844,,,99.0,3.38,5.9849982943955045,,2.8,3.555,M1.5(H),1.88,-0.15,2.19,0.27,5.3,Simbad,05 35 29.74,-05 23 55.22,1,0.22385551330425044,0.04115710052451383
170,1222,847,,2069.0,97.0,10.08,2.754998294395504,,1.25,3.679,K3(WSH)G8(S),0.41,0.72,3.35,1.09,5.56,Simbad,05 35 29.74,-05 32 53.12,1,0.0,0.0
171,1223,845,,,99.0,3.36,6.034998294395503,,2.32,3.544,M2e(H),0.23,-0.55,1.44,0.3,6.02,Simbad,05 35 29.75,-05 23 48.12,1,0.2148389143673849,0.04115710052451383
172,1224,840,,,99.0,11.69,6.224998294395505,,2.98,3.494,M5(H),0.0,-0.48,1.97,0.14,4.82,Simbad,05 35 29.78,-05 12 10.22,1,0.1855688432464024,0.04115710052451383
173,1225,841,,,99.0,11.43,6.324998294395504,,3.25,3.509,M4e(H),0.87,-0.4,2.03,0.18,5.02,Simbad,05 35 29.87,-05 12 27.32,1,0.172243623163584,0.04115710052451383
174,1226,842,,,99.0,14.62,7.624998294395505,,4.08,3.483,M5.6(P),1.29,-0.65,1.7,0.12,4.84,Simbad,05 35 29.99,-05 09 09.22,1,0.10015724543631623,0.04115710052451383
175,1227,846,,,99.0,9.69,7.9949982943955025,,4.13,3.5,M4.5(H),2.58,-0.6,1.67,0.15,5.26,Simbad,05 35 30.03,-05 14 18.42,1,0.0,0.0
176,1228,848,,,99.0,4.24,5.714998294395505,,2.73,3.518,M3.5(H),0.05,-0.4,1.95,0.2,5.26,Simbad,05 35 30.17,-05 25 51.32,1,0.2707362800532897,0.04115710052451383
177,1229,5012,,,,10.11,8.704998294395503,,,,,,,,,,Simbad,05 35 30.19,-05 13 52.21,1,0.0,0.0
178,1230,849,,,99.0,5.47,6.3649982943955035,,2.55,3.526,M3(H),0.01,-0.7,1.33,0.23,6.09,Simbad,05 35 30.23,-05 27 36.72,1,0.16873910038769335,0.04115710052451383
179,1231,850,,2077.0,99.0,4.15,5.324998294395504,,2.14,3.591,K8e(H),1.1,-0.11,1.94,0.4,5.76,Simbad,05 35 30.31,-05 25 38.32,1,0.34381731879500865,0.04115710052451383
180,1232,853,,,99.0,5.94,7.954998294395503,,3.13,3.518,M3.5(H),1.08,-1.04,0.93,0.18,6.33,Simbad,05 35 30.34,-05 28 11.02,1,0.0,0.0
181,1233,856,,,99.0,11.79,5.994998294395504,,3.15,,,,,,,,Simbad,05 35 30.34,-05 34 38.42,1,0.22213654429975602,0.04115710052451383
182,1234,852,,2076.0,99.0,3.63,4.394998294395505,,1.89,,,,,,,,Simbad,05 35 30.37,-05 24 22.82,1,0.5792434168735897,0.04115710052451383
183,1235,855,,,99.0,6.21,5.964998294395505,,2.34,3.544,M2.5(H)M1.8(P),0.28,-0.51,1.51,0.3,5.97,Simbad,05 35 30.39,-05 28 30.22,1,0.2273334601691593,0.04115710052451383
184,1236,5051,,,,7.06,8.944998294395505,,,,,,,,,,Simbad,05 35 30.44,-05 17 14.95,1,0.0,0.0
185,1237,858,,,0.0,9.24,7.514998294395504,,2.43,,,,,,,,Simbad,05 35 30.46,-05 31 55.52,1,0.10571019090988754,0.04115710052451383
186,1238,851,,,99.0,8.84,7.604998294395504,,,,,,,,,,Simbad,05 35 30.52,-05 15 16.12,1,0.10119197758619393,0.04115710052451383
187,1239,860,,,99.0,5.26,5.844998294395504,,2.91,3.518,M3.5(H)M3.7(P)M4:(Eetal),0.51,-0.33,2.09,0.2,5.1,Simbad,05 35 30.56,-05 27 16.42,1,0.24808751548161567,0.04115710052451383
188,1240,857,,,99.0,3.97,7.394998294395505,,,3.526,M3(H),0.0,-1.11,0.83,0.21,6.49,Simbad,05 35 30.57,-05 25 10.82,1,0.11185805674661059,0.04115710052451383
189,1241,854,,,99.0,6.34,6.684998294395504,,2.86,,,,,,,,Simbad,05 35 30.59,-05 18 06.92,1,0.15031384193678674,0.04115710052451383
190,1242,859,,,99.0,3.73,6.894998294395505,,,3.494,M5(H),0.0,-0.75,1.44,0.14,5.37,Simbad,05 35 30.61,-05 24 30.92,1,0.13844882791842278,0.04115710052451383
191,1243,863,,,99.0,8.06,5.954998294395503,,2.62,3.518,M3.5(H),0.0,-0.5,1.72,0.21,5.75,Simbad,05 35 30.70,-05 30 35.82,1,0.22909264469661786,0.04115710052451383
192,1244,861,,,99.0,6.22,5.304998294395505,,3.0,,,,,,,,Simbad,05 35 30.79,-05 18 17.82,1,0.3482630415195907,0.04115710052451383
193,1245,3092,,,,4.13,6.184998294395504,,1.97,,,,,,,,Simbad,05 35 30.83,-05 25 23.19,1,0.19137984344999617,0.04115710052451383
194,1246,865,,,99.0,4.31,6.254998294395504,,3.6,3.494,M5(H),0.83,-0.29,2.45,0.15,4.35,Simbad,05 35 30.85,-05 25 43.72,1,0.1817932013636544,0.04115710052451383
195,1247,862,,,99.0,5.88,7.374998294395505,,3.8,3.471,M6e(H),0.0,-0.77,1.57,0.11,4.77,Simbad,05 35 30.91,-05 18 45.02,1,0.11272365287378783,0.04115710052451383
196,1248,3061,,,,3.87,8.744998294395502,,,,,,,,,,Simbad,05 35 30.91,-05 22 00.91,1,0.0,0.0
197,1249,864,,,99.0,11.51,6.3649982943955035,,2.46,3.526,M3(H),0.0,-0.7,1.33,0.23,6.09,Simbad,05 35 31.09,-05 12 27.82,1,0.16873910038769335,0.04115710052451383
198,1251,868,,,99.0,3.69,5.104998294395504,,1.96,3.661,K3-K5(H),1.96,0.16,1.91,0.91,6.11,Simbad,05 35 31.13,-05 23 39.72,1,0.3869549719245,0.04115710052451383
199,1252,867,,2075.0,99.0,5.78,4.104998294395504,,1.93,3.591,K8Ve(D)M1:(B),0.56,0.25,2.93,0.3,4.75,Simbad,05 35 31.15,-05 18 55.72,1,0.6757978081638902,0.04115710052451383
200,1253,866,,2073.0,98.0,8.65,3.7349982943955045,,2.13,3.708,K1IV(Ham),3.09,0.99,3.98,1.95,5.7,Simbad,05 35 31.18,-05 15 32.92,1,0.8257700982479599,0.04115710052451383
201,1254,5126,,,,5.7,9.544998294395503,,,,,,,,,,Simbad,05 35 31.20,-05 27 43.00,1,0.0,0.0
202,1255,869,,,99.0,4.83,7.974998294395503,,4.31,3.555,M1.5(H),5.75,0.0,2.6,0.25,4.81,Simbad,05 35 31.27,-05 20 17.02,1,0.0,0.0
203,1256,873,,2086.0,76.0,10.45,1.2049982943955033,,0.57,3.806,"F5(WSH)A8(Par)F6(S)F2III-IV(vA)F4-8III,V(J)A8(T)",0.25,1.4,4.09,2.66,6.44,Simbad,05 35 31.28,-05 33 08.62,1,0.0,0.0
204,1257,2074,,2074.0,99.0,8.23,-1.7750017056044962,,0.53,4.383,B2(WSH)B0-B2(H)B1V(Par)B0.5V(LA)B1V(vA)B1V(J)B1(S)B1.5(T),2.09,4.33,8.34,16.31,,Simbad,05 35 31.28,-05 16 02.28,2,0.0,0.0
205,1258,872,,,99.0,6.15,7.094998294395504,,3.24,3.494,M5(H),0.0,-0.83,1.32,0.13,5.56,Simbad,05 35 31.30,-05 28 16.12,1,0.12719313265673068,0.04115710052451383
206,1259,2085,,2085.0,99.0,4.19,-0.055001705604496465,,0.21,4.14,B5(WSH)B5(Par)B5V(LA)B4V(vA)B3-4V(J)B5V(S)B6n(T),0.92,2.79,4.34,4.86,,Simbad,05 35 31.35,-05 25 15.92,2,0.0,0.0
207,1260,870,,,,7.74,7.094998294395504,,2.47,,,,,,,,Simbad,05 35 31.44,-05 16 36.52,1,0.12719313265673068,0.04115710052451383
208,1261,3010,,,,8.83,7.084998294395504,,2.01,,,,,,,,Simbad,05 35 31.46,-05 15 23.23,1,0.12784846541513625,0.04115710052451383
209,1262,871,,,99.0,7.44,7.334998294395504,,,,,,,,,,Simbad,05 35 31.51,-05 16 58.02,1,0.11476951568632249,0.04115710052451383
210,1263,3011,,,,8.84,,,,,,,,,,,Simbad,05 35 31.55,-05 15 23.22,1,0.0,0.0
211,1264,878,,,99.0,7.69,6.354998294395504,,3.74,3.471,M6(H),0.0,-0.36,2.51,0.14,4.32,Simbad,05 35 31.58,-05 30 03.82,1,0.16917323621266467,0.04115710052451383
212,1265,875,,,99.0,7.72,7.794998294395505,,,,,,,,,,Simbad,05 35 31.64,-05 16 39.82,1,0.0,0.0
213,1266,874,,,81.0,9.32,6.404998294395504,,,,,,,,,,Simbad,05 35 31.66,-05 14 52.22,1,0.16615758148262658,0.04115710052451383
214,1267,880,,,99.0,7.27,6.084998294395504,,2.74,3.509,M4(H),0.0,-0.51,1.77,0.18,5.31,Simbad,05 35 31.69,-05 29 33.72,1,0.2061854919062213,0.04115710052451383
215,1268,876,,2084.0,13.0,14.44,2.8149982943955045,,1.64,3.661,K3(WSH)K6(CK)K4-M0eIV(W),1.13,0.88,4.36,0.84,5.19,Simbad,05 35 31.84,-05 09 27.62,1,0.0,0.0
216,1269,5156,,,,9.25,8.934998294395504,,,,,,,,,,Simbad,05 35 31.84,-05 31 47.30,1,0.0,0.0
217,1270,877,,,98.0,8.33,5.434998294395504,,,,,,,,,,Simbad,05 35 31.85,-05 15 59.52,1,0.3224256265775923,0.04115710052451383
218,1271,879,,,0.0,8.04,6.3149982943955045,,2.29,,<=M1(H),,,,,,Simbad,05 35 31.90,-05 16 19.74,1,0.17357650357897603,0.04115710052451383
219,1272,881,,,99.0,12.07,6.774998294395504,,3.35,,,,,,,,Simbad,05 35 32.06,-05 11 57.72,1,0.14500266529959244,0.04115710052451383
220,1274,886,,,99.0,6.73,5.924998294395504,,3.38,,,,,,,,Simbad,05 35 32.06,-05 28 51.12,1,0.2344522995185676,0.04115710052451383
221,1275,5043,,,,7.98,8.734998294395504,,,,,,,,,,Simbad,05 35 32.21,-05 16 26.53,1,0.0,0.0
222,1276,883,,,99.0,6.57,5.174998294395504,,2.62,,,,,,,,Simbad,05 35 32.22,-05 18 07.72,1,0.37328233752136986,0.04115710052451383
223,1277,887,,2100.0,97.0,8.75,2.214998294395505,,1.42,3.771,<K0(WSH)F9IV-V(M)G9:e:IV-V(Petal)M1(B),2.06,1.39,4.75,2.97,6.32,Simbad,05 35 32.28,-05 31 10.82,1,0.0,0.0
224,1278,884,,,99.0,9.81,6.824998294395504,,3.44,,,,,,,,Simbad,05 35 32.30,-05 14 24.52,1,0.14241787125492958,0.04115710052451383
225,1279,885,,,,9.17,8.244998294395502,,1.54,,,,,,,,Simbad,05 35 32.32,-05 15 06.52,1,0.0,0.0
226,1280,889,,2098.0,0.0,6.92,5.254998294395504,,1.09,,,,,,,,Simbad,05 35 32.40,-05 29 01.72,1,0.3582470271197387,0.04115710052451383
227,1281,890,,2097.0,99.0,4.88,4.934998294395504,,2.11,3.555,M1.5(H),0.11,-0.16,2.16,0.27,5.36,Simbad,05 35 32.41,-05 26 10.12,1,0.42664404698884734,0.04115710052451383
228,1282,3014,,,,8.54,8.004998294395504,,,,,,,,,,Simbad,05 35 32.55,-05 15 51.00,1,0.0,0.0
229,1284,891,,,99.0,7.04,7.754998294395504,,3.11,3.555,M0-M3(H),2.67,-0.66,1.21,0.37,6.29,Simbad,05 35 32.69,-05 17 38.22,1,0.0,0.0
230,1285,5060,,,,6.49,9.484998294395504,,,,,,,,,,Simbad,05 35 32.74,-05 18 19.53,1,0.0,0.0
231,1286,895,,2099.0,99.0,8.08,5.704998294395503,,2.05,,,,,,,,Simbad,05 35 32.77,-05 30 21.02,1,0.27283133053348313,0.04115710052451383
232,1287,892,,,99.0,8.36,5.904998294395504,,2.22,3.623,late-K:(H),2.0,-0.13,1.63,0.65,6.14,Simbad,05 35 32.80,-05 16 05.02,1,0.23748388012495833,0.04115710052451383
233,1288,894,,,99.0,7.14,6.5649982943955045,,3.3,,,,,,,,Simbad,05 35 33.00,-05 17 33.82,1,0.1570253423894375,0.04115710052451383
234,1289,893,,,99.0,10.1,5.9849982943955045,,2.94,,,,,,,,Simbad,05 35 33.05,-05 14 10.42,1,0.22385551330425044,0.04115710052451383
235,1290,3018,,,,8.4,6.254998294395504,,,,,,,,,,Simbad,05 35 33.11,-05 16 05.09,1,0.1817932013636544,0.04115710052451383
236,1291,5076,,,,5.4,9.044998294395503,,3.62,3.591,K7-M0(H),4.89,-0.67,1.02,0.66,6.87,Simbad,05 35 33.15,-05 19 57.46,1,0.0,0.0
237,1292,896,,,99.0,9.06,7.634998294395505,,,,,,,,,,Simbad,05 35 33.47,-05 15 23.12,1,0.0,0.0
238,1293,898,,,99.0,6.94,5.994998294395504,,3.3,3.494,M5(H),0.06,-0.38,2.22,0.15,4.56,Simbad,05 35 33.52,-05 28 50.32,1,0.22213654429975602,0.04115710052451383
239,1294,899,,,44.0,10.02,6.464998294395505,,2.18,,,,,,,,Simbad,05 35 33.71,-05 32 25.12,1,0.16277688721947972,0.04115710052451383
240,1295,897,,,95.0,7.56,9.264998294395506,,,,,,,,,,Simbad,05 35 33.72,-05 17 10.82,1,0.0,0.0
241,1296,900,,,99.0,15.6,6.534998294395503,,2.78,3.518,M3.5(H),0.18,-0.69,1.39,0.2,6.05,Simbad,05 35 33.79,-05 38 21.22,1,0.15905575532920044,0.04115710052451383
242,1297,901,,,99.0,5.91,5.404998294395504,,2.75,,,,,,,,Simbad,05 35 34.11,-05 27 18.02,1,0.3282774472239819,0.04115710052451383
243,1298,904,,,99.0,10.93,8.684998294395504,,3.76,3.562,M1(H),4.57,-0.57,1.3,0.4,6.24,Simbad,05 35 34.20,-05 33 21.32,1,0.0,0.0
244,1299,902,,,84.0,5.74,7.2349982943955045,,,,,,,,,,Simbad,05 35 34.26,-05 26 59.32,1,0.11989396494897386,0.04115710052451383
245,1301,3002,,,,11.19,7.784998294395503,,3.32,,,,,,,,Simbad,05 35 34.41,-05 13 07.60,1,0.0,0.0
246,1302,903,,,99.0,8.76,7.504998294395504,,,,,,,,,,Simbad,05 35 34.50,-05 15 52.62,1,0.10625483785389762,0.04115710052451383
247,1303,905,,,99.0,5.96,8.244998294395502,,,,,,,,,,Simbad,05 35 34.54,-05 27 14.82,1,0.0,0.0
248,1304,906,,,99.0,12.14,6.084998294395504,,2.45,3.526,M3(H),0.0,-0.58,1.51,0.23,5.98,Simbad,05 35 34.61,-05 34 38.02,1,0.2061854919062213,0.04115710052451383
249,1305,907,,2112.0,99.0,7.45,4.684998294395504,,1.6,3.679,K1-K4(H),1.31,0.17,1.78,1.14,6.34,Simbad,05 35 34.81,-05 29 14.02,1,0.49140743499649364,0.04115710052451383
250,1306,910,,,99.0,6.49,7.804998294395505,,3.52,3.535,M2.5(H),2.92,-0.59,1.45,0.27,6.02,Simbad,05 35 35.01,-05 27 54.42,1,0.0,0.0
251,1307,909,,,,5.06,6.3649982943955035,,2.74,,,,,,,,Simbad,05 35 35.03,-05 21 23.32,1,0.16873910038769335,0.04115710052451383
252,1308,913,,,98.0,11.43,8.874998294395505,,1.59,3.679,K1-K5e(H),1.28,-1.52,0.26,,,Simbad,05 35 35.05,-05 33 49.02,1,0.0,0.0
253,1309,3159,,,,12.56,8.724998294395503,,2.87,,K:(H),,,,,,Simbad,05 35 35.08,-05 35 02.18,1,0.0,0.0
254,1310,912,,,99.0,5.86,5.824998294395504,,2.54,3.526,M3(H),0.0,-0.48,1.7,0.23,5.83,Simbad,05 35 35.11,-05 26 54.72,1,0.25194194454595426,0.04115710052451383
255,1311,911,,2111.0,99.0,5.07,4.604998294395504,,1.62,3.661,K4(CK),1.08,0.15,1.88,0.91,6.13,Simbad,05 35 35.17,-05 21 26.92,1,0.5146694912037327,0.04115710052451383
256,1312,908,,,99.0,13.07,6.284998294395503,,3.05,3.5,M4.5(H),0.0,-0.55,1.78,0.15,5.14,Simbad,05 35 35.23,-05 11 11.22,1,0.17763735042814585,0.04115710052451383
257,1313,914,,,99.0,9.02,5.094998294395504,,2.09,3.555,M1-M2(H)M3(Eetal),0.06,-0.23,1.98,0.28,5.7,Simbad,05 35 35.49,-05 15 43.12,1,0.38894866658264177,0.04115710052451383
258,1314,916,,,99.0,7.85,6.414998294395504,,3.0,,,,,,,,Simbad,05 35 35.52,-05 29 36.22,1,0.16573118449261148,0.04115710052451383
259,1315,918,,,97.0,16.48,7.014998294395504,,2.41,,,,,,,,Simbad,05 35 35.55,-05 39 09.02,2,0.13151361814606122,0.04115710052451383
260,1316,5085,,,,5.57,9.064998294395503,,,,,,,,,,Simbad,05 35 35.60,-05 20 32.89,1,0.0,0.0
261,1317,915,,2118.0,85.0,12.04,1.7149982943955049,,0.08,3.993,A1(WSH)B9(Par)A0Vn(?)A0:V+shell(LA)A0V(J)A0(S),0.15,1.45,1.82,2.32,6.9,Simbad,05 35 35.67,-05 12 20.32,1,0.0,0.0
262,1318,5086,,,,5.61,9.514998294395506,,2.5,,early-K(H),,,,,,Simbad,05 35 35.83,-05 20 33.67,1,0.0,0.0
263,1319,917,,2119.0,99.0,11.99,4.914998294395504,,,3.695,G6-K2e(H),0.0,-0.24,1.03,1.0,7.21,Simbad,05 35 35.89,-05 12 25.02,1,0.43216075900804857,0.04115710052451383
264,1320,919,,,97.0,16.1,6.354998294395504,,2.93,3.526,M3(H),0.98,-0.45,1.76,0.23,5.75,Simbad,05 35 35.90,-05 38 43.42,1,0.16917323621266467,0.04115710052451383
265,1322,5083,,,,5.79,9.364998294395503,,,,,,,,,,Simbad,05 35 36.12,-05 20 20.13,1,0.0,0.0
266,1323,922,,,93.0,10.75,8.594998294395504,,3.6,3.555,M1.5(H),3.93,-0.69,1.17,0.37,6.33,Simbad,05 35 36.25,-05 32 54.52,1,0.0,0.0
267,1324,921,,2122.0,99.0,9.63,6.2349982943955045,,2.79,,,,,,,,Simbad,05 35 36.26,-05 31 37.52,1,0.18414387459125522,0.04115710052451383
268,1325,923,,2123.0,98.0,11.9,5.074998294395504,,2.12,3.562,M1(H),0.37,-0.15,2.11,0.29,5.59,Simbad,05 35 36.36,-05 34 11.02,1,0.39296692495438396,0.04115710052451383
269,1326,3049,,,,5.95,8.404998294395503,,,,,,,,,,Simbad,05 35 36.41,-05 20 09.04,1,0.0,0.0
270,1327,924,,,99.0,12.03,8.544998294395503,,1.96,,K:(H),,,,,,Simbad,05 35 36.45,-05 34 19.12,1,0.0,0.0
271,1328,5067,,,,6.78,8.904998294395503,,,,,,,,,,Simbad,05 35 36.57,-05 18 50.77,1,0.0,0.0
272,1329,920,,,99.0,14.3,6.9449982943955035,,2.55,,,,,,,,Simbad,05 35 36.61,-05 10 00.12,1,0.1352838432726335,0.04115710052451383
273,1330,926,,2134.0,96.0,15.19,4.664998294395504,,1.93,3.602,K7(H),0.88,0.11,2.37,0.4,5.57,Simbad,05 35 36.64,-05 37 41.92,1,0.4964842027277221,0.04115710052451383
274,1331,927,,,99.0,15.28,5.874998294395505,,2.29,3.509,M4(H),0.0,-0.43,1.95,0.18,5.1,Simbad,05 35 36.73,-05 37 46.92,1,0.24303984908647883,0.04115710052451383
275,1332,925,,,93.0,13.88,5.834998294395504,,2.45,,,,,,,,Simbad,05 35 37.05,-05 10 29.32,1,0.25000730202938626,0.04115710052451383
276,1334,930,,,99.0,6.55,5.994998294395504,,2.56,3.623,K5-K7(H),2.87,0.04,2.0,0.57,5.82,Simbad,05 35 37.47,-05 27 16.12,1,0.22213654429975602,0.04115710052451383
277,1335,929,,,99.0,6.41,7.774998294395504,,3.82,3.483,M5.5(H),0.62,-0.88,1.32,0.11,5.25,Simbad,05 35 37.49,-05 19 44.02,1,0.0,0.0
278,1336,933,,,98.0,7.33,5.5649982943955045,,2.48,3.509,M4(H),0.0,-0.31,2.25,0.17,4.73,Simbad,05 35 37.93,-05 28 21.12,1,0.2977390432857088,0.04115710052451383
279,1337,931,,,,7.49,7.684998294395504,,3.04,,,,,,,,Simbad,05 35 37.99,-05 18 10.82,1,0.0,0.0
280,1338,934,,,99.0,7.48,7.674998294395504,,2.81,3.526,M3e(H),0.67,-1.06,0.88,0.21,6.44,Simbad,05 35 38.02,-05 28 33.22,1,0.0,0.0
281,1339,932,,,94.0,10.56,5.154998294395504,,2.86,3.522,M3-3.5(H),0.6,-0.05,2.84,0.17,4.27,Simbad,05 35 38.09,-05 14 18.72,1,0.37713874585141377,0.04115710052451383
282,1340,936,,,99.0,7.54,6.724998294395505,,2.98,3.518,M3.5(H),0.69,-0.64,1.47,0.2,6.02,Simbad,05 35 38.24,-05 28 34.32,1,0.14801420881226798,0.04115710052451383
283,1341,939,,,99.0,6.96,8.264998294395506,,2.56,3.5,M4.5(H),0.0,-1.34,0.72,0.12,6.43,Simbad,05 35 38.49,-05 27 36.62,1,0.0,0.0
284,1342,935,,,99.0,14.53,7.204998294395503,,4.03,,,,,,,,Simbad,05 35 38.51,-05 09 56.32,1,0.12144425138126287,0.04115710052451383
285,1343,937,,,99.0,8.46,7.514998294395504,,3.68,3.471,M6(H),0.0,-0.83,1.47,0.1,4.84,Simbad,05 35 38.60,-05 16 59.02,1,0.10571019090988754,0.04115710052451383
286,1344,938,,2144.0,99.0,12.05,4.504998294395504,,2.7,3.695,K2(H),4.36,0.99,4.23,1.55,5.5,Simbad,05 35 38.74,-05 12 41.72,1,0.5460026690827088,0.04115710052451383
287,1345,943,,,32.0,14.32,7.524998294395504,,3.75,3.494,M5(H),1.21,-0.71,1.52,0.14,5.29,Simbad,05 35 38.83,-05 36 33.32,1,0.10516833574740582,0.04115710052451383
288,1346,941,,,99.0,6.09,7.4449982943955035,,3.42,3.571,K8-M0.5(H),3.96,-0.24,1.83,0.35,5.8,Simbad,05 35 38.89,-05 21 01.62,1,0.1093009456649664,0.04115710052451383
289,1347,940,,2143.0,95.0,15.51,3.924998294395504,,1.63,3.535,"M2II-III(?)M3:eII,III?(W)",0.0,0.25,3.8,0.16,3.71,Simbad,05 35 38.96,-05 08 55.92,1,0.7432007000232504,0.04115710052451383
290,1348,942,,,99.0,6.36,8.274998294395504,,3.42,3.526,M3(H),2.24,-0.92,1.03,0.22,6.28,Simbad,05 35 38.96,-05 20 25.62,1,0.0,0.0
291,1349,944,,,99.0,7.3,6.024998294395504,,2.77,3.509,M4(H),0.0,-0.49,1.82,0.18,5.25,Simbad,05 35 39.54,-05 27 50.02,1,0.21650141180075821,0.04115710052451383
292,1350,3012,,,,9.55,7.874998294395505,,3.86,,,,,,,,Simbad,05 35 39.75,-05 15 49.02,1,0.0,0.0
293,1351,5121,,,,6.97,9.294998294395503,,,,,,,,,,Simbad,05 35 39.86,-05 27 08.99,1,0.0,0.0
294,1352,946,,,0.0,6.45,7.934998294395504,,2.62,3.518,M3.5(H),0.0,-1.3,0.69,0.17,6.59,Simbad,05 35 39.94,-05 26 00.86,1,0.0,0.0
295,1353,947,,,64.0,7.47,6.274998294395504,,2.66,3.544,M2:(H),1.1,-0.44,1.65,0.29,5.89,Simbad,05 35 39.96,-05 27 58.72,1,0.17901196936078953,0.04115710052451383
296,1354,945,,2149.0,99.0,8.35,4.424998294395504,,2.4,4.111,B6(H),6.48,2.29,2.79,3.91,,Simbad,05 35 40.06,-05 17 29.12,1,0.5703816425257414,0.04115710052451383
297,1355,950,,2157.0,0.0,7.02,4.154998294395504,,0.91,,,,,,,,Simbad,05 35 40.39,-05 27 01.82,1,0.6586542525929666,0.04115710052451383
298,1356,948,,,0.0,12.6,6.774998294395504,,2.74,,<=K4(H),,,,,,Simbad,05 35 40.50,-05 12 18.62,1,0.14500266529959244,0.04115710052451383
299,1357,949,,2148.0,90.0,15.58,4.1949982943955035,,2.55,3.562,late-K:(H)M0-M4(Her)M1(B),1.47,0.47,4.3,0.19,3.62,Simbad,05 35 40.66,-05 09 01.12,1,0.6452530666027193,0.04115710052451383
300,1358,952,,,99.0,10.58,5.774998294395504,,2.66,,,,,,,,Simbad,05 35 40.74,-05 32 01.62,1,0.2604998870451156,0.04115710052451383
301,1359,951,,,99.0,6.24,7.184998294395504,,2.77,3.509,M4e(H),0.0,-0.95,1.07,0.16,6.19,Simbad,05 35 40.79,-05 22 02.12,1,0.12269890121487802,0.04115710052451383
302,1360,955,,,98.0,16.35,6.8149982943955045,,,,,,,,,,Simbad,05 35 41.18,-05 38 30.32,1,0.14278428721830652,0.04115710052451383
303,1361,954,,2166.0,99.0,7.64,6.494998294395504,,2.38,3.526,M3(H),0.0,-0.75,1.25,0.23,6.13,Simbad,05 35 41.21,-05 27 50.12,1,0.1611124224814569,0.04115710052451383
304,1362,953,,2156.0,26.0,12.11,4.624998294395505,,2.34,3.544,M2(H),0.28,0.02,2.8,0.22,4.55,Simbad,05 35 41.25,-05 12 58.92,2,0.5080995208654797,0.04115710052451383
305,1363,956,,,98.0,16.41,6.714998294395505,,,,,,,,,,Simbad,05 35 41.26,-05 38 33.72,1,0.14839502316118028,0.04115710052451383
306,1364,5039,,,,9.61,9.074998294395504,,2.5,,K:(H),,,,,,Simbad,05 35 41.46,-05 16 05.15,1,0.0,0.0
307,1365,959,,2167.0,97.0,7.99,2.1149982943955035,,1.1,3.719,K0(WSH)K1eIV(Par)K1eIV-V(GS)K0-1eIV(J),0.59,1.03,3.99,2.41,5.86,Simbad,05 35 41.87,-05 28 12.42,1,0.0,0.0
308,1366,957,,,99.0,14.65,6.294998294395505,,3.7,3.591,K6-K8(H),5.1,0.48,3.82,0.18,3.85,Simbad,05 35 41.89,-05 10 11.22,1,0.17627328708693393,0.04115710052451383
309,1367,3001,,,,12.19,7.654998294395504,,3.87,,,,,,,,Simbad,05 35 41.95,-05 12 59.64,1,0.0,0.0
310,1368,958,,,0.0,7.19,7.604998294395504,,3.03,3.509,M4(H),0.31,-1.05,0.96,0.16,6.26,Simbad,05 35 42.00,-05 20 05.25,1,0.10119197758619393,0.04115710052451383
311,1369,960,,,99.0,10.46,7.164998294395504,,2.9,3.571,M0.5e(H),2.62,-0.45,1.43,0.42,6.12,Simbad,05 35 42.17,-05 15 07.72,1,0.12364838752627612,0.04115710052451383
312,1370,962,,2175.0,99.0,7.71,5.174998294395504,,1.97,3.623,K6(H),1.35,0.0,1.9,0.58,5.89,Simbad,05 35 42.37,-05 27 32.72,1,0.37328233752136986,0.04115710052451383
313,1371,966,,,99.0,12.31,8.034998294395505,,3.71,3.509,M4(H),2.05,-0.79,1.29,0.17,6.06,Simbad,05 35 42.50,-05 33 48.82,1,0.0,0.0
314,1372,964,,,99.0,7.08,6.5649982943955045,,3.59,3.483,M5.5(H),0.03,-0.54,1.95,0.13,4.62,Simbad,05 35 42.51,-05 26 08.02,1,0.1570253423894375,0.04115710052451383
315,1373,3107,,,,7.26,8.524998294395504,,,,,,,,,,Simbad,05 35 42.52,-05 26 33.27,1,0.0,0.0
316,1374,965,,,99.0,6.95,7.354998294395504,,3.32,3.518,M3.5(H),1.56,-0.68,1.4,0.2,6.05,Simbad,05 35 42.56,-05 25 44.82,1,0.11388820953838107,0.04115710052451383
317,1375,961,,2173.0,98.0,13.21,4.214998294395505,,1.71,3.612,K6-K7(H),0.5,0.19,2.47,0.45,5.56,Simbad,05 35 42.65,-05 11 54.52,1,0.6386550722878804,0.04115710052451383
318,1376,969,,,99.0,6.63,6.344998294395504,,2.54,3.544,M2e(H),0.8,-0.54,1.46,0.3,6.0,Simbad,05 35 42.88,-05 23 02.22,1,0.1700448616001363,0.04115710052451383
319,1379,968,,2172.0,1.0,15.6,3.9749982943955047,,1.85,3.643,K5Ve(W),1.38,0.48,3.0,0.62,5.45,Simbad,05 35 43.13,-05 09 16.72,1,0.7224884413711444,0.04115710052451383
320,1380,971,,2185.0,83.0,14.7,3.414998294395504,,1.51,3.602,K6-K8(H),0.0,0.4,3.3,0.35,4.68,Simbad,05 35 43.17,-05 36 27.72,1,0.9783863659638493,0.04115710052451383
321,1381,972,,2184.0,99.0,11.52,5.224998294395505,,2.02,3.562,M1(H),0.11,-0.28,1.83,0.33,5.8,Simbad,05 35 43.32,-05 32 43.92,1,0.36381295715399536,0.04115710052451383
322,1382,973,,,99.0,11.12,7.894998294395505,,3.35,3.494,M5(H),0.18,-1.11,0.96,0.12,6.19,Simbad,05 35 43.51,-05 32 11.62,1,0.0,0.0
323,1383,3030,,,,9.03,8.334998294395506,,2.78,,<=K4(H),,,,,,Simbad,05 35 43.57,-05 17 25.38,1,0.0,0.0
324,1385,970,,,99.0,15.03,7.574998294395504,,3.94,3.448,M6.5-M7.5(H),0.0,-0.63,2.06,0.07,3.37,Simbad,05 35 43.68,-05 09 58.52,1,0.10276415383508312,0.04115710052451383
325,1386,5021,,,,11.07,8.644998294395505,,3.06,,,,,,,,Simbad,05 35 43.69,-05 14 39.03,1,0.0,0.0
326,1387,974,,,99.0,14.99,6.404998294395504,,3.83,3.471,M6(H),0.0,-0.38,2.46,0.14,4.34,Simbad,05 35 44.12,-05 36 40.12,1,0.16615758148262658,0.04115710052451383
327,1388,976,,,0.0,15.8,6.914998294395504,,2.43,,,,,,,,Simbad,05 35 44.25,-05 37 33.82,1,0.13703312820805735,0.04115710052451383
328,1390,979,,,99.0,14.93,6.634998294395505,,3.54,,,,,,,,Simbad,05 35 44.47,-05 36 33.62,1,0.15304194284185593,0.04115710052451383
329,1392,980,,,99.0,7.18,5.454998294395503,,2.74,3.509,M4(H),0.0,-0.26,2.37,0.16,4.58,Simbad,05 35 44.73,-05 24 34.22,1,0.3183097292121724,0.04115710052451383
330,1393,977,,,98.0,10.73,8.404998294395503,,2.64,,K:(H),,,,,,Simbad,05 35 44.84,-05 15 20.02,1,0.0,0.0
331,1394,982,,2200.0,99.0,8.67,5.424998294395504,,2.12,3.562,M1e(H),0.37,-0.29,1.79,0.33,5.82,Simbad,05 35 45.28,-05 28 10.52,1,0.3249206670045905,0.04115710052451383
332,1395,981,,2199.0,99.0,7.73,4.834998294395504,,2.0,3.58,M0(H),0.53,-0.04,2.22,0.33,5.57,Simbad,05 35 45.30,-05 20 36.62,1,0.452618218848232,0.04115710052451383
333,1396,984,,,95.0,8.82,5.6949982943955035,,2.57,3.526,M3(H),0.06,-0.41,1.84,0.22,5.58,Simbad,05 35 45.47,-05 28 22.62,1,0.2742370299190035,0.04115710052451383
334,1397,983,,2198.0,0.0,8.92,7.374998294395505,,3.73,,,,,,,,Simbad,05 35 45.52,-05 18 13.48,1,0.11272365287378783,0.04115710052451383
335,1398,986,,,0.0,12.98,7.964998294395505,,2.15,,,,,,,,Simbad,05 35 45.52,-05 34 07.74,1,0.0,0.0
336,1399,3004,,,,12.19,7.684998294395504,,3.96,,,,,,,,Simbad,05 35 45.52,-05 13 36.08,1,0.0,0.0
337,1400,987,,,99.0,9.24,7.074998294395504,,4.33,3.509,M4(H),3.64,-0.02,3.13,0.14,3.77,Simbad,05 35 45.93,-05 17 49.42,1,0.12817739687723836,0.04115710052451383
338,1401,985,,,99.0,14.54,4.914998294395504,,1.58,3.602,K7e(H),0.0,-0.2,1.65,0.5,6.0,Simbad,05 35 46.00,-05 10 51.32,1,0.43216075900804857,0.04115710052451383
339,1403,989,,,99.0,9.09,5.594998294395504,,2.47,3.544,M2(H),0.62,-0.28,1.97,0.25,5.59,Simbad,05 35 46.11,-05 18 08.32,1,0.2924315952856431,0.04115710052451383
340,1404,988,,,99.0,10.71,6.744998294395504,,3.12,3.544,M2e(H),2.28,-0.34,1.85,0.27,5.75,Simbad,05 35 46.12,-05 15 39.62,1,0.14687761926208237,0.04115710052451383
341,1405,5169,,,,13.59,9.374998294395505,,1.86,,,,,,,,Simbad,05 35 46.28,-05 34 43.79,1,0.0,0.0
342,1406,5166,,,,13.37,9.354998294395505,,2.63,,,,,,,,Simbad,05 35 46.34,-05 34 27.38,1,0.0,0.0
343,1407,5174,,,,14.07,8.854998294395505,,2.15,,K:(H),,,,,,Simbad,05 35 46.38,-05 35 17.02,1,0.0,0.0
344,1408,5175,,,,14.38,9.414998294395504,,,,,,,,,,Simbad,05 35 46.48,-05 35 38.13,1,0.0,0.0
345,1409,990,,,99.0,7.58,5.964998294395505,,2.88,3.5,M4.5(H),0.0,-0.42,2.07,0.16,4.83,Simbad,05 35 46.50,-05 22 24.12,1,0.2273334601691593,0.04115710052451383
346,1410,991,,,0.0,10.05,6.464998294395505,,2.41,3.695,early-K(H),3.62,0.02,1.39,1.24,6.79,Simbad,05 35 46.72,-05 16 46.74,1,0.16277688721947972,0.04115710052451383
347,1411,992,,2208.0,0.0,9.36,1.1149982943955035,,4.17,3.611,K3-M0I(H)M0(Petal)M2:(B)K3-K5(HP)M0-M1(HP),6.78,2.96,60.71,,,Simbad,05 35 46.90,-05 17 56.52,1,0.0,0.0
348,1412,993,,,99.0,9.53,6.874998294395505,,3.22,3.494,M5(H),0.0,-0.74,1.46,0.14,5.35,Simbad,05 35 47.12,-05 17 43.32,1,0.13952019258131768,0.04115710052451383
349,1413,995,,2207.0,98.0,12.69,4.904998294395504,,2.11,3.555,M1.5(H),0.11,-0.14,2.19,0.26,5.3,Simbad,05 35 47.27,-05 13 18.32,1,0.434387365872428,0.04115710052451383
350,1414,994,,2205.0,19.0,15.04,4.674998294395504,,1.69,3.602,K5-K7(H),0.26,-0.04,1.99,0.44,5.75,Simbad,05 35 47.31,-05 10 28.12,1,0.4939392964512026,0.04115710052451383
351,1415,998,,2209.0,99.0,7.76,5.164998294395504,,2.32,3.535,M2.5(H),0.0,-0.24,2.15,0.23,5.17,Simbad,05 35 47.36,-05 22 49.32,1,0.37520558714029506,0.04115710052451383
352,1417,997,,2217.0,0.0,10.06,3.2449982943955042,,1.2,3.806,F2-F7(H),1.87,0.98,2.52,1.83,6.77,Simbad,05 35 47.40,-05 16 57.82,1,1.0704536503964313,0.04115710052451383
353,1418,1001,,,98.0,13.64,8.294998294395503,,2.43,3.591,"K8,K2-K6:(H)",1.84,-1.11,0.61,0.67,7.65,Simbad,05 35 47.41,-05 34 35.70,1,0.0,0.0
354,1419,1000,,,77.0,8.81,7.274998294395504,,2.91,3.544,M2e(H),1.75,-0.68,1.25,0.3,6.18,Simbad,05 35 47.53,-05 19 14.22,1,0.11805972181025816,0.04115710052451383
355,1420,1002,,,99.0,16.27,6.4849982943955045,,3.08,3.471,M6e(H),0.0,-0.41,2.37,0.14,4.38,Simbad,05 35 47.61,-05 37 39.52,1,0.16152693621470784,0.04115710052451383
356,1421,999,,2216.0,10.0,15.06,2.8049982943955047,,1.19,3.695,K2:(WSH),0.49,0.72,3.12,1.41,5.78,Simbad,05 35 47.68,-05 10 30.32,1,0.0,0.0
357,1422,3003,,,,12.76,8.154998294395503,,3.59,3.535,M2.5:(H),3.1,-0.68,1.3,0.26,6.12,Simbad,05 35 47.72,-05 13 17.69,1,0.0,0.0
358,1423,1004,,,99.0,11.65,5.664998294395504,,2.1,3.562,M1(H),0.31,-0.4,1.58,0.36,5.95,Simbad,05 35 48.08,-05 31 55.62,1,0.27993262693911086,0.04115710052451383
359,1424,1003,,,6.0,14.56,6.674998294395504,,2.61,,,,,,,,Simbad,05 35 48.14,-05 11 10.02,1,0.1507005728345093,0.04115710052451383
360,1425,1005,,,98.0,11.34,8.734998294395504,,2.39,,K:(H),,,,,,Simbad,05 35 48.46,-05 15 21.02,1,0.0,0.0
361,1426,1006,,,99.0,8.95,6.644998294395505,,2.92,3.518,M3.5(H),0.54,-0.65,1.46,0.2,6.02,Simbad,05 35 48.61,-05 19 27.22,2,0.15264920347244804,0.04115710052451383
362,1427,1007,,,99.0,11.23,6.414998294395504,,2.5,3.526,M3(H),0.0,-0.72,1.3,0.23,6.11,Simbad,05 35 48.92,-05 15 37.62,1,0.16573118449261148,0.04115710052451383
363,1428,5036,,,,11.06,9.364998294395503,,1.99,,GK:(H),,,,,,Simbad,05 35 48.93,-05 15 52.69,1,0.0,0.0
364,1429,5173,,,,14.46,8.864998294395503,,2.49,,,,,,,,Simbad,05 35 49.37,-05 35 15.72,1,0.0,0.0
365,1430,1008,,2235.0,92.0,14.6,4.634998294395505,,1.71,3.571,M0-M0.5(H),0.0,-0.08,2.2,0.3,5.54,Simbad,05 35 49.39,-05 35 25.81,2,0.5041978643251775,0.04115710052451383
366,1431,1012,,,99.0,12.33,8.164998294395504,,3.68,3.535,M2.5(H),3.33,-0.63,1.38,0.27,6.07,Simbad,05 35 49.68,-05 32 29.02,1,0.0,0.0
367,1432,5026,,,,11.67,9.204998294395503,,1.97,3.591,K7-M0:(H),0.66,-1.77,0.29,,,Simbad,05 35 49.75,-05 15 12.66,1,0.0,0.0
368,1433,1010,,,,9.66,6.9849982943955045,,2.92,,,,,,,,Simbad,05 35 49.78,-05 18 30.65,1,0.1332141522635195,0.04115710052451383
369,1434,5052,,,,10.35,8.574998294395504,,2.0,3.544,M2(H),0.0,-1.63,0.42,0.26,7.47,Simbad,05 35 49.93,-05 17 17.91,1,0.0,0.0
370,1435,1009,,,97.0,15.99,7.584998294395504,,3.04,,GK(H),,,,,,Simbad,05 35 49.96,-05 09 46.02,1,0.10223739963291663,0.04115710052451383
371,1436,1011,,,99.0,15.38,7.004998294395504,,3.5,3.494,M5III(H),0.57,-0.66,1.61,0.14,5.19,Simbad,05 35 50.00,-05 10 29.12,1,0.13185197939711457,0.04115710052451383
372,1437,1013,,2234.0,99.0,8.67,6.474998294395505,,2.3,3.526,M3e(H),0.0,-0.74,1.26,0.23,6.13,Simbad,05 35 50.07,-05 21 16.72,1,0.16235916583635,0.04115710052451383
373,1438,5168,,,,14.05,9.244998294395502,,,,,,,,,,Simbad,05 35 50.22,-05 34 36.12,1,0.0,0.0
374,1439,1015,,2247.0,92.0,9.95,1.5149982943955038,,0.7,3.94,A3(WSH)A3ea(Par)A5(CK)A3V(vA)B8-A3Vp(J)B8-A3V(GS)A0:(T),1.56,1.76,3.35,2.52,6.62,Simbad,05 35 50.36,-05 28 34.62,1,0.0,0.0
375,1440,1016,,2246.0,88.0,10.99,4.874998294395505,,1.92,3.643,K5(CK),1.56,0.16,2.08,0.7,5.86,Simbad,05 35 50.66,-05 16 29.02,1,0.44227122108308486,0.04115710052451383
376,1441,1014,,,8.0,16.32,3.414998294395504,,,3.509,M4(H),0.0,0.55,6.06,,,Simbad,05 35 50.70,-05 09 29.62,1,0.9783863659638493,0.04115710052451383
377,1442,1018,,,99.0,13.07,7.254998294395504,,3.03,3.483,M5.5(H),0.0,-0.82,1.41,0.11,5.15,Simbad,05 35 50.86,-05 33 12.75,1,0.11897330855534234,0.04115710052451383
378,1443,1017,,2245.0,78.0,11.92,5.144998294395505,,1.85,3.602,K7(GCVS),0.68,-0.13,1.8,0.48,5.88,Simbad,05 35 50.92,-05 15 08.92,1,0.37908186470899746,0.04115710052451383
379,1444,1019,,,1.0,10.51,6.834998294395504,,2.87,,,,,,,,Simbad,05 35 51.66,-05 17 39.32,1,0.14168785782760615,0.04115710052451383
380,1445,5029,,,,11.83,8.084998294395506,,2.43,3.494,>M5(H),0.0,-1.23,0.83,0.12,6.31,Simbad,05 35 51.75,-05 15 30.57,1,0.0,0.0
381,1446,5016,,,,12.7,8.564998294395503,,2.5,,K:(H),,,,,,Simbad,05 35 51.83,-05 14 16.60,1,0.0,0.0
382,1447,1020,,2253.0,99.0,10.4,4.5649982943955045,,1.4,3.623,K6(H)K0(Par)K0:(J)K0:(GS),0.0,-0.08,1.72,0.62,6.04,Simbad,05 35 51.94,-05 28 47.02,1,0.5267102567372287,0.04115710052451383
383,1448,5004,,,,13.47,7.7349982943955045,,3.36,3.494,M5(H),0.21,-1.04,1.04,0.12,6.11,Simbad,05 35 52.17,-05 13 18.30,1,0.0,0.0
384,1449,5001,,,,13.75,6.524998294395504,,3.15,3.509,M4(H),0.62,-0.54,1.72,0.18,5.38,Simbad,05 35 52.23,-05 12 56.56,1,0.15946497762206333,0.04115710052451383
385,1450,1022,,,99.0,10.09,7.544998294395505,,2.81,3.5,M4.5(H),0.0,-1.05,1.0,0.14,6.2,Simbad,05 35 52.39,-05 27 57.22,1,0.1043607563104038,0.04115710052451383
386,1451,1021,,2258.0,36.0,13.79,4.914998294395504,,1.91,3.633,K5-K6(H),1.37,0.11,2.04,0.63,5.83,Simbad,05 35 52.65,-05 12 58.72,1,0.43216075900804857,0.04115710052451383
387,1452,5097,,,,9.12,9.104998294395505,,,,K:(H),,,,,,Simbad,05 35 52.72,-05 22 31.14,1,0.0,0.0
388,1454,1024,,,97.0,12.05,7.784998294395503,,3.02,3.687,K2-K3(H),5.07,-0.16,1.18,1.1,6.98,Simbad,05 35 53.53,-05 15 41.42,1,0.0,0.0
389,1455,5125,,,,10.28,8.764998294395506,,3.81,3.494,M5(H),1.36,-1.17,0.9,0.12,6.25,Simbad,05 35 53.84,-05 27 37.69,1,0.0,0.0
390,1456,1025,,,99.0,11.27,7.844998294395504,,4.01,3.483,M5.5 (H),1.11,-0.78,1.46,0.11,5.08,Simbad,05 35 54.04,-05 17 10.22,1,0.0,0.0
391,1457,2271,,2271.0,99.0,17.15,-0.9750017056044955,,-0.01,4.111,B6(WSH)B6Veb(Par)B7eV+shell(LA)B5V(vA)B5Vne(J),0.3,2.94,5.92,5.72,,Simbad,05 35 54.10,-05 37 42.50,1,0.0,0.0
392,1458,1026,a,2269.0,98.0,10.04,5.684998294395504,,2.24,3.571,M0.5e(H),0.93,-0.27,1.76,0.36,5.84,Simbad,05 35 54.24,-05 26 44.32,1,0.2763591704060692,0.04115710052451383
393,1459,1026,b,,,10.08,,,,,,,,,,,Simbad,05 35 54.39,-05 26 45.24,1,0.0,0.0
394,1460,1028,,,99.0,9.61,8.344998294395504,,3.52,3.633,K5-K6:(H),5.5,-0.26,1.34,0.82,6.55,Simbad,05 35 54.45,-05 21 57.52,1,0.0,0.0
395,1461,1030,,2270.0,99.0,10.24,5.584998294395504,,2.18,3.544,M2(H),0.0,-0.43,1.66,0.29,5.88,Simbad,05 35 54.54,-05 27 07.42,1,0.2939382804342878,0.04115710052451383
396,1462,1029,,,98.0,9.63,7.774998294395504,,3.53,3.708,K0-K2(H),6.68,0.25,1.7,1.45,6.62,Simbad,05 35 54.56,-05 22 00.72,1,0.0,0.0
397,1463,1027,,,73.0,15.7,6.514998294395504,,1.84,3.771,F7-G4(H),3.14,-0.07,0.89,1.08,4.21,Simbad,05 35 54.65,-05 10 55.22,1,0.15987525277142067,0.04115710052451383
398,1464,1032,,,99.0,9.65,8.084998294395506,,3.9,3.483,M5.5(H),0.83,-0.95,1.21,0.11,5.39,Simbad,05 35 54.87,-05 22 35.42,1,0.0,0.0
399,1465,1031,,,0.0,13.96,5.874998294395505,,2.11,,F6/K3composite?(H),,,,,,Simbad,05 35 54.88,-05 13 15.42,1,0.24303984908647883,0.04115710052451383
400,1466,1033,,,80.0,13.56,6.634998294395505,,2.04,3.917,A0-A5(H),4.88,0.49,0.86,1.5,,Simbad,05 35 55.33,-05 13 55.52,1,0.15304194284185593,0.04115710052451383
401,1467,1034,,,99.0,9.74,6.894998294395505,,3.11,3.494,M5(H),0.0,-0.75,1.44,0.14,5.37,Simbad,05 35 55.34,-05 23 42.92,1,0.13844882791842278,0.04115710052451383
402,1468,1035,,,98.0,12.1,6.004998294395504,,2.35,3.526,M3(H),0.0,-0.55,1.57,0.23,5.94,Simbad,05 35 56.30,-05 16 31.62,1,0.2204307751240029,0.04115710052451383
403,1469,1037,,2278.0,0.0,10.27,5.844998294395504,,1.26,3.643,K5(H),0.0,-0.61,0.86,0.82,7.34,Simbad,05 35 56.64,-05 25 26.12,1,0.24808751548161567,0.04115710052451383
404,1470,1036,,,95.0,10.62,7.684998294395504,,3.74,3.471,M6(H),0.0,-0.89,1.36,0.09,4.91,Simbad,05 35 56.65,-05 19 57.72,1,0.0,0.0
405,1471,5115,,,,10.38,9.034998294395505,,2.79,,K:(H),,,,,,Simbad,05 35 57.26,-05 25 15.01,1,0.0,0.0
406,1472,1038,,,99.0,10.37,7.104998294395504,,2.93,3.494,M5(H),0.0,-0.84,1.31,0.13,5.58,Simbad,05 35 57.30,-05 25 08.52,1,0.1265411590393429,0.04115710052451383
407,1473,1039,,,99.0,11.71,7.3149982943955045,,2.92,3.494,M5(H),0.0,-0.92,1.19,0.13,5.95,Simbad,05 35 57.56,-05 17 46.42,1,0.11595520831583915,0.04115710052451383
408,1474,1040,,2280.0,99.0,10.3,5.4849982943955045,,2.66,3.518,M3.5(H),0.0,-0.31,2.14,0.2,5.05,Simbad,05 35 57.62,-05 23 09.22,1,0.31263559149390385,0.04115710052451383
409,1475,1041,,2279.0,0.0,14.75,2.7349982943955045,,2.37,3.761,G0-5(Her),4.38,1.74,7.42,3.92,,Simbad,05 35 57.98,-05 12 54.72,1,0.0,0.0
410,1476,5103,,,,10.42,8.404998294395503,,,,,,,,,,Simbad,05 35 58.08,-05 23 26.66,1,0.0,0.0
411,1477,2284,,2284.0,97.0,10.55,0.9849982943955045,,-0.08,4.053,B9.5(WSH)B8V(Par)B9.5pV(LA)B8V(vA)B9V(J)B8(S),0.01,1.89,2.31,2.98,,Simbad,05 35 58.45,-05 22 30.62,1,0.0,0.0
412,1478,1042,,,99.0,14.25,7.894998294395505,,2.7,3.483,M5.5(H),0.0,-1.08,1.05,0.1,5.71,Simbad,05 35 58.84,-05 32 53.40,1,0.0,0.0
413,1480,1044,,,87.0,17.5,6.544998294395505,,3.3,3.5,M4.5(H),0.45,-0.54,1.8,0.16,5.13,Simbad,05 35 59.47,-05 37 10.71,1,0.15824045851244392,0.04115710052451383
414,1481,1043,,2291.0,,12.51,5.8149982943955045,,,3.708,K0-K2e(H),0.0,-0.6,0.64,0.8,6.28,Simbad,05 35 59.53,-05 29 43.52,1,0.2532400162737963,0.04115710052451383
415,1482,1045,,2291.0,,12.53,5.8149982943955045,,,,,,,,,,Simbad,05 35 59.64,-05 29 43.52,1,0.2532400162737963,0.04115710052451383
416,1483,5141,,,,12.74,8.254998294395504,,3.97,3.535,M2-M3(H),4.08,-0.49,1.63,0.26,5.9,Simbad,05 35 59.84,-05 30 02.89,1,0.0,0.0
417,1484,1047,,2296.0,99.0,15.52,6.0649982943955045,,2.84,3.509,M4(H),0.0,-0.51,1.79,0.18,5.29,Simbad,05 36 00.20,-05 34 23.01,1,0.20938890724578588,0.04115710052451383
418,1485,1046,,2295.0,0.0,11.02,5.474998294395505,,1.54,3.602,K7(H),0.0,-0.43,1.28,0.64,6.49,Simbad,05 36 00.48,-05 23 29.42,1,0.31505487326122356,0.04115710052451383
419,1486,5014,,,,14.39,7.784998294395503,,2.27,,,,,,,,Simbad,05 36 00.54,-05 14 07.96,1,0.0,0.0
420,1487,1048,,,99.0,11.98,6.874998294395505,,3.18,3.483,M5.5(H),0.0,-0.67,1.68,0.12,4.86,Simbad,05 36 01.28,-05 19 10.52,1,0.13952019258131768,0.04115710052451383
421,1488,1050,,,0.0,15.0,7.704998294395503,,2.89,3.917,A2-A7(H),7.06,0.59,0.97,1.56,,Simbad,05 36 01.72,-05 33 12.22,1,0.0,0.0
422,1489,1049,,2305.0,95.0,12.72,3.7049982943955033,,1.57,3.612,K6-K7(H),0.14,0.3,2.83,0.42,5.38,Simbad,05 36 01.75,-05 17 36.32,1,0.8385997332296705,0.04115710052451383
423,1490,5028,,,,14.02,7.074998294395504,,4.07,3.471,M6(H),0.35,-0.57,1.99,0.12,4.54,Simbad,05 36 02.67,-05 15 26.81,1,0.12817739687723836,0.04115710052451383
424,1491,1051,,,99.0,14.99,7.764998294395504,,3.91,3.526,M3(H),3.49,-0.41,1.86,0.22,5.52,Simbad,05 36 02.72,-05 32 53.84,1,0.0,0.0
425,1492,5110,,,,11.75,7.294998294395505,,3.1,3.5,M4.5(H),0.0,-0.95,1.12,0.14,6.11,Simbad,05 36 03.25,-05 24 22.85,1,0.11685250961145867,0.04115710052451383
426,1493,1052,,,98.0,11.81,8.414998294395504,,3.94,3.471,M6(H),0.02,-1.18,0.98,0.07,5.3,Simbad,05 36 03.39,-05 24 35.92,1,0.0,0.0
427,1494,1053,,,99.0,13.71,6.9849982943955045,,2.69,3.494,M5(H),0.0,-0.79,1.39,0.13,5.44,Simbad,05 36 03.75,-05 30 18.31,1,0.1332141522635195,0.04115710052451383
428,1495,5015,,,,14.96,9.234998294395504,,2.39,,K:(H),,,,,,Simbad,05 36 03.87,-05 14 15.46,1,0.0,0.0
429,1496,5090,,,,12.3,6.754998294395504,,4.22,,,,,,,,Simbad,05 36 05.08,-05 21 34.15,1,0.14612474581095003,0.04115710052451383
430,1497,5068,,,,13.09,7.874998294395505,,3.26,3.5,M4.5(H),0.35,-1.1,0.95,0.13,6.24,Simbad,05 36 05.66,-05 18 55.58,1,0.0,0.0
431,1499,5048,,,,13.99,9.164998294395504,,3.45,,K:(H),,,,,,Simbad,05 36 06.23,-05 17 00.54,1,0.0,0.0
432,1500,5053,,,,13.85,9.034998294395505,,3.42,3.567,K8-M2(H),3.85,-0.89,0.88,0.46,6.85,Simbad,05 36 06.24,-05 17 19.90,1,0.0,0.0
433,1501,5165,,,,16.7,6.5649982943955045,,2.39,3.544,M2e(H),0.41,-0.72,1.19,0.3,6.23,Simbad,05 36 06.94,-05 34 17.87,1,0.1570253423894375,0.04115710052451383
434,1502,5151,,,,14.92,7.934998294395504,,3.13,,K:(H),,,,,,Simbad,05 36 07.14,-05 31 14.27,1,0.0,0.0
435,1503,5145,,,,14.55,6.7349982943955045,,3.32,3.518,M3.5(H),1.56,-0.43,1.87,0.2,5.38,Simbad,05 36 07.27,-05 30 26.97,1,0.14725550936734935,0.04115710052451383
436,1504,5150,,,,15.02,8.404998294395503,,3.36,3.5,M4.5(H),0.6,-1.25,0.8,0.13,6.36,Simbad,05 36 07.73,-05 31 11.40,1,0.0,0.0
437,1505,5033,,,,15.06,9.304998294395505,,1.94,,K:(H),,,,,,Simbad,05 36 08.29,-05 15 43.43,1,0.0,0.0
438,1506,5087,,,,13.25,5.754998294395504,,2.74,3.509,M4(H),0.0,-0.38,2.06,0.18,4.98,Simbad,05 36 08.58,-05 21 01.90,1,0.26386827544290314,0.04115710052451383
439,1507,5024,,,,15.56,8.984998294395504,,2.13,,G:(H),,,,,,Simbad,05 36 08.64,-05 14 54.21,1,0.0,0.0
440,1508,5149,,,,15.31,8.024998294395504,,2.9,3.526,M3e(H),0.9,-1.14,0.8,0.21,6.53,Simbad,05 36 09.15,-05 31 09.15,1,0.0,0.0
441,1509,5107,,,,13.21,7.0649982943955045,,3.29,3.518,M3.5(H),1.49,-0.58,1.57,0.2,5.94,Simbad,05 36 09.16,-05 24 12.67,1,0.12883780082599164,0.04115710052451383
442,1510,5120,,,,13.63,8.824998294395504,,3.01,,K:(H),,,,,,Simbad,05 36 09.29,-05 26 42.32,1,0.0,0.0
443,1512,5123,,,,14.01,7.494998294395504,,3.99,3.526,M3(H),3.7,-0.25,2.23,0.21,5.01,Simbad,05 36 09.94,-05 27 31.28,1,0.10680229096343506,0.04115710052451383
444,1514,5073,,2347.0,68.0,13.97,4.404998294395504,,1.46,3.679,K3(H)K1e:(GCVS),0.95,0.19,1.82,1.14,6.3,Simbad,05 36 10.38,-05 19 44.62,1,0.5762742988248476,0.04115710052451383
445,1515,5003,,,,16.9,7.604998294395504,,2.06,3.708,K1(H),2.91,-0.61,0.64,0.8,6.14,Simbad,05 36 10.65,-05 13 17.21,1,0.10119197758619393,0.04115710052451383
446,1517,5046,,,,15.27,7.594998294395504,,2.19,3.555,M1.5:(H),0.31,-1.17,0.67,0.35,7.05,Simbad,05 36 11.71,-05 16 54.07,1,0.10171334549666944,0.04115710052451383
447,1518,5037,,,,15.73,6.434998294395504,,3.04,,,,,,,,Simbad,05 36 11.79,-05 15 54.83,1,0.1644585476697974,0.04115710052451383
448,1519,5162,,,,17.2,7.934998294395504,,4.57,3.518,M3.5(H),4.77,-0.13,2.64,0.16,4.33,Simbad,05 36 12.05,-05 33 29.24,1,0.0,0.0
449,1520,5088,,,,14.3,8.184998294395504,,2.83,,K:(H),,,,,,Simbad,05 36 12.97,-05 21 16.04,1,0.0,0.0
450,1522,5032,,,,16.36,7.324998294395504,,2.41,,,,,,,,Simbad,05 36 14.09,-05 15 38.23,1,0.11536083867463642,0.04115710052451383
451,1523,5161,,,,17.63,7.4449982943955035,,3.11,,,,,,,,Simbad,05 36 14.46,-05 33 23.48,1,0.1093009456649664,0.04115710052451383
452,1525,5030,,,,16.57,5.254998294395504,,2.67,,,,,,,,Simbad,05 36 14.84,-05 15 33.29,1,0.3582470271197387,0.04115710052451383
453,1526,5163,,,,18.14,4.7349982943955045,,4.59,3.509,M4(H),4.31,1.08,11.08,,,Simbad,05 36 15.10,-05 34 02.71,1,0.4777124022860872,0.04115710052451383
454,1527,5089,,,,14.95,7.304998294395505,,2.54,,K:(H),,,,,,Simbad,05 36 15.72,-05 21 26.46,1,0.11655264030709446,0.04115710052451383
455,1528,5069,,,,15.56,8.504998294395504,,2.83,3.687,K1-K4(H),4.58,-0.56,0.74,0.86,7.64,Simbad,05 36 16.08,-05 18 55.91,1,0.0,0.0
456,1530,5099,,,,15.01,8.404998294395503,,3.4,3.5,M4.5(H),0.7,-1.22,0.82,0.13,6.34,Simbad,05 36 16.38,-05 22 40.93,1,0.0,0.0
457,1531,5011,,,,17.89,8.444998294395505,,4.12,3.494,M5-5.5(H),2.16,-0.85,1.3,0.13,5.61,Simbad,05 36 16.85,-05 13 47.83,1,0.0,0.0
458,1532,5019,,,,17.86,9.184998294395504,,2.54,3.679,K1-K5(H),3.72,-1.04,0.44,,,Simbad,05 36 18.27,-05 14 26.79,1,0.0,0.0
459,1533,5061,,,,16.38,7.784998294395503,,3.29,3.5,M4.5(H),0.42,-1.04,1.01,0.14,6.19,Simbad,05 36 18.91,-05 18 28.32,1,0.0,0.0
460,1534,5148,,,,17.5,8.054998294395505,,3.32,3.555,M1.5(H),3.21,-0.65,1.23,0.37,6.27,Simbad,05 36 19.14,-05 31 07.94,1,0.0,0.0
461,1535,5020,,,,18.07,5.804998294395505,,2.32,3.555,M1.5(H),0.65,-0.37,1.69,0.32,5.87,Simbad,05 36 19.67,-05 14 38.17,1,0.25519967464538285,0.04115710052451383
462,1536,5002,,,,18.89,7.494998294395504,,3.32,,,,,,,,Simbad,05 36 19.79,-05 13 05.83,1,0.10680229096343506,0.04115710052451383
463,1537,5137,,,,17.11,8.294998294395503,,2.5,,G:(H),,,,,,Simbad,05 36 20.25,-05 29 32.47,1,0.0,0.0
464,1538,5124,,,,16.65,8.034998294395505,,3.98,3.591,K8(H),5.81,-0.04,2.1,0.38,5.67,Simbad,05 36 20.89,-05 27 33.79,1,0.0,0.0
465,1539,5082,,,,16.5,5.874998294395505,,2.48,3.526,M3(H),0.0,-0.5,1.66,0.23,5.87,Simbad,05 36 21.20,-05 20 13.93,1,0.24303984908647883,0.04115710052451383
466,1540,5101,,,,16.26,8.884998294395503,,2.43,,K:(H),,,,,,Simbad,05 36 21.46,-05 23 07.47,1,0.0,0.0
467,1541,5054,,,,17.34,6.754998294395504,,3.04,3.623,K5-K7(H),4.1,0.04,1.99,0.57,5.82,Simbad,05 36 21.73,-05 17 32.34,1,0.14612474581095003,0.04115710052451383
468,1543,5114,,,,16.65,9.164998294395504,,3.96,,M:(H),,,,,,Simbad,05 36 22.64,-05 25 10.21,1,0.0,0.0
469,1544,5102,,,,16.72,7.424998294395504,,3.59,3.494,M5(H),0.8,-0.77,1.42,0.13,5.4,Simbad,05 36 23.28,-05 23 19.01,1,0.1101467539868356,0.04115710052451383
470,1545,5095,,,,16.77,9.364998294395503,,2.53,,GK:(H),,,,,,Simbad,05 36 23.37,-05 22 19.52,1,0.0,0.0
471,1546,5017,,,,19.03,6.224998294395505,,1.59,,,,,,,,Simbad,05 36 23.38,-05 14 20.37,1,0.1855688432464024,0.04115710052451383
472,1547,5005,,,,19.55,7.634998294395505,,1.89,,,,,,,,Simbad,05 36 23.52,-05 13 19.77,1,0.0,0.0
473,1548,5006,,,,19.6,6.344998294395504,,1.99,,,,,,,,Simbad,05 36 23.83,-05 13 22.52,1,0.1700448616001363,0.04115710052451383
474,1549,5172,,,,20.63,8.774998294395504,,2.98,,,,,,,,Simbad,05 36 24.08,-05 35 11.27,1,0.0,0.0
475,1550,5170,,,,20.47,6.524998294395504,,3.13,,,,,,,,Simbad,05 36 24.28,-05 34 49.78,1,0.15946497762206333,0.04115710052451383
476,1551,5154,,,,18.82,9.214998294395505,,3.09,,K:(H),,,,,,Simbad,05 36 24.53,-05 31 23.41,1,0.0,0.0
477,1552,5104,,,,17.12,7.554998294395505,,3.47,3.555,M1.5(H),3.6,-0.36,1.72,0.32,5.85,Simbad,05 36 24.90,-05 23 31.83,1,0.10382581815467296,0.04115710052451383
478,1553,5070,,,,17.66,7.174998294395504,,3.92,3.526,M3(H),3.52,-0.16,2.46,0.2,4.76,Simbad,05 36 25.07,-05 19 13.04,1,0.12301458376017786,0.04115710052451383
479,1554,5049,,,,18.36,8.184998294395504,,3.94,3.555,M1.5(H),4.8,-0.31,1.81,0.31,5.8,Simbad,05 36 25.31,-05 17 01.83,1,0.0,0.0
480,1555,5065,,,,17.89,7.214998294395505,,3.51,,,,,,,,Simbad,05 36 25.48,-05 18 41.70,1,0.12113259865508845,0.04115710052451383
481,1556,5139,,,,18.48,8.914998294395504,,3.11,,K:(H),,,,,,Simbad,05 36 25.82,-05 29 43.80,1,0.0,0.0
482,1557,5045,,,,18.6,6.9849982943955045,,3.07,3.5,M4.5(H),0.0,-0.82,1.29,0.14,5.98,Simbad,05 36 26.14,-05 16 53.46,1,0.1332141522635195,0.04115710052451383
483,1558,5062,,,,18.11,8.094998294395504,,4.0,3.5,M4.5(H),2.24,-0.72,1.45,0.15,5.56,Simbad,05 36 26.18,-05 18 29.79,1,0.0,0.0
484,1559,5113,,,,17.68,5.824998294395504,,3.1,3.652,K3-K4(H),4.74,0.55,3.13,0.7,5.45,Simbad,05 36 26.79,-05 25 05.15,1,0.25194194454595426,0.04115710052451383
485,1560,5164,,,,20.67,8.114998294395503,,3.44,3.471,>=M6(H),0.0,-1.07,1.12,0.08,5.14,Simbad,05 36 26.86,-05 34 12.00,1,0.0,0.0
486,1561,5055,,,,18.55,8.864998294395503,,2.97,,,,,,,,Simbad,05 36 26.97,-05 17 38.77,1,0.0,0.0
487,1562,5111,,2387.0,98.0,17.7,1.1549982943955044,,-0.02,4.01,A0(WSH)B9V(J)B9.5V(LA),0.08,1.72,2.3,2.52,6.68,Simbad,05 36 27.08,-05 24 30.20,1,0.0,0.0
488,1563,5146,,,,19.29,5.124998294395505,,2.3,3.535,M2.5(H),0.0,-0.23,2.19,0.23,5.12,Simbad,05 36 27.42,-05 30 55.28,1,0.3829981883972262,0.04115710052451383
489,1565,5108,,,,17.94,6.414998294395504,,2.43,3.736,G6-K0(H),4.23,0.21,1.43,1.31,6.99,Simbad,05 36 28.08,-05 24 17.21,1,0.16573118449261148,0.04115710052451383
490,1566,5092,,,,18.04,,,,,,,,,,,Simbad,05 36 28.25,-05 21 41.75,1,0.0,0.0
491,1567,5063,,,,18.61,8.434998294395504,,3.76,3.544,M2(H),3.93,-0.61,1.35,0.3,6.1,Simbad,05 36 28.27,-05 18 30.86,1,0.0,0.0
492,1568,5093,,,,18.06,,,,,,,,,,,Simbad,05 36 28.34,-05 21 41.75,1,0.0,0.0
493,1569,5018,,,,20.16,7.474998294395505,,1.64,,,,,,,,Simbad,05 36 28.62,-05 14 24.66,1,0.10762876383557718,0.04115710052451383
494,1570,5022,,,,20.07,5.4449982943955035,,3.08,3.509,M4.5(H),0.44,-0.15,2.69,0.15,4.21,Simbad,05 36 28.82,-05 14 42.87,1,0.3207729194093079,0.04115710052451383
495,1571,5079,,2395.0,,18.6,5.634998294395505,,2.24,3.562,M1(H),0.67,-0.3,1.77,0.33,5.83,Simbad,05 36 29.64,-05 20 06.46,1,0.285013226590287,0.04115710052451383
496,1572,5153,,,,20.01,8.224998294395503,,2.25,,K:(H),,,,,,Simbad,05 36 29.88,-05 31 19.75,1,0.0,0.0
497,1573,5078,,2395.0,,18.7,5.404998294395504,,2.17,,,,,,,,Simbad,05 36 30.05,-05 20 05.64,1,0.3282774472239819,0.04115710052451383
498,1574,5118,,2401.0,,18.63,5.394998294395505,,1.93,3.571,M0.5(H),0.14,-0.35,1.61,0.39,5.95,Simbad,05 36 30.06,-05 26 12.01,1,0.32996881971020126,0.04115710052451383
499,1575,5044,,,,19.85,8.304998294395505,,3.56,3.509,M4(H),1.67,-1.0,1.02,0.16,6.22,Simbad,05 36 30.83,-05 16 27.79,1,0.0,0.0
500,1576,5117,,,,18.93,8.234998294395504,,,3.494,M5(H),0.0,-1.29,0.78,0.11,6.35,Simbad,05 36 31.41,-05 25 59.47,1,0.0,0.0
501,1,3132,,,,17.67,,,,,,,,,,,Simbad,05 34 11.42,-05 30 19.44,1,0.0,0.0
502,2,3157,,,,19.34,7.084998294395504,,2.33,3.562,M1(H),0.9,-0.83,0.97,0.42,6.67,Simbad,05 34 11.60,-05 33 55.63,1,0.12784846541513625,0.04115710052451383
503,3,3126,,1382.0,,16.8,5.084998294395504,,1.68,3.602,K7(H),0.24,-0.21,1.63,0.51,6.02,Simbad,05 34 12.81,-05 28 47.81,1,0.3909526332845051,0.04115710052451383
504,4,3153,,,,18.98,8.404998294395503,,2.74,3.526,M3(H),0.49,-1.39,0.6,0.19,6.83,Simbad,05 34 12.97,-05 33 48.05,1,0.0,0.0
505,5,3156,,1386.0,,19.0,5.714998294395505,,1.61,,,,,,,,Simbad,05 34 13.12,-05 33 53.25,1,0.2707362800532897,0.04115710052451383
506,6,3035,,,,16.69,8.384998294395503,,2.5,,G:(H),,,,,,Simbad,05 34 13.60,-05 17 43.49,1,0.0,0.0
507,7,3118,,1393.0,70.0,16.26,2.9949982943955042,,1.04,3.748,G6(H)K0(WSH),0.81,0.75,2.53,2.01,6.51,Simbad,05 34 14.39,-05 28 16.30,1,1.2297815479451109,0.04115710052451383
508,8,3007,,,,17.88,6.724998294395505,,2.61,3.535,M2.5(H),0.59,-0.72,1.24,0.26,6.16,Simbad,05 34 14.80,-05 14 17.70,1,0.14801420881226798,0.04115710052451383
509,9,3024,,1392.0,,17.14,5.344998294395504,,2.04,3.562,M1(H),0.16,-0.31,1.75,0.34,5.84,Simbad,05 34 14.87,-05 15 48.96,1,0.3403016366043042,0.04115710052451383
510,10,3078,,,,15.36,8.094998294395504,,2.62,,,,,,,,Simbad,05 34 15.01,-05 22 59.67,1,0.0,0.0
511,11,3043,,,,16.1,8.614998294395503,,2.96,3.679,K2-K4:(H),4.8,-0.55,0.77,0.84,7.57,Simbad,05 34 15.24,-05 18 19.94,1,0.0,0.0
512,12,3146,,1396.0,,17.68,6.794998294395505,,2.6,,,,,,,,Simbad,05 34 15.59,-05 32 23.72,1,0.14388920115685183,0.04115710052451383
513,13,3139,,,,16.67,7.674998294395504,,3.82,,,,,,,,Simbad,05 34 16.88,-05 30 52.92,1,0.0,0.0
514,14,3127,,,,15.87,6.454998294395503,,4.21,3.5,M4.5(H),2.78,0.07,3.6,0.14,3.45,Simbad,05 34 17.15,-05 29 03.98,1,0.16361555692025756,0.04115710052451383
515,15,3074,,,,14.83,8.384998294395503,,2.53,,early-M::(H),,,,,,Simbad,05 34 17.19,-05 22 36.22,1,0.0,0.0
516,16,3076,,,,14.81,8.004998294395504,,3.65,3.535,M2.5(H),3.26,-0.58,1.45,0.27,6.02,Simbad,05 34 17.23,-05 22 47.60,1,0.0,0.0
517,17,3135,,,,16.43,6.134998294395505,,2.48,,,,,,,,Simbad,05 34 17.35,-05 30 34.80,1,0.19788061766087728,0.04115710052451383
518,18,3143,,1411.0,,17.07,5.254998294395504,,2.55,,,,,,,,Simbad,05 34 17.40,-05 31 58.26,2,0.3582470271197387,0.04115710052451383
519,19,3151,,1417.0,,17.81,4.784998294395503,,1.94,3.562,M1(H),0.0,-0.13,2.17,0.28,5.49,Simbad,05 34 17.92,-05 33 32.98,1,0.46559385289664484,0.04115710052451383
520,20,3124,,,,15.48,7.274998294395504,,3.8,3.555,M1.5(H),4.44,-0.04,2.49,0.25,4.92,Simbad,05 34 18.04,-05 28 33.11,1,0.11805972181025816,0.04115710052451383
521,21,3147,,,,17.16,8.464998294395505,,3.54,,G:(H),,,,,,Simbad,05 34 18.21,-05 32 28.11,1,0.0,0.0
522,22,3141,,,,16.55,7.474998294395505,,3.87,,,,,,,,Simbad,05 34 18.23,-05 31 15.96,1,0.10762876383557718,0.04115710052451383
523,23,3158,,1418.0,,17.97,4.9449982943955035,,1.88,3.58,M0(H),0.22,-0.15,1.94,0.36,5.75,Simbad,05 34 18.44,-05 33 59.93,2,0.42445713125808243,0.04115710052451383
524,24,3149,,,,17.38,8.124998294395505,,4.51,3.518,M3.5(H),4.61,-0.25,2.32,0.19,4.79,Simbad,05 34 19.00,-05 33 11.11,1,0.0,0.0
525,25,3114,,1498.0,85.0,14.76,2.4349982943955037,,0.79,3.745,G6(H),0.14,0.81,2.74,2.13,6.44,Simbad,05 34 19.39,-05 27 11.57,1,0.0,0.0
526,26,3131,,1424.0,,15.84,4.584998294395504,,1.99,3.643,K5e(H),1.74,0.32,2.51,0.65,5.63,Simbad,05 34 19.47,-05 30 19.52,1,0.5199865810137587,0.04115710052451383
527,27,3148,,,,16.71,6.874998294395505,,2.94,3.494,M5(H),0.0,-0.74,1.46,0.14,5.35,Simbad,05 34 20.64,-05 32 34.77,1,0.13952019258131768,0.04115710052451383
528,28,3136,,,,15.77,,,,,,,,,,,Simbad,05 34 20.67,-05 30 45.61,2,0.0,0.0
529,29,3137,,1428.0,,15.79,,,,3.544,M2(B),,,,,,Simbad,05 34 20.67,-05 30 48.34,1,0.0,0.0
530,30,3081,,,,13.92,6.664998294395504,,2.52,3.526,M3(H),0.0,-0.82,1.16,0.22,6.19,Simbad,05 34 20.72,-05 23 28.71,1,0.15147702216024037,0.04115710052451383
531,31,3088,,,,13.95,6.774998294395504,,2.7,3.518,M3.5(H),0.0,-0.83,1.18,0.19,6.16,Simbad,05 34 20.92,-05 24 48.06,1,0.14500266529959244,0.04115710052451383
532,32,3017,,,,15.76,8.464998294395505,,,3.5,M4.5(H),0.0,-1.42,0.65,0.12,6.5,Simbad,05 34 21.83,-05 15 29.99,1,0.0,0.0
533,33,3160,,,,17.71,8.004998294395504,,3.84,3.494,M5(H),1.44,-0.85,1.3,0.13,5.61,Simbad,05 34 22.25,-05 34 47.06,1,0.0,0.0
534,34,3068,,,,13.56,7.404998294395504,,2.71,3.448,M7(H),0.0,-0.56,2.23,0.07,3.28,Simbad,05 34 22.32,-05 22 26.54,1,0.11128468851227458,0.04115710052451383
535,35,3033,,,,14.5,8.174998294395506,,2.75,3.79,F2-G0(H),5.68,-0.09,0.79,1.18,,Simbad,05 34 23.60,-05 17 23.30,1,0.0,0.0
536,36,3020,,,,15.25,5.394998294395505,,3.08,3.571,M0.5(H),3.09,0.37,3.69,0.23,4.07,Simbad,05 34 23.80,-05 15 39.78,1,0.32996881971020126,0.04115710052451383
537,37,3123,,,,14.12,8.004998294395504,,3.33,3.535,M2.5(H),2.44,-0.79,1.15,0.26,6.23,Simbad,05 34 23.89,-05 28 34.37,1,0.0,0.0
538,38,3067,,,,12.98,5.754998294395504,,1.59,3.562,M1(H),0.0,-0.51,1.39,0.39,6.13,Simbad,05 34 24.70,-05 22 09.97,1,0.26386827544290314,0.04115710052451383
539,39,3066,,1455.0,97.0,12.96,1.9949982943955042,,0.76,3.771,G0:(WSH)G0IV-V(Petal)G0-1IV(M)G0V(vA),0.37,1.06,3.27,2.37,6.44,Simbad,05 34 24.83,-05 22 05.09,1,0.0,0.0
540,40,3144,,,,15.58,7.874998294395505,,3.77,3.494,M5(H),1.26,-0.84,1.31,0.13,5.58,Simbad,05 34 25.12,-05 32 13.41,1,0.0,0.0
541,41,3065,,,,12.79,7.494998294395504,,3.72,3.544,M2(H),3.82,-0.26,2.02,0.25,5.48,Simbad,05 34 25.59,-05 21 57.11,1,0.10680229096343506,0.04115710052451383
542,42,3109,,,,12.97,5.0649982943955045,,2.43,3.688,K2-K3e(H),3.57,0.57,2.7,1.23,5.86,Simbad,05 34 26.07,-05 26 29.94,1,0.3949915947892526,0.04115710052451383
543,43,3085,,1459.0,,12.61,3.4549982943955033,,1.9,3.602,K7(H),0.8,0.58,4.05,0.31,4.14,Simbad,05 34 26.10,-05 24 18.63,1,0.9584798101206484,0.04115710052451383
544,44,3080,,,,12.5,6.304998294395505,,3.3,3.509,M4(H),1.0,-0.36,2.12,0.17,4.9,Simbad,05 34 26.43,-05 23 23.56,1,0.17491969828159168,0.04115710052451383
545,45,3051,,,,12.96,8.654998294395503,,3.39,3.509,M4(H),1.23,-1.24,0.77,0.15,6.44,Simbad,05 34 26.71,-05 19 40.99,1,0.0,0.0
546,46,3122,,1465.0,,13.45,5.714998294395505,,2.23,,,,,,,,Simbad,05 34 26.72,-05 28 31.88,1,0.2707362800532897,0.04115710052451383
547,47,3039,,,,13.47,8.234998294395504,,,3.451,M6-M7.5(H),0.0,-0.92,1.44,0.06,3.98,Simbad,05 34 26.91,-05 18 02.76,1,0.0,0.0
548,48,3145,,1471.0,,15.35,5.0649982943955045,,2.75,3.526,M3(H),0.52,-0.05,2.8,0.18,4.43,Simbad,05 34 26.98,-05 32 28.75,1,0.3949915947892526,0.04115710052451383
549,49,3029,,,,13.98,7.354998294395504,,3.11,3.494,M5(H),0.0,-0.94,1.17,0.13,6.0,Simbad,05 34 27.05,-05 16 48.26,1,0.11388820953838107,0.04115710052451383
550,50,3086,,1469.0,0.0,12.33,2.504998294395504,,1.5,3.722,G9IV-V(Petal),1.66,1.13,4.44,2.67,5.82,Simbad,05 34 27.26,-05 24 21.91,1,0.0,0.0
551,51,3120,,,,13.26,5.854998294395504,,3.06,,,,,,,,Simbad,05 34 27.46,-05 28 28.15,1,0.24618247082481823,0.04115710052451383
552,52,3142,,1470.0,,14.89,2.6949982943955035,,1.55,3.736,G8(H)K2(S),1.97,1.14,4.2,2.92,6.03,Simbad,05 34 27.61,-05 31 55.00,1,0.0,0.0
553,53,3110,,,,12.55,6.094998294395504,,2.27,3.623,K6e(H),2.12,-0.18,1.55,0.67,6.23,Simbad,05 34 27.85,-05 26 34.21,1,0.20460220961608844,0.04115710052451383
554,54,1,,,,12.51,7.514998294395504,,3.62,3.483,M5.5(H),0.11,-0.9,1.29,0.11,5.29,Simbad,05 34 28.13,-05 26 39.22,1,0.10571019090988754,0.04115710052451383
555,55,2,,1477.0,97.0,12.1,4.144998294395505,,1.61,3.643,K5Ve(D),0.77,0.26,2.33,0.67,5.71,Simbad,05 34 28.45,-05 24 57.72,1,0.6620478140154391,0.04115710052451383
556,56,3133,,,,13.95,8.654998294395503,,3.25,,,,,,,,Simbad,05 34 28.50,-05 30 32.14,1,0.0,0.0
557,57,3082,,,,11.89,7.874998294395505,,,,,,,,,,Simbad,05 34 28.89,-05 23 47.71,1,0.0,0.0
558,58,3,,1482.0,0.0,14.96,4.924998294395504,,2.5,3.58,K8-M0(H),1.81,0.24,3.05,0.27,4.59,Simbad,05 34 29.01,-05 14 14.41,1,0.42994556540869017,0.04115710052451383
559,59,5,,1484.0,1.0,11.82,2.884998294395505,,1.04,3.708,K1(WSH),0.29,0.64,2.69,1.73,6.1,Simbad,05 34 29.18,-05 23 56.52,1,0.0,0.0
560,60,4,,1483.0,0.0,14.67,4.704998294395503,,2.35,3.661,K4(H),2.96,0.56,3.04,0.8,5.52,Simbad,05 34 29.21,-05 14 39.61,1,0.4863825794317657,0.04115710052451383
561,61,3152,,,,15.64,7.274998294395504,,2.51,,,,,,,,Simbad,05 34 29.27,-05 33 39.63,1,0.11805972181025816,0.04115710052451383
562,62,7,,,96.0,12.04,7.644998294395505,,3.12,3.5,M4.5(H),0.0,-1.09,0.95,0.13,6.23,Simbad,05 34 29.30,-05 25 51.52,1,0.0,0.0
563,63,8,,,99.0,11.76,7.644998294395505,,,3.483,M5.5(H),0.0,-0.98,1.18,0.1,5.43,Simbad,05 34 29.38,-05 23 37.22,1,0.0,0.0
564,64,6,,,96.0,15.08,7.574998294395504,,2.92,3.633,K5-K6:(H),3.96,-0.33,1.24,0.86,6.69,Simbad,05 34 29.43,-05 13 55.01,1,0.10276415383508312,0.04115710052451383
565,65,9,,,0.0,11.74,6.654998294395504,,4.2,3.695,K2-K5(H),8.21,1.06,4.63,1.61,5.43,Simbad,05 34 29.46,-05 23 43.22,1,0.15186674571470185,0.04115710052451383
566,66,11,,,99.0,11.78,7.134998294395505,,3.58,3.465,M6-M6.5(H),0.0,-0.62,1.92,0.11,4.49,Simbad,05 34 29.92,-05 25 17.12,1,0.12524722044199446,0.04115710052451383
567,67,10,,1481.0,,16.36,5.604998294395504,,2.55,3.633,K5-K6e(H),3.01,0.23,2.36,0.59,5.66,Simbad,05 34 30.17,-05 11 48.01,1,0.29018603590311565,0.04115710052451383
568,68,12,,,0.0,13.18,7.744998294395504,,2.99,3.518,M3.5(H),0.72,-1.04,0.92,0.18,6.33,Simbad,05 34 30.24,-05 17 00.92,1,0.0,0.0
569,69,14,,1492.0,0.0,12.24,2.1049982943955037,,0.6,3.771,G0IV-V(Petal)G0V(vA),0.0,0.93,2.8,2.08,6.53,Simbad,05 34 30.24,-05 27 26.72,1,0.0,0.0
570,70,3063,,,,11.59,8.164998294395504,,3.24,3.5,M4.5(H),0.29,-1.23,0.81,0.13,6.35,Simbad,05 34 30.41,-05 21 55.50,1,0.0,0.0
571,71,13,,,17.0,16.81,7.474998294395505,,3.02,3.518,M3.5(H),0.79,-0.92,1.07,0.19,6.23,Simbad,05 34 30.54,-05 11 04.91,1,0.10762876383557718,0.04115710052451383
572,72,15,,,99.0,11.43,5.9849982943955045,,2.66,3.562,M1(H),1.75,-0.18,2.04,0.3,5.7,Simbad,05 34 31.08,-05 21 55.72,1,0.22385551330425044,0.04115710052451383
573,73,17,,,99.0,12.58,5.454998294395503,,3.0,3.509,M4(H),0.23,-0.2,2.53,0.16,4.39,Simbad,05 34 31.20,-05 28 54.52,1,0.3183097292121724,0.04115710052451383
574,74,3022,,,,13.58,8.444998294395505,,,,,,,,,,Simbad,05 34 31.27,-05 15 49.68,1,0.0,0.0
575,75,16,,,0.0,15.64,3.764998294395504,,3.28,3.719,G8-K2(H),6.18,1.73,8.96,3.93,,Simbad,05 34 31.45,-05 12 29.81,1,0.8110500541177226,0.04115710052451383
576,76,18,,,99.0,12.3,6.334998294395504,,2.66,3.544,M2(H),1.1,-0.46,1.6,0.29,5.91,Simbad,05 34 31.60,-05 28 26.52,1,0.17048235691748292,0.04115710052451383
577,77,21,,1497.0,95.0,16.37,5.704998294395503,,2.07,,,,,,,,Simbad,05 34 31.71,-05 35 20.32,1,0.27283133053348313,0.04115710052451383
578,78,20,,,99.0,11.6,5.704998294395503,,2.67,3.518,M3.5(H),0.0,-0.4,1.93,0.2,5.28,Simbad,05 34 31.83,-05 26 36.52,1,0.27283133053348313,0.04115710052451383
579,79,3115,,,,11.93,7.654998294395504,,3.68,3.526,M3(H),2.9,-0.5,1.66,0.23,5.87,Simbad,05 34 31.94,-05 27 42.25,1,0.0,0.0
580,80,19,,,84.0,16.32,7.3149982943955045,,4.55,3.483,M5.5(H),2.49,-0.23,2.75,0.16,4.05,Simbad,05 34 31.99,-05 11 24.71,1,0.11595520831583915,0.04115710052451383
581,81,22,,,99.0,11.18,5.8149982943955045,,2.38,3.555,M1.5(H),0.8,-0.34,1.75,0.32,5.83,Simbad,05 34 32.60,-05 21 07.32,1,0.2532400162737963,0.04115710052451383
582,83,25,,,99.0,10.8,7.134998294395505,,2.54,3.5,M4.5(H),0.0,-0.88,1.21,0.14,6.05,Simbad,05 34 33.51,-05 22 08.62,1,0.12524722044199446,0.04115710052451383
583,84,24,,1508.0,28.0,13.84,5.414998294395504,,2.08,3.562,M1(H),0.26,-0.31,1.75,0.34,5.84,Simbad,05 34 33.62,-05 14 36.12,1,0.3265947444687076,0.04115710052451383
584,85,26,,,99.0,11.36,7.1149982943955035,,3.55,3.471,M6(H),0.0,-0.67,1.77,0.12,4.66,Simbad,05 34 33.75,-05 27 17.72,1,0.12621642652430543,0.04115710052451383
585,86,28,,1516.0,68.0,15.66,5.334998294395504,,2.28,,,,,,,,Simbad,05 34 33.84,-05 34 51.42,1,0.34205496090371973,0.04115710052451383
586,87,27,,1510.0,93.0,11.76,3.004998294395504,,1.31,3.695,K2(WSH),0.8,0.72,3.1,1.41,5.79,Simbad,05 34 33.87,-05 28 24.22,1,1.2234778654454088,0.04115710052451383
587,88,29,,1518.0,97.0,13.57,3.5649982943955045,,1.6,3.695,K2IV(D),1.54,0.67,2.95,1.4,5.84,Simbad,05 34 35.05,-05 32 10.22,1,0.9034760160286305,0.04115710052451383
588,89,30,,,84.0,15.21,6.654998294395504,,3.27,3.509,M4(H),0.93,-0.52,1.77,0.18,5.31,Simbad,05 34 35.09,-05 34 32.32,1,0.15186674571470185,0.04115710052451383
589,90,33,,,98.0,16.14,6.604998294395504,,2.64,,,,,,,,Simbad,05 34 35.56,-05 35 52.52,1,0.1550208485162146,0.04115710052451383
590,91,32,,,99.0,12.09,6.574998294395504,,2.83,3.509,M4(H),0.0,-0.71,1.41,0.17,5.99,Simbad,05 34 35.61,-05 29 51.72,1,0.15662238073849444,0.04115710052451383
591,93,31,,,99.0,12.89,6.0649982943955045,,2.44,3.526,M2.5-3(H),0.0,-0.58,1.52,0.23,5.97,Simbad,05 34 35.88,-05 15 24.02,1,0.20938890724578588,0.04115710052451383
592,94,35,,1524.0,33.0,16.33,4.8149982943955045,,2.44,,,,,,,,Simbad,05 34 36.42,-05 36 17.42,1,0.4572942522257717,0.04115710052451383
593,95,36,,,99.0,12.54,6.204998294395503,,3.08,3.526,M3e(H),1.36,-0.3,2.1,0.21,5.15,Simbad,05 34 37.01,-05 31 08.52,1,0.18845194657974051,0.04115710052451383
594,96,37,,1527.0,92.0,15.08,4.8649982943955035,,1.68,3.679,K2-K5e(H),1.51,0.14,1.73,1.15,6.38,Simbad,05 34 37.35,-05 34 51.92,1,0.4445499197299528,0.04115710052451383
595,97,38,,,99.0,10.15,7.544998294395505,,3.73,3.494,M5(H),1.16,-0.73,1.48,0.14,5.32,Simbad,05 34 37.58,-05 26 21.22,1,0.1043607563104038,0.04115710052451383
596,98,39,,,99.0,10.51,6.204998294395503,,2.4,3.526,M3(H),0.0,-0.63,1.43,0.23,6.03,Simbad,05 34 38.02,-05 27 40.12,1,0.18845194657974051,0.04115710052451383
597,99,41,,,96.0,15.72,7.334998294395504,,3.02,,,,,,,,Simbad,05 34 38.07,-05 35 49.82,1,0.11476951568632249,0.04115710052451383
598,100,40,,,99.0,9.62,6.394998294395505,,2.89,3.518,M3.5(H),0.46,-0.57,1.6,0.21,5.91,Simbad,05 34 38.15,-05 24 23.42,1,0.16701366941700335,0.04115710052451383
599,101,42,,,0.0,9.64,8.324998294395504,,,,G:(H),,,,,,Simbad,05 34 38.67,-05 21 24.62,1,0.0,0.0
600,102,3154,,,,14.17,8.014998294395506,,,,,,,,,,Simbad,05 34 39.03,-05 34 01.96,1,0.0,0.0
601,103,3113,,,,10.03,8.134998294395503,,3.05,,,,,,,,Simbad,05 34 39.46,-05 27 17.16,1,0.0,0.0
602,104,43,,,99.0,10.95,7.714998294395505,,3.73,3.483,M5.5(H),0.39,-0.91,1.27,0.11,5.31,Simbad,05 34 39.70,-05 17 24.22,1,0.0,0.0
603,105,45,,1540.0,0.0,9.24,1.8049982943955047,,1.49,3.661,K4(WSH)K1IV-V(Petal)K1(D)K4V(vA),0.75,1.19,6.23,0.94,4.52,Simbad,05 34 39.70,-05 24 25.22,1,0.0,0.0
604,106,47,,1542.0,98.0,11.36,5.714998294395505,,,,,,,,,,Simbad,05 34 39.78,-05 30 06.22,1,0.2707362800532897,0.04115710052451383
605,107,46,,1541.0,97.0,9.74,3.0349982943955034,,1.27,3.708,K1(WSH)K0IV(D)K3III-IVe(W),0.88,0.73,2.96,1.77,5.99,Simbad,05 34 39.80,-05 26 41.62,1,1.2047600268868217,0.04115710052451383
606,108,49,,,99.0,11.32,5.914998294395504,,,,,,,,,,Simbad,05 34 39.90,-05 30 03.92,1,0.2362665720741045,0.04115710052451383
607,109,48,,,99.0,9.51,7.414998294395504,,4.6,3.471,M6(H),1.71,-0.37,2.49,0.14,4.33,Simbad,05 34 39.92,-05 26 03.62,1,0.11071425928065064,0.04115710052451383
608,110,44,,1539.0,90.0,16.1,1.7149982943955049,,0.94,4.053,B8(WSH)A0(Par)B8V(Her)B8V(vA),2.63,2.24,3.45,3.87,,Simbad,05 34 39.93,-05 10 06.81,1,0.0,0.0
609,111,51,,,99.0,9.5,6.3649982943955035,,2.37,3.555,M1.5(H),0.77,-0.57,1.35,0.36,6.14,Simbad,05 34 40.74,-05 26 38.32,1,0.16873910038769335,0.04115710052451383
610,112,52,,,99.0,10.11,6.494998294395504,,3.64,3.494,M5(H),0.93,-0.37,2.25,0.15,4.53,Simbad,05 34 40.75,-05 28 09.12,1,0.1611124224814569,0.04115710052451383
611,113,50,,1552.0,98.0,8.93,3.5649982943955045,,1.75,3.602,K1e(H)G-Ke(Par)K7.3(P),0.42,0.44,3.46,0.34,4.55,Simbad,05 34 40.79,-05 22 42.12,1,0.9034760160286305,0.04115710052451383
612,114,53,,,99.0,9.27,7.764998294395504,,2.8,3.58,M0(H),2.58,-0.71,1.02,0.56,6.77,Simbad,05 34 40.86,-05 25 59.62,1,0.0,0.0
613,115,56,,,88.0,14.07,8.174998294395506,,3.77,3.509,M4(H),2.21,-0.81,1.26,0.17,6.08,Simbad,05 34 41.48,-05 34 24.82,1,0.0,0.0
614,116,54,,,99.0,8.74,7.184998294395504,,3.58,3.494,M5(H),0.77,-0.68,1.57,0.14,5.23,Simbad,05 34 41.54,-05 23 57.22,1,0.12269890121487802,0.04115710052451383
615,117,57,,,97.0,16.01,7.714998294395505,,3.11,,,,,,,,Simbad,05 34 41.61,-05 36 49.12,1,0.0,0.0
616,118,55,,,95.0,9.37,6.3149982943955045,,2.67,3.526,M3(H),0.31,-0.6,1.48,0.23,6.0,Simbad,05 34 41.63,-05 26 52.62,1,0.17357650357897603,0.04115710052451383
617,119,58,,,0.0,14.1,8.044998294395503,,3.85,,,,,,,,Simbad,05 34 41.74,-05 34 29.52,1,0.0,0.0
618,120,3062,,,,8.81,8.484998294395504,,,3.494,M5(H),0.0,-1.39,0.69,0.11,6.42,Simbad,05 34 41.74,-05 21 49.21,1,0.0,0.0
619,121,3060,,,,8.83,8.184998294395504,,2.33,,,,,,,,Simbad,05 34 41.87,-05 21 31.71,1,0.0,0.0
620,122,59,,,88.0,13.71,7.294998294395505,,3.83,3.5,M4.5(H),1.81,-0.51,1.86,0.16,5.06,Simbad,05 34 42.33,-05 12 38.02,1,0.11685250961145867,0.04115710052451383
621,123,60,,1563.0,58.0,13.96,3.6549982943955044,,2.41,3.708,K0-K1(H)M1e:(GCVS)M1(B),3.8,1.19,5.06,2.22,5.52,Simbad,05 34 42.35,-05 12 18.61,1,0.8604269378241711,0.04115710052451383
622,124,3073,,,,8.52,8.514998294395506,,,,,,,,,,Simbad,05 34 42.40,-05 22 45.83,1,0.0,0.0
623,125,61,,,46.0,9.94,5.434998294395504,,2.86,,,,,,,,Simbad,05 34 42.65,-05 28 37.12,1,0.3224256265775923,0.04115710052451383
624,126,62,,,99.0,8.62,6.504998294395504,,3.05,3.695,early-K:(H),5.26,0.4,2.17,1.38,6.21,Simbad,05 34 42.78,-05 25 16.02,1,0.16069897248184123,0.04115710052451383
625,127,63,,1569.0,99.0,8.99,4.664998294395504,,2.06,3.623,K6(H),1.58,0.26,2.57,0.5,5.55,Simbad,05 34 42.89,-05 20 06.82,1,0.4964842027277221,0.04115710052451383
626,128,65,,,99.0,10.67,5.7349982943955045,,2.25,3.58,M0(H),1.17,-0.24,1.75,0.39,5.85,Simbad,05 34 43.32,-05 30 06.52,1,0.26728021871715163,0.04115710052451383
627,129,3008,,,,11.98,8.474998294395503,,,,,,,,,,Simbad,05 34 43.38,-05 14 42.12,1,0.0,0.0
628,130,64,,1575.0,0.0,9.58,2.3549982943955037,,0.56,3.836,"F1V(vA)F0-F2III,V(LDW)",0.51,1.04,2.36,1.86,6.78,Simbad,05 34 43.54,-05 18 27.22,1,0.0,0.0
629,131,67,,,0.0,8.44,8.534998294395505,,,,,,,,,,Simbad,05 34 43.67,-05 25 26.22,1,0.0,0.0
630,132,68,,,84.0,14.71,8.744998294395502,,,,,,,,,,Simbad,05 34 43.74,-05 35 36.72,1,0.0,0.0
631,133,66,,,0.0,13.26,8.234998294395504,,3.13,3.67,K2-K5(H),5.1,-0.33,1.05,0.98,7.1,Simbad,05 34 43.78,-05 12 55.42,1,0.0,0.0
632,136,70,,,99.0,8.47,7.184998294395504,,3.89,3.494,M5(H),1.57,-0.49,1.96,0.14,4.82,Simbad,05 34 44.33,-05 26 05.72,1,0.12269890121487802,0.04115710052451383
633,137,71,,,99.0,8.1,7.524998294395504,,2.99,3.509,M4(H),0.21,-1.04,0.97,0.16,6.26,Simbad,05 34 44.41,-05 24 38.12,1,0.10516833574740582,0.04115710052451383
634,138,73,,,99.0,13.02,5.954998294395503,,1.85,3.562,M1e(H),0.0,-0.59,1.27,0.41,6.28,Simbad,05 34 44.65,-05 33 41.92,1,0.22909264469661786,0.04115710052451383
635,139,75,,1587.0,99.0,8.01,3.0249982943955036,,1.61,3.695,K2(WSH)K2(Sam),1.57,0.89,3.82,1.5,5.59,Simbad,05 34 45.10,-05 25 03.62,1,1.2109672701172192,0.04115710052451383
636,140,74,,1586.0,0.0,14.82,5.834998294395504,,2.22,3.526,M3e(H),0.0,-0.49,1.7,0.23,5.84,Simbad,05 34 45.12,-05 10 47.42,1,0.25000730202938626,0.04115710052451383
637,141,3026,,,,10.46,8.314998294395503,,,3.494,M5(H),0.0,-1.32,0.75,0.11,6.38,Simbad,05 34 45.18,-05 16 25.38,1,0.0,0.0
638,142,76,,,99.0,9.77,5.474998294395505,,2.97,3.509,M4(H),0.16,-0.23,2.45,0.16,4.48,Simbad,05 34 45.48,-05 29 20.52,1,0.31505487326122356,0.04115710052451383
639,143,77,,1595.0,99.0,7.8,5.524998294395504,,2.16,3.58,M0(H),0.94,-0.21,1.81,0.38,5.81,Simbad,05 34 45.83,-05 24 55.42,1,0.3047046903109209,0.04115710052451383
640,144,79,,,98.0,16.07,7.454998294395503,,3.18,3.5,M4.5(H),0.14,-0.98,1.08,0.14,6.13,Simbad,05 34 45.98,-05 37 31.72,1,0.10874068481250816,0.04115710052451383
641,145,82,,,16.0,17.48,4.284998294395503,,2.05,,,,,,,,Simbad,05 34 46.17,-05 39 08.42,1,0.6145078678004886,0.04115710052451383
642,146,78,,,0.0,8.77,7.274998294395504,,2.63,3.562,M1:(H),1.67,-0.71,1.1,0.42,6.49,Simbad,05 34 46.27,-05 18 53.32,1,0.11805972181025816,0.04115710052451383
643,147,81,,1600.0,97.0,7.61,4.824998294395504,,2.04,3.58,M0(H),0.63,-0.01,2.3,0.32,5.52,Simbad,05 34 46.32,-05 24 31.52,1,0.4549502279722068,0.04115710052451383
644,148,83,,,99.0,7.48,6.634998294395505,,3.12,3.544,M2e(H),2.28,-0.29,1.95,0.26,5.64,Simbad,05 34 46.49,-05 23 25.32,1,0.15304194284185593,0.04115710052451383
645,149,80,,1594.0,0.0,14.73,5.494998294395504,,2.07,3.695,K2(H),2.75,0.19,1.7,1.34,6.52,Simbad,05 34 46.58,-05 10 40.52,1,0.31103306663070596,0.04115710052451383
646,150,84,,,99.0,7.7,7.594998294395504,,3.33,3.526,M3(H),2.01,-0.7,1.32,0.23,6.09,Simbad,05 34 46.62,-05 21 24.52,1,0.10171334549666944,0.04115710052451383
647,151,86,,,99.0,7.91,7.744998294395504,,2.81,,,,,,,,Simbad,05 34 46.69,-05 26 04.52,1,0.0,0.0
648,152,85,,,99.0,7.66,6.6949982943955035,,2.61,3.535,M2.5(H),0.59,-0.71,1.25,0.26,6.15,Simbad,05 34 46.71,-05 21 29.02,1,0.14954335490479054,0.04115710052451383
649,153,88,,1606.0,65.0,13.89,5.014998294395504,,2.48,3.555,M1.5(H),1.06,0.04,2.72,0.24,4.7,Simbad,05 34 46.82,-05 35 07.62,1,0.4063151919684083,0.04115710052451383
650,154,87,,,99.0,10.21,7.6949982943955035,,3.55,3.518,M3.5(H),2.15,-0.67,1.41,0.2,6.04,Simbad,05 34 46.88,-05 16 19.62,1,0.0,0.0
651,155,3161,,,,13.81,7.784998294395503,,3.06,,,,,,,,Simbad,05 34 46.89,-05 35 03.00,1,0.0,0.0
652,156,1605,,1605.0,99.0,13.14,-0.5150017056044955,,0.41,3.993,A0(WSH)B9(Par)A0(S)B9.5V+A0.5(LA)A0V(vA)A0-1V(J),1.0,2.55,6.47,4.47,,Simbad,05 34 46.90,-05 34 14.82,1,0.0,0.0
653,157,3038,,,,8.99,8.254998294395504,,2.81,3.494,M5(H),0.0,-1.3,0.77,0.11,6.36,Simbad,05 34 47.12,-05 18 09.64,1,0.0,0.0
654,159,91,,1604.0,99.0,10.29,5.404998294395504,,2.44,3.509,M4(H),0.0,-0.24,2.43,0.16,4.51,Simbad,05 34 47.80,-05 30 46.12,1,0.3282774472239819,0.04115710052451383
655,160,93,,,88.0,14.27,7.474998294395505,,,3.5,M4.5(H),0.0,-1.02,1.03,0.14,6.17,Simbad,05 34 47.81,-05 35 43.82,1,0.10762876383557718,0.04115710052451383
656,161,90,,,99.0,7.15,7.524998294395504,,3.85,3.526,M3(H),3.34,-0.35,1.99,0.22,5.28,Simbad,05 34 47.85,-05 23 40.12,1,0.10516833574740582,0.04115710052451383
657,162,92,,,99.0,7.13,8.204998294395503,,,3.518,M3.5(H),0.0,-1.4,0.61,0.17,6.71,Simbad,05 34 48.04,-05 22 38.32,1,0.0,0.0
658,163,3130,,,,9.8,8.624998294395505,,3.48,3.5,M4.5(H),0.91,-1.26,0.78,0.13,6.37,Simbad,05 34 48.14,-05 30 09.78,1,0.0,0.0
659,164,94,,,99.0,11.59,7.074998294395504,,4.05,3.535,M2.5(H),4.28,0.04,2.97,0.19,4.34,Simbad,05 34 48.19,-05 32 34.62,1,0.12817739687723836,0.04115710052451383
660,165,95,,1612.0,95.0,15.68,4.764998294395504,,1.77,3.591,K8(H),0.15,-0.12,1.93,0.4,5.77,Simbad,05 34 48.20,-05 37 23.12,1,0.47040393854026324,0.04115710052451383
661,166,96,,,99.0,10.44,7.9849982943955045,,,,,,,,,,Simbad,05 34 48.37,-05 31 06.82,1,0.0,0.0
662,167,98,,,99.0,8.13,6.534998294395503,,3.2,3.509,M4(H),0.75,-0.51,1.78,0.18,5.3,Simbad,05 34 48.69,-05 19 07.22,1,0.15905575532920044,0.04115710052451383
663,168,97,,,99.0,8.91,6.904998294395504,,3.66,3.518,M3.5(H),2.44,-0.29,2.2,0.2,4.97,Simbad,05 34 48.71,-05 17 46.32,1,0.137739159233678,0.04115710052451383
664,169,100,,,99.0,12.3,7.124998294395505,,3.24,3.535,M2.5(H),2.21,-0.49,1.62,0.26,5.9,Simbad,05 34 48.72,-05 33 32.72,1,0.1255694593614092,0.04115710052451383
665,170,99,,,99.0,6.92,4.974998294395505,,2.51,3.562,M1(H),1.36,0.13,2.92,0.24,4.57,Simbad,05 34 48.75,-05 23 17.52,1,0.4168908271296461,0.04115710052451383
666,171,101,,,99.0,10.86,6.144998294395505,,1.22,,mid-G:e(H),,,,,,Simbad,05 34 48.79,-05 31 45.42,1,0.19636110785149885,0.04115710052451383
667,172,103,,,99.0,10.67,8.164998294395504,,3.28,3.535,M2.5(H),2.31,-0.88,1.03,0.26,6.33,Simbad,05 34 48.84,-05 31 31.12,1,0.0,0.0
668,173,102,,,99.0,8.45,6.744998294395504,,3.15,3.518,M3.5(H),1.13,-0.54,1.64,0.21,5.88,Simbad,05 34 48.87,-05 28 16.52,1,0.14687761926208237,0.04115710052451383
669,174,104,,,99.0,7.51,7.104998294395504,,2.6,3.526,M3e(H),0.13,-0.96,0.98,0.21,6.33,Simbad,05 34 48.99,-05 26 26.22,1,0.1265411590393429,0.04115710052451383
670,175,105,,,99.0,8.35,7.804998294395505,,,3.471,M6(H),0.0,-0.94,1.29,0.09,4.97,Simbad,05 34 48.99,-05 28 08.42,1,0.0,0.0
671,176,106,,,99.0,8.13,5.344998294395504,,2.42,3.526,M3(H),0.0,-0.29,2.12,0.21,5.13,Simbad,05 34 49.22,-05 18 55.32,1,0.3403016366043042,0.04115710052451383
672,177,107,,,99.0,8.8,6.1149982943955035,,2.72,3.555,M1.5e(H),1.67,-0.25,1.95,0.29,5.72,Simbad,05 34 49.48,-05 29 02.82,1,0.20095500373992156,0.04115710052451383
673,178,108,,1623.0,92.0,8.09,1.2049982943955033,,0.9,3.94,A3(WSH)A3:(H)A2(Par)A2Vp(LA)A5V:(vA)A6-7V(J)Am(M)A2(T),2.07,2.01,4.46,3.59,,Simbad,05 34 49.91,-05 18 44.42,1,0.0,0.0
674,179,109,,,99.0,9.03,7.954998294395503,,3.13,3.535,M2.5(H),1.92,-0.89,1.02,0.26,6.34,Simbad,05 34 50.02,-05 17 12.22,1,0.0,0.0
675,180,110,,,99.0,7.4,8.534998294395505,,,3.483,M4-M7(H),0.0,-1.33,0.78,0.09,6.32,Simbad,05 34 50.06,-05 19 59.92,1,0.0,0.0
676,181,3165,,,,13.92,8.504998294395504,,3.56,,,,,,,,Simbad,05 34 50.13,-05 35 38.60,1,0.0,0.0
677,182,113,,,99.0,7.19,6.1149982943955035,,2.23,3.623,K6e(H),2.02,-0.21,1.49,0.69,6.3,Simbad,05 34 50.36,-05 20 20.22,1,0.20095500373992156,0.04115710052451383
678,183,112,,,99.0,9.47,8.034998294395505,,2.87,3.535,M2.5(H),1.26,-1.09,0.81,0.25,6.58,Simbad,05 34 50.38,-05 16 29.72,1,0.0,0.0
679,184,115,,,99.0,11.53,8.014998294395506,,3.92,3.483,M5.5(H),0.88,-0.91,1.27,0.11,5.31,Simbad,05 34 50.38,-05 32 53.52,1,0.0,0.0
680,185,114,,,99.0,6.5,7.254998294395504,,2.14,3.562,M1e(H),0.42,-1.01,0.78,0.41,6.96,Simbad,05 34 50.42,-05 23 35.02,1,0.11897330855534234,0.04115710052451383
681,186,111,,1622.0,98.0,13.82,4.954998294395503,,1.83,3.591,K8(H),0.3,-0.15,1.84,0.42,5.82,Simbad,05 34 50.43,-05 11 10.52,1,0.42228142534132335,0.04115710052451383
682,187,116,,1633.0,99.0,6.48,4.034998294395503,,1.44,3.643,K5(H),0.33,0.2,2.17,0.69,5.8,Simbad,05 34 50.63,-05 24 01.02,1,0.6987532505129153,0.04115710052451383
683,188,117,,,99.0,7.39,5.0649982943955045,,2.13,3.58,M0e(H),0.86,-0.05,2.19,0.33,5.59,Simbad,05 34 50.65,-05 27 00.62,1,0.3949915947892526,0.04115710052451383
684,189,120,,,99.0,8.8,6.264998294395504,,3.01,3.5,M4.5(H),0.0,-0.54,1.8,0.16,5.13,Simbad,05 34 50.77,-05 29 24.62,1,0.18039722556766316,0.04115710052451383
685,190,118,,,99.0,8.38,6.7349982943955045,,3.09,3.483,M5.5(H),0.0,-0.61,1.79,0.13,4.76,Simbad,05 34 50.92,-05 17 56.42,1,0.14725550936734935,0.04115710052451383
686,191,119,,,0.0,12.56,7.944998294395505,,3.23,,G:(H),,,,,,Simbad,05 34 51.06,-05 12 31.82,1,0.0,0.0
687,192,121,,,99.0,9.04,6.8149982943955045,,3.71,3.526,M3(H),2.98,-0.15,2.49,0.2,4.72,Simbad,05 34 51.13,-05 16 54.82,1,0.14278428721830652,0.04115710052451383
688,193,122,,,98.0,11.7,6.354998294395504,,3.02,3.494,M5(H),0.0,-0.54,1.85,0.14,4.95,Simbad,05 34 51.36,-05 13 29.52,1,0.16917323621266467,0.04115710052451383
689,194,123,,1642.0,99.0,6.5,5.474998294395505,,2.19,3.695,K2(H),3.06,0.28,1.88,1.37,6.4,Simbad,05 34 51.48,-05 25 12.62,1,0.31505487326122356,0.04115710052451383
690,195,124,,,99.0,6.41,5.854998294395504,,2.76,3.518,M3.5(H),0.13,-0.43,1.87,0.2,5.38,Simbad,05 34 51.72,-05 21 38.92,1,0.24618247082481823,0.04115710052451383
691,196,125,,1641.0,99.0,6.19,6.574998294395504,,2.94,3.518,M3.5(H),0.59,-0.61,1.53,0.2,5.98,Simbad,05 34 51.93,-05 24 18.42,1,0.15662238073849444,0.04115710052451383
692,197,127,,,99.0,6.26,6.1949982943955035,,2.94,3.518,M3.5e(H),0.59,-0.45,1.82,0.2,5.46,Simbad,05 34 51.95,-05 24 42.62,1,0.18991025257810012,0.04115710052451383
693,198,128,,,97.0,6.14,4.554998294395505,,2.82,3.535,M2.5(H),1.13,0.28,3.9,0.15,3.64,Simbad,05 34 52.08,-05 22 31.72,1,0.5294240076938914,0.04115710052451383
694,200,126,,,99.0,12.84,6.344998294395504,,2.55,3.526,M3(H),0.01,-0.69,1.34,0.23,6.08,Simbad,05 34 52.19,-05 12 03.22,1,0.1700448616001363,0.04115710052451383
695,201,132,,,99.0,9.06,6.474998294395505,,3.01,,,,,,,,Simbad,05 34 52.25,-05 30 07.52,1,0.16235916583635,0.04115710052451383
696,202,130,,,99.0,6.25,7.804998294395505,,,,,,,,,,Simbad,05 34 52.27,-05 25 00.32,1,0.0,0.0
697,203,133,,,99.0,6.01,5.124998294395505,,2.08,3.555,M1.5(H),0.03,-0.25,1.94,0.29,5.73,Simbad,05 34 52.51,-05 24 03.42,1,0.3829981883972262,0.04115710052451383
698,204,131,,,99.0,9.8,7.854998294395504,,,,,,,,,,Simbad,05 34 52.52,-05 15 36.72,1,0.0,0.0
699,205,135,,,99.0,8.73,6.3649982943955035,,2.93,3.526,M3e(H),0.98,-0.46,1.75,0.23,5.77,Simbad,05 34 52.56,-05 29 44.82,1,0.16873910038769335,0.04115710052451383
700,206,134,,,99.0,6.27,8.034998294395505,,,,,,,,,,Simbad,05 34 52.60,-05 21 25.12,1,0.0,0.0
701,207,136,,,99.0,7.47,5.744998294395504,,2.81,,,,,,,,Simbad,05 34 52.68,-05 27 54.52,1,0.265910178940527,0.04115710052451383
702,208,137,,,99.0,7.45,5.514998294395504,,,,,,,,,,Simbad,05 34 52.68,-05 27 52.52,1,0.3070626000363092,0.04115710052451383
703,209,139,,,99.0,11.99,6.964998294395505,,3.13,3.518,M3.5(H),1.08,-0.65,1.46,0.2,6.02,Simbad,05 34 52.75,-05 33 48.02,1,0.134245009205239,0.04115710052451383
704,210,138,,,99.0,8.13,6.604998294395504,,2.5,3.518,M3.5e(H),0.0,-0.76,1.28,0.2,6.11,Simbad,05 34 52.84,-05 28 58.62,1,0.1550208485162146,0.04115710052451383
705,211,140,,,99.0,14.14,5.784998294395503,,3.1,3.518,M3.5(H),1.0,-0.19,2.47,0.17,4.57,Simbad,05 34 53.35,-05 10 27.92,1,0.2584995287564358,0.04115710052451383
706,212,141,,,96.0,6.57,7.344998294395504,,2.84,,G:(H),,,,,,Simbad,05 34 53.52,-05 26 36.72,1,0.11447499180364756,0.04115710052451383
707,213,143,,,99.0,5.75,8.054998294395505,,,3.483,M5.5(H),0.0,-1.14,0.97,0.1,6.02,Simbad,05 34 53.80,-05 22 20.42,1,0.0,0.0
708,214,144,,,99.0,7.18,7.704998294395503,,3.7,3.526,M3(H),2.96,-0.51,1.64,0.23,5.88,Simbad,05 34 53.85,-05 27 48.72,1,0.0,0.0
709,215,145,,,99.0,5.67,7.794998294395505,,3.18,3.483,M5.3(P),0.0,-1.04,1.1,0.1,5.58,Simbad,05 34 54.03,-05 22 26.22,1,0.0,0.0
710,216,148,,,99.0,7.85,7.274998294395504,,3.73,3.58,M0(H),4.97,0.07,2.51,0.3,5.12,Simbad,05 34 54.10,-05 28 53.82,1,0.11805972181025816,0.04115710052451383
711,217,146,,,99.0,5.84,5.394998294395505,,2.27,3.544,M2(H),0.1,-0.33,1.87,0.27,5.73,Simbad,05 34 54.17,-05 21 35.12,1,0.32996881971020126,0.04115710052451383
712,218,147,,,99.0,8.17,6.714998294395505,,3.27,3.494,M5(H),0.0,-0.68,1.57,0.14,5.23,Simbad,05 34 54.32,-05 17 21.12,1,0.14839502316118028,0.04115710052451383
713,219,149,,,99.0,7.35,7.464998294395505,,3.25,3.526,M3e(H),1.8,-0.7,1.33,0.23,6.09,Simbad,05 34 54.56,-05 28 17.72,1,0.10818329577621665,0.04115710052451383
714,220,151,,,99.0,5.72,7.354998294395504,,3.19,3.526,M3e(H),1.65,-0.69,1.34,0.23,6.08,Simbad,05 34 54.75,-05 25 12.22,1,0.11388820953838107,0.04115710052451383
715,221,150,,,99.0,8.33,5.924998294395504,,2.87,3.623,K4-K6e(H),3.66,0.27,2.58,0.5,5.54,Simbad,05 34 54.86,-05 17 01.62,1,0.2344522995185676,0.04115710052451383
716,222,3111,,,,6.47,8.084998294395506,,3.85,3.483,M5.5e(H),0.7,-0.98,1.17,0.1,5.44,Simbad,05 34 54.91,-05 26 58.44,1,0.0,0.0
717,223,152,,,99.0,5.76,6.034998294395503,,2.78,3.526,M3(H),0.6,-0.42,1.83,0.22,5.61,Simbad,05 34 54.97,-05 25 29.02,1,0.2148389143673849,0.04115710052451383
718,224,153,,1660.0,98.0,8.77,0.8449982943955039,,-0.01,4.025,B8(WSH)B9(Par)B8.5V(LA)B9V(vA)B8-9V(J)B8V(M)B8-9(S)B9n(T),0.13,1.89,2.63,3.08,,Simbad,05 34 55.20,-05 30 21.52,1,0.0,0.0
719,225,156,,,29.0,13.76,7.374998294395505,,3.4,3.571,M0.5(H),3.91,-0.22,1.86,0.35,5.78,Simbad,05 34 55.45,-05 36 06.12,1,0.11272365287378783,0.04115710052451383
720,226,155,,,99.0,8.14,6.844998294395504,,3.26,3.5,M4.5(H),0.35,-0.69,1.52,0.15,5.44,Simbad,05 34 55.51,-05 29 37.02,1,0.14096158634361733,0.04115710052451383
721,227,3046,,,,6.31,8.324998294395504,,,3.494,M5(H),0.0,-1.32,0.75,0.11,6.38,Simbad,05 34 55.74,-05 19 45.07,1,0.0,0.0
722,228,154,,,0.0,15.88,6.644998294395505,,2.72,3.719,G8-K1(H),4.75,0.23,1.59,1.44,6.77,Simbad,05 34 55.81,-05 08 21.12,1,0.15264920347244804,0.04115710052451383
723,229,159,,,99.0,9.36,5.784998294395503,,2.46,3.544,M2(H),0.59,-0.37,1.79,0.28,5.79,Simbad,05 34 55.88,-05 31 12.52,1,0.2584995287564358,0.04115710052451383
724,230,157,,1659.0,99.0,5.13,2.0649982943955045,,1.56,3.679,K2(WSH)K2-K4(P)K0(vA)K0(vA)K1(CK)K4III(Ham),1.21,1.19,5.76,1.34,5.15,Simbad,05 34 55.89,-05 23 12.62,1,0.0,0.0
725,231,158,,,99.0,7.94,5.174998294395504,,2.15,3.555,M1.5(H),0.21,-0.23,1.99,0.28,5.69,Simbad,05 34 55.89,-05 29 25.92,1,0.37328233752136986,0.04115710052451383
726,232,162,,,99.0,11.46,7.2349982943955045,,2.88,3.471,M5-M6(H),0.0,-0.71,1.68,0.11,4.71,Simbad,05 34 56.27,-05 33 40.12,1,0.11989396494897386,0.04115710052451383
727,233,166,,,99.0,15.55,6.164998294395504,,2.81,3.494,M5(H),0.0,-0.46,2.02,0.14,4.76,Simbad,05 34 56.30,-05 38 05.72,1,0.19385447655467666,0.04115710052451383
728,234,165,,1667.0,97.0,9.62,3.6449982943955046,,1.82,3.897,A7(?),4.2,1.49,2.97,2.3,6.65,Simbad,05 34 56.39,-05 31 35.62,1,0.8648600856427139,0.04115710052451383
729,235,164,,,99.0,6.7,5.924998294395504,,2.38,3.544,M2e(H),0.39,-0.47,1.58,0.3,5.93,Simbad,05 34 56.43,-05 27 50.52,1,0.2344522995185676,0.04115710052451383
730,236,160,,,99.0,13.14,7.384998294395505,,3.28,3.535,M2.5(H),2.31,-0.57,1.48,0.27,6.0,Simbad,05 34 56.54,-05 11 12.42,1,0.11243437912618026,0.04115710052451383
731,237,168,,,99.0,5.9,6.914998294395504,,3.16,3.483,M5.5(H),0.0,-0.68,1.64,0.12,4.89,Simbad,05 34 56.67,-05 26 36.82,1,0.13703312820805735,0.04115710052451383
732,238,161,,,97.0,13.57,7.094998294395504,,3.02,3.509,M4(H),0.28,-0.85,1.21,0.17,6.11,Simbad,05 34 56.70,-05 10 43.72,1,0.12719313265673068,0.04115710052451383
733,239,163,,1665.0,99.0,12.81,3.764998294395504,,1.3,3.643,K5(H)K6(CK),0.0,0.22,2.24,0.68,5.76,Simbad,05 34 56.74,-05 11 33.02,1,0.8110500541177226,0.04115710052451383
734,240,167,,,99.0,5.22,6.824998294395504,,3.08,3.602,K7(H),3.83,-0.03,2.01,0.44,5.73,Simbad,05 34 56.76,-05 21 36.22,1,0.14241787125492958,0.04115710052451383
735,241,169,,,99.0,5.05,7.8649982943955035,,,,,,,,,,Simbad,05 34 56.85,-05 22 06.02,1,0.0,0.0
736,242,171,,,99.0,4.89,6.854998294395504,,2.96,3.509,M4(H),0.13,-0.79,1.29,0.17,6.06,Simbad,05 34 56.93,-05 22 59.82,1,0.14059984783257048,0.04115710052451383
737,243,173,,,99.0,11.21,6.994998294395504,,3.65,3.509,M4(H),1.9,-0.41,1.99,0.18,5.07,Simbad,05 34 57.06,-05 33 29.12,1,0.13253131576972157,0.04115710052451383
738,244,170,,,2.0,15.74,5.644998294395505,,2.42,3.719,late-G/early-K(H),3.98,0.44,2.03,1.69,6.51,Simbad,05 34 57.13,-05 08 23.72,1,0.283552289977892,0.04115710052451383
739,245,172,,,99.0,10.03,8.074998294395504,,3.45,3.5,M4.5(H),0.83,-1.06,0.99,0.14,6.2,Simbad,05 34 57.29,-05 14 33.42,1,0.0,0.0
740,246,174,,,99.0,8.73,6.054998294395505,,2.4,3.535,M2.5(H),0.05,-0.59,1.44,0.27,6.02,Simbad,05 34 57.36,-05 30 41.52,1,0.2115521200339485,0.04115710052451383
741,247,176,,1673.0,99.0,4.71,3.4949982943955042,,1.89,3.591,K8(H),0.45,0.47,3.77,0.18,3.9,Simbad,05 34 57.68,-05 23 51.82,1,0.936568654006576,0.04115710052451383
742,248,175,,,99.0,4.71,5.9849982943955045,,2.41,3.526,M3(H),0.0,-0.55,1.58,0.23,5.93,Simbad,05 34 57.69,-05 22 50.92,1,0.22385551330425044,0.04115710052451383
743,249,179,,,99.0,7.07,8.564998294395503,,,3.483,M5.5(H),0.0,-1.34,0.77,0.09,6.32,Simbad,05 34 57.78,-05 28 41.52,1,0.0,0.0
744,250,181,,,99.0,7.89,7.074998294395504,,3.28,3.526,M3(H),1.88,-0.52,1.62,0.23,5.9,Simbad,05 34 57.83,-05 29 45.42,1,0.12817739687723836,0.04115710052451383
745,251,177,,,99.0,7.37,6.4449982943955035,,2.9,3.58,M0(H),2.84,-0.12,2.02,0.35,5.71,Simbad,05 34 57.95,-05 17 37.62,1,0.16403651077516443,0.04115710052451383
746,252,182,,,48.0,7.8,8.474998294395503,,,,,,,,,,Simbad,05 34 57.96,-05 29 40.02,1,0.0,0.0
747,253,178,,,17.0,14.65,5.9449982943955035,,2.58,3.544,M2(H),0.9,-0.36,1.81,0.27,5.77,Simbad,05 34 58.11,-05 09 27.42,1,0.23086544239918652,0.04115710052451383
748,254,180,,,99.0,12.36,6.3649982943955035,,2.94,3.494,M5(H),0.0,-0.54,1.84,0.14,4.96,Simbad,05 34 58.11,-05 11 53.72,1,0.16873910038769335,0.04115710052451383
749,255,183,,,99.0,5.05,6.404998294395504,,3.45,3.494,M5(H),0.44,-0.45,2.05,0.15,4.73,Simbad,05 34 58.18,-05 25 32.92,1,0.16615758148262658,0.04115710052451383
750,256,184,,,99.0,4.99,7.644998294395505,,,3.555,M1.5(H),0.0,-1.27,0.6,0.35,7.18,Simbad,05 34 58.29,-05 21 16.52,1,0.0,0.0
751,257,186,,,99.0,10.46,8.044998294395503,,4.29,3.535,M2.5(H),4.9,-0.2,2.26,0.23,5.04,Simbad,05 34 58.44,-05 32 49.52,1,0.0,0.0
752,258,185,,,99.0,11.81,7.964998294395505,,3.33,3.483,M5.5(H),0.0,-1.1,1.01,0.1,5.89,Simbad,05 34 58.61,-05 12 26.12,1,0.0,0.0
753,259,187,,,99.0,4.89,6.184998294395504,,2.85,3.643,K5(H),3.95,0.22,2.23,0.68,5.77,Simbad,05 34 58.71,-05 21 17.52,1,0.19137984344999617,0.04115710052451383
754,260,188,,,99.0,6.42,6.2349982943955045,,2.38,3.526,M3(H),0.0,-0.65,1.41,0.23,6.04,Simbad,05 34 58.81,-05 28 02.92,1,0.18414387459125522,0.04115710052451383
755,261,5010,,,,10.59,8.824998294395504,,3.79,,late-G::(H),,,,,,Simbad,05 34 58.83,-05 13 44.79,1,0.0,0.0
756,262,189,,,99.0,4.34,7.154998294395504,,3.43,3.494,M4.5IV-M5V(H),0.39,-0.76,1.43,0.14,5.39,Simbad,05 34 59.10,-05 23 07.52,1,0.12396651293172012,0.04115710052451383
757,263,190,,,99.0,4.3,7.244998294395504,,,3.471,M6(H),0.0,-0.72,1.67,0.11,4.72,Simbad,05 34 59.22,-05 23 32.32,1,0.11958629059960592,0.04115710052451383
758,264,191,,,99.0,4.28,6.094998294395504,,2.78,3.535,M4(Eetal)M2.5(H),1.03,-0.37,1.87,0.24,5.67,Simbad,05 34 59.47,-05 23 59.92,1,0.20460220961608844,0.04115710052451383
759,265,192,,1686.0,99.0,4.8,5.644998294395505,,2.3,3.544,M2(H),0.18,-0.41,1.7,0.29,5.86,Simbad,05 34 59.54,-05 25 39.52,1,0.283552289977892,0.04115710052451383
760,266,195,,,27.0,13.92,5.854998294395504,,3.38,,,,,,,,Simbad,05 34 59.79,-05 36 39.42,1,0.24618247082481823,0.04115710052451383
761,267,193,,1684.0,99.0,4.11,3.2749982943955036,,1.58,3.719,K0-K2e(H)K0e(Par)K6(CK)K0e(J),1.83,0.87,3.3,2.2,6.03,Simbad,05 35 00.03,-05 23 01.62,1,1.054076910629851,0.04115710052451383
762,268,197,,1685.0,99.0,4.51,1.8049982943955047,,0.27,4.025,B9(WSH)A0(Par)A1Vn+Am(LA)B9V(vA)A0V(J)A0(T),0.85,1.69,2.07,2.51,6.69,Simbad,05 35 00.03,-05 25 15.82,1,0.0,0.0
763,269,5106,,,,4.14,9.234998294395504,,1.9,,>M2(H),,,,,,Simbad,05 35 00.13,-05 24 08.89,1,0.0,0.0
764,270,5038,,,,8.45,8.984998294395504,,,3.633,K5-K6:(H),0.0,-1.86,0.21,,,Simbad,05 35 00.14,-05 15 58.38,1,0.0,0.0
765,271,196,,,95.0,6.09,6.344998294395504,,2.72,3.58,M0(H),2.38,-0.19,1.86,0.38,5.79,Simbad,05 35 00.16,-05 18 50.72,1,0.1700448616001363,0.04115710052451383
766,272,194,,,99.0,14.22,7.684998294395504,,2.99,3.483,M5.5(H),0.0,-0.99,1.15,0.1,5.46,Simbad,05 35 00.31,-05 09 44.12,1,0.0,0.0
767,273,198,,,99.0,4.42,5.714998294395505,,1.63,3.623,K6e(H),0.48,-0.43,1.16,0.82,6.77,Simbad,05 35 00.37,-05 25 13.92,1,0.2707362800532897,0.04115710052451383
768,274,203,,1695.0,98.0,15.28,5.764998294395504,,2.48,3.58,MO(H),1.76,-0.11,2.04,0.35,5.7,Simbad,05 35 00.72,-05 38 08.32,1,0.26251572479444424,0.04115710052451383
769,275,200,,,99.0,8.65,7.764998294395504,,3.81,3.535,M2.5(H),3.67,-0.39,1.82,0.25,5.74,Simbad,05 35 00.75,-05 31 05.32,1,0.0,0.0
770,276,199,,,99.0,14.27,6.744998294395504,,3.48,3.509,M4(H),1.46,-0.42,1.97,0.18,5.08,Simbad,05 35 00.77,-05 09 38.92,1,0.14687761926208237,0.04115710052451383
771,277,201,,,99.0,3.95,5.324998294395504,,2.97,3.535,M2.5(H),1.51,0.06,3.05,0.19,4.27,Simbad,05 35 00.93,-05 24 10.02,1,0.34381731879500865,0.04115710052451383
772,278,5084,,,,4.84,8.904998294395503,,,,,,,,,,Simbad,05 35 00.97,-05 20 27.19,1,0.0,0.0
773,279,202,,,,3.87,7.794998294395505,,2.9,3.5,M4.5(H),0.0,-1.15,0.89,0.13,6.29,Simbad,05 35 01.00,-05 23 03.52,1,0.0,0.0
774,281,206,,1694.0,99.0,3.9,4.744998294395504,,2.08,,,,,,,,Simbad,05 35 01.09,-05 24 06.42,1,0.4752637175459289,0.04115710052451383
775,282,205,,,99.0,4.16,8.514998294395506,,,3.471,M6(H),0.0,-1.23,0.93,0.07,5.38,Simbad,05 35 01.14,-05 21 44.12,1,0.0,0.0
776,283,208,,,96.0,4.9,6.184998294395504,,2.52,3.535,M2.5(H),0.36,-0.56,1.48,0.27,5.99,Simbad,05 35 01.21,-05 20 16.62,1,0.19137984344999617,0.04115710052451383
777,284,207,,,99.0,6.3,7.6149982943955035,,,,,,,,,,Simbad,05 35 01.23,-05 18 21.22,1,0.10067328213228492,0.04115710052451383
778,285,210,,,93.0,4.84,5.994998294395504,,2.6,3.591,K6-K8(H),2.27,-0.09,1.99,0.39,5.73,Simbad,05 35 01.25,-05 20 22.02,1,0.22213654429975602,0.04115710052451383
779,286,204,,1693.0,98.0,14.34,5.654998294395504,,2.16,3.555,M1.5(H),0.24,-0.41,1.61,0.33,5.92,Simbad,05 35 01.35,-05 09 32.52,1,0.2813749140873865,0.04115710052451383
780,287,211,,,99.0,6.22,5.954998294395503,,2.61,3.535,M2.5(H),0.59,-0.42,1.76,0.25,5.79,Simbad,05 35 01.39,-05 28 20.32,1,0.22909264469661786,0.04115710052451383
781,288,213,,,99.0,4.32,7.504998294395504,,2.89,3.494,M5(H),0.0,-1.0,1.09,0.13,6.07,Simbad,05 35 01.49,-05 25 33.62,1,0.10625483785389762,0.04115710052451383
782,289,212,,,99.0,3.81,7.024998294395504,,3.62,3.494,M5(H),0.88,-0.59,1.74,0.14,5.06,Simbad,05 35 01.51,-05 24 09.82,1,0.13083949834440614,0.04115710052451383
783,290,216,,,99.0,10.91,7.924998294395506,,3.99,3.526,M3(H),3.7,-0.42,1.83,0.22,5.61,Simbad,05 35 01.52,-05 33 37.72,1,0.0,0.0
784,291,214,,,99.0,4.91,8.664998294395504,,,,,,,,,,Simbad,05 35 01.58,-05 26 36.02,1,0.0,0.0
785,292,215,,,99.0,5.29,8.064998294395503,,,,,,,,,,Simbad,05 35 01.62,-05 27 09.52,1,0.0,0.0
786,293,218,,,99.0,7.85,6.894998294395505,,2.99,3.5,M4.5(H),0.0,-0.79,1.35,0.15,5.88,Simbad,05 35 01.73,-05 30 18.82,1,0.13844882791842278,0.04115710052451383
787,294,217,,,99.0,6.02,7.574998294395504,,3.85,3.526,M3(H),3.34,-0.37,1.94,0.22,5.35,Simbad,05 35 01.92,-05 18 34.02,1,0.10276415383508312,0.04115710052451383
788,295,219,,,99.0,6.16,7.434998294395504,,4.3,3.494,M5(H),2.62,-0.33,2.35,0.15,4.43,Simbad,05 35 01.99,-05 18 22.52,1,0.10986409312994998,0.04115710052451383
789,296,220,,1704.0,99.0,4.83,4.584998294395504,,2.25,3.555,M1.5(H),0.47,0.07,2.81,0.24,4.62,Simbad,05 35 01.99,-05 26 35.82,1,0.5199865810137587,0.04115710052451383
790,297,3013,,,,8.55,6.044998294395505,,2.37,3.526,M3(H),0.0,-0.57,1.54,0.23,5.96,Simbad,05 35 02.02,-05 15 36.99,1,0.21318918312196844,0.04115710052451383
791,298,222,,,98.0,6.8,6.054998294395505,,2.85,3.544,M2(H),1.59,-0.23,2.09,0.25,5.33,Simbad,05 35 02.09,-05 29 09.22,1,0.2115521200339485,0.04115710052451383
792,299,3138,,,,8.56,8.534998294395505,,,,,,,,,,Simbad,05 35 02.22,-05 31 10.25,1,0.0,0.0
793,300,221,,1703.0,98.0,8.36,3.2449982943955042,,2.66,3.679,K3(H),4.03,1.41,7.39,1.52,4.98,Simbad,05 35 02.30,-05 15 47.82,1,1.0704536503964313,0.04115710052451383
794,301,223,b,,,4.37,,,,,,,,,,,Simbad,05 35 02.30,-05 20 48.15,1,0.0,0.0
795,302,223,a,,99.0,4.38,5.554998294395505,,2.42,3.643,K5(H),2.85,0.2,2.18,0.68,5.79,Simbad,05 35 02.34,-05 20 46.32,1,0.2992730738142913,0.04115710052451383
796,303,225,,,99.0,10.39,5.284998294395503,,2.3,3.555,M1.5(H),0.6,-0.18,2.11,0.27,5.49,Simbad,05 35 02.40,-05 33 09.52,1,0.3518609735923497,0.04115710052451383
797,304,227,,,99.0,9.67,8.184998294395504,,4.25,,,,,,,,Simbad,05 35 02.60,-05 32 24.52,1,0.0,0.0
798,305,224,,,99.0,5.01,7.294998294395505,,3.07,3.562,M1e(H),2.8,-0.45,1.5,0.37,6.02,Simbad,05 35 02.65,-05 19 44.42,1,0.11685250961145867,0.04115710052451383
799,306,228,,,99.0,9.32,8.574998294395504,,3.68,3.494,M5e(H),1.03,-1.17,0.89,0.12,6.26,Simbad,05 35 02.67,-05 32 02.32,1,0.0,0.0
800,307,226,,,99.0,3.63,7.594998294395504,,2.35,,G:(H),,,,,,Simbad,05 35 02.75,-05 22 07.92,1,0.10171334549666944,0.04115710052451383
801,308,232,,1727.0,79.0,7.45,3.6149982943955035,,1.86,3.695,K1-K2(Sam),2.21,0.82,3.48,1.45,5.67,Simbad,05 35 02.91,-05 30 00.92,1,0.8805567477198654,0.04115710052451383
802,309,230,,,99.0,3.44,6.494998294395504,,,3.471,M6(H),0.0,-0.42,2.36,0.14,4.38,Simbad,05 35 03.00,-05 22 37.52,1,0.1611124224814569,0.04115710052451383
803,310,229,,,99.0,5.91,6.084998294395504,,2.41,3.555,M1.5(H),0.88,-0.43,1.58,0.33,5.94,Simbad,05 35 03.07,-05 18 29.82,1,0.2061854919062213,0.04115710052451383
804,311,231,,,99.0,6.42,7.4849982943955045,,,3.471,M6(H),0.0,-0.81,1.49,0.1,4.82,Simbad,05 35 03.13,-05 17 53.22,1,0.10735256469660899,0.04115710052451383
805,312,5042,,,,7.74,9.314998294395503,,,,,,,,,,Simbad,05 35 03.23,-05 16 22.21,1,0.0,0.0
806,313,234,,,99.0,4.29,7.8649982943955035,,2.88,3.5,M4.5(H),0.0,-1.18,0.86,0.13,6.31,Simbad,05 35 03.34,-05 26 09.72,1,0.0,0.0
807,314,233,,,99.0,3.27,8.514998294395506,,1.87,3.518,M3.5e(H),0.0,-1.53,0.53,0.16,6.87,Simbad,05 35 03.35,-05 23 32.52,1,0.0,0.0
808,315,235,,,,6.86,5.604998294395504,,2.49,,,,,,,,Simbad,05 35 03.47,-05 29 25.67,1,0.29018603590311565,0.04115710052451383
809,316,5100,,,,3.26,8.444998294395505,,,3.483,M5.5e(H),0.0,-1.3,0.81,0.09,6.28,Simbad,05 35 03.61,-05 22 45.29,1,0.0,0.0
810,317,236,,,,3.52,8.494998294395502,,,,,,,,,,Simbad,05 35 03.69,-05 24 53.72,1,0.0,0.0
811,318,239,,1725.0,99.0,6.49,4.644998294395505,,2.25,3.555,M1.5(H)M4:(Eetal),0.47,0.05,2.73,0.24,4.69,Simbad,05 35 03.83,-05 29 02.92,1,0.5016134189340066,0.04115710052451383
812,319,237,,,99.0,5.39,7.2349982943955045,,3.22,3.509,M4(H),0.8,-0.78,1.31,0.17,6.05,Simbad,05 35 03.87,-05 18 59.62,1,0.11989396494897386,0.04115710052451383
813,320,243,,,99.0,4.49,5.494998294395504,,2.36,3.544,M2(H),0.34,-0.31,1.9,0.26,5.71,Simbad,05 35 03.97,-05 26 36.72,1,0.31103306663070596,0.04115710052451383
814,321,241,,,99.0,4.39,8.454998294395503,,,,,,,,,,Simbad,05 35 04.07,-05 20 15.52,1,0.0,0.0
815,322,244,,,99.0,3.24,7.384998294395505,,2.91,3.494,M5(H),0.0,-0.95,1.15,0.13,6.01,Simbad,05 35 04.07,-05 22 24.02,1,0.11243437912618026,0.04115710052451383
816,323,245,,,99.0,4.36,5.8649982943955035,,2.7,3.544,M2e(H),1.21,-0.25,2.05,0.25,5.42,Simbad,05 35 04.10,-05 26 27.42,1,0.24492057505506556,0.04115710052451383
817,324,240,,,99.0,8.59,7.604998294395504,,3.19,3.562,M1(H),3.11,-0.5,1.42,0.38,6.1,Simbad,05 35 04.11,-05 15 21.32,1,0.10119197758619393,0.04115710052451383
818,325,238,,1724.0,42.0,15.47,1.0349982943955034,,1.43,3.719,K0V(vA),1.44,1.67,8.31,3.75,,Simbad,05 35 04.22,-05 08 12.72,1,0.0,0.0
819,326,248,,,99.0,3.04,4.644998294395505,,2.17,3.571,M0.5-M2e(H)M1.2(P)M3(Eetal)K4-M0(Sam),0.75,0.1,2.7,0.27,4.82,Simbad,05 35 04.28,-05 23 13.62,1,0.5016134189340066,0.04115710052451383
820,327,242,,,0.0,15.4,6.1149982943955035,,,,,,,,,,Simbad,05 35 04.31,-05 08 16.62,1,0.20095500373992156,0.04115710052451383
821,328,249,,1737.0,99.0,3.05,5.554998294395505,,2.35,3.695,"K2(H)M0,M4(Sam)",3.47,0.35,2.03,1.38,6.3,Simbad,05 35 04.41,-05 23 56.22,1,0.2992730738142913,0.04115710052451383
822,329,250,,,99.0,4.03,5.934998294395504,,3.0,3.526,M3(H),1.16,-0.24,2.24,0.21,5.0,Simbad,05 35 04.41,-05 26 04.02,1,0.23265195862029767,0.04115710052451383
823,330,252,,1726.0,99.0,6.93,4.534998294395503,,1.71,3.643,K4-K5(H),1.02,0.17,2.1,0.69,5.85,Simbad,05 35 04.43,-05 29 37.82,1,0.5362697138677195,0.04115710052451383
824,331,255,,1738.0,0.0,5.87,5.854998294395504,,1.42,,,,,,,,Simbad,05 35 04.49,-05 28 26.07,1,0.24618247082481823,0.04115710052451383
825,332,254,,,99.0,4.22,6.264998294395504,,3.21,3.526,M3(H),1.7,-0.24,2.24,0.21,5.0,Simbad,05 35 04.51,-05 26 22.52,1,0.18039722556766316,0.04115710052451383
826,333,251,,,99.0,3.25,6.594998294395504,,2.12,3.544,M2(H),0.0,-0.83,1.04,0.3,6.38,Simbad,05 35 04.52,-05 24 42.02,1,0.15541968970834913,0.04115710052451383
827,335,247,,,97.0,13.77,5.414998294395504,,,,,,,,,,Simbad,05 35 04.53,-05 09 55.72,1,0.3265947444687076,0.04115710052451383
828,336,256,,,99.0,6.89,5.994998294395504,,1.13,3.518,M3.5(H),0.0,-0.52,1.69,0.21,5.82,Simbad,05 35 04.57,-05 29 35.72,1,0.22213654429975602,0.04115710052451383
829,337,3084,,,,3.19,8.474998294395503,,,,,,,,,,Simbad,05 35 04.60,-05 24 35.60,1,0.0,0.0
830,338,258,,,99.0,4.38,5.604998294395504,,2.38,3.571,M0.5(H),1.29,-0.15,2.02,0.33,5.71,Simbad,05 35 04.66,-05 26 37.52,1,0.29018603590311565,0.04115710052451383
831,339,253,,,99.0,6.39,6.134998294395505,,3.13,3.643,K5(H),4.66,0.41,2.79,0.63,5.52,Simbad,05 35 04.67,-05 17 42.12,1,0.19788061766087728,0.04115710052451383
832,340,257,,,99.0,3.01,6.424998294395504,,2.64,3.5,M4.5(H),0.0,-0.6,1.67,0.15,5.26,Simbad,05 35 04.72,-05 22 38.52,1,0.16530588173128866,0.04115710052451383
833,341,259,,,97.0,3.79,8.294998294395503,,,3.518,M3.5(H),0.0,-1.44,0.59,0.16,6.76,Simbad,05 35 04.77,-05 20 57.32,1,0.0,0.0
834,342,263,,,99.0,13.66,6.8149982943955045,,3.14,3.5,M4.5(H),0.04,-0.75,1.41,0.15,5.65,Simbad,05 35 04.98,-05 36 43.82,1,0.14278428721830652,0.04115710052451383
835,343,261,,,99.0,4.11,6.144998294395505,,2.75,,,,,,,,Simbad,05 35 05.04,-05 20 24.22,1,0.19636110785149885,0.04115710052451383
836,344,262,,,99.0,3.89,7.554998294395505,,2.62,3.5,M4.5(H),0.0,-1.05,0.99,0.14,6.2,Simbad,05 35 05.10,-05 26 03.22,1,0.10382581815467296,0.04115710052451383
837,345,260,,1736.0,97.0,8.99,1.344998294395504,,1.63,3.761,F8(WSH)G5(S),2.48,1.83,8.25,4.13,,Simbad,05 35 05.11,-05 14 50.22,1,0.0,0.0
838,346,5112,,,,3.26,9.474998294395503,,,,,,,,,,Simbad,05 35 05.20,-05 25 02.57,1,0.0,0.0
839,347,271,,1748.0,99.0,11.44,4.654998294395504,,1.88,3.58,M0(H),0.22,-0.04,2.21,0.33,5.57,Simbad,05 35 05.24,-05 34 28.12,1,0.4990422210364341,0.04115710052451383
840,348,265,,,99.0,2.89,6.214998294395505,,2.69,3.58,M0(H),2.3,-0.16,1.93,0.37,5.75,Simbad,05 35 05.28,-05 24 10.22,1,0.1870048387992548,0.04115710052451383
841,349,268,,1747.0,99.0,4.79,4.794998294395505,,1.61,3.623,K5-K6(H),0.43,-0.07,1.75,0.62,6.01,Simbad,05 35 05.31,-05 27 16.62,1,0.46320728608941186,0.04115710052451383
842,350,266,,,99.0,2.91,8.124998294395505,,,,,,,,,,Simbad,05 35 05.32,-05 24 14.72,1,0.0,0.0
843,351,267,,,97.0,3.4,6.414998294395504,,,,,,,,,,Simbad,05 35 05.35,-05 25 21.52,2,0.16573118449261148,0.04115710052451383
844,352,5096,,,,2.9,9.404998294395503,,,3.46,M6.5(H),0.0,-1.48,0.73,0.05,5.2,Simbad,05 35 05.36,-05 22 30.10,1,0.0,0.0
845,353,270,,,99.0,3.76,7.914998294395504,,,3.518,M3.5(H),0.0,-1.29,0.7,0.17,6.59,Simbad,05 35 05.37,-05 25 55.32,1,0.0,0.0
846,354,272,,,99.0,5.26,5.9849982943955045,,2.3,3.555,M1.5e(H),0.6,-0.46,1.53,0.34,5.98,Simbad,05 35 05.40,-05 27 51.72,1,0.22385551330425044,0.04115710052451383
847,355,264,,,99.0,11.85,7.914998294395504,,,3.661,K3-K5(H),0.0,-1.44,0.3,,,Simbad,05 35 05.52,-05 11 50.62,1,0.0,0.0
848,356,277,,,99.0,6.58,7.334998294395504,,2.26,3.571,M0.5(H),0.98,-0.92,0.84,0.49,6.98,Simbad,05 35 05.52,-05 29 21.82,1,0.11476951568632249,0.04115710052451383
849,357,3040,,,,5.67,7.4449982943955035,,,,,,,,,,Simbad,05 35 05.52,-05 18 24.39,1,0.1093009456649664,0.04115710052451383
850,358,273,,1746.0,99.0,3.34,2.094998294395504,,1.34,3.702,K0(WSH)K0-K3e(H)A0V+K1V(?)A0V(vA)K0:e(J)K4eIV(W)K3(CK),0.98,1.12,4.81,1.89,5.48,Simbad,05 35 05.55,-05 25 19.02,1,0.0,0.0
851,359,274,,,,2.73,7.414998294395504,,,,<M0e(H),,,,,,Simbad,05 35 05.60,-05 23 44.32,1,0.11071425928065064,0.04115710052451383
852,360,275,a,1745.0,99.0,3.21,4.924998294395504,,2.28,3.544,M2(H),0.13,-0.13,2.33,0.24,5.01,Simbad,05 35 05.60,-05 25 05.92,1,0.42994556540869017,0.04115710052451383
853,361,276,,,99.0,2.75,5.874998294395505,,3.04,3.5,M4-4.5(H),0.0,-0.38,2.15,0.15,4.73,Simbad,05 35 05.62,-05 23 53.72,1,0.24303984908647883,0.04115710052451383
854,362,269,,,99.0,12.1,8.184998294395504,,,,,,,,,,Simbad,05 35 05.64,-05 11 34.92,1,0.0,0.0
855,363,278,,,99.0,2.85,5.574998294395504,,1.94,3.643,K2-K7e(H),1.61,-0.11,1.53,0.83,6.36,Simbad,05 35 05.64,-05 24 18.02,1,0.2954527284244781,0.04115710052451383
856,364,280,,,99.0,4.07,5.354998294395504,,2.67,3.526,M3(H),0.31,-0.22,2.31,0.21,4.92,Simbad,05 35 05.64,-05 26 25.82,1,0.3385572995918755,0.04115710052451383
857,365,275,b,,,3.18,,,,,,,,,,,Simbad,05 35 05.65,-05 25 03.74,1,0.0,0.0
858,366,284,,,99.0,10.88,6.514998294395504,,3.11,3.526,M3e(H),1.44,-0.41,1.86,0.22,5.52,Simbad,05 35 05.67,-05 33 55.42,1,0.15987525277142067,0.04115710052451383
859,367,3162,,,,12.28,8.424998294395506,,3.94,,,,,,,,Simbad,05 35 05.68,-05 35 21.65,1,0.0,0.0
860,368,279,,,,2.68,8.134998294395503,,,3.483,M5.5e(H),0.0,-1.17,0.94,0.1,6.07,Simbad,05 35 05.70,-05 23 15.62,1,0.0,0.0
861,369,281,,,99.0,4.51,5.874998294395505,,3.04,3.518,M3.5(H),0.85,-0.26,2.27,0.19,4.87,Simbad,05 35 05.76,-05 27 01.12,1,0.24303984908647883,0.04115710052451383
862,370,283,,,99.0,4.61,7.084998294395504,,3.07,3.591,K8(H),3.48,-0.23,1.69,0.45,5.93,Simbad,05 35 05.79,-05 27 08.52,1,0.12784846541513625,0.04115710052451383
863,371,282,,,99.0,9.33,8.174998294395506,,,3.5,M4.5(H),0.0,-1.3,0.75,0.12,6.41,Simbad,05 35 06.01,-05 14 24.82,1,0.0,0.0
864,372,285,,,99.0,4.31,6.974998294395505,,,3.509,M4(H),0.0,-0.87,1.18,0.17,6.12,Simbad,05 35 06.06,-05 19 55.42,1,0.13355688868772642,0.04115710052451383
865,373,1744,,1744.0,99.0,11.42,-0.035001705604495115,,-0.16,4.195,B5(WSH)B5(Par)B4V(LA)B3V(vA)B3-5V(J),0.06,2.69,3.03,4.81,,Simbad,05 35 06.08,-05 12 15.22,1,0.0,0.0
866,374,3064,,,,2.83,8.114998294395503,,,,,,,,,,Simbad,05 35 06.09,-05 22 12.18,1,0.0,0.0
867,375,286,,,99.0,2.88,6.824998294395504,,2.78,3.643,K5(H),3.77,-0.08,1.58,0.82,6.31,Simbad,05 35 06.19,-05 22 02.32,1,0.14241787125492958,0.04115710052451383
868,376,290,,,99.0,4.47,7.394998294395505,,,,,,,,,,Simbad,05 35 06.33,-05 27 04.32,1,0.11185805674661059,0.04115710052451383
869,377,287,,,99.0,2.81,7.554998294395505,,,3.518,M3.5e(H),0.0,-1.14,0.82,0.18,6.44,Simbad,05 35 06.35,-05 22 07.22,1,0.10382581815467296,0.04115710052451383
870,378,289,,,,2.52,8.514998294395506,,,,,,,,,,Simbad,05 35 06.35,-05 23 14.82,1,0.0,0.0
871,379,295,,1755.0,0.0,10.51,5.844998294395504,,1.78,3.571,M0.5e(H)M2(Eetal),0.0,-0.56,1.26,0.45,6.33,Simbad,05 35 06.35,-05 33 34.82,1,0.24808751548161567,0.04115710052451383
872,380,294,,,99.0,8.17,7.324998294395504,,3.5,3.5,M4.5(H),0.96,-0.73,1.45,0.15,5.57,Simbad,05 35 06.36,-05 31 08.72,1,0.11536083867463642,0.04115710052451383
873,381,288,,,99.0,3.25,7.354998294395504,,2.73,3.494,M5(H),0.0,-0.94,1.17,0.13,6.0,Simbad,05 35 06.37,-05 21 18.52,1,0.11388820953838107,0.04115710052451383
874,382,291,,1754.0,99.0,2.82,4.774998294395504,,2.07,3.562,M1(H)K4-M0(Sam),0.24,-0.06,2.33,0.27,5.18,Simbad,05 35 06.42,-05 24 41.02,1,0.4679927159291239,0.04115710052451383
875,383,292,,,99.0,2.98,7.714998294395505,,1.65,3.509,M4(H),0.0,-1.17,0.84,0.15,6.37,Simbad,05 35 06.45,-05 25 01.12,1,0.0,0.0
876,384,5159,,,,9.8,8.914998294395504,,2.86,,,,,,,,Simbad,05 35 06.47,-05 32 51.10,1,0.0,0.0
877,385,296,,,99.0,4.26,6.214998294395505,,3.31,3.5,M4.5e(H),0.47,-0.4,2.1,0.16,4.78,Simbad,05 35 06.50,-05 26 50.52,1,0.1870048387992548,0.04115710052451383
878,386,297,,,99.0,3.91,8.634998294395503,,,3.483,M5.5(H),0.0,-1.37,0.75,0.09,6.34,Simbad,05 35 06.69,-05 20 18.82,2,0.0,0.0
879,387,293,,,99.0,12.96,6.434998294395504,,3.34,3.494,M5(H),0.16,-0.53,1.87,0.14,4.93,Simbad,05 35 06.74,-05 10 38.42,1,0.1644585476697974,0.04115710052451383
880,388,298,,,99.0,2.7,7.964998294395505,,,3.471,M6(H),0.0,-1.01,1.2,0.09,5.05,Simbad,05 35 06.80,-05 22 09.02,1,0.0,0.0
881,389,299,,,22.0,3.56,7.344998294395504,,,,,,,,,,Simbad,05 35 06.82,-05 26 00.32,1,0.11447499180364756,0.04115710052451383
882,390,5064,,,,5.41,8.824998294395504,,,3.471,M6(H),0.0,-1.35,0.81,0.07,5.59,Simbad,05 35 07.05,-05 18 30.03,1,0.0,0.0
883,391,300,,,99.0,2.49,6.214998294395505,,2.78,3.526,M2-M4:(H),0.6,-0.49,1.68,0.23,5.85,Simbad,05 35 07.18,-05 22 26.22,1,0.1870048387992548,0.04115710052451383
884,392,5138,,,,6.7,9.524998294395504,,,,,,,,,,Simbad,05 35 07.25,-05 29 40.50,1,0.0,0.0
885,393,302,,,99.0,2.45,6.794998294395505,,,,,,,,,,Simbad,05 35 07.29,-05 22 28.72,1,0.14388920115685183,0.04115710052451383
886,394,303,,,99.0,3.32,6.994998294395504,,,,,,,,,,Simbad,05 35 07.30,-05 25 47.62,1,0.13253131576972157,0.04115710052451383
887,395,304,,,99.0,3.99,6.9849982943955045,,3.26,3.494,M5(H),0.0,-0.79,1.39,0.13,5.44,Simbad,05 35 07.35,-05 26 39.82,1,0.1332141522635195,0.04115710052451383
888,396,301,,,99.0,12.34,7.144998294395505,,3.02,,,,,,,,Simbad,05 35 07.44,-05 11 14.32,1,0.1246052212894167,0.04115710052451383
889,397,5075,,,,4.2,9.344998294395504,,,,,,,,,,Simbad,05 35 07.44,-05 19 49.84,1,0.0,0.0
890,398,308,,1763.0,0.0,13.14,4.464998294395505,,2.54,3.526,M3(H)M4(Eetal)M2(B),0.0,0.06,3.18,0.16,4.09,Simbad,05 35 07.52,-05 36 19.32,1,0.5573425350953937,0.04115710052451383
891,399,305,,,99.0,2.31,6.494998294395504,,2.39,3.518,M3-M3.5(H),0.0,-0.72,1.34,0.2,6.07,Simbad,05 35 07.54,-05 24 00.32,1,0.1611124224814569,0.04115710052451383
892,400,310,,,98.0,13.78,5.754998294395504,,3.57,3.5,M4.5(H),1.14,-0.05,3.14,0.15,3.8,Simbad,05 35 07.59,-05 36 58.72,1,0.26386827544290314,0.04115710052451383
893,401,306,,,99.0,2.66,7.9849982943955045,,,3.509,M4(H),0.0,-1.27,0.74,0.15,6.47,Simbad,05 35 07.61,-05 24 52.42,1,0.0,0.0
894,402,311,,,99.0,6.29,6.854998294395504,,3.13,3.518,M3.5(H)M3.8(P)M5(Eetal),1.08,-0.6,1.54,0.2,5.97,Simbad,05 35 07.75,-05 29 17.02,1,0.14059984783257048,0.04115710052451383
895,403,307,,,99.0,6.65,7.394998294395505,,2.47,3.526,M3(H),0.0,-1.11,0.83,0.21,6.49,Simbad,05 35 07.76,-05 17 05.22,1,0.11185805674661059,0.04115710052451383
896,404,312,,,96.0,9.58,7.414998294395504,,,,,,,,,,Simbad,05 35 07.77,-05 32 42.32,1,0.11071425928065064,0.04115710052451383
897,405,309,,,99.0,2.99,6.684998294395504,,2.03,3.518,M3-M4(H),0.0,-0.79,1.23,0.19,6.13,Simbad,05 35 07.85,-05 21 16.92,1,0.15031384193678674,0.04115710052451383
898,406,313,,1766.0,99.0,9.59,6.464998294395505,,2.3,3.58,M0(H),1.3,-0.5,1.3,0.5,6.33,Simbad,05 35 07.93,-05 32 43.82,1,0.16277688721947972,0.04115710052451383
899,407,315,,,99.0,13.57,6.744998294395504,,2.85,3.518,M3.5(H),0.36,-0.73,1.32,0.2,6.09,Simbad,05 35 07.93,-05 36 46.62,1,0.14687761926208237,0.04115710052451383
900,408,316,,,99.0,13.03,7.154998294395504,,,,,,,,,,Simbad,05 35 07.95,-05 36 13.92,1,0.12396651293172012,0.04115710052451383
901,409,314,,,,2.18,7.764998294395504,,,,,,,,,,Simbad,05 35 08.13,-05 24 02.82,2,0.0,0.0
902,410,321,,1767.0,95.0,13.86,5.374998294395505,,2.09,3.58,MOe(H),0.76,-0.19,1.85,0.38,5.8,Simbad,05 35 08.13,-05 37 04.72,1,0.3342354747039939,0.04115710052451383
903,411,318,,,99.0,6.17,7.8649982943955035,,3.32,3.5,M4.5(H),0.5,-1.05,0.99,0.14,6.2,Simbad,05 35 08.16,-05 29 11.62,1,0.0,0.0
904,412,317,,,99.0,2.38,6.744998294395504,,,,,,,,,,Simbad,05 35 08.20,-05 24 34.52,1,0.14687761926208237,0.04115710052451383
905,413,319,,,99.0,5.0,6.5649982943955045,,3.26,,,,,,,,Simbad,05 35 08.25,-05 27 56.52,1,0.1570253423894375,0.04115710052451383
906,414,3025,,,,7.33,8.694998294395505,,,,M4::(H),,,,,,Simbad,05 35 08.26,-05 16 19.81,1,0.0,0.0
907,415,320,,,99.0,5.49,6.644998294395505,,2.37,3.695,K2(H),3.52,-0.08,1.25,1.16,6.94,Simbad,05 35 08.29,-05 28 28.92,1,0.15264920347244804,0.04115710052451383
908,416,322,,,99.0,2.39,6.914998294395504,,,3.5,M4.5(H),0.0,-0.8,1.33,0.15,5.9,Simbad,05 35 08.43,-05 24 41.22,1,0.13703312820805735,0.04115710052451383
909,417,323,,,99.0,2.76,5.834998294395504,,3.05,3.544,M2(H),2.1,-0.02,2.67,0.22,4.67,Simbad,05 35 08.44,-05 25 17.52,1,0.25000730202938626,0.04115710052451383
910,418,324,,,99.0,3.54,7.904998294395504,,,3.5,M4.5(H),0.0,-1.19,0.85,0.13,6.32,Simbad,05 35 08.50,-05 26 19.02,1,0.0,0.0
911,419,326,,,99.0,5.97,7.154998294395504,,3.26,3.585,"K6-K8,M0(H)",3.86,-0.16,1.89,0.39,5.78,Simbad,05 35 08.59,-05 29 01.22,1,0.12396651293172012,0.04115710052451383
912,420,3072,,,,1.99,7.434998294395504,,,,,,,,,,Simbad,05 35 08.64,-05 22 56.25,1,0.10986409312994998,0.04115710052451383
913,421,328,,1765.0,99.0,8.65,4.774998294395504,,1.64,3.661,K4(H),1.13,0.09,1.77,0.94,6.23,Simbad,05 35 08.75,-05 31 48.52,1,0.4679927159291239,0.04115710052451383
914,422,3045,,,,4.27,8.414998294395504,,,,,,,,,,Simbad,05 35 08.82,-05 19 32.77,1,0.0,0.0
915,424,327,,,99.0,3.61,7.834998294395504,,1.56,3.509,M4(H),0.0,-1.21,0.79,0.15,6.41,Simbad,05 35 08.95,-05 20 17.12,1,0.0,0.0
916,425,330,,1773.0,99.0,6.86,3.6949982943955035,,1.42,3.679,K1-K4(H)K1IV-Ve(Par)K3(CK)K3(D)K3-K5.5(P)K6(Eetal),0.85,0.45,2.46,1.07,5.89,Simbad,05 35 08.96,-05 29 58.72,1,0.842920421500308,0.04115710052451383
917,426,329,,,,6.77,9.224998294395503,,,,,,,,,,Simbad,05 35 09.09,-05 16 51.25,1,0.0,0.0
918,427,3134,,,,7.81,8.144998294395505,,,,,,,,,,Simbad,05 35 09.12,-05 30 58.03,1,0.0,0.0
919,429,331,,,,2.98,8.084998294395506,,,,,,,,,,Simbad,05 35 09.37,-05 20 58.22,2,0.0,0.0
920,430,5127,,,,4.76,6.854998294395504,,,,,,,,,,Simbad,05 35 09.41,-05 27 48.46,1,0.14059984783257048,0.04115710052451383
921,431,333,,,99.0,4.93,6.6149982943955035,,1.92,3.483,M5-M6(H),0.0,-0.56,1.89,0.13,4.67,Simbad,05 35 09.50,-05 27 59.52,1,0.1542262340486992,0.04115710052451383
922,432,334,,,99.0,5.29,5.554998294395505,,2.35,3.562,M1e(H),0.95,-0.2,1.99,0.3,5.72,Simbad,05 35 09.50,-05 28 22.52,1,0.2992730738142913,0.04115710052451383
923,433,335,,,99.0,3.46,7.4849982943955045,,1.31,3.562,M1e(H),0.0,-1.21,0.63,0.4,7.24,Simbad,05 35 09.55,-05 26 22.82,1,0.10735256469660899,0.04115710052451383
924,435,332,,,99.0,2.6,6.164998294395504,,2.07,3.518,M3.5(H),0.0,-0.59,1.56,0.2,5.94,Simbad,05 35 09.60,-05 21 24.72,1,0.19385447655467666,0.04115710052451383
925,436,336,,,99.0,2.55,6.804998294395505,,,,,,,,,,Simbad,05 35 09.67,-05 21 27.92,1,0.14351994974068716,0.04115710052451383
926,437,337,,1771.0,99.0,1.69,3.624998294395505,,1.76,3.591,K8(H)K4-M0(Sam),0.12,0.34,3.23,0.25,4.42,Simbad,05 35 09.67,-05 23 26.52,1,0.8760431410798315,0.04115710052451383
927,438,338,,,99.0,4.16,6.334998294395504,,3.45,3.518,M3.5-M4(H)M3(Eetal),1.9,-0.19,2.46,0.17,4.57,Simbad,05 35 09.76,-05 19 33.82,1,0.17048235691748292,0.04115710052451383
928,439,1772,,1772.0,99.0,4.8,-0.04500170560449668,,0.33,4.294,B2.5(WSH)B2Vp(Par)B2(LA)B2Vp(vA)B1-2V(J)B1.5pV(S)B3(T),1.47,3.27,3.72,7.15,,Simbad,05 35 09.79,-05 27 52.92,1,0.0,0.0
929,440,9002,,,,1.67,7.964998294395505,,4.22,,,,,,,,Simbad,05 35 09.82,-05 23 38.02,1,0.0,0.0
930,442,5023,,,,8.71,9.194998294395505,,,,,,,,,,Simbad,05 35 09.85,-05 14 49.45,1,0.0,0.0
931,443,5050,,,,6.47,9.264998294395506,,,,,,,,,,Simbad,05 35 09.98,-05 17 06.30,1,0.0,0.0
932,444,3044,,,,4.63,9.284998294395505,,,,,,,,,,Simbad,05 35 09.99,-05 19 02.23,1,0.0,0.0
933,445,340,,,99.0,1.8,5.914998294395504,,,,,,,,,,Simbad,05 35 10.05,-05 22 32.32,1,0.2362665720741045,0.04115710052451383
934,446,5129,,,,4.85,6.414998294395504,,,,,,,,,,Simbad,05 35 10.06,-05 27 57.43,1,0.16573118449261148,0.04115710052451383
935,447,339,,,99.0,3.41,7.164998294395504,,1.94,3.518,M3.5(H),0.0,-0.99,0.99,0.18,6.28,Simbad,05 35 10.09,-05 20 20.92,1,0.12364838752627612,0.04115710052451383
936,448,3056,,,,2.85,8.674998294395506,,,,,,,,,,Simbad,05 35 10.10,-05 20 59.93,2,0.0,0.0
937,449,341,,,99.0,1.58,6.284998294395503,,,3.633,K4-K7(H),0.0,-0.78,0.74,0.76,7.54,Simbad,05 35 10.11,-05 23 21.12,1,0.17763735042814585,0.04115710052451383
938,450,342,,,96.0,2.12,7.394998294395505,,,,,,,,,,Simbad,05 35 10.17,-05 21 56.72,1,0.11185805674661059,0.04115710052451383
939,451,3047,,,,3.78,7.244998294395504,,3.31,3.5,M4.5(H),0.47,-0.81,1.31,0.15,5.95,Simbad,05 35 10.21,-05 19 55.85,1,0.11958629059960592,0.04115710052451383
940,452,343,,,99.0,2.66,5.854998294395504,,2.21,3.602,K7(H),1.6,-0.19,1.68,0.5,5.98,Simbad,05 35 10.22,-05 21 12.72,1,0.24618247082481823,0.04115710052451383
941,453,344,,,,3.83,7.624998294395505,,,,,,,,,,Simbad,05 35 10.31,-05 19 51.72,1,0.10015724543631623,0.04115710052451383
942,454,5142,,,,6.92,9.024998294395504,,,,,,,,,,Simbad,05 35 10.31,-05 30 07.51,1,0.0,0.0
943,455,351,,1786.0,35.0,15.12,3.414998294395504,,,3.753,G4-G6(H),0.0,0.39,1.63,1.38,6.99,Simbad,05 35 10.34,-05 38 24.92,1,0.9783863659638493,0.04115710052451383
944,456,3104,,,,3.02,7.644998294395505,,,,,,,,,,Simbad,05 35 10.39,-05 25 59.93,1,0.0,0.0
945,457,345,,1783.0,81.0,1.63,4.294998294395505,,2.38,3.571,M0.5(H)M0-M2(Sam),1.29,0.37,3.69,0.23,4.06,Simbad,05 35 10.40,-05 22 45.22,1,0.6113579892723421,0.04115710052451383
946,458,348,,1785.0,99.0,3.28,3.0749982943955043,,1.53,3.719,K0(WSH)<M0(Sam),1.7,0.92,3.49,2.26,5.98,Simbad,05 35 10.41,-05 26 17.82,1,1.1772188259659713,0.04115710052451383
947,459,349,,,99.0,1.73,8.444998294395505,,1.92,,K:(H),,,,,,Simbad,05 35 10.47,-05 24 15.92,1,0.0,0.0
948,460,353,,,99.0,9.96,6.834998294395504,,3.73,3.494,M5(H),1.16,-0.44,2.06,0.15,4.72,Simbad,05 35 10.48,-05 33 13.22,1,0.14168785782760615,0.04115710052451383
949,461,347,,1782.0,99.0,2.07,4.4449982943955035,,1.75,3.602,K3-K7(H)M0(H)M2(Eetal)K2-K4(Sam),0.42,0.09,2.31,0.41,5.59,Simbad,05 35 10.49,-05 21 55.92,1,0.5645492412099481,0.04115710052451383
950,462,350,,,,1.61,5.514998294395504,,,,,,,,,,Simbad,05 35 10.50,-05 22 44.12,1,0.3070626000363092,0.04115710052451383
951,463,352,,1784.0,99.0,1.49,2.2749982943955036,,2.1,3.591,K8(H)M0.1(P)M1(Eetal)K2V(HT)K5IV(Ham)K2-K3(Sam),0.99,1.09,7.68,,,Simbad,05 35 10.64,-05 23 44.22,1,0.0,0.0
952,464,354,,,99.0,3.41,6.514998294395504,,2.01,3.518,M3.5(H),0.0,-0.73,1.33,0.2,6.08,Simbad,05 35 10.64,-05 26 27.72,1,0.15987525277142067,0.04115710052451383
953,465,346,,,82.0,12.88,7.904998294395504,,,,,,,,,,Simbad,05 35 10.70,-05 10 34.52,1,0.0,0.0
954,466,3102,,,,2.93,9.264998294395506,,,,,,,,,,Simbad,05 35 10.75,-05 25 56.58,1,0.0,0.0
955,467,357,,,99.0,4.84,6.224998294395505,,3.02,3.5,M4.5(H),0.0,-0.52,1.83,0.16,5.09,Simbad,05 35 10.79,-05 28 00.32,1,0.1855688432464024,0.04115710052451383
956,468,355,,,99.0,1.52,6.9449982943955035,,,,mid-K::(H),,,,,,Simbad,05 35 10.83,-05 22 46.03,2,0.1352838432726335,0.04115710052451383
957,469,356,,,99.0,1.99,5.624998294395505,,,3.526,M3e(H),0.0,-0.4,1.87,0.22,5.5,Simbad,05 35 10.84,-05 24 48.22,1,0.28648169033563375,0.04115710052451383
958,470,362,,,99.0,11.69,5.824998294395504,,3.23,3.5,M4.5(H),0.27,-0.29,2.38,0.15,4.48,Simbad,05 35 11.03,-05 34 59.32,1,0.25194194454595426,0.04115710052451383
959,471,363,,1802.0,98.0,13.54,4.644998294395505,,2.51,3.544,M2(H),0.72,0.12,3.13,0.2,4.27,Simbad,05 35 11.05,-05 36 51.12,1,0.5016134189340066,0.04115710052451383
960,472,3098,,,,2.54,8.854998294395505,,,,,,,,,,Simbad,05 35 11.05,-05 25 31.80,2,0.0,0.0
961,473,359,,,99.0,4.01,6.7349982943955045,,2.57,,,,,,,,Simbad,05 35 11.07,-05 19 35.62,1,0.14725550936734935,0.04115710052451383
962,474,358,,,99.0,6.17,6.784998294395503,,3.28,3.562,M1(H),3.34,-0.11,2.21,0.28,5.4,Simbad,05 35 11.11,-05 17 20.72,1,0.14463055648893083,0.04115710052451383
963,475,360,,,,3.96,7.414998294395504,,,,,,,,,,Simbad,05 35 11.16,-05 19 38.32,1,0.11071425928065064,0.04115710052451383
964,476,3005,,,,9.45,8.434998294395504,,4.32,3.5,M4.5(H),3.06,-0.66,1.57,0.15,5.38,Simbad,05 35 11.25,-05 14 01.11,1,0.0,0.0
965,477,361,,,99.0,4.37,5.6149982943955035,,2.12,,,,,,,,Simbad,05 35 11.28,-05 19 11.92,1,0.288698584217703,0.04115710052451383
966,478,365,,1800.0,99.0,2.94,3.6149982943955035,,1.96,3.679,K2-K3(Sam),2.23,0.82,3.76,1.11,5.45,Simbad,05 35 11.40,-05 26 01.82,1,0.8805567477198654,0.04115710052451383
967,479,364,,1799.0,99.0,6.53,2.8549982943955037,,1.85,3.766,G0-G2(WSH)K0:IV-V(W),3.11,1.38,4.82,3.04,,Simbad,05 35 11.53,-05 16 57.52,1,0.0,0.0
968,480,3070,,,,1.33,5.924998294395504,,,,,,,,,,Simbad,05 35 11.53,-05 22 51.40,2,0.2344522995185676,0.04115710052451383
969,481,366,,,98.0,1.56,6.904998294395504,,3.98,3.497,M4.5-M5e(H),2.0,-0.29,2.43,0.15,4.4,Simbad,05 35 11.55,-05 24 20.92,1,0.137739159233678,0.04115710052451383
970,482,371,,,99.0,7.73,6.754998294395504,,3.25,,,,,,,,Simbad,05 35 11.56,-05 31 00.72,1,0.14612474581095003,0.04115710052451383
971,483,368,,,99.0,1.29,7.204998294395503,,,,,,,,,,Simbad,05 35 11.62,-05 23 51.62,2,0.12144425138126287,0.04115710052451383
972,485,9008,,,,1.23,6.094998294395504,,3.69,3.5,M4.5(H),1.45,-0.12,2.92,0.15,3.97,Simbad,05 35 11.63,-05 23 40.32,1,0.20460220961608844,0.04115710052451383
973,486,369,,,99.0,1.87,6.6149982943955035,,1.48,,,,,,,,Simbad,05 35 11.68,-05 21 55.32,1,0.1542262340486992,0.04115710052451383
974,487,367,,,99.0,6.06,8.124998294395505,,,,,,,,,,Simbad,05 35 11.75,-05 17 25.82,1,0.0,0.0
975,488,370,,,99.0,4.11,5.774998294395504,,3.18,3.679,K0-K3(H),5.36,0.72,3.35,1.09,5.56,Simbad,05 35 11.77,-05 19 26.02,1,0.2604998870451156,0.04115710052451383
976,489,375,,1801.0,98.0,8.62,4.3649982943955035,,1.87,,,,,,,,Simbad,05 35 11.79,-05 31 54.92,1,0.5897563175450579,0.04115710052451383
977,490,3058,,,,2.6,7.294998294395505,,1.62,,<=K7(H),,,,,,Simbad,05 35 11.79,-05 21 02.84,2,0.11685250961145867,0.04115710052451383
978,491,373,,,99.0,3.05,5.394998294395505,,3.37,3.679,K2-K3(H)<K7(P)K3(Eetal),5.85,0.99,4.58,1.18,5.29,Simbad,05 35 11.87,-05 20 32.82,1,0.32996881971020126,0.04115710052451383
979,492,9009,,,,1.23,8.324998294395504,,4.97,,,,,,,,Simbad,05 35 11.91,-05 22 53.42,1,0.0,0.0
980,493,372,,,0.0,9.21,7.154998294395504,,2.39,,,,,,,,Simbad,05 35 11.95,-05 14 14.14,1,0.12396651293172012,0.04115710052451383
981,494,5132,,,,4.88,8.854998294395505,,,,,,,,,,Simbad,05 35 11.96,-05 28 07.88,1,0.0,0.0
982,495,374,,,99.0,4.12,7.434998294395504,,5.4,,,,,,,,Simbad,05 35 11.98,-05 19 24.52,1,0.10986409312994998,0.04115710052451383
983,496,376,,,91.0,1.61,7.884998294395505,,,,,,,,,,Simbad,05 35 12.05,-05 24 33.42,1,0.0,0.0
984,497,380,,,99.0,8.33,5.754998294395504,,3.11,,,,,,,,Simbad,05 35 12.05,-05 31 38.32,1,0.26386827544290314,0.04115710052451383
985,498,379,,,99.0,7.04,7.124998294395505,,3.87,3.483,M5.4(P),0.75,-0.58,1.84,0.13,4.71,Simbad,05 35 12.06,-05 30 19.72,1,0.1255694593614092,0.04115710052451383
986,499,381,,1809.0,99.0,7.24,5.164998294395504,,2.11,3.571,M0.5(H),0.6,-0.14,2.04,0.32,5.7,Simbad,05 35 12.11,-05 30 32.42,1,0.37520558714029506,0.04115710052451383
987,500,378,a,1808.0,99.0,1.14,4.804998294395505,,2.11,3.58,K1(H)M0(Sam),0.81,0.05,2.44,0.31,5.27,Simbad,05 35 12.17,-05 23 47.72,1,0.46083295247875117,0.04115710052451383
988,501,378,b,1808.0,,1.14,5.404998294395504,,2.32,,,,,,,,Simbad,05 35 12.17,-05 23 47.72,1,0.3282774472239819,0.04115710052451383
989,502,377,a,,83.0,2.83,7.214998294395505,,4.27,,,,,,,,Simbad,05 35 12.19,-05 20 45.22,1,0.12113259865508845,0.04115710052451383
990,503,377,b,,,2.83,8.224998294395503,,4.65,,,,,,,,Simbad,05 35 12.20,-05 20 45.22,1,0.0,0.0
991,505,9015,,,,2.78,10.024998294395504,,,,,,,,,,Simbad,05 35 12.31,-05 20 47.32,2,0.0,0.0
992,506,9016,,,,2.11,10.964998294395505,>,3.15,,,,,,,,Simbad,05 35 12.33,-05 21 31.72,1,0.0,0.0
993,507,9017,,,,2.11,11.544998294395503,>,2.37,,,,,,,,Simbad,05 35 12.33,-05 21 31.52,1,0.0,0.0
994,508,382,,,99.0,2.84,7.154998294395504,,2.88,3.5,M4.5(H),0.0,-0.89,1.2,0.14,6.06,Simbad,05 35 12.50,-05 20 42.72,1,0.12396651293172012,0.04115710052451383
995,509,385,,1807.0,99.0,1.04,2.9349982943955037,,1.62,3.708,K1V(HT)<K7(P)<M0(Sam),1.78,0.99,3.99,1.95,5.7,Simbad,05 35 12.50,-05 23 43.62,1,1.2715546627506302,0.04115710052451383
996,510,5074,,,,3.75,,,,,,,,,,,Simbad,05 35 12.52,-05 19 44.99,2,0.0,0.0
997,512,387,,,99.0,3.91,8.014998294395506,,,3.54,M2-2.5(H),0.0,-1.4,0.56,0.25,7.08,Simbad,05 35 12.59,-05 19 35.22,2,0.0,0.0
998,513,392,,,99.0,3.91,7.124998294395505,,,3.465,M6-M6.5(H),0.0,-0.62,1.93,0.11,4.48,Simbad,05 35 12.60,-05 27 10.32,1,0.1255694593614092,0.04115710052451383
999,514,383,,,99.0,7.22,6.4849982943955045,,3.06,3.526,M3(H),1.31,-0.43,1.82,0.22,5.64,Simbad,05 35 12.61,-05 16 13.32,1,0.16152693621470784,0.04115710052451383
1000,515,386,,,99.0,6.57,5.964998294395505,,3.5,3.602,K6-K8(H),4.91,0.57,4.04,0.31,4.15,Simbad,05 35 12.64,-05 16 52.62,1,0.2273334601691593,0.04115710052451383
1001,516,389,,,52.0,2.95,7.764998294395504,,3.64,3.488,M4.5-M6(H),0.52,-0.93,1.21,0.12,5.54,Simbad,05 35 12.67,-05 20 34.72,1,0.0,0.0
1002,517,390,,,99.0,2.88,6.964998294395505,,2.55,3.494,M5(H),0.0,-0.78,1.4,0.13,5.42,Simbad,05 35 12.69,-05 20 38.82,1,0.134245009205239,0.04115710052451383
1003,518,388,,,99.0,8.03,5.4849982943955045,,2.62,3.602,K5(H)M0.3(P)M1(Eetal),2.65,0.22,2.67,0.38,5.4,Simbad,05 35 12.72,-05 15 23.82,1,0.31263559149390385,0.04115710052451383
1004,519,391,,1806.0,99.0,2.81,4.884998294395505,,1.66,3.562,M1e(H)M0.0(P)K0(Sam),0.0,-0.17,2.07,0.29,5.64,Simbad,05 35 12.72,-05 20 43.32,1,0.44000420271618723,0.04115710052451383
1005,520,398,,,99.0,15.79,6.454998294395503,,2.44,3.58,M0(H),1.66,-0.41,1.44,0.46,6.14,Simbad,05 35 12.75,-05 39 08.32,1,0.16361555692025756,0.04115710052451383
1006,521,9024,,,,2.47,11.054998294395505,>,4.26,,,,,,,,Simbad,05 35 12.78,-05 21 04.42,1,0.0,0.0
1007,522,397,,,99.0,5.52,7.704998294395503,,,,,,,,,,Simbad,05 35 12.84,-05 28 49.52,1,0.0,0.0
1008,523,393,,,99.0,4.4,7.014998294395504,,3.1,,,,,,,,Simbad,05 35 12.91,-05 19 03.92,1,0.13151361814606122,0.04115710052451383
1009,524,395,,,99.0,1.62,7.2349982943955045,,4.05,3.544,M2(H),4.67,0.05,2.88,0.21,4.48,Simbad,05 35 12.92,-05 22 00.42,1,0.11989396494897386,0.04115710052451383
1010,526,394,,,99.0,3.0,6.894998294395505,,3.84,3.623,K6(H),6.15,0.49,3.32,0.47,5.07,Simbad,05 35 12.94,-05 20 30.02,1,0.13844882791842278,0.04115710052451383
1011,527,402,,,99.0,10.71,7.184998294395504,,3.73,3.483,M5.5(H),0.39,-0.7,1.62,0.12,4.92,Simbad,05 35 12.95,-05 34 03.22,1,0.12269890121487802,0.04115710052451383
1012,528,9029,,,,1.42,6.124998294395505,,3.28,3.5,M4.5(H),0.4,-0.38,2.15,0.15,4.73,Simbad,05 35 12.96,-05 22 14.78,1,0.19941188595993867,0.04115710052451383
1013,529,9028,,,,1.72,9.114998294395503,,3.92,,,,,,,,Simbad,05 35 12.99,-05 21 52.72,2,0.0,0.0
1014,530,9030,,,,0.98,8.374998294395505,,3.99,3.544,M2:(H),4.52,-0.44,1.63,0.29,5.89,Simbad,05 35 13.03,-05 22 52.62,2,0.0,0.0
1015,531,9032,,,,2.32,7.554998294395505,,3.82,3.535,M2.5e(H),3.69,-0.3,2.02,0.23,5.34,Simbad,05 35 13.03,-05 21 13.01,1,0.10382581815467296,0.04115710052451383
1016,532,9031,,,99.0,1.03,7.5649982943955045,,,,K:(H),,,,,,Simbad,05 35 13.05,-05 22 46.52,1,0.10329362201462479,0.04115710052451383
1017,533,399,a,,99.0,1.32,7.204998294395503,,3.19,,,,,,,,Simbad,05 35 13.08,-05 22 21.42,2,0.12144425138126287,0.04115710052451383
1018,534,399,b,,,1.32,8.684998294395504,,3.88,,,,,,,,Simbad,05 35 13.08,-05 22 21.12,2,0.0,0.0
1019,535,410,,,99.0,12.95,7.914998294395504,,,,,,,,,,Simbad,05 35 13.10,-05 36 17.92,1,0.0,0.0
1020,536,400,,,99.0,2.63,6.494998294395504,,3.16,3.585,K8-M0(H),3.61,0.05,2.38,0.34,5.49,Simbad,05 35 13.11,-05 20 52.52,1,0.1611124224814569,0.04115710052451383
1021,537,401,,,99.0,1.75,4.424998294395504,,2.59,3.719,K0-K2e(H)<M0(Sam),4.42,1.04,4.02,2.42,5.85,Simbad,05 35 13.11,-05 24 54.92,1,0.5703816425257414,0.04115710052451383
1022,538,405,,,99.0,4.59,6.3149982943955045,,3.67,,,,,,,,Simbad,05 35 13.15,-05 27 53.72,1,0.17357650357897603,0.04115710052451383
1023,539,9036,,,,2.8,10.864998294395503,>,2.25,,,,,,,,Simbad,05 35 13.18,-05 20 41.42,1,0.0,0.0
1024,540,9037,,,,0.95,9.174998294395506,>,3.74,,,,,,,,Simbad,05 35 13.21,-05 23 52.72,1,0.0,0.0
1025,541,396,,1805.0,99.0,14.07,5.334998294395504,,2.26,,,,,,,,Simbad,05 35 13.22,-05 09 19.42,1,0.34205496090371973,0.04115710052451383
1026,542,403,,,,3.17,8.044998294395503,,4.89,3.535,M2.5(H),6.44,0.17,3.48,0.17,3.94,Simbad,05 35 13.22,-05 20 18.32,1,0.0,0.0
1027,543,414,,,99.0,13.91,7.834998294395504,,,,,,,,,,Simbad,05 35 13.23,-05 37 16.02,1,0.0,0.0
1028,544,9038,,,,0.9,7.804998294395505,,4.75,,cont(H),,,,,,Simbad,05 35 13.23,-05 22 57.32,2,0.0,0.0
1029,545,404,,,99.0,1.23,6.5649982943955045,,3.38,3.494,M4.5-M5.5(H),0.26,-0.56,1.81,0.14,5.0,Simbad,05 35 13.25,-05 22 26.02,1,0.1570253423894375,0.04115710052451383
1030,546,9040,,,,0.93,9.594998294395504,>,4.72,,,,,,,,Simbad,05 35 13.27,-05 23 52.82,1,0.0,0.0
1031,547,409,,1824.0,98.0,0.82,4.464998294395505,,1.91,,<M0(Sam),,,,,,Simbad,05 35 13.34,-05 23 39.72,1,0.5573425350953937,0.04115710052451383
1032,548,406,,,99.0,6.25,5.794998294395505,,3.41,3.562,M1(H),3.67,0.37,3.83,0.21,3.91,Simbad,05 35 13.36,-05 17 10.12,1,0.25717449752765703,0.04115710052451383
1033,549,416,,,99.0,7.46,6.004998294395504,,2.72,3.518,M3.5(H),0.02,-0.52,1.7,0.21,5.81,Simbad,05 35 13.38,-05 30 47.72,1,0.2204307751240029,0.04115710052451383
1034,550,9043,,,,2.37,9.394998294395505,,,,,,,,,,Simbad,05 35 13.39,-05 21 07.52,2,0.0,0.0
1035,551,407,,,99.0,5.91,7.434998294395504,,3.47,3.623,K6(H),5.2,0.04,1.98,0.57,5.83,Simbad,05 35 13.40,-05 17 31.12,1,0.10986409312994998,0.04115710052451383
1036,552,408,,,99.0,6.14,7.264998294395504,,3.47,3.526,M3(H),2.37,-0.48,1.71,0.23,5.83,Simbad,05 35 13.41,-05 17 17.22,1,0.11836346856845598,0.04115710052451383
1037,553,411,,1820.0,99.0,1.29,5.454998294395503,,2.59,3.555,M1.4(P),1.34,-0.06,2.41,0.26,5.01,Simbad,05 35 13.42,-05 22 19.22,1,0.3183097292121724,0.04115710052451383
1038,554,415,,,99.0,4.16,6.164998294395504,,3.04,3.526,M3(H),1.26,-0.31,2.08,0.21,5.18,Simbad,05 35 13.43,-05 27 28.22,1,0.19385447655467666,0.04115710052451383
1039,555,412,,,99.0,0.75,5.894998294395505,,2.83,,cont+emis(H),,,,,,Simbad,05 35 13.44,-05 23 30.62,1,0.239321612094224,0.04115710052451383
1040,556,9045,,,,0.8,7.824998294395504,,4.17,,late-K:(H),,,,,,Simbad,05 35 13.46,-05 23 03.92,2,0.0,0.0
1041,557,418,,,99.0,4.63,6.744998294395504,,3.19,,,,,,,,Simbad,05 35 13.47,-05 27 56.92,1,0.14687761926208237,0.04115710052451383
1042,558,426,,,93.0,11.78,8.734998294395504,,3.9,3.562,M1(H),4.93,-0.5,1.41,0.38,6.11,Simbad,05 35 13.49,-05 35 07.82,1,0.0,0.0
1043,559,417,,,98.0,1.27,5.8649982943955035,,2.44,3.571,M0.5(H),1.44,-0.22,1.87,0.35,5.78,Simbad,05 35 13.51,-05 24 25.22,1,0.24492057505506556,0.04115710052451383
1044,560,421,,1827.0,99.0,7.61,3.3949982943955046,,1.46,3.643,K5e(H)F8-G0III-IV(?),0.38,0.47,2.96,0.62,5.47,Simbad,05 35 13.51,-05 30 57.12,1,0.988494150213053,0.04115710052451383
1045,561,9047,,,,2.95,8.334998294395506,,4.24,3.544,M2:(H)late-K(H),5.16,-0.27,1.99,0.25,5.54,Simbad,05 35 13.51,-05 20 30.99,2,0.0,0.0
1046,562,413,,,0.0,3.54,6.494998294395504,,,3.643,K5(H),0.0,-0.87,0.64,0.72,7.78,Simbad,05 35 13.52,-05 19 54.52,1,0.1611124224814569,0.04115710052451383
1047,563,422,,,99.0,5.44,6.344998294395504,,3.27,,,,,,,,Simbad,05 35 13.56,-05 28 45.92,1,0.1700448616001363,0.04115710052451383
1048,564,9048,,,,2.14,8.184998294395504,,3.42,3.526,M3(H),2.24,-0.88,1.08,0.22,6.25,Simbad,05 35 13.56,-05 21 21.42,1,0.0,0.0
1049,565,9049,,,,2.14,9.804998294395505,,2.22,,,,,,,,Simbad,05 35 13.58,-05 21 21.22,1,0.0,0.0
1050,566,420,,1821.0,99.0,1.23,5.514998294395504,,3.26,,,,,,,,Simbad,05 35 13.64,-05 22 21.62,1,0.3070626000363092,0.04115710052451383
1051,567,430,,,99.0,11.56,7.604998294395504,,3.85,,,,,,,,Simbad,05 35 13.66,-05 34 54.72,1,0.10119197758619393,0.04115710052451383
1052,568,419,,,99.0,4.01,7.104998294395504,,2.02,,,,,,,,Simbad,05 35 13.69,-05 19 25.32,1,0.1265411590393429,0.04115710052451383
1053,569,433,,1846.0,93.0,15.81,3.8549982943955037,,1.59,3.661,K2-K4(P),1.01,0.43,2.6,0.82,5.69,Simbad,05 35 13.69,-05 39 10.52,1,0.7724049140276525,0.04115710052451383
1054,570,423,,1819.0,99.0,1.43,4.214998294395505,,2.1,3.544,"K2e(H)M0,M4(Sam)",0.0,0.12,3.12,0.2,4.28,Simbad,05 35 13.70,-05 22 06.72,1,0.6386550722878804,0.04115710052451383
1055,571,428,,,99.0,7.06,5.884998294395505,,2.59,3.535,M2.5(H),0.54,-0.4,1.79,0.25,5.76,Simbad,05 35 13.71,-05 30 23.92,1,0.2411735650657282,0.04115710052451383
1056,572,424,,,94.0,1.49,7.524998294395504,,3.81,,,,,,,,Simbad,05 35 13.73,-05 22 02.62,2,0.10516833574740582,0.04115710052451383
1057,573,427,,,99.0,4.29,6.684998294395504,,,,,,,,,,Simbad,05 35 13.73,-05 27 36.52,1,0.15031384193678674,0.04115710052451383
1058,574,425,,,99.0,4.54,8.274998294395504,,,,,,,,,,Simbad,05 35 13.80,-05 18 53.02,1,0.0,0.0
1059,575,9053,,,,2.08,8.284998294395505,,5.22,,,,,,,,Simbad,05 35 13.92,-05 21 23.62,2,0.0,0.0
1060,576,429,,,99.0,3.57,4.604998294395504,,1.75,3.753,late-G(H),2.69,0.57,2.01,1.62,6.81,Simbad,05 35 13.95,-05 19 51.82,1,0.5146694912037327,0.04115710052451383
1061,577,431,,1823.0,97.0,0.67,4.424998294395504,,2.77,,<M0(Sam),,,,,,Simbad,05 35 13.95,-05 23 38.02,1,0.5703816425257414,0.04115710052451383
1062,578,3099,,,,2.53,6.854998294395504,,,3.5,M4.5(H),0.0,-0.77,1.37,0.15,5.8,Simbad,05 35 13.95,-05 25 49.64,1,0.14059984783257048,0.04115710052451383
1063,579,434,,,98.0,3.27,7.494998294395504,,,,,,,,,,Simbad,05 35 13.97,-05 26 35.32,1,0.10680229096343506,0.04115710052451383
1064,580,432,,1822.0,99.0,0.98,4.954998294395503,,3.26,3.526,M3.1(P),1.83,0.31,4.25,0.13,3.34,Simbad,05 35 13.98,-05 22 36.22,1,0.42228142534132335,0.04115710052451383
1065,581,3093,,,,2.05,7.3149982943955045,,,,,,,,,,Simbad,05 35 13.98,-05 25 19.97,2,0.11595520831583915,0.04115710052451383
1066,582,5176,,,,0.69,,,,,,,,,,,Simbad,05 35 14.08,-05 23 00.59,2,0.0,0.0
1067,583,438,,,99.0,5.37,8.714998294395505,,,,,,,,,,Simbad,05 35 14.10,-05 28 43.02,1,0.0,0.0
1068,584,9056,,,,3.03,11.404998294395503,,,,,,,,,,Simbad,05 35 14.10,-05 20 23.82,1,0.0,0.0
1069,585,435,a,,,3.36,7.6149982943955035,,3.6,,,,,,,,Simbad,05 35 14.13,-05 20 03.90,1,0.10067328213228492,0.04115710052451383
1070,586,437,,1826.0,99.0,1.17,3.754998294395504,,2.07,3.602,"K7(H)K4,M0-M1(Sam)",1.24,0.56,3.99,0.31,4.18,Simbad,05 35 14.18,-05 24 24.22,1,0.8152287991338106,0.04115710052451383
1071,587,435,b,,,3.35,11.114998294395503,,,,,,,,,,Simbad,05 35 14.22,-05 20 04.02,1,0.0,0.0
1072,588,436,a,,,1.42,8.884998294395503,,3.96,,,,,,,,Simbad,05 35 14.23,-05 22 04.02,1,0.0,0.0
1073,589,436,b,,,1.42,9.434998294395504,,3.79,,,,,,,,Simbad,05 35 14.25,-05 22 03.92,1,0.0,0.0
1074,590,3091,,,,1.95,,,,,,,,,,,Simbad,05 35 14.26,-05 25 15.18,2,0.0,0.0
1075,591,9061,,,,0.59,9.264998294395506,>,4.35,,mid-M:(H),,,,,,Simbad,05 35 14.26,-05 23 07.72,1,0.0,0.0
1076,592,441,,1843.0,95.0,0.56,4.524998294395504,,2.58,3.562,M1(H),1.54,0.36,3.78,0.21,3.94,Simbad,05 35 14.29,-05 23 33.32,1,0.539032717683238,0.04115710052451383
1077,596,439,,,99.0,5.98,6.884998294395505,,3.33,3.562,M1(H),3.47,-0.12,2.19,0.28,5.45,Simbad,05 35 14.35,-05 17 25.22,1,0.1388050322361332,0.04115710052451383
1078,597,447,,,99.0,9.41,6.7349982943955045,,3.33,,,,,,,,Simbad,05 35 14.35,-05 32 46.02,1,0.14725550936734935,0.04115710052451383
1079,598,449,,,99.0,9.95,7.944998294395505,,2.47,3.643,K5(P)K4-M0:(H),2.97,-0.72,0.75,0.78,7.54,Simbad,05 35 14.35,-05 33 18.62,1,0.0,0.0
1080,599,443,,,99.0,1.73,5.874998294395505,,0.95,3.544,M2(H),0.0,-0.55,1.45,0.3,6.01,Simbad,05 35 14.36,-05 25 01.72,1,0.24303984908647883,0.04115710052451383
1081,600,446,,,99.0,5.69,8.104998294395505,,2.98,3.5,M4.5(H),0.0,-1.27,0.77,0.13,6.38,Simbad,05 35 14.40,-05 29 02.82,1,0.0,0.0
1082,601,442,,,99.0,1.37,7.244998294395504,,3.28,3.526,M3(H),1.88,-0.59,1.5,0.23,5.99,Simbad,05 35 14.41,-05 22 06.22,1,0.11958629059960592,0.04115710052451383
1083,602,444,,,99.0,6.63,7.4449982943955035,,3.45,,,,,,,,Simbad,05 35 14.53,-05 16 46.02,1,0.1093009456649664,0.04115710052451383
1084,603,448,,1839.0,99.0,0.94,4.014998294395504,,2.48,3.602,"K7(P)K3-K4,M0-M1.5(Sam)",2.29,0.71,4.76,0.28,3.72,Simbad,05 35 14.55,-05 22 33.42,1,0.7059721236956545,0.04115710052451383
1085,604,9066,,,,1.44,9.134998294395503,>,5.28,,K:(H),,,,,,Simbad,05 35 14.55,-05 22 00.52,1,0.0,0.0
1086,605,440,,,99.0,14.52,6.384998294395505,,3.09,3.518,M3.5(H),0.97,-0.44,1.86,0.2,5.4,Simbad,05 35 14.57,-05 08 51.82,1,0.16744336601362644,0.04115710052451383
1087,606,445,b,,,2.7,7.944998294395505,,5.65,,,,,,,,Simbad,05 35 14.57,-05 20 42.82,1,0.0,0.0
1088,607,445,a,,26.0,2.71,6.584998294395504,,4.25,,cont(H),,,,,,Simbad,05 35 14.58,-05 20 42.42,1,0.1558195570482442,0.04115710052451383
1089,608,460,,1876.0,95.0,15.82,3.594998294395504,,1.58,3.695,K0-K3(P),1.49,0.65,2.87,1.4,5.87,Simbad,05 35 14.60,-05 39 11.42,1,0.8896538467134357,0.04115710052451383
1090,609,9069,,,,0.57,7.3649982943955035,,3.67,3.555,M0.5-M2.5(H),4.11,-0.15,2.17,0.27,5.34,Simbad,05 35 14.60,-05 23 01.92,2,0.11330443503421073,0.04115710052451383
1091,610,450,,,,2.93,8.154998294395503,,4.4,,,,,,,,Simbad,05 35 14.64,-05 20 28.62,2,0.0,0.0
1092,611,458,,,99.0,10.91,8.294998294395503,,4.03,3.526,M3e(H),3.8,-0.54,1.59,0.23,5.92,Simbad,05 35 14.66,-05 34 16.52,1,0.0,0.0
1093,612,451,,,98.0,0.43,4.1149982943955035,,,3.526,M3e(H),0.0,0.2,3.74,0.14,3.67,Simbad,05 35 14.68,-05 23 22.42,1,0.6723337662584171,0.04115710052451383
1094,613,9071,,,,2.3,9.664998294395504,,5.06,,M:(H),,,,,,Simbad,05 35 14.68,-05 21 06.72,1,0.0,0.0
1095,614,453,,,99.0,0.57,4.214998294395505,,,,,,,,,,Simbad,05 35 14.74,-05 23 45.72,2,0.6386550722878804,0.04115710052451383
1096,615,9073,,,,0.51,9.744998294395502,,2.31,,,,,,,,Simbad,05 35 14.74,-05 23 04.82,1,0.0,0.0
1097,616,452,,,99.0,0.95,6.524998294395504,,2.96,,,,,,,,Simbad,05 35 14.75,-05 22 31.32,1,0.15946497762206333,0.04115710052451383
1098,618,465,,,97.0,14.73,6.624998294395505,,2.41,,,,,,,,Simbad,05 35 14.79,-05 38 05.82,1,0.15383045552693128,0.04115710052451383
1099,619,454,,1840.0,99.0,0.83,3.7749982943955036,,2.1,3.661,K4(H)K7(Eetal)K4-M0(Sam),2.31,0.78,3.9,0.81,5.31,Simbad,05 35 14.81,-05 22 38.82,1,0.8068927287447186,0.04115710052451383
1100,620,9075,,,,0.49,8.294998294395503,,4.82,,,,,,,,Simbad,05 35 14.81,-05 23 05.12,1,0.0,0.0
1101,621,9077,,,,0.9,6.3149982943955045,,3.78,3.509,M4(H),2.23,-0.06,2.99,0.14,3.9,Simbad,05 35 14.82,-05 24 11.12,1,0.17357650357897603,0.04115710052451383
1102,622,455,,,98.0,0.4,5.914998294395504,,,,,,,,,,Simbad,05 35 14.84,-05 23 28.42,1,0.2362665720741045,0.04115710052451383
1103,623,456,,1844.0,4.0,0.48,4.094998294395504,,2.41,,,,,,,,Simbad,05 35 14.84,-05 23 38.92,1,0.6775365162539947,0.04115710052451383
1104,624,466,,,99.0,13.28,6.3649982943955035,,2.88,3.518,M3.5(P),0.44,-0.56,1.61,0.21,5.9,Simbad,05 35 14.85,-05 36 38.81,1,0.16873910038769335,0.04115710052451383
1105,625,9079,,,,0.91,7.204998294395503,,3.31,,,,,,,,Simbad,05 35 14.85,-05 24 12.22,1,0.12144425138126287,0.04115710052451383
1106,626,9080,,,,0.92,6.774998294395504,,3.28,3.483,M5.5(H),0.0,-0.63,1.75,0.13,4.79,Simbad,05 35 14.85,-05 24 12.32,1,0.14500266529959244,0.04115710052451383
1107,627,457,,1837.0,79.0,1.43,4.4449982943955035,,1.96,3.661,K3-K4(Sam),1.96,0.42,2.59,0.82,5.69,Simbad,05 35 14.88,-05 21 59.62,1,0.5645492412099481,0.04115710052451383
1108,630,9083,,,,1.63,10.064998294395503,>,4.95,,,,,,,,Simbad,05 35 14.94,-05 21 47.52,2,0.0,0.0
1109,631,9084,,,,2.52,10.614998294395503,>,3.8,,,,,,,,Simbad,05 35 14.94,-05 20 52.72,1,0.0,0.0
1110,633,9086,,,,0.92,7.534998294395503,,4.16,3.471,M6(H),0.58,-0.69,1.72,0.11,4.69,Simbad,05 35 14.98,-05 22 31.52,2,0.1046292580561838,0.04115710052451383
1111,634,464,,1845.0,99.0,0.51,4.914998294395504,,,,,,,,,,Simbad,05 35 15.07,-05 23 45.72,1,0.43216075900804857,0.04115710052451383
1112,635,461,,,,3.15,8.734998294395504,,5.36,,,,,,,,Simbad,05 35 15.09,-05 20 14.42,2,0.0,0.0
1113,636,463,,1841.0,99.0,0.58,4.034998294395503,,2.14,,,,,,,,Simbad,05 35 15.09,-05 22 54.12,1,0.6987532505129153,0.04115710052451383
1114,638,467,,1838.0,99.0,1.03,4.974998294395505,,2.15,3.602,K7(H),1.44,0.12,2.41,0.4,5.55,Simbad,05 35 15.12,-05 22 23.66,1,0.4168908271296461,0.04115710052451383
1115,639,9088,,,,2.54,10.264998294395506,,2.4,,,,,,,,Simbad,05 35 15.12,-05 20 51.52,2,0.0,0.0
1116,640,468,,1842.0,99.0,0.54,3.414998294395504,,1.66,3.745,G6-G8(H),2.37,0.96,3.26,2.39,6.34,Simbad,05 35 15.15,-05 22 56.42,1,0.9783863659638493,0.04115710052451383
1117,641,5034,,,,7.59,9.424998294395506,,,,,,,,,,Simbad,05 35 15.18,-05 15 47.58,1,0.0,0.0
1118,642,9092,,,,2.91,7.914998294395504,,3.85,3.509,M4(H),2.41,-0.66,1.5,0.18,5.88,Simbad,05 35 15.19,-05 20 29.12,1,0.0,0.0
1119,643,9093,,,,1.48,9.964998294395505,>,5.55,,,,,,,,Simbad,05 35 15.19,-05 21 55.82,1,0.0,0.0
1120,644,462,,,99.0,9.75,7.3149982943955045,,3.54,3.518,M3.5(H),2.13,-0.53,1.67,0.21,5.85,Simbad,05 35 15.23,-05 13 37.82,1,0.11595520831583915,0.04115710052451383
1121,645,469,,,99.0,4.35,6.424998294395504,,2.88,3.494,M4.5-M5.5(H),0.0,-0.56,1.79,0.14,5.01,Simbad,05 35 15.24,-05 19 01.92,1,0.16530588173128866,0.04115710052451383
1122,646,470,,,99.0,1.16,4.454998294395503,,2.63,,late-K:(H)<=K5(P),,,,,,Simbad,05 35 15.24,-05 22 15.22,1,0.5616554433822106,0.04115710052451383
1123,647,472,a,,99.0,0.99,6.754998294395504,,3.28,,,,,,,,Simbad,05 35 15.25,-05 22 25.82,1,0.14612474581095003,0.04115710052451383
1124,648,472,b,,,0.99,6.994998294395504,,3.36,,,,,,,,Simbad,05 35 15.25,-05 22 25.72,1,0.13253131576972157,0.04115710052451383
1125,649,9096,,,,0.99,7.214998294395505,,4.43,,,,,,,,Simbad,05 35 15.29,-05 22 25.42,1,0.12113259865508845,0.04115710052451383
1126,650,473,,,98.0,2.17,6.684998294395504,,3.86,3.535,M2-M3e(H),3.8,0.07,3.1,0.18,4.23,Simbad,05 35 15.30,-05 21 13.62,1,0.15031384193678674,0.04115710052451383
1127,651,5177,,,,0.33,,,,,,,,,,,Simbad,05 35 15.30,-05 23 33.06,1,0.0,0.0
1128,652,475,,1868.0,99.0,0.46,4.854998294395504,,,,,,,,,,Simbad,05 35 15.32,-05 23 45.12,1,0.44798999995347105,0.04115710052451383
1129,653,471,,,96.0,5.74,7.414998294395504,,,,,,,,,,Simbad,05 35 15.33,-05 17 38.82,1,0.11071425928065064,0.04115710052451383
1130,654,3103,,,,2.62,,,,,,,,,,,Simbad,05 35 15.33,-05 25 59.21,2,0.0,0.0
1131,655,477,,,99.0,4.0,6.164998294395504,,3.27,3.535,M2.5(H),2.28,-0.09,2.57,0.21,4.71,Simbad,05 35 15.37,-05 27 22.32,1,0.19385447655467666,0.04115710052451383
1132,656,476,,1861.0,99.0,0.63,5.254998294395504,,2.7,3.544,M2(H),1.21,0.0,2.71,0.22,4.63,Simbad,05 35 15.38,-05 22 48.32,1,0.3582470271197387,0.04115710052451383
1133,657,474,,,99.0,5.77,8.004998294395504,,3.68,3.505,M4-M4.5(H),1.74,-0.84,1.24,0.16,6.06,Simbad,05 35 15.40,-05 17 36.62,1,0.0,0.0
1134,658,483,,,99.0,11.82,6.704998294395503,,3.14,,,,,,,,Simbad,05 35 15.40,-05 35 11.62,1,0.14915959368342957,0.04115710052451383
1135,659,5178,,,,0.34,,,,,,,,,,,Simbad,05 35 15.44,-05 23 36.87,2,0.0,0.0
1136,660,478,,1872.0,99.0,1.87,3.464998294395505,,2.28,3.58,"M0.4(P)K4,K7-M1(Sam)",1.25,0.69,5.1,0.2,3.36,Simbad,05 35 15.45,-05 25 13.82,1,0.9535667811233676,0.04115710052451383
1137,661,491,,,99.0,11.4,6.8149982943955045,,3.75,3.494,M5(H),1.21,-0.43,2.11,0.15,4.67,Simbad,05 35 15.50,-05 34 46.32,1,0.14278428721830652,0.04115710052451383
1138,662,480,,1871.0,99.0,0.7,4.354998294395504,,2.07,,<M0(Sam),,,,,,Simbad,05 35 15.52,-05 24 02.62,1,0.5927948985304557,0.04115710052451383
1139,663,479,,1862.0,99.0,0.49,2.884998294395505,,1.8,3.719,G8-K1(H),2.39,1.16,4.63,2.62,5.75,Simbad,05 35 15.53,-05 22 56.12,1,0.0,0.0
1140,665,482,,,99.0,2.18,5.174998294395504,,2.38,3.591,K8e(H)<M0(Sam),1.71,0.1,2.47,0.35,5.48,Simbad,05 35 15.58,-05 25 32.72,1,0.37328233752136986,0.04115710052451383
1141,666,486,,,99.0,4.88,7.344998294395504,,3.82,3.5,M4.5(H),1.78,-0.53,1.81,0.16,5.12,Simbad,05 35 15.59,-05 28 15.02,1,0.11447499180364756,0.04115710052451383
1142,667,3032,,,,5.6,8.484998294395504,,,,,,,,,,Simbad,05 35 15.59,-05 17 46.86,1,0.0,0.0
1143,668,9108,,,,1.81,6.494998294395504,,3.16,3.555,M1.5(H),2.8,-0.12,2.25,0.26,5.22,Simbad,05 35 15.61,-05 25 10.42,1,0.1611124224814569,0.04115710052451383
1144,669,485,,,99.0,3.1,6.174998294395504,,2.49,3.555,M1.5(H),1.08,-0.42,1.61,0.33,5.92,Simbad,05 35 15.62,-05 26 27.92,1,0.1923658831684281,0.04115710052451383
1145,670,481,,,99.0,1.73,6.604998294395504,,2.99,3.526,M3(H),1.13,-0.52,1.63,0.23,5.89,Simbad,05 35 15.65,-05 21 39.52,1,0.1550208485162146,0.04115710052451383
1146,672,498,,1873.0,99.0,9.61,5.724998294395505,,2.08,,,,,,,,Simbad,05 35 15.67,-05 32 58.82,1,0.26934852500568957,0.04115710052451383
1147,673,484,b,,,1.04,8.794998294395503,,5.91,,,,,,,,Simbad,05 35 15.68,-05 24 24.22,2,0.0,0.0
1148,674,9110,,,,0.83,8.364998294395503,,4.69,,,,,,,,Simbad,05 35 15.69,-05 24 11.02,1,0.0,0.0
1149,675,488,a,1866.0,99.0,0.18,4.1149982943955035,,,3.695,mid-Ke(H)K1(CK),0.0,0.08,1.49,1.29,6.71,Simbad,05 35 15.70,-05 23 22.02,1,0.6723337662584171,0.04115710052451383
1150,676,489,,,96.0,0.19,5.6149982943955035,,,,,,,,,,Simbad,05 35 15.70,-05 23 26.02,2,0.288698584217703,0.04115710052451383
1151,677,501,,1874.0,99.0,9.82,5.164998294395504,,1.82,3.58,M0(H),0.07,-0.28,1.67,0.41,5.91,Simbad,05 35 15.70,-05 33 11.92,1,0.37520558714029506,0.04115710052451383
1152,678,1864,,1864.0,,0.28,0.31499829439550453,,,4.14,B5-B8+G0-G5(Par),0.0,2.42,2.83,4.13,,Simbad,05 35 15.71,-05 23 09.57,1,0.0,0.0
1153,679,492,,1860.0,99.0,0.64,5.744998294395504,,3.28,3.526,M3e(H),1.88,0.01,2.99,0.17,4.25,Simbad,05 35 15.74,-05 22 45.42,1,0.265910178940527,0.04115710052451383
1154,680,1865,,1865.0,99.0,0.22,-1.7750017056044962,,0.42,4.471,O9(WSH)B2(Par)B0.5V(LA)O9V(vA)B1(J)B1(S)B1.5(T),1.89,4.5,6.75,18.91,,Simbad,05 35 15.75,-05 23 14.15,1,0.0,0.0
1155,681,490,,,99.0,2.71,6.9449982943955035,,4.1,3.494,M5(H),2.11,-0.26,2.55,0.15,4.26,Simbad,05 35 15.77,-05 20 40.22,1,0.1352838432726335,0.04115710052451383
1156,682,494,,,0.0,0.38,5.474998294395505,,2.36,3.602,K7(H),1.98,0.06,2.23,0.41,5.63,Simbad,05 35 15.77,-05 23 01.72,1,0.31505487326122356,0.04115710052451383
1157,683,502,,,99.0,5.5,5.394998294395505,,2.57,3.535,M2.5(H),0.49,-0.22,2.21,0.23,5.09,Simbad,05 35 15.79,-05 28 52.42,1,0.32996881971020126,0.04115710052451383
1158,686,9118,,,99.0,0.93,8.404998294395503,,2.3,,cont+emis(H),,,,,,Simbad,05 35 15.83,-05 24 17.42,2,0.0,0.0
1159,687,496,,,0.0,1.04,6.154998294395504,,2.77,3.602,K7e(H),3.03,0.04,2.19,0.42,5.64,Simbad,05 35 15.84,-05 22 20.72,1,0.1953545891886893,0.04115710052451383
1160,688,9119,,,,0.82,8.084998294395506,,4.43,3.535,M2.5:e(H),5.26,-0.13,2.45,0.22,4.83,Simbad,05 35 15.84,-05 22 33.82,2,0.0,0.0
1161,689,487,,1858.0,99.0,8.4,4.704998294395503,,1.78,3.623,K6(H),0.87,0.07,2.06,0.56,5.78,Simbad,05 35 15.85,-05 14 58.82,1,0.4863825794317657,0.04115710052451383
1162,690,499,,1869.0,99.0,0.47,3.3649982943955035,,2.34,3.719,K0:e(H)G5:(HT),3.78,1.3,5.48,2.84,5.62,Simbad,05 35 15.85,-05 23 49.42,1,1.0038519588279415,0.04115710052451383
1163,691,493,,,99.0,6.42,6.774998294395504,,3.74,,,,,,,,Simbad,05 35 15.86,-05 16 57.42,1,0.14500266529959244,0.04115710052451383
1164,692,503,,1870.0,99.0,0.52,4.244998294395504,,2.16,3.806,F2-F7e(H),4.33,1.18,3.17,1.98,6.71,Simbad,05 35 15.89,-05 23 52.52,1,0.6288843662740407,0.04115710052451383
1165,693,497,,,99.0,2.22,5.544998294395505,,3.44,,<=K5(P),,,,,,Simbad,05 35 15.90,-05 21 09.62,1,0.3008150080750705,0.04115710052451383
1166,694,500,,,99.0,1.6,6.724998294395505,,3.71,3.483,M5.5(H),0.34,-0.52,1.97,0.13,4.6,Simbad,05 35 15.90,-05 21 46.72,1,0.14801420881226798,0.04115710052451383
1167,695,9122,,,,3.03,8.164998294395504,,4.89,3.555,M1.5(H),7.24,0.29,3.62,0.2,3.99,Simbad,05 35 15.91,-05 20 20.67,1,0.0,0.0
1168,696,514,,1898.0,0.0,15.87,2.3249982943955043,,0.94,3.736,G6(H)G8IV-V(Petal),0.41,0.91,3.21,2.36,6.27,Simbad,05 35 15.92,-05 39 14.82,1,0.0,0.0
1169,697,504,a,1859.0,,2.77,5.4849982943955045,,2.41,,,,,,,,Simbad,05 35 15.96,-05 20 36.42,1,0.31263559149390385,0.04115710052451383
1170,698,504,b,1859.0,99.0,2.77,5.554998294395505,,2.19,3.661,K2-K4(Sam),2.55,0.12,1.83,0.92,6.17,Simbad,05 35 15.96,-05 20 36.32,1,0.2992730738142913,0.04115710052451383
1171,699,9124,,,,2.47,7.394998294395505,,4.07,3.509,M4(H),2.98,-0.31,2.24,0.17,4.75,Simbad,05 35 15.96,-05 25 50.52,2,0.11185805674661059,0.04115710052451383
1172,701,505,,,93.0,0.81,6.4449982943955035,,3.69,3.544,M2(H),3.75,0.14,3.2,0.2,4.21,Simbad,05 35 16.01,-05 24 10.62,1,0.16403651077516443,0.04115710052451383
1173,702,1863,a,1863.0,99.0,0.29,-0.785001705604496,,-0.04,4.272,B4(Par)B3V(LA)B0V(vA)B3(J)B3(S)B6n(T),0.49,3.28,4.15,7.18,,Simbad,05 35 16.03,-05 23 06.38,1,0.0,0.0
1174,703,3016,,,,7.58,8.684998294395504,,3.79,,,,,,,,Simbad,05 35 16.04,-05 15 47.90,1,0.0,0.0
1175,704,495,,,99.0,14.06,6.454998294395503,,3.02,,,,,,,,Simbad,05 35 16.06,-05 09 18.92,1,0.16361555692025756,0.04115710052451383
1176,705,506,,,,2.2,7.794998294395505,,4.63,,,,,,,,Simbad,05 35 16.08,-05 21 10.42,1,0.0,0.0
1177,707,507,,,95.0,1.84,6.804998294395505,,3.19,3.526,M3e(H),1.65,-0.47,1.72,0.23,5.8,Simbad,05 35 16.09,-05 21 32.22,2,0.14351994974068716,0.04115710052451383
1178,708,509,a,,99.0,1.55,6.974998294395505,,3.42,,,,,,,,Simbad,05 35 16.09,-05 24 55.42,1,0.13355688868772642,0.04115710052451383
1179,709,509,b,,,1.54,7.584998294395504,,3.64,,,,,,,,Simbad,05 35 16.12,-05 24 55.02,1,0.10223739963291663,0.04115710052451383
1180,710,9132,,,,0.76,6.744998294395504,,4.16,3.518,M3.5(H),3.72,0.09,3.4,0.11,3.42,Simbad,05 35 16.13,-05 22 37.32,1,0.14687761926208237,0.04115710052451383
1181,711,3117,,,,5.18,8.604998294395505,,,,,,,,,,Simbad,05 35 16.16,-05 28 33.42,1,0.0,0.0
1182,712,517,,,99.0,7.63,6.954998294395503,,3.22,3.5,M4.5(H),0.24,-0.75,1.4,0.15,5.67,Simbad,05 35 16.17,-05 31 00.32,1,0.1349366751021871,0.04115710052451383
1183,713,518,,,99.0,8.65,6.964998294395505,,3.61,3.483,M5.5(H),0.08,-0.68,1.64,0.12,4.89,Simbad,05 35 16.18,-05 32 01.72,1,0.134245009205239,0.04115710052451383
1184,714,512,,,99.0,0.11,4.214998294395505,,,,cont(H),,,,,,Simbad,05 35 16.19,-05 23 16.52,1,0.6386550722878804,0.04115710052451383
1185,715,5056,,,,5.65,9.074998294395504,,,,,,,,,,Simbad,05 35 16.20,-05 17 43.83,1,0.0,0.0
1186,716,510,,,95.0,2.96,7.1949982943955035,,3.93,3.494,M5(H),1.67,-0.46,2.01,0.14,4.77,Simbad,05 35 16.21,-05 20 25.02,1,0.12206996437840219,0.04115710052451383
1187,717,511,b,,,1.21,9.904998294395503,,,3.544,M1.5-M2e(H),0.0,-2.16,0.23,0.22,8.19,Simbad,05 35 16.21,-05 22 09.82,2,0.0,0.0
1188,718,508,,,99.0,7.74,6.184998294395504,,2.84,3.571,K7-M1(H),2.47,-0.1,2.15,0.31,5.58,Simbad,05 35 16.22,-05 15 37.92,1,0.19137984344999617,0.04115710052451383
1189,719,9135,,,,2.23,6.934998294395504,,4.63,3.5,M4.5(H),3.86,0.14,3.91,0.14,3.25,Simbad,05 35 16.22,-05 21 09.02,1,0.13598086151825553,0.04115710052451383
1190,720,511,a,,99.0,1.22,7.584998294395504,,3.8,,,,,,,,Simbad,05 35 16.23,-05 22 09.52,2,0.10223739963291663,0.04115710052451383
1191,721,513,,,99.0,0.57,6.0649982943955045,,2.94,3.555,M1.5e(H),2.24,-0.09,2.34,0.26,5.1,Simbad,05 35 16.24,-05 22 48.52,1,0.20938890724578588,0.04115710052451383
1192,722,516,,,99.0,1.78,6.254998294395504,,2.95,3.555,M1.5(H),2.26,-0.16,2.16,0.27,5.38,Simbad,05 35 16.26,-05 25 09.32,1,0.1817932013636544,0.04115710052451383
1193,723,515,,1895.0,99.0,0.67,3.8149982943955045,,2.16,3.602,K4-K7(H)<M0(Sam),1.47,0.59,4.14,0.3,4.08,Simbad,05 35 16.27,-05 24 02.72,1,0.7904754362281722,0.04115710052451383
1194,724,9138,,,,0.98,9.404998294395503,>,3.51,,cont+emis(H),,,,,,Simbad,05 35 16.27,-05 22 23.72,2,0.0,0.0
1195,725,9140,,,99.0,1.02,7.794998294395505,,4.02,,>=M2(H),,,,,,Simbad,05 35 16.28,-05 22 21.32,2,0.0,0.0
1196,726,9142,,,,1.53,7.964998294395505,,4.27,3.535,M2.5(H),4.85,-0.18,2.31,0.22,4.99,Simbad,05 35 16.31,-05 21 50.72,2,0.0,0.0
1197,727,519,a,,99.0,0.8,6.214998294395505,,3.47,3.509,M4(H),1.44,-0.22,2.5,0.16,4.42,Simbad,05 35 16.41,-05 22 34.81,2,0.1870048387992548,0.04115710052451383
1198,728,1891,,1891.0,92.0,0.0,-3.275001705604496,,0.33,4.603,O7(WSH)<09(H)O7(Par)O6:(LA)O7V(vA)O6(J)O9(T)O6(S),1.74,5.4,10.38,45.7,,Simbad,05 35 16.41,-05 23 22.55,2,0.0,0.0
1199,729,519,b,,,0.79,9.424998294395506,,2.36,,,,,,,,Simbad,05 35 16.44,-05 22 35.32,2,0.0,0.0
1200,730,9145,,,,2.7,9.994998294395502,,5.05,,,,,,,,Simbad,05 35 16.46,-05 20 40.42,2,0.0,0.0
1201,731,521,,,86.0,0.71,6.2349982943955045,,4.16,3.58,M0(H),6.07,0.76,5.52,0.19,3.17,Simbad,05 35 16.48,-05 24 05.42,2,0.18414387459125522,0.04115710052451383
1202,732,520,,,99.0,3.78,6.9449982943955035,,2.81,3.58,M0e(H),2.61,-0.37,1.5,0.44,6.07,Simbad,05 35 16.50,-05 19 35.52,1,0.1352838432726335,0.04115710052451383
1203,733,527,,1897.0,99.0,9.42,4.924998294395504,,2.09,3.571,M0.5(H),0.55,-0.06,2.24,0.3,5.49,Simbad,05 35 16.51,-05 32 47.72,1,0.42994556540869017,0.04115710052451383
1204,734,9147,,,99.0,1.92,6.534998294395503,,3.14,3.544,M2(H),2.34,-0.24,2.07,0.25,5.38,Simbad,05 35 16.52,-05 25 17.82,2,0.15905575532920044,0.04115710052451383
1205,735,9148,,,,2.12,9.144998294395505,,4.91,,G-K:(H),,,,,,Simbad,05 35 16.52,-05 21 15.42,2,0.0,0.0
1206,736,522,,,,5.99,9.134998294395503,,,,,,,,,,Simbad,05 35 16.53,-05 17 23.02,1,0.0,0.0
1207,738,3052,,,,3.05,8.214998294395505,,,,,,,,,,Simbad,05 35 16.63,-05 20 19.59,2,0.0,0.0
1208,739,524,,1890.0,99.0,0.12,4.1149982943955035,,,,,,,,,,Simbad,05 35 16.65,-05 23 16.22,1,0.6723337662584171,0.04115710052451383
1209,740,9151,,,,0.86,6.9449982943955035,,3.07,3.509,M4(H),0.41,-0.76,1.34,0.17,6.03,Simbad,05 35 16.65,-05 22 31.09,1,0.1352838432726335,0.04115710052451383
1210,741,523,,,99.0,6.49,7.7349982943955045,,3.75,3.5,M4.5(H),1.6,-0.73,1.43,0.15,5.6,Simbad,05 35 16.68,-05 16 53.22,1,0.0,0.0
1211,742,3031,,,,6.1,8.304998294395505,,,,,,,,,,Simbad,05 35 16.68,-05 17 16.37,1,0.0,0.0
1212,743,526,b,1896.0,,0.69,5.3149982943955045,,2.18,,,,,,,,Simbad,05 35 16.69,-05 24 03.92,1,0.34647789549606456,0.04115710052451383
1213,744,526,a,1896.0,98.0,0.69,3.7849982943955034,,1.9,3.623,K6(H)K6(Eetal)K4III(Ham)K2-K3(Sam),1.17,0.52,3.43,0.47,4.95,Simbad,05 35 16.70,-05 24 04.02,1,0.8027567132208039,0.04115710052451383
1214,745,1892,,1892.0,,0.1,1.1149982943955035,,,4.053,B8(Par),0.0,1.84,2.17,2.63,6.67,Simbad,05 35 16.72,-05 23 25.98,1,0.0,0.0
1215,746,529,,1886.0,99.0,1.01,4.3149982943955045,,2.5,3.58,M0(Sam),1.81,0.49,4.04,0.23,3.91,Simbad,05 35 16.78,-05 22 22.12,1,0.6051065869213419,0.04115710052451383
1216,747,525,,,99.0,6.33,9.044998294395503,,,3.526,>=M3e(H),0.0,-1.77,0.39,0.17,7.29,Simbad,05 35 16.79,-05 17 02.92,1,0.0,0.0
1217,749,535,,,99.0,2.4,6.384998294395505,,3.05,3.535,M2.5(H),1.72,-0.31,1.98,0.23,5.4,Simbad,05 35 16.84,-05 25 46.62,1,0.16744336601362644,0.04115710052451383
1218,750,3055,,,,2.39,6.854998294395504,,,,,,,,,,Simbad,05 35 16.85,-05 20 59.56,1,0.14059984783257048,0.04115710052451383
1219,751,9155,,,,1.23,9.704998294395503,,,,,,,,,,Simbad,05 35 16.86,-05 22 09.12,1,0.0,0.0
1220,752,532,,,99.0,0.58,7.4449982943955035,,3.62,,,,,,,,Simbad,05 35 16.87,-05 22 48.22,2,0.1093009456649664,0.04115710052451383
1221,753,533,,1888.0,99.0,0.38,4.534998294395503,,2.44,3.58,M0(H),1.66,0.36,3.5,0.25,4.26,Simbad,05 35 16.87,-05 23 00.62,1,0.5362697138677195,0.04115710052451383
1222,754,531,,1885.0,99.0,1.63,1.8149982943955045,,0.65,3.975,A0(WSH)A2V(Par)A2:V(GS)A2(T),1.56,1.71,2.69,2.49,6.66,Simbad,05 35 16.88,-05 21 45.02,1,0.0,0.0
1223,755,534,,1894.0,99.0,0.26,4.574998294395504,,1.43,3.544,M2e(H),0.0,-0.03,2.64,0.22,4.7,Simbad,05 35 16.88,-05 23 36.62,1,0.5240104160758073,0.04115710052451383
1224,756,528,,,99.0,7.64,6.884998294395505,,3.97,,,,,,,,Simbad,05 35 16.90,-05 15 44.12,1,0.1388050322361332,0.04115710052451383
1225,757,536,,1887.0,99.0,0.84,4.354998294395504,,2.16,3.708,K0-K2(H)<M0(Sam),3.16,0.76,3.06,1.79,5.96,Simbad,05 35 16.90,-05 22 32.72,1,0.5927948985304557,0.04115710052451383
1226,758,9158,,,,1.04,8.354998294395505,,4.43,3.602,K7(H),7.29,0.2,2.63,0.39,5.46,Simbad,05 35 16.91,-05 22 20.62,1,0.0,0.0
1227,759,5081,,,,3.18,8.334998294395506,,,,,,,,,,Simbad,05 35 16.93,-05 20 11.75,1,0.0,0.0
1228,760,537,,,90.0,0.31,5.264998294395504,,,3.591,K8e(H),0.0,-0.35,1.47,0.51,6.17,Simbad,05 35 16.95,-05 23 39.32,1,0.35549607617606416,0.04115710052451383
1229,761,538,,1893.0,99.0,0.23,3.414998294395504,,1.89,3.708,K0-K2(H),2.47,0.96,3.88,1.93,5.73,Simbad,05 35 16.96,-05 23 33.72,1,0.9783863659638493,0.04115710052451383
1230,762,543,,,99.0,5.59,8.964998294395505,,,,,,,,,,Simbad,05 35 16.96,-05 28 57.82,1,0.0,0.0
1231,763,9163,,,,1.99,7.744998294395504,,4.05,3.518,M3.5(H),3.44,-0.38,1.98,0.2,5.22,Simbad,05 35 17.00,-05 21 23.72,2,0.0,0.0
1232,764,539,,,99.0,0.57,5.964998294395505,,,,,,,,,,Simbad,05 35 17.01,-05 22 49.82,2,0.2273334601691593,0.04115710052451383
1233,765,540,,,99.0,1.6,6.464998294395505,,4.08,3.494,M5(H),2.06,-0.08,3.14,0.15,3.81,Simbad,05 35 17.01,-05 24 58.12,1,0.16277688721947972,0.04115710052451383
1234,766,530,,,99.0,10.72,7.214998294395505,,3.44,3.494,M5(H),0.41,-0.78,1.4,0.13,5.42,Simbad,05 35 17.04,-05 12 39.22,1,0.12113259865508845,0.04115710052451383
1235,767,546,,,99.0,3.38,7.204998294395503,,,,,,,,,,Simbad,05 35 17.06,-05 26 45.22,1,0.12144425138126287,0.04115710052451383
1236,768,544,,1884.0,99.0,1.86,2.7349982943955045,,2.22,3.67,K4-K7(H)K5:III(HT)K7(Eetal)K4III(Ham)K3(Sam),2.76,1.3,6.84,1.19,4.8,Simbad,05 35 17.11,-05 21 31.42,1,0.0,0.0
1237,769,542,,,99.0,2.92,5.254998294395504,,2.2,3.526,M3(H),0.0,-0.25,2.21,0.21,5.03,Simbad,05 35 17.12,-05 20 27.52,1,0.3582470271197387,0.04115710052451383
1238,770,1889,,1889.0,99.0,0.21,-1.785001705604496,,0.4,4.42,B1(Par)B0.5V(LA)B0Vp(vA)B1(J)B1(S)B1.5(T),1.79,4.35,7.21,16.63,,Simbad,05 35 17.15,-05 23 16.79,1,0.0,0.0
1239,771,9171,,,,1.04,7.004998294395504,,3.17,3.562,M0.5-M1.5(H),3.06,-0.27,1.84,0.32,5.79,Simbad,05 35 17.18,-05 24 24.12,1,0.13185197939711457,0.04115710052451383
1240,772,548,,1909.0,99.0,0.81,5.824998294395504,,2.38,,<=K5(H)<=K5(P)<M0(Sam)cont+emis(CK),,,,,,Simbad,05 35 17.25,-05 22 35.32,1,0.25194194454595426,0.04115710052451383
1241,773,547,,,97.0,3.14,6.804998294395505,,2.67,3.571,M0.5(H),2.03,-0.45,1.43,0.42,6.12,Simbad,05 35 17.26,-05 20 14.72,1,0.14351994974068716,0.04115710052451383
1242,774,549,,,99.0,0.66,7.134998294395505,,3.57,3.661,K2-K7(H)-PCygni-Paschen-lines,6.08,0.35,2.39,0.84,5.79,Simbad,05 35 17.26,-05 23 59.82,1,0.12524722044199446,0.04115710052451383
1243,775,541,,,99.0,10.89,7.414998294395504,,3.36,3.471,M6(H),0.0,-0.79,1.54,0.1,4.79,Simbad,05 35 17.27,-05 12 29.42,1,0.11071425928065064,0.04115710052451383
1244,776,551,b,,,2.37,6.274998294395504,,2.56,,,,,,,,Simbad,05 35 17.28,-05 25 44.22,1,0.17901196936078953,0.04115710052451383
1245,777,551,a,,99.0,2.37,5.784998294395503,,2.73,3.562,M1(H)<M0(Sam),1.93,-0.05,2.36,0.27,5.14,Simbad,05 35 17.29,-05 25 44.22,1,0.2584995287564358,0.04115710052451383
1246,778,555,,,99.0,7.4,8.354998294395505,,3.32,3.509,M4(H),1.05,-1.16,0.84,0.15,6.37,Simbad,05 35 17.31,-05 30 46.32,1,0.0,0.0
1247,780,9176,,,99.0,0.88,7.594998294395504,,4.21,3.494,M5(H),2.39,-0.45,2.05,0.15,4.73,Simbad,05 35 17.32,-05 24 13.72,2,0.10171334549666944,0.04115710052451383
1248,781,9178,,,99.0,0.39,9.674998294395506,,,,,,,,,,Simbad,05 35 17.33,-05 23 41.12,2,0.0,0.0
1249,782,556,,,99.0,7.04,6.224998294395505,,2.49,,,,,,,,Simbad,05 35 17.34,-05 30 24.92,1,0.1855688432464024,0.04115710052451383
1250,783,5047,,,,6.44,8.924998294395506,,,,,,,,,,Simbad,05 35 17.35,-05 16 56.45,1,0.0,0.0
1251,784,545,,,99.0,13.56,7.164998294395504,,3.42,3.494,M5(H),0.36,-0.77,1.41,0.13,5.41,Simbad,05 35 17.37,-05 09 49.02,1,0.12364838752627612,0.04115710052451383
1252,785,9179,,,,0.94,7.384998294395505,,4.32,3.494,M5e(H),2.67,-0.3,2.44,0.15,4.35,Simbad,05 35 17.40,-05 24 17.22,2,0.11243437912618026,0.04115710052451383
1253,786,550,,,99.0,5.72,6.584998294395504,,4.21,3.679,K2-K3(H),8.0,1.04,4.85,1.22,5.26,Simbad,05 35 17.41,-05 17 39.82,1,0.1558195570482442,0.04115710052451383
1254,787,9180,,,,0.25,5.1949982943955035,,2.54,3.591,K7-K8e(H),2.12,0.19,2.75,0.32,4.96,Simbad,05 35 17.41,-05 23 20.52,1,0.3694653626501568,0.04115710052451383
1255,788,9181,,,99.0,0.59,7.414998294395504,,3.21,,,,,,,,Simbad,05 35 17.43,-05 22 50.72,1,0.11071425928065064,0.04115710052451383
1256,789,557,,,99.0,2.35,6.094998294395504,,2.68,3.591,K8(H),2.48,-0.08,2.01,0.39,5.72,Simbad,05 35 17.44,-05 25 42.42,1,0.20460220961608844,0.04115710052451383
1257,790,554,,,93.0,0.26,5.714998294395505,,,,,,,,,,Simbad,05 35 17.45,-05 23 24.32,1,0.2707362800532897,0.04115710052451383
1258,791,552,a,1908.0,99.0,1.65,6.414998294395504,,2.65,,,,,,,,Simbad,05 35 17.49,-05 21 44.82,1,0.16573118449261148,0.04115710052451383
1259,792,552,b,1908.0,,1.64,7.874998294395505,,3.25,,,,,,,,Simbad,05 35 17.50,-05 21 45.22,1,0.0,0.0
1260,793,553,a,1911.0,99.0,0.52,4.324998294395504,,2.5,3.67,K3-K4(H),3.48,0.84,4.02,0.95,5.33,Simbad,05 35 17.50,-05 22 56.22,1,0.6020048980004077,0.04115710052451383
1261,794,553,b,1911.0,,0.52,6.844998294395504,,1.92,,,,,,,,Simbad,05 35 17.53,-05 22 56.32,1,0.14096158634361733,0.04115710052451383
1262,795,558,,,98.0,0.42,7.644998294395505,,2.56,,<K6(H),,,,,,Simbad,05 35 17.58,-05 23 40.72,1,0.0,0.0
1263,796,565,,,99.0,8.66,6.414998294395504,,2.95,3.509,M4(H),0.1,-0.62,1.57,0.18,5.73,Simbad,05 35 17.58,-05 32 02.02,1,0.16573118449261148,0.04115710052451383
1264,797,559,,,99.0,1.55,6.604998294395504,,4.17,3.483,M5.5e(H),1.52,-0.19,2.91,0.16,3.97,Simbad,05 35 17.59,-05 24 53.82,1,0.1550208485162146,0.04115710052451383
1265,798,9187,,,,1.29,8.124998294395505,,4.34,,>=M2(H),,,,,,Simbad,05 35 17.59,-05 22 07.22,2,0.0,0.0
1266,799,9188,,,,0.6,7.844998294395504,,3.73,,,,,,,,Simbad,05 35 17.60,-05 22 51.02,1,0.0,0.0
1267,800,9189,,,,1.83,8.294998294395503,,2.33,,,,,,,,Simbad,05 35 17.60,-05 25 10.92,2,0.0,0.0
1268,801,9191,,,,2.32,11.044998294395503,,,,,,,,,,Simbad,05 35 17.63,-05 25 40.32,1,0.0,0.0
1269,802,9192,,,99.0,1.37,7.534998294395503,,4.05,3.46,M6.5e(H),0.0,-0.73,1.72,0.1,4.52,Simbad,05 35 17.64,-05 24 42.72,2,0.1046292580561838,0.04115710052451383
1270,804,9195,,,,0.45,9.344998294395504,,,,,,,,,,Simbad,05 35 17.69,-05 23 41.92,1,0.0,0.0
1271,805,9196,,,,0.48,7.464998294395505,,4.38,,,,,,,,Simbad,05 35 17.70,-05 23 43.62,1,0.10818329577621665,0.04115710052451383
1272,806,562,,1912.0,17.0,0.35,4.924998294395504,,2.67,3.58,M0(H),2.25,0.35,3.45,0.25,4.29,Simbad,05 35 17.71,-05 23 15.12,1,0.42994556540869017,0.04115710052451383
1273,808,9198,,,,1.34,8.654998294395503,,4.91,,,,,,,,Simbad,05 35 17.72,-05 24 40.72,2,0.0,0.0
1274,809,9199,,,,1.17,7.284998294395503,,4.69,,,,,,,,Simbad,05 35 17.72,-05 24 30.12,2,0.11745456473700515,0.04115710052451383
1275,810,561,,1907.0,99.0,2.5,4.914998294395504,,2.33,,<M0(Sam),,,,,,Simbad,05 35 17.74,-05 20 53.92,1,0.43216075900804857,0.04115710052451383
1276,811,571,,,99.0,7.31,8.134998294395503,,3.54,3.526,M0-M3e(H),2.55,-0.78,1.2,0.22,6.17,Simbad,05 35 17.76,-05 30 40.42,1,0.0,0.0
1277,812,560,,,98.0,7.84,6.084998294395504,,3.37,,,,,,,,Simbad,05 35 17.81,-05 15 32.62,1,0.2061854919062213,0.04115710052451383
1278,813,9201,,,,0.48,6.324998294395504,,2.43,3.591,K8(H),1.84,-0.33,1.51,0.49,6.12,Simbad,05 35 17.81,-05 23 02.52,1,0.172243623163584,0.04115710052451383
1279,814,569,,,92.0,2.0,6.634998294395505,,4.21,3.518,M3.5(H),3.85,0.16,3.71,0.09,3.11,Simbad,05 35 17.83,-05 25 20.62,1,0.15304194284185593,0.04115710052451383
1280,815,567,,1910.0,99.0,0.72,1.5749982943955043,,1.73,3.661,late-G(H)K3-4(HT)K4III(Ham)K2-K3(Sam),1.36,1.43,8.23,1.04,3.77,Simbad,05 35 17.84,-05 22 45.12,1,0.0,0.0
1281,816,3054,,,,2.58,7.834998294395504,,,3.509,M4(H),0.0,-1.21,0.79,0.15,6.41,Simbad,05 35 17.85,-05 20 49.02,2,0.0,0.0
1282,817,579,,,99.0,11.89,6.934998294395504,,3.1,3.526,M3(H),1.42,-0.58,1.52,0.23,5.98,Simbad,05 35 17.86,-05 35 15.52,1,0.13598086151825553,0.04115710052451383
1283,818,563,,,99.0,7.74,6.884998294395505,,3.4,3.591,K7-M0(H),4.33,0.06,2.35,0.36,5.54,Simbad,05 35 17.87,-05 15 38.52,1,0.1388050322361332,0.04115710052451383
1284,819,564,,,99.0,6.64,8.144998294395505,,,,,,,,,,Simbad,05 35 17.87,-05 16 44.92,1,0.0,0.0
1285,820,570,a,,99.0,2.22,6.644998294395505,,3.12,,cont(H),,,,,,Simbad,05 35 17.87,-05 25 34.12,1,0.15264920347244804,0.04115710052451383
1286,821,570,b,,,2.22,7.1949982943955035,,3.53,,,,,,,,Simbad,05 35 17.87,-05 25 33.92,1,0.12206996437840219,0.04115710052451383
1287,822,573,,,99.0,3.48,7.804998294395505,,2.83,3.5,M4.5(H),0.0,-1.15,0.89,0.13,6.29,Simbad,05 35 17.87,-05 26 50.32,1,0.0,0.0
1288,823,577,,,99.0,7.15,7.214998294395505,,3.58,3.483,M5.5(H),0.0,-0.8,1.43,0.11,5.11,Simbad,05 35 17.88,-05 30 31.12,1,0.12113259865508845,0.04115710052451383
1289,824,9204,,,,1.77,7.834998294395504,,4.56,3.58,M0(H),7.1,0.37,3.52,0.25,4.24,Simbad,05 35 17.88,-05 25 06.72,2,0.0,0.0
1290,825,9206,,,,0.42,8.094998294395504,,4.75,,,,,,,,Simbad,05 35 17.89,-05 23 34.92,1,0.0,0.0
1291,826,9208,,,,0.42,7.844998294395504,,4.19,,,,,,,,Simbad,05 35 17.89,-05 23 34.82,1,0.0,0.0
1292,827,566,,,0.0,7.17,6.844998294395504,,3.74,,,,,,,,Simbad,05 35 17.90,-05 16 13.12,1,0.14096158634361733,0.04115710052451383
1293,828,576,,,99.0,6.21,4.9849982943955045,,2.28,3.555,M1.5(H),0.55,-0.07,2.39,0.26,5.03,Simbad,05 35 17.90,-05 29 34.22,1,0.4136895550255281,0.04115710052451383
1294,829,9209,,,,1.34,7.214998294395505,,3.76,,cont+emis(H),,,,,,Simbad,05 35 17.94,-05 22 05.32,1,0.12113259865508845,0.04115710052451383
1295,830,575,,,94.0,0.75,6.214998294395505,,3.6,,,,,,,,Simbad,05 35 17.96,-05 24 00.82,1,0.1870048387992548,0.04115710052451383
1296,831,9210,,,,0.78,7.5649982943955045,,5.53,,,,,,,,Simbad,05 35 17.97,-05 24 03.02,1,0.10329362201462479,0.04115710052451383
1297,832,9211,,,99.0,0.41,8.824998294395504,>,2.49,,,,,,,,Simbad,05 35 17.97,-05 23 30.22,1,0.0,0.0
1298,833,568,,,99.0,7.62,7.384998294395505,,3.47,3.518,M3.5(H),1.95,-0.6,1.54,0.2,5.97,Simbad,05 35 17.98,-05 15 46.02,1,0.11243437912618026,0.04115710052451383
1299,834,580,,,99.0,5.05,7.474998294395505,,2.11,,M1::e(H),,,,,,Simbad,05 35 18.00,-05 28 24.52,1,0.10762876383557718,0.04115710052451383
1300,835,574,,,99.0,6.82,6.7349982943955045,,2.88,3.5,M4.5(H),0.0,-0.72,1.45,0.15,5.57,Simbad,05 35 18.10,-05 16 33.92,1,0.14725550936734935,0.04115710052451383
1301,836,581,,1913.0,99.0,0.47,3.4949982943955042,,2.35,,<M0(Sam),,,,,,Simbad,05 35 18.10,-05 23 35.42,1,0.936568654006576,0.04115710052451383
1302,837,9213,,,,1.2,7.354998294395504,,4.2,,,,,,,,Simbad,05 35 18.11,-05 24 29.92,2,0.11388820953838107,0.04115710052451383
1303,838,572,,,81.0,10.27,5.834998294395504,,3.28,,,,,,,,Simbad,05 35 18.12,-05 13 07.02,1,0.25000730202938626,0.04115710052451383
1304,839,582,,,99.0,0.44,6.874998294395505,,3.69,3.544,M2(H),3.75,-0.03,2.62,0.22,4.71,Simbad,05 35 18.12,-05 23 15.22,1,0.13952019258131768,0.04115710052451383
1305,840,583,,,0.0,2.24,6.394998294395505,,1.7,3.562,M1(H),0.0,-0.77,1.03,0.42,6.58,Simbad,05 35 18.12,-05 25 34.64,1,0.16701366941700335,0.04115710052451383
1306,841,9214,,,99.0,0.45,9.284998294395505,,3.63,,,,,,,,Simbad,05 35 18.12,-05 23 30.92,1,0.0,0.0
1307,842,3083,,,99.0,0.94,7.094998294395504,,,,,,,,,,Simbad,05 35 18.13,-05 24 12.55,2,0.12719313265673068,0.04115710052451383
1308,844,590,,,99.0,6.53,7.124998294395505,,3.77,3.518,M3.5(H),2.72,-0.31,2.16,0.2,5.03,Simbad,05 35 18.16,-05 29 53.42,1,0.1255694593614092,0.04115710052451383
1309,845,591,,,99.0,5.41,5.904998294395504,,2.8,,,,,,,,Simbad,05 35 18.19,-05 28 45.82,1,0.23748388012495833,0.04115710052451383
1310,846,9219,,,,1.34,8.104998294395505,,3.44,3.535,M2.5(H),2.72,-0.76,1.19,0.26,6.2,Simbad,05 35 18.19,-05 24 38.42,2,0.0,0.0
1311,847,9220,,,,0.52,7.504998294395504,,4.6,3.509,M4(H),4.34,-0.02,3.12,0.14,3.78,Simbad,05 35 18.22,-05 23 06.82,1,0.10625483785389762,0.04115710052451383
1312,848,588,,,99.0,0.83,7.834998294395504,,3.54,3.526,M3(H),2.55,-0.66,1.38,0.23,6.06,Simbad,05 35 18.23,-05 24 04.42,1,0.0,0.0
1313,849,3140,,,,8.33,7.6949982943955035,,2.3,,,,,,,,Simbad,05 35 18.23,-05 31 41.65,1,0.0,0.0
1314,850,9221,,,,1.35,8.634998294395503,,3.89,,,,,,,,Simbad,05 35 18.24,-05 24 38.52,2,0.0,0.0
1315,851,584,,,99.0,3.14,7.204998294395503,,3.03,3.5,M4.5(H),0.0,-0.91,1.17,0.14,6.07,Simbad,05 35 18.26,-05 20 16.32,1,0.12144425138126287,0.04115710052451383
1316,852,589,,1925.0,99.0,0.89,3.214998294395505,,2.12,3.719,K0(H)G8-K0:(HT)K1IV(Ham)M0(Eetal),3.21,1.23,5.01,2.73,5.69,Simbad,05 35 18.26,-05 22 37.02,1,1.087084828527687,0.04115710052451383
1317,853,9222,,,,1.16,8.044998294395503,,3.84,,,,,,,,Simbad,05 35 18.26,-05 24 26.42,2,0.0,0.0
1318,854,586,,,91.0,3.08,7.914998294395504,,,,,,,,,,Simbad,05 35 18.28,-05 20 19.92,1,0.0,0.0
1319,855,9224,,,99.0,1.16,7.074998294395504,,3.95,3.535,M2.5(H),4.03,-0.03,2.76,0.2,4.53,Simbad,05 35 18.28,-05 24 26.32,2,0.12817739687723836,0.04115710052451383
1320,856,9225,,,,1.71,8.124998294395505,,3.42,3.562,M1e(H),3.7,-0.56,1.32,0.4,6.22,Simbad,05 35 18.29,-05 21 43.92,2,0.0,0.0
1321,857,585,,1906.0,99.0,6.77,3.424998294395504,,1.37,3.602,K7(H)K2.5-K7.1(P),0.0,0.39,3.28,0.35,4.69,Simbad,05 35 18.35,-05 16 37.52,1,0.9733712988380017,0.04115710052451383
1322,858,578,,,99.0,14.88,7.3649982943955035,,3.07,3.5,M4.5(H),0.0,-0.98,1.09,0.14,6.13,Simbad,05 35 18.36,-05 08 30.52,1,0.11330443503421073,0.04115710052451383
1323,859,9227,,,99.0,2.01,7.914998294395504,,4.16,,,,,,,,Simbad,05 35 18.37,-05 25 19.32,2,0.0,0.0
1324,860,9228,,,,0.89,5.824998294395504,,3.14,3.526,M3e(H),1.52,-0.11,2.61,0.19,4.61,Simbad,05 35 18.40,-05 24 07.02,1,0.25194194454595426,0.04115710052451383
1325,861,594,,,98.0,2.71,7.344998294395504,,,3.518,M3.5(H),0.0,-1.06,0.91,0.18,6.35,Simbad,05 35 18.41,-05 20 42.62,1,0.11447499180364756,0.04115710052451383
1326,863,587,,,99.0,9.75,6.2349982943955045,,3.73,3.544,M2e(H),3.85,0.25,3.63,0.18,3.9,Simbad,05 35 18.42,-05 13 38.22,1,0.18414387459125522,0.04115710052451383
1327,864,592,,,99.0,5.06,6.284998294395503,,2.58,3.535,M2.5(H)M4(Eetal),0.51,-0.57,1.48,0.27,6.0,Simbad,05 35 18.43,-05 18 20.42,1,0.17763735042814585,0.04115710052451383
1328,865,9230,,,,0.52,7.8649982943955035,,5.1,3.58,M0(H),8.48,0.69,5.13,0.2,3.35,Simbad,05 35 18.43,-05 23 28.82,2,0.0,0.0
1329,866,593,,,99.0,6.81,5.6149982943955035,,,3.602,K7(H),0.0,-0.48,1.2,0.67,6.62,Simbad,05 35 18.48,-05 16 35.12,1,0.288698584217703,0.04115710052451383
1330,868,596,,1927.0,99.0,0.56,4.974998294395505,,2.52,3.679,K2-K5e(H),3.67,0.63,3.01,1.07,5.66,Simbad,05 35 18.55,-05 23 13.52,1,0.4168908271296461,0.04115710052451383
1331,869,595,,1922.0,99.0,2.87,2.4749982943955047,,1.67,3.719,F8:np(HT)G0::(P)K0(Sam),2.06,1.24,5.09,2.75,5.68,Simbad,05 35 18.57,-05 20 33.52,1,0.0,0.0
1332,870,5057,,,,5.38,,,,,,,,,,,Simbad,05 35 18.59,-05 18 01.24,1,0.0,0.0
1333,871,9232,,,,0.78,7.4449982943955035,,3.54,,cont(H),,,,,,Simbad,05 35 18.59,-05 23 55.92,2,0.1093009456649664,0.04115710052451383
1334,872,598,a,1926.0,99.0,0.7,4.964998294395505,,2.7,3.633,"K1-K5,K6(H)",3.4,0.58,3.53,0.54,5.15,Simbad,05 35 18.62,-05 22 56.44,1,0.41903875925452083,0.04115710052451383
1335,873,598,b,1926.0,,0.72,8.604998294395505,,,,,,,,,,Simbad,05 35 18.63,-05 22 55.42,1,0.0,0.0
1336,874,600,,,99.0,1.46,6.134998294395505,,3.23,,,,,,,,Simbad,05 35 18.64,-05 22 01.82,1,0.19788061766087728,0.04115710052451383
1337,875,5058,,,,5.36,,,,,,,,,,,Simbad,05 35 18.69,-05 18 02.50,1,0.0,0.0
1338,876,599,,,99.0,5.92,6.644998294395505,,4.47,3.867,A8-F0(H),10.78,1.86,5.24,3.54,,Simbad,05 35 18.70,-05 17 28.92,1,0.15264920347244804,0.04115710052451383
1339,878,597,,,0.0,8.64,5.934998294395504,,2.74,,,,,,,,Simbad,05 35 18.75,-05 14 45.08,1,0.23265195862029767,0.04115710052451383
1340,879,603,,1924.0,99.0,1.79,5.334998294395504,,2.21,,,,,,,,Simbad,05 35 18.75,-05 21 40.92,1,0.34205496090371973,0.04115710052451383
1341,881,602,,,,2.93,6.414998294395504,,,,B::(H),,,,,,Simbad,05 35 18.76,-05 20 30.52,1,0.16573118449261148,0.04115710052451383
1342,882,601,,1921.0,98.0,7.17,4.434998294395504,,1.25,3.679,K3-K4(H)K2.5-K5(P)K5(Eetal)K2V(Ham),0.41,0.05,1.55,1.17,6.55,Simbad,05 35 18.79,-05 16 13.72,1,0.5674579486516963,0.04115710052451383
1343,883,9238,,,,1.08,7.494998294395504,,4.81,3.58,M0(H),7.74,0.66,4.93,0.2,3.44,Simbad,05 35 18.79,-05 24 16.92,2,0.10680229096343506,0.04115710052451383
1344,884,9239,,,,1.16,9.454998294395503,,,,,,,,,,Simbad,05 35 18.80,-05 22 23.12,1,0.0,0.0
1345,885,9241,,,,1.16,8.684998294395504,,3.54,,,,,,,,Simbad,05 35 18.81,-05 22 23.32,1,0.0,0.0
1346,886,606,,,99.0,2.33,5.594998294395504,,3.33,3.522,M3.3(P),1.8,0.06,3.25,0.14,3.87,Simbad,05 35 18.85,-05 21 07.62,1,0.2924315952856431,0.04115710052451383
1347,887,605,,,97.0,2.59,7.1949982943955035,,2.04,3.602,K7(H),1.16,-0.83,0.8,0.71,7.33,Simbad,05 35 18.86,-05 20 51.81,1,0.12206996437840219,0.04115710052451383
1348,888,614,,1942.0,0.0,14.25,4.774998294395504,,2.08,3.562,M1(H),0.26,-0.06,2.35,0.27,5.15,Simbad,05 35 18.90,-05 37 36.82,1,0.4679927159291239,0.04115710052451383
1349,889,9243,,,,1.24,6.904998294395504,,3.63,3.602,K7(H),5.24,0.28,2.88,0.37,5.06,Simbad,05 35 18.90,-05 22 18.47,2,0.137739159233678,0.04115710052451383
1350,890,607,,,99.0,0.77,5.554998294395505,,1.86,3.713,G8-K2(H)<=K5(P),2.46,0.11,1.42,1.31,6.86,Simbad,05 35 18.95,-05 23 49.22,1,0.2992730738142913,0.04115710052451383
1351,891,9245,,,,1.8,7.524998294395504,,3.72,3.602,K7(H),5.47,0.09,2.31,0.41,5.59,Simbad,05 35 18.99,-05 25 03.42,2,0.10516833574740582,0.04115710052451383
1352,892,610,,1928.0,99.0,0.65,5.804998294395505,,2.7,3.591,K8(H),2.53,0.05,2.33,0.36,5.55,Simbad,05 35 19.01,-05 23 26.62,1,0.25519967464538285,0.04115710052451383
1353,893,608,,1923.0,99.0,2.81,3.164998294395504,,0.64,3.917,A5(WSH)A4-A7(H)B-A(HT)B5(P),1.29,1.0,1.54,1.78,7.23,Simbad,05 35 19.03,-05 20 38.52,1,1.1153796419215196,0.04115710052451383
1354,894,609,,,,2.86,4.914998294395504,,,3.526,M3(H),0.0,-0.12,2.59,0.19,4.62,Simbad,05 35 19.05,-05 20 35.42,1,0.43216075900804857,0.04115710052451383
1355,897,9249,,,,1.04,9.134998294395503,>,5.18,,,,,,,,Simbad,05 35 19.09,-05 22 34.92,1,0.0,0.0
1356,898,5147,,,,7.7,9.104998294395505,,,,,,,,,,Simbad,05 35 19.11,-05 31 02.66,1,0.0,0.0
1357,899,615,,,99.0,4.2,8.244998294395502,,,3.471,M6(H),0.0,-1.12,1.05,0.08,5.21,Simbad,05 35 19.13,-05 27 31.52,1,0.0,0.0
1358,900,9250,,,,0.87,6.144998294395505,,2.8,3.643,K5(H),3.82,0.2,2.19,0.68,5.79,Simbad,05 35 19.15,-05 22 50.62,1,0.19636110785149885,0.04115710052451383
1359,901,612,,,99.0,6.67,6.6149982943955035,,2.52,3.518,M3.5e(H),0.0,-0.77,1.27,0.2,6.11,Simbad,05 35 19.19,-05 16 44.52,1,0.1542262340486992,0.04115710052451383
1360,902,613,,1936.0,99.0,3.32,5.1149982943955035,,2.06,3.695,K2(Sam),2.72,0.34,2.02,1.38,6.31,Simbad,05 35 19.19,-05 20 07.72,1,0.38497149665706815,0.04115710052451383
1361,903,5040,,,,7.26,8.644998294395505,,2.92,,,,,,,,Simbad,05 35 19.23,-05 16 09.22,1,0.0,0.0
1362,905,616,,,95.0,2.42,7.664998294395504,,4.43,3.518,M3.5(H),4.41,-0.11,2.71,0.15,4.24,Simbad,05 35 19.39,-05 21 04.42,1,0.0,0.0
1363,906,617,,,,1.27,8.494998294395502,,4.41,3.471,>=M6(H),1.22,-0.92,1.32,0.09,4.94,Simbad,05 35 19.40,-05 22 21.12,2,0.0,0.0
1364,907,618,,,2.0,13.5,5.824998294395504,,2.74,,,,,,,,Simbad,05 35 19.41,-05 36 51.14,1,0.25194194454595426,0.04115710052451383
1365,908,621,,,97.0,4.28,8.284998294395505,,,,,,,,,,Simbad,05 35 19.47,-05 27 35.32,1,0.0,0.0
1366,909,620,,,99.0,0.96,6.324998294395504,,2.59,3.591,K8(H),2.25,-0.23,1.69,0.45,5.93,Simbad,05 35 19.50,-05 23 56.92,1,0.172243623163584,0.04115710052451383
1367,910,622,,1940.0,99.0,1.32,4.804998294395505,,2.46,3.535,M0-M2.5e(H)M0.5(P)<M0(Sam),0.2,-0.05,2.68,0.2,4.6,Simbad,05 35 19.56,-05 24 26.12,1,0.46083295247875117,0.04115710052451383
1368,911,626,,,99.0,12.24,7.3149982943955045,,3.01,3.494,M5(H),0.0,-0.92,1.19,0.13,5.95,Simbad,05 35 19.58,-05 35 35.52,1,0.11595520831583915,0.04115710052451383
1369,912,619,,,98.0,9.32,7.824998294395504,,3.46,3.509,M4(H),1.41,-0.87,1.18,0.17,6.12,Simbad,05 35 19.68,-05 14 05.22,1,0.0,0.0
1370,913,628,,,99.0,7.29,6.304998294395505,,3.5,,,,,,,,Simbad,05 35 19.69,-05 30 37.02,1,0.17491969828159168,0.04115710052451383
1371,914,623,,,,2.39,6.414998294395504,,,,,,,,,,Simbad,05 35 19.70,-05 21 08.02,1,0.16573118449261148,0.04115710052451383
1372,915,624,,,98.0,1.31,7.354998294395504,,2.88,,late-M(H),,,,,,Simbad,05 35 19.72,-05 22 21.33,1,0.11388820953838107,0.04115710052451383
1373,916,625,,,99.0,1.64,6.304998294395505,,1.07,3.562,M1(H)M6-M6.5(H),0.0,-0.73,1.08,0.42,6.52,Simbad,05 35 19.74,-05 24 47.52,1,0.17491969828159168,0.04115710052451383
1374,917,633,,,98.0,7.73,8.104998294395505,,,,,,,,,,Simbad,05 35 19.76,-05 31 03.42,1,0.0,0.0
1375,918,632,,,99.0,7.2,7.2349982943955045,,4.01,3.483,M5.5(H),1.11,-0.54,1.94,0.13,4.63,Simbad,05 35 19.77,-05 30 31.82,1,0.11989396494897386,0.04115710052451383
1376,919,9256,,,,1.08,7.254998294395504,,4.26,3.544,M2(H),5.21,0.17,3.32,0.19,4.12,Simbad,05 35 19.83,-05 24 02.05,1,0.11897330855534234,0.04115710052451383
1377,920,639,,1941.0,99.0,10.55,5.534998294395503,,2.53,,,,,,,,Simbad,05 35 19.85,-05 33 53.22,1,0.30314281810109667,0.04115710052451383
1378,922,5066,,,,4.69,9.224998294395503,,,,,,,,,,Simbad,05 35 19.89,-05 18 46.17,1,0.0,0.0
1379,923,638,,,99.0,5.88,8.944998294395505,,,,,,,,,,Simbad,05 35 19.92,-05 29 11.52,1,0.0,0.0
1380,925,631,,1938.0,99.0,2.45,4.804998294395505,,2.2,3.602,K7(H)<M0(Sam),1.57,0.22,2.7,0.38,5.37,Simbad,05 35 19.94,-05 21 05.72,1,0.46083295247875117,0.04115710052451383
1381,926,636,,,99.0,2.41,5.3149982943955045,,2.46,3.575,M0.3(P),1.6,0.04,2.47,0.29,5.11,Simbad,05 35 19.94,-05 25 37.22,1,0.34647789549606456,0.04115710052451383
1382,927,634,,,99.0,2.79,8.194998294395505,,,,,,,,,,Simbad,05 35 19.98,-05 20 43.82,1,0.0,0.0
1383,928,627,,,,10.2,7.714998294395505,,,,,,,,,,Simbad,05 35 20.02,-05 13 12.82,1,0.0,0.0
1384,929,637,,1939.0,99.0,2.03,4.874998294395505,,2.19,,<M0(Sam),,,,,,Simbad,05 35 20.03,-05 21 33.32,1,0.44227122108308486,0.04115710052451383
1385,930,629,,,99.0,10.16,5.394998294395505,,4.34,3.643,early-Ke(H)K5-M0e(H),7.77,1.47,9.37,0.62,1.99,Simbad,05 35 20.04,-05 13 15.52,1,0.32996881971020126,0.04115710052451383
1386,931,641,,1962.0,99.0,3.39,3.424998294395504,,1.74,3.719,mid-G--early-K(H),2.24,0.91,3.46,2.24,5.99,Simbad,05 35 20.06,-05 26 38.72,1,0.9733712988380017,0.04115710052451383
1387,932,642,,,99.0,5.39,7.874998294395505,,2.85,3.494,M5(H),0.0,-1.14,0.92,0.12,6.23,Simbad,05 35 20.07,-05 28 41.22,1,0.0,0.0
1388,933,646,,,99.0,11.61,7.584998294395504,,3.35,3.526,M3(H),2.06,-0.68,1.35,0.23,6.08,Simbad,05 35 20.07,-05 34 57.02,1,0.10223739963291663,0.04115710052451383
1389,934,3075,,,,0.95,,,,,,,,,,,Simbad,05 35 20.08,-05 23 08.23,1,0.0,0.0
1390,935,9260,,,99.0,2.37,8.824998294395504,,1.76,,M:(H),,,,,,Simbad,05 35 20.08,-05 25 33.82,1,0.0,0.0
1391,936,640,,1937.0,99.0,2.6,1.6449982943955046,,2.47,3.771,K0(Par)G0nV(HT)G5-K3:(GS)F7-G2(Sam),4.75,2.27,13.15,5.05,,Simbad,05 35 20.11,-05 20 56.72,1,0.0,0.0
1392,937,9261,,,,1.29,8.764998294395506,,4.96,,,,,,,,Simbad,05 35 20.12,-05 22 28.82,1,0.0,0.0
1393,938,635,,,99.0,9.44,7.794998294395505,,4.1,3.5,M4.5(H),2.5,-0.54,1.8,0.16,5.13,Simbad,05 35 20.14,-05 13 59.22,1,0.0,0.0
1394,939,644,,,99.0,1.93,5.414998294395504,,,,,,,,,,Simbad,05 35 20.17,-05 25 03.92,1,0.3265947444687076,0.04115710052451383
1395,940,649,,,98.0,8.95,7.604998294395504,,3.84,3.471,M6(H),0.0,-0.86,1.41,0.1,4.88,Simbad,05 35 20.18,-05 32 16.52,1,0.10119197758619393,0.04115710052451383
1396,941,647,,1963.0,99.0,7.34,5.5649982943955045,,2.31,3.494,M5e(H),0.0,-0.22,2.66,0.15,4.17,Simbad,05 35 20.20,-05 30 39.02,1,0.2977390432857088,0.04115710052451383
1397,942,654,,,99.0,13.32,7.244998294395504,,4.0,3.494,>=M5(H),1.85,-0.44,2.07,0.15,4.71,Simbad,05 35 20.24,-05 36 39.42,1,0.11958629059960592,0.04115710052451383
1398,943,5152,,,,7.95,9.344998294395504,,,,,,,,,,Simbad,05 35 20.24,-05 31 15.79,1,0.0,0.0
1399,944,5119,,,,3.06,8.534998294395505,,1.37,3.483,M5.5(H),0.0,-1.33,0.78,0.09,6.32,Simbad,05 35 20.26,-05 26 17.04,1,0.0,0.0
1400,945,645,,1959.0,99.0,1.51,5.404998294395504,,3.03,,mid-K(H),,,,,,Simbad,05 35 20.29,-05 22 13.42,1,0.3282774472239819,0.04115710052451383
1401,946,643,,,99.0,6.22,6.974998294395505,,3.7,3.562,M1(H),4.42,0.08,2.74,0.25,4.73,Simbad,05 35 20.31,-05 17 14.22,1,0.13355688868772642,0.04115710052451383
1402,947,648,b,1960.0,,0.99,6.534998294395503,,4.47,,,,,,,,Simbad,05 35 20.35,-05 23 29.52,1,0.15905575532920044,0.04115710052451383
1403,948,653,,,99.0,5.89,7.394998294395505,,3.32,3.465,M6-M6.5(H),0.0,-0.73,1.7,0.11,4.59,Simbad,05 35 20.37,-05 29 10.72,1,0.11185805674661059,0.04115710052451383
1404,949,648,a,1960.0,99.0,1.0,5.0649982943955045,,2.58,3.58,M0(H),2.02,0.24,3.03,0.27,4.6,Simbad,05 35 20.39,-05 23 29.72,1,0.3949915947892526,0.04115710052451383
1405,950,650,,,98.0,2.7,7.414998294395504,,,,,,,,,,Simbad,05 35 20.42,-05 20 52.02,1,0.11071425928065064,0.04115710052451383
1406,951,9264,,,,1.01,8.834998294395506,,5.43,,,,,,,,Simbad,05 35 20.43,-05 23 31.02,1,0.0,0.0
1407,952,652,,,99.0,1.4,7.034998294395503,,3.37,,cont(H),,,,,,Simbad,05 35 20.44,-05 24 20.62,1,0.13016883398343768,0.04115710052451383
1408,953,9266,,,,1.01,9.564998294395503,,,,,,,,,,Simbad,05 35 20.44,-05 23 22.92,2,0.0,0.0
1409,954,651,,,99.0,2.84,7.284998294395503,,,,,,,,,,Simbad,05 35 20.46,-05 20 43.12,1,0.11745456473700515,0.04115710052451383
1410,955,5091,,,,1.97,,,,,,,,,,,Simbad,05 35 20.46,-05 21 40.95,1,0.0,0.0
1411,956,656,,,,1.12,9.184998294395504,,4.24,,M:(H),,,,,,Simbad,05 35 20.51,-05 22 55.12,1,0.0,0.0
1412,957,658,,,99.0,1.73,5.494998294395504,,,3.544,M2e(H),0.0,-0.4,1.73,0.29,5.83,Simbad,05 35 20.52,-05 24 46.02,1,0.31103306663070596,0.04115710052451383
1413,958,657,,,,1.21,8.034998294395505,,3.68,3.562,M1(H),4.37,-0.36,1.66,0.35,5.9,Simbad,05 35 20.54,-05 22 44.92,2,0.0,0.0
1414,959,659,,,84.0,1.15,5.9449982943955035,,4.15,,,,,,,,Simbad,05 35 20.56,-05 23 52.72,1,0.23086544239918652,0.04115710052451383
1415,960,660,,1956.0,99.0,1.95,0.8149982943955045,,0.72,4.272,B3(WSH)B1(H)B8IV-V(Par)B2:Vshell(LA)B8(GS)B0Vp(J)B2(S)B8(T),2.44,3.11,3.43,6.41,,Simbad,05 35 20.61,-05 21 44.02,2,0.0,0.0
1416,961,9270,,,,1.36,8.094998294395504,,4.49,,,,,,,,Simbad,05 35 20.62,-05 22 31.16,2,0.0,0.0
1417,962,3106,,,,3.07,7.894998294395505,,,,,,,,,,Simbad,05 35 20.64,-05 26 15.45,1,0.0,0.0
1418,963,655,,,99.0,7.63,4.374998294395505,,3.26,,K0-K5:(H),,,,,,Simbad,05 35 20.65,-05 15 49.12,1,0.5852276248401038,0.04115710052451383
1419,964,661,,1958.0,99.0,1.81,5.394998294395505,,1.57,3.58,MO(H),0.0,-0.39,1.48,0.45,6.11,Simbad,05 35 20.66,-05 21 54.72,1,0.32996881971020126,0.04115710052451383
1420,965,667,,,99.0,14.56,7.724998294395505,,3.24,3.5,M4.5(H),0.29,-1.05,1.0,0.14,6.2,Simbad,05 35 20.67,-05 37 53.92,1,0.0,0.0
1421,967,663,,,99.0,2.17,6.4849982943955045,,2.36,3.5,M4.5(H),0.0,-0.62,1.63,0.15,5.31,Simbad,05 35 20.73,-05 21 29.82,1,0.16152693621470784,0.04115710052451383
1422,968,665,,1957.0,9.0,1.89,5.6149982943955035,,1.82,,M:e(H),,,,,,Simbad,05 35 20.82,-05 21 50.52,1,0.288698584217703,0.04115710052451383
1423,969,9271,,,,1.11,7.664998294395504,,3.65,3.58,M0(H),4.76,-0.13,1.98,0.36,5.73,Simbad,05 35 20.84,-05 23 21.72,1,0.0,0.0
1424,970,664,,,99.0,6.84,5.964998294395505,,2.88,3.623,<=K7(H)K5.5(P)K7:(Eetal),3.69,0.26,2.55,0.51,5.55,Simbad,05 35 20.89,-05 16 37.42,1,0.2273334601691593,0.04115710052451383
1425,971,673,,1976.0,99.0,8.06,4.9849982943955045,,1.83,3.643,K5(H),1.33,0.06,1.86,0.75,6.04,Simbad,05 35 20.90,-05 31 21.22,1,0.4136895550255281,0.04115710052451383
1426,972,675,,,0.0,10.34,8.654998294395503,,3.05,,,,,,,,Simbad,05 35 20.91,-05 33 39.02,1,0.0,0.0
1427,973,9272,,,,1.25,7.8649982943955035,,5.07,,,,,,,,Simbad,05 35 20.92,-05 23 55.32,2,0.0,0.0
1428,974,672,,,98.0,4.9,5.914998294395504,,2.38,3.591,K8(H),1.71,-0.19,1.76,0.44,5.87,Simbad,05 35 20.93,-05 28 08.62,1,0.2362665720741045,0.04115710052451383
1429,975,669,,1961.0,99.0,1.21,2.674998294395504,,1.67,3.708,G8(H)<=K5(P)K3(CK)K1-K2(Sam),1.91,1.12,4.66,2.13,5.58,Simbad,05 35 20.94,-05 23 48.62,1,0.0,0.0
1430,976,9274,,,,1.51,8.934998294395504,,4.99,3.526,M3:(H),6.26,-0.2,2.36,0.2,4.86,Simbad,05 35 20.98,-05 22 23.32,1,0.0,0.0
1431,977,9275,,,,1.49,9.134998294395503,,4.37,,cont+emis(H),,,,,,Simbad,05 35 21.00,-05 22 25.72,2,0.0,0.0
1432,978,668,,,99.0,5.15,6.994998294395504,,3.48,,,,,,,,Simbad,05 35 21.05,-05 18 21.22,1,0.13253131576972157,0.04115710052451383
1433,979,674,,,99.0,2.82,6.934998294395504,,,3.571,M0.5(H),0.0,-1.0,0.76,0.49,7.11,Simbad,05 35 21.05,-05 25 56.52,1,0.13598086151825553,0.04115710052451383
1434,980,9276,,,,1.33,8.504998294395504,,4.23,,,,,,,,Simbad,05 35 21.10,-05 23 59.82,2,0.0,0.0
1435,981,9277,,,,1.19,8.004998294395504,,4.48,3.471,M6(H),1.4,-0.68,1.74,0.11,4.67,Simbad,05 35 21.10,-05 23 33.12,2,0.0,0.0
1436,982,682,,,99.0,9.98,8.154998294395503,,3.58,3.544,M2(H),3.46,-0.61,1.34,0.3,6.1,Simbad,05 35 21.12,-05 33 17.22,1,0.0,0.0
1437,983,666,,1953.0,95.0,14.16,0.9649982943955049,,0.83,3.771,"G1(WSH)G0(Par)F9IV(vA)K2Ve(D)F8-G0III-IV,V(LDW,J,M)G0III(W)",0.55,1.52,5.52,3.39,,Simbad,05 35 21.16,-05 09 15.82,1,0.0,0.0
1438,984,680,,,99.0,4.42,7.764998294395504,,,,,,,,,,Simbad,05 35 21.16,-05 27 38.32,1,0.0,0.0
1439,985,9278,,,,1.82,7.804998294395505,,3.7,,,,,,,,Simbad,05 35 21.16,-05 21 59.42,2,0.0,0.0
1440,986,9280,,,99.0,1.25,7.2349982943955045,,3.72,3.526,M3(H),3.01,-0.31,2.07,0.21,5.19,Simbad,05 35 21.16,-05 22 59.22,1,0.11989396494897386,0.04115710052451383
1441,987,678,,1974.0,99.0,1.97,4.244998294395504,,1.84,3.695,K1-K2(Sam),2.16,0.55,2.57,1.38,6.0,Simbad,05 35 21.18,-05 24 56.92,1,0.6288843662740407,0.04115710052451383
1442,988,681,,,99.0,1.26,8.304998294395505,,3.99,,,,,,,,Simbad,05 35 21.20,-05 23 45.72,1,0.0,0.0
1443,989,670,,1955.0,70.0,11.23,1.5649982943955045,,1.33,3.761,G8:(WSH)G0-2IV-III(M)G0-G2III(LDW)G6IV(SBB),1.71,1.55,6.01,3.52,,Simbad,05 35 21.21,-05 12 12.42,1,0.0,0.0
1444,990,679,,1991.0,99.0,1.45,6.394998294395505,,2.38,3.571,M0.5(H)K7:(P),1.29,-0.47,1.4,0.43,6.15,Simbad,05 35 21.22,-05 24 11.22,1,0.16701366941700335,0.04115710052451383
1445,991,681,,,99.0,1.27,5.774998294395504,,2.4,3.602,K7(P),2.09,-0.04,2.0,0.44,5.74,Simbad,05 35 21.25,-05 23 45.22,1,0.2604998870451156,0.04115710052451383
1446,992,9283,,,,1.64,8.744998294395502,,,3.555,M1.5(H),0.0,-1.71,0.36,0.34,7.81,Simbad,05 35 21.27,-05 22 16.12,1,0.0,0.0
1447,993,671,,,99.0,13.73,7.834998294395504,,2.9,3.544,M2(H),1.72,-0.91,0.96,0.29,6.49,Simbad,05 35 21.28,-05 09 42.12,1,0.0,0.0
1448,994,683,,1975.0,99.0,3.57,3.674998294395504,,1.85,3.623,K6(H),1.05,0.53,3.48,0.47,4.92,Simbad,05 35 21.29,-05 26 43.62,1,0.8516286967340694,0.04115710052451383
1449,995,685,,,99.0,1.25,7.134998294395505,,4.56,3.518,M3.5(H),4.74,0.18,3.79,0.09,3.03,Simbad,05 35 21.39,-05 23 16.42,1,0.12524722044199446,0.04115710052451383
1450,996,684,,,,2.61,7.494998294395504,,,,M:e(H),,,,,,Simbad,05 35 21.46,-05 21 05.48,1,0.10680229096343506,0.04115710052451383
1451,997,676,,,99.0,13.79,6.9849982943955045,,1.59,3.643,K5(H),0.72,-0.89,0.62,0.69,7.82,Simbad,05 35 21.47,-05 09 38.72,1,0.1332141522635195,0.04115710052451383
1452,998,677,,,99.0,13.61,6.634998294395505,,2.62,3.526,M3(H),0.19,-0.76,1.24,0.22,6.14,Simbad,05 35 21.47,-05 09 49.52,1,0.15304194284185593,0.04115710052451383
1453,999,688,,,99.0,3.8,6.6949982943955035,,3.26,,,,,,,,Simbad,05 35 21.52,-05 26 57.22,1,0.14954335490479054,0.04115710052451383
1454,1000,689,,,99.0,4.07,8.784998294395505,,,3.483,M5.5(H),0.0,-1.43,0.69,0.08,6.38,Simbad,05 35 21.52,-05 27 14.12,2,0.0,0.0
1455,1001,686,,,99.0,6.19,8.314998294395503,,,,,,,,,,Simbad,05 35 21.53,-05 17 19.02,1,0.0,0.0
1456,1002,700,,1978.0,99.0,11.66,5.584998294395504,,2.44,,,,,,,,Simbad,05 35 21.53,-05 34 58.12,1,0.2939382804342878,0.04115710052451383
1457,1003,690,,,94.0,2.43,5.354998294395504,,1.77,3.58,M0(H),0.0,-0.37,1.5,0.45,6.08,Simbad,05 35 21.56,-05 25 26.02,1,0.3385572995918755,0.04115710052451383
1458,1004,9285,,,,1.29,8.874998294395505,,5.21,3.483,M5.5(H),4.18,-0.45,2.16,0.14,4.45,Simbad,05 35 21.56,-05 23 25.72,2,0.0,0.0
1459,1005,687,a,,54.0,2.06,6.574998294395504,,3.01,,,,,,,,Simbad,05 35 21.59,-05 21 46.70,1,0.15662238073849444,0.04115710052451383
1460,1006,687,b,,,2.06,9.234998294395504,,,3.562,M1:(H),0.0,-1.91,0.28,0.33,8.33,Simbad,05 35 21.60,-05 21 46.52,1,0.0,0.0
1461,1007,701,,1977.0,99.0,11.47,4.334998294395504,,1.26,3.722,G8-K0e(H)K6(CK),1.05,0.25,1.61,1.45,6.77,Simbad,05 35 21.61,-05 34 46.52,1,0.598919107888659,0.04115710052451383
1462,1008,695,,,98.0,3.6,6.534998294395503,,2.63,3.535,M2.8(P)M2(H),0.64,-0.64,1.37,0.27,6.07,Simbad,05 35 21.62,-05 26 44.02,1,0.15905575532920044,0.04115710052451383
1463,1009,9287,,,,1.37,8.974998294395503,,5.24,,<M2(H),,,,,,Simbad,05 35 21.62,-05 23 48.02,1,0.0,0.0
1464,1010,693,,,99.0,1.33,6.784998294395503,,4.06,3.555,M1.5(H),5.11,0.32,3.76,0.2,3.9,Simbad,05 35 21.68,-05 23 10.42,1,0.14463055648893083,0.04115710052451383
1465,1011,694,,,99.0,1.35,6.654998294395504,,2.99,3.623,K5-K7(H),3.97,0.05,2.01,0.57,5.81,Simbad,05 35 21.68,-05 23 38.82,1,0.15186674571470185,0.04115710052451383
1466,1012,698,,1973.0,99.0,1.42,3.7449982943955042,,1.44,3.722,G6-K3(H),1.51,0.6,2.4,1.9,6.36,Simbad,05 35 21.70,-05 23 53.62,1,0.8194290741526661,0.04115710052451383
1467,1013,697,,,99.0,1.82,6.8149982943955045,,3.03,,,,,,,,Simbad,05 35 21.74,-05 22 08.02,1,0.14278428721830652,0.04115710052451383
1468,1014,9292,,,,1.45,6.8649982943955035,,2.97,3.562,M1(H),2.54,-0.34,1.7,0.34,5.87,Simbad,05 35 21.78,-05 23 55.12,1,0.1398791533305885,0.04115710052451383
1469,1015,9293,,,,1.51,8.474998294395503,,5.49,,,,,,,,Simbad,05 35 21.78,-05 22 40.92,2,0.0,0.0
1470,1016,696,a,,99.0,6.46,5.974998294395505,,3.28,,,,,,,,Simbad,05 35 21.79,-05 17 03.20,1,0.22558778428230222,0.04115710052451383
1471,1018,9294,,,,1.37,9.004998294395504,,4.45,,,,,,,,Simbad,05 35 21.79,-05 23 06.42,2,0.0,0.0
1472,1019,691,,,98.0,8.47,7.554998294395505,,4.35,3.509,M4(H),3.69,-0.2,2.54,0.16,4.37,Simbad,05 35 21.80,-05 15 01.02,1,0.10382581815467296,0.04115710052451383
1473,1020,692,,,99.0,9.02,5.154998294395504,,2.49,3.535,M2-3(H),0.28,-0.17,2.33,0.22,4.95,Simbad,05 35 21.82,-05 14 27.52,2,0.37713874585141377,0.04115710052451383
1474,1021,702,,,99.0,5.25,6.9849982943955045,,4.09,3.518,M3.5(H),3.54,-0.05,2.9,0.14,4.0,Simbad,05 35 21.83,-05 28 26.82,1,0.1332141522635195,0.04115710052451383
1475,1022,9296,,,,1.38,11.314998294395503,>,4.4,,,,,,,,Simbad,05 35 21.84,-05 23 07.32,2,0.0,0.0
1476,1023,696,b,,,6.45,,,,,,,,,,,Simbad,05 35 21.91,-05 17 04.56,1,0.0,0.0
1477,1024,704,,,99.0,5.06,6.6149982943955035,,2.41,,,,,,,,Simbad,05 35 21.96,-05 28 14.82,1,0.1542262340486992,0.04115710052451383
1478,1025,3116,,,,4.99,8.394998294395505,,2.21,,,,,,,,Simbad,05 35 21.97,-05 28 10.08,1,0.0,0.0
1479,1026,3121,,,,5.72,8.444998294395505,,3.11,,,,,,,,Simbad,05 35 21.98,-05 28 55.27,1,0.0,0.0
1480,1027,5179,,,99.0,1.82,,,,,,,,,,,Simbad,05 35 22.00,-05 24 32.43,2,0.0,0.0
1481,1028,9297,,,,1.62,7.584998294395504,,4.19,3.602,K7(H),6.68,0.36,3.15,0.36,4.79,Simbad,05 35 22.01,-05 22 33.89,1,0.10223739963291663,0.04115710052451383
1482,1029,707,,1992.0,99.0,1.75,3.9349982943955037,,1.89,,<K7(P),,,,,,Simbad,05 35 22.08,-05 24 24.52,1,0.7393911606344615,0.04115710052451383
1483,1030,9298,,,,1.84,8.574998294395504,,3.62,3.494,M5(H),0.88,-1.21,0.85,0.12,6.3,Simbad,05 35 22.09,-05 22 12.72,2,0.0,0.0
1484,1031,709,,1994.0,99.0,3.54,4.834998294395504,,2.21,3.571,M0.5(H),0.85,0.05,2.55,0.28,4.96,Simbad,05 35 22.10,-05 26 36.92,1,0.452618218848232,0.04115710052451383
1485,1032,711,,,99.0,5.42,8.284998294395505,,,3.471,M6(H),0.0,-1.13,1.03,0.08,5.23,Simbad,05 35 22.13,-05 28 36.12,1,0.0,0.0
1486,1033,706,,1972.0,99.0,3.23,3.7249982943955047,,1.34,3.679,K3(WSH)K2-K4(Sam),0.64,0.39,2.29,1.08,5.99,Simbad,05 35 22.15,-05 20 29.02,1,0.8300246848360121,0.04115710052451383
1487,1034,3034,,,,5.43,7.584998294395504,,3.91,,,,,,,,Simbad,05 35 22.16,-05 18 08.27,1,0.10223739963291663,0.04115710052451383
1488,1035,715,,,99.0,8.03,7.204998294395503,,3.46,3.471,M6(H)M5(Eetal),0.0,-0.7,1.7,0.11,4.7,Simbad,05 35 22.18,-05 31 16.52,1,0.12144425138126287,0.04115710052451383
1489,1036,719,,,99.0,12.15,6.404998294395504,,3.06,3.494,M4-M6(H),0.0,-0.56,1.81,0.14,5.0,Simbad,05 35 22.19,-05 35 26.52,1,0.16615758148262658,0.04115710052451383
1490,1037,9299,,,,1.8,,,,,,,,,,,Simbad,05 35 22.20,-05 22 18.12,1,0.0,0.0
1491,1038,710,,,99.0,1.68,4.5649982943955045,,1.17,3.562,M0.5-M1.5(H)M0.1(P),0.0,-0.04,2.4,0.27,5.07,Simbad,05 35 22.21,-05 24 13.72,1,0.5267102567372287,0.04115710052451383
1492,1039,9300,,,,2.22,11.514998294395506,,,,,,,,,,Simbad,05 35 22.22,-05 21 41.72,1,0.0,0.0
1493,1040,722,,,98.0,10.65,6.424998294395504,,3.16,,,,,,,,Simbad,05 35 22.25,-05 33 55.62,1,0.16530588173128866,0.04115710052451383
1494,1041,716,,,99.0,4.34,6.354998294395504,,2.88,3.5,M4.5e(H),0.0,-0.57,1.73,0.15,5.2,Simbad,05 35 22.27,-05 27 27.92,1,0.16917323621266467,0.04115710052451383
1495,1042,703,,,98.0,15.37,5.8149982943955045,,,,,,,,,,Simbad,05 35 22.30,-05 08 04.72,1,0.2532400162737963,0.04115710052451383
1496,1043,713,,,99.0,2.31,5.584998294395504,,,,,,,,,,Simbad,05 35 22.30,-05 25 09.02,1,0.2939382804342878,0.04115710052451383
1497,1044,712,,,99.0,2.01,6.034998294395503,,2.61,3.679,K2-K4(H)<K7(P),3.9,0.26,1.97,1.12,6.19,Simbad,05 35 22.34,-05 22 00.72,1,0.2148389143673849,0.04115710052451383
1498,1045,705,,1971.0,98.0,14.27,4.164998294395504,,1.36,,late-K::(H),,,,,,Simbad,05 35 22.35,-05 09 10.72,1,0.6552780860759438,0.04115710052451383
1499,1046,718,,,99.0,2.8,6.844998294395504,,,,,,,,,,Simbad,05 35 22.36,-05 25 44.72,1,0.14096158634361733,0.04115710052451383
1500,1047,720,,,,3.18,6.914998294395504,,,,,,,,,,Simbad,05 35 22.39,-05 26 11.22,1,0.13703312820805735,0.04115710052451383
