,recno,ID,m_ID,Parenago,Mem,Rproj,Imag,l_V-I,VmI,V,Vmag,logT,SpT_1,AV,log(L),R,M,log(age),Simbad_1,RAJ2000,DEJ2000,single,recno_2,Name,SpT_2,e_SpT,ref1,Teff,logL,M*,e_M*_2,E_M*_2a,Age,e_Age_2,E_Age_2a,R*,e_R*,Per,n_Per,ref2,Cl,Acc,Notes,Simbad_2,_RA,_DE,Separation,Mass_calc,Mass_e
0,1048,721,,1990,99,1.54,13.12,,2.08,15.2,6.37499829439551,3.58,<=K7(H)M0(Eetal)<M0(Sam),0.74,-0.06,2.14,0.34,5.62,Simbad,05 35 22.43,-05 23 43.42,1,90,V1527 Ori,M0,1,E,3770,-0.259,0.51,0.08,0.13,1.8,0.5,1.1,1.74,0.24,2.45,opt,H00,,A,g,Simbad,83.84396,-5.39547,1.81845605758228,0.530775746749782,0.0791312828659902
1,1054,717,,,99,8.38,16.12,,,,,3.535,M2.5(H),0,-1.39,0.57,0.23,6.98,Simbad,05 35 22.56,-05 15 08.32,1,510,V1341 Ori,M4.5,1,H13,3020,,,,,,,,,,4.58,opt,H02,3,,c,Simbad,83.84446,-5.25239,1.67332338728861,,0
2,1056,3023,,,,7.32,15.99,,3.03,19.02,,,,,,,,,Simbad,05 35 22.61,-05 16 13.60,1,132,V2392 Ori,M1,1,H13,3630,-0.898,0.4,0.07,0.12,8.3,3.1,7.7,0.9,0.13,5.29,opt,R09,,,g,Simbad,83.84454,-5.27056,1.25962798161977,,0
3,1061,727,,,99,8.39,13.87,,2.44,16.31,7.68499779439551,3.544,M2(H),0.54,-0.38,1.76,0.28,5.81,Simbad,05 35 22.70,-05 31 36.82,1,175,V1528 Ori,M2,1,H,3490,-0.504,0.35,0.06,0.07,2,0.4,0.9,1.53,0.21,6.03,opt,H00,2,,,Simbad,83.84498,-5.52701,1.48098742342843,0.359336634035579,0.0791312828659902
4,1064,728,,1995,99,9.24,13.58,,2.32,15.9,6.93499779439551,3.562,M1(H),0.88,-0.2,2,0.3,5.72,Simbad,05 35 22.81,-05 32 28.62,1,118,V2400 Ori,M1,1,H,3630,-0.377,0.43,0.09,0.09,1.9,0.5,1.1,1.64,0.23,13.87,opt,H02,2,,,Simbad,83.84542,-5.5414,1.41920627889493,0.445702882333343,0.0791312828659902
5,1066,5008,,,,9.85,17.21,,3.11,20.32,,,,,,,,,Simbad,05 35 22.83,-05 13 39.52,1,136,V2401 Ori,M1,1,H13,3630,-1.336,0.38,0.09,0.09,33,16,26,0.54,0.08,5.62,opt,H02,,,a,Simbad,83.84554,-5.22778,1.56577459090111,,0
6,1067,726,,,99,1.75,15.35,,3.89,19.24,4.8749972943955,3.623,K5-K7(H),6.28,0.37,2.9,0.48,5.41,Simbad,05 35 22.86,-05 22 41.42,1,54,2MASS J05352296-0522415,K6,2,H,4020,0.248,0.71,0.28,0.41,0.8,0.3,0.9,2.75,0.52,2,opt,R09,,,g,Simbad,83.84571,-5.37822,1.65765738466416,0.917480675877426,0.0791312828659902
7,1068,729,,,99,6.52,14.85,,2.72,17.57,9.4849982943955,3.509,M4(H),0,-0.79,1.3,0.17,6.06,Simbad,05 35 22.94,-05 29 41.12,1,326,V2403 Ori,M4,1,H,3160,-0.944,0.2,0.1,0.11,3.4,3,2.6,1.12,0.24,2.94,MIR,M11,3,N,,Simbad,83.846,-5.49486,1.53972252982498,0.186065860773597,0.0791312828659902
8,1072,734,,,99,5.45,15.92,,,,,,,,,,,,Simbad,05 35 23.11,-05 28 33.52,1,546,2MASS J05352321-0528339,M7.75,2,H13,2590,,,,,,,,,,2.92,opt,R09,,,c,Simbad,83.84671,-5.47609,1.55260990733385,,0
9,1073,3100,,,,3.03,16.64,,,,,,,,,,,,Simbad,05 35 23.14,-05 25 53.97,1,533,2MASS J05352323-0525544,M2:,1,H13,3490,,,,,,,,,,0.79,opt,R09,,,c,Simbad,83.8468,-5.43179,1.45327621690515,,0
10,1075,735,,,99,5.08,14.73,,3.07,17.8,8.7949982943955,3.518,M3.5(H),0.92,-0.55,1.62,0.21,5.89,Simbad,05 35 23.21,-05 28 09.72,1,269,V1530 Ori,M3.5,1,H,3260,-0.641,0.26,0.09,0.1,2.2,1,0.9,1.5,0.28,5.21,opt,H02,2,,,Simbad,83.84712,-5.46947,1.52143180594047,0.251145690670839,0.0791312828659902
11,1077,733,,1989,99,4.85,13.14,,2.33,15.47,6.22499829439551,3.571,M0.5(H),1.16,0.04,2.51,0.28,5,Simbad,05 35 23.28,-05 18 50.52,1,104,V1531 Ori,M0.5,1,H,3700,-0.153,0.46,0.06,0.11,1.2,0.2,0.6,2.04,0.28,3.32,opt,S99,3,N,,Simbad,83.84747,-5.31407,1.68989105836941,0.557236363079434,0.0791312828659902
12,1079,5027,,,,8.18,16.87,,,,,,,,,,,,Simbad,05 35 23.39,-05 15 23.00,1,534,V2409 Ori,M6.5,1,H13,2725,,,,,,,,,,0.79,opt,R09,,,c,Simbad,83.84783,-5.2565,1.39112126790413,,0
13,1080,736,,,99,4.76,13.87,,2.27,16.14,6.83499729439551,3.58,M0(H),1.22,-0.25,1.74,0.39,5.86,Simbad,05 35 23.42,-05 18 56.92,1,100,V2410 Ori,M0.5,1,H13,3700,-0.482,0.47,0.09,0.1,3,1.1,1.8,1.4,0.19,11.68,opt,H02,,N,g,Simbad,83.84802,-5.31587,1.57953068704393,0.459705414139788,0.0791312828659902
14,1081,3155,,,,11.14,15.36,,2.96,18.32,,,,,,,,,Simbad,05 35 23.42,-05 34 22.90,1,366,2MASS J05352350-0534233,M4.5,1,H13,3020,-1.1,0.13,0.06,0.09,3.6,2.1,1.9,1.03,0.2,1.68,opt,R09,,,g,Simbad,83.84792,-5.57317,1.3104326531239,,0
15,1082,737,,,99,2.71,15.63,,,,,,,,,,,,Simbad,05 35 23.49,-05 25 26.02,1,529,V1342 Ori,M3.25,1,H13,3310,,,,,,,,,,,,,,,"c,f",Simbad,83.84831,-5.42401,1.6135366413444,,0
16,1085,743,,,99,3.55,14.73,,3.8,18.529999,7.2349972943955,3.526,M3(H),3.21,-0.03,2.88,0.18,4.35,Simbad,05 35 23.55,-05 26 26.62,1,209,V2411 Ori,M3,1,H,3360,-0.112,0.3,0.08,0.11,0.7,0.61,0.4,2.6,0.43,,,,2,A,f,Simbad,83.8486,-5.44079,1.71697054216298,0.40332860530112,0.0791312828659902
17,1088,739,,,99,5.05,14.64,,2.5,17.14,8.3649972943955,3.544,M2e(H),0.69,-0.65,1.29,0.3,6.14,Simbad,05 35 23.65,-05 18 39.72,1,181,V2413 Ori,M2e,1,H,3490,-0.775,0.34,0.06,0.07,4.1,1.4,2.4,1.12,0.16,6.63,opt,H02,,A,g,Simbad,83.849,-5.31108,1.65148357576971,0.294587628090586,0.0791312828659902
18,1095,746,,,99,4.64,15.11,,3.4,18.51,8.6549982943955,3.518,M3.5(H),1.77,-0.5,1.73,0.2,5.74,Simbad,05 35 23.85,-05 19 07.42,1,252,V2414 Ori,M3.5,1,H,3260,-0.588,0.27,0.1,0.09,2,1.1,0.8,1.59,0.3,11.1,opt,R09,,,g,Simbad,83.84985,-5.31878,1.71298518906161,0.26521320656198,0.0791312828659902
19,1098,3087,,,99,2.58,15.09,,1.16,16.25,8.1649982943955,3.562,M1(H),0,-1.01,0.78,0.41,6.96,Simbad,05 35 23.89,-05 25 09.38,1,145,2MASS J05352398-0525098,M1,1,H,3630,-1.112,0.38,0.08,0.12,15,5.6,17,0.7,0.1,5.92,opt,R09,,A,g,Simbad,83.84994,-5.41939,1.48922459898566,0.313638088340343,0.0791312828659902
20,1101,9316,,,,2.4,16.1,,4.63,20.73,8.7849972943955,3.5,M4.5(H),3.86,-0.29,2.38,0.15,4.48,Simbad,05 35 24.05,-05 21 55.32,2,321,2MASS J05352411-0521556,M4.5,1,H,3020,-0.41,0.21,0.09,0.07,0.4,0.33,1.1,2.28,0.45,6.88,opt,H02,,,g,Simbad,83.8505,-5.36544,1.07821899213823,0.251956938464499,0.0791312828659902
21,1103,753,,,99,6.85,13.4,,2.41,15.809999,7.26499729439551,3.544,M2(H),0.46,-0.21,2.14,0.25,5.25,Simbad,05 35 24.14,-05 29 56.82,1,177,V2420 Ori,M2,1,H,3490,-0.335,0.35,0.06,0.08,1.4,0.2,0.5,1.86,0.26,8.55,NIR,C01,2,,,Simbad,83.851,-5.49921,1.53043550994971,0.399801802641363,0.0791312828659902
22,1104,755,,,99,5.7,15.11,,3.79,18.9,10.8149982943955,3.46,M6.5(H),0,-0.53,2.18,0.11,4.36,Simbad,05 35 24.21,-05 28 43.72,1,591,2MASS J05352431-0528441,M6.5,1,H,2725,-0.748,,,,,,,1.9,0.27,5.19,opt,R09,,,b,Simbad,83.85129,-5.47892,1.53797022245107,0.125542022071141,0.0791312828659902
23,1108,758,,,99,3.72,14.1,,3.45,17.550001,8.0750002943955,3.509,M4-M4.5e(H)M5.3(P)M4(Eetal),1.39,-0.15,2.7,0.15,4.2,Simbad,05 35 24.35,-05 26 31.02,1,395,V1283 Ori,M5.3,1,P,2856,-0.5,0.12,0.03,0.09,0.1,0.07,0.8,2.29,0.44,2.51,opt,E93,2,A,,Simbad,83.85191,-5.44206,1.66640698756109,0.322420579706327,0.0791312828659902
24,1111,757,,,,2.09,15.24,,,,,,,,,,,,Simbad,05 35 24.37,-05 24 00.72,2,539,2MASS J05352445-0524010,M2,2,H13,3490,,,,,,,,,,1.46,opt,R09,,,c,Simbad,83.85187,-5.40028,1.21148398662839,,0
25,1112,759,,,99,2.59,14.82,,,,,,,,,,,,Simbad,05 35 24.40,-05 25 01.22,1,604,V2425 Ori,M1e,1,H,3630,,,,,,,,,,,,,3,,"c,f",Simbad,83.85217,-5.41711,1.84267686390024,,0
26,1115,754,,,96,11.58,13.6,,,,,,,,,,,,Simbad,05 35 24.53,-05 11 58.22,1,557,2MASS J05352461-0511582,M3.5,1,H13,3260,,,,,,,,,,6.88,opt,H02,,,c,Simbad,83.85257,-5.19951,1.29674121344574,,0
27,1118,762,,2010,99,2.38,14.13,,2.63,16.76,6.52499929439551,3.58,M0e(H),2.15,-0.12,2,0.36,5.72,Simbad,05 35 24.59,-05 24 35.42,1,86,V1400 Ori,M0e,1,H13,3770,-0.32,0.52,0.1,0.11,2.2,0.8,1.4,1.62,0.22,,,,,A,f,Simbad,83.85287,-5.40992,1.50401645749087,0.504239903592731,0.0791312828659902
28,1122,764,,,98,2.75,15.26,,,,,,,,,,,,Simbad,05 35 24.78,-05 25 09.82,1,552,V2430 Ori,M3,1,H13,3360,,,,,,,,,,4.94,opt,H02,,,c,Simbad,83.8537,-5.41949,1.64903795076319,,0
29,1128,770,,,99,2.36,16.25,,1.19,17.44,9.35499829439551,3.544,M1.5-M2.5(H),0,-1.46,0.51,0.27,7.24,Simbad,05 35 25.02,-05 22 24.62,2,225,2MASS J05352512-0522252,M2,1,H,3490,-1.556,0.29,0.07,0.07,39,19,20,0.46,0.06,4.66,opt,R09,,A,g,Simbad,83.85471,-5.37369,1.77740852467822,0.195857976479662,0.0791312828659902
30,1132,3128,,,,6.83,14.87,,3.11,17.98,,,,,,,,,Simbad,05 35 25.13,-05 29 51.25,1,390,2MASS J05352522-0529516,M5,1,H13,2880,-0.852,0.12,0.05,0.09,0.6,0.35,2.3,1.51,0.34,2.47,opt,H00,2,,,Simbad,83.85508,-5.49767,1.38016530736983,,0
31,1133,778,,,99,10.21,15.11,,3.92,19.029999,8.3549972943955,3.509,M4(H),2.59,-0.26,2.38,0.16,4.57,Simbad,05 35 25.15,-05 33 20.82,1,303,V1533 Ori,M4,1,H,3160,-0.337,0.23,0.09,0.11,0.6,0.51,0.9,2.26,0.47,1.72,opt,H02,3,,,Simbad,83.85516,-5.55585,1.34141540430659,0.295452090843768,0.0791312828659902
32,1135,3095,,,,3.06,15.17,,,,,,,,,,,,Simbad,05 35 25.26,-05 25 29.20,1,452,V2436 Ori,M3.8,1,D10,3200,,,,,,,,,,2.62,opt,H02,,,c,Simbad,83.85561,-5.42488,1.34165121968321,,0
33,1141,776,b,,,2.71,15.85,,3.92,19.77,,,,,,,,,Simbad,05 35 25.39,-05 21 51.12,1,458,V496 Ori,M0,1,D10,3770,,,,,,,,,,4.39,opt,S99,,,c,Simbad,83.85596,-5.36431,0.721694125128775,,0
34,1143,783,,,95,10.93,14.17,,3.04,17.21,,,,,,,,,Simbad,05 35 25.44,-05 34 04.32,1,379,2MASS J05352547-0534028,M5,1,H,2880,-0.696,0.13,0.07,0.09,0.3,0.23,2.2,1.81,0.41,7.44,opt,H02,,N,g,Simbad,83.85612,-5.56746,1.52583199838568,,0
35,1147,787,,2022,99,7.33,12.7,,,,,3.571,M0.5(H),0,-0.07,2.22,0.3,5.52,Simbad,05 35 25.56,-05 30 20.42,1,602,V417 Ori,M0.5,1,H,3700,,,,,,,,,,9,opt,H00,2,,c,Simbad,83.85693,-5.5058,1.60805620978862,,0
36,1149,782,,,99,2.31,14.18,,2.14,16.32,7.1349972943955,3.591,K8e(H),1.1,-0.41,1.36,0.54,6.3,Simbad,05 35 25.60,-05 23 09.12,2,62,V2441 Ori,K8e,1,H,3940,-0.514,0.68,0.07,0.08,7.1,2.7,3.9,1.19,0.14,0.84,opt,R09,,A,a,Simbad,83.85712,-5.38594,1.64610277626173,0.417809531859135,0.0791312828659902
37,1150,789,,,99,6.62,16.05,,4.16,20.21,8.4049982943955,3.518,"M3,M4,M5III(H)",3.72,-0.4,1.94,0.2,5.27,Simbad,05 35 25.61,-05 29 35.02,1,304,V1538 Ori,M4,1,H,3160,-0.563,0.23,0.1,0.12,1.8,1.6,0.5,1.74,0.36,3.21,opt,S99,2,,,Simbad,83.85715,-5.49315,1.61472407889081,0.290270564897886,0.0791312828659902
38,1154,792,,,99,3.38,13.64,,2.64,16.28,6.02499929439551,3.58,K8(H)M0.1(P),2.17,0.08,2.53,0.3,5.09,Simbad,05 35 25.90,-05 25 47.42,1,77,V1285 Ori,K8,1,H,3940,0.014,0.63,0.08,0.07,1.2,0.3,0.5,2.19,0.26,10.3,opt,E93,,N,g,Simbad,83.85837,-5.42994,1.66495364940414,0.59242649126091,0.0791312828659902
39,1160,795,,2033,99,4.87,10.59,,1.19,11.780001,2.5449992943955,3.744,G6(H)K1:(WSH)K0-K3(P)K0(Eetal)G3IV-V(Petal)G5IV(Ham),1.15,1.02,3.53,2.51,6.29,Simbad,05 35 26.10,-05 27 36.22,1,7,V1232 Ori,G6,1,H,5390,0.914,2.2,0.25,0.14,3.7,0.9,1.5,3.28,0.4,1.55,opt,H00,3,N,a,Simbad,83.85917,-5.46019,1.57503683823533,,0
40,1250,5071,,,,5.32,17.16,,,,,,,,,,,,Simbad,05 35 31.11,-05 19 31.74,1,504,2MASS J05353120-0519319,M5.5,1,H13,2840,,,,,,,,,,2.31,opt,H02,3,,c,Simbad,83.88003,-5.32555,1.47141147445266,,0
41,1163,798,,,99,4.99,13.96,,2.34,16.3,8.21499829439551,3.518,M3.5(H),0,-0.47,1.79,0.2,5.56,Simbad,05 35 26.20,-05 27 43.52,1,87,2MASS J05352630-0527439,M0,1,H13,3770,-0.433,0.52,0.1,0.13,3.1,1.2,2.3,1.43,0.19,10.36,opt,H02,3,,,Simbad,83.8596,-5.4622,1.60360522367493,0.309217306876104,0.0791312828659902
42,1165,799,,2032,99,3.36,10.61,,1.36,11.969999,2.18499779439551,3.753,"G5(Par)G0III(HB)G-K:(GS)K1,M3(Sam)",1.7,1.16,3.95,2.68,6.3,Simbad,05 35 26.24,-05 25 39.72,1,6,AK Ori,K2,1,StE,4760,0.89,2.21,0.49,0.34,1,0.4,0.8,4.09,0.59,10.33,opt,G95,2,,a,Simbad,83.85976,-5.42782,1.58896521469979,,0
43,1170,802,,,99,7.33,14.93,,3.64,18.57,,,,,,,,,Simbad,05 35 26.35,-05 30 16.12,1,485,2MASS J05352645-0530164,M6,1,H13,2800,-0.732,,,,,,,1.83,0.29,3.7,MIR,M11,2,,b,Simbad,83.86021,-5.50458,1.54356427598455,,0
44,1173,3027,,,,7.11,15.03,,,,,,,,,,,,Simbad,05 35 26.65,-05 16 44.66,1,547,V2454 Ori,M3.5,1,H13,3260,,,,,,,,,,3.03,NIR,C01,,,c,Simbad,83.86139,-5.2792,1.33071556361613,,0
45,1176,807,,,99,2.68,15.32,,,,,3.471,M6(H),0,-0.71,1.68,0.11,4.71,Simbad,05 35 26.85,-05 24 00.32,1,535,V2456 Ori,M3.5,1,H13,3260,,,,,,,,,,0.85,opt,R09,,N,c,Simbad,83.86236,-5.40016,1.75700084223651,,0
46,1178,805,,,99,8.07,15.22,,,,,,,,,,,,Simbad,05 35 26.94,-05 15 44.62,1,520,V2459 Ori,M5.5,1,H13,2840,,,,,,,,,,5.68,opt,R09,2,,c,Simbad,83.86274,-5.26243,1.76122235762296,,0
47,1180,812,,,99,7.52,14.04,,3.41,17.45,,,,,,,,,Simbad,05 35 27.11,-05 30 24.42,1,369,2MASS J05352720-0530247,M5,1,H13,2880,-0.458,0.13,0.04,0.1,0.1,0.07,1.3,2.37,0.53,4.39,opt,S99,2,,,Simbad,83.86334,-5.50687,1.40279515758718,,0
48,1183,811,a,,99,6.79,13.38,,2.56,15.940001,5.88499829439551,3.58,M0(H),1.97,0.13,2.69,0.29,4.89,Simbad,05 35 27.35,-05 17 09.62,1,603,V1345 Ori,M0,1,H,3770,,,,,,,,,,11.1,opt,H00,2,,c,Simbad,83.86445,-5.2861,1.7949677382503,0.62413983072242,0.0791312828659902
49,1187,815,,,99,4.89,13.77,,2.69,16.460001,8.0049982943955,3.526,M3(H)M3.2(P),0.37,-0.34,2.01,0.22,5.25,Simbad,05 35 27.39,-05 27 25.52,1,212,V1287 Ori,M3,1,H,3360,-0.421,0.3,0.08,0.08,1.5,0.5,0.6,1.82,0.3,6.42,opt,H00,,,g,Simbad,83.86457,-5.4572,1.64413893313708,0.329110192619404,0.0791312828659902
50,1188,818,,2048,98,12.26,12.13,,1.82,13.95,5.59499729439551,3.591,K8V(D),0.27,0.2,2.78,0.32,4.93,Simbad,05 35 27.43,-05 35 19.42,1,83,V1539 Ori,K8V,1,D,3940,0.106,0.6,0.05,0.1,0.9,0.2,0.4,2.43,0.29,4.62,opt,S99,3,,,Simbad,83.86462,-5.58875,1.17909850229648,0.698751194708496,0.0791312828659902
51,1190,817,,,99,5.83,13.75,,3.04,16.79,8.7049982943955,3.5,M4.5(P),0,-0.3,2.37,0.15,4.49,Simbad,05 35 27.45,-05 28 30.62,1,342,V1540 Ori,M4.5,1,P,3020,-0.456,0.17,0.06,0.1,0.2,0.13,1.4,2.16,0.43,2.23,opt,H00,3,,,Simbad,83.86479,-5.47525,1.51331274272945,0.259963383843337,0.0791312828659902
52,1191,3119,,,,6.15,16.83,,,,,,,,,,,,Simbad,05 35 27.61,-05 28 51.12,1,509,2MASS J05352769-0528514,M7,1,H13,2650,,,,,,,,,,4.16,opt,H02,3,,c,Simbad,83.86541,-5.48096,1.36203205878071,,0
53,1192,816,,,99,6,15.23,,3.46,18.689999,6.8049962943955,3.562,M1(H),3.8,-0.14,2.13,0.29,5.55,Simbad,05 35 27.62,-05 18 04.52,1,119,V1541 Ori,M1,1,H,3630,-0.326,0.42,0.07,0.11,1.6,0.3,0.8,1.74,0.24,3.53,opt,R09,3,N,,Simbad,83.86557,-5.30129,1.74890750140902,0.46428464156541,0.0791312828659902
54,1194,823,,,99,5.45,13.88,,3.28,17.16,9.0749982943955,3.494,M5(H),0,-0.31,2.4,0.15,4.39,Simbad,05 35 27.78,-05 28 01.72,1,380,V1542 Ori,M5,1,H,2880,-0.456,0.13,0.04,0.1,0.1,0.07,1.3,2.38,0.54,9,opt,E93,,,g,Simbad,83.86621,-5.46722,1.67075629939362,0.222708816338172,0.0791312828659902
55,1195,819,,,99,7.03,13.16,,2.85,16.01,7.5649992943955,3.518,M3.5(H),0.36,-0.06,2.86,0.14,4.04,Simbad,05 35 27.82,-05 16 57.02,1,255,V1347 Ori,M3.5,1,H,3260,-0.151,0.27,0.08,0.1,0.3,0.23,0.9,2.64,0.49,5.76,opt,H02,3,N,,Simbad,83.86638,-5.28257,1.67704051427951,0.371152033473584,0.0791312828659902
56,1197,821,,,99,6.69,14.16,,3.16,17.32,8.5949982943955,3.509,M4(H),0.64,-0.35,2.13,0.17,4.89,Simbad,05 35 27.93,-05 17 20.02,1,300,2MASS J05352804-0517202,M4,1,H,3160,-0.431,0.23,0.1,0.12,1.2,1.11,0.5,2.03,0.42,,,,,,f,Simbad,83.86685,-5.28896,1.7189969374413,0.271341243644606,0.0791312828659902
57,1198,825,,,99,2.91,15.75,,,,,3.526,M3e(H),0,-1.22,0.73,0.2,6.62,Simbad,05 35 28.02,-05 23 06.22,1,615,V2471 Ori,M3e,1,H,3360,,,,,,,,,,9.35,opt,R09,,A,c,Simbad,83.86721,-5.38511,1.65805863111061,,0
58,1200,822,,,99,12.11,15.74,,3.72,19.46,7.5549972943955,3.544,M2(H),3.82,-0.33,1.87,0.27,5.73,Simbad,05 35 28.06,-05 11 37.32,1,173,V1543 Ori,M2,1,H,3490,-0.453,0.35,0.05,0.08,1.8,0.4,0.9,1.62,0.23,6.4,opt,H02,,,g,Simbad,83.86736,-5.19377,1.60930007863829,0.372105323464659,0.0791312828659902
59,1204,827,,,98,6.22,16.34,,2.2,18.54,9.8849992943955,3.562,M1(H),0.57,-1.38,0.51,0.41,7.5,Simbad,05 35 28.24,-05 17 54.22,1,572,2MASS J05352835-0517544,M1,1,H,3630,-1.556,,,,,,,0.42,0.06,6.76,opt,H02,3,,b,Simbad,83.86813,-5.29847,1.68299826538275,0.162342008082464,0.0791312828659902
60,1205,828,,,99,5.81,13.9,,2.87,16.77,8.6849982943955,3.509,M4(H),0,-0.41,2.01,0.18,5.05,Simbad,05 35 28.24,-05 18 22.82,1,302,V1545 Ori,M4,1,H,3160,-0.508,0.23,0.11,0.1,1.5,1.4,0.6,1.86,0.39,1.14,opt,H02,3,,,Simbad,83.86814,-5.30641,1.71590149595226,0.261981377613249,0.0791312828659902
61,1206,830,,,99,3.4,13,,2.36,15.36,6.5249982943955,3.555,M1.5(H)M4(Eetal),0.75,0.01,2.61,0.25,4.8,Simbad,05 35 28.26,-05 25 03.12,1,133,V1288 Ori,M1.5,1,H,3560,-0.168,0.4,0.1,0.08,1.1,0.2,0.3,2.17,0.3,9.23,opt,H00,,N,g,Simbad,83.86825,-5.41761,1.81308986383239,0.504239976078844,0.0791312828659902
62,1207,829,,,99,5.26,15.52,,3.72,19.24,8.14499829439551,3.526,M3(H),3.01,-0.39,1.89,0.22,5.45,Simbad,05 35 28.30,-05 19 01.92,1,196,2MASS J05352841-0519021,M3,1,H,3360,-0.478,0.31,0.09,0.09,1.7,0.4,0.7,1.7,0.28,3.23,opt,R09,,,g,Simbad,83.8684,-5.31725,1.74183806093062,0.315822787958754,0.0791312828659902
63,1210,834,,,99,7.72,12.99,,2.24,15.23,,,,,,,,,Simbad,05 35 28.82,-05 16 18.22,1,72,V497 Ori,K8e,1,H13,3940,0.024,0.64,0.08,0.07,1.2,0.3,0.5,2.21,0.26,7.01,opt,H02,2,,,Simbad,83.87055,-5.2718,1.69297771733323,,0
64,1211,835,,,99,12.14,14.06,,2.52,16.58,8.4949982943955,3.526,M3(H),0,-0.54,1.59,0.23,5.92,Simbad,05 35 28.82,-05 35 06.62,1,233,V1548 Ori,M3,1,H,3360,-0.643,0.29,0.08,0.09,2.3,0.5,1.3,1.41,0.23,8.85,opt,H02,2,,,Simbad,83.87042,-5.58522,1.21844725705141,0.281365299660019,0.0791312828659902
65,1212,836,,,99,6.59,13.43,,2.2,15.63,6.5049982943955,3.58,M0(H),1.04,-0.11,2.03,0.35,5.71,Simbad,05 35 28.99,-05 29 10.02,1,85,V1550 Ori,M0,1,H,3770,-0.308,0.53,0.12,0.09,2.2,0.8,1.4,1.65,0.23,12.2,opt,H00,2,,,Simbad,83.87122,-5.4862,1.56397901474432,0.508048766320653,0.0791312828659902
66,1213,838,,,99,4,13.54,,2.94,16.48,8.3149982943955,3.509,M4(H),0.08,-0.24,2.42,0.16,4.52,Simbad,05 35 29.23,-05 25 46.02,1,301,2MASS J05352934-0525462,M4,1,H,3160,-0.32,0.23,0.09,0.13,0.4,0.33,1,2.3,0.48,7.75,opt,H02,,,g,Simbad,83.87226,-5.42952,1.69724778939122,0.299357470014321,0.0791312828659902
67,1214,837,,,99,7.55,13.3,,2.21,15.51,6.35499929439551,3.58,M0(H)M1(Eetal),1.07,-0.06,2.17,0.34,5.61,Simbad,05 35 29.34,-05 16 33.22,1,115,V1289 Ori,M1,1,H,3630,-0.334,0.43,0.08,0.09,1.7,0.4,0.9,1.72,0.24,10.6,opt,H02,3,N,,Simbad,83.87274,-5.27595,1.76787612697141,0.53450389354322,0.0791312828659902
68,1216,3097,,,,3.94,16.05,,,,,,,,,,,,Simbad,05 35 29.40,-05 25 36.86,1,545,2MASS J05352948-0525372,M6,1,H13,2800,,,,,,,,,,2.86,opt,R09,,,c,Simbad,83.87283,-5.427,1.23057705827175,,0
69,1217,839,,,99,3.62,13.5,,3.7,17.2,4.69499929439551,3.562,M1(H),4.42,0.7,5.62,0.15,2.97,Simbad,05 35 29.47,-05 24 56.62,1,124,V1290 Ori,M1,1,H,3630,0.516,0.41,0.06,0.1,0.04,0.03,0.16,4.58,0.64,7.52,opt,H02,3,N,,Simbad,83.87326,-5.4158,1.69849172642889,0.986145081670604,0.0791312828659902
70,1218,843,,,98,8.49,13.77,,2.45,16.220001,7.56500029439551,3.544,M2(H),0.57,-0.33,1.86,0.27,5.74,Simbad,05 35 29.57,-05 31 11.92,1,171,V1552 Ori,M2,1,H,3490,-0.458,0.35,0.06,0.08,1.8,0.4,0.9,1.61,0.22,0.84,opt,H02,,,g,Simbad,83.87358,-5.5201,1.40259702049027,0.37115194907094,0.0791312828659902
71,1220,3019,,,,8,13.89,,3.4,17.29,,,,,,,,,Simbad,05 35 29.73,-05 16 05.98,1,237,2MASS J05352980-0516064,M3.5,1,H13,3260,-0.1,0.28,0.09,0.1,0.2,0.15,0.9,2.8,0.52,13.87,opt,H02,3,,,Simbad,83.8742,-5.26846,1.25854463446408,,0
72,1223,845,,,99,3.36,14.12,,2.32,16.44,8.1249992943955,3.544,M2e(H),0.23,-0.55,1.44,0.3,6.02,Simbad,05 35 29.75,-05 23 48.12,1,169,2MASS J05352986-0523484,M2e,1,H13,3490,-0.679,0.35,0.07,0.07,3.2,1,1.7,1.25,0.17,5.13,opt,R09,,A,g,Simbad,83.87442,-5.39678,1.67951003972931,0.317522609823812,0.0791312828659902
73,1225,841,,,99,11.43,14.41,,3.25,17.66,8.70499729439551,3.509,M4e(H),0.87,-0.4,2.03,0.18,5.02,Simbad,05 35 29.87,-05 12 27.32,1,294,V2485 Ori,M4e,1,H,3160,-0.475,0.24,0.12,0.11,1.4,1.31,0.5,1.93,0.4,4.69,opt,H02,2,A,,Simbad,83.87495,-5.20763,1.76889636942734,0.259963468565763,0.0791312828659902
74,1226,842,,,99,14.62,15.71,,4.08,19.79,10.4149982943955,3.483,M5.6(P),1.29,-0.65,1.7,0.12,4.84,Simbad,05 35 29.99,-05 09 09.22,1,617,V1291 Ori,M5.6,1,P,2832,-0.913,,,,,,,1.45,0.24,2.87,opt,R09,3,,b,Simbad,83.87542,-5.15263,1.67375891086729,0.140961275866235,0.0791312828659902
75,1227,846,,,99,9.69,16.08,,4.13,20.21,9.5449982943955,3.5,M4.5(H),2.58,-0.6,1.67,0.15,5.26,Simbad,05 35 30.03,-05 14 18.42,1,347,V2486 Ori,M4.5,1,H,3020,-0.714,0.16,0.07,0.1,1.7,1.68,1,1.61,0.32,5.46,opt,H02,,,g,Simbad,83.87562,-5.2385,1.7836628200723,0.181716750643072,0.0791312828659902
76,1228,848,,,99,4.24,13.8,,2.73,16.53,8.39499929439551,3.518,M3.5(H),0.05,-0.4,1.95,0.2,5.26,Simbad,05 35 30.17,-05 25 51.32,1,276,V1554 Ori,M3.5,1,H,3260,-0.482,0.25,0.06,0.1,1.5,1.1,0.7,1.8,0.34,4.94,opt,H02,,N,g,Simbad,83.87617,-5.431,1.67806437500884,0.291560594567312,0.0791312828659902
77,1231,850,,2077,99,4.15,13.41,,2.14,15.55,6.3649982943955,3.591,K8e(H),1.1,-0.11,1.94,0.4,5.76,Simbad,05 35 30.31,-05 25 38.32,1,74,V1348 Ori,K8e,1,H,3940,-0.206,0.64,0.06,0.07,2.3,0.8,1.1,1.7,0.2,7.78,opt,E93,2,A,,Simbad,83.87676,-5.42739,1.70229903501117,0.532247905352299,0.0791312828659902
78,1232,853,,,99,5.94,16.04,,3.13,19.170002,10.0050002943955,3.518,M3.5(H),1.08,-1.04,0.93,0.18,6.33,Simbad,05 35 30.34,-05 28 11.02,1,397,V2488 Ori,M4.5,1,H13,3020,-1.322,0.11,0.05,0.09,4.7,1.7,4.3,0.8,0.16,3.9,opt,H02,,,g,Simbad,83.87688,-5.46978,1.67101431417141,0.157369109550453,0.0791312828659902
79,1235,855,,,99,6.21,14.05,,2.34,16.39,8.0249972943955,3.544,M2.5(H)M1.8(P),0.28,-0.51,1.51,0.3,5.97,Simbad,05 35 30.39,-05 28 30.22,1,199,V1292 Ori,M2.5,1,H,3425,-0.672,0.31,0.06,0.09,2.6,0.6,1.7,1.31,0.2,7.08,opt,H02,2,,,Simbad,83.87704,-5.47517,1.53797924707316,0.327305593140024,0.0791312828659902
80,1238,851,,,99,8.84,15.69,,,,,,,,,,,,Simbad,05 35 30.52,-05 15 16.12,1,542,2MASS J05353063-0515162,M5.5,1,H13,2840,,,,,,,,,,2.59,opt,R09,,,c,Simbad,83.87765,-5.25451,1.73656672381678,,0
81,1239,860,,,99,5.26,13.93,,2.91,16.84,8.2449982943955,3.518,M3.5(H)M3.7(P)M4:(Eetal),0.51,-0.33,2.09,0.2,5.1,Simbad,05 35 30.56,-05 27 16.42,1,251,V1293 Ori,M3.5,1,H,3260,-0.421,0.27,0.09,0.09,1.4,1.2,0.5,1.93,0.36,6.33,opt,H02,,N,g,Simbad,83.87776,-5.45465,1.56217084705933,0.306259066110909,0.0791312828659902
82,1242,859,,,99,3.73,14.98,,,,,3.494,M5(H),0,-0.75,1.44,0.14,5.37,Simbad,05 35 30.61,-05 24 30.92,1,501,2MASS J05353071-0524312,M3,1,H13,3360,,,,,,,,,,1.38,opt,R09,3,A,c,Simbad,83.87797,-5.40867,1.56265878341662,,0
83,1243,863,,,99,8.06,14.04,,2.62,16.66,8.5749982943955,3.518,M3.5(H),0,-0.5,1.72,0.21,5.75,Simbad,05 35 30.70,-05 30 35.82,1,332,V1555 Ori,M4.5,1,H13,3020,-0.572,0.18,0.08,0.08,0.7,0.62,1.5,1.89,0.37,7.91,opt,H00,2,,,Simbad,83.87833,-5.51006,1.53314908921977,0.273378781529591,0.0791312828659902
84,1245,3092,,,,4.13,14.27,,1.97,16.24,,,,,,,,,Simbad,05 35 30.83,-05 25 23.19,1,280,2MASS J05353092-0525236,M3.5,1,H13,3260,-0.732,0.24,0.09,0.11,2.5,1.1,1.6,1.35,0.25,0.65,opt,R09,,,g,Simbad,83.87885,-5.42323,1.47043724046868,,0
85,1246,865,,,99,4.31,14.34,,3.6,17.94,9.0249982943955,3.494,M5(H),0.83,-0.29,2.45,0.15,4.35,Simbad,05 35 30.85,-05 25 43.72,1,375,JW 865,M5,1,H,2880,-0.459,0.13,0.04,0.1,0.1,0.07,1.3,2.37,0.53,1.58,opt,R09,,N,g,Simbad,83.87901,-5.42888,1.6966602590373,0.227870533391143,0.0791312828659902
86,1247,862,,,99,5.88,15.46,,3.8,19.26,11.1749982943955,3.471,M6e(H),0,-0.77,1.57,0.11,4.77,Simbad,05 35 30.91,-05 18 45.02,1,568,V2495 Ori,M6e,1,H,2800,-0.944,,,,,,,1.43,0.22,3.49,opt,H02,3,A,b,Simbad,83.87927,-5.31258,1.73542147105235,0.111320017457045,0.0791312828659902
87,1249,864,,,99,11.51,14.45,,2.46,16.91,8.8249982943955,3.526,M3(H),0,-0.7,1.33,0.23,6.09,Simbad,05 35 31.09,-05 12 27.82,1,244,V1557 Ori,M3,1,H,3360,-0.824,0.28,0.08,0.09,3.5,1,2.6,1.14,0.19,3.7,opt,H02,3,,,Simbad,83.88,-5.20779,1.65838658413651,0.248059280026711,0.0791312828659902
88,1253,866,,2073,98,8.65,11.82,,2.13,13.95,2.7749982943955,3.708,K1IV(Ham),3.09,0.99,3.98,1.95,5.7,Simbad,05 35 31.18,-05 15 32.92,1,16,V1294 Ori,K3,1,StE,4550,0.83,1.6,0.41,0.57,0.6,0.2,0.6,4.18,0.63,6.76,opt,H00,3,,,Simbad,83.8804,-5.25919,1.7404191810649,,0
89,1258,872,,,99,6.15,15.18,,3.24,18.42,10.3349982943955,3.494,M5(H),0,-0.83,1.32,0.13,5.56,Simbad,05 35 31.30,-05 28 16.12,1,486,V1559 Ori,M5.5,1,H13,2840,-0.904,,,,,,,1.46,0.25,4.19,opt,H00,2,,b,Simbad,83.88088,-5.47121,1.67708906151151,0.143962230285542,0.0791312828659902
90,1260,870,,,,7.74,15.18,,2.47,17.65,,,,,,,,,Simbad,05 35 31.44,-05 16 36.52,1,314,2MASS J05353156-0516369,M3.5e,1,H13,3260,-1.096,0.21,0.09,0.12,5.1,1.8,5.4,0.89,0.17,3.83,opt,R09,2,,,Simbad,83.88151,-5.27693,1.87764964661838,,0
91,1264,878,,,99,7.69,14.44,,3.74,18.18,10.0949982943955,3.471,M6(H),0,-0.36,2.51,0.14,4.32,Simbad,05 35 31.58,-05 30 03.82,1,404,V1561 Ori,M6.5,1,H13,2725,-0.48,0.11,0.02,0.02,0.07,0.04,0.03,2.59,0.37,5.54,opt,H02,2,,,Simbad,83.88202,-5.50114,1.59032375215923,0.153474293974209,0.0791312828659902
92,1265,875,,,99,7.72,15.88,,,,,,,,,,,,Simbad,05 35 31.64,-05 16 39.82,1,553,2MASS J05353175-0516399,M5.5e,1,H13,2840,,,,,,,,,,5.18,opt,R09,,,c,Simbad,83.8823,-5.27775,1.67478943881834,,0
93,1267,880,,,99,7.27,14.17,,2.74,16.91,8.8249982943955,3.509,M4(H),0,-0.51,1.77,0.18,5.31,Simbad,05 35 31.69,-05 29 33.72,1,315,V1562 Ori,M4,1,H13,3160,-0.672,0.21,0.09,0.13,2.2,2,0.9,1.54,0.32,1.58,opt,H02,3,,,Simbad,83.88245,-5.4928,1.50688461059916,0.248059280026711,0.0791312828659902
94,1269,5156,,,,9.25,17.02,,,,,,,,,,,,Simbad,05 35 31.84,-05 31 47.30,1,519,V2508 Ori,M8,1,H13,2570,,,,,,,,,,4.36,opt,H02,2,,c,Simbad,83.88307,-5.52994,1.52413318127663,,0
95,1278,884,,,99,9.81,14.91,,3.44,18.35,,,,,,,,,Simbad,05 35 32.30,-05 14 24.52,1,158,2MASS J05353242-0514247,M2.25,1,H13,3457.5,-0.323,0.36,0.09,0.06,1.4,0.3,0.3,1.92,0.28,2.7,opt,R09,,,g,Simbad,83.88509,-5.24022,1.8366296669527,,0
96,1279,885,,,,9.17,16.33,,1.54,17.869999,,,,,,,,,Simbad,05 35 32.32,-05 15 06.52,1,488,V2516 Ori,M0.5,1,H13,3700,-1.616,,,,,,,0.38,0.05,9.1,opt,R09,2,,b,Simbad,83.88518,-5.25192,1.88152986067963,,0
97,1284,891,,,99,7.04,15.84,,3.11,18.95,8.19499829439551,3.555,M0-M3(H),2.67,-0.66,1.21,0.37,6.29,Simbad,05 35 32.69,-05 17 38.22,1,162,2MASS J05353280-0517384,M1.5,2,H,3560,-0.836,0.36,0.12,0.26,5.5,2.5,12.5,1.01,0.21,1.04,opt,H02,3,,,Simbad,83.8867,-5.29402,1.78037455178551,0.311018800427186,0.0791312828659902
98,1287,892,,,99,8.36,13.99,,2.22,16.21,6.1249972943955,3.623,late-K:(H),2,-0.13,1.63,0.65,6.14,Simbad,05 35 32.80,-05 16 05.02,1,59,2MASS J05353291-0516052,K7,3,H,3970,-0.319,0.69,0.27,0.34,3.8,2.3,8.7,1.46,0.31,8.56,opt,E93,3,,,Simbad,83.88715,-5.26812,1.74557176224865,0.574737051116902,0.0791312828659902
99,1288,894,,,99,7.14,14.65,,3.3,17.949999,,,,,,,,,Simbad,05 35 33.00,-05 17 33.82,1,386,2MASS J05353311-0517340,M5,1,H13,2880,-0.764,0.12,0.05,0.09,0.3,0.15,2.4,1.67,0.38,8.66,opt,H02,,,g,Simbad,83.88796,-5.29278,1.65962202064089,,0
100,1291,5076,,,,5.4,17.13,,3.62,20.75,7.77499929439551,3.591,K7-M0(H),4.89,-0.67,1.02,0.66,6.87,Simbad,05 35 33.15,-05 19 57.46,1,69,V2524 Ori,K8.5,2,H,3910,-0.806,0.65,0.19,0.09,18.5,10.8,26.5,0.86,0.13,6.99,opt,R09,,,a,Simbad,83.8885,-5.33271,1.37636263426775,0.350957185590956,0.0791312828659902
101,1292,896,,,99,9.06,15.72,,,,,,,,,,,,Simbad,05 35 33.47,-05 15 23.12,1,461,V2527 Ori,M1.8,1,D10,3518,,,,,,,,,,6.29,NIR,C01,,,c,Simbad,83.88997,-5.25645,1.83697761374422,,0
102,1296,900,,,99,15.6,14.62,,2.78,17.4,9.1349982943955,3.518,M3.5(H),0.18,-0.69,1.39,0.2,6.05,Simbad,05 35 33.79,-05 38 21.22,1,277,V804 Ori,M3.5,1,H,3260,-0.778,0.25,0.1,0.09,2.8,0.9,1.9,1.28,0.24,5.32,opt,H02,3,,,Simbad,83.89104,-5.63908,1.03660160446313,0.216566269262225,0.0791312828659902
103,1298,904,,,99,10.93,16.77,,3.76,20.53,7.8749992943955,3.562,M1(H),4.57,-0.57,1.3,0.4,6.24,Simbad,05 35 34.20,-05 33 21.32,1,128,V2532 Ori,M1,1,H,3630,-0.754,0.41,0.07,0.11,5.4,2.1,4.3,1.06,0.15,3.01,opt,R09,2,,,Simbad,83.89287,-5.556,1.35498817000937,0.341273181993836,0.0791312828659902
104,1299,902,,,84,5.74,15.32,,,,,,,,,,,,Simbad,05 35 34.26,-05 26 59.32,1,548,2MASS J05353437-0526596,M7,1,H13,2650,,,,,,,,,,3.21,opt,R09,,,c,Simbad,83.89324,-5.44992,1.79924758717535,,0
105,1301,3002,,,,11.19,15.87,,3.32,19.19,,,,,,,,,Simbad,05 35 34.41,-05 13 07.60,1,470,2MASS J05353449-0513077,M6,1,H13,2800,-1.108,,,,,,,1.19,0.19,1.41,opt,H02,3,,b,Simbad,83.89375,-5.21881,1.34939890108034,,0
106,1302,903,,,99,8.76,15.59,,,,,,,,,,,,Simbad,05 35 34.50,-05 15 52.62,1,444,2MASS J05353461-0515528,M4.3,1,D10,3076,,,,,,,,,,,,,,,"c,f",Simbad,83.89425,-5.26467,1.80266076673994,,0
107,1303,905,,,99,5.96,16.33,,,,,,,,,,,,Simbad,05 35 34.54,-05 27 14.82,1,421,2MASS J05353464-0527151,M4.7,1,D10,2964,,,,,,,,,,0.43,opt,R09,3,,c,Simbad,83.89437,-5.45421,1.65899294475467,,0
108,1304,906,,,99,12.14,14.17,,2.45,16.62,8.53499829439551,3.526,M3(H),0,-0.58,1.51,0.23,5.98,Simbad,05 35 34.61,-05 34 38.02,1,234,V2539 Ori,M3,1,H,3360,-0.712,0.29,0.09,0.09,2.7,0.6,1.8,1.3,0.22,10.66,opt,H02,2,N,,Simbad,83.89452,-5.57725,1.11955049742133,0.277147163534309,0.0791312828659902
109,1306,910,,,99,6.49,15.89,,3.52,19.41,8.4049982943955,3.535,M2.5(H),2.92,-0.59,1.45,0.27,6.02,Simbad,05 35 35.01,-05 27 54.42,1,160,2MASS J05353512-0527548,M2,1,H13,3490,-0.638,0.36,0.07,0.06,3,1,1.3,1.31,0.18,1.37,opt,R09,3,N,,Simbad,83.89633,-5.46524,1.68992385265691,0.290270564897886,0.0791312828659902
110,1308,913,,,98,11.43,16.96,,1.59,18.55,9.1849972943955,3.679,K1-K5e(H),1.28,-1.52,0.26,,,Simbad,05 35 35.05,-05 33 49.02,1,581,V2542 Ori,K3,2,H,4550,-1.563,,,,,,,0.27,0.06,9.56,opt,H02,2,A,b,Simbad,83.89642,-5.56367,1.36911335876945,0.211564128692519,0.0791312828659902
111,1313,914,,,99,9.02,13.18,,2.09,15.27,7.12499829439551,3.555,M1-M2(H)M3(Eetal),0.06,-0.23,1.98,0.28,5.7,Simbad,05 35 35.49,-05 15 43.12,1,146,V425 Ori,M1.5,1,H,3560,-0.34,0.38,0.06,0.08,1.5,0.3,0.7,1.78,0.25,7.71,opt,E93,,,g,Simbad,83.89836,-5.26201,1.74250731220154,0.41903679471549,0.0791312828659902
112,1315,918,,,97,16.48,15.1,,2.41,17.51,,,,,,,,,Simbad,05 35 35.55,-05 39 09.02,2,259,V2547 Ori,M3,1,H13,3360,-1.084,0.26,0.08,0.1,6.8,2.9,5.7,0.85,0.14,0.76,opt,R09,2,,,Simbad,83.89834,-5.65227,1.14558651376494,,0
113,1325,923,,2123,98,11.9,13.16,,2.12,15.28,6.8249982943955,3.562,M1(H),0.37,-0.15,2.11,0.29,5.59,Simbad,05 35 36.36,-05 34 11.02,1,116,V568 Ori,M1,1,H,3630,-0.334,0.43,0.08,0.09,1.7,0.4,0.9,1.72,0.24,1.15,opt,H02,2,,,Simbad,83.90184,-5.56976,1.22373158502546,0.461031658828914,0.0791312828659902
114,1326,3049,,,,5.95,16.49,,,,,,,,,,,,Simbad,05 35 36.41,-05 20 09.04,1,559,2MASS J05353650-0520094,M3.5,1,H13,3260,,,,,,,,,,9.87,MIR,M11,,,c,Simbad,83.90209,-5.33596,1.42989709103272,,0
115,1331,927,,,99,15.28,13.96,,2.29,16.25,8.1649982943955,3.509,M4(H),0,-0.43,1.95,0.18,5.1,Simbad,05 35 36.73,-05 37 46.92,1,309,2MASS J05353679-0537464,M4,1,H,3160,-0.588,0.22,0.08,0.11,1.9,1.7,0.7,1.69,0.35,1.99,opt,R09,,,g,Simbad,83.90329,-5.62958,0.989024175595116,0.313638088340343,0.0791312828659902
116,1332,925,,,93,13.88,13.92,,2.45,16.37,,,,,,,,,Simbad,05 35 37.05,-05 10 29.32,1,248,V1569 Ori,M3,1,Sta,3360,-0.612,0.28,0.06,0.1,2.1,0.4,1.2,1.46,0.24,4.71,opt,S99,,,g,Simbad,83.90484,-5.17487,1.68060196496835,,0
117,1334,930,,,99,6.55,14.08,,2.56,16.64,5.68499779439551,3.623,K5-K7(H),2.87,0.04,2,0.57,5.82,Simbad,05 35 37.47,-05 27 16.12,1,284,V1350 Ori,M3.5,1,H13,3260,-0.656,0.24,0.08,0.12,2.2,1.4,1.2,1.47,0.28,2.88,opt,H00,3,N,,Simbad,83.90658,-5.45458,1.6715935800375,0.67577241430765,0.0791312828659902
118,1335,929,,,99,6.41,15.86,,3.82,19.68,10.9749982943955,3.483,M5.5(H),0.62,-0.88,1.32,0.11,5.25,Simbad,05 35 37.49,-05 19 44.02,1,561,2MASS J05353761-0519441,M5.5,1,H,2840,-1.107,,,,,,,1.16,0.2,0.81,opt,H02,3,,b,Simbad,83.90672,-5.32894,1.8413566393842,0.119259891045578,0.0791312828659902
119,1336,933,,,98,7.33,13.65,,2.48,16.13,8.0449982943955,3.509,M4(H),0,-0.31,2.25,0.17,4.73,Simbad,05 35 37.93,-05 28 21.12,1,305,V1571 Ori,M4,1,H,3160,-0.464,0.23,0.09,0.11,1.3,1.2,0.6,1.95,0.41,5.98,opt,H00,2,,,Simbad,83.90847,-5.47265,1.59139479345938,0.325069475465357,0.0791312828659902
120,1338,934,,,99,7.48,15.76,,2.81,18.57,9.8149982943955,3.526,M3e(H),0.67,-1.06,0.88,0.21,6.44,Simbad,05 35 38.02,-05 28 33.22,1,278,2MASS J05353812-0528336,M3e,1,H,3360,-1.142,0.25,0.08,0.1,7.6,3.2,6.9,0.79,0.13,2.51,opt,R09,2,A,,Simbad,83.90885,-5.476,1.5986989932975,0.165273723656101,0.0791312828659902
121,1340,936,,,99,7.54,14.81,,2.98,17.79,9.01499829439551,3.518,M3.5(H),0.69,-0.64,1.47,0.2,6.02,Simbad,05 35 38.24,-05 28 34.32,1,291,2MASS J05353834-0528346,M3.5,1,H,3260,-0.73,0.24,0.09,0.11,2.5,1.1,1.6,1.35,0.25,9.98,opt,R09,2,,,Simbad,83.90979,-5.47629,1.66826164636388,0.228662074554517,0.0791312828659902
122,1344,938,,2144,99,12.05,12.59,,2.7,15.29,2.8449982943955,3.695,K2(H),4.36,0.99,4.23,1.55,5.5,Simbad,05 35 38.74,-05 12 41.72,1,9,V426 Ori,K2,1,H,4760,0.935,2.26,0.57,0.34,0.9,0.4,0.7,4.31,0.62,5.15,opt,H02,2,N,a,Simbad,83.9119,-5.21166,1.75161510766643,,0
123,1346,941,,,99,6.09,15.53,,3.42,18.95,6.9049992943955,3.571,K8-M0.5(H),3.96,-0.24,1.83,0.35,5.8,Simbad,05 35 38.89,-05 21 01.62,1,84,2MASS J05353901-0521017,K9,2,H,3880,-0.32,0.59,0.15,0.31,2.8,1.3,4.9,1.53,0.26,1.69,opt,R09,3,N,,Simbad,83.91255,-5.35048,1.82522463022699,0.45019122823106,0.0791312828659902
124,1348,942,,,99,6.36,16.36,,3.42,19.78,9.4549982943955,3.526,M3(H),2.24,-0.92,1.03,0.22,6.28,Simbad,05 35 38.96,-05 20 25.62,1,264,2MASS J05353907-0520257,M3,1,H,3360,-1.001,0.26,0.08,0.1,5.3,1.9,4.5,0.93,0.16,4.51,MIR,M11,3,,,Simbad,83.91282,-5.34049,1.75032844438866,0.188432694046775,0.0791312828659902
125,1350,3012,,,,9.55,15.96,,3.86,19.82,,,,,,,,,Simbad,05 35 39.75,-05 15 49.02,1,492,2MASS J05353984-0515493,M5.5,1,H13,2840,-1.122,,,,,,,1.14,0.2,0.76,opt,R09,,,b,Simbad,83.916,-5.26369,1.36998459437812,,0
126,1358,952,,,99,10.58,13.86,,2.66,16.52,,,,,,,,,Simbad,05 35 40.74,-05 32 01.62,1,249,2MASS J05354082-0532018,M3.6,1,D10,3240,-0.564,0.27,0.1,0.09,1.9,1.4,0.6,1.65,0.32,2.57,opt,H02,3,,,Simbad,83.92012,-5.53386,1.35421593861518,,0
127,1360,955,,,98,16.35,14.9,,,,,,,,,,,,Simbad,05 35 41.18,-05 38 30.32,1,514,2MASS J05354123-0538294,M5,1,H13,2880,,,,,,,,,,2.58,opt,R09,2,,c,Simbad,83.9218,-5.64152,1.14961922631647,,0
128,1363,956,,,98,16.41,14.8,,,,,,,,,,,,Simbad,05 35 41.26,-05 38 33.72,1,511,2MASS J05354130-0538329,M4.5,1,H13,3020,,,,,,,,,,0.73,opt,R09,2,,c,Simbad,83.92209,-5.64249,0.97833928725492,,0
129,1366,957,,,99,14.65,14.38,,3.7,18.08,4.89499829439551,3.591,K6-K8(H),5.1,0.48,3.82,0.18,3.85,Simbad,05 35 41.89,-05 10 11.22,1,78,V2573 Ori,K7,2,H,3970,0.449,0.63,0.13,0.26,0.5,0.3,0.2,3.54,0.51,8.21,MIR,M11,2,N,,Simbad,83.92506,-5.16986,1.87879227461967,0.910077056047289,0.0791312828659902
130,1367,3001,,,,12.19,15.74,,3.87,19.61,,,,,,,,,Simbad,05 35 41.95,-05 12 59.64,1,495,2MASS J05354205-0512595,M5.5,1,H13,2840,-1.028,,,,,,,1.27,0.22,3.24,opt,R09,,,b,Simbad,83.92525,-5.21653,1.64845943095854,,0
131,1370,962,,2175,99,7.71,13.26,,1.97,15.2300005,5.79499829439551,3.623,K6(H),1.35,0,1.9,0.58,5.89,Simbad,05 35 42.37,-05 27 32.72,1,55,OQ Ori,K6,1,H,4020,-0.114,0.71,0.1,0.14,2.1,0.7,1.5,1.81,0.23,9.56,opt,H02,,N,g,Simbad,83.92698,-5.45918,1.60472138057299,0.647126980751078,0.0791312828659902
132,1371,966,,,99,12.31,16.12,,3.71,19.830002,9.69500129439551,3.509,M4(H),2.05,-0.79,1.29,0.17,6.06,Simbad,05 35 42.50,-05 33 48.82,1,471,2MASS J05354257-0533489,M5.5,1,H13,2840,-1.28,,,,,,,0.95,0.16,1.63,opt,R09,3,,b,Simbad,83.92742,-5.56358,1.20820566221049,0.170445147176275,0.0791312828659902
133,1372,964,,,99,7.08,14.65,,3.59,18.24,10.1249982943955,3.483,M5.5(H),0.03,-0.54,1.95,0.13,4.62,Simbad,05 35 42.51,-05 26 08.02,1,371,2MASS J05354261-0526083,M5.5,1,H,2840,-0.692,0.13,0.07,0.04,0.3,0.23,1.2,1.86,0.32,0.7,opt,R09,3,,e,Simbad,83.92758,-5.43566,1.66904297964453,0.152262295145699,0.0791312828659902
134,1374,965,,,99,6.95,15.44,,3.32,18.76,9.1149982943955,3.518,M3.5(H),1.56,-0.68,1.4,0.2,6.05,Simbad,05 35 42.56,-05 25 44.82,1,281,2MASS J05354267-0525450,M3.5,1,H13,3260,-0.769,0.24,0.09,0.11,2.7,0.9,1.9,1.29,0.24,2.12,opt,H02,,,g,Simbad,83.9278,-5.42919,1.69317156621315,0.218729741793815,0.0791312828659902
135,1381,972,,2184,99,11.52,13.31,,2.02,15.33,7.13499829439551,3.562,M1(H),0.11,-0.28,1.83,0.33,5.8,Simbad,05 35 43.32,-05 32 43.92,1,117,V570 Ori,M1,1,H,3630,-0.4,0.43,0.08,0.09,2,0.6,1.2,1.59,0.22,8.07,opt,H02,2,N,,Simbad,83.93082,-5.54558,1.1588505148893,0.417809428454418,0.0791312828659902
136,1382,973,,,99,11.12,15.98,,3.35,19.33,11.0649982943955,3.494,M5(H),0.18,-1.11,0.96,0.12,6.19,Simbad,05 35 43.51,-05 32 11.62,1,586,2MASS J05354359-0532118,M5,1,H,2880,-1.271,,,,,,,0.93,0.21,1.86,opt,R09,,,b,Simbad,83.93167,-5.53661,1.36702306109487,0.115662083156283,0.0791312828659902
137,1394,982,,2200,99,8.67,13.51,,2.12,15.63,7.1749982943955,3.562,M1e(H),0.37,-0.29,1.79,0.33,5.82,Simbad,05 35 45.28,-05 28 10.52,1,159,AP Ori,M1.75,1,H13,3525,-0.466,0.36,0.05,0.09,1.9,0.4,1.1,1.57,0.22,6.94,NIR,C01,2,A,,Simbad,83.93908,-5.46966,1.50318439883664,0.41175813335224,0.0791312828659902
138,1403,989,,,99,9.09,13.68,,2.47,16.15,7.4449982943955,3.544,M2(H),0.62,-0.28,1.97,0.25,5.59,Simbad,05 35 46.11,-05 18 08.32,1,139,V2590 Ori,M1.5,1,H13,3560,-0.372,0.38,0.07,0.09,1.6,0.3,0.8,1.72,0.24,9.71,MIR,M11,2,,,Simbad,83.94265,-5.30237,1.89381594459989,0.382184209661687,0.0791312828659902
139,1408,5175,,,,14.38,17.5,,,,,,,,,,,,Simbad,05 35 46.48,-05 35 38.13,1,537,2MASS J05354658-0535386,M5,1,H13,2880,,,,,,,,,,1.15,opt,R09,,,c,Simbad,83.94412,-5.59406,1.69537959329824,,0
140,1409,990,,,99,7.58,14.05,,2.88,16.93,8.8449982943955,3.5,M4.5(H),0,-0.42,2.07,0.16,4.83,Simbad,05 35 46.50,-05 22 24.12,1,339,2MASS J05354661-0522243,M4.5,1,H,3020,-0.576,0.17,0.07,0.08,0.4,0.32,1.8,1.88,0.37,2.16,opt,H02,3,,,Simbad,83.94422,-5.37342,1.6954709993232,0.246082708083956,0.0791312828659902
141,1412,993,,,99,9.53,14.96,,3.22,18.18,10.0949982943955,3.494,M5(H),0,-0.74,1.46,0.14,5.35,Simbad,05 35 47.12,-05 17 43.32,1,412,2MASS J05354723-0517434,M5,1,H,2880,-0.888,0.1,0.04,0.1,0.3,0.2,2.9,1.45,0.33,2.7,opt,R09,,,g,Simbad,83.94679,-5.29539,1.6391374142956,0.153474293974209,0.0791312828659902
142,1413,995,,2207,98,12.69,12.99,,2.11,15.099999,6.9049982943955,3.555,M1.5(H),0.11,-0.14,2.19,0.26,5.3,Simbad,05 35 47.27,-05 13 18.32,1,135,V1124 Ori,M1.5,1,H,3560,-0.264,0.39,0.09,0.08,1.3,0.2,0.5,1.94,0.27,8.18,opt,S99,3,,,Simbad,83.94746,-5.22183,1.8183629027976,0.45019131518874,0.0791312828659902
143,1415,998,,2209,99,7.76,13.25,,2.32,15.57,7.4849982943955,3.535,M2.5(H),0,-0.24,2.15,0.23,5.17,Simbad,05 35 47.36,-05 22 49.32,1,170,V427 Ori,M2,1,H13,3490,-0.331,0.35,0.06,0.08,1.4,0.2,0.5,1.87,0.26,4.91,opt,H02,3,,,Simbad,83.94782,-5.38042,1.75481617059424,0.378363457249045,0.0791312828659902
144,1420,1002,,,99,16.27,14.57,,3.08,17.65,9.5649982943955,3.471,M6e(H),0,-0.41,2.37,0.14,4.38,Simbad,05 35 47.61,-05 37 39.52,1,416,V2598 Ori,M6e,1,H,2800,-0.588,0.1,0.01,0.07,0.08,0.02,0.42,2.16,0.34,3.94,opt,H02,2,A,,Simbad,83.94854,-5.62745,0.91621128384781,0.180029080637381,0.0791312828659902
145,1423,1004,,,99,11.65,13.75,,2.1,15.85,7.4549982943955,3.562,M1(H),0.31,-0.4,1.58,0.36,5.95,Simbad,05 35 48.08,-05 31 55.62,1,120,V1583 Ori,M1,1,H,3630,-0.576,0.42,0.07,0.1,3.2,1.1,2.3,1.3,0.18,6.53,opt,S99,3,N,,Simbad,83.95067,-5.53214,1.20927584005754,0.381226967026487,0.0791312828659902
146,1431,1012,,,99,12.33,16.25,,3.68,19.93,8.51499829439551,3.535,M2.5(H),3.33,-0.63,1.38,0.27,6.07,Simbad,05 35 49.68,-05 32 29.02,1,474,2MASS J05354975-0532291,M5,1,H13,2880,-1.173,,,,,,,1.04,0.23,2.21,opt,R09,3,,b,Simbad,83.95733,-5.54142,1.18602170096146,0.279228026499353,0.0791312828659902
147,1437,1013,,2234,99,8.67,14.56,,2.3,16.86,8.7749982943955,3.526,M3e(H),0,-0.74,1.26,0.23,6.13,Simbad,05 35 50.07,-05 21 16.72,1,257,V364 Ori,M3e,1,H,3360,-0.868,0.27,0.07,0.1,3.8,1.1,2.9,1.09,0.18,2,opt,R09,2,A,,Simbad,83.95911,-5.35472,1.75953151195841,0.253151865397123,0.0791312828659902
148,1442,1018,,,99,13.07,15.34,,3.03,18.37,10.2849982943955,3.483,M5.5(H),0,-0.82,1.41,0.11,5.15,Simbad,05 35 50.86,-05 33 12.75,1,589,2MASS J05355096-0533133,M5.5,1,H,2840,-0.968,,,,,,,1.36,0.23,2.5,opt,R09,,,b,Simbad,83.96233,-5.55369,1.57434517246828,0.146040050749978,0.0791312828659902
149,1444,1019,,,1,10.51,14.92,,2.87,17.79,,,,,,,,,Simbad,05 35 51.66,-05 17 39.32,1,359,2MASS J05355176-0517394,M4.5,1,H13,3020,-0.924,0.14,0.06,0.1,2.4,2.2,1.5,1.26,0.25,1.25,opt,R09,,,g,Simbad,83.96571,-5.29431,1.66054322642726,,0
150,1447,1020,,2253,99,10.4,12.65,,1.4,14.049999,5.9649972943955,3.623,K6(H)K0(Par)K0:(J)K0:(GS),0,-0.08,1.72,0.62,6.04,Simbad,05 35 51.94,-05 28 47.02,1,51,AQ Ori,K6,1,H,4020,-0.12,0.72,0.14,0.15,2.2,0.8,1.6,1.8,0.23,4.91,opt,H02,,N,g,Simbad,83.96675,-5.47978,1.20921978435146,0.603635034981379,0.0791312828659902
151,1456,1025,,,99,11.27,15.93,,4.01,19.94,10.7449982943955,3.483,M5.5 (H),1.11,-0.78,1.46,0.11,5.08,Simbad,05 35 54.04,-05 17 10.22,1,577,V2619 Ori,M5.5,1,H,2840,-1.017,,,,,,,1.28,0.22,4.52,opt,H02,2,,b,Simbad,83.97564,-5.28622,1.70544830491067,0.128192575959035,0.0791312828659902
152,1459,1026,b,,,10.08,,,,,,,,,,,,,Simbad,05 35 54.39,-05 26 45.24,1,599,OW Ori,M0.5e,1,H,3700,,,,,,,,,,4.21,opt,H02,2,,c,Simbad,83.97639,-5.44569,1.13172687077313,,0
153,1461,1030,,2270,99,10.24,13.67,,2.18,15.85,7.7649982943955,3.544,M2(H),0,-0.43,1.66,0.29,5.88,Simbad,05 35 54.54,-05 27 07.42,1,176,OX Ori,M2,1,H,3490,-0.524,0.35,0.05,0.08,2.1,0.5,1.1,1.5,0.21,8.45,MIR,M11,2,N,,Simbad,83.97762,-5.4521,1.33334435629544,0.35186412955499,0.0791312828659902
154,1464,1032,,,99,9.65,16.17,,3.9,20.07,11.1549982943955,3.483,M5.5(H),0.83,-0.95,1.21,0.11,5.39,Simbad,05 35 54.87,-05 22 35.42,1,560,2MASS J05355498-0522355,M5.5,1,H,2840,-1.181,,,,,,,1.06,0.18,0.46,opt,R09,3,,b,Simbad,83.97912,-5.37653,1.77634110337883,0.112146400815487,0.0791312828659902
155,1468,1035,,,98,12.1,14.09,,2.35,16.44,8.35499829439551,3.526,M3(H),0,-0.55,1.57,0.23,5.94,Simbad,05 35 56.30,-05 16 31.62,1,222,2MASS J05355641-0516318,M3,1,H,3360,-0.68,0.29,0.09,0.09,2.5,0.5,1.5,1.35,0.22,0.7,opt,H02,,N,g,Simbad,83.98504,-5.27553,1.66217675684134,0.295452089683061,0.0791312828659902
156,1473,1039,,,99,11.71,15.4,,2.92,18.32,10.2349982943955,3.494,M5(H),0,-0.92,1.19,0.13,5.95,Simbad,05 35 57.56,-05 17 46.42,1,563,2MASS J05355768-0517465,M5,1,H,2880,-1.064,,,,,,,1.18,0.27,1.32,opt,H02,3,,b,Simbad,83.99033,-5.29628,1.79026508366974,0.147957523191441,0.0791312828659902
157,1478,1042,,,99,14.25,15.98,,2.7,18.68,10.5949982943955,3.483,M5.5(H),0,-1.08,1.05,0.1,5.71,Simbad,05 35 58.84,-05 32 53.40,1,580,V2630 Ori,M5.5,1,H,2840,-1.224,,,,,,,1.01,0.17,8.31,MIR,M11,2,,b,Simbad,83.9956,-5.5483,1.62519271402959,0.13396768055446,0.0791312828659902
158,1483,5141,,,,12.74,16.34,,3.97,20.31,8.14499829439551,3.535,M2-M3(H),4.08,-0.49,1.63,0.26,5.9,Simbad,05 35 59.84,-05 30 02.89,1,271,2MASS J05355995-0530033,M3.5,1,H13,3260,-0.724,0.25,0.1,0.1,2.5,0.7,1.5,1.36,0.25,5.43,opt,R09,,,g,Simbad,83.99979,-5.50094,1.70936705238859,0.315822787958754,0.0791312828659902
159,1484,1047,,2296,99,15.52,14.15,,2.84,16.99,8.9049982943955,3.509,M4(H),0,-0.51,1.79,0.18,5.29,Simbad,05 36 00.20,-05 34 23.01,1,336,[H97b] 1047,M4.5,1,H13,3020,-0.616,0.17,0.07,0.09,0.8,0.72,1.5,1.8,0.36,1.43,opt,R09,3,,,Simbad,84.00121,-5.57322,1.46973392706623,0.239932616679935,0.0791312828659902
160,1487,1048,,,99,11.98,14.96,,3.18,18.14,10.0549982943955,3.483,M5.5(H),0,-0.67,1.68,0.12,4.86,Simbad,05 36 01.28,-05 19 10.52,1,406,V1596 Ori,M5.5,1,H,2840,-0.816,0.11,0.04,0.04,0.3,0.15,1.8,1.62,0.28,1.18,opt,H02,,,g,Simbad,84.0058,-5.31963,1.67929876711431,0.155123196110523,0.0791312828659902
161,1490,5028,,,,14.02,15.16,,4.07,19.23,10.7949982943955,3.471,M6(H),0.35,-0.57,1.99,0.12,4.54,Simbad,05 36 02.67,-05 15 26.81,1,571,2MASS J05360276-0515269,M6,1,H,2800,-0.824,,,,,,,1.65,0.26,4.88,opt,H02,3,,b,Simbad,84.0115,-5.25749,1.35311260100659,0.126231885661977,0.0791312828659902
162,1491,1051,,,99,14.99,15.85,,3.91,19.76,8.1849982943955,3.526,M3(H),3.49,-0.41,1.86,0.22,5.52,Simbad,05 36 02.72,-05 32 53.84,1,214,2MASS J05360282-0532543,M3,1,H,3360,-0.492,0.3,0.06,0.1,1.7,0.4,0.7,1.68,0.28,2.25,opt,H02,2,,,Simbad,84.01179,-5.54844,1.72435679485297,0.31184358577972,0.0791312828659902
163,1492,5110,,,,11.75,15.38,,3.1,18.48,10.3949982943955,3.5,M4.5(H),0,-0.95,1.12,0.14,6.11,Simbad,05 36 03.25,-05 24 22.85,1,374,2MASS J05360335-0524232,M4.5,1,H,3020,-1.077,0.13,0.06,0.09,3.4,2.4,1.8,1.06,0.21,1.22,opt,R09,,,g,Simbad,84.014,-5.40644,1.6762719229414,0.141695865947258,0.0791312828659902
164,1493,1052,,,98,11.81,16.5,,3.94,20.44,12.3349982943955,3.471,M6(H),0.02,-1.18,0.98,0.07,5.3,Simbad,05 36 03.39,-05 24 35.92,1,569,2MASS J05360348-0524359,M6,1,H,2800,-1.36,,,,,,,0.89,0.14,3.56,opt,H02,3,,b,Simbad,84.0145,-5.41,1.34636535367109,,0
165,1494,1053,,,99,13.71,15.07,,2.69,17.76,9.67499829439551,3.494,M5(H),0,-0.79,1.39,0.13,5.44,Simbad,05 36 03.75,-05 30 18.31,1,573,V2636 Ori,M5,1,H,2880,-0.932,,,,,,,1.38,0.31,1.05,opt,H02,2,,b,Simbad,84.01609,-5.50522,1.73459189341379,0.171820012306217,0.0791312828659902
166,1497,5068,,,,13.09,15.96,,3.26,19.22,10.7849972943955,3.5,M4.5(H),0.35,-1.1,0.95,0.13,6.24,Simbad,05 36 05.66,-05 18 55.58,1,391,V1767 Ori,M4.5,1,H,3020,-1.209,0.12,0.06,0.09,4.2,2.7,2.8,0.91,0.18,20.78,opt,Re01,3,,d,Simbad,84.024,-5.3155,1.50966564482474,0.126600670773211,0.0791312828659902
167,1506,5087,,,,13.25,13.84,,2.74,16.58,8.4949982943955,3.509,M4(H),0,-0.38,2.06,0.18,4.98,Simbad,05 36 08.58,-05 21 01.90,1,308,V1129 Ori,M4,1,H,3160,-0.54,0.22,0.07,0.13,1.6,1.4,0.6,1.79,0.37,0.81,opt,H02,,,g,Simbad,84.0362,-5.3506,1.63376244167977,0.281365299660019,0.0791312828659902
168,1512,5123,,,,14.01,15.58,,3.99,19.57,7.7849982943955,3.526,M3(H),3.7,-0.25,2.23,0.21,5.01,Simbad,05 36 09.94,-05 27 31.28,1,473,V1600 Ori,M6.5,1,H13,2725,-0.936,,,,,,,1.53,0.22,2.11,opt,R09,3,,b,Simbad,84.04192,-5.45881,1.85572822322635,0.35005016661578,0.0791312828659902
169,1519,5162,,,,17.2,16.02,,4.57,20.59,7.7349982943955,3.518,M3.5(H),4.77,-0.13,2.64,0.16,4.33,Simbad,05 36 12.05,-05 33 29.24,1,220,V1602 Ori,M3,1,H13,3360,-0.148,0.29,0.06,0.13,0.8,0.7,0.4,2.49,0.41,7.29,opt,H02,3,,,Simbad,84.05063,-5.55825,1.57933742064616,0.354634619111169,0.0791312828659902
170,1530,5099,,,,15.01,16.49,,3.4,19.89,11.1049972943955,3.5,M4.5(H),0.7,-1.22,0.82,0.13,6.34,Simbad,05 36 16.38,-05 22 40.93,1,410,2MASS J05361649-0522413,M4.5,1,H13,3020,-1.334,0.1,0.04,0.1,4.5,2,5.3,0.79,0.16,1.65,opt,R09,,,g,Simbad,84.06875,-5.37814,1.83068650045985,0.114161170861368,0.0791312828659902
171,1531,5011,,,,17.89,16.53,,4.12,20.650002,10.4050002943955,3.494,M5-5.5(H),2.16,-0.85,1.3,0.13,5.61,Simbad,05 36 16.85,-05 13 47.83,1,491,2MASS J05361693-0513483,M5.25,1,H13,2860,-1.099,,,,,,,1.15,0.23,0.56,opt,R09,,,b,Simbad,84.07054,-5.23011,1.31686983859444,0.141326319516989,0.0791312828659902
172,1534,5148,,,,17.5,16.14,,3.32,19.46,8.1649982943955,3.555,M1.5(H),3.21,-0.65,1.23,0.37,6.27,Simbad,05 36 19.14,-05 31 07.94,1,494,2MASS J05361925-0531083,M5,2,H13,2880,-1.354,,,,,,,0.85,0.3,1.64,opt,R09,,,b,Simbad,84.08012,-5.51892,1.33693583044024,0.313638088340343,0.0791312828659902
173,1538,5124,,,,16.65,16.12,,3.98,20.1,6.2049992943955,3.591,K8(H),5.81,-0.04,2.1,0.38,5.67,Simbad,05 36 20.89,-05 27 33.79,1,73,2MASS J05362100-0527340,K8,1,H,3940,-0.142,0.64,0.06,0.08,1.9,0.6,0.9,1.83,0.22,6.58,opt,R09,,,g,Simbad,84.08752,-5.45947,1.74058808561064,0.560310671613819,0.0791312828659902
174,1553,5070,,,,17.66,15.26,,3.92,19.18,7.5749982943955,3.526,M3(H),3.52,-0.16,2.46,0.2,4.76,Simbad,05 36 25.07,-05 19 13.04,1,396,2MASS J05362516-0519133,M5.5,1,H13,2840,-0.805,0.11,0.04,0.04,0.3,0.15,1.6,1.64,0.28,1.22,opt,R09,,,g,Simbad,84.10485,-5.32037,1.43397031934562,0.370199274191442,0.0791312828659902
175,1554,5049,,,,18.36,16.27,,3.94,20.210001,7.3249992943955,3.555,M1.5(H),4.8,-0.31,1.81,0.31,5.8,Simbad,05 36 25.31,-05 17 01.83,1,490,V1770 Ori,M5.5,2,H13,2840,-1.196,,,,,,,1.04,0.33,43.34,opt,Re01,,,"b,d",Simbad,84.10549,-5.28389,0.207754148165787,0.393934228059489,0.0791312828659902
176,1563,5146,,,,19.29,13.21,,2.3,15.51,7.4249982943955,3.535,M2.5(H),0,-0.23,2.19,0.23,5.12,Simbad,05 36 27.42,-05 30 55.28,1,180,V951 Ori,M2.5,1,H13,3425,-0.336,0.34,0.09,0.07,1.4,0.3,0.3,1.93,0.29,5.88,opt,S99,2,,,Simbad,84.11473,-5.51543,1.74075393254237,0.384104720124145,0.0791312828659902
177,1571,5079,,2395,,18.6,13.72,,2.24,15.96,7.2049982943955,3.562,M1(H),0.67,-0.3,1.77,0.33,5.83,Simbad,05 36 29.64,-05 20 06.46,1,101,V1612 Ori,M0.5,1,H13,3700,-0.441,0.47,0.09,0.09,2.6,0.9,1.7,1.47,0.2,5.06,opt,S99,3,N,,Simbad,84.12393,-5.33523,1.58461680503596,0.407537569886713,0.0791312828659902
178,3,3126,,1382,,16.8,13.17,,1.68,14.85,6.52499929439551,3.602,K7(H),0.24,-0.21,1.63,0.51,6.02,Simbad,05 34 12.81,-05 28 47.81,1,58,Parenago 1382,K7,1,H,3970,-0.328,0.69,0.06,0.07,3.9,1.3,2.2,1.45,0.17,8.46,opt,H02,,N,g,Simbad,83.55371,-5.48006,1.26728356659554,0.504239903592731,0.0791312828659902
179,4,3153,,,,18.98,16.49,,2.74,19.23,10.6549982943955,3.526,M3(H),0.49,-1.39,0.6,0.19,6.83,Simbad,05 34 12.97,-05 33 48.05,1,310,V1934 Ori,M3,1,H,3360,-1.478,0.22,0.08,0.11,17,8.9,23,0.54,0.09,7.87,opt,R09,,,g,Simbad,83.55441,-5.56346,1.38079194166554,0.131797115347882,0.0791312828659902
180,8,3007,,,,17.88,14.81,,2.61,17.42,8.7449982943955,3.535,M2.5(H),0.59,-0.72,1.24,0.26,6.16,Simbad,05 34 14.80,-05 14 17.70,1,296,2MASS J05341487-0514183,M3.5,1,H13,3260,-0.948,0.23,0.08,0.1,3.9,1.5,3.4,1.05,0.2,1.69,opt,H02,2,,,Simbad,83.562,-5.23844,1.37689972607296,0.255939134756399,0.0791312828659902
181,14,3127,,,,15.87,14.54,,4.21,18.75,7.88499829439551,3.5,M4.5(H),2.78,0.07,3.6,0.14,3.45,Simbad,05 34 17.15,-05 29 03.98,1,345,2MASS J05341723-0529043,M5,1,H13,2880,-0.158,0.16,0.04,0.08,0.05,0.04,0.15,3.35,0.76,3.11,opt,R09,,,g,Simbad,83.5718,-5.48453,1.26754248305202,0.340352279763466,0.0791312828659902
182,15,3074,,,,14.83,16.47,,2.53,19,,,early-M::(H),,,,,,Simbad,05 34 17.19,-05 22 36.22,1,122,2MASS J05341726-0522368,M0.5,1,H13,3700,-1.36,0.41,0.08,0.08,44,19.5,15,0.51,0.07,11.9,opt,R09,,,a,Simbad,83.57196,-5.37689,1.33518577246138,,0
183,16,3076,,,,14.81,16.09,,3.65,19.74,8.39499829439551,3.535,M2.5(H),3.26,-0.58,1.45,0.27,6.02,Simbad,05 34 17.23,-05 22 47.60,1,472,2MASS J05341730-0522480,M7.5,1,H13,2610,-0.98,,,,,,,1.58,0.23,2.03,opt,R09,3,,b,Simbad,83.57211,-5.38002,1.2347286022413,0.291560672214511,0.0791312828659902
184,17,3135,,,,16.43,14.22,,2.48,16.7,,,,,,,,,Simbad,05 34 17.35,-05 30 34.80,1,219,2MASS J05341743-0530352,M3,1,H13,3360,-0.732,0.29,0.08,0.09,2.8,0.6,1.9,1.27,0.21,0.42,opt,R09,3,,,Simbad,83.57262,-5.50981,1.28471790621492,,0
185,19,3151,,1417,,17.81,12.87,,1.94,14.809999,6.7249972943955,3.562,M1(H),0,-0.13,2.17,0.28,5.49,Simbad,05 34 17.92,-05 33 32.98,1,114,V1427 Ori,M1,1,H,3630,-0.224,0.43,0.08,0.09,1.3,0.3,0.6,1.95,0.27,3.24,opt,Re01,3,N,,Simbad,83.57503,-5.55925,1.34059993372868,0.475274041084136,0.0791312828659902
186,23,3158,,1418,,17.97,13.03,,1.88,14.91,6.6049982943955,3.58,M0(H),0.22,-0.15,1.94,0.36,5.75,Simbad,05 34 18.44,-05 33 59.93,2,75,V1671 Ori,K8,1,H13,3940,-0.217,0.63,0.04,0.08,2.3,0.7,1.4,1.68,0.2,6.29,opt,Re01,3,N,,Simbad,83.57721,-5.56672,1.37480101919746,0.492492770832779,0.0791312828659902
187,24,3149,,,,17.38,16.21,,4.51,20.72,8.0249972943955,3.518,M3.5(H),4.61,-0.25,2.32,0.19,4.79,Simbad,05 34 19.00,-05 33 11.11,1,274,2MASS J05341908-0533113,M3.5,1,H,3260,-0.335,0.25,0.04,0.12,1.1,0.9,0.4,2.13,0.4,0.76,opt,R09,,,"e,g",Simbad,83.57954,-5.55317,1.37135886678642,0.327305593140024,0.0791312828659902
188,27,3148,,,,16.71,14.96,,2.94,17.9,9.8149982943955,3.494,M5(H),0,-0.74,1.46,0.14,5.35,Simbad,05 34 20.64,-05 32 34.77,1,415,2MASS J05342073-0532351,M5,1,H,2880,-0.888,0.1,0.03,0.1,0.3,0.15,2.9,1.45,0.33,1.16,opt,H02,2,N,,Simbad,83.58637,-5.54309,1.3722193556915,0.165273723656101,0.0791312828659902
189,30,3081,,,,13.92,14.75,,2.52,17.27,9.1849982943955,3.526,M3(H),0,-0.82,1.16,0.22,6.19,Simbad,05 34 20.72,-05 23 28.71,1,327,V1674 Ori,M4,1,H13,3160,-0.904,0.19,0.09,0.13,3,2.6,2.5,1.18,0.25,2.54,opt,R09,,,g,Simbad,83.58667,-5.39144,1.29639958655172,0.211564092939379,0.0791312828659902
190,31,3088,,,,13.95,14.86,,2.7,17.56,9.4749982943955,3.518,M3.5(H),0,-0.83,1.18,0.19,6.16,Simbad,05 34 20.92,-05 24 48.06,1,311,2MASS J05342099-0524485,M3.5,1,H,3260,-0.924,0.22,0.08,0.11,3.5,1.2,3.2,1.08,0.2,2.53,opt,H02,3,,,Simbad,83.58746,-5.41348,1.15075408045965,0.186956710375184,0.0791312828659902
191,34,3068,,,,13.56,15.49,,2.71,18.2,10.1149982943955,3.448,M7(H),0,-0.56,2.23,0.07,3.28,Simbad,05 34 22.32,-05 22 26.54,1,478,2MASS J05342239-0522269,M5.5,1,H13,2840,-1.028,,,,,,,1.27,0.22,4.46,opt,R09,3,,b,Simbad,83.59331,-5.37416,1.19357740525472,0.152662858881225,0.0791312828659902
192,36,3020,,,,15.25,13.48,,3.08,16.56,5.3849972943955,3.571,M0.5(H),3.09,0.37,3.69,0.23,4.07,Simbad,05 34 23.80,-05 15 39.78,1,123,V1676 Ori,M0.5,1,H,3700,0.179,0.41,0.04,0.18,0.6,0.4,0.2,2.99,0.41,21.45,opt,Re01,,,"d,g",Simbad,83.59937,-5.26111,0.760246595566486,0.756741808669455,0.0791312828659902
193,37,3123,,,,14.12,16.09,,3.33,19.42,8.89499829439551,3.535,M2.5(H),2.44,-0.79,1.15,0.26,6.23,Simbad,05 34 23.89,-05 28 34.37,1,482,2MASS J05342396-0528347,M6,1,H13,2800,-1.196,,,,,,,1.07,0.17,2.3,opt,R09,2,A,b,Simbad,83.59987,-5.47633,1.24864871533591,0.241038129025332,0.0791312828659902
194,45,3051,,,,12.96,16.74,,3.39,20.13,10.8149982943955,3.509,M4(H),1.23,-1.24,0.77,0.15,6.44,Simbad,05 34 26.71,-05 19 40.99,1,348,2MASS J05342678-0519414,M4,1,H,3160,-1.319,0.16,0.08,0.11,6.5,2.5,9.5,0.73,0.15,0.73,opt,R09,2,,,Simbad,83.61158,-5.32819,1.14550834334894,0.125542022071141,0.0791312828659902
195,48,3145,,1471,,15.35,13.15,,2.75,15.9,7.2949972943955,3.526,M3(H),0.52,-0.05,2.8,0.18,4.43,Simbad,05 34 26.98,-05 32 28.75,1,229,V1116 Ori,M3,1,H,3360,-0.136,0.29,0.07,0.12,0.7,0.6,0.5,2.53,0.42,1.66,opt,H02,3,,,Simbad,83.61275,-5.54142,1.24804504907028,0.396865338468905,0.0791312828659902
196,49,3029,,,,13.98,15.44,,3.11,18.55,10.4649982943955,3.494,M5(H),0,-0.94,1.17,0.13,6,Simbad,05 34 27.05,-05 16 48.26,1,328,2MASS J05342712-0516487,M4,1,H13,3160,-0.974,0.19,0.08,0.11,3.5,2.4,3.1,1.09,0.23,0.56,opt,R09,2,N,,Simbad,83.613,-5.28022,1.17311007864512,0.139107474976043,0.0791312828659902
197,51,3120,,,,13.26,13.94,,3.06,17,,,,,,,,,Simbad,05 34 27.46,-05 28 28.15,1,329,2MASS J05342753-0528284,M4.5,1,H13,3020,-0.526,0.19,0.09,0.07,0.5,0.42,1.5,1.99,0.39,1.57,opt,H02,3,,,Simbad,83.61473,-5.47457,1.16275837892283,,0
198,52,3142,,1470,,14.89,10.78,,1.55,12.33,2.2749982943955,3.736,G8(H)K2(S),1.97,1.14,4.2,2.92,6.03,Simbad,05 34 27.61,-05 31 55.00,1,3,V1963 Ori,G8,1,H,5210,1.004,2.53,0.28,0.22,2.2,0.6,0.9,3.9,0.47,3.37,MIR,M11,3,N,a,Simbad,83.61542,-5.53203,1.39020452872611,,0
199,53,3110,,,,12.55,14.18,,2.27,16.45,6.2449992943955,3.623,K6e(H),2.12,-0.18,1.55,0.67,6.23,Simbad,05 34 27.85,-05 26 34.21,1,45,2MASS J05342792-0526346,K6e,1,H13,4020,-0.295,0.76,0.15,0.13,4.3,1.9,3,1.47,0.19,0.84,opt,H02,2,A,,Simbad,83.61637,-5.44296,1.25835995174486,0.553244744775592,0.0791312828659902
200,54,1,,,,12.51,15.6,,3.62,19.220001,11.0249982943955,3.483,M5.5(H),0.11,-0.9,1.29,0.11,5.29,Simbad,05 34 28.13,-05 26 39.22,1,584,2MASS J05342821-0526397,M5.5,1,H,2840,-1.072,,,,,,,1.2,0.21,0.71,opt,R09,,N,b,Simbad,83.61754,-5.44436,1.28038223959293,0.117196993753349,0.0791312828659902
201,57,3082,,,,11.89,15.96,,,,,,,,,,,,Simbad,05 34 28.89,-05 23 47.71,1,506,2MASS J05342896-0523481,M5,1,H13,2880,,,,,,,,,,2.99,opt,R09,3,,c,Simbad,83.6207,-5.39671,1.24728004489981,,0
202,63,8,,,99,11.76,15.73,,,,,3.483,M5.5(H),0,-0.98,1.18,0.1,5.43,Simbad,05 34 29.38,-05 23 37.22,1,595,2MASS J05342945-0523374,M5.5,1,H,2840,,,,,,,,,,1.79,opt,R09,3,,c,Simbad,83.62272,-5.39374,1.1142098650076,,0
203,66,11,,,99,11.78,15.22,,3.58,18.8,10.7149982943955,3.465,M6-M6.5(H),0,-0.62,1.92,0.11,4.49,Simbad,05 34 29.92,-05 25 17.12,1,574,2MASS J05342999-0525173,M6.25,1,H,2762.5,-0.82,,,,,,,1.7,0.26,1.74,opt,R09,2,,b,Simbad,83.62497,-5.42149,1.11416123252804,0.129468309796722,0.0791312828659902
204,67,10,,1481,,16.36,13.69,,2.55,16.24,5.14499829439551,3.633,K5-K6e(H),3.01,0.23,2.36,0.59,5.66,Simbad,05 34 30.17,-05 11 48.01,1,44,IS Ori,K5.5,1,H,4080,0.113,0.78,0.17,0.18,1.3,0.5,0.8,2.28,0.31,8.66,opt,H02,2,,,Simbad,83.62603,-5.19672,1.16751313781743,0.827741200741799,0.0791312828659902
205,70,3063,,,,11.59,16.25,,3.24,19.49,11.1149972943955,3.5,M4.5(H),0.29,-1.23,0.81,0.13,6.35,Simbad,05 34 30.41,-05 21 55.50,1,480,2MASS J05343048-0521560,M5.5,2,H13,2840,-1.332,,,,,,,0.89,0.28,0.72,opt,R09,2,,b,Simbad,83.627,-5.36557,1.18218605673624,0.113663806435098,0.0791312828659902
206,72,15,,,99,11.43,14.07,,2.66,16.73,6.89499829439551,3.562,M1(H),1.75,-0.18,2.04,0.3,5.7,Simbad,05 34 31.08,-05 21 55.72,1,126,V1435 Ori,M1,1,H,3630,-0.361,0.41,0.06,0.1,1.7,0.4,1.3,1.67,0.23,0.9,opt,R09,2,N,,Simbad,83.62975,-5.36553,0.915566179854469,0.451452064115539,0.0791312828659902
207,73,17,,,99,12.58,13.54,,3,16.54,8.2249992943955,3.509,M4(H),0.23,-0.2,2.53,0.16,4.39,Simbad,05 34 31.20,-05 28 54.52,1,286,2MASS J05343128-0528548,M4,1,H,3160,-0.283,0.24,0.09,0.12,0.5,0.43,0.9,2.41,0.5,3.14,opt,H02,,,g,Simbad,83.63037,-5.48189,1.35598241766666,0.307949967427102,0.0791312828659902
208,76,18,,,99,12.3,14.42,,2.66,17.08,7.89499829439551,3.544,M2(H),1.1,-0.46,1.6,0.29,5.91,Simbad,05 34 31.60,-05 28 26.52,1,174,V1975 Ori,M2,1,H,3490,-0.587,0.35,0.07,0.07,2.5,0.7,1.2,1.39,0.19,5.29,opt,R09,2,,,Simbad,83.632,-5.47414,1.2547316652098,0.339445010943929,0.0791312828659902
209,78,20,,,99,11.6,13.79,,2.67,16.46,8.37499829439551,3.518,M3.5(H),0,-0.4,1.93,0.2,5.28,Simbad,05 34 31.83,-05 26 36.52,1,79,2MASS J05343190-0526368,K8,1,H13,3940,-0.028,0.62,0.05,0.08,1.3,0.3,0.7,2.08,0.25,0.67,opt,H02,3,,,Simbad,83.63292,-5.44356,1.09786621739852,0.293290547369889,0.0791312828659902
210,79,3115,,,,11.93,15.74,,3.68,19.42,8.4349982943955,3.526,M3(H),2.9,-0.5,1.66,0.23,5.87,Simbad,05 34 31.94,-05 27 42.25,1,262,V1978 Ori,M3.5,1,H13,3260,-0.665,0.26,0.1,0.09,2.3,1.4,1.2,1.46,0.27,0.85,opt,H02,2,,,Simbad,83.63342,-5.46184,1.26313576862328,0.287265560148638,0.0791312828659902
211,83,25,,,99,10.8,15.22,,2.54,17.76,9.67499829439551,3.5,M4.5(H),0,-0.88,1.21,0.14,6.05,Simbad,05 34 33.51,-05 22 08.62,1,368,2MASS J05343357-0522087,M4.5,1,H13,3020,-1.044,0.13,0.06,0.09,3.1,2.8,1.9,1.1,0.22,2.28,opt,H02,2,,,Simbad,83.63987,-5.36911,0.895594127869757,0.171820012306217,0.0791312828659902
212,91,32,,,99,12.09,14.66,,2.83,17.49,9.4049982943955,3.509,M4(H),0,-0.71,1.41,0.17,5.99,Simbad,05 34 35.61,-05 29 51.72,1,316,2MASS J05343569-0529520,M4,1,H13,3160,-0.837,0.21,0.09,0.11,2.8,2.3,1.7,1.27,0.27,4.78,opt,R09,3,N,,Simbad,83.64871,-5.49778,1.2345160596734,0.192230432207356,0.0791312828659902
213,94,35,,1524,33,16.33,12.9,,2.44,15.34,,,,,,,,,Simbad,05 34 36.42,-05 36 17.42,1,206,V759 Ori,M3,1,H13,3360,-0.204,0.3,0.06,0.11,1.1,0.9,0.2,2.34,0.39,5.99,opt,H02,,,g,Simbad,83.65225,-5.60478,1.80389536939027,,0
214,95,36,,,99,12.54,14.29,,3.08,17.369999,7.9249962943955,3.526,M3e(H),1.36,-0.3,2.1,0.21,5.15,Simbad,05 34 37.01,-05 31 08.52,1,250,V1992 Ori,M3.5e,1,H13,3260,-0.459,0.27,0.1,0.08,1.5,1.3,0.5,1.85,0.35,2.72,opt,H02,2,A,,Simbad,83.65458,-5.51917,1.41977040712637,0.33677939650142,0.0791312828659902
215,97,38,,,99,10.15,15.63,,3.73,19.36,10.1149982943955,3.494,M5(H),1.16,-0.73,1.48,0.14,5.32,Simbad,05 34 37.58,-05 26 21.22,1,392,2MASS J05343766-0526215,M5,1,H,2880,-0.894,0.12,0.06,0.09,1.1,0.9,2.1,1.44,0.32,0.85,opt,R09,,,g,Simbad,83.65696,-5.43933,1.39915632254739,0.152662858881225,0.0791312828659902
216,98,39,,,99,10.51,14.29,,2.4,16.69,8.60499829439551,3.526,M3(H),0,-0.63,1.43,0.23,6.03,Simbad,05 34 38.02,-05 27 40.12,1,226,V1438 Ori,M3,1,H,3360,-0.76,0.29,0.09,0.08,3.1,0.8,2.1,1.23,0.2,5.52,opt,R09,,,g,Simbad,83.65876,-5.46126,1.29881278897391,0.270093744523328,0.0791312828659902
217,99,41,,,96,15.72,15.42,,3.02,18.44,,,,,,,,,Simbad,05 34 38.07,-05 35 49.82,1,493,2MASS J05343819-0535495,M5,1,H13,2880,-1.072,,,,,,,1.17,0.26,1.46,opt,R09,,,b,Simbad,83.65912,-5.59711,1.78759393819302,,0
218,100,40,,,99,9.62,14.48,,2.89,17.369999,8.8249982943955,3.518,M3.5(H),0.46,-0.57,1.6,0.21,5.91,Simbad,05 34 38.15,-05 24 23.42,1,290,V1997 Ori,M3.5,1,H,3260,-0.654,0.24,0.07,0.11,2.2,0.8,1.2,1.48,0.28,9.81,opt,H02,3,,,Simbad,83.65926,-5.40658,1.11388939119994,0.248059280026711,0.0791312828659902
219,104,43,,,99,10.95,15.8,,3.73,19.53,11.0549992943955,3.483,M5.5(H),0.39,-0.91,1.27,0.11,5.31,Simbad,05 34 39.70,-05 17 24.22,1,588,2MASS J05343976-0517243,M5.5,1,H,2840,-1.14,,,,,,,1.11,0.19,1.99,opt,R09,,N,b,Simbad,83.66571,-5.29008,1.05369863488601,0.116016523729215,0.0791312828659902
220,106,47,,1542,98,11.36,13.8,,,,,,,,,,,,Simbad,05 34 39.78,-05 30 06.22,1,523,IW Ori,M1.5,1,H13,3560,,,,,,,,,,8.26,opt,R09,2,,c,Simbad,83.6661,-5.50186,1.34148506223589,,0
221,112,52,,,99,10.11,14.58,,3.64,18.22,9.20499729439551,3.494,M5(H),0.93,-0.37,2.25,0.15,4.53,Simbad,05 34 40.75,-05 28 09.12,1,352,2MASS J05344083-0528095,M5,1,H,2880,-0.53,0.15,0.07,0.08,0.2,0.18,1.7,2.19,0.49,0.64,opt,R09,2,,e,Simbad,83.67014,-5.46931,1.30959794935176,0.209486952661519,0.0791312828659902
222,121,3060,,,,8.83,16.27,,2.33,18.6,,,,,,,,,Simbad,05 34 41.87,-05 21 31.71,1,420,2MASS J05344196-0521321,M4.7,1,D10,2964,-1.444,,,,,,,0.72,0.15,1.17,opt,R09,,,b,Simbad,83.67484,-5.35892,1.42583774873116,,0
223,124,3073,,,,8.52,16.6,,,,,,,,,,,,Simbad,05 34 42.40,-05 22 45.83,1,543,2MASS J05344248-0522462,M5,1,H13,2880,,,,,,,,,,2.68,opt,R09,,,c,Simbad,83.67702,-5.37953,1.35360518299584,,0
224,125,61,,,46,9.94,13.52,,2.86,16.380001,,,,,,,,,Simbad,05 34 42.65,-05 28 37.12,1,298,V2012 Ori,M4,1,H13,3160,-0.362,0.23,0.09,0.13,0.9,0.81,0.6,2.2,0.46,6.15,MIR,M11,2,,,Simbad,83.67807,-5.4771,1.36870761026034,,0
225,128,65,,,99,10.67,13.82,,2.25,16.07,6.8149982943955,3.58,M0(H),1.17,-0.24,1.75,0.39,5.85,Simbad,05 34 43.32,-05 30 06.52,1,88,V1313 Ori,M0,1,H,3770,-0.433,0.52,0.1,0.13,3.1,1.2,2.3,1.43,0.19,7.4,opt,P09,3,,,Simbad,83.68086,-5.50195,1.38353743744639,0.462926466111838,0.0791312828659902
226,129,3008,,,,11.98,16.56,,,,,,,,,,,,Simbad,05 34 43.38,-05 14 42.12,1,540,2MASS J05344346-0514426,M5.5,1,H13,2840,,,,,,,,,,2.01,opt,R09,,,c,Simbad,83.68109,-5.24518,1.32832215923078,,0
227,132,68,,,84,14.71,16.83,,,,,,,,,,,,Simbad,05 34 43.74,-05 35 36.72,1,498,2MASS J05344384-0535366,M4.5,1,H13,3020,,,,,,,,,,0.71,opt,R09,3,,c,Simbad,83.68271,-5.59353,1.64815849288111,,0
228,136,70,,,99,8.47,15.27,,3.89,19.16,9.5049982943955,3.494,M5(H),1.57,-0.49,1.96,0.14,4.82,Simbad,05 34 44.33,-05 26 05.72,1,364,2MASS J05344441-0526061,M5,1,H,2880,-0.65,0.14,0.06,0.1,0.3,0.23,2,1.9,0.43,1.5,opt,H02,3,,,Simbad,83.68505,-5.43504,1.29580228301115,0.184617472309059,0.0791312828659902
229,137,71,,,99,8.1,15.61,,2.99,18.6,10.3049992943955,3.509,M4(H),0.21,-1.04,0.97,0.16,6.26,Simbad,05 34 44.41,-05 24 38.12,1,333,2MASS J05344449-0524384,M4,1,H,3160,-1.117,0.18,0.09,0.11,4.5,2.2,4.7,0.92,0.19,14.4,opt,P09,2,,,Simbad,83.68538,-5.41068,1.25615194529365,0.145271969161629,0.0791312828659902
230,138,73,,,99,13.02,14.04,,1.85,15.89,7.80499829439551,3.562,M1e(H),0,-0.59,1.27,0.41,6.28,Simbad,05 34 44.65,-05 33 41.92,1,130,V1118 Ori,M1e,1,H,3630,-0.692,0.41,0.07,0.11,4.4,1.6,3.4,1.14,0.16,2.23,opt,P09,2,A,,Simbad,83.68644,-5.56172,1.45293658662716,0.348215432182755,0.0791312828659902
231,139,75,,1587,99,8.01,11.11,,1.61,12.719999,3.0649982943955,3.695,K2(WSH)K2(Sam),1.57,0.89,3.82,1.5,5.59,Simbad,05 34 45.10,-05 25 03.62,1,14,V1444 Ori,K3,1,StE,4550,0.79,1.63,0.51,0.49,0.7,0.3,0.6,4,0.6,3.45,opt,H00,3,,,Simbad,83.68828,-5.4178,1.38101866336782,,0
232,142,76,,,99,9.77,13.56,,2.97,16.53,8.28499829439551,3.509,M4(H),0.16,-0.23,2.45,0.16,4.48,Simbad,05 34 45.48,-05 29 20.52,1,282,V1445 Ori,M4,1,H13,3160,-0.309,0.24,0.09,0.09,0.8,0.72,0.6,2.33,0.49,6.33,opt,H02,,N,g,Simbad,83.68985,-5.48915,1.3226765573038,0.302364884051743,0.0791312828659902
233,143,77,,1595,99,7.8,13.61,,2.16,15.7699995,6.7449982943955,3.58,M0(H),0.94,-0.21,1.81,0.38,5.81,Simbad,05 34 45.83,-05 24 55.42,1,96,V1446 Ori,M0,1,H13,3770,-0.405,0.5,0.09,0.14,2.6,0.9,2,1.47,0.2,1.5,opt,H02,3,N,,Simbad,83.69129,-5.41551,1.25936249217934,0.472727877404111,0.0791312828659902
234,144,79,,,98,16.07,15.54,,3.18,18.72,10.4949982943955,3.5,M4.5(H),0.14,-0.98,1.08,0.14,6.13,Simbad,05 34 45.98,-05 37 31.72,1,367,2MASS J05344609-0537312,M4.5,1,H13,3020,-1.091,0.13,0.06,0.08,3.5,3.2,1.8,1.04,0.21,1.86,opt,R09,3,,,Simbad,83.69204,-5.62533,1.7204040589012,0.137811242030395,0.0791312828659902
235,148,83,,,99,7.48,14.72,,3.12,17.84,7.47499829439551,3.544,M2e(H),2.28,-0.29,1.95,0.26,5.64,Simbad,05 34 46.49,-05 23 25.32,1,167,V1449 Ori,M2e,1,H,3490,-0.42,0.36,0.06,0.08,1.7,0.3,0.6,1.69,0.23,7.4,opt,S99,2,A,,Simbad,83.69404,-5.39045,1.22599131921791,0.379316866994325,0.0791312828659902
236,150,84,,,99,7.7,15.68,,3.33,19.01,8.9149982943955,3.526,M3(H),2.01,-0.7,1.32,0.23,6.09,Simbad,05 34 46.62,-05 21 24.52,1,475,2MASS J05344669-0521247,M5,1,H13,2880,-1.164,,,,,,,1.05,0.24,2.43,opt,R09,3,,b,Simbad,83.69458,-5.35686,1.19583404183183,0.238778431059471,0.0791312828659902
237,154,87,,,99,10.21,15.78,,3.55,19.33,9.0949982943955,3.518,M3.5(H),2.15,-0.67,1.41,0.2,6.04,Simbad,05 34 46.88,-05 16 19.62,1,275,2MASS J05344694-0516196,M3.5,1,H,3260,-0.762,0.25,0.1,0.1,2.7,0.9,1.8,1.31,0.24,3.1,opt,R09,,,g,Simbad,83.69562,-5.27211,1.02791438074876,0.220585583523607,0.0791312828659902
238,157,3038,,,,8.99,16.34,,2.81,19.15,11.0649982943955,3.494,M5(H),0,-1.3,0.77,0.11,6.36,Simbad,05 34 47.12,-05 18 09.64,1,479,2MASS J05344720-0518099,M4.5,1,H13,3020,-1.492,,,,,,,0.66,0.13,6.54,opt,R09,3,,b,Simbad,83.69671,-5.30278,1.39944817421544,0.115662083156283,0.0791312828659902
239,159,91,,1604,99,10.29,13.49,,2.44,15.93,7.8449982943955,3.509,M4(H),0,-0.24,2.43,0.16,4.51,Simbad,05 34 47.80,-05 30 46.12,1,299,V2033 Ori,M4,1,H,3160,-0.4,0.23,0.1,0.12,1.1,1.01,0.6,2.1,0.44,16.67,opt,P09,2,N,d,Simbad,83.69956,-5.51294,1.48386207697078,0.344473766162452,0.0791312828659902
240,163,3130,,,,9.8,16.71,,3.48,20.189999,11.1949972943955,3.5,M4.5(H),0.91,-1.26,0.78,0.13,6.37,Simbad,05 34 48.14,-05 30 09.78,1,414,V2037 Ori,M4.5,1,H,3020,-1.372,0.1,0.03,0.09,4.8,1.8,5.7,0.75,0.15,3.46,opt,H02,2,,,Simbad,83.70098,-5.50284,1.48915021099261,0.110648034036984,0.0791312828659902
241,164,94,,,99,11.59,15.16,,4.05,19.21,6.8449962943955,3.535,M2.5(H),4.28,0.04,2.97,0.19,4.34,Simbad,05 34 48.19,-05 32 34.62,1,197,2MASS J05344828-0532351,M2.5,1,H,3425,-0.074,0.31,0.05,0.11,0.7,0.6,0.4,2.6,0.39,4.75,opt,H02,,,g,Simbad,83.70119,-5.54309,1.51366631993114,0.458469167355036,0.0791312828659902
242,166,96,,,99,10.44,16.07,,,,,,,,,,,,Simbad,05 34 48.37,-05 31 06.82,1,441,2MASS J05344845-0531072,M3.7,1,D10,3220,,,,,,,,,,15.78,opt,P09,,,"c,d",Simbad,83.7019,-5.51869,1.36528586932493,,0
243,167,98,,,99,8.13,14.62,,3.2,17.82,8.9849982943955,3.509,M4(H),0.75,-0.51,1.78,0.18,5.3,Simbad,05 34 48.69,-05 19 07.22,1,312,2MASS J05344877-0519073,M4,1,H,3160,-0.59,0.22,0.08,0.12,1.9,1.7,0.6,1.69,0.35,2.3,opt,R09,3,,,Simbad,83.70321,-5.31871,1.2084845251603,0.231939685635154,0.0791312828659902
244,168,97,,,99,8.91,14.99,,3.66,18.65,8.12499829439551,3.518,M3.5(H),2.44,-0.29,2.2,0.2,4.97,Simbad,05 34 48.71,-05 17 46.32,1,254,2MASS J05344878-0517464,M3.5,1,H,3260,-0.377,0.27,0.07,0.1,1.3,1.1,0.4,2.03,0.38,5.56,opt,R09,3,,,Simbad,83.70327,-5.29623,1.12241796341559,0.317522651024874,0.0791312828659902
245,169,100,,,99,12.3,15.21,,3.24,18.45,8.15500029439551,3.535,M2.5(H),2.21,-0.49,1.62,0.26,5.9,Simbad,05 34 48.72,-05 33 32.72,1,198,2MASS J05344881-0533330,M2.5,1,H,3425,-0.599,0.31,0.06,0.1,2.2,0.5,1.3,1.42,0.21,2.09,opt,H02,2,N,,Simbad,83.70342,-5.55918,1.54021879687291,0.314921047959045,0.0791312828659902
246,172,103,,,99,10.67,16.25,,3.28,19.53,9.1349992943955,3.535,M2.5(H),2.31,-0.88,1.03,0.26,6.33,Simbad,05 34 48.84,-05 31 31.12,1,223,2MASS J05344892-0531315,M2.5,1,H,3425,-0.99,0.29,0.07,0.08,6,2.1,4.5,0.91,0.14,0.77,opt,R09,,,g,Simbad,83.70387,-5.52543,1.39318304895231,0.216566200596452,0.0791312828659902
247,173,102,,,99,8.45,14.83,,3.15,17.98,8.76499829439551,3.518,M3.5(H),1.13,-0.54,1.64,0.21,5.88,Simbad,05 34 48.87,-05 28 16.52,1,256,V2042 Ori,M3.5,1,H,3260,-0.632,0.27,0.1,0.08,2.2,1.2,1,1.52,0.28,5.28,opt,P09,2,,,Simbad,83.704,-5.47136,1.39545958955505,0.253939494285956,0.0791312828659902
248,174,104,,,99,7.51,15.19,,2.6,17.789999,9.5749982943955,3.526,M3e(H),0.13,-0.96,0.98,0.21,6.33,Simbad,05 34 48.99,-05 26 26.22,1,270,V2044 Ori,M3e,1,H,3360,-1.045,0.26,0.08,0.1,6,2.4,5.5,0.89,0.15,1.78,opt,H02,2,A,,Simbad,83.70449,-5.44073,1.37023286136898,0.179442297283513,0.0791312828659902
249,175,105,,,99,8.35,15.89,,,,,3.471,M6(H),0,-0.94,1.29,0.09,4.97,Simbad,05 34 48.99,-05 28 08.42,1,606,2MASS J05344907-0528089,M6,1,H,2800,,,,,,,,,,0.72,opt,R09,,,c,Simbad,83.70446,-5.46915,1.30829060872347,,0
250,176,106,,,99,8.13,13.43,,2.42,15.85,7.7649982943955,3.526,M3(H),0,-0.29,2.12,0.21,5.13,Simbad,05 34 49.22,-05 18 55.32,1,200,2MASS J05344929-0518555,M3,1,H,3360,-0.416,0.31,0.09,0.09,1.5,0.7,0.5,1.83,0.3,1.7,opt,H02,3,N,,Simbad,83.7054,-5.31542,1.15122155553618,0.35186412955499,0.0791312828659902
251,177,107,,,99,8.8,14.2,,2.72,16.92,7.1649982943955,3.555,M1.5e(H),1.67,-0.25,1.95,0.29,5.72,Simbad,05 34 49.48,-05 29 02.82,1,141,V2045 Ori,M1.75,1,H13,3525,-0.442,0.38,0.07,0.07,1.9,0.5,0.9,1.61,0.22,14.73,MIR,M11,2,A,,Simbad,83.70653,-5.48427,1.41419278632403,0.413568645496768,0.0791312828659902
252,179,109,,,99,9.03,16.04,,3.13,19.170002,9.1650002943955,3.535,M2.5(H),1.92,-0.89,1.02,0.26,6.34,Simbad,05 34 50.02,-05 17 12.22,1,481,2MASS J05345009-0517121,M5.75,1,H13,2820,-1.212,,,,,,,1.04,0.15,1.26,opt,R09,2,,b,Simbad,83.70871,-5.28672,1.05188058689466,0.213709220864704,0.0791312828659902
253,181,3165,,,,13.92,16.59,,3.56,20.15,,,,,,,,,Simbad,05 34 50.13,-05 35 38.60,1,418,2MASS J05345021-0535389,M4.8,1,D10,2936,-1.335,,,,,,,0.83,0.18,0.77,opt,R09,3,,b,Simbad,83.70921,-5.59417,1.26899931379947,,0
254,183,112,,,99,9.47,16.12,,2.87,18.990002,9.64499929439551,3.535,M2.5(H),1.26,-1.09,0.81,0.25,6.58,Simbad,05 34 50.38,-05 16 29.72,1,242,2MASS J05345045-0516296,M2.5,1,H,3425,-1.194,0.28,0.07,0.08,10.5,4.6,9,0.72,0.11,3,opt,R09,,,g,Simbad,83.71022,-5.27492,1.08740484573764,0.174055843579208,0.0791312828659902
255,184,115,,,99,11.53,16.1,,3.92,20.02,11.0549992943955,3.483,M5.5(H),0.88,-0.91,1.27,0.11,5.31,Simbad,05 34 50.38,-05 32 53.52,1,562,2MASS J05345046-0532538,M5.5,1,H,2840,-1.141,,,,,,,1.11,0.19,0.86,opt,H02,3,,b,Simbad,83.71029,-5.5483,1.38529807364643,0.116016523729215,0.0791312828659902
256,185,114,,,99,6.5,15.34,,2.14,17.48,8.9749982943955,3.562,M1e(H),0.42,-1.01,0.78,0.41,6.96,Simbad,05 34 50.42,-05 23 35.02,1,149,V475 Ori,M1e,1,H,3630,-1.193,0.38,0.08,0.12,20,9,23,0.64,0.09,8.73,opt,H00,2,A,,Simbad,83.71044,-5.39316,1.32696194664599,0.232720792086564,0.0791312828659902
257,186,111,,1622,98,13.82,13.04,,1.83,14.87,6.4849982943955,3.591,K8(H),0.3,-0.15,1.84,0.42,5.82,Simbad,05 34 50.43,-05 11 10.52,1,67,Parenago 1622,K8,1,H,3940,-0.252,0.66,0.08,0.07,2.8,1,1.5,1.61,0.19,4.94,opt,H02,,N,g,Simbad,83.71041,-5.18627,1.02312195873562,0.511683478671463,0.0791312828659902
258,187,116,,1633,99,6.48,12.12,,1.44,13.559999,5.14499829439551,3.643,K5(H),0.33,0.2,2.17,0.69,5.8,Simbad,05 34 50.63,-05 24 01.02,1,40,V1454 Ori,K5,1,H,4140,0.092,0.82,0.18,0.3,1.5,0.6,1.5,2.16,0.32,2.34,opt,H02,,N,g,Simbad,83.7113,-5.40039,1.28333765037432,0.827741200741799,0.0791312828659902
259,188,117,,,99,7.39,13.15,,2.13,15.28,6.3349982943955,3.58,M0e(H),0.86,-0.05,2.19,0.33,5.59,Simbad,05 34 50.65,-05 27 00.62,1,71,2MASS J05345073-0527010,K8e,1,H13,3940,-0.109,0.64,0.06,0.06,1.7,0.5,0.8,1.9,0.23,9.01,opt,P09,,A,g,Simbad,83.71138,-5.4503,1.29681937926053,0.537654784688456,0.0791312828659902
260,189,120,,,99,8.8,14.35,,3.01,17.36,9.2749982943955,3.5,M4.5(H),0,-0.54,1.8,0.16,5.13,Simbad,05 34 50.77,-05 29 24.62,1,346,V1455 Ori,M4.5,1,H,3020,-0.696,0.16,0.06,0.09,1.5,1.4,1.1,1.64,0.32,0.43,opt,R09,3,,e,Simbad,83.71191,-5.49031,1.41003434422826,0.202510484849983,0.0791312828659902
261,190,118,,,99,8.38,14.82,,3.09,17.91,9.8249982943955,3.483,M5.5(H),0,-0.61,1.79,0.13,4.76,Simbad,05 34 50.92,-05 17 56.42,1,393,2MASS J05345099-0517565,M5.5,1,H,2840,-0.76,0.12,0.05,0.03,0.3,0.15,1.4,1.72,0.3,1.07,opt,H02,,,g,Simbad,83.71247,-5.29904,1.09438076097079,0.164853650616174,0.0791312828659902
262,192,121,,,99,9.04,14.9,,3.71,18.61,7.5449992943955,3.526,M3(H),2.98,-0.15,2.49,0.2,4.72,Simbad,05 34 51.13,-05 16 54.82,1,232,V2061 Ori,M3,1,H,3360,-0.236,0.29,0.06,0.13,1.1,0.9,0.3,2.25,0.37,7.64,opt,R09,2,A,,Simbad,83.71337,-5.28192,1.18057117631552,0.373058529834373,0.0791312828659902
263,194,123,,1642,99,6.5,13.56,,2.19,15.75,4.60499929439551,3.695,K2(H),3.06,0.28,1.88,1.37,6.4,Simbad,05 34 51.48,-05 25 12.62,1,19,V401 Ori,K2,1,H,4760,0.228,1.51,0.13,0.11,5.5,2.6,3.7,1.91,0.28,6.63,opt,S99,2,,a,Simbad,83.71485,-5.42028,1.31300358296281,1.02242267749193,0.0791312828659902
264,196,125,,1641,99,6.19,14.66,,2.94,17.6,8.92499829439551,3.518,M3.5(H),0.59,-0.61,1.53,0.2,5.98,Simbad,05 34 51.93,-05 24 18.42,1,272,V2064 Ori,M3.5,1,H13,3260,-0.695,0.25,0.09,0.11,2.4,0.9,1.2,1.41,0.26,8.86,opt,P09,,,g,Simbad,83.71674,-5.40522,1.36002184586375,0.237997988378902,0.0791312828659902
265,200,126,,,99,12.84,14.43,,2.55,16.98,8.8849982943955,3.526,M3(H),0.01,-0.69,1.34,0.23,6.08,Simbad,05 34 52.19,-05 12 03.22,1,241,2MASS J05345226-0512032,M3,1,H,3360,-0.772,0.28,0.08,0.09,3,0.7,2.1,1.22,0.2,2.78,opt,H02,,,g,Simbad,83.71775,-5.20089,1.04579953798191,0.241830649560229,0.0791312828659902
266,202,130,,,99,6.25,15.89,,,,,,,,,,,,Simbad,05 34 52.27,-05 25 00.32,1,423,2MASS J05345236-0525006,M5.5,1,D10,2840,,,,,,,,,,1.21,opt,R09,3,,c,Simbad,83.71818,-5.41685,1.43268541633316,,0
267,203,133,,,99,6.01,13.21,,2.08,15.29,7.1749982943955,3.555,M1.5(H),0.03,-0.25,1.94,0.29,5.73,Simbad,05 34 52.51,-05 24 03.42,1,154,KL Ori,M1.5,1,H,3560,-0.352,0.37,0.05,0.1,1.5,0.2,0.8,1.76,0.24,2.03,opt,H02,3,N,,Simbad,83.71914,-5.40105,1.29930137607776,0.41175813335224,0.0791312828659902
268,205,135,,,99,8.73,14.45,,2.93,17.38,8.3149982943955,3.526,M3e(H),0.98,-0.46,1.75,0.23,5.77,Simbad,05 34 52.56,-05 29 44.82,1,194,V1460 Ori,M3e,1,H,3360,-0.543,0.32,0.09,0.06,2,0.5,0.8,1.58,0.26,3.69,opt,H02,2,A,,Simbad,83.71941,-5.4959,1.52806834588641,0.299357470014321,0.0791312828659902
269,206,134,,,99,6.27,16.12,,,,,,,,,,,,Simbad,05 34 52.60,-05 21 25.12,1,541,2MASS J05345267-0521252,M4.5,1,H13,3020,,,,,,,,,,2.4,opt,H02,,,c,Simbad,83.7195,-5.357,1.19743416521039,,0
270,207,136,,,99,7.47,13.83,,2.81,16.64,,,,,,,,,Simbad,05 34 52.68,-05 27 54.52,1,108,V551 Ori,M0.5,1,H13,3700,-0.129,0.44,0.07,0.13,1.1,0.2,0.5,2.1,0.29,8.9,opt,P09,2,,,Simbad,83.71983,-5.46516,1.18392486839942,,0
271,209,139,,,99,11.99,15.05,,3.13,18.18,9.01499829439551,3.518,M3.5(H),1.08,-0.65,1.46,0.2,6.02,Simbad,05 34 52.75,-05 33 48.02,1,361,2MASS J05345284-0533483,M4.5,1,H13,3020,-0.926,0.14,0.06,0.09,2.4,2.1,1.5,1.26,0.25,1.36,opt,H02,3,,,Simbad,83.72018,-5.56342,1.42172401873433,0.228662074554517,0.0791312828659902
272,210,138,,,99,8.13,14.69,,2.5,17.189999,9.1049972943955,3.518,M3.5e(H),0,-0.76,1.28,0.2,6.11,Simbad,05 34 52.84,-05 28 58.62,1,292,V1461 Ori,M3.5e,1,H,3260,-0.9,0.24,0.1,0.1,3.6,1.4,2.6,1.11,0.21,4.44,opt,S99,2,A,,Simbad,83.72051,-5.48309,1.32957294519694,0.219798400679291,0.0791312828659902
273,211,140,,,99,14.14,13.87,,3.1,16.97,7.8849972943955,3.518,M3.5(H),1,-0.19,2.47,0.17,4.57,Simbad,05 34 53.35,-05 10 27.92,1,253,2MASS J05345343-0510279,M3.5,1,H,3260,-0.279,0.27,0.09,0.11,1.1,1.01,0.3,2.28,0.43,4.58,opt,H02,3,N,,Simbad,83.72263,-5.17442,1.21306273867503,0.340352329162267,0.0791312828659902
274,213,143,,,99,5.75,16.14,,,,,3.483,M5.5(H),0,-1.14,0.97,0.1,6.02,Simbad,05 34 53.80,-05 22 20.42,1,607,2MASS J05345389-0522206,M5.5,1,H,2840,,,,,,,,,,2.35,opt,R09,,A,c,Simbad,83.72454,-5.37242,1.36958576477484,,0
275,214,144,,,99,7.18,15.79,,3.7,19.49,8.4449972943955,3.526,M3(H),2.96,-0.51,1.64,0.23,5.88,Simbad,05 34 53.85,-05 27 48.72,1,496,V1462 Ori,M5.25,1,H13,2860,-1.065,,,,,,,1.2,0.24,3.96,opt,P09,,,b,Simbad,83.72475,-5.46365,1.40796946846447,0.286451980228549,0.0791312828659902
276,215,145,,,99,5.67,15.88,,3.18,19.06,10.9749982943955,3.483,M5.3(P),0,-1.04,1.1,0.1,5.58,Simbad,05 34 54.03,-05 22 26.22,1,618,V1273 Ori,M5.3,1,P,2856,-1.212,,,,,,,1.01,0.19,12.1,opt,G95,3,,b,Simbad,83.72547,-5.37404,1.278283753394,0.119259891045578,0.0791312828659902
277,216,148,,,99,7.85,15.36,,3.73,19.09,6.0349992943955,3.58,M0(H),4.97,0.07,2.51,0.3,5.12,Simbad,05 34 54.10,-05 28 53.82,1,80,V1463 Ori,K8,1,H13,3940,0.006,0.62,0.05,0.07,1.2,0.3,0.6,2.17,0.26,1.37,opt,H00,3,N,,Simbad,83.72578,-5.48176,1.40053827710725,0.590041235497744,0.0791312828659902
278,218,147,,,99,8.17,14.8,,3.27,18.07,9.9849982943955,3.494,M5(H),0,-0.68,1.57,0.14,5.23,Simbad,05 34 54.32,-05 17 21.12,1,378,2MASS J05345439-0517211,M5,1,H,2880,-0.824,0.13,0.06,0.07,1,0.9,1.8,1.56,0.35,3.45,opt,R09,,,g,Simbad,83.72666,-5.28921,1.171545936526,0.158196084216115,0.0791312828659902
279,219,149,,,99,7.35,15.55,,3.25,18.8,8.9149982943955,3.526,M3e(H),1.8,-0.7,1.33,0.23,6.09,Simbad,05 34 54.56,-05 28 17.72,1,247,V1464 Ori,M3e,1,H,3360,-0.784,0.28,0.08,0.1,3.1,0.7,2.2,1.2,0.2,2.81,opt,P09,2,A,,Simbad,83.7277,-5.47173,1.40876599662511,0.238778431059471,0.0791312828659902
280,220,151,,,99,5.72,15.44,,3.19,18.63,8.89499829439551,3.526,M3e(H),1.65,-0.69,1.34,0.23,6.08,Simbad,05 34 54.75,-05 25 12.22,1,239,2MASS J05345483-0525125,M3e,1,H,3360,-0.777,0.28,0.08,0.1,3.1,0.7,2.1,1.21,0.2,3.75,MIR,M11,,A,g,Simbad,83.72847,-5.42015,1.27718473980382,0.241038129025332,0.0791312828659902
281,223,152,,,99,5.76,14.12,,2.78,16.9,8.21499829439551,3.526,M3(H),0.6,-0.42,1.83,0.22,5.61,Simbad,05 34 54.97,-05 25 29.02,1,230,2MASS J05345506-0525294,M3,1,H,3360,-0.505,0.29,0.06,0.1,1.7,0.4,0.8,1.65,0.27,4.52,opt,P09,3,N,,Simbad,83.72942,-5.42486,1.43702479979187,0.309217306876104,0.0791312828659902
282,229,159,,,99,9.36,13.87,,2.46,16.33,7.6549982943955,3.544,M2(H),0.59,-0.37,1.79,0.28,5.79,Simbad,05 34 55.88,-05 31 12.52,1,207,V1466 Ori,M3,1,H13,3360,-0.592,0.3,0.08,0.09,2.1,0.5,1.1,1.5,0.25,1.12,opt,H00,3,,,Simbad,83.73324,-5.52029,1.54856005411316,0.362182498878112,0.0791312828659902
283,230,157,,1659,99,5.13,10.15,,1.56,11.709999,2.41499729439551,3.679,K2(WSH)K2-K4(P)K0(vA)K0(vA)K1(CK)K4III(Ham),1.21,1.19,5.76,1.34,5.15,Simbad,05 34 55.89,-05 23 12.62,1,11,KM Ori,K3,1,StE,4550,1.143,2.08,0.85,0.57,0.4,0.2,0.2,6,0.9,17.4,opt,H00,3,,d,Simbad,83.73322,-5.38695,1.29960321302074,,0
284,231,158,,,99,7.94,13.26,,2.15,15.41,7.1149982943955,3.555,M1.5(H),0.21,-0.23,1.99,0.28,5.69,Simbad,05 34 55.89,-05 29 25.92,1,147,V478 Ori,M1.5,1,H,3560,-0.372,0.38,0.07,0.09,1.6,0.3,0.8,1.72,0.24,1.92,opt,S99,3,N,,Simbad,83.73323,-5.49067,1.36396299908877,0.420232620144799,0.0791312828659902
285,232,162,,,99,11.46,15.32,,2.88,18.2,10.1149982943955,3.471,M5-M6(H),0,-0.71,1.68,0.11,4.71,Simbad,05 34 56.27,-05 33 40.12,1,469,2MASS J05345636-0533404,M5.5,2,H13,2840,-0.96,,,,,,,1.37,0.43,0.74,opt,R09,3,N,b,Simbad,83.73485,-5.56124,1.44491007704108,0.152662858881225,0.0791312828659902
286,233,166,,,99,15.55,14.25,,2.81,17.06,8.9749982943955,3.494,M5(H),0,-0.46,2.02,0.14,4.76,Simbad,05 34 56.30,-05 38 05.72,1,370,2MASS J05345640-0538052,M5,1,H,2880,-0.604,0.13,0.07,0.1,0.2,0.16,1.9,2.01,0.45,0.67,opt,H02,3,,e,Simbad,83.735,-5.63478,1.57811656856474,0.232720792086564,0.0791312828659902
287,235,164,,,99,6.7,14.01,,2.38,16.39,7.91499729439551,3.544,M2e(H),0.39,-0.47,1.58,0.3,5.93,Simbad,05 34 56.43,-05 27 50.52,1,166,V2080 Ori,M2e,1,H,3490,-0.598,0.36,0.07,0.06,2.7,0.9,1.1,1.37,0.19,6.52,opt,H02,2,,,Simbad,83.73547,-5.46419,1.35892352465159,0.337678214093108,0.0791312828659902
288,237,168,,,99,5.9,15,,3.16,18.16,10.0749982943955,3.483,M5.5(H),0,-0.68,1.64,0.12,4.89,Simbad,05 34 56.67,-05 26 36.82,1,400,2MASS J05345675-0526372,M5,1,H13,2880,-0.904,0.11,0.05,0.09,0.5,0.4,2.5,1.42,0.32,0.92,opt,H02,3,,,Simbad,83.7365,-5.44368,1.41041916688894,0.154295338275395,0.0791312828659902
289,240,167,,,99,5.22,14.91,,3.08,17.99,6.0749982943955,3.602,K7(H),3.83,-0.03,2.01,0.44,5.73,Simbad,05 34 56.76,-05 21 36.22,1,65,V1315 Ori,K7,1,H,3970,-0.15,0.67,0.06,0.06,2.1,0.6,1.1,1.78,0.21,3.4,opt,R09,,N,g,Simbad,83.73682,-5.36011,1.16038755304341,0.58358358982922,0.0791312828659902
290,241,169,,,99,5.05,15.95,,,,,,,,,,,,Simbad,05 34 56.85,-05 22 06.02,1,516,V1469 Ori,M3,1,H13,3360,,,,,,,,,,3.85,opt,H00,2,,c,Simbad,83.73722,-5.36841,1.26277375614518,,0
291,242,171,,,99,4.89,14.94,,2.96,17.9,9.6849982943955,3.509,M4(H),0.13,-0.79,1.29,0.17,6.06,Simbad,05 34 56.93,-05 22 59.82,1,325,V1470 Ori,M4,1,H,3160,-0.868,0.2,0.09,0.11,2.9,2.5,1.8,1.23,0.26,1.18,opt,R09,3,,,Simbad,83.73755,-5.38334,1.24145061741178,0.171031360132267,0.0791312828659902
292,243,173,,,99,11.21,15.08,,3.65,18.73,8.7449982943955,3.509,M4(H),1.9,-0.41,1.99,0.18,5.07,Simbad,05 34 57.06,-05 33 29.12,1,337,2MASS J05345714-0533294,M4.5,1,H13,3020,-0.614,0.17,0.07,0.09,0.8,0.71,1.5,1.8,0.36,0.83,opt,R09,2,,e,Simbad,83.7381,-5.55819,1.30583408779206,0.255939134756399,0.0791312828659902
293,245,172,,,99,10.03,16.16,,3.45,19.61,10.6949982943955,3.5,M4.5(H),0.83,-1.06,0.99,0.14,6.2,Simbad,05 34 57.29,-05 14 33.42,1,405,2MASS J05345737-0514334,M4.5,1,H,3020,-1.17,0.11,0.05,0.09,3.8,1.8,2.8,0.95,0.19,0.59,opt,R09,,,g,Simbad,83.73906,-5.24264,1.26349926951887,0.130171301400921,0.0791312828659902
294,248,175,,,99,4.71,14.07,,2.41,16.48,8.39499829439551,3.526,M3(H),0,-0.55,1.58,0.23,5.93,Simbad,05 34 57.69,-05 22 50.92,1,285,V402 Ori,M3.5,1,H13,3260,-0.652,0.24,0.08,0.12,2.2,0.8,1,1.48,0.28,9.19,opt,H00,2,,,Simbad,83.74077,-5.38087,1.43151882525909,0.291560672214511,0.0791312828659902
295,250,181,,,99,7.89,15.16,,3.28,18.44,8.4749992943955,3.526,M3(H),1.88,-0.52,1.62,0.23,5.9,Simbad,05 34 57.83,-05 29 45.42,1,243,V1473 Ori,M3,1,H,3360,-0.609,0.28,0.06,0.11,2.1,0.4,1.3,1.47,0.24,1.36,opt,H02,3,,,Simbad,83.74135,-5.49612,1.53114556594914,0.283464627613884,0.0791312828659902
296,251,177,,,99,7.37,14.53,,2.9,17.43,6.5049982943955,3.58,M0(H),2.84,-0.12,2.02,0.35,5.71,Simbad,05 34 57.95,-05 17 37.62,1,137,V2089 Ori,M1.5,1,H13,3560,-0.443,0.38,0.06,0.09,1.9,0.4,1.1,1.58,0.22,8.85,opt,R09,,,g,Simbad,83.74179,-5.2938,1.19042026578516,0.508048766320653,0.0791312828659902
297,254,180,,,99,12.36,14.45,,2.94,17.39,9.30499829439551,3.494,M5(H),0,-0.54,1.84,0.14,4.96,Simbad,05 34 58.11,-05 11 53.72,1,365,2MASS J05345819-0511536,M5,1,H13,2880,-0.684,0.13,0.07,0.1,0.3,0.24,2.1,1.83,0.41,0.73,opt,R09,,,"e,g",Simbad,83.74247,-5.19824,1.23815890971492,0.199747700617416,0.0791312828659902
298,255,183,,,99,5.05,14.49,,3.45,17.94,9.4149982943955,3.494,M5(H),0.44,-0.45,2.05,0.15,4.73,Simbad,05 34 58.18,-05 25 32.92,1,403,2MASS J05345827-0525332,M6,1,H13,2800,-0.556,0.11,0.02,0.07,0.1,0.06,0.4,2.24,0.35,1.51,opt,H02,3,,,Simbad,83.74282,-5.42591,1.48868711904718,0.191379337692035,0.0791312828659902
299,256,184,,,99,4.99,15.73,,,,,3.555,M1.5(H),0,-1.27,0.6,0.35,7.18,Simbad,05 34 58.29,-05 21 16.52,1,502,2MASS J05345837-0521166,M3,1,H13,3360,,,,,,,,,,1.5,opt,R09,3,N,c,Simbad,83.74324,-5.35462,1.31305136576991,,0
300,257,186,,,99,10.46,16.13,,4.29,20.419998,7.4349972943955,3.535,M2.5(H),4.9,-0.2,2.26,0.23,5.04,Simbad,05 34 58.44,-05 32 49.52,1,193,V1474 Ori,M2.5,1,H,3425,-0.312,0.32,0.07,0.09,1.3,0.3,0.4,1.98,0.3,5.85,opt,P09,2,,,Simbad,83.74387,-5.54718,1.36573407978461,0.383143408172947,0.0791312828659902
301,258,185,,,99,11.81,16.05,,3.33,19.38,11.2949982943955,3.483,M5.5(H),0,-1.1,1.01,0.1,5.89,Simbad,05 34 58.61,-05 12 26.12,1,564,2MASS J05345869-0512261,M5.5,1,H,2840,-1.252,,,,,,,0.98,0.17,1.8,opt,H02,3,,b,Simbad,83.74455,-5.20727,1.22602691502069,0.106193456562832,0.0791312828659902
302,259,187,,,99,4.89,14.27,,2.85,17.12,5.0849992943955,3.643,K5(H),3.95,0.22,2.23,0.68,5.77,Simbad,05 34 58.71,-05 21 17.52,1,61,V2094 Ori,K6,1,H13,4020,0.031,0.68,0.08,0.15,1.3,0.4,0.8,2.14,0.28,14.41,opt,H02,,N,g,Simbad,83.74497,-5.3549,1.24238848259233,0.847104589266435,0.0791312828659902
303,260,188,,,99,6.42,14.32,,2.38,16.7,8.6149982943955,3.526,M3(H),0,-0.65,1.41,0.23,6.04,Simbad,05 34 58.81,-05 28 02.92,1,245,V1475 Ori,M3,1,H,3360,-0.772,0.28,0.08,0.09,3,0.7,2.1,1.22,0.2,6.58,opt,R09,3,,,Simbad,83.74543,-5.46759,1.44909514568994,0.269297487129829,0.0791312828659902
304,262,189,,,99,4.34,15.24,,3.43,18.67,10.1949982943955,3.494,M4.5IV-M5V(H),0.39,-0.76,1.43,0.14,5.39,Simbad,05 34 59.10,-05 23 07.52,1,377,2MASS J05345918-0523078,M4.75,1,H,2950,-0.867,0.13,0.06,0.09,1.8,1.65,1.5,1.41,0.3,2.89,opt,R09,,,g,Simbad,83.74662,-5.38551,1.36325017062911,0.14949380677434,0.0791312828659902
305,264,191,,,99,4.28,14.18,,2.78,16.960001,7.84499929439551,3.535,M4(Eetal)M2.5(H),1.03,-0.37,1.87,0.24,5.67,Simbad,05 34 59.47,-05 23 59.92,1,182,V1318 Ori,M2.5,1,H,3425,-0.474,0.34,0.08,0.06,1.8,0.4,0.6,1.64,0.25,8.63,opt,H02,,,g,Simbad,83.74816,-5.40006,1.35289317400505,0.34447367712579,0.0791312828659902
306,265,192,,1686,99,4.8,13.73,,2.3,16.029999,7.7649962943955,3.544,M2(H),0.18,-0.41,1.7,0.29,5.86,Simbad,05 34 59.54,-05 25 39.52,1,110,V1477 Ori,M1,1,H13,3630,-0.449,0.43,0.07,0.1,2.3,0.7,1.3,1.51,0.21,8.93,opt,P09,2,,,Simbad,83.74844,-5.42777,1.35580570669136,0.351864162102741,0.0791312828659902
307,269,5106,,,,4.14,17.32,,1.9,19.22,,,>M2(H),,,,,,Simbad,05 35 00.13,-05 24 08.89,1,487,V2099 Ori,M5.5,2,H13,2840,-1.76,,,,,,,0.55,0.17,7.29,MIR,M11,2,,b,Simbad,83.75091,-5.40253,1.33798866649928,,0
308,270,5038,,,,8.45,17.07,,,,,3.633,K5-K6:(H),0,-1.86,0.21,,,Simbad,05 35 00.14,-05 15 58.38,1,597,2MASS J05350023-0515590,K5.5,1,H,4080,,,,,,,,,,1.25,opt,R09,2,,c,Simbad,83.751,-5.26639,1.61877142281567,,0
309,273,198,,,99,4.42,13.8,,1.63,15.43,6.8649992943955,3.623,K6e(H),0.48,-0.43,1.16,0.82,6.77,Simbad,05 35 00.37,-05 25 13.92,1,41,V2102 Ori,K6e,1,H,4020,-0.543,0.79,0.15,0.07,11,5,8,1.1,0.14,,,,2,,"a,f",Simbad,83.75195,-5.42064,1.51296810900646,0.455875842030421,0.0791312828659902
310,274,203,,1695,98,15.28,13.85,,2.48,16.33,6.4849982943955,3.58,MO(H),1.76,-0.11,2.04,0.35,5.7,Simbad,05 35 00.72,-05 38 08.32,1,94,KW Ori,M0,1,H,3770,-0.301,0.51,0.09,0.11,2,0.6,1.4,1.66,0.23,7.29,opt,S99,2,,,Simbad,83.75343,-5.63555,1.57759161334745,0.511683478671463,0.0791312828659902
311,275,200,,,99,8.65,15.85,,3.81,19.66,7.9049982943955,3.535,M2.5(H),3.67,-0.39,1.82,0.25,5.74,Simbad,05 35 00.75,-05 31 05.32,1,483,V2106 Ori,M5,1,H13,2880,-0.932,,,,,,,1.38,0.31,3.11,opt,H02,2,,b,Simbad,83.75355,-5.5183,1.62260692966255,0.338557019699082,0.0791312828659902
312,277,201,,,99,3.95,13.41,,2.97,16.38,6.7849972943955,3.535,M2.5(H),1.51,0.06,3.05,0.19,4.27,Simbad,05 35 00.93,-05 24 10.02,1,190,2MASS J05350101-0524103,M2.5,1,H,3425,-0.048,0.32,0.07,0.1,0.7,0.6,0.3,2.68,0.4,1.92,opt,H02,3,N,,Simbad,83.75423,-5.40289,1.32900709887877,0.466807954118588,0.0791312828659902
313,279,202,,,,3.87,15.88,,2.9,18.78,10.6949982943955,3.5,M4.5(H),0,-1.15,0.89,0.13,6.29,Simbad,05 35 01.00,-05 23 03.52,1,408,V2107 Ori,M4.5,1,H,3020,-1.308,0.11,0.05,0.09,4.6,1.8,4.5,0.81,0.16,3.98,MIR,M11,,A,g,Simbad,83.75448,-5.38448,1.27704507813072,0.130171301400921,0.0791312828659902
314,282,205,,,99,4.16,16.6,,,,,3.471,M6(H),0,-1.23,0.93,0.07,5.38,Simbad,05 35 01.14,-05 21 44.12,1,596,2MASS J05350121-0521444,M6,1,H,2800,,,,,,,,,,8.2,opt,R09,3,,c,Simbad,83.75508,-5.36233,1.21278277236729,,0
315,284,207,,,99,6.3,15.7,,,,,,,,,,,,Simbad,05 35 01.23,-05 18 21.22,1,505,2MASS J05350132-0518212,M4.5,1,H13,3020,,,,,,,,,,2.74,opt,R09,3,,c,Simbad,83.7555,-5.30591,1.34538146362045,,0
316,286,204,,1693,98,14.34,13.74,,2.16,15.9,7.5749982943955,3.555,M1.5(H),0.24,-0.41,1.61,0.33,5.92,Simbad,05 35 01.35,-05 09 32.52,1,148,KV Ori,M1.5,1,H,3560,-0.564,0.38,0.06,0.08,2.6,0.7,1.5,1.38,0.19,2.83,opt,Re01,3,N,,Simbad,83.75594,-5.15906,1.13347875917096,0.370199274191442,0.0791312828659902
317,287,211,,,99,6.22,14.04,,2.61,16.65,7.9749982943955,3.535,M2.5(H),0.59,-0.42,1.76,0.25,5.79,Simbad,05 35 01.39,-05 28 20.32,1,191,V1479 Ori,M2.5,1,H,3425,-0.524,0.32,0.06,0.09,1.9,0.4,1.1,1.55,0.23,5.46,opt,H02,3,N,,Simbad,83.75619,-5.47244,1.50098307185443,0.33175670479056,0.0791312828659902
318,288,213,,,99,4.32,15.59,,2.89,18.48,10.3949982943955,3.494,M5(H),0,-1,1.09,0.13,6.07,Simbad,05 35 01.49,-05 25 33.62,1,476,2MASS J05350158-0525339,M5,1,H13,2880,-1.14,,,,,,,1.08,0.24,2.71,opt,R09,3,,b,Simbad,83.75659,-5.42611,1.41858062681112,0.141695865947258,0.0791312828659902
319,289,212,,,99,3.81,15.11,,3.62,18.73,9.76499829439551,3.494,M5(H),0.88,-0.59,1.74,0.14,5.06,Simbad,05 35 01.51,-05 24 09.82,1,387,2MASS J05350160-0524101,M5,1,H13,2880,-0.755,0.12,0.05,0.1,0.3,0.15,2.3,1.69,0.38,0.81,opt,R09,3,,e,Simbad,83.7567,-5.40282,1.50065540739862,0.167375393174625,0.0791312828659902
320,290,216,,,99,10.91,16.01,,3.99,20,8.21499829439551,3.526,M3(H),3.7,-0.42,1.83,0.22,5.61,Simbad,05 35 01.52,-05 33 37.72,1,227,2MASS J05350161-0533380,M3,1,H,3360,-0.506,0.29,0.06,0.1,1.7,0.4,0.8,1.65,0.27,6.69,opt,P09,,N,g,Simbad,83.75673,-5.56057,1.45954169971578,0.309217306876104,0.0791312828659902
321,292,215,,,99,5.29,16.15,,,,,,,,,,,,Simbad,05 35 01.62,-05 27 09.52,1,455,2MASS J05350171-0527099,M4.9,1,D10,2908,,,,,,,,,,3.37,opt,R09,,,c,Simbad,83.75715,-5.45276,1.49262597322886,,0
322,293,218,,,99,7.85,14.98,,2.99,17.97,9.8849982943955,3.5,M4.5(H),0,-0.79,1.35,0.15,5.88,Simbad,05 35 01.73,-05 30 18.82,1,354,2MASS J05350182-0530193,M4.5,1,H,3020,-0.948,0.15,0.07,0.08,2.7,2.5,1.4,1.23,0.24,3.78,opt,R09,3,,,Simbad,83.75762,-5.50537,1.5614906003623,0.162342026685281,0.0791312828659902
323,295,219,,,99,6.16,15.52,,4.3,19.82,9.1149982943955,3.494,M5(H),2.62,-0.33,2.35,0.15,4.43,Simbad,05 35 01.99,-05 18 22.52,1,388,V2120 Ori,M5,1,H13,2880,-0.494,0.12,0.03,0.12,0.1,0.08,1.6,2.28,0.51,1.69,opt,R09,2,,,Simbad,83.75863,-5.30629,1.21910302930851,0.218729741793815,0.0791312828659902
324,298,222,,,98,6.8,14.14,,2.85,16.99,7.3149982943955,3.544,M2(H),1.59,-0.23,2.09,0.25,5.33,Simbad,05 35 02.09,-05 29 09.22,1,163,JW 222,M2,1,H,3490,-0.356,0.36,0.07,0.07,1.5,0.3,0.5,1.81,0.25,5.17,opt,H00,2,N,,Simbad,83.7591,-5.48607,1.53927034489842,0.394916680065485,0.0791312828659902
325,300,221,,1703,98,8.36,11.33,,2.66,13.99,1.8749972943955,3.679,K3(H),4.03,1.41,7.39,1.52,4.98,Simbad,05 35 02.30,-05 15 47.82,1,5,V403 Ori,K3,1,H,4550,1.357,2.51,1.02,0.49,0.3,0.1,0.1,7.68,1.15,6.09,MIR,M11,3,N,a,Simbad,83.75992,-5.26333,1.21852654870791,,0
326,304,227,,,99,9.67,16.27,,4.25,20.52,,,,,,,,,Simbad,05 35 02.60,-05 32 24.52,1,477,2MASS J05350270-0532249,M6,1,H13,2800,-1.174,,,,,,,1.1,0.17,2.73,opt,R09,3,,b,Simbad,83.76125,-5.54026,1.54986588343868,,0
327,306,228,,,99,9.32,16.66,,3.68,20.34,11.2249982943955,3.494,M5e(H),1.03,-1.17,0.89,0.12,6.26,Simbad,05 35 02.67,-05 32 02.32,1,484,V2124 Ori,M5.5,1,H13,2840,-1.496,,,,,,,0.74,0.13,3.22,opt,H02,2,,b,Simbad,83.76152,-5.53412,1.50513199534869,0.109302621997422,0.0791312828659902
328,310,229,,,99,5.91,14.17,,2.41,16.58,7.6149982943955,3.555,M1.5(H),0.88,-0.43,1.58,0.33,5.94,Simbad,05 35 03.07,-05 18 29.82,1,153,V2128 Ori,M1.5,1,H,3560,-0.605,0.37,0.06,0.09,2.8,0.8,1.9,1.31,0.18,7.75,opt,H02,,N,g,Simbad,83.76315,-5.30831,1.28805007523511,0.366390144527962,0.0791312828659902
329,311,231,,,99,6.42,15.57,,,,,3.471,M6(H),0,-0.81,1.49,0.1,4.82,Simbad,05 35 03.13,-05 17 53.22,1,611,V2129 Ori,M6,1,H,2800,,,,,,,,,,5.53,NIR,C01,,,c,Simbad,83.76343,-5.29814,1.39455947567895,,0
330,313,234,,,99,4.29,15.95,,2.88,18.83,10.7449982943955,3.5,M4.5(H),0,-1.18,0.86,0.13,6.31,Simbad,05 35 03.34,-05 26 09.72,1,409,2MASS J05350343-0526100,M4.5,1,H,3020,-1.336,0.11,0.05,0.09,4.8,1.8,4.6,0.78,0.16,3.96,MIR,M11,3,,,Simbad,83.7643,-5.43613,1.41718469330524,0.128192575959035,0.0791312828659902
331,316,5100,,,,3.26,16.53,,,,,3.483,M5.5e(H),0,-1.3,0.81,0.09,6.28,Simbad,05 35 03.61,-05 22 45.29,1,601,2MASS J05350370-0522457,M5.5,1,H,2840,,,,,,,,,,5.11,MIR,M11,2,A,c,Simbad,83.76542,-5.37936,1.41547743113118,,0
332,319,237,,,99,5.39,15.32,,3.22,18.539999,9.6549982943955,3.509,M4(H),0.8,-0.78,1.31,0.17,6.05,Simbad,05 35 03.87,-05 18 59.62,1,317,V2136 Ori,M4,1,H13,3160,-0.857,0.21,0.09,0.11,2.9,2.3,1.9,1.24,0.26,5.22,opt,H02,2,,,Simbad,83.76651,-5.31661,1.39121493230438,0.173469103218184,0.0791312828659902
333,320,243,,,99,4.49,13.58,,2.36,15.94,7.51499729439551,3.544,M2(H),0.34,-0.31,1.9,0.26,5.71,Simbad,05 35 03.97,-05 26 36.72,1,140,V1482 Ori,M1.5,1,H13,3560,-0.4,0.38,0.06,0.1,1.7,0.3,0.9,1.66,0.23,10.15,opt,H00,2,N,,Simbad,83.76694,-5.44366,1.4985946007534,0.375919736627446,0.0791312828659902
334,321,241,,,99,4.39,16.54,,,,,,,,,,,,Simbad,05 35 04.07,-05 20 15.52,1,500,2MASS J05350416-0520156,M4,1,H13,3160,,,,,,,,,,1.24,opt,R09,3,,c,Simbad,83.76734,-5.33768,1.37401708510848,,0
335,322,244,,,99,3.24,15.47,,2.91,18.380001,10.2949992943955,3.494,M5(H),0,-0.95,1.15,0.13,6.01,Simbad,05 35 04.07,-05 22 24.02,1,335,2MASS J05350416-0522243,M4,1,H13,3160,-1.111,0.17,0.08,0.12,4.3,2.3,4.8,0.93,0.19,2.48,opt,R09,3,A,,Simbad,83.76737,-5.37343,1.51150495969678,0.145656174317172,0.0791312828659902
336,323,245,,,99,4.36,13.95,,2.7,16.65,7.3549982943955,3.544,M2e(H),1.21,-0.25,2.05,0.25,5.42,Simbad,05 35 04.10,-05 26 27.42,1,179,V1322 Ori,M2e,1,H,3490,-0.374,0.35,0.06,0.08,1.5,0.2,0.6,1.78,0.25,8.73,opt,H00,2,A,,Simbad,83.76748,-5.44107,1.48575694547476,0.390951772077188,0.0791312828659902
337,324,240,,,99,8.59,15.69,,3.19,18.88,7.68499779439551,3.562,M1(H),3.11,-0.5,1.42,0.38,6.1,Simbad,05 35 04.11,-05 15 21.32,1,125,V2138 Ori,M1,1,H,3630,-0.678,0.41,0.06,0.11,4.2,1.5,3.5,1.16,0.16,13.33,opt,R09,3,,,Simbad,83.7675,-5.25594,1.34584643797725,0.359336634035579,0.0791312828659902
338,328,249,,1737,99,3.05,13.64,,2.35,15.99,4.43499779439551,3.695,"K2(H)M0,M4(Sam)",3.47,0.35,2.03,1.38,6.3,Simbad,05 35 04.41,-05 23 56.22,1,18,V2140 Ori,K2,1,H,4760,0.296,1.58,0.12,0.12,4.3,1.9,3.2,2.06,0.3,3.82,opt,H02,,N,a,Simbad,83.76875,-5.39904,1.38251265699982,1.09318388550726,0.0791312828659902
339,329,250,,,99,4.03,14.02,,3,17.02,7.77499929439551,3.526,M3(H),1.16,-0.24,2.24,0.21,5,Simbad,05 35 04.41,-05 26 04.02,1,210,V1483 Ori,M3,1,H,3360,-0.328,0.3,0.07,0.09,1.3,0.8,0.4,2.03,0.34,2.71,opt,H02,,,g,Simbad,83.76876,-5.43456,1.43547256293246,0.350957185590956,0.0791312828659902
340,330,252,,1726,99,6.93,12.62,,1.71,14.33,5.2249972943955,3.643,K4-K5(H),1.02,0.17,2.1,0.69,5.85,Simbad,05 35 04.43,-05 29 37.82,1,32,Parenago 1726,K4.5,1,H,4235,0.106,0.95,0.25,0.33,1.9,0.9,2.3,2.1,0.32,9.23,opt,P09,2,N,,Simbad,83.7689,-5.49395,1.63246047947225,0.801203688108905,0.0791312828659902
341,332,254,,,99,4.22,14.35,,3.21,17.560001,7.7750002943955,3.526,M3(H),1.7,-0.24,2.24,0.21,5,Simbad,05 35 04.51,-05 26 22.52,1,213,V1323 Ori,M3,1,H,3360,-0.328,0.3,0.07,0.09,1.3,0.8,0.4,2.03,0.34,0.96,opt,R09,2,N,,Simbad,83.7692,-5.43974,1.56122289634302,0.350957183335883,0.0791312828659902
342,333,251,,,99,3.25,14.68,,2.12,16.8,8.71499829439551,3.544,M2(H),0,-0.83,1.04,0.3,6.38,Simbad,05 35 04.52,-05 24 42.02,1,185,2MASS J05350461-0524424,M2,1,H,3490,-0.928,0.33,0.06,0.07,6.3,2.3,3.7,0.94,0.13,0.84,opt,R09,3,N,,Simbad,83.76922,-5.4118,1.46014686602366,0.25915063288939,0.0791312828659902
343,338,258,,,99,4.38,13.69,,2.38,16.07,6.6949982943955,3.571,M0.5(H),1.29,-0.15,2.02,0.33,5.71,Simbad,05 35 04.66,-05 26 37.52,1,105,V2143 Ori,M0.5,1,H,3700,-0.342,0.46,0.08,0.1,1.9,0.5,1.2,1.64,0.22,10.98,opt,H02,2,N,,Simbad,83.76981,-5.44389,1.49039120985928,0.479840349063249,0.0791312828659902
344,340,257,,,99,3.01,14.51,,2.64,17.15,9.0649982943955,3.5,M4.5(H),0,-0.6,1.67,0.15,5.26,Simbad,05 35 04.72,-05 22 38.52,1,357,V2145 Ori,M4.5,1,H,3020,-0.76,0.15,0.06,0.1,1.7,1.51,1.2,1.52,0.3,5.22,opt,H02,2,,,Simbad,83.77008,-5.37742,1.49384138091683,0.223819680802812,0.0791312828659902
345,342,263,,,99,13.66,14.9,,3.14,18.039999,9.91499629439551,3.5,M4.5(H),0.04,-0.75,1.41,0.15,5.65,Simbad,05 35 04.98,-05 36 43.82,1,401,V2148 Ori,M5,1,H13,2880,-0.864,0.11,0.04,0.09,0.4,0.3,2.6,1.49,0.33,7.75,opt,H02,2,,,Simbad,83.7711,-5.61217,1.25398589584404,0.161093734813163,0.0791312828659902
346,347,271,,1748,99,11.44,12.74,,1.88,14.62,6.3149982943955,3.58,M0(H),0.22,-0.04,2.21,0.33,5.57,Simbad,05 35 05.24,-05 34 28.12,1,98,V387 Ori,M0,1,H,3770,-0.188,0.49,0.07,0.14,1.4,0.3,0.9,1.89,0.26,8.25,NIR,C01,2,,,Simbad,83.7722,-5.57459,1.37447234111706,0.54151623227262,0.0791312828659902
347,348,265,,,99,2.89,14.3,,2.69,16.99,6.6049982943955,3.58,M0(H),2.3,-0.16,1.93,0.37,5.75,Simbad,05 35 05.28,-05 24 10.22,1,89,V2150 Ori,M0,1,H,3770,-0.35,0.52,0.1,0.11,2.4,0.9,1.7,1.57,0.21,6.54,opt,P09,2,,,Simbad,83.77239,-5.40293,1.43573102370955,0.492492770832779,0.0791312828659902
348,349,268,,1747,99,4.79,12.88,,1.61,14.49,5.9749972943955,3.623,K5-K6(H),0.43,-0.07,1.75,0.62,6.01,Simbad,05 35 05.31,-05 27 16.62,1,34,V2151 Ori,K5,1,StE,4140,-0.106,0.86,0.2,0.25,3,1.4,3.1,1.72,0.25,9.8,opt,H02,,N,g,Simbad,83.77252,-5.45475,1.49472814685324,0.601610587861896,0.0791312828659902
349,352,5096,,,,2.9,17.49,,,,,3.46,M6.5(H),0,-1.48,0.73,0.05,5.2,Simbad,05 35 05.36,-05 22 30.10,1,549,V2154 Ori,M6,1,H13,2800,,,,,,,,,,3.56,MIR,M11,,,c,Simbad,83.77271,-5.37514,1.40919017708327,,0
350,354,272,,,99,5.26,14.07,,2.3,16.369999,7.6849972943955,3.555,M1.5e(H),0.6,-0.46,1.53,0.34,5.98,Simbad,05 35 05.40,-05 27 51.72,1,144,V2155 Ori,M1.5e,1,H,3560,-0.634,0.38,0.06,0.08,3.2,1,1.9,1.27,0.18,2.98,opt,P09,,A,g,Simbad,83.7729,-5.46451,1.52349987013011,0.359336672642655,0.0791312828659902
351,360,275,a,1745,99,3.21,13.01,,2.28,15.29,7.0749982943955,3.544,M2(H),0.13,-0.13,2.33,0.24,5.01,Simbad,05 35 05.60,-05 25 05.92,1,593,V1324 Ori,M2,1,H,3490,,,,,,,,,,0.95,opt,H02,3,,c,Simbad,83.77369,-5.41829,1.28052022504616,0.425823185546141,0.0791312828659902
352,362,269,,,99,12.1,16.27,,,,,,,,,,,,Simbad,05 35 05.64,-05 11 34.92,1,521,V2157 Ori,M3,1,H13,3360,,,,,,,,,,5.99,opt,R09,2,,c,Simbad,83.77387,-5.19308,1.33712858089875,,0
353,363,278,,,99,2.85,13.66,,1.94,15.6,5.9049992943955,3.643,K2-K7e(H),1.61,-0.11,1.53,0.83,6.36,Simbad,05 35 05.64,-05 24 18.02,1,31,V480 Ori,K4.5,4,H,4235,-0.166,0.98,0.59,0.24,4.9,3.9,22.6,1.53,0.56,6.76,opt,H02,2,A,a,Simbad,83.77385,-5.40514,1.34453310438735,0.619260551493529,0.0791312828659902
354,364,280,,,99,4.07,13.44,,2.67,16.11,7.71499829439551,3.526,M3(H),0.31,-0.22,2.31,0.21,4.92,Simbad,05 35 05.64,-05 26 25.82,1,240,V1484 Ori,M3,1,H,3360,-0.301,0.28,0.04,0.12,1.2,0.9,0.3,2.09,0.35,1.99,opt,H02,,N,g,Simbad,83.77389,-5.4406,1.43843518124649,0.356506678145623,0.0791312828659902
355,366,284,,,99,10.88,14.6,,3.11,17.710001,8.1849982943955,3.526,M3e(H),1.44,-0.41,1.86,0.22,5.52,Simbad,05 35 05.67,-05 33 55.42,1,307,V408 Ori,M4e,1,H13,3160,-0.638,0.22,0.08,0.11,2.1,1.8,0.7,1.6,0.33,3.08,opt,P09,2,A,,Simbad,83.77401,-5.5655,1.43084862763743,0.31184358577972,0.0791312828659902
356,369,281,,,99,4.51,13.96,,3.04,17,8.0649982943955,3.518,M3.5(H),0.85,-0.26,2.27,0.19,4.87,Simbad,05 35 05.76,-05 27 01.12,1,267,2MASS J05350584-0527016,M3.5,1,H,3260,-0.352,0.26,0.07,0.12,1.2,1,0.4,2.09,0.39,3.15,opt,P09,3,N,,Simbad,83.77437,-5.45046,1.43021435450078,0.323267018357669,0.0791312828659902
357,370,283,,,99,4.61,15.17,,3.07,18.24,6.6749982943955,3.591,K8(H),3.48,-0.23,1.69,0.45,5.93,Simbad,05 35 05.79,-05 27 08.52,1,68,V2162 Ori,K8,1,H,3940,-0.33,0.66,0.08,0.08,3.6,1.3,1.9,1.47,0.18,7.39,opt,P09,2,,,Simbad,83.77453,-5.4525,1.52871552788023,0.482571096092447,0.0791312828659902
358,371,282,,,99,9.33,16.26,,,,,3.5,M4.5(H),0,-1.3,0.75,0.12,6.41,Simbad,05 35 06.01,-05 14 24.82,1,592,V2163 Ori,M4.5,1,H,3020,,,,,,,,,,0.78,opt,H02,3,,c,Simbad,83.77542,-5.24028,1.36927499408835,,0
359,372,285,,,99,4.31,15.06,,,,,3.509,M4(H),0,-0.87,1.18,0.17,6.12,Simbad,05 35 06.06,-05 19 55.42,1,610,JW 285,M4,1,H,3160,,,,,,,,,,4.82,opt,H02,,,c,Simbad,83.77562,-5.33212,1.3430734904308,,0
360,375,286,,,99,2.88,14.91,,2.78,17.69,5.8349982943955,3.643,K5(H),3.77,-0.08,1.58,0.82,6.31,Simbad,05 35 06.19,-05 22 02.32,1,33,2MASS J05350627-0522027,K5,1,H,4140,-0.188,0.88,0.22,0.2,4.1,2.1,4.3,1.57,0.23,3.81,opt,R09,,N,a,Simbad,83.77616,-5.36742,1.37715472867103,0.637042356904289,0.0791312828659902
361,376,290,,,99,4.47,15.48,,,,,,,,,,,,Simbad,05 35 06.33,-05 27 04.32,1,436,2MASS J05350642-0527048,M4.7,1,D10,2964,,,,,,,,,,3.1,opt,R09,2,,c,Simbad,83.77676,-5.45134,1.46890276284248,,0
362,380,294,,,99,8.17,15.41,,3.5,18.91,9.8649982943955,3.5,M4.5(H),0.96,-0.73,1.45,0.15,5.57,Simbad,05 35 06.36,-05 31 08.72,1,356,V2166 Ori,M4.5,1,H,3020,-0.839,0.15,0.06,0.1,2.2,2.01,1.2,1.39,0.28,2.57,opt,H02,2,,,Simbad,83.77691,-5.51924,1.56663953431618,0.163177170620534,0.0791312828659902
363,381,288,,,99,3.25,15.44,,2.73,18.17,10.0849982943955,3.494,M5(H),0,-0.94,1.17,0.13,6,Simbad,05 35 06.37,-05 21 18.52,1,590,JW 288,M5,1,H,2880,-1.08,,,,,,,1.16,0.26,3.3,opt,R09,,,b,Simbad,83.77692,-5.35522,1.38306537076202,0.153883824959072,0.0791312828659902
364,382,291,,1754,99,2.82,12.86,,2.07,14.929999,6.6049982943955,3.562,M1(H)K4-M0(Sam),0.24,-0.06,2.33,0.27,5.18,Simbad,05 35 06.42,-05 24 41.02,1,112,Parenago 1754,M1,1,H,3630,-0.22,0.43,0.09,0.08,1.3,0.3,0.6,1.96,0.27,1.91,opt,H02,,N,g,Simbad,83.77712,-5.4115,1.37943623116204,0.492492770832779,0.0791312828659902
365,383,292,,,99,2.98,15.8,,1.65,17.45,9.3649982943955,3.509,M4(H),0,-1.17,0.84,0.15,6.37,Simbad,05 35 06.45,-05 25 01.12,1,399,V2167 Ori,M4.5,1,H13,3020,-1.276,0.11,0.05,0.09,4.4,1.9,3.9,0.84,0.17,4.95,opt,R09,,,g,Simbad,83.77725,-5.41707,1.38437048181889,0.195231141482918,0.0791312828659902
366,384,5159,,,,9.8,17,,2.86,19.86,,,,,,,,,Simbad,05 35 06.47,-05 32 51.10,1,306,V2168 Ori,M3:,1,H13,3360,-1.607,0.22,0.09,0.09,26.5,16.5,32.5,0.46,0.08,2.39,opt,P09,2,,,Simbad,83.77736,-5.54765,1.50498345576788,,0
367,385,296,,,99,4.26,14.3,,3.31,17.61,9.05499929439551,3.5,M4.5e(H),0.47,-0.4,2.1,0.16,4.78,Simbad,05 35 06.50,-05 26 50.52,1,330,2MASS J05350660-0526509,M4.5e,1,H,3020,-0.514,0.19,0.09,0.08,0.4,0.32,1.6,2.02,0.4,,,,2,A,f,Simbad,83.7775,-5.44748,1.54796210581736,0.224869393186423,0.0791312828659902
368,389,299,,,22,3.56,15.43,,,,,,,,,,,,Simbad,05 35 06.82,-05 26 00.32,1,515,V2170 Ori,M3.5,1,H13,3260,,,,,,,,,,2.76,opt,H02,2,,c,Simbad,83.77879,-5.43351,1.37477129223087,,0
369,390,5064,,,,5.41,16.91,,,,,3.471,M6(H),0,-1.35,0.81,0.07,5.59,Simbad,05 35 07.05,-05 18 30.03,1,513,2MASS J05350713-0518305,M5,1,H13,2880,,,,,,,,,,1.9,opt,R09,2,,c,Simbad,83.77972,-5.30849,1.34703995113392,,0
370,391,300,,,99,2.49,14.3,,2.78,17.08,8.39499829439551,3.526,M2-M4:(H),0.6,-0.49,1.68,0.23,5.85,Simbad,05 35 07.18,-05 22 26.22,1,344,2MASS J05350727-0522266,M4.5,1,H13,3020,-0.676,0.16,0.06,0.11,1.2,1.1,1.3,1.68,0.33,2.74,opt,R09,,,g,Simbad,83.78032,-5.37407,1.50878588478518,0.291560672214511,0.0791312828659902
371,393,302,,,99,2.45,14.88,,,,,,,,,,,,Simbad,05 35 07.29,-05 22 28.72,1,512,[H97b] 302,M5.5,1,H13,2840,,,,,,,,,,0.77,opt,R09,2,,c,Simbad,83.78071,-5.37469,1.21184619030302,,0
372,395,304,,,99,3.99,15.07,,3.26,18.33,10.2449982943955,3.494,M5(H),0,-0.79,1.39,0.13,5.44,Simbad,05 35 07.35,-05 26 39.82,1,567,2MASS J05350744-0526401,M5,1,H,2880,-0.932,,,,,,,1.38,0.31,3.03,opt,H02,3,,b,Simbad,83.78103,-5.44449,1.49163105784598,0.147573969432905,0.0791312828659902
373,396,301,,,99,12.34,15.23,,3.02,18.25,,,,,,,,,Simbad,05 35 07.44,-05 11 14.32,1,76,V2174 Ori,K8.5,2,H13,3910,-0.42,0.63,0.17,0.25,4.4,2.3,5.6,1.34,0.21,7.92,opt,H02,2,,,Simbad,83.78137,-5.18737,1.3433781058481,,0
374,402,311,,,99,6.29,14.94,,3.13,18.07,8.9049982943955,3.518,M3.5(H)M3.8(P)M5(Eetal),1.08,-0.6,1.54,0.2,5.97,Simbad,05 35 07.75,-05 29 17.02,1,268,V1275 Ori,M3.5,1,H,3260,-0.688,0.26,0.1,0.09,2.4,1,1.1,1.42,0.27,6.14,opt,E93,3,,,Simbad,83.78269,-5.48817,1.48027388482051,0.239932616679935,0.0791312828659902
375,403,307,,,99,6.65,15.48,,2.47,17.949999,9.8649972943955,3.526,M3(H),0,-1.11,0.83,0.21,6.49,Simbad,05 35 07.76,-05 17 05.22,1,288,2MASS J05350786-0517053,M3,1,H,3360,-1.236,0.24,0.08,0.11,9.5,4.4,10.5,0.71,0.12,1.39,opt,R09,3,N,,Simbad,83.78276,-5.28481,1.53248057584707,0.163177189771982,0.0791312828659902
376,405,309,,,99,2.99,14.77,,2.03,16.800001,8.71499929439551,3.518,M3-M4(H),0,-0.79,1.23,0.19,6.13,Simbad,05 35 07.85,-05 21 16.92,1,295,V2178 Ori,M3.5,1,H13,3260,-0.932,0.23,0.08,0.11,3.7,1.3,3.2,1.07,0.2,0.72,opt,R09,,,g,Simbad,83.78312,-5.35479,1.51068601901027,0.259150598976619,0.0791312828659902
377,406,313,,1766,99,9.59,14.55,,2.3,16.85,7.46499829439551,3.58,M0(H),1.3,-0.5,1.3,0.5,6.33,Simbad,05 35 07.93,-05 32 43.82,1,93,LN Ori,M0,1,H,3770,-0.694,0.51,0.11,0.15,7,2.9,7,1.06,0.14,6.87,MIR,M11,2,,,Simbad,83.78341,-5.54564,1.40574244302208,0.380271283123426,0.0791312828659902
378,407,315,,,99,13.57,14.83,,2.85,17.68,9.2349982943955,3.518,M3.5(H),0.36,-0.73,1.32,0.2,6.09,Simbad,05 35 07.93,-05 36 46.62,1,287,V1485 Ori,M3.5,1,H,3260,-0.819,0.24,0.09,0.1,3,0.9,2.1,1.22,0.23,8.93,opt,R09,,,g,Simbad,83.78342,-5.61294,1.35594763476174,0.206658393441938,0.0791312828659902
379,408,316,,,99,13.03,15.24,,,,,,,,,,,,Simbad,05 35 07.95,-05 36 13.92,1,508,2MASS J05350803-0536140,M5.5,1,H13,2840,,,,,,,,,,4.03,opt,H02,3,,c,Simbad,83.7835,-5.60392,1.35719759899273,,0
380,411,318,,,99,6.17,15.95,,3.32,19.27,10.6849982943955,3.5,M4.5(H),0.5,-1.05,0.99,0.14,6.2,Simbad,05 35 08.16,-05 29 11.62,1,407,2MASS J05350825-0529121,M4.5,1,H,3020,-1.168,0.11,0.05,0.09,3.8,1.8,2.7,0.95,0.19,3.43,opt,R09,,,g,Simbad,83.78439,-5.4867,1.48431643022979,0.130526501976208,0.0791312828659902
381,412,317,,,99,2.38,14.83,,,,,,,,,,,,Simbad,05 35 08.20,-05 24 34.52,1,558,V2181 Ori,M5.5e,1,H13,2840,,,,,,,,,,8.13,opt,R09,,,c,Simbad,83.78457,-5.40969,1.49065809188481,,0
382,414,3025,,,,7.33,16.78,,,,,,M4::(H),,,,,,Simbad,05 35 08.26,-05 16 19.81,1,517,2MASS J05350834-0516204,M5,1,H13,2880,,,,,,,,,,4.12,opt,R09,2,,c,Simbad,83.78479,-5.27234,1.47244023355024,,0
383,415,320,,,99,5.49,14.73,,2.37,17.099998,5.4949962943955,3.695,K2(H),3.52,-0.08,1.25,1.16,6.94,Simbad,05 35 08.29,-05 28 28.92,1,28,V1397 Ori,K2,1,H,4760,-0.127,1.11,0.13,0.13,16,6.6,10,1.27,0.18,5.41,opt,H00,,,a,Simbad,83.78496,-5.47482,1.56013304046259,0.726238425400798,0.0791312828659902
384,417,323,,,99,2.76,13.92,,3.05,16.97,6.7849972943955,3.544,M2(H),2.1,-0.02,2.67,0.22,4.67,Simbad,05 35 08.44,-05 25 17.52,1,178,V2184 Ori,M2,1,H,3490,-0.144,0.35,0.06,0.08,1,0.6,0.2,2.32,0.32,11.37,opt,P09,2,,,Simbad,83.78555,-5.42166,1.44752725235172,0.466807954118588,0.0791312828659902
385,418,324,,,99,3.54,15.99,,,,,3.5,M4.5(H),0,-1.19,0.85,0.13,6.32,Simbad,05 35 08.50,-05 26 19.02,1,612,V2186 Ori,M4.5,1,H,3020,,,,,,,,,,6.25,opt,P09,,A,c,Simbad,83.78582,-5.43874,1.5121178649918,,0
386,421,328,,1765,99,8.65,12.86,,1.64,14.5,5.2849982943955,3.661,K4(H),1.13,0.09,1.77,0.94,6.23,Simbad,05 35 08.75,-05 31 48.52,1,30,LM Ori,K4,1,H,4330,0.023,1.09,0.3,0.23,3.3,1.7,3.7,1.83,0.28,18.83,opt,Rh01,2,,"a,d",Simbad,83.78688,-5.53031,1.62423488041443,0.784481234904566,0.0791312828659902
387,422,3045,,,,4.27,16.5,,,,,,,,,,,,Simbad,05 35 08.82,-05 19 32.77,1,538,V2188 Ori,M4,1,H13,3160,,,,,,,,,,1.23,opt,R09,,,c,Simbad,83.78712,-5.32589,1.39545485651591,,0
388,424,327,,,99,3.61,15.92,,1.56,17.48,9.39499829439551,3.509,M4(H),0,-1.21,0.79,0.15,6.41,Simbad,05 35 08.95,-05 20 17.12,1,353,2MASS J05350904-0520172,M4,1,H,3160,-1.372,0.15,0.07,0.12,6.9,2.9,12.6,0.69,0.14,1.16,opt,R09,2,A,,Simbad,83.78771,-5.33813,1.50675475527564,0.192861175181699,0.0791312828659902
389,425,330,,1773,99,6.86,11.78,,1.42,13.2,4.26499729439551,3.679,K1-K4(H)K1IV-Ve(Par)K3(CK)K3(D)K3-K5.5(P)K6(Eetal),0.85,0.45,2.46,1.07,5.89,Simbad,05 35 08.96,-05 29 58.72,1,20,V356 Ori,K3,1,StE,4550,0.403,1.44,0.37,0.29,1.8,0.8,2,2.56,0.38,1.57,opt,H00,,N,a,Simbad,83.78773,-5.49977,1.49156200387809,1.17726116992843,0.0791312828659902
390,429,331,,,,2.98,16.17,,,,,,,,,,,,Simbad,05 35 09.37,-05 20 58.22,2,616,2MASS J05350947-0520588,M6,1,Luc01,2800,,,,,,,,,,3.17,opt,R09,2,,c,Simbad,83.7895,-5.34967,1.74622429998065,,0
391,431,333,,,99,4.93,14.7,,1.92,16.619999,8.5349972943955,3.483,M5-M6(H),0,-0.56,1.89,0.13,4.67,Simbad,05 35 09.50,-05 27 59.52,1,402,2MASS J05350959-0527599,M5.5,2,H13,2840,-0.712,0.11,0.06,0.15,0.2,0.17,2.4,1.82,0.58,7.14,opt,R09,2,N,,Simbad,83.79,-5.46667,1.57214633111758,0.277147230242564,0.0791312828659902
392,432,334,,,99,5.29,13.64,,2.35,15.99,6.9549982943955,3.562,M1e(H),0.95,-0.2,1.99,0.3,5.72,Simbad,05 35 09.50,-05 28 22.52,1,131,V484 Ori,M1e,1,H,3630,-0.382,0.41,0.05,0.11,1.8,0.4,1.4,1.63,0.23,5.27,opt,H00,2,A,,Simbad,83.78997,-5.47301,1.42122969674547,0.443189668874397,0.0791312828659902
393,433,335,,,99,3.46,15.57,,1.31,16.88,8.7949982943955,3.562,M1e(H),0,-1.21,0.63,0.4,7.24,Simbad,05 35 09.55,-05 26 22.82,1,152,V2191 Ori,M1e,1,H,3630,-1.304,0.37,0.08,0.11,28,13,31,0.56,0.08,8.01,opt,R09,2,A,a,Simbad,83.79022,-5.43982,1.62462901308884,0.251145690670839,0.0791312828659902
394,435,332,,,99,2.6,14.25,,2.07,16.32,8.2349982943955,3.518,M3.5(H),0,-0.59,1.56,0.2,5.94,Simbad,05 35 09.60,-05 21 24.72,1,217,[H97b] 332,M3,1,H13,3360,-0.744,0.29,0.09,0.09,2.9,0.6,1.8,1.26,0.21,,,,,,f,Simbad,83.79033,-5.35689,1.18579039446501,0.307075697188433,0.0791312828659902
395,437,337,,1771,99,1.69,11.71,,1.76,13.47,5.2649982943955,3.591,K8(H)K4-M0(Sam),0.12,0.34,3.23,0.25,4.42,Simbad,05 35 09.67,-05 23 26.52,1,82,V1326 Ori,K8,1,H,3940,0.236,0.61,0.09,0.1,0.7,0.1,0.2,2.82,0.34,19.5,opt,H00,3,N,d,Simbad,83.79063,-5.39076,1.23170056960883,0.790441476415132,0.0791312828659902
396,438,338,,,99,4.16,14.42,,3.45,17.87,7.8849992943955,3.518,M3.5-M4(H)M3(Eetal),1.9,-0.19,2.46,0.17,4.57,Simbad,05 35 09.76,-05 19 33.82,1,204,2MASS J05350985-0519339,M3,1,E,3360,-0.207,0.3,0.06,0.11,1.1,0.9,0.2,2.33,0.39,7.35,opt,R09,2,,,Simbad,83.79105,-5.32611,1.38526790171356,0.340352230383393,0.0791312828659902
397,445,340,,,99,1.8,14,,,,,,,,,,,,Simbad,05 35 10.05,-05 22 32.32,1,528,2MASS J05351014-0522326,M2,1,H13,3490,,,,,,,,,,,,,,,"c,f",Simbad,83.79227,-5.37574,1.45693927736488,,0
398,447,339,,,99,3.41,15.25,,1.94,17.19,9.10499829439551,3.518,M3.5(H),0,-0.99,0.99,0.18,6.28,Simbad,05 35 10.09,-05 20 20.92,1,318,V2199 Ori,M3.5,1,H,3260,-1.124,0.21,0.08,0.1,5.5,1.9,6,0.86,0.16,,,,,,f,Simbad,83.79246,-5.33919,1.50840781448657,0.219798331984219,0.0791312828659902
399,448,3056,,,,2.85,16.76,,,,,,,,,,,,Simbad,05 35 10.10,-05 20 59.93,2,619,[H97b] 3056,M6.25,0.25,RRL,2762.5,,,,,,,,,,3.86,opt,R09,2,,c,Simbad,83.79242,-5.35008,1.2587046682241,,0
400,451,3047,,,,3.78,15.33,,3.31,18.64,10.0849982943955,3.5,M4.5(H),0.47,-0.81,1.31,0.15,5.95,Simbad,05 35 10.21,-05 19 55.85,1,363,2MASS J05351029-0519563,M4.5,1,H,3020,-0.926,0.14,0.06,0.09,2.4,2.1,1.5,1.26,0.25,2.66,opt,R09,,,g,Simbad,83.79291,-5.33231,1.40008829848799,0.153883824959072,0.0791312828659902
401,456,3104,,,,3.02,15.73,,,,,,,,,,,,Simbad,05 35 10.39,-05 25 59.93,1,507,2MASS J05351047-0526003,M5.5,1,H13,2840,,,,,,,,,,3.12,opt,P09,3,,c,Simbad,83.79365,-5.43342,1.33981489744997,,0
402,459,349,,,99,1.73,16.53,,1.92,18.45,,,K:(H),,,,,,Simbad,05 35 10.47,-05 24 15.92,1,497,V2202 Ori,K9,2,H13,3880,-1.656,,,,,,,0.33,0.06,9.25,opt,P09,,,b,Simbad,83.79393,-5.40458,1.23188187942404,,0
403,460,353,,,99,9.96,14.92,,3.73,18.65,9.4049982943955,3.494,M5(H),1.16,-0.44,2.06,0.15,4.72,Simbad,05 35 10.48,-05 33 13.22,1,382,2MASS J05351057-0533136,M5,1,H,2880,-0.61,0.13,0.07,0.1,0.2,0.16,2,1.99,0.45,1.65,opt,R09,3,N,,Simbad,83.79407,-5.55378,1.4963626628886,0.192230432207356,0.0791312828659902
404,461,347,,1782,99,2.07,12.53,,1.75,14.28,5.7749982943955,3.602,K3-K7(H)M0(H)M2(Eetal)K2-K4(Sam),0.42,0.09,2.31,0.41,5.59,Simbad,05 35 10.49,-05 21 55.92,1,39,V1227 Ori,K5,1,StE,4140,0.121,0.83,0.21,0.26,1.4,0.5,1.4,2.23,0.33,7.33,opt,C96,,,g,Simbad,83.79408,-5.36562,1.36818633121099,0.652224336902309,0.0791312828659902
405,463,352,,1784,99,1.49,10.36,,2.1,12.459999,3.3849972943955,3.591,K8(H)M0.1(P)M1(Eetal)K2V(HT)K5IV(Ham)K2-K3(Sam),0.99,1.09,7.68,,,Simbad,05 35 10.64,-05 23 44.22,1,47,LQ Ori,K8,1,H,3940,0.989,0.75,0.11,0.08,0.03,0.02,0.03,6.72,0.8,8,opt,H00,3,N,,Simbad,83.79471,-5.39572,1.40030764583853,,0
406,466,3102,,,,2.93,17.35,,,,,,,,,,,,Simbad,05 35 10.75,-05 25 56.58,1,550,2MASS J05351083-0525569,M6.5,1,H13,2725,,,,,,,,,,4.26,opt,H02,,,c,Simbad,83.79516,-5.4325,1.38524977745255,,0
407,468,355,,,99,1.52,15.03,,,,,,mid-K::(H),,,,,,Simbad,05 35 10.83,-05 22 46.03,2,443,2MASS J05351091-0522463,M2.7,1,D10,3399,,,,,,,,,,,,,2,A,"c,f",Simbad,83.79549,-5.37955,1.35422308035021,,0
408,469,356,,,99,1.99,13.71,,,,,3.526,M3e(H),0,-0.4,1.87,0.22,5.5,Simbad,05 35 10.84,-05 24 48.22,1,600,V2207 Ori,M3e,1,H,3360,,,,,,,,,,4.69,opt,H02,2,A,c,Simbad,83.7956,-5.4135,1.59885583151506,,0
409,470,362,,,99,11.69,13.91,,3.23,17.14,8.7849972943955,3.5,M4.5(H),0.27,-0.29,2.38,0.15,4.48,Simbad,05 35 11.03,-05 34 59.32,1,331,V1488 Ori,M4.5,1,H,3020,-0.408,0.19,0.07,0.09,0.2,0.13,1.3,2.28,0.45,2.73,opt,H00,3,,,Simbad,83.79635,-5.58323,1.43671347787949,0.251956938464499,0.0791312828659902
410,474,358,,,99,6.17,14.87,,3.28,18.15,6.7249972943955,3.562,M1(H),3.34,-0.11,2.21,0.28,5.4,Simbad,05 35 11.11,-05 17 20.72,1,121,V2214 Ori,M1,1,H,3630,-0.294,0.42,0.09,0.1,1.5,0.3,0.8,1.8,0.25,4.03,opt,H02,2,,,Simbad,83.79673,-5.28915,1.5866079194299,0.475274041084136,0.0791312828659902
411,476,3005,,,,9.45,16.52,,4.32,20.84,9.69499829439551,3.5,M4.5(H),3.06,-0.66,1.57,0.15,5.38,Simbad,05 35 11.25,-05 14 01.11,1,349,2MASS J05351133-0514015,M4.5,1,H,3020,-0.772,0.16,0.07,0.08,2.1,1.91,0.8,1.5,0.3,1.71,opt,R09,2,,,Simbad,83.79725,-5.23378,1.43364546267644,0.170445281479475,0.0791312828659902
412,477,361,,,99,4.37,13.7,,2.12,15.82,,,,,,,,,Simbad,05 35 11.28,-05 19 11.92,1,113,2MASS J05351138-0519121,M1,1,H,3630,-0.55,0.43,0.09,0.1,3.1,1.1,1.8,1.34,0.19,2.94,opt,H02,,,g,Simbad,83.79742,-5.32003,1.51717987633296,,0
413,478,365,,1800,99,2.94,11.7,,1.96,13.66,3.3449982943955,3.679,K2-K3(Sam),2.23,0.82,3.76,1.11,5.45,Simbad,05 35 11.40,-05 26 01.82,1,27,LU Ori,K4,1,StE,4330,0.687,1.11,0.33,0.48,0.5,0.1,0.4,3.93,0.6,4.08,opt,H00,3,,,Simbad,83.7979,-5.43398,1.52087762481255,,0
414,479,364,,1799,99,6.53,10.94,,1.85,12.79,1.5949982943955,3.766,G0-G2(WSH)K0:IV-V(W),3.11,1.38,4.82,3.04,,Simbad,05 35 11.53,-05 16 57.52,1,1,LT Ori,G8,1,StE,5210,1.128,2.73,0.21,0.27,1.8,0.5,0.6,4.49,0.54,0.5,opt,G95,,,"a,e",Simbad,83.79845,-5.2827,1.47735659825191,,0
415,481,366,,,98,1.56,14.99,,3.98,18.97,8.8849982943955,3.497,M4.5-M5e(H),2,-0.29,2.43,0.15,4.4,Simbad,05 35 11.55,-05 24 20.92,1,334,2MASS J05351165-0524213,M4.75,1,H,2950,-0.424,0.18,0.08,0.09,0.2,0.17,1.2,2.35,0.49,4.03,opt,R09,3,A,,Simbad,83.79855,-5.40594,1.59229994242622,0.241830649560229,0.0791312828659902
416,483,368,,,99,1.29,15.29,,,,,,,,,,,,Simbad,05 35 11.62,-05 23 51.62,2,433,2MASS J05351172-0523518,M4.4,1,D10,3048,,,,,,,,,,1.14,opt,R09,2,,c,Simbad,83.79875,-5.39758,1.23995241751277,,0
417,486,369,,,99,1.87,14.7,,1.48,16.18,,,,,,,,,Simbad,05 35 11.68,-05 21 55.32,1,398,2MASS J05351178-0521555,M5.5,1,H13,2840,-0.712,0.11,0.03,0.05,0.2,0.12,1.5,1.82,0.32,3.95,opt,R09,,,g,Simbad,83.79908,-5.36544,1.5048190718315,,0
418,487,367,,,99,6.06,16.21,,,,,,,,,,,,Simbad,05 35 11.75,-05 17 25.82,1,556,2MASS J05351185-0517259,M3.5,1,H13,3260,,,,,,,,,,6.85,opt,R09,,,c,Simbad,83.79937,-5.29056,1.48864601140899,,0
419,489,375,,1801,98,8.62,12.45,,1.87,14.32,,,,,,,,,Simbad,05 35 11.79,-05 31 54.92,1,102,Parenago 1801,M0.5,1,H,3700,-0.064,0.46,0.09,0.1,1,0.2,0.4,2.26,0.31,3.06,opt,P09,,,g,Simbad,83.79953,-5.53202,1.49328928232912,,0
420,495,374,,,99,4.12,15.52,,5.4,20.92,,,,,,,,,Simbad,05 35 11.98,-05 19 24.52,1,578,[OW94] 121-925,M4.5,1,H,3020,0.302,,,,,,,5.17,1.02,6.45,opt,R09,2,,b,Simbad,83.80033,-5.3235,1.48374016024935,,0
421,496,376,,,91,1.61,15.97,,,,,,,,,,,,Simbad,05 35 12.05,-05 24 33.42,1,527,V2224 Ori,M1.5,2,H13,3560,,,,,,,,,,,,,,,"c,f",Simbad,83.80054,-5.40939,1.2491687094286,,0
422,498,379,,,99,7.04,15.21,,3.87,19.08,10.2449982943955,3.483,M5.4(P),0.75,-0.58,1.84,0.13,4.71,Simbad,05 35 12.06,-05 30 19.72,1,417,V1276 Ori,M5.4,1,P,2848,-0.782,0.1,0.03,0.06,0.2,0.1,2.1,1.67,0.3,5.59,opt,P09,2,,,Simbad,83.80067,-5.5056,1.56802434827198,0.147573969432905,0.0791312828659902
423,499,381,,1809,99,7.24,13.25,,2.11,15.36,6.67499729439551,3.571,M0.5(H),0.6,-0.14,2.04,0.32,5.7,Simbad,05 35 12.11,-05 30 32.42,1,107,LW Ori,M0.5,1,H,3700,-0.334,0.45,0.06,0.13,1.8,0.5,1.4,1.66,0.23,7.75,opt,P09,2,,,Simbad,83.80087,-5.50914,1.55252608873145,0.482571170226526,0.0791312828659902
424,500,378,a,1808,99,1.14,12.89,,2.11,15,6.1049982943955,3.58,K1(H)M0(Sam),0.81,0.05,2.44,0.31,5.27,Simbad,05 35 12.17,-05 23 47.72,1,614,V1228 Ori,K1,1,H,4920,,,,,,,,,,9.03,opt,H00,,,c,Simbad,83.80115,-5.39666,1.60351928569054,0.57785186482701,0.0791312828659902
425,512,387,,,99,3.91,16.1,,,,,3.54,M2-2.5(H),0,-1.4,0.56,0.25,7.08,Simbad,05 35 12.59,-05 19 35.22,2,613,V2225 Ori,M3,1,H,3360,,,,,,,,,,7.44,opt,H02,,,c,Simbad,83.80287,-5.3265,1.4865386310163,,0
426,513,392,,,99,3.91,15.21,,,,,3.465,M6-M6.5(H),0,-0.62,1.93,0.11,4.48,Simbad,05 35 12.60,-05 27 10.32,1,609,JW 392,M6.25,1,H,2762.5,,,,,,,,,,3.9,opt,P09,,,c,Simbad,83.80295,-5.45295,1.64033564431978,,0
427,514,383,,,99,7.22,14.57,,3.06,17.63,8.2349982943955,3.526,M3(H),1.31,-0.43,1.82,0.22,5.64,Simbad,05 35 12.61,-05 16 13.32,1,202,V1492 Ori,M3,1,H,3360,-0.51,0.31,0.09,0.09,1.8,0.5,0.7,1.64,0.27,7.11,opt,S99,3,,,Simbad,83.80295,-5.27042,1.47632358674315,0.307075697188433,0.0791312828659902
428,515,386,,,99,6.57,14.05,,3.5,17.55,4.5549972943955,3.602,K6-K8(H),4.91,0.57,4.04,0.31,4.15,Simbad,05 35 12.64,-05 16 52.62,1,50,2MASS J05351273-0516527,K8,1,H13,3940,0.386,0.72,0.19,0,0.6,0.2,0.1,3.35,0.4,1.08,opt,R09,3,N,,Simbad,83.80308,-5.28133,1.49117700323059,1.04341309574191,0.0791312828659902
429,517,390,,,99,2.88,15.05,,2.55,17.6,9.51499829439551,3.494,M5(H),0,-0.78,1.4,0.13,5.42,Simbad,05 35 12.69,-05 20 38.82,1,258,2MASS J05351278-0520390,M3,1,H13,3360,-1.02,0.26,0.08,0.09,5.6,2.1,4.4,0.91,0.15,2.42,opt,R09,,,g,Simbad,83.80321,-5.34417,1.2160112255892,0.183775872216152,0.0791312828659902
430,518,388,,,99,8.03,13.57,,2.62,16.189999,5.4549972943955,3.602,K5(H)M0.3(P)M1(Eetal),2.65,0.22,2.67,0.38,5.4,Simbad,05 35 12.72,-05 15 23.82,1,38,V485 Ori,K5,1,H,4140,0.248,0.83,0.2,0.25,1,0.3,0.8,2.59,0.38,9.08,opt,E93,3,N,,Simbad,83.80341,-5.25667,1.4822799026788,0.737492153111116,0.0791312828659902
431,523,393,,,99,4.4,15.1,,3.1,18.2,,,,,,,,,Simbad,05 35 12.91,-05 19 03.92,1,53,V2230 Ori,K6,1,D10,4020,-0.145,0.71,0.11,0.16,2.3,0.8,1.8,1.75,0.23,4.85,opt,R09,3,,,Simbad,83.80421,-5.31782,1.51735910031352,,0
432,526,394,,,99,3,14.98,,3.84,18.82,4.5849982943955,3.623,K6(H),6.15,0.49,3.32,0.47,5.07,Simbad,05 35 12.94,-05 20 30.02,1,63,2MASS J05351304-0520302,K6,1,H,4020,0.364,0.68,0.12,0.18,0.6,0.1,0.2,3.14,0.41,4.48,opt,R09,3,,,Simbad,83.80435,-5.34174,1.57227370609557,1.03068319670245,0.0791312828659902
433,527,402,,,99,10.71,15.27,,3.73,19,10.5249982943955,3.483,M5.5(H),0.39,-0.7,1.62,0.12,4.92,Simbad,05 35 12.95,-05 34 03.22,1,579,V2231 Ori,M5.5,1,H,2840,-0.928,,,,,,,1.42,0.25,6.71,opt,R09,2,A,b,Simbad,83.80433,-5.56766,1.37845150443353,0.136692189351101,0.0791312828659902
434,528,9029,,,,1.42,14.21,,3.28,17.49,9.0049982943955,3.5,M4.5(H),0.4,-0.38,2.15,0.15,4.73,Simbad,05 35 12.96,-05 22 14.78,1,323,2MASS J05351304-0522151,M4.5,1,H,3020,-0.496,0.2,0.09,0.07,0.5,0.42,1.4,2.06,0.41,0.86,opt,R09,,N,"e,g",Simbad,83.80425,-5.37092,1.04207838493441,0.229715296612923,0.0791312828659902
435,531,9032,,,,2.32,15.64,,3.82,19.460001,7.6849982943955,3.535,M2.5e(H),3.69,-0.3,2.02,0.23,5.34,Simbad,05 35 13.03,-05 21 13.01,1,385,V2232 Ori,M5,1,H13,2880,-0.842,0.12,0.05,0.08,0.5,0.3,2.4,1.53,0.34,6.58,opt,R09,,A,g,Simbad,83.8045,-5.35372,0.838765260850371,0.359336595432097,0.0791312828659902
436,537,401,,,99,1.75,12.51,,2.59,15.1,2.5949982943955,3.719,K0-K2e(H)<M0(Sam),4.42,1.04,4.02,2.42,5.85,Simbad,05 35 13.11,-05 24 54.92,1,4,V2235 Ori,K1,1,H,4920,0.917,2.47,0.27,0.2,1.4,0.5,0.8,3.96,0.52,17.91,opt,H02,2,A,"a,d",Simbad,83.805,-5.4154,1.44106480432215,,0
437,543,414,,,99,13.91,15.92,,,,,,,,,,,,Simbad,05 35 13.23,-05 37 16.02,1,499,2MASS J05351331-0537158,M5.5,1,H13,2840,,,,,,,,,,0.87,opt,R09,3,,c,Simbad,83.8055,-5.62106,1.35890796319782,,0
438,548,406,,,99,6.25,13.88,,3.41,17.29,5.5349992943955,3.562,M1(H),3.67,0.37,3.83,0.21,3.91,Simbad,05 35 13.36,-05 17 10.12,1,127,V1327 Ori,M1,1,H,3630,0.183,0.41,0.07,0.14,0.6,0.51,0.2,3.12,0.43,2.26,opt,S99,2,N,,Simbad,83.80607,-5.28621,1.46495894402369,0.715128095812663,0.0791312828659902
439,549,416,,,99,7.46,14.09,,2.72,16.81,8.70499729439551,3.518,M3.5(H),0.02,-0.52,1.7,0.21,5.81,Simbad,05 35 13.38,-05 30 47.72,1,289,V1493 Ori,M3.5,1,H,3260,-0.604,0.24,0.07,0.12,2,1.4,0.9,1.57,0.29,2.11,opt,P09,3,N,,Simbad,83.80617,-5.51337,1.56037978421573,0.259963468565763,0.0791312828659902
440,552,408,,,99,6.14,15.35,,3.47,18.82,8.3649982943955,3.526,M3(H),2.37,-0.48,1.71,0.23,5.83,Simbad,05 35 13.41,-05 17 17.22,1,201,2MASS J05351351-0517173,M3,1,H,3360,-0.566,0.31,0.09,0.08,2,0.5,1,1.54,0.26,3.03,opt,R09,3,N,,Simbad,83.8063,-5.28815,1.5282067156017,0.294587554366596,0.0791312828659902
441,553,411,,1820,99,1.29,13.54,,2.59,16.13,6.7049972943955,3.555,M1.4(P),1.34,-0.06,2.41,0.26,5.01,Simbad,05 35 13.42,-05 22 19.22,1,150,[FW2011] J053513.515-052219.340,M1.4,1,P,3574,-0.228,0.38,0.07,0.1,1.2,0.2,0.5,2.01,0.28,,,,,,f,Simbad,83.80629,-5.37211,1.38992052210639,0.477923251802036,0.0791312828659902
442,554,415,,,99,4.16,14.25,,3.04,17.29,7.94499829439551,3.526,M3(H),1.26,-0.31,2.08,0.21,5.18,Simbad,05 35 13.43,-05 27 28.22,1,224,2MASS J05351352-0527286,M3,1,H,3360,-0.395,0.29,0.06,0.09,1.4,0.6,0.5,1.88,0.31,2.05,opt,R09,,N,g,Simbad,83.80637,-5.45796,1.5383596598115,0.33493579483173,0.0791312828659902
443,557,418,,,99,4.63,14.83,,3.19,18.02,,,,,,,,,Simbad,05 35 13.47,-05 27 56.92,1,384,2MASS J05351356-0527573,M5,1,H13,2880,-0.836,0.12,0.05,0.09,0.5,0.35,2.4,1.54,0.35,4.9,opt,P09,,,g,Simbad,83.80652,-5.46592,1.46880954135498,,0
444,559,417,,,98,1.27,13.95,,2.44,16.39,6.8649972943955,3.571,M0.5(H),1.44,-0.22,1.87,0.35,5.78,Simbad,05 35 13.51,-05 24 25.22,1,103,V1494 Ori,M0.5,1,H,3700,-0.408,0.46,0.07,0.1,2.3,0.7,1.6,1.52,0.21,7.37,opt,P09,,,g,Simbad,83.80672,-5.40717,1.64533111528609,0.455876082945994,0.0791312828659902
445,560,421,,1827,99,7.61,11.48,,1.46,12.94,4.4749972943955,3.643,K5e(H)F8-G0III-IV(?),0.38,0.47,2.96,0.62,5.47,Simbad,05 35 13.51,-05 30 57.12,1,42,V488 Ori,K5e,1,H,4140,0.36,0.79,0.18,0.32,0.7,0.1,0.6,2.94,0.43,8.84,opt,P09,2,A,,Simbad,83.80668,-5.516,1.47198715832965,1.0765141051787,0.0791312828659902
446,561,9047,,,,2.95,16.42,,4.24,20.66,7.4149982943955,3.544,M2:(H)late-K(H),5.16,-0.27,1.99,0.25,5.54,Simbad,05 35 13.51,-05 20 30.99,2,168,2MASS J05351359-0520314,M2:,1,H13,3490,-0.401,0.35,0.06,0.09,1.6,0.3,0.6,1.72,0.24,0.77,opt,R09,,N,g,Simbad,83.80654,-5.34206,0.986805179586226,0.385068788435287,0.0791312828659902
447,563,422,,,99,5.44,14.43,,3.27,17.7,,,,,,,,,Simbad,05 35 13.56,-05 28 45.92,1,208,V1495 Ori,M3,1,H13,3360,-0.323,0.3,0.07,0.1,1.3,0.8,0.3,2.04,0.34,5.94,opt,P09,2,,,Simbad,83.8069,-5.47953,1.48500388289199,,0
448,566,420,,1821,99,1.23,13.6,,3.26,16.86,,,,,,,,,Simbad,05 35 13.64,-05 22 21.62,1,156,2MASS J05351374-0522219,M2e,1,H13,3490,0.116,0.36,0.07,0.09,0.4,0.35,0.4,3.12,0.43,,,,,,f,Simbad,83.80712,-5.37283,1.17401465998868,,0
449,567,430,,,99,11.56,15.69,,3.85,19.539999,,,,,,,,,Simbad,05 35 13.66,-05 34 54.72,1,389,V2247 Ori,M5,1,H13,2880,-0.843,0.12,0.05,0.08,0.5,0.3,2.4,1.52,0.34,2.47,opt,R09,2,,,Simbad,83.80732,-5.58192,1.45781378933445,,0
450,568,419,,,99,4.01,15.19,,2.02,17.21,,,,,,,,,Simbad,05 35 13.69,-05 19 25.32,1,138,2MASS J05351379-0519254,M1,1,H13,3630,-1.152,0.38,0.07,0.13,17.5,7.5,20.5,0.67,0.09,3.5,opt,R09,3,,,Simbad,83.80747,-5.32374,1.5420864651758,,0
451,571,428,,,99,7.06,13.97,,2.59,16.56,7.9349972943955,3.535,M2.5(H),0.54,-0.4,1.79,0.25,5.76,Simbad,05 35 13.71,-05 30 23.92,1,260,2MASS J05351380-0530244,M3.5,1,H13,3260,-0.612,0.26,0.09,0.1,2.1,1.4,0.9,1.55,0.29,1.41,opt,P09,3,N,,Simbad,83.80752,-5.50679,1.5093174117725,0.33586463324367,0.0791312828659902
452,573,427,,,99,4.29,14.77,,,,,,,,,,,,Simbad,05 35 13.73,-05 27 36.52,1,551,2MASS J05351382-0527368,M3,1,H13,3360,,,,,,,,,,4.41,opt,R09,,,c,Simbad,83.80759,-5.46025,1.419571255495,,0
453,576,429,,,99,3.57,12.69,,1.75,14.44,3.6649982943955,3.753,late-G(H),2.69,0.57,2.01,1.62,6.81,Simbad,05 35 13.95,-05 19 51.82,1,49,V2252 Ori,K6,1,StE,4020,-0.024,0.73,0.14,0.12,1.7,0.6,0.9,2.01,0.26,,,,,N,f,Simbad,83.80855,-5.33112,1.53806252734263,,0
454,578,3099,,,,2.53,14.94,,,,,3.5,M4.5(H),0,-0.77,1.37,0.15,5.8,Simbad,05 35 13.95,-05 25 49.64,1,532,2MASS J05351404-0525499,M6,1,H13,2800,,,,,,,,,,0.73,opt,R09,,,c,Simbad,83.80851,-5.43055,1.42105269867507,,0
455,580,432,,1822,99,0.98,13.04,,3.26,16.3,6.3849972943955,3.526,M3.1(P),1.83,0.31,4.25,0.13,3.34,Simbad,05 35 13.98,-05 22 36.22,1,215,Parenago 1822,M3.1,1,P,3340,0.212,0.3,0.08,0.09,0.05,0.03,0.35,3.81,0.65,,,,,,f,Simbad,83.80862,-5.37683,1.37625188863062,0.529211569315678,0.0791312828659902
456,581,3093,,,,2.05,15.4,,,,,,,,,,,,Simbad,05 35 13.98,-05 25 19.97,2,530,2MASS J05351405-0525203,M6,1,H13,2800,,,,,,,,,,,,,,,"c,f",Simbad,83.80857,-5.42231,1.19790227152305,,0
457,596,439,,,99,5.98,14.97,,3.33,18.3,6.74499729439551,3.562,M1(H),3.47,-0.12,2.19,0.28,5.45,Simbad,05 35 14.35,-05 17 25.22,1,109,V1329 Ori,M1,1,H,3630,-0.303,0.44,0.09,0.08,1.6,0.4,0.7,1.78,0.25,8.26,opt,R09,,,g,Simbad,83.81023,-5.29041,1.59199581532667,0.472727960387233,0.0791312828659902
458,597,447,,,99,9.41,14.82,,3.33,18.15,,,,,,,,,Simbad,05 35 14.35,-05 32 46.02,1,236,V1498 Ori,M3,1,H13,3360,-0.442,0.28,0.06,0.1,1.5,0.5,0.7,1.78,0.3,2.6,opt,P09,2,,,Simbad,83.81019,-5.54625,1.50583793668734,,0
459,598,449,,,99,9.95,16.03,,2.47,18.5,7.4449982943955,3.643,K5(P)K4-M0:(H),2.97,-0.72,0.75,0.78,7.54,Simbad,05 35 14.35,-05 33 18.62,1,56,V2260 Ori,K5,1,P,4140,-0.829,0.71,0.06,0.05,38,16,21,0.75,0.11,7.56,NIR,C01,2,N,a,Simbad,83.81019,-5.5553,1.49956171335384,0.382184209661687,0.0791312828659902
460,600,446,,,99,5.69,16.19,,2.98,19.17,11.0849982943955,3.5,M4.5(H),0,-1.27,0.77,0.13,6.38,Simbad,05 35 14.40,-05 29 02.82,1,566,2MASS J05351450-0529032,M4.5,1,H,3020,-1.432,,,,,,,0.7,0.14,2.86,opt,P09,3,,b,Simbad,83.81043,-5.48424,1.60360614085978,0.114839448460246,0.0791312828659902
461,601,442,,,99,1.37,15.33,,3.28,18.61,8.64499929439551,3.526,M3(H),1.88,-0.59,1.5,0.23,5.99,Simbad,05 35 14.41,-05 22 06.22,1,228,[H97b] 20123,M3,1,H,3360,-0.677,0.29,0.09,0.09,2.5,0.5,1.5,1.36,0.23,7.25,opt,R09,,A,g,Simbad,83.81037,-5.36856,1.31913235287487,0.266025281141871,0.0791312828659902
462,602,444,,,99,6.63,15.53,,3.45,18.98,,,,,,,,,Simbad,05 35 14.53,-05 16 46.02,1,322,2MASS J05351463-0516461,M4,1,H13,3160,-0.798,0.2,0.08,0.12,2.6,2.3,1.4,1.33,0.28,2.99,opt,R09,,,g,Simbad,83.81097,-5.27949,1.54219602138675,,0
463,609,9069,,,,0.57,15.45,,3.67,19.119999,6.9249962943955,3.555,M0.5-M2.5(H),4.11,-0.15,2.17,0.27,5.34,Simbad,05 35 14.60,-05 23 01.92,2,134,2MASS J05351465-0523018,M1.5,2,H,3560,-0.331,0.39,0.14,0.19,1.5,0.4,1.6,1.8,0.37,0.9,opt,R09,,,g,Simbad,83.81092,-5.38394,0.407655494229418,0.446975468475039,0.0791312828659902
464,612,451,,,98,0.43,12.2,,,,,3.526,M3e(H),0,0.2,3.74,0.14,3.67,Simbad,05 35 14.68,-05 23 22.42,1,605,[BOM2000] d147-323,M3e,1,H,3360,,,,,,,,,,,,,,A,"c,f",Simbad,83.81138,-5.38963,0.803818604236202,,0
465,619,454,,1840,99,0.83,11.86,,2.1,13.959999,3.5649982943955,3.661,K4(H)K7(Eetal)K4-M0(Sam),2.31,0.78,3.9,0.81,5.31,Simbad,05 35 14.81,-05 22 38.82,1,25,V1330 Ori,K4,1,H,4330,0.71,1.15,0.35,0.4,0.5,0.1,0.3,4.03,0.62,8.67,opt,H00,3,,,Simbad,83.81208,-5.37756,1.38972528297765,,0
466,624,466,,,99,13.28,14.45,,2.88,17.33,8.80499829439551,3.518,M3.5(P),0.44,-0.56,1.61,0.21,5.9,Simbad,05 35 14.85,-05 36 38.81,1,279,V1500 Ori,M3.5,1,P,3260,-0.648,0.25,0.09,0.11,2.2,0.9,1,1.49,0.28,6.12,opt,S99,2,,,Simbad,83.81215,-5.61088,1.04828195407682,0.250006603154419,0.0791312828659902
467,633,9086,,,,0.92,15.62,,4.16,19.779999,11.1149972943955,3.471,M6(H),0.58,-0.69,1.72,0.11,4.69,Simbad,05 35 14.98,-05 22 31.52,2,582,[H97b] 20076,M6,1,H,2800,-0.971,,,,,,,1.39,0.22,,,,3,,"b,f",Simbad,83.81242,-5.37539,0.116613619438346,0.113663806435098,0.0791312828659902
468,642,9092,,,,2.91,16,,3.85,19.85,9.35499829439551,3.509,M4(H),2.41,-0.66,1.5,0.18,5.88,Simbad,05 35 15.19,-05 20 29.12,1,320,2MASS J05351527-0520290,M4,1,H,3160,-0.736,0.21,0.08,0.12,2.4,2.1,1.1,1.43,0.3,2.59,opt,R09,,A,g,Simbad,83.81354,-5.34142,0.890153897656127,0.195857976479662,0.0791312828659902
469,644,462,,,99,9.75,15.4,,3.54,18.939999,8.7249962943955,3.518,M3.5(H),2.13,-0.53,1.67,0.21,5.85,Simbad,05 35 15.23,-05 13 37.82,1,265,2MASS J05351532-0513379,M3.5,1,H,3260,-0.616,0.26,0.09,0.1,2.1,1.4,0.9,1.54,0.29,0.75,opt,R09,3,,,Simbad,83.81386,-5.22721,1.44639450755595,0.257948673526663,0.0791312828659902
470,646,470,,,99,1.16,12.54,,2.63,15.17,,,late-K:(H)<=K5(P),,,,,,Simbad,05 35 15.24,-05 22 15.22,1,13,V1331 Ori,K3e,1,Sta,4550,0.854,1.65,0.49,0.58,0.6,0.2,0.5,4.3,0.65,10.7,opt,H00,,N,g,Simbad,83.81393,-5.37098,1.5716782721192,,0
471,655,477,,,99,4,14.25,,3.27,17.52,7.1549992943955,3.535,M2.5(H),2.28,-0.09,2.57,0.21,4.71,Simbad,05 35 15.37,-05 27 22.32,1,192,2MASS J05351547-0527227,M2.5,1,H,3425,-0.197,0.32,0.06,0.1,1.1,0.7,0.2,2.26,0.34,6.54,MIR,M11,3,N,,Simbad,83.81447,-5.45631,1.58527030025106,0.414755166674004,0.0791312828659902
472,658,483,,,99,11.82,14.79,,3.14,17.93,,,,,,,,,Simbad,05 35 15.40,-05 35 11.62,1,273,2MASS J05351548-0535118,M3.5,1,H13,3260,-0.622,0.25,0.08,0.1,2.1,1.3,1,1.53,0.29,5.76,MIR,M11,3,,,Simbad,83.81454,-5.58664,1.36743309184491,,0
473,661,491,,,99,11.4,14.9,,3.75,18.65,9.3549972943955,3.494,M5(H),1.21,-0.43,2.11,0.15,4.67,Simbad,05 35 15.50,-05 34 46.32,1,341,2MASS J05351559-0534466,M5,1,H,2880,-0.589,0.17,0.09,0.06,0.5,0.44,1.6,2.04,0.46,2.57,opt,R09,3,N,,Simbad,83.81496,-5.57964,1.40314282740055,0.195857986205331,0.0791312828659902
474,662,480,,1871,99,0.7,12.44,,2.07,14.509999,,,<M0(Sam),,,,,,Simbad,05 35 15.52,-05 24 02.62,1,43,2MASS J05351561-0524030,K5,1,StE,4140,0.357,0.79,0.19,0.28,0.7,0.1,0.5,2.93,0.43,,,,,,f,Simbad,83.81507,-5.40085,1.51103495333712,,0
475,663,479,,1862,99,0.49,10.97,,1.8,12.77,2.29499829439551,3.719,G8-K1(H),2.39,1.16,4.63,2.62,5.75,Simbad,05 35 15.53,-05 22 56.12,1,12,V348 Ori,K3,1,StE,4550,0.964,1.76,0.59,0.63,0.5,0.2,0.4,4.88,0.73,8.71,opt,H00,2,N,,Simbad,83.81513,-5.38233,1.53488542587424,,0
476,665,482,,,99,2.18,13.26,,2.38,15.64,5.8449982943955,3.591,K8e(H)<M0(Sam),1.71,0.1,2.47,0.35,5.48,Simbad,05 35 15.58,-05 25 32.72,1,81,V2274 Ori,K8e,1,H,3940,0.003,0.62,0.07,0.07,1.2,0.3,0.5,2.16,0.26,,,,,A,f,Simbad,83.81532,-5.42589,1.52437187068203,0.634962072243848,0.0791312828659902
477,666,486,,,99,4.88,15.43,,3.82,19.25,9.3849982943955,3.5,M4.5(H),1.78,-0.53,1.81,0.16,5.12,Simbad,05 35 15.59,-05 28 15.02,1,340,2MASS J05351569-0528155,M4.5,1,H,3020,-0.648,0.17,0.07,0.09,1.4,1.32,1,1.73,0.34,4.38,opt,P09,3,,,Simbad,83.81539,-5.47098,1.62819806481036,0.193730461395899,0.0791312828659902
478,669,485,,,99,3.1,14.26,,2.49,16.75,7.5849982943955,3.555,M1.5(H),1.08,-0.42,1.61,0.33,5.92,Simbad,05 35 15.62,-05 26 27.92,1,218,V1502 Ori,M3,1,H13,3360,-0.742,0.29,0.09,0.09,2.9,0.7,2,1.26,0.21,9.67,opt,H00,,,g,Simbad,83.81547,-5.44122,1.4639076286247,0.369246702160245,0.0791312828659902
479,672,498,,1873,99,9.61,13.81,,2.08,15.89,,,,,,,,,Simbad,05 35 15.67,-05 32 58.82,1,151,V1504 Ori,M1.5,1,H13,3560,-0.592,0.37,0.05,0.1,2.7,0.7,1.8,1.33,0.19,7.42,opt,H00,2,,,Simbad,83.81572,-5.54979,1.59226295979684,,0
480,677,501,,1874,99,9.82,13.25,,1.82,15.07,6.9149982943955,3.58,M0(H),0.07,-0.28,1.67,0.41,5.91,Simbad,05 35 15.70,-05 33 11.92,1,111,MN Ori,M1,1,H13,3630,-0.376,0.43,0.09,0.09,1.9,0.5,1.1,1.64,0.23,9.69,opt,P09,2,N,,Simbad,83.81582,-5.55343,1.50723048645496,0.448837128141011,0.0791312828659902
481,681,490,,,99,2.71,15.03,,4.1,19.13,8.9349972943955,3.494,M5(H),2.11,-0.26,2.55,0.15,4.26,Simbad,05 35 15.77,-05 20 40.22,1,372,2MASS J05351587-0520404,M5,1,H,2880,-0.423,0.13,0.04,0.1,0.09,0.07,1.21,2.47,0.56,1.18,opt,R09,3,A,e,Simbad,83.81614,-5.34457,1.56454095675687,0.236873830628986,0.0791312828659902
482,683,502,,,99,5.5,13.48,,2.57,16.05,7.4749972943955,3.535,M2.5(H),0.49,-0.22,2.21,0.23,5.09,Simbad,05 35 15.79,-05 28 52.42,1,165,V2277 Ori,M2.5,1,H,3425,-0.325,0.36,0.1,0.05,1.4,0.5,0.3,1.95,0.29,4.25,opt,P09,2,,,Simbad,83.81622,-5.48129,1.55120760751962,0.379316953794402,0.0791312828659902
483,691,493,,,99,6.42,14.86,,3.74,18.6,,,,,,,,,Simbad,05 35 15.86,-05 16 57.42,1,263,2MASS J05351596-0516575,M3.5,1,H13,3260,-0.275,0.26,0.07,0.12,1,0.9,0.4,2.29,0.43,4.37,opt,R09,2,,,Simbad,83.8165,-5.28265,1.49844169627169,,0
484,692,503,,1870,99,0.52,12.33,,2.16,14.49,2.0749982943955,3.806,F2-F7e(H),4.33,1.18,3.17,1.98,6.71,Simbad,05 35 15.89,-05 23 52.52,1,22,AC Ori,K3.5,3,LR,4450.5,0.605,1.3,0.69,0.76,0.8,0.4,2.6,3.38,0.88,,,,,A,f,Simbad,83.81662,-5.39803,1.52559203802653,,0
485,712,517,,,99,7.63,15.04,,3.22,18.26,9.9349982943955,3.5,M4.5(H),0.24,-0.75,1.4,0.15,5.67,Simbad,05 35 16.17,-05 31 00.32,1,355,V1505 Ori,M4.5,1,H,3020,-0.866,0.15,0.06,0.09,2.3,2.12,1.2,1.35,0.27,5.95,opt,P09,3,,,Simbad,83.81775,-5.51686,1.39536074341449,0.160264161813444,0.0791312828659902
486,719,9135,,,,2.23,15.02,,4.63,19.650002,7.7050002943955,3.5,M4.5(H),3.86,0.14,3.91,0.14,3.25,Simbad,05 35 16.22,-05 21 09.02,1,324,MAX 103,M4.5,1,H,3020,0.022,0.2,0.05,0.08,0.04,0.03,0.06,3.75,0.74,7.87,opt,R09,,,g,Simbad,83.8178,-5.35254,0.78643616255971,0.357447454575803,0.0791312828659902
487,721,513,,,99,0.57,14.15,,2.94,17.09,6.7649982943955,3.555,M1.5e(H),2.24,-0.09,2.34,0.26,5.1,Simbad,05 35 16.24,-05 22 48.52,1,205,[H97b] 20028,M3e,1,H13,3360,-0.417,0.3,0.08,0.08,1.5,0.7,0.5,1.83,0.3,,,,2,A,f,Simbad,83.81783,-5.38042,1.15185425153365,0.469464860148443,0.0791312828659902
488,738,3052,,,,3.05,16.3,,,,,,,,,,,,Simbad,05 35 16.63,-05 20 19.59,2,522,V2292 Ori,M0.5,1,H13,3700,,,,,,,,,,7.46,opt,R09,2,,c,Simbad,83.8197,-5.33886,1.49526861109373,,0
489,740,9151,,,,0.86,15.03,,3.07,18.1,9.60499829439551,3.509,M4(H),0.41,-0.76,1.34,0.17,6.03,Simbad,05 35 16.65,-05 22 31.09,1,319,2MASS J05351671-0522309,M4,1,H,3160,-0.835,0.21,0.09,0.11,2.8,2.3,1.7,1.27,0.27,0.86,opt,R09,,A,g,Simbad,83.8195,-5.37547,0.750417782351539,0.17716980088408,0.0791312828659902
490,741,523,,,99,6.49,15.82,,3.75,19.57,9.8849982943955,3.5,M4.5(H),1.6,-0.73,1.43,0.15,5.6,Simbad,05 35 16.68,-05 16 53.22,1,381,2MASS J05351678-0516533,M4.5,1,H,3020,-0.847,0.13,0.04,0.12,1.5,1.32,1.9,1.38,0.27,3.47,opt,R09,3,N,,Simbad,83.81995,-5.28148,1.6167336414013,0.162342026685281,0.0791312828659902
491,742,3031,,,,6.1,16.39,,,,,,,,,,,,Simbad,05 35 16.68,-05 17 16.37,1,531,2MASS J05351676-0517167,M6.5,2,H13,2725,,,,,,,,,,0.49,opt,R09,,,c,Simbad,83.81983,-5.288,1.25867252977481,,0
492,749,535,,,99,2.4,14.47,,3.05,17.52,7.71499829439551,3.535,M2.5(H),1.72,-0.31,1.98,0.23,5.4,Simbad,05 35 16.84,-05 25 46.62,1,351,V2297 Ori,M4.5e,1,H13,3020,-0.744,0.15,0.06,0.1,1.6,1.41,1.2,1.55,0.31,18.17,opt,P09,,,"d,g",Simbad,83.82062,-5.42971,1.65905775519881,0.356506678145623,0.0791312828659902
493,752,532,,,99,0.58,15.53,,3.62,19.15,,,,,,,,,Simbad,05 35 16.87,-05 22 48.22,2,92,[H97b] 20033,M0:,1,H13,3770,-0.262,0.51,0.09,0.12,1.8,0.5,1.2,1.74,0.24,1.26,opt,R09,2,,,Simbad,83.82046,-5.38028,0.992447173684338,,0
494,755,534,,1894,99,0.26,12.66,,1.43,14.09,6.0049982943955,3.544,M2e(H),0,-0.03,2.64,0.22,4.7,Simbad,05 35 16.88,-05 23 36.62,1,143,[H97b] 534,M2e,1,H,3490,-0.12,0.38,0.1,0.07,1,0.6,0.2,2.38,0.33,,,,2,A,f,Simbad,83.82071,-5.39361,1.40138009915331,0.5957917797029,0.0791312828659902
495,757,536,,1887,99,0.84,12.44,,2.16,14.599999,3.3549982943955,3.708,K0-K2(H)<M0(Sam),3.16,0.76,3.06,1.79,5.96,Simbad,05 35 16.90,-05 22 32.72,1,17,V1333 Ori,K3,1,StE,4550,0.601,1.54,0.45,0.4,1.1,0.5,1.1,3.21,0.48,9.23,opt,H00,,N,a,Simbad,83.82083,-5.37581,1.49436464223873,,0
496,761,538,,1893,99,0.23,11.5,,1.89,13.39,2.8349982943955,3.708,K0-K2(H),2.47,0.96,3.88,1.93,5.73,Simbad,05 35 16.96,-05 23 33.72,1,15,V2299 Ori,K3,1,StE,4550,0.808,1.66,0.51,0.48,0.7,0.3,0.6,4.08,0.61,,,,2,N,f,Simbad,83.82108,-5.39283,1.55358008053128,,0
497,762,543,,,99,5.59,17.05,,,,,,,,,,,,Simbad,05 35 16.96,-05 28 57.82,1,524,V2298 Ori,M0,1,H13,3770,,,,,,,,,,9.86,opt,P09,2,,c,Simbad,83.8211,-5.48281,1.58082237780473,,0
498,768,544,,1884,99,1.86,10.82,,2.22,13.04,2.1949982943955,3.67,K4-K7(H)K5:III(HT)K7(Eetal)K4III(Ham)K3(Sam),2.76,1.3,6.84,1.19,4.8,Simbad,05 35 17.11,-05 21 31.42,1,24,AE Ori,K4,1,StE,4330,1.201,1.26,0.2,0.91,0.2,0.17,0.1,7.1,1.09,3.42,opt,H00,3,N,,Simbad,83.82171,-5.35883,1.54391645660065,,0
499,769,542,,,99,2.92,13.34,,2.2,15.54,7.4549982943955,3.526,M3(H),0,-0.25,2.21,0.21,5.03,Simbad,05 35 17.12,-05 20 27.52,1,211,V2302 Ori,M3,1,H,3360,-0.38,0.3,0.07,0.08,1.4,0.8,0.5,1.91,0.32,5.73,NIR,C01,,,g,Simbad,83.82177,-5.34104,1.5811225285505,0.381226967026487,0.0791312828659902
500,774,549,,,99,0.66,15.22,,3.57,18.79,4.6249992943955,3.661,K2-K7(H)-PCygni-Paschen-lines,6.08,0.35,2.39,0.84,5.79,Simbad,05 35 17.26,-05 23 59.82,1,36,2MASS J05351738-0524001,K5,3,H,4140,0.181,0.83,0.45,0.68,1.2,1,5.7,2.39,0.77,,,,,,f,Simbad,83.82242,-5.40006,1.84691131936122,1.01430015968267,0.0791312828659902
501,780,9176,,,99,0.88,15.68,,4.21,19.89,9.4149982943955,3.494,M5(H),2.39,-0.45,2.05,0.15,4.73,Simbad,05 35 17.32,-05 24 13.72,2,373,[PMD2009] 13,M5,1,H,2880,-0.614,0.13,0.07,0.1,0.2,0.16,2,1.98,0.45,,,,2,,f,Simbad,83.82232,-5.40381,0.549561305579732,0.191379337692035,0.0791312828659902
502,782,556,,,99,7.04,14.31,,2.49,16.800001,,,,,,,,,Simbad,05 35 17.34,-05 30 24.92,1,283,2MASS J05351743-0530253,M3.5,1,H13,3260,-0.748,0.24,0.09,0.11,2.6,1,1.7,1.33,0.25,1.52,opt,R09,3,,,Simbad,83.82266,-5.50705,1.53951680530466,,0
503,786,550,,,99,5.72,14.67,,4.21,18.880001,2.7949992943955,3.679,K2-K3(H),8,1.04,4.85,1.22,5.26,Simbad,05 35 17.41,-05 17 39.82,1,8,V1509 Ori,K2.5,1,H,4655,1.011,2.11,0.59,0.52,0.6,0.2,0.4,4.92,0.71,6.99,opt,R09,3,N,a,Simbad,83.823,-5.29448,1.67158109033628,,0
504,795,558,,,98,0.42,15.73,,2.56,18.289999,,,<K6(H),,,,,,Simbad,05 35 17.58,-05 23 40.72,1,419,[H97b] 20012,M5.9,1,D10,2808,-1.068,,,,,,,1.24,0.19,,,,,A,"b,f",Simbad,83.82354,-5.39458,1.06495366749229,,0
505,796,565,,,99,8.66,14.5,,2.95,17.45,9.26499829439551,3.509,M4(H),0.1,-0.62,1.57,0.18,5.73,Simbad,05 35 17.58,-05 32 02.02,1,313,V2311 Ori,M4,1,H,3160,-0.698,0.22,0.09,0.11,2.3,2,1,1.49,0.31,9.89,opt,P09,3,,,Simbad,83.82367,-5.53401,1.56139017142279,0.203551862404982,0.0791312828659902
506,797,559,,,99,1.55,14.69,,4.17,18.86,9.2549982943955,3.483,M5.5e(H),1.52,-0.19,2.91,0.16,3.97,Simbad,05 35 17.59,-05 24 53.82,1,376,2MASS J05351768-0524539,M5.5e,1,H,2840,-0.421,0.13,0.03,0.07,0.09,0.06,0.21,2.55,0.44,2.27,opt,H00,,A,g,Simbad,83.8237,-5.41499,1.47050750471005,0.204591666226762,0.0791312828659902
507,802,9192,,,99,1.37,15.62,,4.05,19.67,11.5849982943955,3.46,M6.5e(H),0,-0.73,1.72,0.1,4.52,Simbad,05 35 17.64,-05 24 42.72,2,583,[PMD2009] 50,M6.5e,1,H,2725,-0.952,,,,,,,1.5,0.21,,,,2,A,"b,f",Simbad,83.82387,-5.41226,1.93997338469065,,0
508,811,571,,,99,7.31,16.22,,3.54,19.759998,9.12499829439551,3.526,M0-M3e(H),2.55,-0.78,1.2,0.22,6.17,Simbad,05 35 17.76,-05 30 40.42,1,155,V2316 Ori,M1.5,2,H,3560,-0.72,0.37,0.12,0.24,4,1.7,7,1.15,0.24,4.14,opt,P09,2,A,,Simbad,83.82442,-5.51134,1.55829154901924,0.217627152955693,0.0791312828659902
509,813,9201,,,,0.48,14.41,,2.43,16.84,6.9149982943955,3.591,K8(H),1.84,-0.33,1.51,0.49,6.12,Simbad,05 35 17.81,-05 23 02.52,1,66,[H97b] 20017,K8,1,H,3940,-0.425,0.67,0.08,0.08,5.1,1.9,3,1.32,0.16,4.38,opt,R09,,A,g,Simbad,83.82417,-5.38436,1.18399844681316,0.448837128141011,0.0791312828659902
510,815,567,,1910,99,0.72,9.66,,1.73,11.389999,1.9449982943955,3.661,late-G(H)K3-4(HT)K4III(Ham)K2-K3(Sam),1.36,1.43,8.23,1.04,3.77,Simbad,05 35 17.84,-05 22 45.12,1,622,MT Ori,K2,1,StE,4760,1.501,,,,,,,8.26,1.19,8.53,opt,E93,,A,b,Simbad,83.82475,-5.37931,1.54500534563895,,0
511,816,3054,,,,2.58,15.92,,,,,3.509,M4(H),0,-1.21,0.79,0.15,6.41,Simbad,05 35 17.85,-05 20 49.02,2,536,2MASS J05351793-0520494,M1.5e,1,H13,3560,,,,,,,,,,0.9,opt,R09,,,c,Simbad,83.82475,-5.34706,1.4012457292608,,0
512,817,579,,,99,11.89,15.02,,3.1,18.12,8.6149982943955,3.526,M3(H),1.42,-0.58,1.52,0.23,5.98,Simbad,05 35 17.86,-05 35 15.52,1,231,V1511 Ori,M3,1,H,3360,-0.665,0.29,0.08,0.09,2.4,0.5,1.4,1.37,0.23,2.81,opt,S99,2,A,,Simbad,83.82479,-5.58769,1.34763004709875,0.269297487129829,0.0791312828659902
513,818,563,,,99,7.74,14.97,,3.4,18.37,5.9549992943955,3.591,K7-M0(H),4.33,0.06,2.35,0.36,5.54,Simbad,05 35 17.87,-05 15 38.52,1,216,V1335 Ori,M3,1,Sta,3360,-0.458,0.3,0.08,0.1,1.6,0.4,0.7,1.74,0.29,6.12,opt,S99,,,g,Simbad,83.82492,-5.26075,1.66475904067875,0.606598915872454,0.0791312828659902
514,823,577,,,99,7.15,15.3,,3.58,18.880001,10.7949992943955,3.483,M5.5(H),0,-0.8,1.43,0.11,5.11,Simbad,05 35 17.88,-05 30 31.12,1,570,2MASS J05351797-0530315,M5.5,1,H,2840,-0.952,,,,,,,1.38,0.24,4.36,opt,R09,3,,b,Simbad,83.82492,-5.50877,1.57142616891251,0.126231866817428,0.0791312828659902
515,828,576,,,99,6.21,13.07,,2.28,15.349999,6.7149972943955,3.555,M1.5(H),0.55,-0.07,2.39,0.26,5.03,Simbad,05 35 17.90,-05 29 34.22,1,157,V1512 Ori,M2,1,H13,3490,-0.284,0.36,0.07,0.07,1.3,0.2,0.4,1.97,0.27,2.01,opt,H00,,,g,Simbad,83.82499,-5.49294,1.50204977564417,0.476573506459625,0.0791312828659902
516,834,580,,,99,5.05,15.56,,2.11,17.67,,,M1::e(H),,,,,,Simbad,05 35 18.00,-05 28 24.52,1,142,V2323 Ori,M1e,1,H,3630,-1.3,0.38,0.09,0.09,29.5,14,29.5,0.57,0.08,,,,2,A,"a,f",Simbad,83.82542,-5.4736,1.56810188724604,,0
517,839,582,,,99,0.44,14.96,,3.69,18.65,6.8149982943955,3.544,M2(H),3.75,-0.03,2.62,0.22,4.71,Simbad,05 35 18.12,-05 23 15.22,1,188,MAX 150,M2,1,H,3490,-0.16,0.32,0.03,0.11,1,0.5,0.3,2.27,0.32,,,,,A,f,Simbad,83.82597,-5.38767,1.72953439545448,0.462926466111838,0.0791312828659902
518,845,591,,,99,5.41,13.99,,2.8,16.789999,,,,,,,,,Simbad,05 35 18.19,-05 28 45.82,1,187,2MASS J05351829-0528461,M2.5,1,Sta,3425,-0.386,0.33,0.07,0.08,1.5,0.3,0.5,1.82,0.27,5.09,opt,P09,,,g,Simbad,83.82621,-5.47949,1.53808058437054,,0
519,848,588,,,99,0.83,15.92,,3.54,19.46,8.8249982943955,3.526,M3(H),2.55,-0.66,1.38,0.23,6.06,Simbad,05 35 18.23,-05 24 04.42,1,238,V1336 Ori,M3,1,H,3360,-0.751,0.28,0.07,0.1,2.9,0.6,1.9,1.24,0.21,,,,,,f,Simbad,83.82633,-5.40133,1.38195710489353,0.248059280026711,0.0791312828659902
520,849,3140,,,,8.33,15.78,,2.3,18.08,,,,,,,,,Simbad,05 35 18.23,-05 31 41.65,1,489,V1513 Ori,K1,1,H13,4920,-0.572,,,,,,,0.71,0.09,11.05,opt,S99,2,,b,Simbad,83.82628,-5.52836,1.23589427718271,,0
521,852,589,,1925,99,0.89,11.3,,2.12,13.42,2.12499829439551,3.719,K0(H)G8-K0:(HT)K1IV(Ham)M0(Eetal),3.21,1.23,5.01,2.73,5.69,Simbad,05 35 18.26,-05 22 37.02,1,2,V1229 Ori,K0,1,H,5030,1.119,2.86,0.18,0.13,1.2,0.3,0.5,4.77,0.58,14.3,opt,H00,3,,a,Simbad,83.82657,-5.37705,1.78105298175947,,0
522,855,9224,,,99,1.16,15.16,,3.95,19.11,6.9949982943955,3.535,M2.5(H),4.03,-0.03,2.76,0.2,4.53,Simbad,05 35 18.28,-05 24 26.32,2,195,2MASS J05351836-0524267,M2.5,1,H,3425,-0.136,0.31,0.04,0.12,0.9,0.7,0.3,2.42,0.36,,,,,,f,Simbad,83.82652,-5.40743,1.33671219791131,0.437549043532096,0.0791312828659902
523,864,592,,,99,5.06,14.37,,2.58,16.95,8.35499829439551,3.535,M2.5(H)M4(Eetal),0.51,-0.57,1.48,0.27,6,Simbad,05 35 18.43,-05 18 20.42,1,186,2MASS J05351853-0518205,M2.5,1,H,3425,-0.675,0.33,0.08,0.06,2.9,0.9,1.5,1.3,0.2,7.92,opt,H02,3,,,Simbad,83.82725,-5.30572,1.65190947975915,0.295452089683061,0.0791312828659902
524,868,596,,1927,99,0.56,13.06,,2.52,15.58,3.8249982943955,3.679,K2-K5e(H),3.67,0.63,3.01,1.07,5.66,Simbad,05 35 18.55,-05 23 13.52,1,10,AF Ori,G8,3,H13,5210,0.698,2,0.3,0.23,4.2,2,3.4,2.74,0.44,,,,2,A,"a,f",Simbad,83.82776,-5.3872,1.72555506309633,,0
525,882,601,,1921,98,7.17,12.52,,1.25,13.77,5.27499929439551,3.679,K3-K4(H)K2.5-K5(P)K5(Eetal)K2V(Ham),0.41,0.05,1.55,1.17,6.55,Simbad,05 35 18.79,-05 16 13.72,1,23,MU Ori,K3,1,StE,4550,0.001,1.28,0.17,0.09,6.9,3.6,5.1,1.61,0.24,2.22,opt,H02,3,N,a,Simbad,83.82873,-5.27056,1.59896492554085,0.78792963457167,0.0791312828659902
526,886,606,,,99,2.33,13.68,,3.33,17.01,7.12499829439551,3.522,M3.3(P),1.8,0.06,3.25,0.14,3.87,Simbad,05 35 18.85,-05 21 07.62,1,203,V2343 Ori,M3.3,1,P,3300,-0.03,0.31,0.1,0.06,0.3,0.25,0.6,2.95,0.52,5.62,opt,H02,,,g,Simbad,83.829,-5.35217,1.65398813670442,0.41903679471549,0.0791312828659902
527,889,9243,,,,1.24,14.99,,3.63,18.619999,5.2949972943955,3.602,K7(H),5.24,0.28,2.88,0.37,5.06,Simbad,05 35 18.90,-05 22 18.47,2,64,2MASS J05351894-0522187,K7,1,H,3970,0.161,0.67,0.08,0.05,0.9,0.2,0.3,2.54,0.3,,,,3,A,f,Simbad,83.82896,-5.37186,0.78587707953735,0.78224822636118,0.0791312828659902
528,890,607,,,99,0.77,13.64,,1.86,15.5,4.9549982943955,3.713,G8-K2(H)<=K5(P),2.46,0.11,1.42,1.31,6.86,Simbad,05 35 18.95,-05 23 49.22,1,26,V1337 Ori,K0,2,H,5030,0.02,1.14,0.11,0.19,17.5,8,9.5,1.34,0.21,,,,2,N,"a,f",Simbad,83.82946,-5.39711,1.83688788600722,0.889181256616658,0.0791312828659902
529,898,5147,,,,7.7,17.19,,,,,,,,,,,,Simbad,05 35 19.11,-05 31 02.66,1,525,V2346 Ori,M6,1,H13,2800,,,,,,,,,,11.88,opt,P09,2,,c,Simbad,83.83004,-5.51751,1.5338766687645,,0
530,900,9250,,,,0.87,14.23,,2.8,17.029999,5.1249972943955,3.643,K5(H),3.82,0.2,2.19,0.68,5.79,Simbad,05 35 19.15,-05 22 50.62,1,37,2MASS J05351921-0522506,K5,1,H,4140,0.097,0.83,0.19,0.28,1.5,0.6,1.4,2.17,0.32,2.27,opt,H02,3,,,Simbad,83.83005,-5.38074,0.926946881578723,0.834173046852434,0.0791312828659902
531,907,618,,,2,13.5,13.91,,2.74,16.65,,,,,,,,,Simbad,05 35 19.41,-05 36 51.14,1,235,V1731 Ori,M3.4,1,D10,3280,-0.505,0.28,0.08,0.1,1.7,1.2,0.6,1.73,0.32,5.82,opt,Re01,3,,,Simbad,83.83121,-5.61439,1.3716456032387,,0
532,909,620,,,99,0.96,14.41,,2.59,17,6.6649982943955,3.591,K8(H),2.25,-0.23,1.69,0.45,5.93,Simbad,05 35 19.50,-05 23 56.92,1,91,V2354 Ori,M0,1,H13,3770,-0.457,0.51,0.1,0.14,3.2,1.2,2.7,1.39,0.19,8.09,opt,H02,3,A,,Simbad,83.83165,-5.39919,1.44296121523963,0.48387785100915,0.0791312828659902
533,910,622,,1940,99,1.32,12.89,,2.46,15.35,7.0649992943955,3.535,M0-M2.5e(H)M0.5(P)<M0(Sam),0.2,-0.05,2.68,0.2,4.6,Simbad,05 35 19.56,-05 24 26.12,1,95,V2356 Ori,M0.5,1,P,3700,0.028,0.51,0.15,0.05,0.9,0.2,0.2,2.52,0.34,3.77,opt,P09,2,A,,Simbad,83.83191,-5.40739,1.54708936590765,0.427644005806171,0.0791312828659902
534,911,626,,,99,12.24,15.4,,3.01,18.41,10.3249982943955,3.494,M5(H),0,-0.92,1.19,0.13,5.95,Simbad,05 35 19.58,-05 35 35.52,1,585,2MASS J05351966-0535356,M5,1,H,2880,-1.064,,,,,,,1.18,0.27,1.63,opt,H02,,N,b,Simbad,83.83196,-5.59325,1.36149512851037,0.144344768263005,0.0791312828659902
535,913,628,,,99,7.29,14.39,,3.5,17.89,,,,,,,,,Simbad,05 35 19.69,-05 30 37.02,1,411,V1514 Ori,M5.5,1,H13,2840,-0.588,0.1,0.01,0.08,0.08,0.03,0.92,2.1,0.36,2.26,opt,S99,3,,,Simbad,83.83248,-5.51045,1.6814050747567,,0
536,915,624,,,98,1.31,15.44,,2.88,18.32,,,late-M(H),,,,,,Simbad,05 35 19.72,-05 22 21.33,1,184,2MASS J05351981-0522216,M2.1,1,D10,3477,-0.87,0.33,0.06,0.07,5.2,1.9,3,1.01,0.14,10,opt,R09,,,g,Simbad,83.83258,-5.37267,1.50806379176894,,0
537,916,625,,,99,1.64,14.39,,1.07,15.46,7.37499829439551,3.562,M1(H)M6-M6.5(H),0,-0.73,1.08,0.42,6.52,Simbad,05 35 19.74,-05 24 47.52,1,57,MLLA 151,K7,1,H13,3970,-0.828,0.69,0.05,0.03,26.5,10.5,12.5,0.81,0.1,,,,3,N,"a,f",Simbad,83.83266,-5.41333,1.5421449636314,0.388964397606666,0.0791312828659902
538,917,633,,,98,7.73,16.19,,,,,,,,,,,,Simbad,05 35 19.76,-05 31 03.42,1,518,V2360 Ori,M3e,1,H13,3360,,,,,,,,,,4.23,MIR,M11,2,,c,Simbad,83.83275,-5.51772,1.53869489556717,,0
539,918,632,,,99,7.2,15.32,,4.01,19.33,10.1349982943955,3.483,M5.5(H),1.11,-0.54,1.94,0.13,4.63,Simbad,05 35 19.77,-05 30 31.82,1,413,2MASS J05351986-0530321,M5.5,1,H,2840,-0.773,0.1,0.03,0.06,0.2,0.1,1.9,1.7,0.29,3.78,opt,H02,,,g,Simbad,83.83278,-5.50894,1.49621819350347,0.151866758327311,0.0791312828659902
540,920,639,,1941,99,10.55,13.62,,2.53,16.15,,,,,,,,,Simbad,05 35 19.85,-05 33 53.22,1,261,V1515 Ori,M3.5,1,H13,3260,-0.472,0.26,0.07,0.1,1.5,1.2,0.6,1.82,0.34,5.24,opt,H00,3,,,Simbad,83.8331,-5.56486,1.43023803228087,,0
541,923,638,,,99,5.88,17.03,,,,,,,,,,,,Simbad,05 35 19.92,-05 29 11.52,1,544,V2362 Ori,M5e,1,H13,2880,,,,,,,,,,2.79,MIR,M11,,,c,Simbad,83.83342,-5.48664,1.5532870134834,,0
542,926,636,,,99,2.41,13.4,,2.46,15.86,6.17499729439551,3.575,M0.3(P),1.6,0.04,2.47,0.29,5.11,Simbad,05 35 19.94,-05 25 37.22,1,99,V1516 Ori,M0.3,1,P,3728,-0.161,0.49,0.09,0.09,1.3,0.3,0.7,2,0.27,11.68,opt,H02,2,,,Simbad,83.83351,-5.4271,1.56645840604821,0.565951992997416,0.0791312828659902
543,927,634,,,99,2.79,16.28,,,,,,,,,,,,Simbad,05 35 19.98,-05 20 43.82,1,554,V2363 Ori,M2,2,H13,3490,,,,,,,,,,5.38,opt,H02,,,c,Simbad,83.83368,-5.34554,1.54624779370528,,0
544,932,642,,,99,5.39,15.96,,2.85,18.81,10.7249982943955,3.494,M5(H),0,-1.14,0.92,0.12,6.23,Simbad,05 35 20.07,-05 28 41.22,1,587,2MASS J05352016-0528416,M5,1,H,2880,-1.288,,,,,,,0.91,0.21,1.99,opt,R09,,,b,Simbad,83.83403,-5.47824,1.51773714575457,0.129089584275834,0.0791312828659902
545,933,646,,,99,11.61,15.67,,3.35,19.02,8.8749992943955,3.526,M3(H),2.06,-0.68,1.35,0.23,6.08,Simbad,05 35 20.07,-05 34 57.02,1,246,2MASS J05352016-0534572,M3,1,H,3360,-0.769,0.28,0.07,0.1,3,0.7,2.1,1.22,0.2,1.94,opt,H02,2,,,Simbad,83.83401,-5.58256,1.39328139304997,0.243009786666221,0.0791312828659902
546,934,3075,,,,0.95,,,,,,,,,,,,,Simbad,05 35 20.08,-05 23 08.23,1,620,2MASS J05352017-0523085,M2,1,SHC-ir,3490,,,,,,,,,,9.02,MIR,M11,,,c,Simbad,83.83408,-5.38569,1.50304838637508,,0
547,937,9261,,,,1.29,16.85,,4.96,21.810001,,,,,,,,,Simbad,05 35 20.12,-05 22 28.82,1,221,2MASS J05352012-0522281,M3,1,H13,3360,-0.236,0.29,0.06,0.13,1.1,0.9,0.3,2.25,0.37,3.51,opt,R09,2,,,Simbad,83.83408,-5.37453,1.02165048190495,,0
548,938,635,,,99,9.44,15.88,,4.1,19.98,9.39499829439551,3.5,M4.5(H),2.5,-0.54,1.8,0.16,5.13,Simbad,05 35 20.14,-05 13 59.22,1,350,2MASS J05352024-0513593,M4.5,1,H,3020,-0.653,0.16,0.06,0.11,0.7,0.61,1.7,1.72,0.34,4.12,opt,H02,2,,,Simbad,83.83436,-5.23316,1.59698519328802,0.192861175181699,0.0791312828659902
549,940,649,,,98,8.95,15.69,,3.84,19.529999,11.4449972943955,3.471,M6(H),0,-0.86,1.41,0.1,4.88,Simbad,05 35 20.18,-05 32 16.52,1,575,V1518 Ori,M6,1,H,2800,-1.036,,,,,,,1.29,0.2,1.81,opt,H02,2,,b,Simbad,83.83449,-5.53801,1.49103685184269,,0
550,941,647,,1963,99,7.34,13.65,,2.31,15.959999,7.8749972943955,3.494,M5e(H),0,-0.22,2.66,0.15,4.17,Simbad,05 35 20.20,-05 30 39.02,1,106,MY Ori,M0.5e,1,H13,3700,-0.369,0.45,0.07,0.12,2,0.6,1.5,1.59,0.22,8.2,opt,P09,2,A,,Simbad,83.83456,-5.51098,1.49820820302643,0.341273308428593,0.0791312828659902
551,944,5119,,,,3.06,16.62,,1.37,17.990002,9.90500029439551,3.483,M5.5(H),0,-1.33,0.78,0.09,6.32,Simbad,05 35 20.26,-05 26 17.04,1,565,2MASS J05352035-0526173,M5.5,1,H,2840,-1.48,,,,,,,0.75,0.13,2.14,opt,H02,3,A,b,Simbad,83.8348,-5.43816,1.41428134239456,0.161509195156636,0.0791312828659902
552,946,643,,,99,6.22,15.06,,3.7,18.76,6.2549982943955,3.562,M1(H),4.42,0.08,2.74,0.25,4.73,Simbad,05 35 20.31,-05 17 14.22,1,129,V2367 Ori,M1,1,H,3630,-0.108,0.41,0.08,0.1,1,0.2,0.3,2.23,0.31,5.81,opt,R09,2,,,Simbad,83.83508,-5.28733,1.63965990602614,0.551657475912932,0.0791312828659902
553,950,650,,,98,2.7,15.5,,,,,,,,,,,,Simbad,05 35 20.42,-05 20 52.02,1,526,2MASS J05352052-0520522,M3.5,1,H13,3260,,,,,,,,,,,,,3,,"c,f",Simbad,83.83554,-5.34777,1.6375478490191,,0
554,954,651,,,99,2.84,15.37,,,,,,,,,,,,Simbad,05 35 20.46,-05 20 43.12,1,454,V1521 Ori,M3,1,D10,3360,,,,,,,,,,3.32,opt,S99,,,c,Simbad,83.83571,-5.34533,1.6502002269029,,0
555,957,658,,,99,1.73,13.58,,,,,3.544,M2e(H),0,-0.4,1.73,0.29,5.83,Simbad,05 35 20.52,-05 24 46.02,1,598,2MASS J05352062-0524464,M2e,1,H,3490,,,,,,,,,,3.2,opt,P09,2,A,c,Simbad,83.83595,-5.41289,1.65786097886972,,0
556,958,657,,,,1.21,16.12,,3.68,19.800001,7.34499929439551,3.562,M1(H),4.37,-0.36,1.66,0.35,5.9,Simbad,05 35 20.54,-05 22 44.92,2,360,2MASS J05352063-0522455,M4.5,1,H13,3020,-1.011,0.14,0.07,0.08,3,2.6,1.6,1.14,0.23,5.41,opt,R09,,N,g,Simbad,83.83598,-5.37931,1.54158311247854,0.391952476815063,0.0791312828659902
557,965,667,,,99,14.56,15.81,,3.24,19.050001,10.6749982943955,3.5,M4.5(H),0.29,-1.05,1,0.14,6.2,Simbad,05 35 20.67,-05 37 53.92,1,394,2MASS J05352074-0537536,M4.5,1,H,3020,-1.161,0.12,0.06,0.09,3.9,2.4,2.5,0.96,0.19,3.38,opt,R09,2,,,Simbad,83.83644,-5.63158,1.15212689781892,0.130894844696368,0.0791312828659902
558,967,663,,,99,2.17,14.57,,2.36,16.93,8.8449982943955,3.5,M4.5(H),0,-0.62,1.63,0.15,5.31,Simbad,05 35 20.73,-05 21 29.82,1,362,2MASS J05352083-0521300,M4.5,1,H,3020,-0.784,0.14,0.05,0.11,1.4,1.21,1.6,1.48,0.29,4.23,opt,R09,,N,g,Simbad,83.83681,-5.35836,1.58339698487288,0.246082708083956,0.0791312828659902
559,970,664,,,99,6.84,14.05,,2.88,16.93,5.1549982943955,3.623,<=K7(H)K5.5(P)K7:(Eetal),3.69,0.26,2.55,0.51,5.55,Simbad,05 35 20.89,-05 16 37.42,1,48,V493 Ori,K5.5,1,P,4080,0.175,0.74,0.13,0.22,1,0.3,0.8,2.44,0.33,7.2,opt,E93,,N,g,Simbad,83.83747,-5.27711,1.54551826177681,0.823841848396264,0.0791312828659902
560,971,673,,1976,99,8.06,13.07,,1.83,14.9,5.4849982943955,3.643,K5(H),1.33,0.06,1.86,0.75,6.04,Simbad,05 35 20.90,-05 31 21.22,1,35,MZ Ori,K5,1,H13,4140,-0.045,0.83,0.2,0.29,2.3,1,2.6,1.85,0.27,1.44,opt,H02,2,N,,Simbad,83.83745,-5.52269,1.39339802209865,0.72955522169138,0.0791312828659902
561,974,672,,,98,4.9,14,,2.38,16.380001,6.5849992943955,3.591,K8(H),1.71,-0.19,1.76,0.44,5.87,Simbad,05 35 20.93,-05 28 08.62,1,70,V1522 Ori,K8,1,H,3940,-0.293,0.65,0.08,0.07,3.1,1,1.7,1.54,0.18,7.01,opt,H02,,N,g,Simbad,83.83762,-5.46921,1.56960784816984,0.495183720232864,0.0791312828659902
562,979,674,,,99,2.82,15.02,,,,,3.571,M0.5(H),0,-1,0.76,0.49,7.11,Simbad,05 35 21.05,-05 25 56.52,1,555,V1339 Ori,M0,1,H13,3770,,,,,,,,,,6.11,opt,P09,,,c,Simbad,83.83817,-5.43249,1.71307405421076,,0
563,982,682,,,99,9.98,16.24,,3.58,19.82,8.2749982943955,3.544,M2(H),3.46,-0.61,1.34,0.3,6.1,Simbad,05 35 21.12,-05 33 17.22,1,183,2MASS J05352121-0533175,M2,1,H,3490,-0.741,0.34,0.05,0.08,3.7,1.2,2,1.16,0.16,3.16,opt,R09,2,,,Simbad,83.83837,-5.55487,1.36196318246513,0.303207481467306,0.0791312828659902
564,984,680,,,99,4.42,15.85,,,,,,,,,,,,Simbad,05 35 21.16,-05 27 38.32,1,503,2MASS J05352126-0527386,M5,1,H13,2880,,,,,,,,,,1.67,opt,R09,3,,c,Simbad,83.8386,-5.46073,1.58316942925755,,0
565,986,9280,,,99,1.25,15.32,,3.72,19.039999,7.9449972943955,3.526,M3(H),3.01,-0.31,2.07,0.21,5.19,Simbad,05 35 21.16,-05 22 59.22,1,189,V2375 Ori,M3,1,H,3360,-0.398,0.32,0.09,0.06,1.5,0.7,0.4,1.87,0.31,7.92,opt,H02,,A,g,Simbad,83.8385,-5.38319,1.22352851863375,0.334935872371558,0.0791312828659902
566,987,678,,1974,99,1.97,12.33,,1.84,14.17,3.9249982943955,3.695,K1-K2(Sam),2.16,0.55,2.57,1.38,6,Simbad,05 35 21.18,-05 24 56.92,1,29,V377 Ori,K4,1,StE,4330,0.36,1.11,0.32,0.36,1.2,0.5,1.1,2.7,0.41,13,opt,H02,3,,,Simbad,83.83871,-5.41591,1.68660676850582,,0
567,994,683,,1975,99,3.57,11.76,,1.85,13.610001,4.47499829439551,3.623,K6(H),1.05,0.53,3.48,0.47,4.92,Simbad,05 35 21.29,-05 26 43.62,1,46,V1523 Ori,K6,1,H,4020,0.411,0.76,0.2,0.11,0.6,0.1,0.1,3.31,0.43,11.5,opt,H02,,N,g,Simbad,83.83912,-5.44555,1.51859946965769,1.07651375616,0.0791312828659902
568,1000,689,,,99,4.07,16.87,,,,,3.483,M5.5(H),0,-1.43,0.69,0.08,6.38,Simbad,05 35 21.52,-05 27 14.12,2,608,V2379 Ori,M5.5,1,H,2840,,,,,,,,,,2.67,NIR,C01,,,c,Simbad,83.84011,-5.45405,1.65402688917992,,0
569,1001,686,,,99,6.19,16.4,,,,,,,,,,,,Simbad,05 35 21.53,-05 17 19.02,1,430,[H97b] 20399,M3.5,1,D10,3260,,,,,,,,,,6.87,opt,R09,3,,c,Simbad,83.84008,-5.28858,1.33882729247257,,0
570,1008,695,,,98,3.6,14.62,,2.63,17.25,8.5249982943955,3.535,M2.8(P)M2(H),0.64,-0.64,1.37,0.27,6.07,Simbad,05 35 21.62,-05 26 44.02,1,172,V1282 Ori,M2,1,H,3490,-0.686,0.35,0.06,0.06,3.3,1.1,1.7,1.24,0.17,2.95,opt,R09,,,g,Simbad,83.84053,-5.44565,1.6324145097735,0.278411805168952,0.0791312828659902
571,1011,694,,,99,1.35,14.74,,2.99,17.73,5.67499729439551,3.623,K5-K7(H),3.97,0.05,2.01,0.57,5.81,Simbad,05 35 21.68,-05 23 38.82,1,52,V2383 Ori,K6,2,H,4020,-0.07,0.72,0.26,0.39,1.9,0.9,3.2,1.9,0.36,7.46,NIR,C01,,A,g,Simbad,83.84071,-5.39422,1.40031086361663,0.677852509562841,0.0791312828659902
572,1013,697,,,99,1.82,14.9,,3.03,17.93,,,,,,,,,Simbad,05 35 21.74,-05 22 08.02,1,161,2MASS J05352184-0522082,M2,1,H,3490,-0.548,0.36,0.07,0.07,2.3,0.6,1,1.45,0.2,0.79,opt,R09,,,g,Simbad,83.84104,-5.36897,1.65923397614794,,0
573,1014,9292,,,,1.45,14.95,,2.97,17.92,7.29499829439551,3.562,M1(H),2.54,-0.34,1.7,0.34,5.87,Simbad,05 35 21.78,-05 23 55.12,1,21,V494 Ori,K3,1,H,4550,0.396,1.46,0.4,0.27,1.9,0.9,1.9,2.54,0.38,,,,2,,"a,f",Simbad,83.84088,-5.39832,1.25750122403751,0.396865265735835,0.0791312828659902
574,1016,696,a,,99,6.46,14.06,,3.28,17.34,,,,,,,,,Simbad,05 35 21.79,-05 17 03.20,1,447,[H97b] 20416,M4.2,1,D10,3104,,,,,,,,,,0.47,opt,R09,,,c,Simbad,83.84112,-5.28425,1.1812171219136,,0
575,1019,691,,,98,8.47,15.64,,4.35,19.99,8.21499829439551,3.509,M4(H),3.69,-0.2,2.54,0.16,4.37,Simbad,05 35 21.80,-05 15 01.02,1,293,V1281 Ori,M4,1,H,3160,-0.28,0.24,0.09,0.12,0.5,0.43,0.9,2.41,0.51,6.29,opt,S99,2,,,Simbad,83.84128,-5.25031,1.60412872573542,0.309217306876104,0.0791312828659902
576,1020,692,,,99,9.02,13.24,,2.49,15.73,7.3649982943955,3.535,M2-3(H),0.28,-0.17,2.33,0.22,4.95,Simbad,05 35 21.82,-05 14 27.52,2,164,2MASS J05352193-0514276,M2.5,1,H,3425,-0.279,0.36,0.1,0.06,1.3,0.5,0.2,2.06,0.31,1.26,opt,H02,3,N,,Simbad,83.84138,-5.24101,1.66507216961648,0.389953223586886,0.0791312828659902
577,1021,702,,,99,5.25,15.07,,4.09,19.16,7.5349982943955,3.518,M3.5(H),3.54,-0.05,2.9,0.14,4,Simbad,05 35 21.83,-05 28 26.82,1,266,2MASS J05352192-0528273,M3.5,1,H,3260,-0.141,0.26,0.07,0.1,0.2,0.14,0.9,2.67,0.5,1.59,opt,R09,3,N,,Simbad,83.84137,-5.47425,1.55136587045316,0.374012197732474,0.0791312828659902
578,1024,704,,,99,5.06,14.7,,2.41,17.11,,,,,,,,,Simbad,05 35 21.96,-05 28 14.82,1,60,V1525 Ori,K8,1,H13,3940,-0.554,0.68,0.08,0.08,8.2,3.1,5.3,1.14,0.14,1.38,opt,R09,,,a,Simbad,83.84193,-5.47091,1.60700299183587,,0
579,1026,3121,,,,5.72,16.53,,3.11,19.640001,,,,,,,,,Simbad,05 35 21.98,-05 28 55.27,1,343,2MASS J05352207-0528556,M3.8,1,D10,3200,-1.381,0.16,0.07,0.12,7.7,3.2,12.3,0.66,0.13,1.34,opt,R09,3,,,Simbad,83.84196,-5.48211,1.38860731273987,,0
580,1032,711,,,99,5.42,16.37,,,,,3.471,M6(H),0,-1.13,1.03,0.08,5.23,Simbad,05 35 22.13,-05 28 36.12,1,594,2MASS J05352223-0528364,M6,1,H,2800,,,,,,,,,,1.62,opt,R09,3,,c,Simbad,83.84263,-5.4768,1.55336202676819,,0
581,1034,3034,,,,5.43,15.67,,3.91,19.58,,,,,,,,,Simbad,05 35 22.16,-05 18 08.27,1,383,2MASS J05352225-0518087,M5,1,H13,2880,-0.798,0.12,0.05,0.1,0.4,0.25,2.3,1.61,0.36,2.7,opt,R09,,,g,Simbad,83.84271,-5.30243,1.4323118898147,,0
582,1035,715,,,99,8.03,15.29,,3.46,18.75,10.6649982943955,3.471,M6(H)M5(Eetal),0,-0.7,1.7,0.11,4.7,Simbad,05 35 22.18,-05 31 16.52,1,576,V2386 Ori,M6,1,H,2800,-0.876,,,,,,,1.55,0.24,4.46,opt,E93,2,,b,Simbad,83.84284,-5.52135,1.55456578562495,0.131418305796975,0.0791312828659902
583,1036,719,,,99,12.15,14.49,,3.06,17.55,9.46499829439551,3.494,M4-M6(H),0,-0.56,1.81,0.14,5,Simbad,05 35 22.19,-05 35 26.52,1,297,V1526 Ori,M4,1,H13,3160,-0.625,0.23,0.11,0.1,2.1,1.9,0.5,1.62,0.34,6.85,opt,S99,3,,,Simbad,83.84283,-5.59075,1.34374580347103,0.18753937510518,0.0791312828659902
584,1038,710,,,99,1.68,12.65,,1.17,13.82,5.7349982943955,3.562,M0.5-M1.5(H)M0.1(P),0,-0.04,2.4,0.27,5.07,Simbad,05 35 22.21,-05 24 13.72,1,97,V1231 Ori,M0.1,1,P,3756,-0.152,0.5,0.09,0.11,1.3,0.3,0.7,1.98,0.27,7.81,opt,P09,,A,g,Simbad,83.843,-5.40394,1.70694170992235,0.662459161740338,0.0791312828659902
585,1041,716,,,99,4.34,14.44,,2.88,17.32,9.2349982943955,3.5,M4.5e(H),0,-0.57,1.73,0.15,5.2,Simbad,05 35 22.27,-05 27 27.92,1,358,V1340 Ori,M4.5e,1,H,3020,-0.732,0.15,0.06,0.11,1.4,1.38,1.4,1.57,0.31,3.95,opt,H02,2,A,,Simbad,83.84324,-5.45788,1.66797302113754,0.206658393441938,0.0791312828659902
