recno,flag,Gaia,TIC,RAdeg,DEdeg,Sec,Theia,logAge,e_logAge,BP-RP,Gmag,Tmag,Teff,e_Teff,Mass,e_Mass,Rad,e_Rad,CorrP1,e_CorrP1,CorrP2,e_CorrP2,CorrA1,CorrA2,PCAP1,e_PCAP1,PCAP2,e_PCAP2,PCAA1,PCAA2,RAWP1,e_RAWP1,RAWP2,e_RAWP2,RAWA1,RAWA2,Per,e_Per,PType,logAM,e_logAM,RUWE,sigmaVar,sigmaInst,sigmap2p,c1,c2,c3,c4,c5,c6,single
1115,true,3209527325412171136,712758819,83.851972,-5.199465,32,13,6.69,0.12,2.4458,7.7306,14.761,,,,,,,2.4396,,2.1363,,0.57185,0.20868,2.43878,9.3E-4,2.1373,0.0015,0.52937,0.20952,2.4427,9.7E-4,6.8,0.16,0.46086,0.21086,2.44,,corr,,,1.001,0.01733,0.001354,0.007458,1.93,3.08,4.12,4.12,4.78,4.78,1
838,true,3209521415537190400,712758785,83.825926,-5.218353,6,13,6.69,0.12,2.5687,8.0952,15.147,,,,,,,2.9422,,2.4373,,0.23205,0.18696,8.034,0.011,5.071,0.015,0.59771,0.1387,7.759,0.0098,17.44,0.11,0.62672,0.26632,8.034,0.011,pca,,,1.009,0.00383,4.712E-4,9.486E-4,3.01,3.01,4.06,8.04,8.04,9.08,1
1023,true,3017367293144786304,710321417,83.841565,-5.284687,6,13,6.69,0.12,1.4778,7.6847,15.454,,,,,,,3.6218,0.0039,4.869,0.013,0.30642,0.1658,3.6297,0.003,5.86,0.034,0.4597,0.14371,14.673,0.032,5.961,0.021,0.61427,0.13557,3.6218,0.0039,corr,,,0.962,5.97E-4,2.555E-4,3.449E-4,2.0,4.28,5.28,7.17,9.34,13.1,1
1139,true,3017365609518429440,710321383,83.856197,-5.359873,6,13,6.69,0.12,0.8911,7.0344,14.967,,,,,,,4.2835,0.008,2.2726,0.0031,0.18998,0.13255,4.3763,0.0045,2.2883,0.0031,0.44257,0.14315,14.573,0.029,5.775,0.025,0.66976,0.10648,,,,,,0.862,4.58E-4,1.204E-4,2.407E-4,2.05,4.02,6.17,8.31,9.46,11.44,1
435,true,3017364406919469312,710321370,83.790397,-5.356908,32,13,6.69,0.12,0.4707,7.0811,14.802,,,,,,,4.1486,0.0049,5.748,0.014,0.25828,0.21015,5.883,0.011,4.1921,0.0058,0.26066,0.22355,5.438,0.011,17.48,0.5,0.26649,0.24914,,,,,,0.82,0.001216,2.211E-4,8.599E-4,2.05,3.03,5.17,8.26,10.38,13.62,1
638,true,3017364132040203520,710321351,83.813347,-5.373347,6,13,6.69,0.12,0.6739,5.4853,13.25,,,,,,,4.1228,,5.6191,,0.13892,0.10593,8.331,0.012,17.74,0.24,0.52465,0.09668,2.9728,,1.7417,,0.06493,0.04218,8.331,0.012,pca,,,0.752,7.16E-4,3.945E-5,2.605E-4,4.2,7.13,18.4,28.72,35.37,49.78,1
640,true,3017364127743285376,710321348,83.813593,-5.38246,6,13,6.69,0.12,0.9546,4.0467,11.915,,,,,,,4.09,0.011,1.6852,0.0041,0.1184,0.06347,9.231,0.059,1.5209,0.0023,0.19658,0.08574,14.362,0.093,6.331,0.023,0.20924,0.20814,,,,,,1.183,0.00105,5.27E-5,3.691E-4,4.2,9.47,17.08,26.68,39.77,50.44,1
723,true,3017363960251408640,710321336,83.81824,-5.400927,32,13,6.69,0.12,0.9723,4.6025,12.151,,,,,,,4.233,0.012,5.71,0.03,0.1053,0.07381,15.315,,8.7364,,0.20144,0.14608,11.174,0.045,,,0.55425,0.04585,,,,,,1.216,2.98E-4,1.007E-4,2.15E-4,1.98,4.98,8.33,16.49,28.56,35.33,1
247,true,3017363857165366400,710321328,83.740743,-5.397953,32,13,6.69,0.12,1.6472,4.5219,12.411,,,,,,,2.9787,0.0044,2.3255,0.0097,0.15032,0.05807,8.044,0.034,2.9976,0.0046,0.14994,0.14397,8.334,0.013,2.262,0.011,0.46032,0.0514,,,,,,1.266,0.00585,8.749E-4,0.004147,2.04,2.04,3.21,3.21,4.04,7.45,1
365,true,3017363582294579328,710321323,83.773732,-5.417832,6,13,6.69,0.12,,6.4075,14.853,,,,,,,3.582,0.0038,1.5795,0.002,0.32196,0.09159,7.2367,,3.6114,,0.42121,0.27243,12.238,0.086,7.237,0.044,0.3887,0.26603,3.582,0.0038,corr,,,0.774,0.001174,1.463E-4,2.889E-4,1.92,3.75,5.69,7.98,13.2,17.52,1
1085,true,3017360627356915328,710321273,83.848601,-5.440866,32,13,6.69,0.12,0.6389,7.199,15.017,,,,,,,2.0144,0.0029,2.275,0.0079,0.09315,0.04875,2.013,0.0031,7.233,0.055,0.09389,0.06575,6.526,0.024,12.38,0.11,0.19658,0.1731,,,,,,0.963,0.001663,3.378E-4,0.00126,1.0,1.99,3.98,6.79,11.99,15.75,1
1147,true,3017359012449385728,710321256,83.856997,-5.505859,6,13,6.69,0.12,1.6838,5.4091,12.989,,,,,,,2.3423,0.0021,4.384,0.012,0.25113,0.17576,8.316,0.011,4.452,0.026,0.66394,0.11447,8.176,0.011,4.476,0.02,0.68799,0.11994,8.316,0.011,pca,,,1.746,0.00926,3.017E-4,0.001091,3.3,5.64,6.76,9.88,9.88,11.03,1
1482,true,3017348257851409536,710321200,83.998356,-5.495459,32,13,6.69,0.12,2.2305,6.5133,14.016,,,,,,,5.136,0.0082,3.9966,0.007,0.25967,0.15654,5.1352,0.0085,3.9967,0.0075,0.25216,0.14597,5.236,0.0044,18.68,0.14,0.52462,0.20274,5.136,0.0082,all3,,,1.246,0.01666,0.002454,0.008009,2.02,2.02,2.02,2.02,2.02,2.02,1
207,true,3017269470959732480,710320370,83.719846,-5.465326,6,13,6.69,0.12,1.6762,6.3922,13.916,,,,,,,2.2465,0.0038,1.7823,0.0026,0.12296,0.10279,4.1752,0.0067,8.043,0.03,0.21064,0.2048,8.573,0.036,4.267,0.011,0.20131,0.15816,,,,,,0.963,0.00272,2.724E-4,7.105E-4,2.02,3.2,3.2,4.36,4.36,6.58,1
29,true,3017268268368909824,710320368,83.58645,-5.51352,6,13,6.69,0.12,1.8428,6.2769,13.679,3960.0,128.0,0.62,,1.304,,6.8852,,2.3273,,0.14781,0.1452,8.062,0.01,3.575,0.013,0.68997,0.09032,7.883,0.033,2.36,0.28,0.71846,0.06983,8.062,0.01,pca,42.563,,1.092,0.01194,6.992E-4,0.001807,1.96,1.96,1.96,2.9,4.07,6.35,1
336,true,3017266275504060672,710320361,83.769468,-5.493373,32,13,6.69,0.12,1.4563,7.4253,15.173,,,,,,,2.5964,0.0011,3.0263,0.0035,0.46617,0.16626,2.6002,0.0014,5.1387,0.0087,0.37775,0.22252,2.5993,,9.1149,,0.37913,0.24009,2.5964,0.0011,corr,,,0.975,0.01438,0.001124,0.006135,1.9,5.99,5.99,7.67,9.71,12.81,1
733,true,3017265004194028416,710320357,83.819202,-5.54669,32,13,6.69,0.12,1.843,5.8933,13.362,,,,,,,5.8691,0.0088,9.284,0.028,0.2817,0.24024,9.381,0.03,6.022,0.025,0.47334,0.18433,9.472,0.013,14.4,4.3,0.65943,0.04658,9.381,0.03,pca,,,1.046,0.0213,0.002901,0.01136,1.0,3.26,4.25,4.25,7.73,7.73,1
1140,true,3017253081364526720,710320321,83.856108,-5.567359,6,13,6.69,0.12,2.0308,7.5824,15.186,,,,,,,4.5165,0.0087,6.566,0.033,0.20483,0.10662,6.5637,0.0082,12.284,0.061,0.47007,0.19308,6.6848,0.007,11.913,0.076,0.56217,0.14957,6.5637,0.0082,pca,,,0.876,0.00184,4.754E-4,9.285E-4,2.09,2.09,2.09,3.14,7.39,7.39,1
1550,true,3017343653646467200,427454541,84.101553,-5.580598,6,13,6.69,0.12,2.7083,7.6936,14.749,4317.0,130.0,,,1.645,,4.692,0.042,3.541,0.024,0.04343,0.04155,9.407,0.051,4.842,0.04,0.16044,0.0916,9.269,0.051,5.034,0.025,0.17307,0.09031,,,,,,1.207,0.00211,0.001878,0.002123,2.16,2.16,3.31,3.31,4.49,5.59,1
1523,true,3017344684438619776,427454528,84.060704,-5.556631,6,13,6.69,0.12,2.3417,8.8204,15.649,3435.0,159.0,0.595,0.026,0.608,0.027,3.893,0.04,1.626,0.01,0.02736,0.01949,2.9883,,1.3807,,0.09848,0.03405,15.116,0.09,3.1376,0.0055,0.23853,0.14117,,,,,,1.024,0.00326,0.001417,0.003551,1.0,1.0,1.0,2.04,2.88,2.88,1
1491,true,3017343516207522560,427454525,84.011773,-5.548449,6,13,6.69,0.12,2.4224,9.2969,15.947,3392.0,158.0,0.627,0.027,0.65,0.03,3.99,0.2,2.2331,0.0065,0.07262,0.06743,3.0992,0.0073,2.2556,0.0059,0.10867,0.06656,14.803,,2.7841,,0.22428,0.11289,,,,,,0.95,0.00251,0.001118,0.002595,1.0,2.13,3.12,3.12,3.12,5.22,1
1562,true,3017354992360111616,427454440,84.113275,-5.408693,6,13,6.69,0.12,-0.1805,0.9723,8.123,,,,,,,4.01,0.044,2.229,0.018,0.02761,0.01881,4.112,0.011,2.28,0.04,0.13473,0.01314,2.9477,0.0067,4.349,0.024,0.12932,0.06444,,,,,,0.942,1.911E-4,1.576E-4,2.378E-4,1.0,1.0,1.0,1.0,1.0,1.0,1
1492,true,3017350044556119680,427454439,84.013994,-5.406468,32,13,6.69,0.12,2.0965,8.6073,15.434,3581.0,157.0,0.616,0.024,0.636,0.025,7.178,0.05,4.905,0.03,0.07844,0.05222,7.597,0.047,13.31,0.24,0.1112,0.07555,15.728,0.061,8.084,0.023,0.31982,0.18274,,,,,,0.961,0.00562,0.001832,0.006478,1.0,2.08,2.08,2.08,2.08,2.08,1
1509,true,3017350078915845376,427454437,84.038624,-5.403637,6,13,6.69,0.12,2.7525,8.4385,15.277,3228.0,157.0,0.66,0.024,0.695,0.027,3.961,0.032,3.121,0.025,0.03827,0.02628,2.9128,,4.2311,,0.07657,0.03856,15.506,0.062,3.1538,0.0057,0.34198,0.13171,,,,,,1.037,0.00241,0.00113,0.002719,1.0,1.0,1.0,1.0,1.0,1.0,1
1552,true,3017355061079587584,427454433,84.104228,-5.392287,6,13,6.69,0.12,2.7817,8.7857,15.999,3369.0,124.0,0.38,,0.759,,2.614,0.03,1.266,0.0078,0.01471,0.01412,4.406,0.015,8.8,0.072,0.10528,0.08207,6.742,0.058,1.756,0.014,0.17333,0.05311,,,,,,1.025,0.001448,0.001464,0.001867,1.0,1.0,3.17,3.17,4.33,6.49,1
1544,true,3017355816993832192,427454431,84.097457,-5.388731,6,13,6.69,0.12,3.0875,8.5991,15.86,3184.0,123.0,,,,,4.297,0.067,,,0.02202,,4.405,0.013,8.935,0.076,0.11827,0.08272,,,,,,,,,,,,1.034,0.001705,0.001777,0.002046,1.0,1.0,3.07,4.17,5.35,8.77,1
1506,true,3017367911620045440,427454406,84.036206,-5.350615,6,13,6.69,0.12,2.5656,7.0051,14.195,3521.0,122.0,,,1.484,,0.81307,,0.76773,,0.72894,0.1274,0.81372,1.1E-4,0.7907,0.0069,0.67614,0.02729,0.81336,,14.851,,0.63051,0.079,0.813,,corr,,,1.118,0.00565,0.001222,0.003184,1.0,1.0,1.0,1.0,1.0,1.0,1
1539,true,3017356602958232064,427454398,84.08875,-5.337313,6,13,6.69,0.12,2.2797,7.2921,14.45,3703.0,122.0,0.55,,1.097,,6.4753,,2.2602,,0.18597,0.09915,6.468,0.011,11.324,0.036,0.36605,0.35261,15.0,11.0,12.7,1.7,0.53636,0.42768,,,,,,1.031,0.00853,0.00191,0.005251,2.15,2.15,2.15,2.15,2.15,2.15,1
1571,true,3017356435467423616,427454397,84.123935,-5.335255,32,13,6.69,0.12,1.9927,6.3271,13.716,3917.0,123.0,,,1.423,,2.46726,8.0E-4,2.8833,0.0029,0.57683,0.18525,2.46161,7.9E-4,2.8774,0.0033,0.58491,0.16668,2.4616,7.5E-4,4.986,0.0069,0.64956,0.29722,2.46726,8.0E-4,corr,,,0.993,0.0514,0.0037,0.0108,2.0,2.0,2.0,2.0,2.0,2.0,1
1573,true,3017356469827161856,427454396,84.125655,-5.33502,32,13,6.69,0.12,2.048,6.4322,13.656,6767.0,144.0,1.45,,1.359,,2.46726,8.0E-4,2.8833,0.0029,0.57683,0.18525,2.46161,7.9E-4,2.8774,0.0033,0.58491,0.16668,2.4616,7.5E-4,4.986,0.0069,0.64956,0.29722,2.46726,8.0E-4,corr,,,1.09,0.0514,0.0037,0.0108,2.0,2.0,2.0,2.0,2.0,2.0,1
1514,true,3017368014699258240,427454394,84.043718,-5.329163,32,13,6.69,0.12,1.3963,5.185,12.736,4567.0,127.0,,,1.49,,3.0734,0.0026,3.7591,0.0071,0.37968,0.16558,3.0637,,2.6151,,0.32253,0.08515,16.98,0.23,5.819,0.019,0.33889,0.16779,3.0734,0.0026,corr,,,1.179,0.0204,0.002591,0.008326,1.0,1.0,1.0,1.0,1.0,1.0,1
1553,true,3017356710345330816,427454389,84.10487,-5.320392,6,13,6.69,0.12,3.0334,8.3945,15.567,3215.0,124.0,,,,,1.27045,5.6E-4,1.4252,0.0032,0.31353,0.05508,1.2654,0.0016,1.8155,0.0044,0.39124,0.06177,1.2721,5.5E-4,1.8114,0.0029,0.33105,0.09894,1.27045,5.6E-4,corr,,,1.126,0.00286,0.001588,0.001991,1.0,1.0,1.0,2.0,4.16,4.16,1
1497,true,3017368289572353024,427454386,84.02399,-5.315527,6,13,6.69,0.12,2.0792,9.1531,15.984,3593.0,158.0,0.55,0.029,0.556,0.029,1.6033,0.0032,0.9934,0.0034,0.06534,0.01826,3.233,0.016,7.12,0.085,0.05965,0.04413,12.54,0.13,3.353,0.011,0.10466,0.08328,,,,,,0.983,0.001232,9.074E-4,0.001457,1.0,1.0,1.0,1.0,2.15,2.15,1
1555,true,3017356740397255424,427454384,84.106558,-5.311687,6,13,6.69,0.12,2.8213,8.5442,15.356,3195.0,157.0,0.667,0.023,0.705,0.027,1.30551,3.6E-4,1.4363,0.0015,0.46847,0.09919,1.30308,3.5E-4,4.999,0.06,0.49832,0.03039,1.3058,,5.2064,,0.42752,0.05528,1.30551,3.6E-4,corr,42.856,0.048,1.15,0.00386,0.001606,0.002221,1.0,2.01,2.01,3.02,4.1,4.1,1
1558,true,3017356744705067776,427454381,84.109496,-5.308401,6,13,6.69,0.12,2.7633,8.5317,15.646,3928.0,125.0,0.61,,1.087,,1.3107,,1.4484,,0.38401,0.08968,1.31055,3.6E-4,1.4372,0.0021,0.42303,0.06562,1.3108,,5.1961,,0.36747,0.08415,1.311,,corr,43.193,,0.975,0.00431,0.001777,0.002439,1.0,3.16,3.16,4.22,6.35,7.42,1
1557,true,3017370076283553280,427454353,84.109343,-5.281649,6,13,6.69,0.12,2.7098,8.2845,15.239,3248.0,157.0,0.663,0.023,0.699,0.025,2.208,0.013,1.3032,0.0086,0.02733,0.01304,3.889,0.03,1.3093,0.0046,0.0481,0.0275,17.13,0.12,2.2156,0.0064,0.23033,0.07485,,,,,,1.039,0.001906,0.002141,0.002473,1.0,2.08,2.08,2.08,5.52,5.52,1
1518,true,3017369595247218176,427454344,84.049538,-5.265324,6,13,6.69,0.12,2.7227,7.7088,14.709,3956.0,122.0,,,1.559,,2.876,0.087,3.176,0.023,0.08941,0.05783,2.9738,0.0043,2.458,0.01,0.20223,0.04149,2.9331,0.0073,2.4349,0.007,0.10802,0.06206,2.876,0.087,all3,,,1.006,0.00324,0.00211,0.003461,1.0,1.0,1.0,2.04,2.04,5.18,1
1490,true,3017369797097850496,427454335,84.011503,-5.257512,6,13,6.69,0.12,3.0957,8.2506,15.583,3823.0,126.0,,,1.636,,4.881,0.048,1.003,0.012,0.07022,0.04027,3.374,0.016,0.9994,0.0014,0.06652,0.06076,15.077,0.084,3.483,0.017,0.25595,0.07744,,,,,,1.071,0.002,0.001405,0.002348,1.0,2.12,2.12,2.12,2.12,2.12,1
1536,true,3017371313234132096,427454298,84.082818,-5.218481,6,13,6.69,0.12,2.9095,8.7679,15.649,3153.0,157.0,0.666,0.024,0.703,0.028,3.992,0.0038,3.1608,0.007,0.3744,0.11577,3.9775,0.0035,3.1407,0.008,0.41501,0.10223,3.9576,0.0032,13.75,0.38,0.47681,0.03826,3.992,0.0038,corr,42.367,0.05,0.955,0.00689,0.003106,0.005259,1.0,1.0,2.15,3.15,4.19,7.17,1
1347,true,3209528012609165440,427396729,83.912825,-5.148992,32,13,6.69,0.12,1.5485,4.7184,12.193,,,,,,,1.16829,1.6E-4,0.95833,9.8E-4,0.75435,0.07046,1.1683,,0.95818,,0.78529,0.06951,1.16835,1.6E-4,1.09492,7.9E-4,0.68802,0.09892,1.16829,1.6E-4,corr,,,1.038,0.01574,0.001729,0.004417,1.0,1.0,2.04,2.04,2.04,2.04,1
1342,true,3209527905231064320,427396711,83.910943,-5.165726,6,13,6.69,0.12,3.0185,8.4685,15.701,,,,,,,3.0566,,0.95962,,0.21327,0.13197,3.1159,0.0031,0.9609,0.0012,0.33873,0.08019,3.0903,0.0043,7.345,0.039,0.27991,0.10919,3.0903,0.0043,raw,,,1.278,0.00258,9.948E-4,0.001623,1.0,2.13,3.12,4.02,4.02,4.98,1
1385,true,3017374332583414272,427396710,83.932488,-5.166345,6,13,6.69,0.12,2.7365,8.8803,15.703,3235.0,157.0,0.646,0.028,0.675,0.033,1.0249,,2.5333,,0.40641,0.07513,1.02519,2.7E-4,2.9776,0.0093,0.35878,0.08394,1.02486,2.7E-4,2.9343,0.0061,0.34813,0.11263,1.025,,corr,42.913,,1.071,0.00333,0.001406,0.002108,1.0,1.0,4.18,4.18,4.95,4.95,1
1329,true,3209527806450735872,427396709,83.903017,-5.166782,6,13,6.69,0.12,2.2097,8.6002,15.81,,,,,,,3.381,0.051,4.504,0.075,0.40059,0.26437,3.3452,,4.2933,,0.46233,0.21106,3.3842,0.0024,4.4735,0.0069,0.44471,0.27447,3.381,0.051,corr,,,1.034,0.00419,8.888E-4,0.001459,1.0,1.0,4.05,4.05,4.05,5.11,1
1414,true,3017374268171636352,427396697,83.947581,-5.174582,6,13,6.69,0.12,1.3814,5.323,12.887,7739.0,448.7,1.82,0.33,1.166,0.114,2.26165,5.9E-4,1.9559,0.0024,0.79153,0.12054,2.2551,7.3E-4,3.317,0.011,0.78559,0.10988,2.24867,6.5E-4,13.752,0.088,0.69137,0.20859,2.26165,5.9E-4,corr,,,1.533,0.023,6.529E-4,0.002829,1.86,1.86,1.86,2.91,4.07,4.07,1
1421,true,3017374268171636096,427396693,83.949137,-5.175222,32,13,6.69,0.12,1.1969,3.4991,11.26,4882.8,38.9,,,7.167,,2.24874,5.8E-4,2.6065,0.003,0.7074,0.17593,2.24946,5.8E-4,2.6066,0.0029,0.7056,0.17713,2.2593,0.0011,2.6086,0.0025,0.34671,0.19516,2.24874,5.8E-4,corr,,,2.074,0.0259,0.001181,0.00339,2.16,2.16,2.16,3.38,3.38,3.38,1
1401,true,3017374233811898880,427396687,83.942177,-5.181063,32,13,6.69,0.12,1.8128,6.3942,13.515,6053.0,306.0,1.13,,1.138,,3.5783,0.003,2.2551,0.0028,0.32317,0.16428,3.5815,0.0028,2.2555,0.0026,0.35557,0.17706,3.5322,0.0032,2.6447,0.0031,0.32085,0.16349,3.5783,0.003,corr,43.063,,1.462,0.0306,0.002032,0.01033,2.2,2.2,2.2,5.09,5.09,5.09,1
1424,true,3017374062013206912,427396683,83.951049,-5.186199,32,13,6.69,0.12,2.3646,7.7221,14.85,4659.0,125.0,0.74,,1.166,,3.5768,0.003,2.267,0.0058,0.37844,0.09256,3.5723,0.0025,7.643,0.042,0.39575,0.11285,3.6058,0.0056,10.185,0.091,0.19071,0.18623,3.5768,0.003,corr,42.903,,1.662,0.028,0.004608,0.01417,1.0,1.0,1.0,3.02,7.87,7.87,1
1312,true,3209527772090999040,427396682,83.897264,-5.186514,6,13,6.69,0.12,2.5761,7.5747,14.733,,,,,,,5.67,0.028,1.6762,0.0025,0.10414,0.09455,8.595,0.015,5.647,0.012,0.45744,0.2236,8.542,0.048,4.131,0.03,0.23094,0.04224,8.595,0.015,pca,,,1.299,0.00208,7.723E-4,0.001201,1.0,1.0,2.13,2.13,3.09,3.09,1
1375,true,3017373924574255488,427396673,83.928203,-5.198545,6,13,6.69,0.12,1.6421,5.1402,12.517,6660.0,180.0,1.4,0.239,1.677,0.086,1.42863,2.6E-4,1.3042,0.0013,0.81725,0.11184,1.42819,2.1E-4,1.5809,0.0013,0.89918,0.13787,1.4293,2.3E-4,1.1661,0.0061,0.99935,0.01641,1.42863,2.6E-4,corr,43.893,0.12,1.066,0.0257,6.936E-4,0.003341,1.0,1.0,1.0,1.0,2.21,2.21,1
1317,true,3017373718415827840,427396663,83.899121,-5.205711,6,13,6.69,0.12,-0.0784,1.6274,9.861,,,,,,,3.28,0.019,5.528,0.016,0.24189,0.17088,8.628,0.015,5.7327,0.0094,0.51216,0.33539,8.678,0.017,5.8116,0.0099,0.47977,0.3592,8.628,0.015,pca,,,0.965,0.01269,1.306E-4,8.067E-4,1.0,1.0,1.0,1.0,1.0,1.0,1
1449,true,3017373203021508736,427396644,83.968029,-5.215834,32,13,6.69,0.12,2.6885,7.5728,14.705,4165.0,125.0,,,1.732,,3.8353,,4.8487,,0.20944,0.10028,3.8266,0.0077,4.932,0.024,0.22901,0.08762,3.7737,0.0055,8.033,0.032,0.30939,0.1592,3.84,,all3,,,1.101,0.0898,0.005004,0.02367,1.89,1.89,2.97,2.97,3.92,3.92,1
1362,true,3017373890214518400,427396640,83.922375,-5.216373,6,13,6.69,0.12,2.14,5.7017,12.87,5130.0,122.0,,,2.296,,4.521,0.012,7.293,0.057,0.23197,0.07504,4.8637,0.0051,7.257,0.02,0.42793,0.2328,14.827,0.079,6.93,0.26,0.25399,0.10253,,,,,,1.106,0.00185,4.777E-4,7.355E-4,1.0,1.0,1.0,1.0,3.19,3.99,2
1451,true,3017373203019748864,427396639,83.969838,-5.216398,32,13,6.69,0.12,1.7593,6.0435,13.361,6255.0,270.0,1.22,,1.256,,3.8202,0.007,4.849,0.018,0.24788,0.11131,3.8266,0.0077,4.932,0.024,0.22901,0.08762,3.7737,0.0055,8.033,0.032,0.30939,0.1592,3.8202,0.007,all3,43.153,,1.078,0.0898,0.005004,0.02367,2.13,2.13,2.13,3.19,3.19,3.19,1
1448,true,3017373031221057280,427396629,83.967779,-5.221861,32,13,6.69,0.12,2.379,9.3706,15.97,3414.0,158.0,0.543,0.027,0.548,0.026,3.8732,0.0062,3.875,0.021,0.2116,0.11492,3.8333,0.0066,4.865,0.022,0.25898,0.10047,3.7484,0.0038,3.0733,0.0053,0.34995,0.13356,3.8732,0.0062,all3,42.075,0.062,0.922,0.08,0.004775,0.02393,1.0,1.0,3.89,3.89,4.76,5.79,1
1339,true,3017373409178184576,427396591,83.909217,-5.238621,6,13,6.69,0.12,2.1679,6.3752,13.619,,,,,,,1.49167,6.1E-4,0.74651,3.8E-4,0.32544,0.13301,1.48818,5.3E-4,0.74602,3.3E-4,0.38181,0.15303,14.367,0.032,5.829,0.024,0.62873,0.11232,1.49167,6.1E-4,corr,,,1.036,4.56E-4,3.029E-4,4.293E-4,1.0,1.0,1.0,1.0,1.0,1.0,1
1369,true,3017372648958515200,427396575,83.926222,-5.252214,32,13,6.69,0.12,1.947,8.5101,15.853,,,,,,,4.0553,0.007,5.175,0.024,0.16285,0.06882,4.4033,,4.049,,0.19542,0.14468,4.081,0.014,7.282,0.045,0.15798,0.15164,,,,,,0.962,0.00732,0.00153,0.006496,1.0,1.0,1.0,2.08,3.13,5.27,1
1443,true,3017372790702890496,427396574,83.962655,-5.252546,6,13,6.69,0.12,1.7051,6.345,13.488,6416.0,132.0,1.29,,1.033,,4.5212,0.009,3.5502,0.008,0.32131,0.16471,4.4331,0.0066,3.5262,0.0064,0.39009,0.18341,4.5952,0.0052,18.58,0.15,0.38462,0.24165,4.5212,0.009,corr,42.933,,1.759,0.00551,7.269E-4,0.001326,2.2,2.2,2.2,2.2,3.3,4.5,1
1427,true,3017372412745770624,427396559,83.95433,-5.260486,6,13,6.69,0.12,2.0832,7.4655,14.87,,,,,,,4.4488,0.0081,4.405,0.018,0.2131,0.18606,4.411,0.0064,6.102,0.016,0.47249,0.18664,4.4073,0.0047,6.078,0.015,0.37058,0.21372,4.411,0.0064,pca,,,1.06,0.00232,7.185E-4,0.001135,1.0,3.32,4.49,4.49,8.68,9.53,1
1313,true,3017372515824989568,427396555,83.898357,-5.262001,6,13,6.69,0.12,1.7417,6.2395,13.7,,,,,,,3.7138,0.0045,4.987,0.011,0.24928,0.17687,7.0553,,3.8123,,0.52457,0.22555,15.154,0.04,7.23,0.11,0.72046,0.10194,7.06,,pca,,,1.06,0.00312,2.229E-4,7.592E-4,1.0,2.18,2.18,3.35,5.54,7.84,1
1350,true,3017372550184726400,427396547,83.916001,-5.263683,6,13,6.69,0.12,1.7955,9.1273,15.784,3815.0,161.0,0.64,0.028,0.668,0.034,3.7257,,4.955,,0.23088,0.11868,7.002,0.012,3.8249,0.0071,0.42425,0.19212,15.283,0.046,7.012,0.034,0.53649,0.19082,,,,,,0.925,0.001169,4.329E-4,6.454E-4,1.0,1.0,1.0,2.05,4.33,5.29,1
1270,true,3017367396223983232,427396539,83.883235,-5.266544,6,13,6.69,0.12,0.4261,7.1803,15.088,,,,,,,1.09743,2.4E-4,1.3935,0.0017,0.48553,0.12341,1.09373,3.4E-4,11.871,0.041,0.31858,0.28629,18.052,0.072,2.93,0.011,0.61104,0.0924,1.09743,2.4E-4,corr,,,0.969,0.001207,6.37E-5,2.469E-4,2.53,5.67,8.69,12.97,18.22,21.13,1
1440,true,3017372309666556160,427396528,83.961548,-5.274777,32,13,6.69,0.12,1.6337,5.1527,12.625,,,,,,,3.328,0.0032,2.7511,0.0038,0.2683,0.13924,3.3201,0.0029,5.736,0.016,0.2937,0.16803,17.855,,5.9778,,0.21639,0.14708,,,,,,1.155,0.01633,0.00239,0.006743,1.0,1.0,1.0,1.0,1.0,3.08,1
1468,true,3017369389088792704,427396526,83.985049,-5.275511,6,13,6.69,0.12,2.0762,7.0602,14.453,,,,,,,0.704595,6.2E-5,0.6354,0.0016,0.81011,0.01777,0.70451,6.2E-5,0.6349,0.0016,0.77934,0.01618,0.70463,6.6E-5,0.6344,0.0012,0.7203,0.02243,0.70459,6.2E-5,corr,,,1.084,0.00213,8.01E-4,0.001254,1.0,1.0,1.0,1.0,1.0,2.13,1
1417,true,3017372206587342208,427396510,83.947924,-5.282774,6,13,6.69,0.12,1.1543,3.6921,11.522,7536.2,27.5,,,,,0.74915,6.2E-4,0.7139,0.0013,0.06942,0.0266,6.932,0.046,0.74915,5.3E-4,0.10042,0.08769,15.21,0.15,6.099,0.027,0.14014,0.12706,,,,,,2.742,5.15E-4,4.279E-4,5.932E-4,1.0,1.0,1.0,1.0,1.0,2.99,1
1354,true,3017366365431829248,427396495,83.917425,-5.291494,32,13,6.69,0.12,2.2109,5.3609,12.731,,,,,,,8.39,0.077,2.292,0.0068,0.09691,0.05526,7.611,0.044,2.2995,0.007,0.14928,0.05285,16.061,0.037,7.763,0.07,0.64699,0.0805,,,,,,1.165,0.01085,0.001374,0.009387,1.0,1.0,1.0,1.0,1.0,1.0,1
1489,true,3017369114210885632,427396493,84.007724,-5.293501,32,13,6.69,0.12,1.4735,4.572,11.971,,,,,,,7.815,0.086,3.86,0.019,0.0811,0.05635,10.351,0.056,3.761,0.02,0.21324,0.05633,19.244,0.1,6.326,0.033,0.42369,0.08141,,,,,,1.115,0.00555,0.001704,0.005383,1.0,1.0,1.0,1.0,1.0,1.0,1
1444,true,3017369251649842304,427396492,83.965678,-5.294292,6,13,6.69,0.12,2.2345,8.0506,15.039,3495.0,157.0,0.669,0.023,0.708,0.025,1.2516,0.0017,1.3715,0.003,0.07102,0.04621,1.2561,0.0017,1.3681,0.0024,0.07336,0.0558,15.179,0.038,5.859,0.027,0.56756,0.09223,,,,,,0.858,8.9E-4,6.928E-4,0.00108,1.0,1.0,1.0,2.11,3.18,4.19,1
1412,true,3017369217290105088,427396490,83.946832,-5.295394,32,13,6.69,0.12,2.3252,8.2114,15.453,,,,,,,5.851,0.033,4.0595,0.009,0.13552,0.12424,10.3,,6.2517,,0.17944,0.13274,16.7,0.11,6.152,0.02,0.27677,0.14132,,,,,,0.877,0.001298,4.332E-4,8.838E-4,1.0,2.67,3.58,4.61,6.45,8.48,1
1473,true,3017369079851149184,427396489,83.990332,-5.296286,6,13,6.69,0.12,2.1773,8.5448,15.51,3530.0,157.0,0.6,0.023,0.615,0.023,1.3241,0.0013,1.0011,0.0022,0.11786,0.03628,1.0038,0.0015,1.3369,0.0032,0.05791,0.04844,1.3357,0.0023,13.42,0.29,0.07994,0.05295,,,,,,0.977,0.00104,8.188E-4,0.001255,1.0,1.0,1.0,1.0,1.0,1.0,1
1400,true,3017372172227605248,427396488,83.941875,-5.297112,32,13,6.69,0.12,2.5867,8.0002,15.663,,,,,,,3.9608,0.0078,9.606,0.085,0.13553,0.079,10.344,0.063,5.037,0.018,0.16326,0.09964,15.043,0.041,6.156,0.041,0.51746,0.07839,,,,,,0.907,0.00206,4.405E-4,0.001689,1.0,3.52,4.52,4.52,5.58,7.46,1
1403,true,3017369212984205952,427396481,83.942643,-5.302358,6,13,6.69,0.12,2.1647,6.773,14.089,,,,,,,5.204,0.016,3.013,0.013,0.16166,0.07467,5.6119,0.0084,4.0315,0.0099,0.37309,0.17847,14.157,0.049,5.713,0.015,0.44823,0.20048,,,,,,1.072,8.78E-4,2.05E-4,3.985E-4,1.0,3.95,5.05,5.05,5.05,7.33,1
1433,true,3017369148570628608,427396471,83.957821,-5.308584,6,13,6.69,0.12,2.162,8.1031,15.439,,,,,,,5.593,0.024,4.005,0.015,0.10516,0.08391,5.8464,0.0066,4.081,0.012,0.46892,0.11171,14.301,,6.3368,,0.71435,0.12537,5.8464,0.0066,pca,,,0.88,9.49E-4,4.926E-4,7.587E-4,1.0,1.0,1.0,1.0,1.0,5.57,1
1487,true,3017368255217428864,427396457,84.005788,-5.319626,6,13,6.69,0.12,2.3922,7.9022,15.411,,,,,,,1.1823,0.0013,0.995,0.0024,0.08132,0.02765,0.99725,,1.1761,,0.05259,0.04566,7.1617,,3.359,,0.09933,0.08351,,,,,,0.952,0.001097,8.329E-4,0.001341,1.0,1.0,1.0,1.0,1.0,1.0,1
1419,true,3017363273055378176,427396456,83.948536,-5.320697,32,13,6.69,0.12,2.2574,8.4192,15.776,,,,,,,4.098,0.016,2.6,0.018,0.11467,0.0295,4.101,0.014,6.57,0.13,0.13197,0.04202,24.36,0.24,12.1,2.5,0.37782,0.11059,,,,,,0.946,0.00848,0.001826,0.008261,1.0,1.0,3.07,3.07,4.23,5.2,1
1426,true,3017363273055376896,427396452,83.953017,-5.324307,32,13,6.69,0.12,2.4252,7.8979,15.144,,,,,,,4.446,0.012,3.416,0.018,0.11184,0.04832,11.802,0.067,4.5712,0.01,0.21343,0.15698,29.59,0.39,11.337,0.021,0.56445,0.48149,,,,,,1.146,0.01475,0.002285,0.01367,2.15,2.15,3.19,3.19,3.19,4.21,2
1335,true,3017366159273417600,427396448,83.906714,-5.328934,32,13,6.69,0.12,1.8481,9.0511,15.835,3767.0,159.0,0.589,0.028,0.601,0.03,4.398,0.015,8.79,0.11,0.11245,0.06334,9.94,0.75,8.43,0.27,0.08506,0.05223,10.122,0.027,4.466,0.011,0.29312,0.14785,,,,,,1.006,0.00919,0.001544,0.008246,1.0,1.0,1.0,2.09,5.31,9.73,1
1395,true,3017363032537223424,427396425,83.939266,-5.343568,32,13,6.69,0.12,1.8392,5.7624,13.189,,,,,,,9.718,0.073,3.568,0.02,0.10113,0.05241,9.969,0.062,5.973,0.035,0.12347,0.06662,12.598,0.074,5.919,0.08,0.33011,0.07284,,,,,,1.074,0.00879,0.001716,0.009021,1.0,1.0,1.0,1.0,1.77,1.77,1
1437,true,3017362963817745024,427396407,83.959099,-5.354717,6,13,6.69,0.12,2.0776,7.862,15.16,,,,,,,1.0053,6.0E-4,1.732,0.002,0.15083,0.12056,1.0059,7.8E-4,1.7281,0.0031,0.10522,0.0806,14.851,0.049,8.037,0.064,0.39038,0.07147,,,,,,1.073,0.00233,6.812E-4,0.001497,1.0,1.0,1.0,1.0,1.0,1.0,1
1311,true,3017362723299586688,427396403,83.897034,-5.357553,6,13,6.69,0.12,1.5121,5.2484,12.775,,,,,,,3.7815,0.007,1.7552,0.0029,0.17554,0.09922,3.8189,0.0037,8.388,0.03,0.35307,0.22267,3.769,0.02,1.732,0.014,0.1224,0.03451,3.769,0.02,raw,,,1.142,0.00638,3.791E-4,0.001522,1.0,1.0,1.0,1.0,1.0,1.0,1
1477,true,3017361933025590016,427396378,83.993917,-5.375386,6,13,6.69,0.12,-0.1739,1.1652,9.062,,,,,,,2.1337,0.004,5.589,0.037,0.09936,0.06873,5.971,0.028,2.809,0.013,0.1199,0.06955,2.7615,0.0053,6.269,0.035,0.1616,0.14733,,,,,,1.122,3.18E-4,1.307E-4,3.243E-4,1.0,1.0,1.0,1.0,1.0,1.0,1
1376,true,3017362448421679232,427396369,83.929156,-5.384013,32,13,6.69,0.12,1.6565,7.4079,15.013,,,,,,,6.961,0.035,4.583,0.014,0.11269,0.10389,7.115,0.034,3.193,0.022,0.11732,0.10159,11.808,0.044,5.563,0.034,0.47107,0.12287,,,,,,0.988,0.0047,6.048E-4,0.002998,1.0,1.0,1.0,1.0,1.0,1.0,1
1467,true,3017361829946383104,427396349,83.980993,-5.395306,6,13,6.69,0.12,2.3335,8.2632,15.463,,,,,,,3.873,0.019,2.1299,0.0074,0.06992,0.04949,2.875,0.015,5.585,0.049,0.0642,0.06136,3.7838,0.0078,16.45,0.19,0.13832,0.11618,,,,,,0.959,8.26E-4,4.929E-4,8.87E-4,1.0,1.0,1.0,1.0,4.0,4.0,1
1472,true,3017349975836649344,427396314,83.98914,-5.419084,32,13,6.69,0.12,1.7796,8.3634,15.24,3831.0,158.0,0.632,0.024,0.656,0.026,6.694,0.04,,,0.07617,,6.744,0.042,12.51,0.33,0.08355,0.03386,,,,,,,,,,,,1.003,0.00343,0.00109,0.004426,2.12,2.12,3.0,4.18,4.18,4.18,1
1372,true,3017361245831857024,427396290,83.927564,-5.435617,32,13,6.69,0.12,1.0751,7.6033,15.502,,,,,,,2.1104,,2.2143,,0.14142,0.07018,8.449,0.047,2.2487,0.0034,0.11606,0.09443,17.79,0.062,8.77,0.041,0.40135,0.12472,,,,,,0.852,0.00296,6.693E-4,0.002325,1.0,1.0,3.19,4.27,4.27,5.44,1
1459,true,3017349494800319744,427396277,83.976372,-5.445699,6,13,6.69,0.12,1.5621,5.896,13.415,,,,,,,4.409,0.011,1.9153,0.0067,0.39871,0.05073,4.3839,0.0032,8.504,0.097,0.54338,0.0839,4.4139,,14.95,,0.4186,0.15748,4.409,0.011,corr,,,1.12,0.00941,4.121E-4,0.001316,1.0,1.0,2.04,2.04,2.04,2.04,1
1461,true,3017349494800320384,427396268,83.977632,-5.452133,32,13,6.69,0.12,1.8136,6.551,13.971,,,,,,,6.522,0.023,10.35,0.16,0.21806,0.08527,11.273,0.087,6.94,0.045,0.26446,0.13785,11.776,,30.701,,0.52579,0.26481,,,,,,1.066,0.00985,0.001158,0.005717,1.0,1.0,3.12,3.12,3.12,4.28,1
1334,true,3017359734003412992,427396264,83.906558,-5.454577,32,13,6.69,0.12,1.1111,6.9506,14.731,,,,,,,7.1645,,3.6139,,0.10674,0.08053,7.495,0.022,13.489,0.089,0.20421,0.17096,10.77,0.022,5.251,0.014,0.49038,0.17917,,,,,,0.845,0.0023,4.342E-4,0.001748,1.0,1.0,2.16,2.99,6.97,11.17,1
1297,true,3017359734003683456,427396263,83.89257,-5.455116,32,13,6.69,0.12,1.3899,6.3668,14.086,,,,,,,4.3727,,5.7918,,0.14597,0.14515,5.8184,,4.3312,,0.24287,0.12705,5.769,,13.737,,0.29239,0.26787,,,,,,0.992,0.00268,4.315E-4,0.001679,1.0,2.14,3.16,4.33,4.33,7.26,1
1370,true,3017359699643660160,427396260,83.92697,-5.459181,32,13,6.69,0.12,1.4313,5.7165,13.324,,,,,,,2.02811,9.9E-4,2.8691,0.0068,0.32644,0.1086,2.0299,0.001,2.8703,0.0059,0.31628,0.11964,2.0299,,3.571,,0.33699,0.07593,2.02811,9.9E-4,corr,,,1.185,0.00461,5.031E-4,0.002138,1.0,1.0,2.1,2.1,6.94,8.02,1
1361,true,3017359665283930752,427396248,83.922153,-5.464002,32,13,6.69,0.12,1.2582,7.3133,14.602,,,,,,,2.03541,0.001,1.797,0.0029,0.30436,0.07885,2.038,0.0011,9.214,0.041,0.26219,0.15077,9.734,0.037,2.0344,0.0021,0.30042,0.214,2.0354,0.001,corr,,,1.691,0.00514,5.12E-4,0.002271,1.0,1.0,5.49,5.49,6.67,8.49,1
1450,true,3017349151203758080,427396245,83.968671,-5.465955,32,13,6.69,0.12,1.4288,8.7633,15.625,4231.0,161.0,0.584,0.028,0.594,0.03,7.1874,,12.227,,0.44779,0.11135,12.711,0.06,7.673,0.029,0.37397,0.2802,18.68,0.2,12.1,2.1,0.50155,0.14938,7.19,,corr,41.913,,0.964,0.0414,0.001278,0.01179,1.0,1.0,2.07,2.07,2.73,5.44,1
1336,true,3017359562204996864,427396235,83.908467,-5.472657,32,13,6.69,0.12,1.5507,6.6498,14.178,,,,,,,6.914,0.026,4.951,0.013,0.13306,0.12756,4.8588,,6.8502,,0.25329,0.2045,19.81,0.38,6.26,0.012,0.28157,0.25575,,,,,,0.965,0.00472,6.011E-4,0.002727,1.0,3.28,3.28,5.37,5.37,9.1,1
1396,true,3017347879893663360,427396234,83.939866,-5.473064,32,13,6.69,0.12,1.4879,6.6931,14.354,,,,,,,2.0075,0.0015,2.514,0.012,0.19585,0.05127,1.9999,0.0017,6.079,0.046,0.17565,0.05503,10.933,0.042,6.056,0.017,0.26493,0.20843,,,,,,0.946,0.00277,6.189E-4,0.002302,1.0,2.0,2.0,2.0,2.0,3.54,1
1340,true,3017347811174480000,427396231,83.909774,-5.476307,6,13,6.69,0.12,1.0637,7.8379,15.782,,,,,,,2.0229,0.0014,1.7629,0.0014,0.25768,0.18526,2.0165,0.0028,1.7598,0.002,0.13175,0.12136,17.94,0.15,6.47,0.023,0.21609,0.2032,,,,,,0.86,4.59E-4,2.168E-4,3.257E-4,2.06,2.96,2.96,2.96,4.86,7.35,1
1447,true,3017349151203962112,427396226,83.966766,-5.479766,32,13,6.69,0.12,1.314,5.4879,12.989,4377.3,159.5,,,,,7.0757,,4.7897,,0.45102,0.16794,12.971,0.061,7.472,0.02,0.31135,0.24477,15.72,0.2,5.266,0.038,0.39773,0.08256,7.08,,corr,,,1.02,0.0455,0.001097,0.01204,1.0,1.0,1.82,1.82,1.82,1.82,1
1305,true,3017359527845298048,427396223,83.895454,-5.487332,6,13,6.69,0.12,1.3789,5.5922,12.997,,,,,,,1.64802,3.7E-4,0.8257,0.0019,0.77321,0.03446,1.64816,3.3E-4,0.8227,0.0016,0.89019,0.03975,1.64952,3.9E-4,0.8217,0.0015,0.74035,0.04153,1.64802,3.7E-4,corr,,,1.337,0.001823,2.331E-4,3.867E-4,1.0,1.0,2.17,4.33,5.46,6.6,1
1314,true,3017347776814785024,427396222,83.898403,-5.493479,6,13,6.69,0.12,1.4745,7.5548,15.168,,,,,,,1.6515,,0.82956,,0.55716,0.0717,1.65265,4.8E-4,0.8274,0.0011,0.54788,0.05295,1.6551,0.0011,6.895,0.023,0.20856,0.20792,1.652,,corr,,,0.824,8.69E-4,3.564E-4,6.071E-4,1.0,1.0,1.86,1.86,2.99,5.82,1
1324,true,3017347089620157440,427396209,83.901485,-5.527184,32,13,6.69,0.12,1.661,7.2672,14.745,,,,,,,6.818,0.02,4.303,0.022,0.18668,0.0796,6.584,0.057,12.32,0.16,0.10958,0.10688,13.06,0.14,4.265,0.019,0.19477,0.08165,,,,,,1.031,0.01609,0.003074,0.01365,1.0,1.0,1.0,1.0,1.0,1.0,1
1423,true,3017346677303137792,427396205,83.950669,-5.532144,6,13,6.69,0.12,1.5466,6.6029,14.069,,,,,,,4.3557,0.0053,6.167,0.012,0.30709,0.29042,6.3325,,12.094,,0.86019,0.25541,6.4059,0.0048,12.76,0.14,0.91101,0.12111,6.33,,pca,,,1.004,0.00357,3.168E-4,5.846E-4,1.0,1.0,1.0,1.0,2.19,3.02,1
1358,true,3017347055260405632,427396203,83.920106,-5.533858,32,13,6.69,0.12,1.9547,6.8969,14.302,,,,,,,1.9438,,2.5721,,0.16142,0.11968,1.9441,0.0026,2.5633,0.0041,0.15801,0.12186,14.095,,1.8771,,0.15195,0.13437,,,,,,1.074,0.00647,0.001594,0.0053,1.0,1.0,1.0,1.0,2.16,3.93,1
1381,true,3017346264986425344,427396194,83.930813,-5.545604,6,13,6.69,0.12,1.8525,6.5882,13.758,,,,,,,3.9285,0.0049,2.9483,0.0082,0.34062,0.10195,3.9501,0.0022,9.477,0.051,0.65577,0.16394,9.565,0.027,3.9719,0.0056,0.32352,0.23681,3.9285,0.0049,corr,,,2.941,0.001684,3.689E-4,6.807E-4,1.0,1.0,2.21,3.06,3.06,4.11,1
1325,true,3017346127547506048,427396171,83.901846,-5.569768,32,13,6.69,0.12,1.753,6.0213,13.405,,,,,,,7.54,0.045,3.839,0.017,0.10504,0.09283,7.596,0.038,3.895,0.02,0.12102,0.08664,19.66,0.12,7.717,0.036,0.24536,0.15276,,,,,,1.187,0.0125,0.003018,0.01053,1.0,1.0,1.0,2.09,2.09,2.09,1
1484,true,3017343310049098112,427396168,84.001249,-5.573258,6,13,6.69,0.12,2.3904,7.6056,14.818,,,,,,,1.43469,5.1E-4,1.3081,0.0013,0.33812,0.10392,1.43321,9.1E-4,2.903,0.013,0.19083,0.06629,1.4319,,15.39,,0.20758,0.13907,1.43469,5.1E-4,corr,,,1.116,0.00225,9.298E-4,0.002109,2.08,2.08,2.08,2.08,2.08,2.08,1
1304,true,3017252291090540288,427396163,83.894573,-5.577269,32,13,6.69,0.12,1.8839,7.2899,14.705,,,,,,,4.4597,0.0069,5.952,0.018,0.19634,0.12784,4.4767,0.0072,9.246,0.05,0.19461,0.12283,9.977,0.027,4.6611,0.009,0.33088,0.18252,,,,,,1.043,0.0365,0.008114,0.03449,1.0,1.0,2.16,4.24,5.39,5.39,1
1430,true,3017342859064738560,427396154,83.956234,-5.590655,32,13,6.69,0.12,1.6152,5.8313,13.146,,,,,,,4.2803,0.0041,6.436,0.043,0.34282,0.08875,4.2792,0.0039,6.449,0.047,0.37374,0.08117,14.64,0.32,5.971,0.02,0.20567,0.17593,4.2803,0.0041,corr,,,2.314,0.00732,0.00221,0.006283,1.0,1.0,1.0,1.0,1.0,1.0,2
1380,true,3017251947493281536,427396146,83.930081,-5.607631,6,13,6.69,0.12,1.4231,4.3699,11.755,,,,,,,1.94048,4.9E-4,2.2396,0.0024,0.68785,0.15864,1.94454,6.1E-4,2.365,0.018,0.76518,0.07052,1.94779,5.7E-4,2.61,0.0043,0.752,0.16902,1.94048,4.9E-4,corr,,,2.066,0.0207,5.175E-4,0.002509,1.0,1.0,1.0,2.07,2.07,2.07,1
1390,true,3017248992555780736,427396145,83.935506,-5.60923,32,13,6.69,0.12,2.4944,7.7533,15.226,,,,,,,1.9437,5.0E-4,2.6657,0.0048,0.67019,0.12583,1.94399,4.4E-4,2.6753,0.0038,0.72152,0.15994,1.929,0.01,1.985,0.011,0.54279,0.37335,1.9437,5.0E-4,corr,,,0.898,0.0337,0.001852,0.005638,2.0,2.0,2.76,2.76,2.76,3.58,1
1480,true,3017342622854337792,427396141,83.997854,-5.619375,6,13,6.69,0.12,2.6538,7.8182,15.043,,,,,,,0.169181,3.7E-6,,,0.77927,,0.16918,3.7E-6,,,0.77738,,3.7226,0.0034,7.97,0.11,0.39637,0.14618,0.16918,3.7E-6,corr,,,1.113,0.00434,7.877E-4,0.003784,1.0,1.0,1.0,1.0,1.0,1.0,1
1420,true,3017248923836305536,427396135,83.948532,-5.627456,6,13,6.69,0.12,2.2444,8.0988,15.474,,,,,,,3.6138,0.0032,2.9665,0.0052,0.40492,0.14255,3.675,0.0037,3.0028,0.0077,0.38708,0.11102,3.7226,0.0034,7.97,0.11,0.39637,0.14618,3.6138,0.0032,corr,,,1.01,0.00498,9.342E-4,0.00159,1.0,1.0,1.0,2.12,3.27,4.26,1
1457,true,3017342485415388160,427396133,83.97534,-5.628394,32,13,6.69,0.12,-0.3271,-0.788,7.458,,,,,,,0.169209,2.9E-6,,,0.8114,,0.1692,2.9E-6,,,0.82175,,0.16921,9.0E-6,19.56,0.66,0.31982,0.25471,0.16921,2.9E-6,corr,,,1.033,0.00736,1.571E-4,0.002315,2.14,2.14,2.14,2.14,2.14,2.14,1
1331,true,3017251810054336512,427396131,83.90329,-5.629589,32,13,6.69,0.12,2.1421,7.1552,14.605,,,,,,,5.4428,0.0058,4.1265,0.0099,0.38954,0.11969,5.4213,0.0051,4.1297,0.009,0.48292,0.12214,5.5157,0.0071,1.959,0.02,0.6316,0.02013,5.4428,0.0058,corr,,,1.087,0.01213,0.003305,0.008732,1.91,3.06,3.06,3.06,3.06,6.26,1
1296,true,3017251775694602624,427396128,83.891041,-5.639082,6,13,6.69,0.12,2.0581,7.7375,15.221,,,,,,,5.352,0.024,2.1866,0.0033,0.13712,0.13452,5.307,0.01,3.84,0.013,0.3116,0.133,5.2828,0.004,3.969,0.0078,0.63992,0.14838,5.2828,0.004,raw,,,1.016,0.001474,7.159E-4,0.001048,1.0,1.0,1.0,3.07,3.07,5.97,1
1360,true,3017248786397358080,427396127,83.921791,-5.641525,32,13,6.69,0.12,1.9767,8.0868,15.867,,,,,,,6.051,0.039,4.108,0.038,0.07963,0.03561,5.97,0.028,4.131,0.052,0.10518,0.03056,6.177,0.018,20.27,0.5,0.18434,0.06436,6.051,0.039,all3,,,0.948,0.0326,0.01204,0.04112,1.98,1.98,1.98,1.98,1.98,3.11,1
1363,true,3017248786397531136,427396125,83.922086,-5.642491,32,13,6.69,0.12,2.172,8.0904,15.523,,,,,,,6.051,0.039,4.108,0.038,0.07963,0.03561,5.97,0.028,4.131,0.052,0.10518,0.03056,6.177,0.018,20.27,0.5,0.18434,0.06436,6.051,0.039,all3,,,1.035,0.0326,0.01204,0.04112,2.02,2.02,2.02,2.02,2.02,3.17,1
608,true,3017250092067308544,427395567,83.811173,-5.653048,32,13,6.69,0.12,1.6426,4.7654,12.317,,,,,,,3.0625,0.0011,2.5881,0.0037,0.71851,0.11488,3.0683,0.001,2.6055,0.0034,0.70512,0.12839,3.052,0.0019,21.6,4.3,0.52798,0.14808,3.0625,0.0011,corr,,,1.574,0.0246,7.729E-4,0.006226,1.0,2.89,4.11,5.01,7.33,7.33,1
569,true,3017250092067308928,427395565,83.807369,-5.652809,32,13,6.69,0.12,1.5859,5.2438,12.464,,,,,,,3.0625,0.0011,2.5881,0.0037,0.71851,0.11488,3.0683,0.001,2.6055,0.0034,0.70512,0.12839,3.052,0.0019,21.6,4.3,0.52798,0.14808,3.0625,0.0011,corr,,,8.991,0.0246,7.729E-4,0.006226,1.0,3.18,4.05,4.9,4.9,7.16,1
520,true,3017250092067309056,427395564,83.803482,-5.652175,32,13,6.69,0.12,1.9665,7.4611,14.905,,,,,,,3.065,0.001,2.589,0.0037,0.76122,0.11595,3.062,,5.8959,,0.69621,0.04424,3.0488,0.0019,21.9,2.8,0.58124,0.16959,3.065,0.001,corr,,,1.05,0.0249,7.684E-4,0.005831,1.0,1.83,3.38,3.38,4.08,4.85,1
455,true,3017250847981552896,427395554,83.79345,-5.640193,6,13,6.69,0.12,1.6571,4.0085,11.56,,,,,,,1.8653,0.0024,1.8232,0.0095,0.15287,0.07469,6.577,0.013,12.057,0.048,0.33025,0.2472,13.77,,6.3928,,0.40375,0.14789,,,,,,2.544,0.001119,4.452E-4,6.851E-4,1.0,1.0,1.0,1.0,1.0,1.0,1
965,true,3017251706975004928,427395550,83.836455,-5.631607,6,13,6.69,0.12,1.8516,9.1584,15.818,3766.0,158.0,0.631,0.031,0.656,0.037,1.0724,2.5E-4,1.37178,6.2E-4,0.41677,0.2717,1.07079,2.1E-4,1.36956,6.0E-4,0.483,0.2835,14.412,0.055,1.07293,4.0E-4,0.35123,0.24379,1.0724,2.5E-4,corr,42.855,0.07,0.973,0.00242,0.001008,0.00155,1.0,3.16,3.16,4.91,7.18,7.18,1
888,true,3017251603895790720,427395548,83.829124,-5.626859,6,13,6.69,0.12,1.8151,5.9516,13.501,,,,,,,1.0725,,1.3711,,0.57984,0.31075,1.07136,1.6E-4,1.36933,5.0E-4,0.67273,0.34693,1.07186,1.7E-4,1.36852,5.5E-4,0.6382,0.31015,1.072,,corr,,,1.137,0.00591,6.487E-4,0.001263,2.14,2.14,2.14,2.14,3.22,3.22,1
410,true,3017252600328208384,427395540,83.784271,-5.617999,32,13,6.69,0.12,1.851,6.9158,14.351,,,,,,,7.3533,0.0075,5.0409,0.0063,0.5549,0.29019,7.3649,0.0058,5.1027,0.0091,0.70756,0.22178,7.16,0.15,8.31,0.2,0.42894,0.37855,7.3533,0.0075,corr,,,0.965,0.0397,0.003094,0.01754,1.0,3.09,3.09,3.09,4.91,7.08,1
907,true,3017252462889247744,427395537,83.83123,-5.614393,32,13,6.69,0.12,2.2126,7.1711,14.382,,,,,,,1.0759,,1.3654,,0.3854,0.13357,1.0755,,1.3658,,0.37505,0.12349,1.0738,,1.3628,,0.27516,0.11722,1.076,,corr,,,1.581,0.01762,0.00465,0.01362,1.0,2.12,2.12,2.12,5.25,5.25,1
471,true,3017252428529514752,427395536,83.796424,-5.614223,6,13,6.69,0.12,2.2234,5.9058,13.079,,,,,,,0.736802,8.6E-5,0.77633,3.7E-4,0.55274,0.12056,0.73675,,0.77562,,0.5952,0.13478,0.73632,1.1E-4,0.77658,2.6E-4,0.43583,0.18589,0.7368,8.6E-5,corr,,,1.564,0.00449,5.684E-4,0.001464,1.0,1.0,1.97,1.97,4.21,7.66,1
407,true,3017252600328207872,427395534,83.783438,-5.612963,32,13,6.69,0.12,1.9714,7.9947,15.307,,,,,,,7.3894,0.0085,5.1019,0.0094,0.4666,0.22981,7.3683,0.007,5.167,0.011,0.57611,0.21223,7.4787,0.0081,4.552,0.023,0.64875,0.12532,7.3894,0.0085,corr,,,1.083,0.0257,0.003213,0.01061,1.0,2.91,3.75,5.97,7.84,7.84,1
342,true,3017252664749740160,427395533,83.771135,-5.612179,32,13,6.69,0.12,2.3434,7.7972,15.124,,,,,,,3.874,0.0035,3.2233,0.0073,0.30645,0.09289,3.8747,0.0034,3.2204,0.0069,0.33708,0.10011,3.8841,0.0058,10.403,0.045,0.23435,0.21096,3.874,0.0035,corr,,,0.94,0.0256,0.006891,0.02138,1.0,1.0,1.0,1.0,3.82,5.8,1
624,true,3017252531608726528,427395530,83.812152,-5.610888,6,13,6.69,0.12,2.0981,7.5426,14.839,,,,,,,6.0314,,4.2395,,0.26144,0.11267,5.9962,0.0045,10.89,0.058,0.74879,0.18747,6.0853,,4.3097,,0.80325,0.14494,5.9962,0.0045,pca,,,1.662,0.00287,6.622E-4,0.001052,1.0,1.0,1.0,2.99,4.09,4.97,1
408,true,3017252634687945088,427395525,83.783515,-5.603924,32,13,6.69,0.12,2.2015,8.3247,15.86,,,,,,,4.0978,0.0019,5.446,0.011,0.67634,0.18607,4.0958,0.0019,3.3191,0.004,0.67669,0.18595,4.1292,0.0017,5.463,0.021,0.8267,0.09989,4.0978,0.0019,corr,,,1.053,0.0378,0.002486,0.01005,2.94,2.94,2.94,3.91,4.84,7.53,1
911,true,3017252565968459648,427395517,83.831955,-5.593263,6,13,6.69,0.12,1.7477,8.7329,15.456,3860.0,158.0,0.587,0.024,0.598,0.024,1.6472,0.0035,2.8453,0.0086,0.08726,0.08063,1.6737,0.0024,3.6012,0.0095,0.11498,0.11206,2.7659,0.0047,3.411,0.01,0.17362,0.12197,,,,,,0.97,0.001721,7.939E-4,0.001512,1.0,1.0,1.0,3.03,4.86,5.65,1
1036,true,3017252870908264448,427395516,83.842845,-5.590765,32,13,6.69,0.12,2.3069,7.3657,14.812,,,,,,,2.0852,,2.4147,,0.03279,0.02639,2.0708,0.0076,3.797,0.027,0.03946,0.03324,21.2,1.0,5.376,0.078,0.36592,0.0356,,,,,,1.102,0.0378,0.009069,0.04204,1.0,1.0,1.0,1.94,4.93,6.08,1
658,true,3017252772126891392,427395511,83.814545,-5.586643,32,13,6.69,0.12,2.0846,7.6252,15.091,,,,,,,3.0479,0.0053,1.0825,0.0013,0.12982,0.06638,3.0531,0.0054,5.511,0.049,0.12807,0.07135,15.538,,5.8952,,0.2488,0.06721,,,,,,0.931,0.01035,0.002638,0.01002,1.0,1.0,3.15,5.26,5.26,6.38,1
1211,true,3017252256730807040,427395508,83.870414,-5.585226,32,13,6.69,0.12,2.0635,7.0515,14.412,,,,,,,4.6597,0.0029,3.6825,0.0043,0.56877,0.22739,4.6456,0.0033,3.713,0.0055,0.60583,0.2068,4.7256,0.0037,6.059,0.014,0.53644,0.23722,4.6597,0.0029,corr,,,1.103,0.0263,0.002893,0.009075,1.0,1.0,1.85,2.87,2.87,2.87,1
470,true,3017252806486631552,427395506,83.796367,-5.583239,6,13,6.69,0.12,2.4371,6.8467,14.376,,,,,,,2.8682,0.0067,3.775,0.011,0.14365,0.13578,2.8617,0.0029,5.62,0.027,0.32195,0.14106,2.8881,0.0027,5.748,0.015,0.34844,0.20996,2.8881,0.0027,raw,,,1.012,0.00144,4.861E-4,9.136E-4,1.0,1.0,1.0,3.26,3.26,3.26,1
1002,true,3017252943925579008,427395505,83.840104,-5.582883,32,13,6.69,0.12,2.069,6.5329,14.024,,,,,,,4.752,0.017,3.6633,0.008,0.1804,0.1256,5.219,0.017,9.227,0.048,0.1865,0.13125,5.615,0.011,16.44,0.1,0.31178,0.22814,,,,,,1.13,0.0378,0.004282,0.01748,1.0,1.89,3.04,4.1,6.36,7.49,1
933,true,3017252943925579648,427395504,83.834007,-5.582568,32,13,6.69,0.12,1.6987,8.9305,15.684,3911.0,158.0,0.632,0.029,0.656,0.034,5.917,0.016,4.471,0.016,0.16184,0.08363,5.956,0.012,4.59,0.013,0.20307,0.09873,16.251,0.054,6.1008,0.0088,0.37362,0.31706,,,,,,1.092,0.0329,0.004698,0.02031,1.0,1.0,2.64,4.6,5.52,5.52,1
1007,true,3017252943925578752,427395502,83.840406,-5.579684,6,13,6.69,0.12,1.0561,4.8476,12.62,,,,,,,3.817,0.014,1.7261,0.0028,0.13616,0.08415,8.34,,3.6836,,0.24787,0.18803,20.54,0.12,7.406,0.098,0.62155,0.15246,,,,,,1.344,0.0182,4.78E-4,0.004953,1.0,2.12,2.12,2.12,3.32,4.45,1
661,true,3017252772126890112,427395501,83.814981,-5.579641,32,13,6.69,0.12,2.0817,8.0712,15.53,,,,,,,3.0421,,5.0284,,0.1166,0.08413,3.0105,0.0053,4.798,0.016,0.13633,0.12413,8.741,0.031,4.908,0.039,0.19668,0.06818,,,,,,0.879,0.0151,0.002505,0.01056,1.0,1.0,3.0,6.35,7.38,8.39,1
1233,true,3017253012645048704,427395499,83.876761,-5.57739,6,13,6.69,0.12,2.4046,7.3362,14.582,,,,,,,7.12,0.075,2.306,0.0048,0.11538,0.09744,7.733,0.012,2.896,0.02,0.53098,0.04823,8.565,0.013,16.61,0.16,0.60689,0.19573,7.733,0.012,pca,,,0.904,0.00168,5.685E-4,0.001124,1.0,1.0,1.0,1.98,1.98,2.81,1
1081,true,3017252978285314560,427395496,83.847954,-5.573163,6,13,6.69,0.12,1.6039,8.567,15.411,4014.0,159.0,0.611,0.026,0.629,0.028,4.348,0.017,3.441,0.024,0.10211,0.03878,6.396,0.04,4.512,0.015,0.11932,0.10417,6.2,0.018,3.318,0.02,0.20603,0.06184,,,,,,1.065,0.001368,6.187E-4,0.001055,1.0,1.0,2.17,8.0,8.88,9.96,1
527,true,3017252840846366464,427395494,83.804343,-5.567664,32,13,6.69,0.12,1.7414,8.3864,15.928,,,,,,,4.732,0.011,6.058,0.019,0.13775,0.13649,4.769,,3.7196,,0.21801,0.07969,4.756,0.017,3.786,0.024,0.10234,0.04677,4.732,0.011,all3,,,1.097,0.0241,0.002607,0.02281,1.0,1.0,2.07,2.07,3.09,5.08,1
366,true,3017264626236630656,427395490,83.774032,-5.565508,32,13,6.69,0.12,2.325,7.1652,14.412,,,,,,,4.872,0.012,2.3228,0.0034,0.13255,0.12113,5.533,0.02,8.059,0.066,0.10602,0.06612,19.437,0.067,9.318,0.046,0.4929,0.1217,,,,,,0.976,0.0497,0.004528,0.05177,1.0,1.0,3.05,4.05,4.05,4.05,1
920,true,3017253184443745536,427395489,83.833114,-5.56487,32,13,6.69,0.12,2.084,6.6776,14.068,,,,,,,3.84,0.24,5.012,0.018,0.12768,0.10553,3.9193,0.0058,9.517,0.053,0.19594,0.12008,17.162,0.063,4.0723,0.0075,0.36262,0.16487,,,,,,1.161,0.0251,0.004728,0.02038,1.0,1.0,1.0,3.22,4.41,5.29,1
1133,true,3017253287522954880,427395479,83.855172,-5.555859,6,13,6.69,0.12,1.791,8.129,15.675,,,,,,,1.7222,0.001,1.5394,0.002,0.24227,0.09093,1.7213,0.0016,1.5478,0.0028,0.15165,0.06176,1.7109,0.0025,6.506,0.053,0.09077,0.05832,1.7222,0.001,all3,,,0.999,7.68E-4,4.343E-4,7.833E-4,1.0,1.0,1.0,1.0,3.02,5.02,1
460,true,3017265038553486080,427395476,83.794074,-5.553781,32,13,6.69,0.12,1.7982,8.0208,15.545,,,,,,,6.023,0.017,9.376,0.069,0.14037,0.09851,9.489,0.022,6.096,0.015,0.31315,0.16166,9.636,0.02,4.048,0.032,0.43017,0.04207,9.636,0.02,raw,,,0.847,0.01462,0.00279,0.01206,1.0,1.0,1.0,1.0,1.9,4.01,1
677,true,3017265004193745280,427395475,83.815836,-5.553436,6,13,6.69,0.12,1.6632,5.8512,13.332,,,,,,,4.1547,0.0092,1.5041,0.0014,0.23556,0.15371,4.1654,0.0069,1.7556,0.0025,0.30461,0.11594,,,,,,,,,raw,,,1.099,0.00415,3.954E-4,9.851E-4,1.0,3.27,4.28,4.28,4.28,4.28,1
1256,true,3017346952181227776,427395473,83.880705,-5.552459,6,13,6.69,0.12,0.4567,1.4358,9.368,,,,,,,3.9993,0.0049,5.565,0.024,0.28985,0.11825,5.4985,0.0076,3.9918,0.0051,0.33624,0.26632,20.19,0.15,5.951,0.022,0.36448,0.17838,,,,,,1.061,0.00298,2.106E-4,8.028E-4,1.0,1.0,2.23,2.23,2.23,2.23,1
1222,true,3017346952181228416,427395465,83.874311,-5.54819,32,13,6.69,0.12,1.243,3.7034,11.261,4878.7,40.3,,,,,3.8201,0.0021,1.9293,0.0058,0.59834,0.0454,3.8085,0.0018,3.0667,0.0085,0.63849,0.07688,18.162,0.062,4.766,0.016,0.5485,0.12115,3.8201,0.0021,corr,,,1.181,0.00858,5.912E-4,0.002477,1.0,1.0,1.81,1.81,1.81,1.81,1
406,true,3017265244711916672,427395458,83.783424,-5.545651,32,13,6.69,0.12,1.5326,6.2608,13.85,,,,,,,5.9682,0.0089,10.077,0.071,0.33485,0.10457,5.9705,0.0068,9.718,0.035,0.41975,0.20415,6.4101,0.0077,12.4,0.23,0.5485,0.12477,5.9682,0.0089,corr,,,1.083,0.0317,0.002768,0.01336,2.18,2.18,2.18,2.18,3.29,6.37,1
796,true,3017265107272954880,427395451,83.823684,-5.534004,6,13,6.69,0.12,1.8704,7.3685,14.999,,,,,,,3.114,0.0065,6.31,0.05,0.12649,0.0638,9.941,0.025,3.155,0.0061,0.35369,0.19037,9.904,0.015,3.118,0.018,0.7441,0.0678,9.904,0.015,raw,,,0.968,0.001231,4.042E-4,6.591E-4,1.0,1.0,3.22,3.22,5.22,5.22,1
713,true,3017265175992432512,427395450,83.817831,-5.533955,6,13,6.69,0.12,1.7579,8.2945,15.699,,,,,,,3.069,,4.0097,,0.08823,0.06026,9.85,0.034,3.096,0.0054,0.25553,0.19189,9.9,0.016,3.071,0.016,0.6407,0.06523,,,,,,0.9,0.001016,4.183E-4,6.693E-4,1.0,1.0,1.95,3.08,5.11,8.09,1
489,true,3017265279071650688,427395447,83.799523,-5.532047,32,13,6.69,0.12,1.7204,5.2464,12.704,,,,,,,3.0722,0.0024,5.375,0.02,0.30807,0.11644,3.0832,0.0019,5.717,0.016,0.37232,0.16322,3.1004,0.002,5.457,0.015,0.36103,0.14903,3.0722,0.0024,corr,,,1.179,0.01588,0.00296,0.01052,1.0,2.14,2.14,2.14,3.17,4.38,1
497,true,3017265279071649280,427395441,83.800609,-5.527441,32,13,6.69,0.12,2.2449,7.3685,14.343,,,,,,,3.0445,,0.83223,,0.29874,0.10387,3.0278,0.0024,0.83251,6.0E-4,0.29153,0.08354,3.0431,0.0025,6.759,0.045,0.31826,0.09889,3.04,,all3,,,0.79,0.01637,0.00302,0.01192,1.0,3.0,3.0,4.06,4.87,7.96,1
1061,true,3017265137334877184,427395440,83.845016,-5.527025,32,13,6.69,0.12,1.7731,6.9336,14.498,,,,,,,5.806,0.011,4.171,0.011,0.23817,0.12685,5.7917,0.0094,4.232,0.012,0.2953,0.12943,5.976,0.014,4.2238,0.0091,0.24611,0.17383,5.806,0.011,all3,,,1.016,0.01406,0.002805,0.01115,1.0,1.0,2.1,3.02,3.02,7.06,1
971,true,3017265141632813952,427395433,83.837468,-5.522691,32,13,6.69,0.12,1.5713,5.9845,13.435,,,,,,,3.2713,0.0025,3.985,0.01,0.3261,0.12264,3.2687,0.0028,3.9542,0.0086,0.31115,0.13545,3.2695,0.0026,9.807,0.058,0.36315,0.12676,3.2713,0.0025,corr,,,1.071,0.0155,0.002078,0.009377,1.0,2.19,2.19,3.27,5.4,7.42,1
1218,true,3017347261418863744,427395430,83.873586,-5.520118,6,13,6.69,0.12,1.8564,6.7302,14.204,,,,,,,2.3216,,3.1165,,0.53889,0.04997,2.32282,8.8E-4,3.208,0.028,0.56835,0.04638,13.964,,5.8204,,0.53364,0.07063,2.32,,corr,,,0.967,0.001389,3.388E-4,5.621E-4,1.0,1.0,2.17,3.19,7.4,7.4,1
1277,true,3017347291470793216,427395429,83.884899,-5.519788,6,13,6.69,0.12,1.3914,2.9239,10.496,,,,,,,2.3171,,1.9988,,0.6971,0.07889,2.3204,7.2E-4,3.229,0.017,0.76295,0.07833,2.31522,7.6E-4,3.2419,0.007,0.71476,0.15488,2.32,,corr,,,1.278,0.00415,2.527E-4,5.418E-4,1.0,1.0,1.0,1.0,1.0,1.0,1
482,true,3017265382150862848,427395424,83.798581,-5.516987,32,13,6.69,0.12,1.6493,7.9433,15.494,,,,,,,8.626,0.026,5.761,0.013,0.19893,0.1773,8.676,0.02,5.803,0.011,0.29188,0.20187,8.53,0.24,7.64,0.14,0.42939,0.27968,8.626,0.026,all3,,,0.89,0.01532,0.002253,0.01172,1.0,1.0,2.68,5.66,7.62,10.65,1
712,true,3017265416510598016,427395423,83.817762,-5.516876,6,13,6.69,0.12,1.5294,8.0999,15.781,,,,,,,4.1757,0.0062,5.498,0.037,0.46566,0.16369,4.1926,,8.238,,0.4286,0.29451,4.1864,,8.6733,,0.42346,0.32496,4.1757,0.0062,corr,,,0.944,0.00283,4.834E-4,8.693E-4,1.0,1.0,2.09,5.85,7.92,12.01,1
560,true,3017265377852811776,427395420,83.806687,-5.516014,32,13,6.69,0.12,1.4536,4.2781,11.755,,,,,,,8.166,0.017,2.799,0.0028,0.31012,0.18869,8.032,0.012,2.8085,0.005,0.49951,0.11331,7.6697,0.006,5.477,0.013,0.76802,0.15566,8.166,0.017,corr,,,1.107,0.0297,0.001701,0.01123,1.0,1.0,1.0,3.43,4.66,4.66,1
549,true,3017265382150860800,427395417,83.806172,-5.513372,32,13,6.69,0.12,1.7946,7.2912,14.688,,,,,,,8.147,0.016,5.555,0.012,0.33796,0.17207,8.123,0.019,2.788,0.0035,0.34622,0.1616,7.8434,0.0091,6.26,0.14,0.65377,0.07943,8.147,0.016,corr,,,1.016,0.01995,0.001338,0.009168,1.8,1.8,3.76,5.88,6.95,9.1,1
1093,true,3017358978089804672,427395416,83.849293,-5.513194,6,13,6.69,0.12,1.143,3.6746,11.333,,,,,,,3.2464,0.0055,2.3393,0.0032,0.1675,0.16035,8.495,0.021,4.124,0.011,0.36831,0.16343,8.231,0.024,2.7358,0.0086,0.44382,0.11837,8.231,0.024,raw,,,1.025,0.001569,3.46E-4,6.858E-4,1.0,1.0,1.0,2.16,2.16,5.8,1
1148,true,3017359012449387136,427395412,83.857019,-5.510592,6,13,6.69,0.12,1.8809,7.6268,14.993,,,,,,,2.3489,0.0016,4.195,0.011,0.31556,0.1494,8.491,0.013,2.38,0.0047,0.54969,0.11681,15.995,0.047,8.028,0.014,0.45082,0.4391,2.3489,0.0016,corr,,,0.838,0.00343,3.823E-4,8.084E-4,1.0,2.88,6.65,6.65,8.61,8.61,1
913,true,3017359046809133824,427395411,83.83249,-5.510461,6,13,6.69,0.12,1.9405,6.9811,14.809,,,,,,,3.1955,0.0071,4.567,0.014,0.20682,0.19176,5.329,0.014,8.935,0.033,0.26076,0.22498,10.609,0.036,5.876,0.011,0.29349,0.28993,,,,,,0.817,0.00894,3.29E-4,0.001164,2.99,2.99,6.3,8.44,10.41,12.54,1
1243,true,3017347364498068224,427395410,83.878343,-5.510065,6,13,6.69,0.12,1.6505,6.8851,14.566,,,,,,,2.3621,0.0032,5.244,0.023,0.16074,0.15808,5.5245,0.0066,9.133,0.02,0.4323,0.38364,9.848,0.024,1.869,0.01,0.67062,0.04902,9.848,0.024,raw,,,1.097,0.00217,3.981E-4,7.251E-4,1.0,1.0,2.16,5.12,5.85,8.04,1
782,true,3017359252967565312,427395405,83.822666,-5.507063,6,13,6.69,0.12,1.5543,7.5234,14.871,,,,,,,4.089,0.0083,5.468,0.038,0.21042,0.07902,4.0733,0.005,3.1737,0.0065,0.28906,0.13155,4.1339,0.007,17.16,0.13,0.22763,0.21015,4.089,0.0083,all3,,,0.989,7.89E-4,4.396E-4,7.417E-4,1.0,3.18,4.34,8.55,9.47,12.52,1
1180,true,3017359012449383296,427395404,83.863356,-5.50688,32,13,6.69,0.12,1.9813,7.2094,14.652,,,,,,,5.859,0.008,9.14,0.032,0.32058,0.1969,5.9015,,9.4171,,0.42127,0.19136,6.0394,0.0067,3.3361,0.0093,0.47314,0.12057,5.859,0.008,corr,,,0.962,0.01357,0.001509,0.006203,1.0,3.07,6.01,7.15,8.2,13.07,1
571,true,3017265485230074240,427395402,83.807522,-5.506796,32,13,6.69,0.12,1.7431,7.0117,14.535,,,,,,,7.901,0.018,2.7869,0.0027,0.32113,0.20972,7.749,0.014,2.7811,0.0026,0.34287,0.19735,7.598,0.023,5.32,0.1,0.86065,0.15497,7.901,0.018,corr,,,1.082,0.0236,0.001125,0.01167,1.0,1.0,4.07,4.88,5.95,9.22,1
1170,true,3017359012449383424,427395395,83.860235,-5.504587,6,13,6.69,0.12,1.4559,8.0777,15.738,,,,,,,2.3506,0.0025,4.491,0.016,0.19999,0.13387,8.208,0.011,4.564,0.03,0.65022,0.09553,8.074,0.014,4.595,0.029,0.62675,0.09591,8.208,0.011,pca,,,0.905,0.00589,4.086E-4,9.089E-4,1.96,4.72,5.68,7.58,11.62,13.77,1
1264,true,3017347398857790848,427395391,83.882016,-5.501154,6,13,6.69,0.12,1.6879,7.6856,15.243,,,,,,,5.167,0.012,1.8972,0.0024,0.21422,0.12512,9.037,0.014,5.4726,0.0061,0.53823,0.44258,9.3685,,28.802,,0.86756,0.25251,9.37,,raw,,,0.835,0.00605,3.618E-4,0.001058,1.0,1.0,3.01,6.03,6.03,6.03,1
425,true,3017266206784582144,427395389,83.787734,-5.499786,32,13,6.69,0.12,1.3376,4.3741,12.012,,,,,,,4.0812,0.0021,9.323,0.06,0.58796,0.1179,4.0931,,9.243,,0.65156,0.10588,4.1386,0.0021,9.88,0.054,0.66644,0.13709,4.0812,0.0021,corr,,,1.107,0.01663,0.001038,0.005082,1.0,1.0,1.0,1.0,1.0,2.18,1
1103,true,3017359081168861952,427395388,83.85102,-5.499221,6,13,6.69,0.12,1.8017,6.444,13.962,,,,,,,4.1868,0.0072,4.643,0.055,0.32664,0.11908,4.1164,0.0052,7.675,0.031,0.42071,0.21733,4.2606,0.0056,7.492,0.038,0.40464,0.22142,4.1868,0.0072,corr,,,0.976,0.00456,3.909E-4,8.155E-4,1.0,2.09,3.16,8.52,9.58,11.43,1
1132,true,3017359184248074880,427395385,83.855111,-5.497688,6,13,6.69,0.12,1.4071,8.0091,15.575,,,,,,,4.338,0.01,3.3456,0.0094,0.28375,0.0939,4.3217,0.0069,7.635,0.038,0.28109,0.16172,4.3701,0.0086,6.339,0.059,0.20577,0.15922,4.338,0.01,all3,,,1.01,0.001309,4.564E-4,7.408E-4,1.0,2.99,3.97,7.78,10.69,11.42,1
1068,true,3017359081168862208,427395382,83.84601,-5.494875,6,13,6.69,0.12,1.3597,7.4661,15.258,,,,,,,4.401,0.012,0.9875,0.0013,0.2303,0.05978,4.0541,0.0064,6.284,0.028,0.28536,0.12593,5.909,0.011,4.3295,0.0066,0.28065,0.25445,,,,,,0.87,0.001434,3.598E-4,5.939E-4,1.0,1.0,1.94,2.96,6.28,10.31,1
1267,true,3017359149888300928,427395375,83.882458,-5.492818,6,13,6.69,0.12,1.5438,7.1279,14.755,,,,,,,1.8683,0.0023,1.611,0.034,0.14955,0.14755,1.6243,0.0012,2.5214,0.0038,0.21398,0.13656,8.384,0.077,15.63,0.27,0.21118,0.12327,,,,,,0.893,6.59E-4,2.477E-4,4.185E-4,2.16,2.16,2.16,4.1,6.03,12.03,1
356,true,3017266275504059648,427395370,83.773417,-5.489541,32,13,6.69,0.12,1.1273,7.9458,15.76,,,,,,,2.6516,,3.0384,,0.19592,0.17012,11.96,0.068,2.6596,0.004,0.19777,0.15849,10.557,0.022,2.6361,0.0047,0.47288,0.12367,,,,,,1.097,0.0235,0.001131,0.007357,2.12,3.1,3.97,8.85,9.92,15.74,1
402,true,3017266309863795840,427395368,83.782703,-5.488189,32,13,6.69,0.12,1.2474,7.8712,15.69,,,,,,,5.6802,0.0075,8.588,0.02,0.33314,0.2884,5.7199,0.0076,8.655,0.02,0.32816,0.29406,8.304,0.012,5.5434,0.0067,0.44128,0.34368,,,,,,0.993,0.0205,0.001571,0.008954,2.06,2.06,5.37,7.49,9.24,11.09,1
1212,true,3017359218607966592,427395361,83.871239,-5.486231,32,13,6.69,0.12,1.6014,6.3378,13.899,,,,,,,7.079,0.011,4.8637,0.0081,0.34781,0.19659,7.133,0.011,12.511,0.054,0.36767,0.24713,11.275,0.034,6.996,0.027,0.5865,0.23547,7.079,0.011,corr,,,0.897,0.00969,7.539E-4,0.004344,1.0,1.0,2.09,2.09,6.26,8.41,1
1293,true,3017359527845288832,427395351,83.890051,-5.480761,6,13,6.69,0.12,1.5843,7.1125,14.704,,,,,,,1.65102,4.0E-4,1.665,0.018,0.69823,0.03369,1.6508,,2.9354,,0.73522,0.0294,1.65295,6.6E-4,6.896,0.027,0.36713,0.16275,1.65102,4.0E-4,corr,,,0.929,6.79E-4,2.131E-4,3.164E-4,1.0,1.0,2.9,3.78,4.87,9.03,1
845,true,3017359356046769920,427395348,83.826233,-5.479513,6,13,6.69,0.12,1.332,7.0903,14.76,,,,,,,0.9234,5.1E-4,2.3823,0.0052,0.14189,0.09755,0.92495,5.2E-4,12.22,0.085,0.13627,0.13003,6.6,0.021,17.69,0.17,0.19886,0.18968,,,,,,0.996,6.31E-4,2.254E-4,4.134E-4,1.0,1.0,3.26,4.21,7.33,12.86,1
1235,true,3017359596564784128,427395333,83.877035,-5.475181,6,13,6.69,0.12,1.3516,6.7365,14.346,,,,,,,3.799,0.013,5.511,0.034,0.12387,0.09571,6.7475,,3.558,,0.22974,0.14779,7.057,0.017,3.753,0.01,0.30368,0.18394,,,,,,1.003,4.9E-4,1.928E-4,2.852E-4,1.0,3.27,3.27,4.29,8.22,10.28,1
1021,true,3017359459125971840,427395331,83.84138,-5.47428,6,13,6.69,0.12,0.8519,8.3225,15.957,,,,,,,5.044,0.013,3.693,0.019,0.21261,0.09464,4.9156,0.0086,9.54,0.15,0.4076,0.09664,6.299,0.057,3.984,0.024,0.15218,0.11532,,,,,,0.866,5.27E-4,1.9E-4,2.94E-4,1.0,4.15,9.26,11.4,14.56,18.65,1
1024,true,3017359459125967360,427395318,83.841947,-5.470923,6,13,6.69,0.12,0.7553,7.4071,15.575,,,,,,,5.039,0.017,3.682,0.064,0.20232,0.08285,4.9223,0.0076,9.318,0.095,0.41564,0.13692,6.303,0.06,3.988,0.027,0.14852,0.11139,,,,,,0.975,4.84E-4,1.679E-4,2.672E-4,2.12,5.09,8.45,10.6,14.88,17.07,1
1075,true,3017359493485696000,427395315,83.847144,-5.469501,32,13,6.69,0.12,0.8994,7.7704,15.581,,,,,,,2.8049,0.0023,3.2984,0.0032,0.25949,0.22952,,1.30000003E14,3.02,0.3,0.2486,0.18236,3.317,0.0048,19.8,1.6,0.22131,0.17474,,,,,,0.88,0.00461,4.079E-4,0.001888,2.17,4.28,7.5,10.57,13.77,16.5,1
467,true,3017360146320757888,427395308,83.795366,-5.466889,6,13,6.69,0.12,1.4938,7.144,14.928,,,,,,,0.164303,9.3E-6,,,0.36432,,0.16431,1.1E-5,,,0.2997,,14.466,,5.9863,,0.69644,0.10901,0.1643,9.3E-6,corr,,,1.001,4.76E-4,1.138E-4,3.99E-4,1.0,4.88,7.01,10.23,13.32,16.52,1
557,true,3017360180680491776,427395304,83.806531,-5.465924,6,13,6.69,0.12,0.8651,7.8113,15.693,,,,,,,3.6943,0.0087,4.965,0.019,0.12819,0.09886,4.8933,0.0059,3.7405,0.0061,0.33428,0.17738,14.737,0.05,6.721,0.017,0.46147,0.23087,,,,,,0.854,3.34E-4,1.867E-4,2.859E-4,3.12,3.12,6.2,7.24,12.36,17.18,1
413,true,3017360352479190656,427395302,83.784793,-5.465818,6,13,6.69,0.12,1.0951,7.2747,15.239,,,,,,,0.164319,1.6E-5,,,0.21447,,0.16432,2.1E-5,,,0.15577,,14.775,0.026,5.853,0.032,0.77405,0.08003,,,,,,0.762,6.0E-4,1.271E-4,5.222E-4,1.0,3.14,4.74,7.65,8.59,11.66,1
538,true,3017360180680491904,427395301,83.805201,-5.465082,6,13,6.69,0.12,1.2278,7.3191,15.185,,,,,,,3.6943,0.0087,4.965,0.019,0.12819,0.09886,4.8933,0.0059,3.7405,0.0061,0.33428,0.17738,14.737,0.05,6.721,0.017,0.46147,0.23087,,,,,,0.706,3.34E-4,1.867E-4,2.859E-4,3.17,4.18,6.31,7.29,11.52,17.43,1
439,true,3017360348171372672,427395300,83.790988,-5.464771,6,13,6.69,0.12,0.1553,-0.0469,8.171,,,,,,,0.164309,8.6E-6,,,0.39674,,0.16431,8.5E-6,,,0.40037,,16.273,0.059,2.9443,0.0072,0.47445,0.10489,0.16431,8.6E-6,corr,,,0.945,4.43E-4,1.055E-4,3.413E-4,1.0,1.0,1.0,1.0,1.0,1.0,1
354,true,3017360352479193472,427395299,83.772914,-5.464521,6,13,6.69,0.12,1.2073,6.6901,14.578,,,,,,,2.1807,0.0049,1.1821,0.0013,0.10602,0.09673,3.062,,12.15,,0.20494,0.15646,14.22,0.11,6.481,0.038,0.17325,0.12366,,,,,,0.956,5.2E-4,2.164E-4,3.369E-4,1.0,1.0,1.0,2.87,6.14,9.37,1
1163,true,3017359871442793472,427395294,83.859602,-5.462223,32,13,6.69,0.12,1.0236,6.9012,14.709,,,,,,,2.78114,9.0E-4,2.3841,0.0019,0.66804,0.20551,2.78433,8.3E-4,2.3884,0.0019,0.73064,0.2031,2.7973,0.0012,14.6,0.28,0.58971,0.11467,2.78114,9.0E-4,corr,,,0.973,0.00789,2.791E-4,0.001936,1.74,1.74,3.7,3.7,4.87,6.91,1
1230,true,3017359798416164736,427395290,83.876388,-5.460325,6,13,6.69,0.12,0.9299,7.2772,15.023,,,,,,,4.3045,,2.8383,,0.24214,0.14185,6.1021,,4.2603,,0.32099,0.18374,4.19,0.012,3.436,0.01,0.1832,0.13861,,,,,,0.97,3.18E-4,1.548E-4,2.341E-4,1.0,1.0,1.98,3.08,6.1,7.07,1
573,true,3017360180680489600,427395289,83.80761,-5.46025,32,13,6.69,0.12,0.8661,7.548,15.578,,,,,,,6.038,0.028,4.518,0.022,0.0955,0.06777,6.056,0.019,4.534,0.02,0.13285,0.08677,16.07,0.11,6.009,0.032,0.20124,0.07083,,,,,,0.823,0.00543,5.286E-4,0.0032,1.96,4.09,6.07,7.14,10.29,12.53,1
1160,true,3017359871442791168,427395288,83.859188,-5.460207,32,13,6.69,0.12,1.1114,3.1415,10.774,,,,,,,2.78114,9.0E-4,2.3841,0.0019,0.66804,0.20551,2.78433,8.3E-4,2.3884,0.0019,0.73064,0.2031,2.7973,0.0012,14.6,0.28,0.58971,0.11467,2.78114,9.0E-4,corr,,,1.211,0.00789,2.791E-4,0.001936,1.0,1.0,1.0,1.0,1.0,1.0,1
554,true,3017360180680489216,427395284,83.806381,-5.457956,32,13,6.69,0.12,1.2806,7.2322,14.893,,,,,,,6.038,0.028,4.518,0.022,0.0955,0.06777,6.056,0.019,4.534,0.02,0.13285,0.08677,16.07,0.11,6.009,0.032,0.20124,0.07083,,,,,,0.956,0.00543,5.286E-4,0.0032,2.04,2.04,7.42,7.42,7.42,11.73,1
1041,true,3017360249399928832,427395283,83.843254,-5.457892,6,13,6.69,0.12,0.7716,7.5608,15.473,,,,,,,2.8389,0.0045,2.3328,0.0046,0.14508,0.10367,10.879,0.047,5.678,0.019,0.22442,0.17271,6.474,0.028,3.772,0.021,0.21842,0.11595,,,,,,0.867,3.37E-4,1.338E-4,2.38E-4,1.0,3.2,3.2,4.22,12.28,15.68,1
1187,true,3017359871442672000,427395282,83.864577,-5.457219,32,13,6.69,0.12,1.2337,6.3649,14.163,,,,,,,2.81685,9.4E-4,2.4051,0.0025,0.66445,0.15489,2.819,,5.049,,0.68498,0.07699,2.8293,0.0017,16.94,0.13,0.42283,0.1732,2.81685,9.4E-4,corr,,,0.91,0.0052,3.593E-4,0.001568,1.0,1.0,2.79,3.82,5.89,7.81,1
349,true,3017360421198667264,427395278,83.772538,-5.454746,6,13,6.69,0.12,1.2576,5.6382,13.231,,,,,,,2.1825,0.0029,2.6313,0.0075,0.15129,0.08576,6.91,0.12,3.1687,0.0093,0.21726,0.12357,14.08,0.13,7.699,0.065,0.26396,0.18157,,,,,,1.116,7.32E-4,1.798E-4,2.899E-4,1.0,3.31,3.31,5.55,8.91,13.39,1
1239,true,3017359837082924032,427395277,83.877766,-5.454675,32,13,6.69,0.12,1.1341,6.8351,14.572,,,,,,,8.811,0.029,4.047,0.017,0.27176,0.06696,9.802,0.034,1.825,0.011,0.36352,0.03288,18.447,0.05,8.998,0.022,0.61368,0.30389,,,,,,0.981,0.00302,3.949E-4,0.001603,1.0,1.0,2.02,2.02,3.0,7.37,1
370,true,3017360421198666624,427395272,83.774553,-5.452507,6,13,6.69,0.12,0.6605,8.0355,15.977,,,,,,,2.1825,0.0029,2.6313,0.0075,0.1513,0.08578,6.91,0.12,3.1687,0.0093,0.21726,0.12357,14.08,0.13,7.699,0.065,0.26396,0.18157,,,,,,0.94,7.32E-4,1.798E-4,2.899E-4,2.96,3.79,4.74,6.64,11.21,11.21,1
369,true,3017360421198665600,427395265,83.774383,-5.450459,32,13,6.69,0.12,1.2665,6.7383,14.615,,,,,,,5.218,0.016,2.944,0.013,0.13465,0.08442,5.351,0.015,2.926,0.012,0.16016,0.0837,5.3578,0.0079,10.919,0.041,0.2863,0.1995,5.218,0.016,all3,,,0.918,0.00372,4.825E-4,0.002266,3.2,5.13,6.11,9.12,11.14,14.4,1
1008,true,3017360627357037696,427395255,83.840558,-5.445667,6,13,6.69,0.12,0.6097,7.3026,15.292,,,,,,,3.1953,,1.9466,,0.15807,0.08334,8.7237,,3.5326,,0.21762,0.14115,8.099,0.072,3.795,0.014,0.17934,0.14763,,,,,,0.88,3.67E-4,1.08E-4,2.122E-4,2.7,3.72,4.51,10.02,12.95,19.33,1
994,true,3017360627357038592,427395254,83.839136,-5.445568,6,13,6.69,0.12,1.4579,4.4135,12.086,,,,,,,3.195,0.01,1.9466,0.0039,0.15808,0.08334,8.7237,,3.5326,,0.21762,0.14115,8.099,0.072,3.795,0.014,0.17934,0.14763,,,,,,1.418,3.67E-4,1.08E-4,2.122E-4,1.0,3.1,3.1,4.32,6.72,6.72,1
395,true,3017360455558399104,427395252,83.781042,-5.444488,32,13,6.69,0.12,0.6277,7.6645,15.908,,,,,,,8.951,0.061,3.946,0.024,0.14422,0.078,8.534,0.024,14.95,0.22,0.28669,0.09893,8.533,0.013,16.182,0.054,0.42835,0.3682,8.951,0.061,all3,,,0.907,0.0059,4.161E-4,0.00249,1.0,1.95,4.94,7.93,13.78,20.3,1
931,true,3017360313812222720,427395250,83.834028,-5.444189,6,13,6.69,0.12,1.432,4.2988,11.805,,,,,,,3.26,0.34,4.091,0.015,0.16278,0.08742,3.29,0.1,8.62,0.11,0.20756,0.18177,18.23,0.15,6.676,0.037,0.20468,0.14701,,,,,,0.99,3.77E-4,1.099E-4,2.265E-4,1.0,2.02,2.02,3.17,4.38,4.38,1
1108,true,3017360627356913280,427395245,83.851916,-5.442097,32,13,6.69,0.12,0.8618,6.9066,14.764,,,,,,,2.3659,,3.2575,,0.17236,0.15104,3.249,0.015,4.172,0.021,0.06361,0.06246,5.8365,,3.3945,,0.06842,0.0479,,,,,,0.733,0.00695,2.853E-4,0.003646,1.0,2.01,2.98,4.98,9.69,13.63,1
669,true,3017360524277847168,427395243,83.815488,-5.441227,32,13,6.69,0.12,0.8949,7.197,15.087,,,,,,,3.612,0.01,2.7613,0.0088,0.10344,0.06937,3.635,0.01,2.7615,0.0083,0.11155,0.07153,12.366,0.059,5.785,0.023,0.32633,0.14165,,,,,,0.923,0.00278,3.262E-4,0.002036,1.0,1.0,4.28,5.36,8.51,12.27,1
1182,true,3017359905802399744,427395242,83.864345,-5.441165,6,13,6.69,0.12,1.2979,5.0497,12.693,,,,,,,2.7704,0.002,3.363,0.011,0.33532,0.07967,2.8344,0.0027,11.4,0.13,0.33358,0.09606,6.767,0.03,2.9114,0.0082,0.22361,0.14402,2.7704,0.002,corr,,,1.0,3.26E-4,1.062E-4,1.95E-4,1.0,1.71,2.85,2.85,5.14,10.52,1
1208,true,3017359905802385152,427395232,83.868433,-5.438979,6,13,6.69,0.12,-0.1053,1.2523,9.5,,,,,,,0.80509,2.4E-4,2.7698,0.0035,0.23984,0.19559,2.8268,,0.80471,,0.32767,0.22338,6.827,0.017,29.7,1.9,0.23037,0.22795,,,,,,1.035,2.63E-4,9.775E-5,1.601E-4,1.0,1.0,1.0,1.0,1.0,2.2,1
458,true,3017360554330360320,427395229,83.793791,-5.438428,32,13,6.69,0.12,1.3336,3.8629,11.396,,,,,,,4.2759,0.0042,5.7395,0.0094,0.31457,0.24888,4.3175,0.0054,5.778,0.013,0.26758,0.1904,17.517,,10.623,,0.35373,0.15453,,,,,,1.126,0.00342,3.323E-4,0.001542,1.0,1.0,2.05,2.05,2.05,2.05,1
1281,true,3017360008881320064,427395221,83.885507,-5.436264,32,13,6.69,0.12,1.2356,5.3808,13.47,,,,,,,7.92,0.039,5.682,0.02,0.11907,0.11163,7.833,0.046,5.673,0.027,0.09646,0.08097,7.531,0.018,16.89,0.1,0.27215,0.25273,7.92,0.039,all3,,,1.62,0.001549,3.083E-4,0.001401,1.0,1.0,1.0,3.19,4.18,8.12,1
478,true,3017360554330362752,427395207,83.797905,-5.433999,32,13,6.69,0.12,1.4769,4.3627,11.979,,,,,,,4.2091,0.006,8.866,0.081,0.29273,0.08453,4.164,0.012,10.76,0.15,0.16058,0.05575,16.089,,6.8369,,0.4312,0.16846,,,,,,1.255,0.00422,2.492E-4,0.003072,1.0,1.0,1.95,1.95,1.95,1.95,1
1228,true,3017360004574594816,427395186,83.87616,-5.43102,32,13,6.69,0.12,0.9071,6.672,14.45,,,,,,,7.013,0.015,12.08,0.1,0.23353,0.1036,12.334,,7.0462,,0.24882,0.19639,5.51,0.14,3.481,0.067,0.03176,0.02878,,,,,,1.074,0.001995,3.048E-4,0.001161,1.0,5.13,6.18,8.28,9.43,12.99,1
749,true,3017360902223932544,427395171,83.820629,-5.429745,32,13,6.69,0.12,,6.6058,14.678,,,,,,,4.437,0.0095,3.4361,0.0092,0.15978,0.08325,4.4203,0.0097,3.4316,0.0083,0.15638,0.0936,13.205,0.089,5.616,0.026,0.37873,0.12645,,,,,,0.686,0.00296,2.434E-4,0.002476,2.87,4.97,8.97,12.97,19.13,27.52,1
1213,true,3017360764795569792,427395168,83.872256,-5.429529,32,13,6.69,0.12,1.0901,6.3535,14.147,,,,,,,7.013,0.015,12.08,0.1,0.23353,0.1036,12.334,,7.0462,,0.24882,0.19639,5.51,0.14,3.481,0.067,0.03176,0.02878,,,,,,1.558,0.001995,3.048E-4,0.001161,2.18,4.14,5.21,6.91,12.35,16.27,1
1246,true,3017360008881319040,427395162,83.87902,-5.42889,32,13,6.69,0.12,0.691,7.2085,15.178,,,,,,,3.7965,0.0066,3.1277,0.0049,0.15197,0.13229,9.445,0.044,3.812,0.0068,0.14877,0.14715,12.099,0.043,5.642,0.017,0.36338,0.16001,,,,,,0.861,0.0023,2.114E-4,0.001382,1.88,2.83,6.38,8.36,8.36,11.9,1
789,true,3017360902234944000,427395156,83.823123,-5.428561,32,13,6.69,0.12,0.8515,6.6222,14.318,,,,,,,4.437,0.0095,3.4361,0.0092,0.15978,0.08325,4.4203,0.0097,3.4316,0.0083,0.15638,0.0936,13.205,0.089,5.616,0.026,0.37873,0.12645,,,,,,0.774,0.00296,2.434E-4,0.002476,2.97,5.04,10.46,13.55,18.74,30.79,1
1165,true,3017360661716621696,427395148,83.859787,-5.427829,32,13,6.69,0.12,1.0825,3.0658,10.823,,,,,,,1.6084,3.7E-4,0.80564,4.8E-4,0.53343,0.10079,1.59591,7.2E-4,6.027,0.025,0.25954,0.1115,13.481,0.052,5.932,0.016,0.34981,0.19152,1.6084,3.7E-4,corr,,,2.598,0.0038,2.093E-4,0.002211,1.0,1.0,1.0,2.8,4.06,7.34,1
926,true,3017360902234822016,427395140,83.833521,-5.427124,6,13,6.69,0.12,0.8967,5.8467,13.711,,,,,,,4.3717,0.0075,2.6589,0.0046,0.21092,0.11829,8.316,0.022,4.245,0.027,0.46384,0.05326,18.73,0.63,8.7,0.16,0.34243,0.30986,8.316,0.022,pca,,,0.92,0.00241,6.165E-5,5.62E-4,1.0,1.0,5.33,9.78,16.05,23.2,1
665,true,3017360902234947328,427395136,83.815331,-5.425883,32,13,6.69,0.12,0.7195,5.6224,13.497,,,,,,,4.5413,,5.9548,,0.27704,0.06497,4.5265,0.0098,6.09,0.21,0.27231,0.03027,27.102,,6.0261,,0.41953,0.15,,,,,,0.906,0.001103,1.909E-4,9.205E-4,1.0,1.9,9.5,16.15,18.41,20.45,1
358,true,3017363582294583936,427395117,83.773487,-5.422086,6,13,6.69,0.12,1.2307,2.7877,10.382,,,,,,,3.5926,0.0031,1.5712,0.0017,0.38924,0.11651,3.658,0.0035,7.45,0.019,0.41908,0.31702,3.6609,0.0045,16.4,0.37,0.26965,0.24056,3.5926,0.0031,corr,,,1.104,0.00232,1.158E-4,3.317E-4,1.0,1.0,1.0,1.0,2.27,2.27,1
417,true,3017363513575095680,427395110,83.78555,-5.421665,6,13,6.69,0.12,0.5333,6.9591,15.006,,,,,,,3.79,0.12,5.48,0.2,0.1938,0.09523,7.219,0.023,3.779,0.015,0.31684,0.11209,13.828,,6.0823,,0.40464,0.25584,,,,,,0.862,7.28E-4,1.256E-4,2.308E-4,1.0,1.0,2.12,5.37,13.17,16.54,1
660,true,3017360966647238272,427395094,83.814808,-5.420587,6,13,6.69,0.12,1.1609,4.4971,12.235,,,,,,,4.0066,0.0094,5.434,0.031,0.13169,0.0775,7.1046,,4.8244,,0.46611,0.13694,14.405,0.027,7.153,0.029,0.75234,0.13998,7.1,,pca,,,1.284,4.69E-4,4.485E-5,2.068E-4,1.0,3.26,4.45,6.72,10.16,12.31,1
1206,true,3017360829208313728,427395069,83.86825,-5.417614,32,13,6.69,0.12,1.0563,6.0196,13.565,,,,,,,3.8301,0.0063,6.957,0.059,0.1634,0.08676,3.8572,0.0083,7.335,0.049,0.12044,0.10615,15.767,0.056,8.71,0.6,0.44974,0.09351,,,,,,1.276,0.00163,1.004E-4,0.001521,2.0,3.03,3.47,4.62,10.28,17.92,1
1167,true,3017360833515044480,427395058,83.860004,-5.416883,6,13,6.69,0.12,-0.2236,-2.087,6.369,,,,,,,1.7817,0.0037,4.199,0.031,0.06149,0.05149,8.862,0.078,4.183,0.024,0.092,0.07569,6.799,0.042,2.9748,0.0088,0.19721,0.15591,,,,,,1.012,1.885E-4,4.687E-5,1.797E-4,1.0,1.0,1.0,1.0,1.0,1.79,2
1217,true,3017360799155292416,427395045,83.873256,-5.415806,6,13,6.69,0.12,0.9182,6.1044,13.957,,,,,,,3.8481,0.0062,6.458,0.091,0.20637,0.06891,8.65,0.032,3.994,0.012,0.43033,0.12031,13.906,0.044,6.787,0.042,0.42813,0.10675,,,,,,0.974,8.24E-4,9.936E-5,2.611E-4,1.0,1.97,2.95,6.63,10.18,13.41,1
537,true,3017363925891922688,427395043,83.805006,-5.415414,32,13,6.69,0.12,1.2059,5.21,12.897,,,,,,,7.011,0.032,11.926,0.091,0.15764,0.15653,11.355,0.078,6.711,0.045,0.1729,0.11311,3.44,0.03,3.99,0.14,0.06403,0.01307,,,,,,0.961,0.001208,1.453E-4,0.001079,1.0,2.13,2.13,7.4,12.0,16.6,1
1107,true,3017361035366738688,427395014,83.851828,-5.411071,32,13,6.69,0.12,0.829,5.5827,13.113,,,,,,,4.9738,0.0091,7.13,0.044,0.20864,0.07163,2.0419,0.0013,6.844,0.036,0.29434,0.10101,2.046,0.0018,6.657,0.036,0.23505,0.10444,,,,,,0.844,7.42E-4,1.014E-4,2.964E-4,2.03,2.03,4.64,8.12,12.44,19.74,1
586,true,3017363921584733312,427394980,83.809488,-5.406851,6,13,6.69,0.12,0.9852,3.9604,12.132,,,,,,,4.1762,0.0064,5.869,0.021,0.22907,0.12797,8.391,0.05,4.467,0.019,0.1405,0.12756,15.451,0.066,3.2178,0.0042,0.3369,0.18965,,,,,,1.854,3.54E-4,3.845E-5,2.316E-4,1.0,2.18,3.24,6.54,15.91,21.56,1
348,true,3017363822812730880,427394934,83.772403,-5.402931,6,13,6.69,0.12,0.6567,7.2701,15.058,,,,,,,3.5361,0.0085,5.872,0.024,0.19054,0.13261,6.5219,,3.4272,,0.45433,0.21207,3.4027,0.0039,6.76,0.13,0.29371,0.22177,6.52,,pca,,,0.785,0.001761,1.241E-4,3.847E-4,3.04,4.93,4.93,8.93,13.35,23.71,1
662,true,3017363960251436032,427394915,83.815067,-5.400852,6,13,6.69,0.12,0.8095,4.7765,12.712,,,,,,,1.6905,0.0033,2.8536,0.0081,0.07249,0.07107,10.123,0.026,5.811,0.012,0.37731,0.24183,3.107,0.054,4.707,0.088,0.03608,0.03381,,,,,,0.987,0.00142,4.572E-5,4.657E-4,1.0,10.6,16.05,29.13,42.28,50.57,1
1221,true,3017362345343294464,427394882,83.874378,-5.398761,6,13,6.69,0.12,0.7566,6.3253,14.282,,,,,,,1.32306,7.3E-4,1.1427,0.002,0.20339,0.05057,7.023,0.017,1.32715,8.6E-4,0.24743,0.1675,14.761,0.025,2.1931,0.01,0.83394,0.04017,,,,,,0.877,3.03E-4,1.035E-4,2.059E-4,2.03,2.03,3.89,5.0,8.24,9.4,1
361,true,3017363818505597696,427394876,83.77382,-5.398354,6,13,6.69,0.12,0.7315,6.7113,14.778,,,,,,,3.8392,0.0065,5.613,0.018,0.25636,0.16162,5.835,0.014,3.6862,0.0069,0.28929,0.25418,13.205,0.053,5.909,0.016,0.36014,0.21522,,,,,,0.72,0.001034,1.504E-4,3.266E-4,1.0,2.95,7.19,9.48,14.68,16.78,1
1014,true,3017361108392950016,427394875,83.840862,-5.398294,6,13,6.69,0.12,0.9952,4.3448,11.971,,,,,,,1.80189,9.0E-4,1.6214,0.0027,0.32468,0.08216,1.806,0.0012,5.949,0.02,0.23731,0.17087,14.481,0.033,5.98,0.19,0.67172,0.11086,1.80189,9.0E-4,corr,,,1.149,3.74E-4,4.238E-5,2.016E-4,1.0,4.22,5.39,10.03,15.81,18.03,1
975,true,3017361108393637120,427394849,83.837701,-5.396942,6,13,6.69,0.12,1.1972,3.0607,10.998,,,,,,,1.8019,9.0E-4,1.6214,0.0027,0.3246,0.08217,1.806,0.0012,5.949,0.02,0.23731,0.17087,14.481,0.033,5.98,0.19,0.67172,0.11086,1.8019,9.0E-4,corr,,,3.231,3.74E-4,4.238E-5,2.016E-4,2.25,3.32,5.8,6.92,10.43,11.65,1
1223,true,3017362345334523648,427394846,83.874437,-5.396776,32,13,6.69,0.12,0.5961,6.813,14.747,,,,,,,8.271,0.038,2.633,0.012,0.15485,0.04803,9.099,0.053,2.639,0.013,0.15484,0.04868,22.22,0.53,10.435,0.06,0.3959,0.19602,,,,,,0.976,0.001157,2.215E-4,9.69E-4,1.97,1.97,2.9,4.92,10.26,10.26,1
991,true,3017361104086337536,427394833,83.839028,-5.395945,6,13,6.69,0.12,0.5554,6.0553,13.711,,,,,,,1.80189,9.0E-4,1.6214,0.0027,0.32461,0.08217,1.806,0.0012,5.949,0.02,0.23731,0.17087,14.481,0.033,5.98,0.19,0.67172,0.11086,1.80189,9.0E-4,corr,,,1.136,3.74E-4,4.238E-5,2.016E-4,2.93,6.99,13.62,23.25,31.55,37.74,1
463,true,3017363994611283840,427394824,83.794719,-5.395742,32,13,6.69,0.12,1.5648,3.4948,10.64,,,,,,,8.2447,,5.8483,,0.28996,0.11331,8.363,0.013,16.84,0.16,0.4192,0.13481,,3100000.0,3.1,1.1,0.02459,0.02345,,,,,,1.669,0.00181,1.623E-4,0.001262,1.0,1.0,4.35,4.35,6.79,9.18,1
509,true,3017364028971010432,427394823,83.802502,-5.395589,6,13,6.69,0.12,0.9425,3.669,11.443,,,,,,,2.739,0.035,2.616,0.015,0.29288,0.13444,6.7666,0.0079,13.349,0.09,0.5693,0.17504,,,,,,,6.7666,0.0079,pca,,,0.937,0.001969,5.582E-5,6.481E-4,2.11,3.28,6.5,7.61,12.08,18.89,1
1048,true,3017361108392943488,427394822,83.84395,-5.395465,32,13,6.69,0.12,0.6044,5.5642,13.53,,,,,,,6.12,0.037,3.383,0.015,0.13446,0.06116,9.571,0.042,6.161,0.029,0.16523,0.09452,19.2,1.2,5.831,0.036,0.21073,0.07435,,,,,,0.86,7.14E-4,1.026E-4,4.801E-4,1.0,6.26,10.34,18.91,25.56,30.93,1
1251,true,3017362345343488128,427394818,83.880196,-5.394453,32,13,6.69,0.12,0.9965,5.9018,13.647,,,,,,,2.9994,0.0032,4.783,0.02,0.21586,0.0843,3.0314,0.0042,4.927,0.015,0.16932,0.13228,5.78,0.032,4.04,0.021,0.17387,0.09912,,,,,,0.993,0.001666,2.488E-4,9.699E-4,1.0,1.0,3.12,3.12,4.07,6.22,1
1181,true,3017361074033180928,427394802,83.863764,-5.393502,32,13,6.69,0.12,1.0077,5.9374,13.548,,,,,,,3.51,0.0059,5.157,0.026,0.15471,0.07285,9.726,0.042,3.676,0.027,0.22186,0.04525,17.9,2.1,24.0,12.0,0.3918,0.257,,,,,,1.034,0.00223,1.72E-4,0.001496,1.0,1.0,2.17,5.28,7.41,12.62,1
836,true,3017364063330467072,427394801,83.825863,-5.393304,32,13,6.69,0.12,1.3443,4.466,11.993,,,,,,,9.267,0.046,4.826,0.02,0.14147,0.07892,3.95,0.011,2.2326,0.0052,0.1233,0.07933,16.33,0.2,3.74,0.013,0.11222,0.09509,,,,,,1.28,7.23E-4,1.02E-4,4.662E-4,1.0,7.73,13.86,26.85,38.71,48.1,1
1092,true,3017361138446087936,427394797,83.849198,-5.392857,32,13,6.69,0.12,0.6244,6.5167,14.356,,,,,,,7.533,0.031,13.32,0.12,0.12356,0.11025,12.256,0.098,4.56,0.019,0.1235,0.07616,3.373,0.05,,,0.03221,,,,,,,0.92,0.001325,7.739E-5,0.001372,3.14,4.16,9.08,17.32,24.45,34.81,1
1083,true,3017361138446087424,427394790,83.84857,-5.392209,32,13,6.69,0.12,0.5024,6.4644,14.464,,,,,,,7.533,0.031,13.32,0.12,0.12356,0.11025,12.256,0.098,4.56,0.019,0.1235,0.07616,4.6071,,3.3727,,0.04338,0.0322,,,,,,0.819,0.001325,7.739E-5,0.001372,3.15,4.17,9.2,19.47,28.79,36.09,1
949,true,3017361104086334080,427394784,83.835266,-5.391608,6,13,6.69,0.12,0.9238,6.177,13.586,,,,,,,1.7983,0.0015,1.6218,0.0016,0.19895,0.17696,3.833,0.09,4.617,0.032,0.18492,0.138,3.229,0.021,3.971,0.067,0.07976,0.0281,,,,,,1.386,0.00224,5.763E-5,6.175E-4,1.0,2.17,11.67,22.06,36.38,50.95,1
770,true,3017364063330465152,427394756,83.82191,-5.387931,32,13,6.69,0.12,0.0767,-2.1995,6.431,,,,,,,7.015,0.042,5.25,0.031,0.09825,0.07952,3.9328,0.0059,5.434,0.012,0.23625,0.21112,12.959,0.072,3.884,0.018,0.32854,0.07519,,,,,,1.138,7.17E-4,1.021E-4,3.989E-4,1.0,2.94,3.95,3.95,3.95,3.95,1
680,true,3017364132050194688,427394748,83.815941,-5.387311,32,13,6.69,0.12,-0.0053,-1.8369,6.548,,,,,,,4.901,0.017,2.9349,0.0069,0.1295,0.09331,3.667,0.013,8.552,0.1,0.10691,0.06399,9.013,0.037,7.11,0.33,0.1994,0.05097,,,,,,1.485,5.22E-4,8.263E-5,3.881E-4,2.18,2.93,3.92,3.92,3.92,3.92,1
1059,true,3017361138446083456,427394742,83.845008,-5.387052,32,13,6.69,0.12,0.6906,7.2114,15.29,,,,,,,4.788,0.013,3.817,0.011,0.11309,0.08149,11.136,0.063,4.9324,0.0093,0.22019,0.21304,12.474,0.038,6.032,0.029,0.43951,0.11127,,,,,,0.865,0.001745,9.299E-5,0.001195,1.0,5.32,11.58,24.98,34.84,48.8,1
1149,true,3017362620221405824,427394733,83.857161,-5.385926,32,13,6.69,0.12,1.0114,7.1546,14.919,,,,,,,6.2,0.011,9.878,0.074,0.24545,0.08633,7.555,0.065,2.388,0.0088,0.08973,0.04149,14.447,0.076,6.24,0.017,0.33123,0.197,,,,,,0.752,0.00289,2.372E-4,0.002241,1.0,4.1,5.13,13.07,18.12,25.41,2
702,true,3017364132049943680,427394728,83.817226,-5.385209,32,13,6.69,0.12,0.3777,-0.5316,7.531,,,,,,,4.897,0.017,2.9301,0.0075,0.13428,0.08575,3.669,0.012,8.58,0.11,0.11048,0.06328,9.265,0.035,13.6,3.6,0.20953,0.06006,,,,,,1.456,5.36E-4,4.777E-5,3.915E-4,3.08,4.56,5.83,5.83,5.83,5.83,1
872,true,3017364059023825664,427394696,83.827938,-5.382446,32,13,6.69,0.12,0.7907,5.6582,13.458,,,,,,,7.205,0.04,2.4517,0.0052,0.10639,0.07447,2.728,0.01,3.126,0.018,0.11832,0.08773,2.9868,,2.2676,,0.03067,0.02483,,,,,,1.022,7.14E-4,8.367E-5,4.272E-4,2.08,6.78,12.4,26.85,46.46,58.93,1
663,true,3017364127743288320,427394693,83.815148,-5.38234,6,13,6.69,0.12,1.2185,3.802,11.43,,,,,,,4.1284,,1.6744,,0.13087,0.07204,2.128,0.0025,1.2901,0.0017,0.16273,0.0824,13.299,,2.1233,,0.26737,0.13479,,,,,,0.998,0.0031,4.498E-5,6.491E-4,5.56,7.53,16.87,27.3,40.93,47.47,1
656,true,3017364127743287680,427394667,83.814524,-5.380159,6,13,6.69,0.12,0.6176,5.7626,13.382,,,,,,,4.1283,,1.6744,,0.13085,0.07203,2.128,0.0025,1.2901,0.0017,0.16273,0.0824,13.299,,2.1233,,0.26737,0.13479,,,,,,0.771,0.0031,4.498E-5,6.491E-4,4.74,10.91,21.95,38.81,55.93,70.25,1
457,true,3017364235129434624,427394658,83.793722,-5.379363,6,13,6.69,0.12,0.8672,4.9393,12.821,,,,,,,3.7913,0.0099,5.044,0.027,0.12075,0.06988,10.662,0.069,31.8,1.0,0.34458,0.10644,15.913,0.061,5.9434,0.0097,0.38843,0.30097,,,,,,1.858,8.35E-4,4.061E-5,3.94E-4,2.15,3.3,3.3,3.3,7.58,14.0,1
852,true,3017364162103039104,427394639,83.826549,-5.37706,32,13,6.69,0.12,1.224,3.9488,11.574,,,,,,,5.701,0.02,9.735,0.081,0.13345,0.08026,9.43,0.2,16.93,0.23,0.11697,0.0967,15.812,0.048,4.01,0.01,0.40189,0.11426,,,,,,1.04,2.64E-4,1.012E-4,1.825E-4,1.0,3.1,7.62,12.25,21.36,38.04,1
757,true,3017364127743294080,427394623,83.820862,-5.375833,6,13,6.69,0.12,0.8316,4.7789,12.623,,,,,,,4.124,0.015,0.93706,9.3E-4,0.0835,0.07034,13.835,0.067,4.57,0.018,0.27795,0.14434,11.28,0.15,1.6118,0.0034,0.13856,0.07657,,,,,,0.877,0.001079,4.407E-5,5.368E-4,2.07,7.37,14.77,25.68,41.19,54.36,1
391,true,3017364303848916480,427394590,83.780311,-5.374043,6,13,6.69,0.12,0.55,6.9576,14.962,,,,,,,1.3676,0.0027,1.048,0.0047,0.05609,0.01777,6.582,0.036,3.176,0.017,0.09869,0.0698,14.626,0.028,5.863,0.026,0.71494,0.10017,,,,,,0.627,2.15E-4,1.059E-4,2.271E-4,2.05,3.18,5.3,7.42,9.49,19.03,1
746,true,3017364162103031424,427394568,83.820382,-5.3729,32,13,6.69,0.12,0.879,5.2518,12.887,,,,,,,4.101,0.015,5.16,0.11,0.13175,0.04844,12.5,0.16,4.259,0.019,0.07498,0.0728,10.953,,5.674,,0.51996,0.08546,,,,,,0.914,2.68E-4,1.003E-4,2.266E-4,1.0,4.15,12.42,24.67,37.02,53.63,1
945,true,3017364162103048704,427394530,83.834995,-5.370449,6,13,6.69,0.12,0.9938,5.8837,13.939,,,,,,,1.6347,0.0019,4.136,0.032,0.11538,0.07679,8.3491,,2.9975,,0.56372,0.06897,2.9949,,1.7397,,0.03215,0.03036,8.35,,pca,,,0.882,0.00207,6.253E-5,6.331E-4,1.0,4.25,9.1,16.43,22.54,32.66,1
570,true,3017364338208357120,427394511,83.807496,-5.368616,6,13,6.69,0.12,1.0587,5.0168,12.763,,,,,,,5.859,0.044,2.6825,0.0078,0.07472,0.06987,6.792,0.019,12.778,0.074,0.20478,0.18064,15.011,0.038,6.762,0.045,0.59603,0.10021,,,,,,0.995,7.17E-4,4.651E-5,4.41E-4,1.0,5.35,13.03,16.29,21.68,29.79,1
874,true,3017364162103041280,427394498,83.828163,-5.36726,32,13,6.69,0.12,,6.331,14.439,,,,,,,7.051,0.023,12.238,0.085,0.17234,0.12284,4.665,0.02,3.883,0.02,0.071,0.04735,16.652,0.092,6.987,0.058,0.2351,0.07954,,,,,,0.74,5.2E-4,8.358E-5,4.578E-4,1.0,4.26,8.21,20.12,34.43,53.58,1
1044,true,3017365575158623360,427394494,83.843552,-5.366966,32,13,6.69,0.12,0.9601,6.6744,14.469,,,,,,,4.314,0.01,2.5391,0.0081,0.19078,0.06159,4.39,0.021,10.38,0.1,0.13924,0.07294,15.196,0.067,5.603,0.034,0.4427,0.11035,,,,,,0.894,0.001644,2.137E-4,0.001207,1.0,4.23,8.45,16.66,20.78,28.28,1
461,true,3017364402621165440,427394476,83.794106,-5.365617,6,13,6.69,0.12,0.9096,5.1185,12.86,,,,,,,1.2923,0.0022,3.715,0.019,0.06827,0.06608,3.88,0.016,5.784,0.043,0.09094,0.06435,14.289,0.028,6.002,0.027,0.73648,0.11115,,,,,,1.157,2.06E-4,9.747E-5,1.946E-4,1.0,1.0,1.0,3.31,9.85,14.49,1
964,true,3017365643870379008,427394468,83.836535,-5.365303,32,13,6.69,0.12,0.7611,6.0875,13.845,,,,,,,4.199,0.012,2.6743,0.0089,0.11746,0.06267,4.202,0.014,2.629,0.012,0.09962,0.05369,13.775,0.056,6.5,0.11,0.46238,0.06967,,,,,,0.769,8.31E-4,1.847E-4,6.873E-4,1.99,5.85,10.0,14.21,18.68,26.06,1
968,true,3017365639571801088,427394447,83.837205,-5.364137,6,13,6.69,0.12,0.8056,6.0351,13.825,,,,,,,1.6426,0.0021,0.174519,3.7E-5,0.10987,0.06331,8.1495,,5.3687,,0.48569,0.18039,9.829,0.069,1.63,0.31,0.40391,0.066,8.15,,pca,,,0.842,0.00228,4.02E-5,4.624E-4,2.65,4.9,10.09,14.39,18.72,26.6,1
754,true,3017364372568073472,427394424,83.820742,-5.362584,32,13,6.69,0.12,0.4966,1.9023,9.983,,,,,,,7.041,0.041,4.892,0.021,0.11141,0.07391,11.267,0.076,6.649,0.029,0.11971,0.10987,6.982,0.057,4.42,0.12,0.2854,0.05092,,,,,,0.874,5.08E-4,1.013E-4,4.113E-4,1.0,2.17,2.17,2.17,2.17,4.28,1
960,true,3017365643879095040,427394423,83.836344,-5.362321,32,13,6.69,0.12,0.5737,0.9153,9.051,,,,,,,1.6111,0.0025,6.204,0.043,0.06601,0.06168,3.369,0.012,1.607,0.038,0.07959,0.06168,17.48,0.21,8.24,0.46,0.26074,0.05941,,,,,,1.975,6.89E-4,1.682E-4,4.561E-4,1.0,1.0,1.0,1.0,2.31,4.69,2
879,true,3017365639571791488,427394412,83.82857,-5.361431,6,13,6.69,0.12,0.853,5.9471,13.547,,,,,,,1.668,0.053,3.376,0.015,0.09531,0.05836,6.632,0.023,3.4128,0.0061,0.1792,0.15389,16.236,,2.7774,,0.34124,0.09602,,,,,,0.912,2.29E-4,6.978E-5,1.3E-4,1.0,1.0,7.54,14.91,24.69,38.48,1
768,true,3017364368261463936,427394374,83.821747,-5.358806,6,13,6.69,0.12,1.5301,3.8117,11.275,,,,,,,1.6786,0.0026,1.3302,0.0039,0.10551,0.05074,6.2103,,3.3412,,0.1355,0.07414,15.602,0.055,3.2443,0.0039,0.40153,0.21017,,,,,,1.321,1.636E-4,5.596E-5,9.164E-5,1.0,1.85,3.05,4.22,7.68,15.38,1
1156,true,3017365609517617408,427394342,83.858592,-5.355831,32,13,6.69,0.12,0.9264,7.1582,14.985,,,,,,,4.997,0.013,3.2773,0.0067,0.12407,0.10909,7.226,0.023,13.17,0.18,0.18191,0.07221,7.081,0.021,16.67,0.14,0.22595,0.1979,,,,,,0.811,0.00371,2.898E-4,0.002444,1.0,3.06,3.06,5.07,8.35,8.35,1
405,true,3017365162841787008,427394328,83.783114,-5.354773,32,13,6.69,0.12,,7.8833,15.282,,,,,,,4.918,0.021,7.353,0.061,0.15654,0.07005,4.933,0.012,7.352,0.034,0.18044,0.14829,4.302,0.038,2.609,0.023,0.04348,0.03243,,,,,,0.825,0.00255,2.438E-4,0.001297,1.0,1.0,5.14,7.22,8.32,13.39,1
452,true,3017364406927357952,427394319,83.793004,-5.353611,32,13,6.69,0.12,0.5478,6.8484,14.569,,,,,,,5.954,0.015,2.5578,0.0087,0.17352,0.05829,10.384,0.055,6.122,0.017,0.16749,0.1665,11.875,0.041,2.426,0.014,0.44711,0.04148,,,,,,0.946,0.001367,1.962E-4,9.844E-4,1.0,4.21,4.21,5.26,15.61,21.04,1
705,true,3017365850036814848,427394309,83.816668,-5.352731,6,13,6.69,0.12,0.8764,5.836,14.059,,,,,,,1.6658,,2.2188,,0.11966,0.08884,2.2047,0.0022,6.114,0.024,0.16377,0.15873,6.397,0.03,4.062,0.034,0.2952,0.09047,,,,,,0.798,1.638E-4,5.543E-5,8.691E-5,3.18,4.31,8.44,16.5,25.15,36.16,1
886,true,3017365850035788800,427394308,83.828996,-5.352155,6,13,6.69,0.12,0.724,6.3519,14.425,,,,,,,1.6601,0.0023,3.254,0.014,0.10623,0.05397,6.963,0.021,3.312,0.01,0.21724,0.08403,15.422,0.044,2.7299,0.0038,0.50279,0.16065,,,,,,0.778,1.878E-4,7.031E-5,1.327E-4,2.14,5.27,11.08,20.07,28.79,43.47,1
925,true,3017365850036800896,427394301,83.833549,-5.351644,6,13,6.69,0.12,1.3725,5.0865,13.193,,,,,,,7.638,0.047,4.915,0.012,0.17873,0.17113,7.7284,0.009,5.0082,0.0082,0.71293,0.28525,15.734,0.04,6.72,0.12,0.80582,0.09254,7.7284,0.009,pca,,,2.308,0.001815,1.034E-4,3.591E-4,1.88,4.17,9.92,15.52,19.48,27.28,1
810,true,3017365845730216960,427394275,83.824363,-5.348338,32,13,6.69,0.12,1.1499,5.7994,13.409,,,,,,,3.1855,0.0049,8.328,0.075,0.15196,0.06221,8.622,0.025,15.822,0.099,0.23756,0.21193,12.243,0.029,5.954,0.017,0.45497,0.18765,,,,,,0.964,4.76E-4,1.307E-4,2.679E-4,2.19,4.56,9.54,20.15,26.95,34.21,1
893,true,3017365880089961728,427394243,83.829744,-5.344088,6,13,6.69,0.12,0.9761,3.7731,11.504,,,,,,,2.1928,0.0012,2.5626,0.004,0.35975,0.13096,7.602,0.013,4.9767,0.0096,0.41215,0.21658,15.418,0.045,2.7023,0.0085,0.59065,0.09008,2.1928,0.0012,corr,,,1.211,0.001127,1.367E-4,3.293E-4,1.97,1.97,4.17,7.77,9.98,11.17,1
1033,true,3017365880089976064,427394227,83.842767,-5.341458,32,13,6.69,0.12,1.1604,4.3599,11.974,,,,,,,5.767,0.022,2.6085,0.0062,0.10112,0.07635,5.89,0.47,2.6146,0.0059,0.11801,0.08349,0.99491,1.0E-4,0.9144,5.4E-4,0.78317,0.09543,,,,,,1.137,0.001638,3.23E-4,0.001356,1.0,1.0,1.0,1.0,5.19,6.11,1
769,true,3017365918755884672,427394223,83.821785,-5.341028,6,13,6.69,0.12,0.9962,6.4348,14.074,,,,,,,1.6243,,4.0048,,0.12443,0.08098,3.8978,0.0074,3.0496,0.0071,0.17069,0.11085,14.967,,3.1847,,0.63008,0.13088,,,,,,0.889,0.0024,6.657E-5,0.001814,1.0,4.15,10.39,14.43,19.83,31.64,1
343,true,3017365231561559040,427394220,83.771398,-5.340114,32,13,6.69,0.12,0.785,7.1337,14.918,,,,,,,3.089,0.078,2.966,0.057,0.09847,0.0626,9.864,0.056,3.055,0.0081,0.14986,0.08009,17.069,0.039,6.162,0.04,0.57946,0.08114,,,,,,0.958,0.00205,3.655E-4,0.001642,1.0,2.16,2.16,4.37,6.47,11.8,1
1255,true,3017365746956561664,427394204,83.880771,-5.338127,32,13,6.69,0.12,1.5789,9.105,15.749,4043.0,164.0,0.653,0.027,0.685,0.033,3.544,0.011,5.497,0.028,0.1345,0.08574,3.337,0.028,5.219,0.019,0.11,0.10865,24.94,0.33,5.561,0.022,0.3129,0.12159,,,,,,0.948,0.01224,0.001557,0.00886,1.0,1.0,1.0,2.09,4.28,4.28,1
773,true,3017365953115821568,427394198,83.822369,-5.337445,6,13,6.69,0.12,0.6938,7.6953,15.445,,,,,,,2.1905,,1.3571,,0.14292,0.07493,7.344,0.022,4.549,0.017,0.20227,0.16571,15.317,0.049,6.207,0.051,0.44425,0.0886,,,,,,0.983,7.5E-4,1.357E-4,4.354E-4,1.0,6.23,10.94,20.27,29.86,39.72,1
1157,true,3017365781316303104,427394188,83.859051,-5.335003,32,13,6.69,0.12,1.3165,7.6091,15.354,,,,,,,5.7896,,3.5621,,0.14877,0.07238,5.876,0.014,3.517,0.014,0.18669,0.07801,2.6865,,6.147,0.0095,1.39324,0.28536,,,,,,0.866,0.00547,4.318E-4,0.003052,1.0,1.0,1.0,1.0,1.0,1.0,1
372,true,3017365265921284352,427394169,83.775626,-5.332094,32,13,6.69,0.12,,7.9606,15.909,,,,,,,8.258,0.083,1.6254,0.0035,0.07594,0.05625,5.3889,,8.2344,,0.06649,0.05646,14.04,0.14,7.65,0.69,0.36835,0.09038,,,,,,0.862,0.00134,3.937E-4,0.001443,1.0,1.0,3.23,6.38,8.55,10.53,1
576,true,3017366670363916928,427394162,83.808549,-5.331108,32,13,6.69,0.12,1.0408,5.3276,13.123,,,,,,,3.9554,0.0063,4.955,0.022,0.16733,0.06578,9.3357,,4.0016,,0.15202,0.12401,11.454,0.071,5.643,0.037,0.32261,0.09546,,,,,,1.06,9.53E-4,2.617E-4,8.55E-4,2.16,2.16,2.16,2.16,5.66,20.44,1
488,true,3017366743390000896,427394123,83.799492,-5.323924,6,13,6.69,0.12,1.0338,6.8444,14.556,,,,,,,4.595,0.017,3.058,0.012,0.12171,0.09098,6.9959,,4.39,,0.16238,0.12659,13.883,0.063,6.684,0.016,0.33131,0.25202,,,,,,1.67,2.25E-4,1.135E-4,1.687E-4,1.0,4.19,6.34,10.64,12.69,15.99,1
1116,true,3017366017528606720,427394108,83.852678,-5.319327,6,13,6.69,0.12,1.61,7.6268,15.288,,,,,,,4.3632,0.0042,2.892,0.017,0.51561,0.06747,4.2931,,11.683,,0.76322,0.03972,14.499,0.048,4.3306,0.0045,0.42726,0.41987,4.3632,0.0042,corr,,,0.907,0.001845,3.441E-4,6.125E-4,2.16,3.19,5.02,7.2,7.2,8.26,1
1095,true,3017366090553947648,427394104,83.849866,-5.31875,6,13,6.69,0.12,1.2673,7.9636,15.79,,,,,,,4.3563,0.0052,3.2758,0.0078,0.4708,0.11266,4.2765,,3.2867,,0.73692,0.12564,4.2671,0.0041,13.793,0.046,0.45313,0.40362,4.3563,0.0052,corr,,,1.005,0.00247,2.451E-4,4.611E-4,2.13,4.88,6.99,6.99,6.99,6.99,1
523,true,3017366777749539840,427394101,83.804217,-5.317807,6,13,6.69,0.12,0.5487,7.7749,15.727,,,,,,,4.299,0.012,3.185,0.017,0.12942,0.05877,11.806,,4.1773,,0.33829,0.22463,16.001,0.068,6.34,0.033,0.3212,0.12775,,,,,,1.193,4.19E-4,1.39E-4,2.8E-4,1.0,2.09,7.19,9.26,11.41,14.21,1
1080,true,3017366090553947392,427394084,83.848026,-5.315844,6,13,6.69,0.12,1.6812,6.6385,14.152,,,,,,,4.3948,,3.2817,,0.45868,0.11187,4.343,0.041,4.023,0.02,0.65963,0.20732,4.2715,0.0041,13.69,0.047,0.45143,0.39927,4.39,,corr,,,1.112,0.00239,2.42E-4,3.952E-4,1.96,4.16,5.23,5.23,5.23,7.51,1
1077,true,3017366090553946880,427394079,83.847482,-5.314058,6,13,6.69,0.12,1.879,6.1879,13.518,,,,,,,4.2653,0.0073,2.277,0.0036,0.28372,0.13113,4.2047,,2.2534,,0.5467,0.08506,4.1611,0.0046,11.609,0.054,0.37038,0.25292,4.2,,pca,,,1.184,0.001243,3.365E-4,4.898E-4,2.04,4.32,5.43,5.43,6.59,6.59,1
1088,true,3017366090553945856,427394069,83.848995,-5.311079,6,13,6.69,0.12,1.378,7.8129,15.498,,,,,,,4.2654,0.0073,2.277,0.0036,0.28377,0.13111,4.2047,,2.2534,,0.5467,0.08506,4.1611,0.0046,11.609,0.054,0.37038,0.25292,4.2,,pca,,,0.972,0.001243,3.365E-4,4.898E-4,2.14,3.94,4.96,8.15,10.35,11.36,1
1205,true,3017366399791588480,427394055,83.86815,-5.306401,6,13,6.69,0.12,1.7659,6.9231,14.445,,,,,,,1.1427,,3.5263,,0.32978,0.0726,1.1409,,6.3518,,0.23933,0.22034,6.467,0.013,20.89,0.39,0.27772,0.16841,1.143,,corr,,,0.909,5.65E-4,2.552E-4,3.351E-4,1.0,1.0,3.25,7.45,9.7,11.49,1
864,true,3017366846468192384,427394051,83.82726,-5.305712,32,13,6.69,0.12,1.4178,7.3947,14.958,,,,,,,1.9493,,1.5754,,0.07811,0.0624,12.007,0.063,1.9527,0.0037,0.17542,0.0675,12.005,0.029,3.962,0.027,0.52662,0.0533,,,,,,1.117,0.00721,8.348E-4,0.006004,1.0,3.36,3.36,4.42,5.45,7.59,1
1276,true,3017366434151323264,427394040,83.884769,-5.302173,6,13,6.69,0.12,1.912,6.4347,13.711,,,,,,,0.95847,1.7E-4,0.84534,3.8E-4,0.51685,0.17218,0.9539,0.0037,0.9696,0.0031,0.31712,0.17826,6.803,0.02,3.888,0.021,0.28006,0.11153,0.95847,1.7E-4,corr,,,1.015,6.59E-4,2.463E-4,3.511E-4,1.0,1.0,3.11,5.41,6.56,8.43,1
1241,true,3017366434151324288,427394039,83.877933,-5.301984,6,13,6.69,0.12,1.3089,7.6657,15.239,,,,,,,0.95627,5.1E-4,1.141,0.0014,0.14978,0.07357,0.95712,6.0E-4,11.03,0.082,0.12811,0.11794,6.387,0.02,17.72,0.16,0.19886,0.19413,,,,,,0.888,4.25E-4,2.334E-4,3.303E-4,1.0,1.93,2.85,5.98,12.02,13.17,1
1288,true,3017366537230535936,427394007,83.887973,-5.292776,6,13,6.69,0.12,1.0139,7.8698,15.646,,,,,,,0.95968,6.5E-4,1.0381,0.002,0.11923,0.04325,11.26,0.087,7.02,0.11,0.23475,0.09065,12.5,0.87,4.115,0.022,0.15657,0.11325,,,,,,0.918,3.05E-4,1.982E-4,2.555E-4,2.06,2.06,3.21,4.11,8.44,12.77,1
876,true,3017366915187666560,427394000,83.828366,-5.291412,32,13,6.69,0.12,1.7605,7.5288,15.262,,,,,,,3.1328,0.004,2.6876,0.0038,0.16217,0.13042,3.142,0.0038,2.694,0.0033,0.17089,0.14989,7.37,0.014,3.1552,0.0062,0.33208,0.11856,,,,,,0.949,0.01867,0.001572,0.01003,1.0,1.0,2.99,9.86,17.58,25.33,1
474,true,3017367151400352640,427393993,83.796734,-5.289124,6,13,6.69,0.12,1.2151,7.8452,15.602,,,,,,,1.5769,,0.78619,,0.43637,0.07463,1.57455,6.8E-4,0.78702,7.4E-4,0.41658,0.08145,1.57819,5.0E-4,14.5,0.13,0.49612,0.14085,1.577,,corr,,,0.864,7.47E-4,2.839E-4,4.184E-4,1.0,2.1,4.01,10.06,12.16,14.34,1
1197,true,3017366502870800512,427393992,83.866851,-5.288945,6,13,6.69,0.12,1.408,7.2383,14.792,,,,,,,3.9252,0.0041,3.0177,0.0051,0.33019,0.16137,3.9659,0.0028,6.23,0.025,0.54647,0.17643,15.796,0.096,6.216,0.027,0.28411,0.20553,3.9252,0.0041,corr,,,0.993,0.001197,2.641E-4,4.673E-4,1.0,3.07,4.01,6.28,9.43,12.43,1
548,true,3017367121333529984,427393983,83.806122,-5.286178,6,13,6.69,0.12,1.928,7.5582,14.582,,,,,,,1.58591,6.5E-4,1.5602,0.0052,0.38411,0.09473,1.58234,6.4E-4,1.5755,0.0049,0.37635,0.10088,15.101,0.041,1.5785,0.0012,0.55089,0.19389,1.58591,6.5E-4,corr,,,3.861,8.61E-4,2.389E-4,3.357E-4,3.2,3.2,9.81,12.68,16.12,18.28,1
479,true,3017367151399567872,427393971,83.79844,-5.282666,6,13,6.69,0.12,1.7475,3.7786,11.167,,,,,,,1.5799,,0.78235,,0.51098,0.06418,1.57254,5.1E-4,0.7842,7.3E-4,0.59266,0.09093,1.57475,6.0E-4,15.36,0.14,0.40166,0.15386,1.58,,corr,,,1.259,0.001363,2.375E-4,3.92E-4,1.0,1.0,1.0,1.0,1.0,1.0,1
691,true,3017367121346097152,427393970,83.816503,-5.282613,6,13,6.69,0.12,1.5536,7.9819,15.507,,,,,,,3.7003,0.0023,4.939,0.017,0.5072,0.10793,3.7282,0.002,4.988,0.017,0.66303,0.12246,3.6898,0.0052,14.84,0.13,0.21564,0.16928,3.7003,0.0023,corr,,,0.897,8.7E-4,2.949E-4,3.957E-4,1.0,3.21,7.69,12.93,22.92,29.51,1
1195,true,3017367361864258688,427393969,83.866375,-5.28256,6,13,6.69,0.12,1.665,6.2374,13.691,,,,,,,4.1031,,5.8019,,0.29819,0.09887,8.752,0.038,4.374,0.015,0.30994,0.25023,16.216,0.074,5.874,0.013,0.43126,0.22469,,,,,,1.384,0.001146,1.602E-4,3.085E-4,1.0,3.22,5.39,6.37,7.35,11.78,1
515,true,3017367190065575552,427393964,83.80307,-5.281302,6,13,6.69,0.12,1.9517,7.4135,14.676,,,,,,,1.58152,6.5E-4,1.5572,0.0051,0.38743,0.0956,1.57781,5.7E-4,1.5401,0.0048,0.45881,0.11513,15.176,0.045,1.5717,0.001,0.47929,0.22379,1.58152,6.5E-4,corr,,,0.929,0.001147,2.529E-4,4.216E-4,1.0,1.77,6.06,9.28,13.62,14.65,1
1173,true,3017367258785043840,427393957,83.861393,-5.279182,6,13,6.69,0.12,0.8624,7.6929,15.415,,,,,,,4.3087,0.0095,2.8533,0.0071,0.17978,0.12349,9.076,0.027,4.3008,0.0092,0.2677,0.18074,16.317,,4.4632,,0.53881,0.15159,,,,,,0.908,7.39E-4,2.203E-4,3.772E-4,1.0,1.0,5.1,7.18,9.95,11.13,1
901,true,3017367499303217280,427393955,83.83041,-5.27906,6,13,6.69,0.12,1.3167,7.8439,15.381,,,,,,,3.7332,0.0018,2.98,0.005,0.67753,0.13598,3.7475,0.0018,4.73,0.14,0.84213,0.05644,3.7374,,4.3921,,0.92701,0.02868,3.7332,0.0018,corr,,,1.047,0.00617,3.651E-4,6.312E-4,1.0,4.83,5.8,13.27,19.71,23.81,1
857,true,3017367494996951424,427393948,83.826919,-5.277123,32,13,6.69,0.12,1.3145,4.229,11.799,,,,,,,3.7692,,4.8552,,0.67549,0.1462,3.829,0.0034,3.2056,0.0051,0.32809,0.12867,9.368,0.049,3.846,0.014,0.35239,0.16961,3.77,,corr,,,1.474,0.0422,0.001292,0.01846,2.23,2.23,3.3,3.3,3.3,4.41,1
970,true,3017367293144784896,427393947,83.837477,-5.277079,6,13,6.69,0.12,1.814,7.3239,14.757,,,,,,,3.7204,0.0027,6.791,0.049,0.48467,0.07732,3.7259,0.0024,6.87,0.013,0.57784,0.36063,3.6572,0.0029,6.62,0.014,0.42282,0.30047,3.7204,0.0027,corr,,,0.997,0.001953,3.584E-4,5.646E-4,1.0,1.0,3.07,10.03,14.24,17.57,1
835,true,3017367494997739008,427393944,83.825853,-5.276077,32,13,6.69,0.12,1.3419,7.8907,15.69,,,,,,,3.7692,,4.8552,,0.67548,0.1462,3.829,0.0034,3.2056,0.0051,0.32809,0.12867,9.368,0.049,3.846,0.014,0.35239,0.16961,3.77,,corr,,,0.889,0.0422,0.001292,0.01846,2.69,4.74,11.09,13.4,18.65,26.79,1
1214,true,3017367361864255744,427393943,83.872746,-5.275931,6,13,6.69,0.12,1.1955,6.0584,13.625,,,,,,,4.74,0.01,3.6345,0.0061,0.19094,0.17547,7.105,0.014,4.7337,0.0096,0.46705,0.22618,16.319,0.064,5.442,0.078,0.5518,0.12308,7.105,0.014,pca,,,0.988,0.001717,1.8E-4,4.413E-4,1.0,2.0,3.06,5.25,10.23,13.48,1
1210,true,3017367361864254592,427393934,83.870562,-5.271761,6,13,6.69,0.12,1.3332,5.9807,13.513,,,,,,,4.708,0.013,1.09627,7.0E-4,0.13538,0.13495,7.065,0.012,4.724,0.01,0.41256,0.16523,15.001,0.029,4.492,0.014,0.74684,0.10135,,,,,,0.983,0.001272,9.616E-5,6.692E-4,1.0,3.08,3.08,3.55,10.32,13.47,1
882,true,3017367499303215872,427393931,83.828741,-5.270535,32,13,6.69,0.12,1.155,5.2845,12.695,,,,,,,3.739,0.0018,7.577,0.051,0.6413,0.09402,3.737,0.012,7.436,0.033,0.32626,0.16182,17.826,0.082,3.92,0.2,0.34179,0.17633,3.739,0.0018,corr,,,1.052,0.0202,9.257E-4,0.009054,1.0,1.0,3.1,6.54,7.74,8.9,1
1220,true,3017367391918532224,427393923,83.874219,-5.268427,6,13,6.69,0.12,0.8994,6.8667,14.584,,,,,,,1.09795,3.1E-4,1.3891,0.0015,0.33608,0.10801,1.09722,3.1E-4,6.709,0.025,0.34238,0.16854,15.327,,4.5128,,0.76312,0.11551,1.09795,3.1E-4,corr,,,1.074,9.17E-4,6.102E-5,4.892E-4,1.0,1.93,3.31,6.57,14.06,19.5,1
1290,true,3017367396211298048,427393922,83.888333,-5.268138,6,13,6.69,0.12,0.8593,8.0836,15.803,,,,,,,1.098,0.049,1.4,0.3,0.40425,0.0631,12.187,,6.7254,,0.28032,0.22754,15.056,0.03,5.867,0.024,0.76979,0.11253,1.098,0.049,corr,,,0.819,0.00144,6.266E-5,6.362E-4,1.93,5.03,8.6,10.77,16.67,19.77,1
1287,true,3017367391918079744,427393921,83.887145,-5.268107,6,13,6.69,0.12,0.9513,6.8023,14.62,,,,,,,1.098,0.049,1.4,0.31,0.40426,0.06235,12.187,,6.7254,,0.28032,0.22754,15.056,0.03,5.867,0.024,0.76979,0.11253,1.098,0.049,corr,,,0.947,0.00144,6.266E-5,6.362E-4,2.08,5.42,8.06,10.31,16.51,19.69,1
756,true,3017367602382430464,427393906,83.820864,-5.262276,6,13,6.69,0.12,1.5758,8.146,15.706,,,,,,,3.0471,0.0083,4.713,0.018,0.19393,0.11128,2.9225,0.006,4.854,0.012,0.18866,0.18251,12.853,0.029,5.0391,0.0082,0.49945,0.27681,,,,,,0.917,0.00337,4.389E-4,9.934E-4,1.0,7.14,8.29,11.66,15.56,19.07,1
818,true,3017367602382429696,427393902,83.824937,-5.260713,32,13,6.69,0.12,1.5158,8.0396,15.544,,,,,,,3.8841,0.0049,7.6,0.24,0.23357,0.06549,3.8672,0.0044,8.547,0.058,0.24612,0.10481,17.402,0.074,3.9362,0.0085,0.36558,0.14445,,,,,,1.025,0.0104,0.00132,0.007179,4.14,5.15,8.37,13.72,16.57,20.23,1
718,true,3017367568022692480,427393901,83.818037,-5.260525,6,13,6.69,0.12,1.9122,7.1516,14.555,,,,,,,3.047,0.0083,4.713,0.018,0.19403,0.11123,2.9225,0.006,4.854,0.012,0.18866,0.18251,12.853,0.029,5.0391,0.0082,0.49945,0.27681,,,,,,0.956,0.00337,4.389E-4,9.934E-4,1.0,3.26,6.44,7.33,8.51,11.53,1
1253,true,3017367391918532992,427393895,83.880402,-5.25916,32,13,6.69,0.12,1.742,4.7034,12.017,,,,,,,1.09534,4.0E-4,7.385,0.028,0.23159,0.16447,1.09486,4.8E-4,14.072,0.097,0.20895,0.1863,13.525,0.03,6.122,0.034,0.57798,0.10583,,,,,,1.316,9.35E-4,6.065E-5,3.322E-4,1.0,1.0,2.75,2.75,5.13,6.24,1
518,true,3209521175021242112,427393891,83.803423,-5.256646,32,13,6.69,0.12,2.1333,6.7559,14.089,,,,,,,5.864,0.013,8.708,0.047,0.17618,0.11938,5.934,0.013,9.046,0.036,0.18497,0.16644,12.391,0.056,5.853,0.013,0.29525,0.19786,,,,,,1.049,0.01095,0.001592,0.00794,1.0,1.0,1.0,1.0,2.07,4.01,1
689,true,3209521209381041024,427393873,83.816483,-5.249701,6,13,6.69,0.12,1.5562,5.3897,12.854,,,,,,,4.3856,0.0056,3.0752,0.0066,0.34488,0.16326,4.3078,,3.1493,,0.64346,0.08314,4.3062,0.0027,3.105,0.01,0.65506,0.09224,4.3856,0.0056,corr,,,1.211,0.00975,4.68E-4,0.001118,1.0,1.0,1.0,2.12,6.8,7.9,1
1020,true,3017367739821374720,427393861,83.841387,-5.241001,32,13,6.69,0.12,2.0699,6.23,13.589,,,,,,,4.948,0.011,6.886,0.041,0.15589,0.1062,4.955,0.01,7.532,0.055,0.17213,0.13543,9.9554,,4.1596,,0.17198,0.05273,,,,,,1.389,0.00858,0.001123,0.005998,1.0,2.04,2.04,4.44,5.51,5.51,2
1278,true,3017373374818447744,427393858,83.885078,-5.240183,32,13,6.69,0.12,1.6993,8.2128,15.528,,,,,,,4.455,0.011,3.769,0.012,0.22854,0.16302,4.4751,0.0089,3.7635,0.0099,0.24564,0.16864,13.43,0.054,5.98,0.017,0.36241,0.17449,,,,,,1.078,0.00198,4.543E-4,0.001299,1.0,1.95,2.93,4.0,6.24,8.39,1
1051,true,3017367739821367552,427393850,83.844267,-5.23644,32,13,6.69,0.12,2.188,6.8011,14.167,,,,,,,5.685,0.011,8.277,0.043,0.20203,0.10848,5.7176,0.0097,8.384,0.034,0.24041,0.14585,5.602,0.011,13.83,0.16,0.20228,0.12851,5.685,0.011,all3,,,1.043,0.00779,0.001055,0.005214,1.0,1.96,1.96,3.11,4.27,6.59,1
930,true,3209521415539406848,427393829,83.833965,-5.221025,6,13,6.69,0.12,3.2448,6.958,13.914,,,,,,,2.4348,,2.9305,,0.33866,0.21256,8.2998,,2.4323,,0.46984,0.1134,2.48,0.016,3.219,0.033,0.06531,0.04292,2.43,,corr,,,1.516,0.00232,4.422E-4,7.853E-4,2.14,2.14,4.3,6.43,8.75,9.86,1
766,true,3209521621697837312,427393816,83.821415,-5.210922,32,13,6.69,0.12,2.1468,8.5524,15.381,3549.0,157.0,0.659,0.024,0.693,0.027,8.773,0.067,3.592,0.011,0.08597,0.08319,8.839,0.032,3.546,0.01,0.18866,0.11277,8.479,0.017,3.608,0.02,0.38967,0.06091,8.773,0.067,all3,42.008,0.046,1.025,0.0243,0.003258,0.01992,1.0,2.01,2.01,4.92,4.92,8.0,1
775,true,3209521621697836928,427393815,83.822414,-5.208196,32,13,6.69,0.12,2.0509,8.8969,15.526,3611.0,157.0,0.607,0.024,0.623,0.025,4.0128,0.0071,1.9408,0.0022,0.18585,0.12566,4.0298,,1.9397,,0.19197,0.13861,16.422,,4.1863,,0.19126,0.13023,,,,,,1.0,0.0377,0.00415,0.02039,1.0,1.99,1.99,3.91,7.19,7.19,1
1249,true,3017373752775567872,427393813,83.880002,-5.207799,6,13,6.69,0.12,1.9505,7.86,14.856,,,,,,,1.814,0.018,1.756,0.016,0.21636,0.16456,7.888,0.024,2.5463,0.0039,0.25105,0.15897,7.81,0.029,2.5683,0.0037,0.22435,0.16869,,,,,,1.123,0.00254,5.123E-4,7.751E-4,1.0,2.04,4.16,6.38,6.38,6.38,1
373,true,3209522411971821824,427393809,83.775827,-5.204417,6,13,6.69,0.12,-0.3174,-0.4952,7.946,,,,,,,0.398312,2.3E-5,0.408868,9.7E-5,0.65048,0.14171,0.39834,,0.40889,,0.66275,0.13232,0.39834,2.2E-5,0.40888,1.0E-4,0.65204,0.13108,0.39831,2.3E-5,corr,,,1.101,0.001339,7.686E-5,5.236E-4,1.0,1.0,1.0,1.0,1.0,1.0,1
1224,true,3209527359774142208,427393806,83.87457,-5.202874,6,13,6.69,0.12,2.3245,7.4448,14.749,,,,,,,1.7794,,4.5838,,0.21597,0.12534,8.207,0.031,4.497,0.014,0.20394,0.17791,4.5505,0.0095,2.6265,0.006,0.24335,0.11697,,,,,,1.012,0.00204,5.069E-4,7.643E-4,1.0,2.04,4.16,5.19,6.38,6.38,1
1272,true,3017373787135305472,427393798,83.884077,-5.199443,6,13,6.69,0.12,2.3479,7.9974,15.296,,,,,,,1.8034,0.0011,1.6131,0.0022,0.24459,0.09204,8.174,0.013,4.878,0.03,0.50563,0.09013,16.26,0.079,7.229,0.046,0.41067,0.21532,8.174,0.013,pca,,,0.97,0.0041,5.419E-4,9.021E-4,1.0,3.23,3.23,5.16,6.17,6.77,1
1114,true,3209527428493619584,427393787,83.852491,-5.191567,6,13,6.69,0.12,2.5011,8.2698,15.266,,,,,,,4.4819,0.006,6.202,0.03,0.36663,0.17856,6.4578,0.0062,4.5505,0.0065,0.60305,0.25715,6.6789,0.0077,4.5395,0.0085,0.57074,0.19556,4.4819,0.006,corr,,,1.036,0.00637,8.092E-4,0.00135,1.0,1.0,2.87,3.99,6.37,6.37,1
396,true,3209522515051036288,427393786,83.78138,-5.187337,32,13,6.69,0.12,2.3931,7.7714,15.055,,,,,,,3.5541,0.004,7.946,0.039,0.2579,0.1146,3.5273,0.0042,8.347,0.045,0.25981,0.11977,16.303,0.099,5.95,0.023,0.39145,0.13276,,,,,,0.987,0.0047,6.464E-4,0.003045,1.0,1.0,1.0,4.34,5.45,6.53,1
1174,true,3209527462853356544,427393785,83.861938,-5.185426,6,13,6.69,0.12,2.1981,3.9817,11.242,,,,,,,4.1641,0.0087,5.705,0.034,0.36711,0.14651,6.2446,0.0076,4.169,0.039,0.55734,0.13499,17.54,0.066,4.063,0.015,0.71153,0.11911,4.1641,0.0087,corr,,,1.514,0.02,4.994E-4,0.002313,1.0,1.0,2.09,2.09,2.09,4.37,1
1078,true,3209527634652049408,427393783,83.847686,-5.181036,6,13,6.69,0.12,1.6411,5.1096,12.583,,,,,,,7.0189,,2.9342,,0.25953,0.07014,7.664,0.0079,4.87,0.032,0.85153,0.06353,7.7782,0.0097,3.683,0.03,0.91468,0.06261,7.664,0.0079,pca,,,1.075,0.0292,5.232E-4,0.002681,1.0,1.0,2.0,2.0,3.22,4.13,1
1136,true,3209527669011786880,427393781,83.855836,-5.180018,6,13,6.69,0.12,1.289,5.1232,12.665,,,,,,,4.0888,0.0082,5.695,0.022,0.34177,0.21137,6.3609,0.0069,3.7997,0.0097,0.56842,0.19802,17.979,,3.9748,,0.73241,0.12463,4.0888,0.0082,corr,,,0.943,0.01025,6.997E-4,0.001565,1.0,1.0,2.92,2.92,2.92,5.0,1
387,true,3209522515051035520,427393778,83.778463,-5.177359,32,13,6.69,0.12,2.6967,7.8487,14.931,,,,,,,8.135,0.04,4.392,0.014,0.16261,0.15134,8.0545,,4.4229,,0.18312,0.15184,13.392,,7.3916,,0.32058,0.11117,,,,,,1.108,0.00943,0.001972,0.006689,1.0,1.0,1.0,3.06,3.06,7.21,1
998,true,3209527737731263232,427393742,83.839912,-5.163798,6,13,6.69,0.12,2.2196,7.834,15.039,,,,,,,4.0951,0.0046,3.268,0.01,0.31902,0.07694,7.876,0.015,4.1767,0.0096,0.50557,0.19684,7.945,0.029,7.63,0.11,0.27705,0.18102,4.0951,0.0046,corr,,,1.134,0.00513,8.528E-4,0.001507,2.1,3.23,3.23,3.83,5.7,8.74,1
1151,true,3209527733432372736,427393741,83.857225,-5.163724,6,13,6.69,0.12,1.0768,4.0729,11.718,,,,,,,4.892,0.011,3.528,0.014,0.19761,0.0666,5.2167,0.0096,8.807,0.027,0.26274,0.24747,5.128,0.01,2.0223,0.0068,0.30087,0.06994,,,,,,1.401,0.0292,5.811E-4,0.005749,1.0,1.0,2.16,2.16,3.26,4.27,1
784,true,3209528459285770496,427393739,83.822826,-5.163649,6,13,6.69,0.12,2.6346,8.6275,15.74,,,,,,,4.13,0.01,2.392,0.011,0.13719,0.04233,7.498,0.027,4.258,0.019,0.34655,0.08405,15.714,,6.675,,0.7559,0.06964,,,,,,1.017,0.00228,7.424E-4,0.001208,1.0,1.0,2.11,4.11,4.11,6.25,1
541,true,3209528523708699392,427393720,83.805511,-5.155486,6,13,6.69,0.12,2.0589,6.6218,13.933,,,,,,,5.1889,,8.0777,,0.13068,0.0942,8.475,0.017,7.18,0.11,0.48039,0.13317,9.7303,,5.595,,0.78176,0.15842,8.475,0.017,pca,,,1.189,0.00337,8.892E-4,0.00156,2.12,2.12,2.12,4.37,5.44,5.44,1
704,true,3209528528005247104,427393719,83.817335,-5.155282,32,13,6.69,0.12,2.6518,7.9101,14.951,,,,,,,5.807,0.013,8.707,0.055,0.19113,0.10271,5.799,0.01,8.669,0.048,0.2706,0.13493,5.741,0.012,,,0.27827,,5.807,0.013,all3,,,1.389,0.01723,0.004023,0.01454,1.0,2.09,3.25,6.46,8.42,9.48,1
1045,true,3209528493645505920,427393717,83.843553,-5.153078,6,13,6.69,0.12,1.2939,4.8428,12.441,,,,,,,4.0453,0.0079,5.693,0.019,0.16985,0.13645,8.373,0.033,5.817,0.014,0.34428,0.30151,17.018,0.075,6.638,0.035,0.4857,0.2551,,,,,,1.053,0.00737,1.289E-4,8.417E-4,1.0,1.74,1.74,1.74,5.3,5.3,1
1226,true,3209528081328643456,427393715,83.875421,-5.152617,32,13,6.69,0.12,2.4906,8.8421,15.676,3357.0,157.0,0.621,0.025,0.642,0.027,5.7224,0.0067,4.05,0.016,0.39033,0.08942,5.6442,0.0046,2.8105,0.0095,0.60144,0.08161,5.9119,0.0063,14.43,0.079,0.45435,0.24939,5.7224,0.0067,corr,42.102,0.054,0.902,0.01143,0.001262,0.004637,1.0,1.0,1.0,2.44,3.59,5.52,1
605,true,3209528734163677056,427393707,83.811125,-5.14777,6,13,6.69,0.12,2.6777,7.8294,14.828,,,,,,,1.11378,8.0E-4,1.7581,0.0028,0.14895,0.0869,6.78,0.14,10.71,0.39,0.09206,0.07986,11.442,0.053,1.7251,0.0038,0.26191,0.06457,,,,,,1.048,0.001634,9.667E-4,0.00154,1.0,2.16,2.16,5.15,6.26,6.26,1
1162,true,3209528905962364544,427393701,83.859537,-5.144449,32,13,6.69,0.12,1.0268,3.3861,11.066,,,,,,,2.75056,6.6E-4,3.2682,0.0049,0.88285,0.14331,2.7556,,2.7907,,0.84495,0.05486,2.7564,,2.849,,0.84763,0.05622,2.75056,6.6E-4,corr,,,2.204,0.034,0.001121,0.007475,1.0,1.0,1.0,1.0,2.23,2.23,1
1155,true,3209528901666689024,427393699,83.858569,-5.143861,32,13,6.69,0.12,2.2717,8.044,15.21,,,,,,,2.7505,,2.7353,,0.82238,0.06025,2.7539,8.5E-4,2.72,0.026,0.85446,0.06037,2.7484,,2.0038,,0.96861,0.031,2.75,,corr,,,0.914,0.037,9.933E-4,0.004838,1.71,1.71,1.71,2.86,6.85,11.05,1
858,true,3209528562364982912,427393697,83.826961,-5.141885,6,13,6.69,0.12,2.3801,8.8759,15.566,3413.0,157.0,0.592,0.024,0.605,0.024,4.1985,0.0081,1.5973,0.0055,0.18725,0.0359,6.978,0.025,4.2208,0.0092,0.27185,0.17018,15.029,,5.15,,0.82195,0.05413,,,,,,1.007,0.00217,8.302E-4,0.001365,1.0,1.0,1.0,1.0,3.26,7.41,1
1042,true,3209528940322103424,427393691,83.843358,-5.134759,32,13,6.69,0.12,2.9691,7.5175,14.26,,,,,,,5.0601,0.0079,2.9291,0.0068,0.23999,0.09689,5.0767,0.0078,2.922,0.0067,0.24364,0.09868,14.21,0.15,5.201,0.014,0.25267,0.1735,,,,,,1.513,0.00625,0.001647,0.005201,2.06,2.06,2.06,2.06,4.18,5.1,1
1145,true,3209528905962364160,427393686,83.856898,-5.132566,32,13,6.69,0.12,2.9499,7.2451,14.199,,,,,,,2.76496,8.7E-4,3.4907,0.0055,0.68153,0.18874,2.76614,8.7E-4,3.487,0.0052,0.68096,0.196,2.7521,0.0012,3.489,0.0052,0.55236,0.18617,2.76496,8.7E-4,corr,,,2.165,0.01992,0.001641,0.004549,3.06,3.06,3.06,3.06,6.96,8.09,1
1153,true,3209528905962363904,427393685,83.857757,-5.132361,32,13,6.69,0.12,2.0346,5.987,13.325,,,,,,,2.76496,8.7E-4,3.4907,0.0055,0.68153,0.18874,2.76614,8.7E-4,3.487,0.0052,0.68096,0.196,2.7521,0.0012,3.489,0.0052,0.55236,0.18617,2.76496,8.7E-4,corr,,,1.356,0.01992,0.001641,0.004549,2.08,2.08,2.08,2.08,5.19,6.27,1
253,true,3209525744866443136,427374255,83.742503,-5.157666,6,13,6.69,0.12,2.3775,7.244,14.411,,,,,,,1.2679,,1.3839,,0.83672,0.11753,1.26658,2.1E-4,1.2885,0.0086,0.86167,0.05021,1.2663,1.9E-4,1.5831,0.0081,0.94665,0.02634,1.268,,corr,,,0.993,0.00974,0.001357,0.002768,1.0,1.0,1.0,3.29,5.32,5.32,1
276,true,3209522789928942976,427374253,83.753574,-5.160832,6,13,6.69,0.12,2.9807,8.484,15.083,3551.0,123.0,0.49,,1.135,,2.7525,0.0018,1.26307,6.8E-4,0.36641,0.19893,2.7628,,1.2647,,0.4906,0.2378,2.8297,,1.2653,,0.7112,0.23212,2.7525,0.0018,corr,42.813,,1.086,0.00578,0.001194,0.00243,2.06,2.97,2.97,2.97,4.89,7.86,1
335,true,3209522716912905728,427374251,83.769286,-5.165516,32,13,6.69,0.12,2.7052,6.807,13.469,3577.0,124.0,,,1.912,,2.9425,0.0037,5.616,0.031,0.18821,0.08758,5.554,0.014,2.9714,0.0041,0.2135,0.1618,5.929,0.018,11.67,0.081,0.19688,0.13535,,,,,,1.648,0.01917,0.003004,0.0145,2.1,2.1,2.1,2.1,3.2,6.42,1
110,true,3209525538707938944,427374248,83.666654,-5.168635,6,13,6.69,0.12,0.9107,2.1143,10.015,,,,,,,0.9963,0.0021,6.53,0.15,0.03591,0.01818,1.0006,0.0024,7.23,0.2,0.03394,0.0179,14.526,0.044,2.9744,0.0064,0.44867,0.12832,,,,,,0.883,3.49E-4,2.196E-4,4.572E-4,1.0,1.0,1.0,1.0,1.0,1.0,1
238,true,3209522652489991040,427374239,83.736591,-5.178837,32,13,6.69,0.12,2.3516,8.377,15.643,,,,,,,3.8875,0.0024,3.1873,0.0061,0.55838,0.1252,3.8925,0.0024,3.2067,0.0067,0.57038,0.11828,3.8519,0.0029,16.87,0.12,0.40345,0.25992,3.8875,0.0024,corr,,,0.907,0.024,0.00276,0.01068,1.0,1.0,2.02,2.02,3.85,4.77,1
186,true,3209525573067753472,427374235,83.710431,-5.186261,6,13,6.69,0.12,1.7764,6.2424,13.569,,,,,,,4.772,0.011,3.542,0.012,0.31789,0.07833,4.859,0.0058,3.61,0.012,0.37483,0.10909,4.9986,0.0041,12.96,0.19,0.59784,0.06928,4.772,0.011,corr,,,1.105,0.00221,9.004E-4,0.001605,1.0,1.0,1.0,1.0,1.0,2.09,1
239,true,3209522618130302720,427374231,83.736752,-5.1925,32,13,6.69,0.12,1.1788,4.4159,11.943,,,,,,,3.862,0.038,4.118,0.037,0.54595,0.47735,3.9718,,2.6355,,0.6899,0.05951,3.9725,0.0017,9.984,0.099,0.7516,0.13079,3.97,,pca,,,3.015,0.0349,0.001817,0.01483,1.0,1.0,1.0,1.0,1.0,1.0,1
200,true,3209522240173132160,427374226,83.717764,-5.200885,32,13,6.69,0.12,2.0833,7.556,14.801,,,,,,,3.4736,0.0089,4.703,0.029,0.10577,0.06529,3.4659,0.0072,2.6572,0.0073,0.1259,0.06272,3.4972,0.0063,11.644,0.088,0.1483,0.09424,3.4736,0.0089,all3,,,1.043,0.01369,0.003646,0.01469,1.0,1.0,1.0,2.11,2.11,3.03,1
123,true,3209525126391156864,427374224,83.676755,-5.205192,32,13,6.69,0.12,2.23,4.7091,11.75,4937.3,61.0,,,4.044,,4.906,0.0064,3.5958,0.005,0.27704,0.24741,3.6071,,7.4387,,0.27697,0.13347,7.321,0.012,12.035,0.06,0.41155,0.20973,,,,,,1.061,0.016,0.001615,0.01169,1.0,1.0,1.0,1.0,1.0,1.0,1
193,true,3209522137093918336,427374208,83.714315,-5.224847,32,13,6.69,0.12,2.1633,7.6427,14.887,,,,,,,3.903,0.018,5.335,0.046,0.08828,0.04748,3.847,0.015,5.366,0.021,0.10534,0.10179,5.705,0.013,9.632,0.039,0.18687,0.1813,,,,,,0.924,0.01439,0.003477,0.01484,1.0,1.0,1.0,1.0,1.0,2.1,1
297,true,3209521037582290048,427374181,83.758758,-5.260401,32,13,6.69,0.12,1.6681,7.1865,14.493,,,,,,,6.1568,0.0092,4.5536,0.007,0.32831,0.20988,4.6905,,3.1898,,0.15706,0.11645,5.918,,3.8735,,0.32668,0.06687,6.1568,0.0092,corr,,,1.053,0.01842,0.001084,0.01306,1.0,1.82,1.82,2.94,2.94,2.94,1
300,true,3209521037582290304,427374179,83.75994,-5.263313,32,13,6.69,0.12,2.4298,4.3942,11.579,,,,,,,6.1601,0.01,4.4826,0.0049,0.29862,0.2876,6.173,0.01,4.4871,0.0047,0.29955,0.29887,6.0095,0.0034,3.317,0.021,0.91528,0.0372,6.16,0.01,all3,,,1.149,0.0204,7.168E-4,0.009101,1.0,2.22,2.22,2.22,2.22,2.22,1
192,true,3209519491394066688,427374165,83.713387,-5.281913,6,13,6.69,0.12,1.4449,8.5724,15.761,,,,,,,2.3008,0.0033,1.8274,0.0025,0.1527,0.11173,8.02,0.016,2.3161,0.0039,0.40094,0.12449,9.837,0.025,2.3206,0.0045,0.4389,0.1064,9.837,0.025,raw,,,1.15,6.41E-4,2.781E-4,3.369E-4,1.0,1.0,4.28,4.28,5.43,7.38,1
221,true,3209519422674589440,427374162,83.728931,-5.283838,6,13,6.69,0.12,1.6742,7.259,14.691,,,,,,,4.1018,0.0043,5.723,0.014,0.32211,0.19508,4.1559,0.004,5.5411,0.0076,0.35272,0.33743,5.7697,0.0055,4.294,0.0044,0.52339,0.36497,4.1018,0.0043,corr,,,1.072,0.001872,2.518E-4,4.057E-4,1.0,1.0,2.06,2.06,2.06,4.14,1
251,true,3209519216516159104,427374152,83.741803,-5.29381,32,13,6.69,0.12,1.1439,7.7137,15.342,,,,,,,4.426,0.01,9.5,0.18,0.13923,0.05165,4.447,0.011,3.232,0.015,0.13273,0.05764,8.654,0.036,4.431,0.014,0.23099,0.12774,,,,,,1.064,0.00429,9.04E-4,0.004319,1.0,1.0,1.0,1.0,1.0,3.02,1
168,true,3209519353955113728,427374147,83.703289,-5.296241,32,13,6.69,0.12,1.5536,8.7647,15.805,,,,,,,6.7267,0.0088,10.873,0.066,0.41454,0.14083,6.7929,,11.544,,0.43413,0.21156,14.102,0.05,6.29,0.012,0.40547,0.27981,6.7267,0.0088,corr,,,1.358,0.0237,0.001898,0.01313,1.0,1.0,1.0,4.15,4.15,4.15,1
310,true,3017365540799887104,427374136,83.763157,-5.30832,32,13,6.69,0.12,1.204,6.9676,14.589,,,,,,,3.8282,,1.8369,,0.25187,0.10012,3.8334,,4.9645,,0.26636,0.07375,3.9554,0.0072,1.7596,0.0085,0.2018,0.03826,3.83,,all3,,,1.039,0.00572,8.198E-4,0.003254,1.0,3.25,4.37,7.66,8.68,9.7,1
178,true,3209519074780594432,427374132,83.708255,-5.312396,6,13,6.69,0.12,0.9239,1.9477,9.739,,,,,,,4.7564,0.0052,3.478,0.01,0.40346,0.10344,8.315,0.014,4.919,0.011,0.52754,0.36465,4.4605,,,,0.0188,,4.7564,0.0052,corr,,,1.036,0.00885,1.959E-4,0.001305,1.0,1.0,1.0,1.0,1.0,1.0,1
176,true,3209519044717468928,427374125,83.705405,-5.315394,32,13,6.69,0.12,1.7952,6.5871,13.902,,,,,,,6.8807,0.0094,11.079,0.05,0.36645,0.18035,6.9527,0.0095,11.909,0.047,0.42705,0.28019,11.179,0.015,6.747,0.031,0.76603,0.21709,6.8807,0.0094,corr,,,1.141,0.01461,0.001016,0.007873,1.0,2.79,2.79,2.79,3.92,3.92,1
167,true,3209519044717469056,427374122,83.703215,-5.318693,6,13,6.69,0.12,1.4182,7.9071,15.335,,,,,,,4.719,0.0071,7.237,0.07,0.28712,0.05397,8.1753,,4.8638,,0.49116,0.26916,20.2,2.5,4.432,0.058,0.319,0.05519,8.18,,pca,,,1.041,8.77E-4,3.198E-4,4.876E-4,1.0,1.92,2.55,3.59,3.59,4.72,1
182,true,3209518598040871296,427374097,83.710191,-5.338987,6,13,6.69,0.12,1.4108,6.6486,14.153,,,,,,,3.3672,0.0036,1.4001,0.0016,0.29393,0.10459,3.3359,0.0026,5.468,0.052,0.38834,0.08171,3.3421,0.002,2.7112,0.0038,0.52472,0.17811,3.3421,0.002,raw,,,1.088,0.001576,2.917E-4,5.251E-4,1.0,1.0,1.0,1.0,1.0,1.0,1
217,true,3017364922324356736,427374056,83.726044,-5.359822,32,13,6.69,0.12,1.3433,6.4,14.028,,,,,,,4.701,0.018,3.129,0.013,0.0834,0.05182,4.611,0.016,3.1676,0.0095,0.08868,0.06932,4.5404,,2.1531,,0.15708,0.02669,4.701,0.018,all3,,,1.998,0.00281,8.869E-4,0.003007,1.0,1.0,1.0,4.28,4.28,6.63,1
240,true,3017364922324343680,427374055,83.736822,-5.3601,32,13,6.69,0.12,0.8415,7.7289,15.634,,,,,,,2.0712,0.003,2.854,0.012,0.12346,0.0494,2.0657,0.0033,2.4536,0.0079,0.12604,0.04834,5.902,0.025,2.0722,0.0034,0.12966,0.10303,,,,,,0.912,0.00322,7.315E-4,0.002805,1.0,1.0,2.06,4.97,4.97,4.97,1
340,true,3017364269489201024,427374017,83.770079,-5.377421,6,13,6.69,0.12,0.632,7.3477,15.358,,,,,,,2.6067,0.0063,1.0424,0.0013,0.09065,0.06419,2.7185,,3.8419,,0.12391,0.08027,14.438,0.03,5.868,0.025,0.66763,0.10833,,,,,,0.858,2.64E-4,1.235E-4,2.157E-4,1.0,4.36,5.36,10.37,15.83,16.96,1
113,true,3209518421946387840,427374014,83.670274,-5.378407,6,13,6.69,0.12,1.4737,5.3276,12.266,,,,,,,3.854,,1.7666,,0.23359,0.06072,7.553,0.02,4.066,0.026,0.34024,0.10616,10.15,0.31,3.886,0.029,0.22921,0.06829,10.15,0.31,raw,,,4.245,0.01367,2.75E-4,0.002153,1.0,1.0,1.0,1.0,1.0,1.0,1
242,true,3017364613086728064,427374009,83.737548,-5.383339,32,13,6.69,0.12,0.8103,7.9776,15.782,,,,,,,8.076,0.052,2.067,0.003,0.22643,0.12528,13.193,0.1,8.103,0.043,0.31772,0.21726,15.196,0.031,8.044,0.023,0.58106,0.21553,,,,,,0.919,0.00646,6.641E-4,0.002918,1.0,1.95,2.63,3.65,7.41,11.2,1
230,true,3017364613086735360,427374004,83.733221,-5.386952,32,13,6.69,0.12,1.475,2.8179,10.342,,,,,,,8.076,0.052,2.067,0.003,0.22643,0.12528,13.193,0.1,8.103,0.043,0.31772,0.21726,15.196,0.031,8.044,0.023,0.5811,0.21555,,,,,,1.167,0.00646,6.641E-4,0.002918,1.0,1.0,1.0,1.0,3.47,3.47,1
170,true,3017364750525700608,427374001,83.703448,-5.388309,6,13,6.69,0.12,1.8517,6.1784,13.634,,,,,,,1.7029,,1.7424,,0.7559,0.06024,1.7039,3.9E-4,3.552,0.038,0.84137,0.03329,1.70083,4.6E-4,15.87,0.3,0.6834,0.10347,1.703,,corr,,,1.088,0.001734,2.583E-4,4.349E-4,1.0,1.0,2.19,4.4,4.4,6.39,1
148,true,3017364750525703808,427373998,83.694037,-5.390445,6,13,6.69,0.12,1.1881,7.9231,15.622,,,,,,,1.70496,4.6E-4,1.759,0.015,0.68873,0.05686,1.7073,,6.8718,,0.70265,0.08447,1.703,,7.1722,,0.4872,0.15887,1.70496,4.6E-4,corr,,,0.838,0.001113,2.784E-4,4.654E-4,1.0,1.0,2.06,5.25,5.25,7.32,1
328,true,3017363822812730112,427373984,83.768751,-5.399039,6,13,6.69,0.12,1.2994,5.8701,13.423,,,,,,,3.805,0.0077,5.515,0.016,0.22486,0.17326,3.7503,0.0059,5.583,0.013,0.28623,0.25696,13.376,0.067,3.5179,0.006,0.29293,0.24476,,,,,,0.875,0.001661,1.365E-4,4.029E-4,1.0,3.17,4.21,4.21,10.9,15.0,1
187,true,3017364544367271936,427373978,83.711284,-5.400341,6,13,6.69,0.12,1.2435,4.7531,12.363,,,,,,,2.3362,7.2E-4,2.0134,0.0012,0.71816,0.30218,2.34384,6.8E-4,2.0221,0.0013,0.76355,0.28014,2.3515,,2.0255,,0.72678,0.27322,2.3362,7.2E-4,corr,,,1.137,0.00354,2.527E-4,4.926E-4,2.22,2.22,5.77,5.77,6.98,8.1,1
203,true,3017364475647793280,427373976,83.719139,-5.401045,6,13,6.69,0.12,1.574,5.9473,13.661,,,,,,,2.01762,6.5E-4,2.34238,9.4E-4,0.55546,0.51781,2.02545,6.4E-4,2.35205,9.4E-4,0.58355,0.5307,2.02798,6.0E-4,2.35051,8.6E-4,0.60988,0.55814,2.01762,6.5E-4,all3,,,1.377,0.00307,2.469E-4,4.542E-4,1.0,2.1,4.1,5.19,7.39,7.39,1
196,true,3017364475647795072,427373968,83.716743,-5.40521,6,13,6.69,0.12,1.2152,7.5186,15.246,,,,,,,2.01762,6.5E-4,2.34239,9.4E-4,0.55548,0.51785,2.02545,6.4E-4,2.35205,9.4E-4,0.58355,0.5307,2.02798,6.0E-4,2.35051,8.6E-4,0.60988,0.55814,2.01762,6.5E-4,all3,,,0.954,0.00307,2.469E-4,4.542E-4,1.0,1.91,5.71,5.71,7.8,8.67,1
100,true,3017270845349266560,427373967,83.659237,-5.406566,32,13,6.69,0.12,1.4986,7.614,15.095,,,,,,,7.867,0.024,4.4001,0.01,0.24193,0.16841,7.845,0.019,13.506,0.058,0.33314,0.32826,12.234,0.04,31.32,0.33,0.58756,0.27308,,,,,,0.967,0.00777,0.00104,0.004014,1.0,1.0,2.82,2.82,2.82,3.88,1
147,true,3017270707910307072,427373965,83.693349,-5.408829,32,13,6.69,0.12,1.7023,6.1223,13.52,,,,,,,3.4193,0.0015,4.437,0.011,0.63526,0.1268,3.4149,0.0015,4.44,0.011,0.63608,0.12639,3.431,0.0014,4.319,0.011,0.69203,0.12271,3.4193,0.0015,corr,,,1.186,0.0288,0.003413,0.01482,2.15,2.15,3.18,4.02,4.02,5.23,1
333,true,3017363582294577280,427373960,83.769222,-5.411797,6,13,6.69,0.12,0.5517,7.629,15.598,,,,,,,3.5072,0.0036,1.5869,0.0026,0.33676,0.07367,6.972,0.016,3.5098,0.0043,0.34284,0.31255,13.229,0.038,6.704,0.023,0.52576,0.196,3.5072,0.0036,corr,,,0.689,8.34E-4,1.849E-4,3.451E-4,1.0,2.12,8.0,10.05,13.85,17.87,1
143,true,3017270673550570624,427373955,83.691281,-5.415513,32,13,6.69,0.12,1.6337,6.4466,14.017,,,,,,,3.4362,,4.4302,,0.76726,0.11747,3.4374,,4.4198,,0.76024,0.11413,3.4524,,12.258,,0.87346,0.08788,3.44,,corr,,,1.012,0.0303,0.002063,0.009104,1.0,1.82,5.08,5.08,6.16,6.16,1
139,true,3017270669252519680,427373951,83.68827,-5.417796,32,13,6.69,0.12,1.5315,3.9523,11.447,,,,,,,3.4446,0.0012,4.3805,0.0064,0.79994,0.21141,3.4518,,4.3701,,0.83597,0.20169,3.4664,,9.9156,,0.79895,0.05656,3.4446,0.0012,corr,,,1.157,0.0309,0.00237,0.008672,1.0,2.22,2.22,3.4,3.4,3.4,1
194,true,3017269883276585088,427373947,83.714852,-5.420269,32,13,6.69,0.12,1.5499,5.676,13.206,,,,,,,5.028,0.011,3.8833,0.0064,0.17095,0.16283,4.9927,,3.8879,,0.18124,0.17119,9.994,0.026,24.69,0.29,0.35338,0.25682,,,,,,1.059,0.01241,0.002042,0.008936,1.0,1.0,1.0,3.28,3.28,5.55,1
268,true,3017363685373806848,427373945,83.750548,-5.42118,6,13,6.69,0.12,0.1466,1.9249,9.939,,,,,,,4.4172,0.0057,2.4362,0.0057,0.35364,0.09671,4.3916,0.0031,6.682,0.052,0.62895,0.07185,4.478,0.0029,6.461,0.014,0.66189,0.23823,4.4172,0.0057,corr,,,1.27,0.00252,1.516E-4,3.441E-4,1.0,1.0,1.0,1.0,1.0,1.0,1
255,true,3017363651014073600,427373938,83.742817,-5.425902,6,13,6.69,0.12,1.028,7.1963,15.364,,,,,,,2.3886,0.0025,2.9082,0.0059,0.1999,0.10493,9.3388,,4.8678,,0.21735,0.13603,15.443,0.033,4.4825,0.0089,0.66088,0.17252,,,,,,0.757,6.58E-4,2.043E-4,3.345E-4,1.0,1.0,1.93,3.46,5.49,6.58,1
265,true,3017363444855642496,427373935,83.748435,-5.427778,6,13,6.69,0.12,1.2593,6.5692,14.303,,,,,,,2.3889,0.0026,2.9109,0.0035,0.195,0.1944,9.1017,,3.6385,,0.34385,0.17432,16.333,0.056,5.963,0.016,0.53803,0.19374,,,,,,1.029,0.001211,2.495E-4,4.492E-4,1.0,1.0,4.85,4.85,4.85,4.85,1
114,true,3017270570471362304,427373934,83.670559,-5.433323,32,13,6.69,0.12,1.2095,8.285,15.861,,,,,,,3.4264,0.0041,6.862,0.02,0.23107,0.17403,3.4283,0.0033,7.15,0.24,0.31767,0.13568,3.4049,0.005,6.528,0.022,0.21935,0.18306,3.4264,0.0041,all3,,,0.953,0.01614,0.002904,0.01011,1.0,2.03,2.03,3.0,3.73,8.8,1
332,true,3017363410495900416,427373926,83.769195,-5.439742,32,13,6.69,0.12,0.9381,7.1385,15.2,,,,,,,3.9023,0.01,2.5053,0.0043,0.10809,0.09805,6.875,0.03,2.5156,0.0042,0.10828,0.09962,7.041,0.017,12.399,0.081,0.21448,0.14061,,,,,,0.868,0.00338,4.95E-4,0.002382,1.96,5.75,7.93,11.03,19.44,22.46,1
174,true,3017269848916851840,427373925,83.704477,-5.440707,6,13,6.69,0.12,1.0524,8.2128,15.897,,,,,,,1.7445,0.0019,1.3432,0.0017,0.13884,0.07908,7.49,0.18,3.05,0.34,0.14507,0.06652,19.3,0.17,8.601,0.048,0.32711,0.14167,,,,,,1.012,6.96E-4,2.984E-4,4.547E-4,1.0,2.15,3.28,3.28,5.2,7.43,1
323,true,3017363410495901440,427373922,83.767474,-5.44107,32,13,6.69,0.12,1.171,6.8597,14.515,,,,,,,3.9023,0.01,2.5053,0.0043,0.10809,0.09805,6.875,0.03,2.5156,0.0042,0.10828,0.09962,7.041,0.017,12.399,0.081,0.21448,0.14061,,,,,,1.06,0.00338,4.95E-4,0.002382,3.02,4.02,8.29,13.84,19.24,22.41,1
296,true,3017363376136167936,427373918,83.758655,-5.443387,6,13,6.69,0.12,1.6307,5.5078,13.083,,,,,,,1.7766,,2.951,,0.50268,0.08403,1.77562,5.6E-4,2.9611,0.0067,0.50814,0.12576,14.43,0.11,2.8338,0.0054,0.57331,0.13685,1.777,,corr,,,2.229,4.85E-4,1.871E-4,2.711E-4,1.0,1.0,2.07,4.31,6.52,7.58,1
237,true,3017269608398678528,427373914,83.736497,-5.443673,32,13,6.69,0.12,0.882,7.863,15.93,,,,,,,6.292,0.017,4.67,0.014,0.16358,0.09467,10.128,0.036,6.269,0.016,0.23168,0.15562,10.302,0.02,6.7333,0.0095,0.35066,0.33886,,,,,,0.931,0.00605,0.00113,0.00446,1.0,1.0,2.16,3.24,4.26,5.41,1
338,true,3017363410495902720,427373913,83.769813,-5.443905,32,13,6.69,0.12,1.2119,6.7444,14.381,,,,,,,5.175,0.011,3.833,0.016,0.19817,0.09628,5.2147,0.0094,3.854,0.018,0.23153,0.08634,10.837,0.026,5.409,0.016,0.35293,0.16554,,,,,,0.939,0.00341,3.951E-4,0.00224,1.0,5.02,6.04,14.96,21.36,22.54,1
111,true,3017270467392148736,427373912,83.670062,-5.444064,32,13,6.69,0.12,1.4749,7.502,15.145,,,,,,,3.3971,0.0023,6.866,0.019,0.3905,0.1901,3.4289,0.002,6.834,0.016,0.4339,0.27519,6.722,0.013,3.4946,0.0044,0.28739,0.25027,3.3971,0.0023,corr,,,0.918,0.01717,0.002261,0.007726,1.0,2.73,2.73,4.82,5.92,7.01,1
107,true,3017270463094089600,427373910,83.666172,-5.444982,32,13,6.69,0.12,1.2137,3.7508,11.379,5478.9,55.6,,,,,3.4819,0.002,4.3302,0.0098,0.44886,0.11768,7.044,0.024,3.4311,0.006,0.18558,0.14894,17.49,0.1,6.925,0.025,0.35166,0.14257,3.4819,0.002,corr,,,1.226,0.0333,0.002605,0.02912,1.0,1.0,1.0,1.0,1.0,1.0,1
118,true,3017270467392148992,427373908,83.673771,-5.448037,6,13,6.69,0.12,1.6834,7.4365,14.878,,,,,,,4.813,0.013,3.6138,0.0089,0.28258,0.19646,5.0143,0.0076,3.61,0.015,0.40145,0.09416,5.663,,4.4277,,0.2111,0.13725,5.66,,raw,,,1.531,0.001209,4.379E-4,7.49E-4,1.0,2.02,2.79,2.79,3.91,7.17,1
188,true,3017269780197376128,427373904,83.711389,-5.45028,6,13,6.69,0.12,1.6517,6.0267,13.496,,,,,,,4.845,0.016,2.965,0.014,0.16391,0.05632,5.151,0.0081,8.315,0.037,0.31245,0.16781,13.078,0.03,4.657,0.019,0.57509,0.10056,,,,,,1.013,5.03E-4,2.698E-4,3.794E-4,1.0,1.0,1.0,1.0,3.33,3.33,1
98,true,3017270089435030912,427373895,83.658741,-5.46126,6,13,6.69,0.12,1.6086,7.311,14.762,,,,,,,3.6932,,5.2008,,0.17004,0.08257,5.206,0.015,3.7195,0.0082,0.16002,0.1365,5.569,0.012,3.6766,0.009,0.2205,0.13899,,,,,,2.853,6.39E-4,3.925E-4,6.774E-4,1.0,1.0,1.0,2.13,2.13,3.19,1
235,true,3017269505319467520,427373889,83.735481,-5.464161,32,13,6.69,0.12,1.4092,6.8866,14.526,,,,,,,2.7979,0.0034,2.1157,0.0044,0.18262,0.07093,5.873,0.011,4.398,0.011,0.22292,0.13012,30.91,1.0,5.8469,0.0081,0.48641,0.36483,,,,,,0.93,0.0186,0.001052,0.01156,1.0,1.0,1.0,4.27,4.27,7.4,1
260,true,3017266550381966848,427373884,83.745439,-5.467581,32,13,6.69,0.12,1.2682,7.1026,14.718,,,,,,,4.3631,0.0071,2.4571,0.0049,0.17837,0.0783,4.3413,,2.4519,,0.18179,0.08476,5.84,0.0092,20.94,0.29,0.3007,0.14414,,,,,,0.99,0.00614,9.001E-4,0.00462,1.0,1.0,1.0,1.99,2.99,2.99,1
173,true,3017269436599997056,427373877,83.703998,-5.471357,6,13,6.69,0.12,1.4414,8.0163,15.572,,,,,,,5.159,0.014,3.514,0.0079,0.17178,0.14828,5.3518,,3.6099,,0.41853,0.10443,5.3092,0.0052,8.774,0.043,0.52246,0.16401,5.3092,0.0052,raw,,,0.986,0.001546,3.479E-4,7.207E-4,2.07,2.07,2.07,2.07,3.01,3.01,1
216,true,3017269367880519168,427373864,83.725786,-5.481749,6,13,6.69,0.12,1.0841,8.2444,15.999,,,,,,,3.91,0.0093,5.292,0.04,0.25062,0.10297,3.9184,0.0045,8.306,0.035,0.35021,0.18215,3.9515,0.0048,18.63,0.5,0.30437,0.22263,3.91,0.0093,all3,,,0.916,8.25E-4,2.86E-4,4.523E-4,1.0,1.96,3.09,4.12,7.14,10.13,1
177,true,3017268989923400064,427373860,83.706534,-5.484264,6,13,6.69,0.12,1.617,7.2355,14.645,,,,,,,4.0763,0.0091,1.8089,0.0022,0.17102,0.12143,4.1271,0.0044,10.816,0.062,0.37281,0.1812,12.456,0.058,4.305,0.006,0.30388,0.2965,,,,,,1.023,9.41E-4,3.248E-4,5.436E-4,1.0,1.0,2.03,2.03,3.09,5.26,1
318,true,3017266481662489984,427373859,83.766337,-5.484271,32,13,6.69,0.12,1.8198,5.5102,13.002,,,,,,,4.6165,0.005,3.159,0.014,0.40165,0.0647,4.7012,0.0052,6.76,0.027,0.39362,0.10998,4.6938,0.0076,11.255,0.042,0.3286,0.27892,4.6165,0.005,corr,,,1.275,0.01092,9.349E-4,0.004798,1.0,1.0,5.54,9.97,9.97,12.01,1
142,true,3017269024283141376,427373856,83.68985,-5.489137,32,13,6.69,0.12,2.1298,6.7329,14.086,,,,,,,2.5215,0.009,5.437,0.043,0.06819,0.05001,2.5663,0.0049,5.546,0.038,0.09565,0.06073,3.5187,0.0082,3.042,0.073,0.1106,0.06486,,,,,,0.801,0.00967,0.002375,0.01046,1.0,1.0,1.0,1.0,1.0,2.0,1
231,true,3017266412943302400,427373851,83.733231,-5.490653,6,13,6.69,0.12,1.762,6.2992,13.648,,,,,,,1.93095,6.6E-4,3.823,0.017,0.53314,0.07611,1.93249,7.5E-4,3.864,0.011,0.46582,0.11894,1.9191,0.0013,3.7671,0.0061,0.27835,0.2049,1.93095,6.6E-4,corr,,,1.199,6.14E-4,2.807E-4,4.285E-4,1.0,2.13,2.13,3.28,4.43,7.22,1
226,true,3017266412943302528,427373850,83.731681,-5.493758,6,13,6.69,0.12,1.4261,7.8322,15.635,,,,,,,1.9245,,4.0037,,0.34116,0.05749,1.9278,0.0012,11.42,0.19,0.26013,0.09117,19.6,0.18,6.534,0.026,0.25769,0.16516,1.924,,corr,,,1.144,7.01E-4,2.492E-4,5.03E-4,1.0,1.88,1.88,4.02,7.68,9.63,1
330,true,3017266275504060800,427373849,83.768857,-5.493972,32,13,6.69,0.12,1.5562,5.8119,13.363,,,,,,,2.5964,0.0011,3.0263,0.0035,0.46617,0.16626,2.6002,0.0014,5.1387,0.0087,0.37775,0.22252,2.5993,,9.1149,,0.37913,0.24009,2.5964,0.0011,corr,,,0.961,0.01438,0.001124,0.006135,2.11,4.24,5.38,7.25,9.52,12.89,1
250,true,3017266344223542912,427373846,83.741359,-5.496121,6,13,6.69,0.12,1.2571,7.8546,15.874,,,,,,,1.9364,0.0013,1.3759,0.0025,0.27069,0.06636,1.9384,0.0014,1.3885,0.0032,0.24827,0.04958,14.93,0.03,3.0791,0.0086,0.69403,0.09893,,,,,,0.977,4.5E-4,2.916E-4,4.729E-4,2.11,2.11,2.11,3.97,7.15,9.76,1
308,true,3017266168126793984,427373843,83.762493,-5.500415,6,13,6.69,0.12,1.755,4.6444,12.063,,,,,,,5.0553,0.0052,3.7884,0.0068,0.47359,0.19136,5.1144,,8.4438,,0.81718,0.26873,5.0951,0.0027,8.191,0.031,0.89277,0.18649,5.0553,0.0052,corr,,,3.653,0.00518,3.037E-4,5.586E-4,1.0,1.0,2.2,5.68,5.68,7.98,1
106,true,3017268921203932032,427373840,83.666082,-5.501853,6,13,6.69,0.12,1.5609,6.5348,14.068,,,,,,,4.949,0.02,1.7629,0.0032,0.23063,0.09594,4.928,0.018,7.453,0.087,0.22433,0.19339,9.225,0.058,4.927,0.013,0.27948,0.23144,,,,,,1.059,0.00727,3.77E-4,0.001281,2.04,2.04,2.04,2.04,2.04,3.04,1
128,true,3017268921203929984,427373839,83.680863,-5.501941,32,13,6.69,0.12,1.7758,6.8214,14.244,,,,,,,7.199,0.013,5.14,0.015,0.28187,0.10932,7.225,0.011,5.143,0.011,0.35992,0.14984,7.2636,0.0094,12.53,0.081,0.41897,0.14966,7.2636,0.0094,raw,,,1.08,0.01627,0.003538,0.01487,1.0,1.0,1.0,1.0,1.0,4.02,1
201,true,3017266034985901824,427373838,83.718085,-5.502205,6,13,6.69,0.12,1.6587,7.5054,15.167,,,,,,,5.063,0.017,0.66666,3.5E-4,0.15304,0.0993,5.1539,0.0067,8.815,0.049,0.36924,0.1423,14.065,0.033,3.39,0.037,0.70549,0.0365,,,,,,0.954,8.29E-4,2.809E-4,5.734E-4,1.0,1.0,1.97,1.97,3.52,4.54,1
224,true,3017265961968363904,427373832,83.730399,-5.506134,32,13,6.69,0.12,-0.1453,0.6712,8.99,,,,,,,1.8329,0.0072,2.432,0.014,0.03212,0.03005,13.49,0.22,2.399,0.014,0.05299,0.02957,9.64,0.13,15.31,0.74,0.24673,0.14658,,,,,,1.277,7.76E-4,3.523E-4,9.353E-4,1.0,1.0,1.0,1.0,1.0,1.0,1
246,true,3017266138065115136,427373829,83.739384,-5.511667,6,13,6.69,0.12,1.7134,7.1168,14.627,,,,,,,1.35892,4.8E-4,1.1096,0.0023,0.33953,0.04565,1.35634,4.8E-4,5.539,0.022,0.34782,0.12089,14.367,0.03,6.407,0.035,0.67474,0.11169,1.35892,4.8E-4,corr,,,1.052,7.03E-4,2.728E-4,5.34E-4,1.0,1.0,1.0,2.54,2.54,5.57,1
159,true,3017265996328342272,427373828,83.699567,-5.51293,6,13,6.69,0.12,1.9115,6.5023,13.868,,,,,,,1.8916,0.0022,2.4205,0.0085,0.14505,0.06247,6.688,0.016,1.8779,0.0031,0.23898,0.09856,5.6782,0.0044,4.1076,0.0071,0.68431,0.18225,,,,,,1.039,0.001059,3.908E-4,7.259E-4,1.0,1.0,2.19,2.19,2.19,2.19,1
95,true,3017267409375446656,427373822,83.654578,-5.519141,6,13,6.69,0.12,2.0452,7.7261,15.085,,,,,,,2.7334,0.0021,2.3052,0.0087,0.29422,0.17242,2.7258,,2.3048,,0.48061,0.12287,2.8035,0.0019,6.889,0.026,0.37284,0.17293,2.73,,pca,,,0.842,0.001322,4.24E-4,7.417E-4,1.0,1.0,1.0,1.0,1.0,1.0,1
229,true,3017265760107995648,427373819,83.733247,-5.520285,32,13,6.69,0.12,2.0214,6.4908,13.864,,,,,,,5.695,0.0061,4.2857,0.0066,0.39945,0.18101,5.7247,0.0054,4.3178,0.006,0.46208,0.20382,5.7333,0.0038,8.94,0.35,0.81758,0.07119,5.695,0.0061,corr,,,1.38,0.0399,0.004602,0.02183,1.0,1.0,1.86,2.91,2.91,3.51,1
234,true,3017265760107995904,427373814,83.73534,-5.526714,32,13,6.69,0.12,1.6886,4.5739,11.976,3947.5,127.1,,,,,5.8185,0.0068,4.2702,0.0052,0.3866,0.25652,5.7496,0.0047,4.3224,0.004,0.53372,0.32186,5.7763,0.0032,3.27,0.035,1.00023,0.01994,5.8185,0.0068,corr,,,1.142,0.0925,0.002617,0.03358,1.0,1.0,2.16,2.16,2.16,3.37,1
164,true,3017265588309311360,427373798,83.701182,-5.543088,6,13,6.69,0.12,1.9211,8.4015,15.901,,,,,,,4.447,0.029,3.403,0.079,0.11339,0.03125,4.635,0.011,7.107,0.082,0.19023,0.04316,4.644,0.023,15.31,0.19,0.10381,0.10079,4.447,0.029,all3,,,0.928,8.43E-4,4.866E-4,8.735E-4,1.0,1.0,1.0,2.05,2.05,3.96,1
184,true,3017265588306318592,427373793,83.710297,-5.548284,32,13,6.69,0.12,1.3187,9.3889,15.953,,,0.556,0.029,0.562,0.029,4.412,0.015,2.0977,0.0071,0.10118,0.04863,4.265,0.017,2.0544,0.0098,0.0766,0.03583,13.817,0.043,5.454,0.044,0.48552,0.06188,,,,,,0.951,0.00284,7.387E-4,0.003418,1.0,1.0,1.0,2.52,4.6,5.76,1
303,true,3017264832395060736,427373783,83.76041,-5.552769,6,13,6.69,0.12,1.8489,6.52,13.924,,,,,,,1.9259,,1.6782,,0.357,0.11543,1.92914,9.3E-4,3.9134,0.0092,0.35535,0.15606,1.92548,9.9E-4,10.308,0.067,0.3443,0.13874,1.926,,corr,,,1.084,0.001139,4.136E-4,7.232E-4,1.0,1.0,1.0,2.18,2.18,2.18,1
169,true,3017264042121086080,427373777,83.703415,-5.559183,6,13,6.69,0.12,1.7005,8.4404,15.932,,,,,,,3.834,0.016,2.2474,0.0072,0.08543,0.05272,2.6942,0.0051,6.695,0.038,0.11489,0.11454,16.05,0.068,6.399,0.036,0.34424,0.11349,,,,,,0.964,9.35E-4,3.278E-4,7.015E-4,1.0,1.0,1.0,1.0,2.53,4.12,1
232,true,3017264798035327488,427373774,83.734855,-5.561241,32,13,6.69,0.12,1.5954,8.5136,15.381,4024.0,159.0,0.589,0.026,0.602,0.027,4.042,0.026,1.8456,0.0025,0.10654,0.09179,4.154,0.016,7.728,0.081,0.11589,0.07528,4.1595,0.0059,3.5035,0.0072,0.21359,0.11204,4.042,0.026,all3,42.174,0.055,0.973,0.01911,0.004806,0.01741,1.0,2.0,2.0,2.0,2.0,4.09,1
209,true,3017264763675591168,427373770,83.720199,-5.563421,32,13,6.69,0.12,1.82,8.3951,15.162,3794.0,159.0,0.655,0.024,0.688,0.028,4.2587,0.0092,2.1155,0.0058,0.14088,0.04958,4.1799,0.005,2.677,0.011,0.25711,0.05994,4.204,0.01,13.7,0.18,0.15727,0.14586,4.2587,0.0092,all3,42.313,0.05,0.994,0.018,0.003646,0.01718,1.0,1.0,1.0,1.0,1.6,2.61,1
156,true,3017264007761349504,427373765,83.695767,-5.570722,32,13,6.69,0.12,0.2066,-0.8358,6.097,,,,,,,2.4662,0.0029,1.16259,8.4E-4,0.19963,0.11392,7.774,0.024,2.5318,0.0035,0.19496,0.15193,27.2,4.7,2.5207,0.01,0.2664,0.0912,,,,,,1.866,0.001382,1.33E-4,0.001156,1.0,1.0,1.0,1.0,1.0,1.0,1
153,true,3017263251847106304,427373755,83.695511,-5.585525,6,13,6.69,0.12,2.1414,6.1587,13.353,9664.0,156.0,2.46,,1.569,,2.0029,0.0012,4.397,0.041,0.31805,0.05209,2.0121,0.0016,6.585,0.052,0.26006,0.07497,6.688,0.022,16.99,0.21,0.21029,0.11111,2.0029,0.0012,corr,,,2.252,0.001347,5.508E-4,0.001115,1.0,1.0,1.0,2.19,2.19,2.74,1
99,true,3017263492362315264,427373750,83.659112,-5.59711,32,13,6.69,0.12,2.1253,8.4807,15.563,3559.0,159.0,0.647,0.025,0.677,0.029,5.938,0.023,4.349,0.013,0.11077,0.10757,4.431,0.012,5.964,0.021,0.12304,0.12046,5.8968,0.0056,11.264,0.064,0.53687,0.18029,,,,,,1.048,0.01198,0.00398,0.01177,1.0,1.0,1.0,2.79,2.79,3.62,1
94,true,3017263492365279616,427373745,83.652264,-5.604759,6,13,6.69,0.12,2.1453,5.5495,13.327,,,,,,,1.5138,,6.0889,,0.393,0.10166,6.056,0.054,1.511,0.058,0.37428,0.34443,1.51139,6.2E-4,5.973,0.011,0.3373,0.29606,1.514,,corr,,,7.194,0.00426,0.001011,0.001696,1.0,1.0,2.12,4.49,4.49,4.49,1
266,true,3017262942609459200,427373742,83.74951,-5.610988,6,13,6.69,0.12,2.7668,7.1309,14.072,11817.0,501.0,3.14,,1.655,,4.6043,0.0073,3.4218,0.0067,0.26429,0.14814,4.6935,0.004,3.397,0.015,0.53601,0.06629,4.7514,0.0048,3.386,0.013,0.45238,0.07389,4.6935,0.004,pca,,,1.159,0.001541,7.383E-4,0.001147,1.0,1.0,1.0,1.0,1.0,1.0,1
117,true,3017262732153080704,427373741,83.673855,-5.613548,32,13,6.69,0.12,1.8689,8.8682,15.931,3740.0,164.0,0.66,0.029,0.695,0.036,2.575,0.0044,2.075,0.018,0.11678,0.01458,2.5842,0.0042,2.071,0.016,0.12095,0.01518,12.67,0.12,2.5536,0.0067,0.09767,0.07102,,,,,,1.079,0.00973,0.003026,0.0118,1.0,1.0,1.0,1.0,1.0,2.12,1
165,true,3017262839530248192,427373739,83.701285,-5.623014,6,13,6.69,0.12,1.59,5.8017,13.072,10476.0,294.0,2.7,,1.065,,1.30646,1.8E-4,1.4336,0.0012,0.86376,0.13339,1.3057,,0.65175,,0.91229,0.02331,,,,,,,1.30646,1.8E-4,corr,,,1.467,0.01023,9.899E-4,0.002047,1.0,1.0,1.0,1.0,1.0,1.0,1
144,true,3017262461573127040,427373736,83.692045,-5.625344,6,13,6.69,0.12,2.0955,8.7672,15.619,3582.0,158.0,0.653,0.026,0.685,0.03,1.3077,,1.4352,,0.54563,0.09505,1.30719,2.9E-4,4.204,0.043,0.54267,0.03339,1.30736,3.3E-4,6.811,0.055,0.47602,0.07553,1.308,,corr,42.823,,0.987,0.00278,0.001368,0.002194,1.0,1.0,1.0,1.81,1.81,1.81,1
233,true,3017251054139986560,427373732,83.735002,-5.634797,6,13,6.69,0.12,2.3251,7.3742,14.515,8113.0,138.0,1.97,,1.115,,2.2893,,1.9135,,0.30369,0.05207,2.2683,,10.74,,0.21141,0.07066,2.2722,0.0018,15.56,0.48,0.25526,0.03996,2.29,,corr,,,1.074,0.001664,0.001046,0.001678,1.0,1.0,1.0,1.0,2.15,2.15,1
274,true,3017251088499723776,427373731,83.753432,-5.635563,32,13,6.69,0.12,2.065,6.9747,14.226,,,,,,,3.1486,0.0025,3.8216,0.0082,0.30796,0.12068,3.1397,0.0023,3.7954,0.0071,0.29962,0.14352,3.1391,,4.5864,,0.1179,0.05111,3.1486,0.0025,corr,,,1.08,0.0335,0.004955,0.02563,1.0,1.0,1.0,2.18,3.38,4.57,1
90,true,3017263561084755584,427352991,83.648668,-5.597823,6,13,6.69,0.12,2.0888,7.8358,14.983,5461.0,146.0,0.95,,0.797,,1.51057,5.3E-4,2.1815,0.0056,0.38969,0.06902,1.50703,6.6E-4,6.281,0.015,0.32638,0.23549,6.301,0.013,1.489,0.014,0.27364,0.17693,1.51057,5.3E-4,corr,43.053,,1.06,0.00297,0.001112,0.00181,1.0,1.0,1.89,2.95,2.95,4.0,1
77,true,3017263767243449600,427352983,83.632637,-5.588883,6,13,6.69,0.12,1.8615,6.8057,14.062,5657.0,134.0,1.0,,1.014,,2.1243,,1.8697,,0.11924,0.06861,4.932,0.012,3.0273,0.007,0.16429,0.132,11.615,,5.0145,,0.37813,0.13863,,,,,,1.078,0.00311,0.001027,0.002326,1.0,1.0,1.0,1.0,1.99,1.99,1
86,true,3017263767243185152,427352982,83.641488,-5.580922,32,13,6.69,0.12,2.0804,6.4942,13.811,5562.0,153.0,0.98,,1.453,,5.0594,0.0039,3.8943,0.005,0.51348,0.21155,5.0526,,3.8806,,0.58221,0.22404,5.0463,0.003,2.5485,0.0039,0.72452,0.13387,5.0594,0.0039,corr,43.063,,1.057,0.0297,0.00314,0.01285,1.0,1.0,2.1,2.1,3.11,4.05,1
89,true,3017264140902280064,427352980,83.646668,-5.575628,32,13,6.69,0.12,2.3734,8.135,15.331,,,,,,,5.1954,0.0076,7.3,0.04,0.31143,0.11867,5.1729,0.0068,3.9069,0.0068,0.36051,0.15811,5.2311,0.0074,13.19,0.25,0.33147,0.1394,5.1954,0.0076,corr,,,1.066,0.01496,0.003284,0.01138,1.0,1.0,1.91,2.77,2.77,2.77,1
23,true,3017266928339118336,427352973,83.577198,-5.566733,32,13,6.69,0.12,1.7387,5.8882,13.239,5544.0,123.0,0.98,,1.388,,6.503,0.01,4.6717,0.0099,0.3471,0.14763,6.55,0.15,4.79,0.41,0.32408,0.12562,6.2324,,20.191,,0.67679,0.12631,6.503,0.01,corr,42.913,,1.021,0.01196,0.003039,0.008599,1.0,1.0,2.0,2.0,2.0,2.0,2
5,true,3017266962698857216,427352971,83.554996,-5.564859,6,13,6.69,0.12,1.5596,6.8313,14.213,4205.0,145.0,0.66,,0.824,,2.4325,0.0058,4.754,0.041,0.09217,0.0852,5.039,0.064,7.63,0.36,0.17212,0.06775,16.1,1.4,4.657,0.023,0.13771,0.12329,,,,,,1.039,0.00778,9.592E-4,0.002655,2.18,2.18,3.29,3.29,3.29,3.29,1
19,true,3017266928339118208,427352968,83.575025,-5.559268,6,13,6.69,0.12,1.8479,5.8307,13.231,3960.0,122.0,,,1.611,,3.2037,0.0026,4.151,0.015,0.3568,0.09512,3.2372,,1.6262,,0.39199,0.09892,3.2588,0.0013,2.6484,0.0053,0.7678,0.09393,3.2037,0.0026,corr,,,1.023,0.005,0.001199,0.002634,1.0,1.0,2.0,2.0,2.0,2.0,1
27,true,3017267134497545984,427352958,83.58637,-5.543087,6,13,6.69,0.12,2.278,8.1404,15.42,,,,,,,1.17417,7.5E-4,1.2796,0.0023,0.15444,0.05506,2.914,0.013,1.1748,0.0017,0.06939,0.06454,3.122,0.0068,16.56,0.36,0.11342,0.05823,,,,,,1.098,0.00209,9.617E-4,0.002325,1.0,1.0,1.0,2.1,3.18,3.18,1
12,true,3017267856049097088,427352955,83.565231,-5.539961,6,13,6.69,0.12,2.0915,8.0958,15.079,,,,,,,4.2016,,2.1527,,0.16401,0.04487,4.1627,0.0047,12.45,0.13,0.3834,0.10723,15.126,,4.319,,0.61004,0.19089,,,,,,1.307,0.00722,9.941E-4,0.002334,2.08,2.08,2.08,4.08,4.08,4.08,1
40,true,3017267443735189632,427352954,83.605009,-5.53717,6,13,6.69,0.12,1.6882,9.271,15.972,3922.0,161.0,0.593,0.027,0.606,0.029,1.7016,0.0016,3.284,0.011,0.14893,0.08811,3.2258,0.0048,2.7085,0.0072,0.22702,0.10329,14.703,,5.8141,,0.60732,0.10086,,,,,,0.966,0.001626,8.374E-4,0.001665,1.0,1.0,1.0,2.75,5.69,5.69,1
88,true,3017267306296233216,427352952,83.646454,-5.536217,32,13,6.69,0.12,1.4483,4.0356,11.938,5368.9,45.3,,,9.724,,4.9863,0.0037,3.8777,0.0041,0.50898,0.24852,5.0043,0.0041,3.8691,0.0047,0.5182,0.24147,5.0028,0.0027,3.856,0.012,0.74341,0.07537,4.9863,0.0037,corr,,,2.675,0.01603,0.002263,0.008258,1.0,1.0,1.0,1.0,1.0,1.0,1
52,true,3017267478094926720,427352948,83.615429,-5.53204,32,13,6.69,0.12,1.4286,3.3856,10.948,9468.0,,2.41,,2.862,,3.3809,0.0012,4.1895,0.0071,0.74441,0.15866,3.3779,0.0011,4.1669,0.0065,0.7798,0.17253,3.3648,0.0011,1.6967,0.0057,0.90906,0.03612,3.3809,0.0012,corr,,,1.259,0.0308,9.342E-4,0.006943,1.0,1.0,1.0,1.0,1.0,1.0,1
28,true,3017268268368909696,427352940,83.586423,-5.512738,6,13,6.69,0.12,1.8351,5.7376,12.988,3959.0,122.0,,,1.66,,6.89,0.16,2.33,0.12,0.14782,0.14491,8.062,0.01,3.575,0.013,0.68997,0.09032,7.883,0.033,2.36,0.28,0.71844,0.06983,8.062,0.01,pca,,,1.221,0.01194,6.992E-4,0.001807,2.05,2.05,2.05,3.03,3.03,4.15,2
17,true,3017268337088387456,427352938,83.572635,-5.509773,6,13,6.69,0.12,2.0248,7.3899,14.616,3823.0,123.0,0.59,,0.872,,0.418861,3.8E-5,2.195,0.016,0.41253,0.03621,0.4189,6.5E-5,7.523,0.027,0.239,0.20799,15.659,,7.4786,,0.29541,0.23804,0.41886,3.8E-5,corr,43.483,,1.045,0.001838,7.462E-4,0.001315,1.0,2.12,2.12,2.99,4.09,5.92,1
26,true,3017268371448124544,427352933,83.581455,-5.505505,6,13,6.69,0.12,1.7497,5.2994,12.721,3997.0,123.0,,,1.972,,2.0991,0.0016,2.386,0.0031,0.30366,0.20576,7.5466,,2.078,,0.4655,0.20142,15.24,,7.4988,,0.79366,0.2863,2.0991,0.0016,corr,,,1.139,0.01383,6.492E-4,0.002234,1.0,1.0,1.0,4.23,4.23,4.23,1
14,true,3017268577606554112,427352925,83.571789,-5.484512,6,13,6.69,0.12,2.5511,7.895,14.99,,,,,,,3.8134,,1.7416,,0.04588,0.0387,2.8638,0.0064,7.768,0.053,0.1336,0.10474,2.8795,,7.0418,,0.15329,0.09222,,,,,,1.02,9.42E-4,5.196E-4,9.349E-4,1.0,1.0,1.0,2.05,2.05,2.05,1
73,true,3017269917636346240,427352923,83.630391,-5.481888,6,13,6.69,0.12,2.4172,6.7432,13.804,8333.0,134.0,2.06,,1.626,,2.8121,0.0053,1.5894,0.0027,0.2401,0.08066,3.0274,,2.6392,,0.35979,0.16873,3.1221,0.003,2.647,0.0063,0.38807,0.11537,3.1221,0.003,raw,,,1.375,0.001359,4.629E-4,9.206E-4,1.0,1.0,2.03,2.03,2.82,3.93,1
3,true,3209422253332724224,427352922,83.553715,-5.480052,32,13,6.69,0.12,1.5418,5.9338,13.415,,,,,,,8.139,0.024,5.483,0.025,0.27786,0.08809,8.305,0.031,14.67,0.29,0.35078,0.12238,8.024,0.011,12.543,0.047,0.46566,0.29247,8.024,0.011,raw,,,1.124,0.01895,0.004142,0.01575,1.0,1.0,1.0,1.84,1.84,1.84,1
46,true,3017269986356094080,427352915,83.611654,-5.475591,6,13,6.69,0.12,1.8164,6.7853,14.208,,,,,,,1.55753,6.4E-4,2.0837,0.0053,0.3336,0.06814,1.5547,,2.9632,,0.23639,0.09964,19.18,0.13,3.11,0.011,0.45378,0.07867,1.55753,6.4E-4,corr,,,1.052,9.76E-4,4.508E-4,8.61E-4,1.0,2.03,2.03,2.03,3.2,3.2,1
76,true,3017269951996083456,427352911,83.632015,-5.474133,6,13,6.69,0.12,1.872,7.1603,14.604,,,,,,,2.6603,0.0025,1.5871,0.0019,0.24246,0.1065,2.6668,0.0028,1.5824,0.0021,0.22546,0.10079,14.553,0.085,3.3203,0.0069,0.24835,0.14769,,,,,,0.995,0.001573,5.809E-4,0.001036,1.0,1.0,1.97,3.8,4.91,4.91,1
87,true,3017269947698014336,427352910,83.641444,-5.473466,6,13,6.69,0.12,1.2092,3.555,10.128,,,,,,,2.7037,0.0013,2.273,0.0029,0.50418,0.138,2.7111,0.001,1.3579,0.0013,0.65335,0.12309,2.785,0.014,2.649,0.013,0.57678,0.32988,2.7037,0.0013,corr,,,1.06,0.00604,3.305E-4,9.727E-4,1.0,1.0,1.0,1.0,1.0,1.0,1
7,true,3209422249035572736,427352909,83.560315,-5.47133,6,13,6.69,0.12,0.9804,3.5669,11.564,5513.5,41.7,,,,,3.5018,0.0032,2.748,0.011,0.40848,0.07338,3.4159,0.0032,2.7411,0.0055,0.39784,0.13947,3.5301,0.0063,2.7757,0.0038,0.26168,0.17729,3.5018,0.0032,corr,,,1.254,0.001061,3.914E-4,6.795E-4,1.0,1.0,1.0,2.2,2.2,2.2,1
85,true,3017270123794770048,427352903,83.640958,-5.455031,6,13,6.69,0.12,1.6654,8.4937,15.899,,,,,,,0.85563,3.5E-4,2.744,0.01,0.18607,0.05891,0.85337,4.5E-4,1.7008,0.0068,0.14184,0.03476,14.85,0.036,2.9852,0.0097,0.54614,0.10326,,,,,,1.059,6.61E-4,4.156E-4,7.114E-4,1.0,1.0,1.0,2.02,2.02,3.57,1
54,true,3017270398672679680,427352896,83.617561,-5.444353,32,13,6.69,0.12,1.3739,8.9365,15.54,4312.0,166.0,0.667,0.027,0.706,0.033,3.6815,0.0061,2.9224,0.0036,0.18003,0.16217,3.6868,0.0059,2.9331,0.0041,0.1817,0.14944,15.321,0.072,3.751,0.012,0.42602,0.08872,,,,,,0.983,0.0236,0.004194,0.01656,1.84,1.84,1.84,2.68,2.68,5.18,1
78,true,3017270329953200128,427352895,83.63294,-5.44355,6,13,6.69,0.12,2.0358,6.9001,14.205,,,,,,,0.85124,1.0E-4,0.6732,0.0013,0.68547,0.03636,0.85114,,4.7989,,0.66489,0.04792,0.85135,,16.002,,0.59538,0.07708,0.85124,1.0E-4,corr,,,1.138,0.001511,3.988E-4,7.144E-4,1.0,1.0,1.0,1.0,1.0,6.04,1
53,true,3017270398672679552,427352893,83.61637,-5.442948,32,13,6.69,0.12,1.7797,6.3005,13.762,,,,,,,3.6815,0.0061,2.9224,0.0036,0.18003,0.16217,3.6868,0.0059,2.9331,0.0041,0.1817,0.14944,15.321,0.072,3.751,0.012,0.42602,0.08872,,,,,,1.35,0.0236,0.004194,0.01656,2.19,2.19,3.18,3.18,4.37,5.41,1
42,true,3017270291298102528,427352892,83.609025,-5.441772,32,13,6.69,0.12,1.9653,6.106,13.385,,,,,,,2.9591,0.0049,3.978,0.013,0.1498,0.12408,2.9746,0.0048,3.93,0.012,0.14439,0.13891,16.685,0.041,6.178,0.021,0.55919,0.14161,,,,,,0.952,0.00713,0.001161,0.004372,1.0,1.0,2.01,3.2,3.2,3.2,1
62,true,3017270398672676608,427352883,83.622415,-5.431064,32,13,6.69,0.12,1.1881,8.8763,15.601,,,0.616,0.026,0.635,0.028,3.5832,0.0096,4.97,0.028,0.09671,0.07991,5.9363,,9.1225,,0.35849,0.10786,6.073,0.012,10.516,0.062,0.25924,0.23686,,,,,,1.053,0.0783,0.006952,0.06305,1.0,1.0,1.0,1.97,2.82,5.47,1
55,true,3209424035744296192,427352876,83.618861,-5.416077,6,13,6.69,0.12,1.4928,5.0989,11.403,,,,,,,5.0459,0.0074,3.7974,0.0052,0.36782,0.23287,4.9999,0.0048,3.7604,0.0052,0.61546,0.20835,5.1165,,13.338,,0.4337,0.32058,5.0459,0.0074,corr,,,1.127,0.00284,3.578E-4,6.469E-4,1.0,1.0,1.0,1.87,1.87,2.81,1
31,true,3209424280557285760,427352875,83.587481,-5.413457,6,13,6.69,0.12,1.5109,8.076,14.87,4125.0,158.0,0.646,0.022,0.675,0.024,2.5338,0.0046,3.024,0.01,0.1083,0.06418,2.5284,0.0036,2.9829,0.0059,0.15629,0.1255,13.961,,2.5706,,0.32776,0.10785,,,,,,1.008,5.11E-4,3.531E-4,5.752E-4,1.0,1.0,2.12,2.12,2.12,2.12,1
30,true,3209424383636500608,427352856,83.586686,-5.391408,6,13,6.69,0.12,1.5667,8.0539,15.363,,,,,,,2.5044,0.0017,2.1456,0.0025,0.31511,0.13818,2.5279,0.0018,5.058,0.024,0.33191,0.08579,14.172,0.052,2.5753,0.0029,0.38854,0.23043,2.5044,0.0017,corr,,,1.031,7.46E-4,3.698E-4,6.221E-4,1.0,1.0,1.0,1.0,2.17,2.17,1
44,true,3209424692874145280,427352855,83.610465,-5.389972,32,13,6.69,0.12,1.6414,7.7065,15.049,,,,,,,3.8619,0.003,5.0907,0.0078,0.39365,0.22769,3.8624,0.0028,5.0907,0.0076,0.41625,0.23681,14.729,,3.8741,,0.21541,0.21228,3.8619,0.003,corr,,,0.839,0.00521,0.001066,0.00357,1.0,1.0,1.0,1.0,5.35,7.61,1
38,true,3209424795953358976,427352837,83.603247,-5.369548,6,13,6.69,0.12,1.4726,7.1368,14.574,,,,,,,4.6397,0.0061,3.439,0.071,0.45839,0.19338,4.6207,0.0038,3.493,0.0038,0.5286,0.26492,13.882,0.035,4.9104,0.0081,0.51255,0.29332,4.6397,0.0061,corr,,,1.077,0.001976,2.609E-4,6.066E-4,1.7,2.82,2.82,3.93,3.93,3.93,1
39,true,3209424795953358720,427352835,83.603996,-5.368193,6,13,6.69,0.12,0.7159,2.4642,10.269,,,,,,,4.6396,0.0062,3.438,0.071,0.45839,0.19326,4.6207,0.0038,3.493,0.0038,0.5286,0.26492,13.882,0.035,4.9104,0.0081,0.51255,0.29332,4.6396,0.0062,corr,,,1.589,0.001976,2.609E-4,6.066E-4,1.0,1.0,1.0,1.0,1.0,1.0,1
72,true,3209424830313096576,427352831,83.629763,-5.365509,6,13,6.69,0.12,1.7598,7.1739,14.524,,,,,,,6.082,0.038,2.3073,0.0082,0.07604,0.05807,9.269,0.015,5.7545,0.008,0.53758,0.33403,9.0799,,5.1731,,0.63553,0.0767,9.269,0.015,pca,,,1.036,7.79E-4,2.812E-4,4.42E-4,2.17,2.17,2.17,3.27,3.27,4.26,1
81,true,3209424933392311040,427352825,83.636115,-5.352051,6,13,6.69,0.12,1.7024,6.9559,14.334,,,,,,,3.69,0.46,10.0,100.0,0.0375,0.03618,7.661,0.05,5.061,0.026,0.0978,0.07079,,,,,,,,,,,,0.963,3.63E-4,2.844E-4,4.019E-4,1.0,1.0,1.0,1.0,1.0,3.19,1
49,true,3209520006790145152,427352789,83.613049,-5.280211,32,13,6.69,0.12,1.5666,8.8118,15.504,4056.0,161.0,0.61,0.025,0.627,0.026,4.88,0.021,3.572,0.013,0.08606,0.07322,4.276,0.019,8.22,0.14,0.07992,0.0619,23.22,0.73,4.077,0.014,0.23673,0.08348,,,,,,1.043,0.0299,0.002338,0.03038,1.0,1.0,1.0,1.0,2.02,2.02,1
9,true,3209523202245753216,427352784,83.562251,-5.263761,6,13,6.69,0.12,1.8593,6.4129,13.712,,,,,,,0.9974,0.0038,3.273,0.039,0.02416,0.01828,11.73,0.12,6.672,0.039,0.09064,0.0904,6.4891,,14.761,,0.15841,0.12098,,,,,,1.045,0.001055,7.687E-4,0.001148,1.0,1.0,1.0,1.0,1.0,1.0,1
36,true,3209523064806795904,427352781,83.599469,-5.261186,32,13,6.69,0.12,2.5237,6.7741,13.76,,,,,,,4.2096,0.0081,1.7218,0.0066,0.16619,0.03354,4.1915,0.0077,2.3427,0.0096,0.176,0.0403,4.17,0.04,5.521,0.045,0.06311,0.05537,4.2096,0.0081,all3,,,1.136,0.00941,0.002264,0.008355,1.0,1.0,1.0,1.0,1.0,1.0,1
93,true,3209520453466741760,427352776,83.649776,-5.256676,6,13,6.69,0.12,1.7937,7.2594,14.597,,,,,,,6.592,,4.3408,,0.12138,0.09283,6.52,0.12,7.44,0.18,0.39899,0.35488,7.0,0.17,6.2,0.11,0.3826,0.36053,,,,,,0.922,6.53E-4,3.887E-4,4.772E-4,1.0,1.0,1.0,1.0,1.0,1.96,1
60,true,3209523442763914496,427352770,83.621956,-5.244354,32,13,6.69,0.12,2.0791,6.1288,12.842,3761.0,123.0,,,,,4.3477,0.0075,6.253,0.072,0.26894,0.11808,4.3243,,6.6636,,0.22021,0.17517,8.587,0.016,4.1785,0.0081,0.47028,0.21813,,,,,,4.601,0.01055,0.001342,0.005963,1.0,1.0,2.04,2.04,3.2,3.2,1
8,true,3209524061239209856,427352766,83.56201,-5.238407,6,13,6.69,0.12,2.0332,8.0147,14.92,3623.0,157.0,0.654,0.023,0.687,0.025,3.2513,,4.1309,,0.04199,0.03492,3.191,0.011,4.194,0.03,0.08288,0.0424,15.32,0.12,4.378,0.027,0.23452,0.0497,,,,,,1.004,0.001018,7.607E-4,0.001157,1.0,1.0,1.0,1.0,1.0,1.0,1
58,true,3209523477123651456,427352765,83.621142,-5.237363,6,13,6.69,0.12,2.1918,5.5935,13.377,,,,,,,1.7049,,3.4414,,0.43235,0.073,8.334,0.012,1.70024,8.4E-4,0.56684,0.31729,8.328,0.012,1.6992,0.0011,0.58403,0.26036,1.705,,corr,,,4.716,0.00846,7.542E-4,0.001407,1.0,1.0,3.07,3.07,3.07,3.07,1
64,true,3209523683282080768,427352763,83.622905,-5.23198,32,13,6.69,0.12,1.7914,7.8654,15.163,,,,,,,4.3086,0.0073,8.143,0.032,0.23734,0.17125,8.038,0.026,4.2114,0.0086,0.19291,0.17616,8.56,0.011,5.724,0.012,0.50181,0.20588,,,,,,1.133,0.01269,0.001635,0.007221,1.0,1.0,1.9,1.9,3.86,3.86,1
67,true,3209523889440506240,427352740,83.62607,-5.196718,6,13,6.69,0.12,2.1714,6.9979,14.068,5096.0,165.0,0.86,,1.307,,1.3236,0.0011,4.39,0.016,0.13332,0.1015,8.5285,,5.952,,0.61106,0.05824,8.608,0.016,1.3203,0.0068,0.64147,0.03122,8.53,,pca,42.683,,1.054,0.00873,9.827E-4,0.002111,1.0,1.0,1.0,2.13,4.13,4.13,1
80,true,3209525366909254656,427352734,83.633508,-5.190218,32,13,6.69,0.12,2.5331,9.097,15.997,,,,,,,5.273,0.018,3.989,0.01,0.14819,0.13917,5.34,0.013,8.137,0.052,0.16726,0.09188,7.793,0.018,5.332,0.018,0.38246,0.14584,,,,,,1.028,0.0245,0.002267,0.0242,1.0,1.0,2.0,2.88,4.04,4.04,1
71,true,3209526122823498624,427352731,83.627493,-5.184686,32,13,6.69,0.12,2.1603,8.8316,15.712,3540.0,158.0,0.585,0.026,0.596,0.026,5.011,0.016,3.651,0.015,0.12248,0.08759,3.672,0.011,4.964,0.019,0.11023,0.108,8.223,0.036,4.947,0.018,0.17231,0.11548,,,,,,0.978,0.01206,0.00382,0.01266,1.0,1.0,2.0,2.0,3.91,5.07,1
