recno,ID,m_ID,Parenago,Mem,Rproj,Imag,l_V-I,V-I,logT,SpT,AV,log(L),R,M,log(age),Simbad,RAJ2000,DEJ2000,single
1048,721,,1990,99,1.54,13.12,,2.08,3.58,<=K7(H)M0(Eetal)<M0(Sam),0.74,-0.06,2.14,0.34,5.62,Simbad,05 35 22.43,-05 23 43.42,1
1050,708,,,98,15.44,14.0,,,,,,,,,,Simbad,05 35 22.45,-05 08 00.42,1
1051,714,,,98,9.31,13.73,,3.1,,,,,,,,Simbad,05 35 22.51,-05 14 11.22,1
1052,5007,,,,10.03,16.82,,3.8,,,,,,,,Simbad,05 35 22.51,-05 13 27.93,1
1053,725,,,0,13.66,16.09,,3.34,,,,,,,,Simbad,05 35 22.53,-05 36 56.92,1
1054,717,,,99,8.38,16.12,,,3.535,M2.5(H),0.0,-1.39,0.57,0.23,6.98,Simbad,05 35 22.56,-05 15 08.32,1
1055,9303,,,,2.33,18.06,>,4.44,,,,,,,,Simbad,05 35 22.56,-05 21 37.32,1
1056,3023,,,,7.32,15.99,,3.03,,,,,,,,Simbad,05 35 22.61,-05 16 13.60,1
1057,3089,,,,2.47,13.87,,,,,,,,,,Simbad,05 35 22.64,-05 25 17.31,1
1058,9304,,,,2.31,18.02,,,,,,,,,,Simbad,05 35 22.65,-05 21 40.32,1
1059,723,,,99,1.58,14.72,,3.17,3.58,K7-M1(H),3.53,-0.02,2.25,0.33,5.55,Simbad,05 35 22.69,-05 23 13.02,1
1060,9305,,,,2.12,18.19,,,,,,,,,,Simbad,05 35 22.69,-05 21 56.92,1
1061,727,,,99,8.39,13.87,,2.44,3.544,M2(H),0.54,-0.38,1.76,0.28,5.81,Simbad,05 35 22.70,-05 31 36.82,1
1062,724,,,99,2.88,14.76,,,,,,,,,,Simbad,05 35 22.72,-05 25 47.32,1
1063,9307,,,,1.84,17.28,,4.75,,K:(H),,,,,,Simbad,05 35 22.80,-05 22 27.92,1
1064,728,,1995,99,9.24,13.58,,2.32,3.562,M1(H),0.88,-0.2,2.0,0.3,5.72,Simbad,05 35 22.81,-05 32 28.62,1
1065,1993,,1993,80,2.25,4.97,,0.1,4.543,B0(WSH)B0-B2(H)O9.5V(Par)O9.5(LA)O9(S)O9V(vA)O9V(J),1.12,5.03,8.93,31.21,,Simbad,05 35 22.83,-05 24 57.27,2
1066,5008,,,,9.85,17.21,,3.11,,,,,,,,Simbad,05 35 22.83,-05 13 39.52,1
1067,726,,,99,1.75,15.35,,3.89,3.623,K5-K7(H),6.28,0.37,2.9,0.48,5.41,Simbad,05 35 22.86,-05 22 41.42,1
1068,729,,,99,6.52,14.85,,2.72,3.509,M4(H),0.0,-0.79,1.3,0.17,6.06,Simbad,05 35 22.94,-05 29 41.12,1
1069,3105,,,,3.31,17.22,,,,,,,,,,Simbad,05 35 23.01,-05 26 14.75,2
1070,5009,,,,9.8,17.02,,,,,,,,,,Simbad,05 35 23.02,-05 13 43.08,1
1071,730,,,93,2.45,15.83,,,,,,,,,,Simbad,05 35 23.11,-05 21 35.42,1
1072,734,,,99,5.45,15.92,,,,,,,,,,Simbad,05 35 23.11,-05 28 33.52,1
1073,3100,,,,3.03,16.64,,,,,,,,,,Simbad,05 35 23.14,-05 25 53.97,1
1074,9309,,,,1.9,17.73,,4.94,,,,,,,,Simbad,05 35 23.14,-05 22 29.22,1
1075,735,,,99,5.08,14.73,,3.07,3.518,M3.5(H),0.92,-0.55,1.62,0.21,5.89,Simbad,05 35 23.21,-05 28 09.72,1
1076,732,,,99,2.59,15.14,,3.19,3.591,K5-M0.5e(H),3.79,-0.14,1.86,0.42,5.8,Simbad,05 35 23.22,-05 21 25.12,1
1077,733,,1989,99,4.85,13.14,,2.33,3.571,M0.5(H),1.16,0.04,2.51,0.28,5.0,Simbad,05 35 23.28,-05 18 50.52,1
1078,731,,1988,88,12.64,12.27,,1.74,3.591,K8(H)K5.5-M0(P)M0:(Eetal),0.07,0.1,2.46,0.35,5.49,Simbad,05 35 23.33,-05 10 51.52,1
1079,5027,,,,8.18,16.87,,,,,,,,,,Simbad,05 35 23.39,-05 15 23.00,1
1080,736,,,99,4.76,13.87,,2.27,3.58,M0(H),1.22,-0.25,1.74,0.39,5.86,Simbad,05 35 23.42,-05 18 56.92,1
1081,3155,,,,11.14,15.36,,2.96,,,,,,,,Simbad,05 35 23.42,-05 34 22.90,1
1082,737,,,99,2.71,15.63,,,,,,,,,,Simbad,05 35 23.49,-05 25 26.02,1
1083,738,,,99,1.79,13.84,,1.86,3.643,K5(H),1.41,-0.23,1.33,0.9,6.62,Simbad,05 35 23.54,-05 23 31.62,1
1084,741,,,99,2.38,13.2,,,,,,,,,,Simbad,05 35 23.55,-05 24 57.12,1
1085,743,,,99,3.55,14.73,,3.8,3.526,M3(H),3.21,-0.03,2.88,0.18,4.35,Simbad,05 35 23.55,-05 26 26.62,1
1086,740,,,99,1.83,13.95,,,3.562,M1(H),0.0,-0.56,1.32,0.4,6.21,Simbad,05 35 23.56,-05 23 46.02,1
1087,742,,,98,1.8,15.12,,,,,,,,,,Simbad,05 35 23.61,-05 23 19.52,1
1088,739,,,99,5.05,14.64,,2.5,3.544,M2e(H),0.69,-0.65,1.29,0.3,6.14,Simbad,05 35 23.65,-05 18 39.72,1
1089,9311,,,,2.14,17.42,,,,,,,,,,Simbad,05 35 23.66,-05 22 13.72,1
1090,5131,,,,5.03,17.27,,1.6,,,,,,,,Simbad,05 35 23.67,-05 28 03.90,1
1092,744,,,99,1.83,13.45,,1.75,3.562,M1e(H),0.0,-0.36,1.66,0.35,5.9,Simbad,05 35 23.69,-05 23 33.82,1
1093,747,,2001,98,7.63,11.12,,1.22,3.708,K0(WSH)K1(Sam)K3(S)G8(S),0.75,0.7,2.85,1.75,6.03,Simbad,05 35 23.73,-05 30 46.92,1
1094,9312,,,,2.77,17.81,,,,,,,,,,Simbad,05 35 23.83,-05 21 18.72,1
1095,746,,,99,4.64,15.11,,3.4,3.518,M3.5(H),1.77,-0.5,1.73,0.2,5.74,Simbad,05 35 23.85,-05 19 07.42,1
1097,3041,,,,5.09,16.39,,,,,,,,,,Simbad,05 35 23.87,-05 18 38.51,1
1098,3087,,,99,2.58,15.09,,1.16,3.562,M1(H),0.0,-1.01,0.78,0.41,6.96,Simbad,05 35 23.89,-05 25 09.38,1
1099,748,b,,,2.64,16.01,,4.61,,,,,,,,Simbad,05 35 24.01,-05 21 32.82,1
1100,748,a,,99,2.64,14.77,,3.14,3.526,M3(H),1.52,-0.45,1.76,0.23,5.76,Simbad,05 35 24.03,-05 21 32.92,1
1101,9316,,,,2.4,16.1,,4.63,3.5,M4.5(H),3.86,-0.29,2.38,0.15,4.48,Simbad,05 35 24.05,-05 21 55.32,2
1102,750,,2012,99,2.73,12.87,,1.98,3.643,K4-K5e(H)K0-K2(Sam),1.72,0.24,2.27,0.67,5.75,Simbad,05 35 24.14,-05 25 18.32,1
1103,753,,,99,6.85,13.4,,2.41,3.544,M2(H),0.46,-0.21,2.14,0.25,5.25,Simbad,05 35 24.14,-05 29 56.82,1
1104,755,,,99,5.7,15.11,,3.79,3.46,M6.5(H),0.0,-0.53,2.18,0.11,4.36,Simbad,05 35 24.21,-05 28 43.72,1
1105,3101,,,,3.27,15.33,,,,,,,,,,Simbad,05 35 24.24,-05 25 59.95,1
1106,9317,,,,2.14,18.22,>,4.28,,,,,,,,Simbad,05 35 24.30,-05 22 33.42,1
1107,756,,2011,99,2.36,12.85,,2.15,3.58,M0e(H),0.92,0.09,2.55,0.3,5.03,Simbad,05 35 24.32,-05 24 39.42,1
1108,758,,,99,3.72,14.1,,3.45,3.509,M4-M4.5e(H)M5.3(P)M4(Eetal),1.39,-0.15,2.7,0.15,4.2,Simbad,05 35 24.35,-05 26 31.02,1
1109,749,,,99,11.58,14.0,,,,,,,,,,Simbad,05 35 24.37,-05 11 58.02,1
1110,751,,,99,6.68,13.51,,2.47,3.562,M1e(H),1.26,-0.07,2.31,0.27,5.22,Simbad,05 35 24.37,-05 16 59.72,1
1111,757,,,,2.09,15.24,,,,,,,,,,Simbad,05 35 24.37,-05 24 00.72,2
1112,759,,,99,2.59,14.82,,,,,,,,,,Simbad,05 35 24.40,-05 25 01.22,1
1113,760,b,,,4.67,,,,,,,,,,,Simbad,05 35 24.40,-05 19 09.13,2
1114,752,,,99,12.06,14.9,,4.0,3.623,K6e(H),6.56,0.62,3.86,0.46,4.66,Simbad,05 35 24.49,-05 11 29.42,1
1115,754,,,96,11.58,13.6,,,,,,,,,,Simbad,05 35 24.53,-05 11 58.22,1
1116,760,a,,99,4.68,14.35,,3.51,3.518,M3.5e(H),2.05,-0.13,2.66,0.16,4.3,Simbad,05 35 24.53,-05 19 09.42,2
1117,761,,,98,2.14,16.6,,5.73,,,,,,,,Simbad,05 35 24.56,-05 22 42.32,2
1118,762,,2010,99,2.38,14.13,,2.63,3.58,M0e(H),2.15,-0.12,2.0,0.36,5.72,Simbad,05 35 24.59,-05 24 35.42,1
1119,763,,,99,5.44,16.45,,2.54,3.494,M5(H),0.0,-1.34,0.73,0.11,6.39,Simbad,05 35 24.59,-05 28 25.12,1
1121,9320,,,,2.52,17.42,,,3.623,K6(H),0.0,-1.99,0.19,,,Simbad,05 35 24.75,-05 21 57.42,2
1122,764,,,98,2.75,15.26,,,,,,,,,,Simbad,05 35 24.78,-05 25 09.82,1
1123,772,,,73,11.56,16.74,,3.11,,K:(H),,,,,,Simbad,05 35 24.85,-05 34 44.52,1
1124,768,,2009,99,2.2,13.5,,2.18,,cont+emis(H),,,,,,Simbad,05 35 24.97,-05 23 53.52,1
1125,769,,2008,96,2.18,12.33,,1.9,3.661,K2-K4(Sam),1.8,0.47,2.72,0.82,5.64,Simbad,05 35 24.98,-05 23 46.32,1
1126,766,b,,,2.18,13.87,,2.98,,,,,,,,Simbad,05 35 25.00,-05 22 59.12,1
1127,766,a,,99,2.18,13.64,,2.73,,<M0(Sam),,,,,,Simbad,05 35 25.01,-05 22 59.12,1
1128,770,,,99,2.36,16.25,,1.19,3.544,M1.5-M2.5(H),0.0,-1.46,0.51,0.27,7.24,Simbad,05 35 25.02,-05 22 24.62,2
1129,773,,,99,2.68,14.5,,,,,,,,,,Simbad,05 35 25.10,-05 24 56.82,2
1130,767,,,99,8.08,13.89,,2.43,3.535,M2.5e(H),0.13,-0.47,1.66,0.26,5.88,Simbad,05 35 25.12,-05 15 35.62,1
1131,765,,2005,97,14.09,13.25,,2.67,3.522,M3-3.5(H),0.11,-0.18,2.46,0.19,4.69,Simbad,05 35 25.13,-05 09 27.42,1
1132,3128,,,,6.83,14.87,,3.11,,,,,,,,Simbad,05 35 25.13,-05 29 51.25,1
1133,778,,,99,10.21,15.11,,3.92,3.509,M4(H),2.59,-0.26,2.38,0.16,4.57,Simbad,05 35 25.15,-05 33 20.82,1
1134,775,,,99,2.35,15.07,,,3.562,M1:(H),0.0,-1.01,0.79,0.41,6.95,Simbad,05 35 25.25,-05 24 11.02,1
1135,3095,,,,3.06,15.17,,,,,,,,,,Simbad,05 35 25.26,-05 25 29.20,1
1136,771,,2007,96,12.77,12.5,,1.37,3.679,K3(H),0.72,0.13,1.7,1.15,6.41,Simbad,05 35 25.30,-05 10 47.92,1
1137,3079,,,,2.24,15.27,,,,,,,,,,Simbad,05 35 25.33,-05 23 32.95,1
1138,776,a,,99,2.7,14.2,,2.51,,,,,,,,Simbad,05 35 25.35,-05 21 51.22,1
1139,777,,,80,2.87,15.15,,3.31,3.623,K6(H),4.79,0.09,2.09,0.55,5.76,Simbad,05 35 25.37,-05 21 34.72,1
1140,781,,,99,10.89,14.48,,3.06,3.494,M5(H),0.0,-0.55,1.82,0.14,4.99,Simbad,05 35 25.37,-05 34 02.22,1
1141,776,b,,,2.71,15.85,,3.92,,,,,,,,Simbad,05 35 25.39,-05 21 51.12,1
1143,783,,,95,10.93,14.17,,3.04,,,,,,,,Simbad,05 35 25.44,-05 34 04.32,1
1144,784,,,,7.31,12.85,,1.98,,,,,,,,Simbad,05 35 25.51,-05 30 19.32,1
1145,774,,,75,15.6,13.7,,,3.518,M3.5(H),0.0,-0.37,2.02,0.2,5.18,Simbad,05 35 25.55,-05 07 56.92,1
1146,5059,,,,5.78,17.48,,,,,,,,,,Simbad,05 35 25.55,-05 18 03.90,1
1147,787,,2022,99,7.33,12.7,,,3.571,M0.5(H),0.0,-0.07,2.22,0.3,5.52,Simbad,05 35 25.56,-05 30 20.42,1
1148,788,,,99,7.61,14.49,,3.48,3.509,M4(H),1.46,-0.28,2.31,0.17,4.66,Simbad,05 35 25.58,-05 30 37.72,1
1149,782,,,99,2.31,14.18,,2.14,3.591,K8e(H),1.1,-0.41,1.36,0.54,6.3,Simbad,05 35 25.60,-05 23 09.12,2
1150,789,,,99,6.62,16.05,,4.16,3.518,"M3,M4,M5III(H)",3.72,-0.4,1.94,0.2,5.27,Simbad,05 35 25.61,-05 29 35.02,1
1151,779,,2006,95,13.75,12.49,,1.34,3.661,K0IV-V(Par)K0-K4(P)K0(GS),0.37,0.05,1.69,0.95,6.3,Simbad,05 35 25.63,-05 09 49.22,1
1152,786,,,89,4.04,13.9,,2.39,3.571,M0(H)M1.0(P)M0(Eetal),1.31,-0.23,1.85,0.35,5.79,Simbad,05 35 25.63,-05 26 41.32,1
1153,780,,,97,15.61,12.9,,,3.555,M1.5(H),0.0,-0.14,2.22,0.26,5.27,Simbad,05 35 25.75,-05 07 56.22,1
1154,792,,,99,3.38,13.64,,2.64,3.58,K8(H)M0.1(P),2.17,0.08,2.53,0.3,5.09,Simbad,05 35 25.90,-05 25 47.42,1
1155,785,,,98,14.94,14.5,,,,,,,,,,Simbad,05 35 25.95,-05 08 37.72,1
1156,791,,,99,3.13,14.42,,,,,,,,,,Simbad,05 35 25.95,-05 21 20.82,1
1157,793,,,99,4.07,14.63,,3.02,,,,,,,,Simbad,05 35 26.06,-05 20 05.92,1
1158,3069,,,,2.45,16.66,,,,,,,,,,Simbad,05 35 26.07,-05 22 56.66,2
1159,796,,,99,7.33,14.65,,2.87,3.535,M2.5e(H),1.26,-0.5,1.6,0.26,5.91,Simbad,05 35 26.08,-05 30 17.72,1
1160,795,,2033,99,4.87,10.59,,1.19,3.744,G6(H)K1:(WSH)K0-K3(P)K0(Eetal)G3IV-V(Petal)G5IV(Ham),1.15,1.02,3.53,2.51,6.29,Simbad,05 35 26.10,-05 27 36.22,1
1161,3090,,,,3.11,15.07,,2.34,3.509,M4(H),0.0,-0.87,1.17,0.16,6.13,Simbad,05 35 26.10,-05 25 20.04,1
1250,5071,,,,5.32,17.16,,,,,,,,,,Simbad,05 35 31.11,-05 19 31.74,1
1162,790,,2020,79,14.92,10.88,,1.06,3.719,G8(H)K2:(WSH)K0-K5.5(P)K2(Eetal)K1eIII-IV(W),0.49,0.73,2.83,2.04,6.18,Simbad,05 35 26.19,-05 08 39.72,1
1163,798,,,99,4.99,13.96,,2.34,3.518,M3.5(H),0.0,-0.47,1.79,0.2,5.56,Simbad,05 35 26.20,-05 27 43.52,1
1164,794,,2021,0,8.55,10.86,,0.81,3.722,G9IV-V(Petal),0.0,0.62,2.46,1.93,6.34,Simbad,05 35 26.23,-05 15 11.01,1
1165,799,,2032,99,3.36,10.61,,1.36,3.753,"G5(Par)G0III(HB)G-K:(GS)K1,M3(Sam)",1.7,1.16,3.95,2.68,6.3,Simbad,05 35 26.24,-05 25 39.72,1
1166,800,,,99,2.5,16.25,,1.82,3.652,K4-K5(H),1.45,-1.19,0.42,,,Simbad,05 35 26.31,-05 23 01.92,1
1167,2031,,2031,99,2.97,6.41,,0.0,4.383,B1(WSH)B2-B5(H)B1V(Par)B0.5V(LA)B1V(vA)B1V(J)B1(S)B2(T),0.73,3.96,5.44,11.96,,Simbad,05 35 26.32,-05 25 00.31,2
1168,3021,,,,7.59,16.59,,,,,,,,,,Simbad,05 35 26.32,-05 16 12.00,1
1169,3096,,,99,3.28,15.93,,1.61,,,,,,,,Simbad,05 35 26.33,-05 25 31.11,1
1170,802,,,99,7.33,14.93,,3.64,,,,,,,,Simbad,05 35 26.35,-05 30 16.12,1
1171,797,,,98,5.98,16.3,,,,,,,,,,Simbad,05 35 26.38,-05 17 56.32,1
1172,801,,,99,6.04,15.84,,,,,,,,,,Simbad,05 35 26.46,-05 17 53.02,1
1173,3027,,,,7.11,15.03,,,,,,,,,,Simbad,05 35 26.65,-05 16 44.66,1
1174,803,,2029,70,12.53,10.34,,1.92,3.757,G3:IV-V(Petal),3.18,1.63,6.69,3.71,,Simbad,05 35 26.75,-05 11 07.12,1
1175,806,,,0,2.97,15.19,,,3.46,M6.5(H),0.0,-0.56,2.1,0.11,4.39,Simbad,05 35 26.83,-05 24 47.82,1
1176,807,,,99,2.68,15.32,,,3.471,M6(H),0.0,-0.71,1.68,0.11,4.71,Simbad,05 35 26.85,-05 24 00.32,1
1177,804,,2030,0,10.47,11.05,,0.76,3.757,G3IV-V(Petal),0.2,0.62,2.09,1.65,6.81,Simbad,05 35 26.88,-05 13 14.00,1
1178,805,,,99,8.07,15.22,,,,,,,,,,Simbad,05 35 26.94,-05 15 44.62,1
1179,809,,,99,8.62,16.38,,2.22,,cont(H),,,,,,Simbad,05 35 27.02,-05 31 34.92,1
1180,812,,,99,7.52,14.04,,3.41,,,,,,,,Simbad,05 35 27.11,-05 30 24.42,1
1181,810,,,99,2.7,13.61,,2.67,3.661,K4(Sam),3.78,0.44,2.63,0.82,5.68,Simbad,05 35 27.19,-05 23 36.32,1
1182,813,,2047,99,4.12,12.37,,1.75,3.58,K8(H)M0.1(P)M0(Eetal)K5IV(Ham),0.0,0.05,2.46,0.31,5.22,Simbad,05 35 27.33,-05 26 27.82,1
1183,811,a,,99,6.79,13.38,,2.56,3.58,M0(H),1.97,0.13,2.69,0.29,4.89,Simbad,05 35 27.35,-05 17 09.62,1
1184,808,,,99,13.92,14.29,,3.7,,,,,,,,Simbad,05 35 27.36,-05 09 43.92,1
1185,811,b,,,6.76,,,,,,,,,,,Simbad,05 35 27.37,-05 17 11.44,1
1186,814,,,,5.88,17.1,,,,,,,,,,Simbad,05 35 27.39,-05 28 34.67,1
1187,815,,,99,4.89,13.77,,2.69,3.526,M3(H)M3.2(P),0.37,-0.34,2.01,0.22,5.25,Simbad,05 35 27.39,-05 27 25.52,1
1188,818,,2048,98,12.26,12.13,,1.82,3.591,K8V(D),0.27,0.2,2.78,0.32,4.93,Simbad,05 35 27.43,-05 35 19.42,1
1189,5013,,,,9.84,16.96,,,,,,,,,,Simbad,05 35 27.43,-05 13 55.94,1
1190,817,,,99,5.83,13.75,,3.04,3.5,M4.5(P),0.0,-0.3,2.37,0.15,4.49,Simbad,05 35 27.45,-05 28 30.62,1
1191,3119,,,,6.15,16.83,,,,,,,,,,Simbad,05 35 27.61,-05 28 51.12,1
1192,816,,,99,6.0,15.23,,3.46,3.562,M1(H),3.8,-0.14,2.13,0.29,5.55,Simbad,05 35 27.62,-05 18 04.52,1
1193,3077,,,,2.82,16.0,,,,,,,,,,Simbad,05 35 27.68,-05 23 32.44,2
1194,823,,,99,5.45,13.88,,3.28,3.494,M5(H),0.0,-0.31,2.4,0.15,4.39,Simbad,05 35 27.78,-05 28 01.72,1
1195,819,,,99,7.03,13.16,,2.85,3.518,M3.5(H),0.36,-0.06,2.86,0.14,4.04,Simbad,05 35 27.82,-05 16 57.02,1
1196,824,,,99,6.77,15.87,,1.99,,Ke(H),,,,,,Simbad,05 35 27.87,-05 29 30.72,2
1197,821,,,99,6.69,14.16,,3.16,3.509,M4(H),0.64,-0.35,2.13,0.17,4.89,Simbad,05 35 27.93,-05 17 20.02,1
1198,825,,,99,2.91,15.75,,,3.526,M3e(H),0.0,-1.22,0.73,0.2,6.62,Simbad,05 35 28.02,-05 23 06.22,1
1199,820,,2045,98,13.47,13.03,,2.7,3.544,M2e(H),1.21,0.12,3.13,0.2,4.27,Simbad,05 35 28.04,-05 10 13.52,1
1200,822,,,99,12.11,15.74,,3.72,3.544,M2(H),3.82,-0.33,1.87,0.27,5.73,Simbad,05 35 28.06,-05 11 37.32,1
1201,5035,,,,8.08,17.17,,,,,,,,,,Simbad,05 35 28.07,-05 15 50.58,1
1202,826,,2046,91,3.33,13.98,,1.38,3.602,K6-K8e(H),0.0,-0.6,1.05,0.73,6.87,Simbad,05 35 28.10,-05 24 57.82,1
1203,832,,,99,14.26,15.6,,3.56,,,,,,,,Simbad,05 35 28.21,-05 37 19.82,1
1204,827,,,98,6.22,16.34,,2.2,3.562,M1(H),0.57,-1.38,0.51,0.41,7.5,Simbad,05 35 28.24,-05 17 54.22,1
1205,828,,,99,5.81,13.9,,2.87,3.509,M4(H),0.0,-0.41,2.01,0.18,5.05,Simbad,05 35 28.24,-05 18 22.82,1
1206,830,,,99,3.4,13.0,,2.36,3.555,M1.5(H)M4(Eetal),0.75,0.01,2.61,0.25,4.8,Simbad,05 35 28.26,-05 25 03.12,1
1207,829,,,99,5.26,15.52,,3.72,3.526,M3(H),3.01,-0.39,1.89,0.22,5.45,Simbad,05 35 28.30,-05 19 01.92,1
1208,831,,2058,99,4.19,9.47,,0.0,3.993,A0(WSH)A0(Par)B9.5V(LA)A0V(vA)A0V(J)A0V(M)A0n(T),0.0,1.54,2.04,2.4,6.72,Simbad,05 35 28.32,-05 26 19.82,1
1209,833,,,93,8.61,16.43,,2.9,,G:(H),,,,,,Simbad,05 35 28.49,-05 31 26.12,1
1210,834,,,99,7.72,12.99,,2.24,,,,,,,,Simbad,05 35 28.82,-05 16 18.22,1
1211,835,,,99,12.14,14.06,,2.52,3.526,M3(H),0.0,-0.54,1.59,0.23,5.92,Simbad,05 35 28.82,-05 35 06.62,1
1212,836,,,99,6.59,13.43,,2.2,3.58,M0(H),1.04,-0.11,2.03,0.35,5.71,Simbad,05 35 28.99,-05 29 10.02,1
1213,838,,,99,4.0,13.54,,2.94,3.509,M4(H),0.08,-0.24,2.42,0.16,4.52,Simbad,05 35 29.23,-05 25 46.02,1
1214,837,,,99,7.55,13.3,,2.21,3.58,M0(H)M1(Eetal),1.07,-0.06,2.17,0.34,5.61,Simbad,05 35 29.34,-05 16 33.22,1
1215,3042,,,,5.64,16.06,,3.62,,,,,,,,Simbad,05 35 29.37,-05 18 45.31,1
1216,3097,,,,3.94,16.05,,,,,,,,,,Simbad,05 35 29.40,-05 25 36.86,1
1217,839,,,99,3.62,13.5,,3.7,3.562,M1(H),4.42,0.7,5.62,0.15,2.97,Simbad,05 35 29.47,-05 24 56.62,1
1218,843,,,98,8.49,13.77,,2.45,3.544,M2(H),0.57,-0.33,1.86,0.27,5.74,Simbad,05 35 29.57,-05 31 11.92,1
1219,3129,,,,7.76,16.93,,2.64,,,,,,,,Simbad,05 35 29.59,-05 30 24.32,1
1220,3019,,,,8.0,13.89,,3.4,,,,,,,,Simbad,05 35 29.73,-05 16 05.98,1
1221,844,,,99,3.38,14.07,,2.8,3.555,M1.5(H),1.88,-0.15,2.19,0.27,5.3,Simbad,05 35 29.74,-05 23 55.22,1
1222,847,,2069,97,10.08,10.84,,1.25,3.679,K3(WSH)G8(S),0.41,0.72,3.35,1.09,5.56,Simbad,05 35 29.74,-05 32 53.12,1
1223,845,,,99,3.36,14.12,,2.32,3.544,M2e(H),0.23,-0.55,1.44,0.3,6.02,Simbad,05 35 29.75,-05 23 48.12,1
1224,840,,,99,11.69,14.31,,2.98,3.494,M5(H),0.0,-0.48,1.97,0.14,4.82,Simbad,05 35 29.78,-05 12 10.22,1
1225,841,,,99,11.43,14.41,,3.25,3.509,M4e(H),0.87,-0.4,2.03,0.18,5.02,Simbad,05 35 29.87,-05 12 27.32,1
1226,842,,,99,14.62,15.71,,4.08,3.483,M5.6(P),1.29,-0.65,1.7,0.12,4.84,Simbad,05 35 29.99,-05 09 09.22,1
1227,846,,,99,9.69,16.08,,4.13,3.5,M4.5(H),2.58,-0.6,1.67,0.15,5.26,Simbad,05 35 30.03,-05 14 18.42,1
1228,848,,,99,4.24,13.8,,2.73,3.518,M3.5(H),0.05,-0.4,1.95,0.2,5.26,Simbad,05 35 30.17,-05 25 51.32,1
1229,5012,,,,10.11,16.79,,,,,,,,,,Simbad,05 35 30.19,-05 13 52.21,1
1230,849,,,99,5.47,14.45,,2.55,3.526,M3(H),0.01,-0.7,1.33,0.23,6.09,Simbad,05 35 30.23,-05 27 36.72,1
1231,850,,2077,99,4.15,13.41,,2.14,3.591,K8e(H),1.1,-0.11,1.94,0.4,5.76,Simbad,05 35 30.31,-05 25 38.32,1
1232,853,,,99,5.94,16.04,,3.13,3.518,M3.5(H),1.08,-1.04,0.93,0.18,6.33,Simbad,05 35 30.34,-05 28 11.02,1
1233,856,,,99,11.79,14.08,,3.15,,,,,,,,Simbad,05 35 30.34,-05 34 38.42,1
1234,852,,2076,99,3.63,12.48,,1.89,,,,,,,,Simbad,05 35 30.37,-05 24 22.82,1
1235,855,,,99,6.21,14.05,,2.34,3.544,M2.5(H)M1.8(P),0.28,-0.51,1.51,0.3,5.97,Simbad,05 35 30.39,-05 28 30.22,1
1236,5051,,,,7.06,17.03,,,,,,,,,,Simbad,05 35 30.44,-05 17 14.95,1
1237,858,,,0,9.24,15.6,,2.43,,,,,,,,Simbad,05 35 30.46,-05 31 55.52,1
1238,851,,,99,8.84,15.69,,,,,,,,,,Simbad,05 35 30.52,-05 15 16.12,1
1239,860,,,99,5.26,13.93,,2.91,3.518,M3.5(H)M3.7(P)M4:(Eetal),0.51,-0.33,2.09,0.2,5.1,Simbad,05 35 30.56,-05 27 16.42,1
1240,857,,,99,3.97,15.48,,,3.526,M3(H),0.0,-1.11,0.83,0.21,6.49,Simbad,05 35 30.57,-05 25 10.82,1
1241,854,,,99,6.34,14.77,,2.86,,,,,,,,Simbad,05 35 30.59,-05 18 06.92,1
1242,859,,,99,3.73,14.98,,,3.494,M5(H),0.0,-0.75,1.44,0.14,5.37,Simbad,05 35 30.61,-05 24 30.92,1
1243,863,,,99,8.06,14.04,,2.62,3.518,M3.5(H),0.0,-0.5,1.72,0.21,5.75,Simbad,05 35 30.70,-05 30 35.82,1
1244,861,,,99,6.22,13.39,,3.0,,,,,,,,Simbad,05 35 30.79,-05 18 17.82,1
1245,3092,,,,4.13,14.27,,1.97,,,,,,,,Simbad,05 35 30.83,-05 25 23.19,1
1246,865,,,99,4.31,14.34,,3.6,3.494,M5(H),0.83,-0.29,2.45,0.15,4.35,Simbad,05 35 30.85,-05 25 43.72,1
1247,862,,,99,5.88,15.46,,3.8,3.471,M6e(H),0.0,-0.77,1.57,0.11,4.77,Simbad,05 35 30.91,-05 18 45.02,1
1248,3061,,,,3.87,16.83,,,,,,,,,,Simbad,05 35 30.91,-05 22 00.91,1
1249,864,,,99,11.51,14.45,,2.46,3.526,M3(H),0.0,-0.7,1.33,0.23,6.09,Simbad,05 35 31.09,-05 12 27.82,1
1251,868,,,99,3.69,13.19,,1.96,3.661,K3-K5(H),1.96,0.16,1.91,0.91,6.11,Simbad,05 35 31.13,-05 23 39.72,1
1252,867,,2075,99,5.78,12.19,,1.93,3.591,K8Ve(D)M1:(B),0.56,0.25,2.93,0.3,4.75,Simbad,05 35 31.15,-05 18 55.72,1
1253,866,,2073,98,8.65,11.82,,2.13,3.708,K1IV(Ham),3.09,0.99,3.98,1.95,5.7,Simbad,05 35 31.18,-05 15 32.92,1
1254,5126,,,,5.7,17.63,,,,,,,,,,Simbad,05 35 31.20,-05 27 43.00,1
1255,869,,,99,4.83,16.06,,4.31,3.555,M1.5(H),5.75,0.0,2.6,0.25,4.81,Simbad,05 35 31.27,-05 20 17.02,1
1256,873,,2086,76,10.45,9.29,,0.57,3.806,"F5(WSH)A8(Par)F6(S)F2III-IV(vA)F4-8III,V(J)A8(T)",0.25,1.4,4.09,2.66,6.44,Simbad,05 35 31.28,-05 33 08.62,1
1257,2074,,2074,99,8.23,6.31,,0.53,4.383,B2(WSH)B0-B2(H)B1V(Par)B0.5V(LA)B1V(vA)B1V(J)B1(S)B1.5(T),2.09,4.33,8.34,16.31,,Simbad,05 35 31.28,-05 16 02.28,2
1258,872,,,99,6.15,15.18,,3.24,3.494,M5(H),0.0,-0.83,1.32,0.13,5.56,Simbad,05 35 31.30,-05 28 16.12,1
1259,2085,,2085,99,4.19,8.03,,0.21,4.14,B5(WSH)B5(Par)B5V(LA)B4V(vA)B3-4V(J)B5V(S)B6n(T),0.92,2.79,4.34,4.86,,Simbad,05 35 31.35,-05 25 15.92,2
1260,870,,,,7.74,15.18,,2.47,,,,,,,,Simbad,05 35 31.44,-05 16 36.52,1
1261,3010,,,,8.83,15.17,,2.01,,,,,,,,Simbad,05 35 31.46,-05 15 23.23,1
1262,871,,,99,7.44,15.42,,,,,,,,,,Simbad,05 35 31.51,-05 16 58.02,1
1263,3011,,,,8.84,,,,,,,,,,,Simbad,05 35 31.55,-05 15 23.22,1
1264,878,,,99,7.69,14.44,,3.74,3.471,M6(H),0.0,-0.36,2.51,0.14,4.32,Simbad,05 35 31.58,-05 30 03.82,1
1265,875,,,99,7.72,15.88,,,,,,,,,,Simbad,05 35 31.64,-05 16 39.82,1
1266,874,,,81,9.32,14.49,,,,,,,,,,Simbad,05 35 31.66,-05 14 52.22,1
1267,880,,,99,7.27,14.17,,2.74,3.509,M4(H),0.0,-0.51,1.77,0.18,5.31,Simbad,05 35 31.69,-05 29 33.72,1
1268,876,,2084,13,14.44,10.9,,1.64,3.661,K3(WSH)K6(CK)K4-M0eIV(W),1.13,0.88,4.36,0.84,5.19,Simbad,05 35 31.84,-05 09 27.62,1
1269,5156,,,,9.25,17.02,,,,,,,,,,Simbad,05 35 31.84,-05 31 47.30,1
1270,877,,,98,8.33,13.52,,,,,,,,,,Simbad,05 35 31.85,-05 15 59.52,1
1271,879,,,0,8.04,14.4,,2.29,,<=M1(H),,,,,,Simbad,05 35 31.90,-05 16 19.74,1
1272,881,,,99,12.07,14.86,,3.35,,,,,,,,Simbad,05 35 32.06,-05 11 57.72,1
1274,886,,,99,6.73,14.01,,3.38,,,,,,,,Simbad,05 35 32.06,-05 28 51.12,1
1275,5043,,,,7.98,16.82,,,,,,,,,,Simbad,05 35 32.21,-05 16 26.53,1
1276,883,,,99,6.57,13.26,,2.62,,,,,,,,Simbad,05 35 32.22,-05 18 07.72,1
1277,887,,2100,97,8.75,10.3,,1.42,3.771,<K0(WSH)F9IV-V(M)G9:e:IV-V(Petal)M1(B),2.06,1.39,4.75,2.97,6.32,Simbad,05 35 32.28,-05 31 10.82,1
1278,884,,,99,9.81,14.91,,3.44,,,,,,,,Simbad,05 35 32.30,-05 14 24.52,1
1279,885,,,,9.17,16.33,,1.54,,,,,,,,Simbad,05 35 32.32,-05 15 06.52,1
1280,889,,2098,0,6.92,13.34,,1.09,,,,,,,,Simbad,05 35 32.40,-05 29 01.72,1
1281,890,,2097,99,4.88,13.02,,2.11,3.555,M1.5(H),0.11,-0.16,2.16,0.27,5.36,Simbad,05 35 32.41,-05 26 10.12,1
1282,3014,,,,8.54,16.09,,,,,,,,,,Simbad,05 35 32.55,-05 15 51.00,1
1284,891,,,99,7.04,15.84,,3.11,3.555,M0-M3(H),2.67,-0.66,1.21,0.37,6.29,Simbad,05 35 32.69,-05 17 38.22,1
1285,5060,,,,6.49,17.57,,,,,,,,,,Simbad,05 35 32.74,-05 18 19.53,1
1286,895,,2099,99,8.08,13.79,,2.05,,,,,,,,Simbad,05 35 32.77,-05 30 21.02,1
1287,892,,,99,8.36,13.99,,2.22,3.623,late-K:(H),2.0,-0.13,1.63,0.65,6.14,Simbad,05 35 32.80,-05 16 05.02,1
1288,894,,,99,7.14,14.65,,3.3,,,,,,,,Simbad,05 35 33.00,-05 17 33.82,1
1289,893,,,99,10.1,14.07,,2.94,,,,,,,,Simbad,05 35 33.05,-05 14 10.42,1
1290,3018,,,,8.4,14.34,,,,,,,,,,Simbad,05 35 33.11,-05 16 05.09,1
1291,5076,,,,5.4,17.13,,3.62,3.591,K7-M0(H),4.89,-0.67,1.02,0.66,6.87,Simbad,05 35 33.15,-05 19 57.46,1
1292,896,,,99,9.06,15.72,,,,,,,,,,Simbad,05 35 33.47,-05 15 23.12,1
1293,898,,,99,6.94,14.08,,3.3,3.494,M5(H),0.06,-0.38,2.22,0.15,4.56,Simbad,05 35 33.52,-05 28 50.32,1
1294,899,,,44,10.02,14.55,,2.18,,,,,,,,Simbad,05 35 33.71,-05 32 25.12,1
1295,897,,,95,7.56,17.35,,,,,,,,,,Simbad,05 35 33.72,-05 17 10.82,1
1296,900,,,99,15.6,14.62,,2.78,3.518,M3.5(H),0.18,-0.69,1.39,0.2,6.05,Simbad,05 35 33.79,-05 38 21.22,1
1297,901,,,99,5.91,13.49,,2.75,,,,,,,,Simbad,05 35 34.11,-05 27 18.02,1
1298,904,,,99,10.93,16.77,,3.76,3.562,M1(H),4.57,-0.57,1.3,0.4,6.24,Simbad,05 35 34.20,-05 33 21.32,1
1299,902,,,84,5.74,15.32,,,,,,,,,,Simbad,05 35 34.26,-05 26 59.32,1
1301,3002,,,,11.19,15.87,,3.32,,,,,,,,Simbad,05 35 34.41,-05 13 07.60,1
1302,903,,,99,8.76,15.59,,,,,,,,,,Simbad,05 35 34.50,-05 15 52.62,1
1303,905,,,99,5.96,16.33,,,,,,,,,,Simbad,05 35 34.54,-05 27 14.82,1
1304,906,,,99,12.14,14.17,,2.45,3.526,M3(H),0.0,-0.58,1.51,0.23,5.98,Simbad,05 35 34.61,-05 34 38.02,1
1305,907,,2112,99,7.45,12.77,,1.6,3.679,K1-K4(H),1.31,0.17,1.78,1.14,6.34,Simbad,05 35 34.81,-05 29 14.02,1
1306,910,,,99,6.49,15.89,,3.52,3.535,M2.5(H),2.92,-0.59,1.45,0.27,6.02,Simbad,05 35 35.01,-05 27 54.42,1
1307,909,,,,5.06,14.45,,2.74,,,,,,,,Simbad,05 35 35.03,-05 21 23.32,1
1308,913,,,98,11.43,16.96,,1.59,3.679,K1-K5e(H),1.28,-1.52,0.26,,,Simbad,05 35 35.05,-05 33 49.02,1
1309,3159,,,,12.56,16.81,,2.87,,K:(H),,,,,,Simbad,05 35 35.08,-05 35 02.18,1
1310,912,,,99,5.86,13.91,,2.54,3.526,M3(H),0.0,-0.48,1.7,0.23,5.83,Simbad,05 35 35.11,-05 26 54.72,1
1311,911,,2111,99,5.07,12.69,,1.62,3.661,K4(CK),1.08,0.15,1.88,0.91,6.13,Simbad,05 35 35.17,-05 21 26.92,1
1312,908,,,99,13.07,14.37,,3.05,3.5,M4.5(H),0.0,-0.55,1.78,0.15,5.14,Simbad,05 35 35.23,-05 11 11.22,1
1313,914,,,99,9.02,13.18,,2.09,3.555,M1-M2(H)M3(Eetal),0.06,-0.23,1.98,0.28,5.7,Simbad,05 35 35.49,-05 15 43.12,1
1314,916,,,99,7.85,14.5,,3.0,,,,,,,,Simbad,05 35 35.52,-05 29 36.22,1
1315,918,,,97,16.48,15.1,,2.41,,,,,,,,Simbad,05 35 35.55,-05 39 09.02,2
1316,5085,,,,5.57,17.15,,,,,,,,,,Simbad,05 35 35.60,-05 20 32.89,1
1317,915,,2118,85,12.04,9.8,,0.08,3.993,A1(WSH)B9(Par)A0Vn(?)A0:V+shell(LA)A0V(J)A0(S),0.15,1.45,1.82,2.32,6.9,Simbad,05 35 35.67,-05 12 20.32,1
1318,5086,,,,5.61,17.6,,2.5,,early-K(H),,,,,,Simbad,05 35 35.83,-05 20 33.67,1
1319,917,,2119,99,11.99,13.0,,,3.695,G6-K2e(H),0.0,-0.24,1.03,1.0,7.21,Simbad,05 35 35.89,-05 12 25.02,1
1320,919,,,97,16.1,14.44,,2.93,3.526,M3(H),0.98,-0.45,1.76,0.23,5.75,Simbad,05 35 35.90,-05 38 43.42,1
1322,5083,,,,5.79,17.45,,,,,,,,,,Simbad,05 35 36.12,-05 20 20.13,1
1323,922,,,93,10.75,16.68,,3.6,3.555,M1.5(H),3.93,-0.69,1.17,0.37,6.33,Simbad,05 35 36.25,-05 32 54.52,1
1324,921,,2122,99,9.63,14.32,,2.79,,,,,,,,Simbad,05 35 36.26,-05 31 37.52,1
1325,923,,2123,98,11.9,13.16,,2.12,3.562,M1(H),0.37,-0.15,2.11,0.29,5.59,Simbad,05 35 36.36,-05 34 11.02,1
1326,3049,,,,5.95,16.49,,,,,,,,,,Simbad,05 35 36.41,-05 20 09.04,1
1327,924,,,99,12.03,16.63,,1.96,,K:(H),,,,,,Simbad,05 35 36.45,-05 34 19.12,1
1328,5067,,,,6.78,16.99,,,,,,,,,,Simbad,05 35 36.57,-05 18 50.77,1
1329,920,,,99,14.3,15.03,,2.55,,,,,,,,Simbad,05 35 36.61,-05 10 00.12,1
1330,926,,2134,96,15.19,12.75,,1.93,3.602,K7(H),0.88,0.11,2.37,0.4,5.57,Simbad,05 35 36.64,-05 37 41.92,1
1331,927,,,99,15.28,13.96,,2.29,3.509,M4(H),0.0,-0.43,1.95,0.18,5.1,Simbad,05 35 36.73,-05 37 46.92,1
1332,925,,,93,13.88,13.92,,2.45,,,,,,,,Simbad,05 35 37.05,-05 10 29.32,1
1334,930,,,99,6.55,14.08,,2.56,3.623,K5-K7(H),2.87,0.04,2.0,0.57,5.82,Simbad,05 35 37.47,-05 27 16.12,1
1335,929,,,99,6.41,15.86,,3.82,3.483,M5.5(H),0.62,-0.88,1.32,0.11,5.25,Simbad,05 35 37.49,-05 19 44.02,1
1336,933,,,98,7.33,13.65,,2.48,3.509,M4(H),0.0,-0.31,2.25,0.17,4.73,Simbad,05 35 37.93,-05 28 21.12,1
1337,931,,,,7.49,15.77,,3.04,,,,,,,,Simbad,05 35 37.99,-05 18 10.82,1
1338,934,,,99,7.48,15.76,,2.81,3.526,M3e(H),0.67,-1.06,0.88,0.21,6.44,Simbad,05 35 38.02,-05 28 33.22,1
1339,932,,,94,10.56,13.24,,2.86,3.522,M3-3.5(H),0.6,-0.05,2.84,0.17,4.27,Simbad,05 35 38.09,-05 14 18.72,1
1340,936,,,99,7.54,14.81,,2.98,3.518,M3.5(H),0.69,-0.64,1.47,0.2,6.02,Simbad,05 35 38.24,-05 28 34.32,1
1341,939,,,99,6.96,16.35,,2.56,3.5,M4.5(H),0.0,-1.34,0.72,0.12,6.43,Simbad,05 35 38.49,-05 27 36.62,1
1342,935,,,99,14.53,15.29,,4.03,,,,,,,,Simbad,05 35 38.51,-05 09 56.32,1
1343,937,,,99,8.46,15.6,,3.68,3.471,M6(H),0.0,-0.83,1.47,0.1,4.84,Simbad,05 35 38.60,-05 16 59.02,1
1344,938,,2144,99,12.05,12.59,,2.7,3.695,K2(H),4.36,0.99,4.23,1.55,5.5,Simbad,05 35 38.74,-05 12 41.72,1
1345,943,,,32,14.32,15.61,,3.75,3.494,M5(H),1.21,-0.71,1.52,0.14,5.29,Simbad,05 35 38.83,-05 36 33.32,1
1346,941,,,99,6.09,15.53,,3.42,3.571,K8-M0.5(H),3.96,-0.24,1.83,0.35,5.8,Simbad,05 35 38.89,-05 21 01.62,1
1347,940,,2143,95,15.51,12.01,,1.63,3.535,"M2II-III(?)M3:eII,III?(W)",0.0,0.25,3.8,0.16,3.71,Simbad,05 35 38.96,-05 08 55.92,1
1348,942,,,99,6.36,16.36,,3.42,3.526,M3(H),2.24,-0.92,1.03,0.22,6.28,Simbad,05 35 38.96,-05 20 25.62,1
1349,944,,,99,7.3,14.11,,2.77,3.509,M4(H),0.0,-0.49,1.82,0.18,5.25,Simbad,05 35 39.54,-05 27 50.02,1
1350,3012,,,,9.55,15.96,,3.86,,,,,,,,Simbad,05 35 39.75,-05 15 49.02,1
1351,5121,,,,6.97,17.38,,,,,,,,,,Simbad,05 35 39.86,-05 27 08.99,1
1352,946,,,0,6.45,16.02,,2.62,3.518,M3.5(H),0.0,-1.3,0.69,0.17,6.59,Simbad,05 35 39.94,-05 26 00.86,1
1353,947,,,64,7.47,14.36,,2.66,3.544,M2:(H),1.1,-0.44,1.65,0.29,5.89,Simbad,05 35 39.96,-05 27 58.72,1
1354,945,,2149,99,8.35,12.51,,2.4,4.111,B6(H),6.48,2.29,2.79,3.91,,Simbad,05 35 40.06,-05 17 29.12,1
1355,950,,2157,0,7.02,12.24,,0.91,,,,,,,,Simbad,05 35 40.39,-05 27 01.82,1
1356,948,,,0,12.6,14.86,,2.74,,<=K4(H),,,,,,Simbad,05 35 40.50,-05 12 18.62,1
1357,949,,2148,90,15.58,12.28,,2.55,3.562,late-K:(H)M0-M4(Her)M1(B),1.47,0.47,4.3,0.19,3.62,Simbad,05 35 40.66,-05 09 01.12,1
1358,952,,,99,10.58,13.86,,2.66,,,,,,,,Simbad,05 35 40.74,-05 32 01.62,1
1359,951,,,99,6.24,15.27,,2.77,3.509,M4e(H),0.0,-0.95,1.07,0.16,6.19,Simbad,05 35 40.79,-05 22 02.12,1
1360,955,,,98,16.35,14.9,,,,,,,,,,Simbad,05 35 41.18,-05 38 30.32,1
1361,954,,2166,99,7.64,14.58,,2.38,3.526,M3(H),0.0,-0.75,1.25,0.23,6.13,Simbad,05 35 41.21,-05 27 50.12,1
1362,953,,2156,26,12.11,12.71,,2.34,3.544,M2(H),0.28,0.02,2.8,0.22,4.55,Simbad,05 35 41.25,-05 12 58.92,2
1363,956,,,98,16.41,14.8,,,,,,,,,,Simbad,05 35 41.26,-05 38 33.72,1
1364,5039,,,,9.61,17.16,,2.5,,K:(H),,,,,,Simbad,05 35 41.46,-05 16 05.15,1
1365,959,,2167,97,7.99,10.2,,1.1,3.719,K0(WSH)K1eIV(Par)K1eIV-V(GS)K0-1eIV(J),0.59,1.03,3.99,2.41,5.86,Simbad,05 35 41.87,-05 28 12.42,1
1366,957,,,99,14.65,14.38,,3.7,3.591,K6-K8(H),5.1,0.48,3.82,0.18,3.85,Simbad,05 35 41.89,-05 10 11.22,1
1367,3001,,,,12.19,15.74,,3.87,,,,,,,,Simbad,05 35 41.95,-05 12 59.64,1
1368,958,,,0,7.19,15.69,,3.03,3.509,M4(H),0.31,-1.05,0.96,0.16,6.26,Simbad,05 35 42.00,-05 20 05.25,1
1369,960,,,99,10.46,15.25,,2.9,3.571,M0.5e(H),2.62,-0.45,1.43,0.42,6.12,Simbad,05 35 42.17,-05 15 07.72,1
1370,962,,2175,99,7.71,13.26,,1.97,3.623,K6(H),1.35,0.0,1.9,0.58,5.89,Simbad,05 35 42.37,-05 27 32.72,1
1371,966,,,99,12.31,16.12,,3.71,3.509,M4(H),2.05,-0.79,1.29,0.17,6.06,Simbad,05 35 42.50,-05 33 48.82,1
1372,964,,,99,7.08,14.65,,3.59,3.483,M5.5(H),0.03,-0.54,1.95,0.13,4.62,Simbad,05 35 42.51,-05 26 08.02,1
1373,3107,,,,7.26,16.61,,,,,,,,,,Simbad,05 35 42.52,-05 26 33.27,1
1374,965,,,99,6.95,15.44,,3.32,3.518,M3.5(H),1.56,-0.68,1.4,0.2,6.05,Simbad,05 35 42.56,-05 25 44.82,1
1375,961,,2173,98,13.21,12.3,,1.71,3.612,K6-K7(H),0.5,0.19,2.47,0.45,5.56,Simbad,05 35 42.65,-05 11 54.52,1
1376,969,,,99,6.63,14.43,,2.54,3.544,M2e(H),0.8,-0.54,1.46,0.3,6.0,Simbad,05 35 42.88,-05 23 02.22,1
1379,968,,2172,1,15.6,12.06,,1.85,3.643,K5Ve(W),1.38,0.48,3.0,0.62,5.45,Simbad,05 35 43.13,-05 09 16.72,1
1380,971,,2185,83,14.7,11.5,,1.51,3.602,K6-K8(H),0.0,0.4,3.3,0.35,4.68,Simbad,05 35 43.17,-05 36 27.72,1
1381,972,,2184,99,11.52,13.31,,2.02,3.562,M1(H),0.11,-0.28,1.83,0.33,5.8,Simbad,05 35 43.32,-05 32 43.92,1
1382,973,,,99,11.12,15.98,,3.35,3.494,M5(H),0.18,-1.11,0.96,0.12,6.19,Simbad,05 35 43.51,-05 32 11.62,1
1383,3030,,,,9.03,16.42,,2.78,,<=K4(H),,,,,,Simbad,05 35 43.57,-05 17 25.38,1
1385,970,,,99,15.03,15.66,,3.94,3.448,M6.5-M7.5(H),0.0,-0.63,2.06,0.07,3.37,Simbad,05 35 43.68,-05 09 58.52,1
1386,5021,,,,11.07,16.73,,3.06,,,,,,,,Simbad,05 35 43.69,-05 14 39.03,1
1387,974,,,99,14.99,14.49,,3.83,3.471,M6(H),0.0,-0.38,2.46,0.14,4.34,Simbad,05 35 44.12,-05 36 40.12,1
1388,976,,,0,15.8,15.0,,2.43,,,,,,,,Simbad,05 35 44.25,-05 37 33.82,1
1390,979,,,99,14.93,14.72,,3.54,,,,,,,,Simbad,05 35 44.47,-05 36 33.62,1
1392,980,,,99,7.18,13.54,,2.74,3.509,M4(H),0.0,-0.26,2.37,0.16,4.58,Simbad,05 35 44.73,-05 24 34.22,1
1393,977,,,98,10.73,16.49,,2.64,,K:(H),,,,,,Simbad,05 35 44.84,-05 15 20.02,1
1394,982,,2200,99,8.67,13.51,,2.12,3.562,M1e(H),0.37,-0.29,1.79,0.33,5.82,Simbad,05 35 45.28,-05 28 10.52,1
1395,981,,2199,99,7.73,12.92,,2.0,3.58,M0(H),0.53,-0.04,2.22,0.33,5.57,Simbad,05 35 45.30,-05 20 36.62,1
1396,984,,,95,8.82,13.78,,2.57,3.526,M3(H),0.06,-0.41,1.84,0.22,5.58,Simbad,05 35 45.47,-05 28 22.62,1
1397,983,,2198,0,8.92,15.46,,3.73,,,,,,,,Simbad,05 35 45.52,-05 18 13.48,1
1398,986,,,0,12.98,16.05,,2.15,,,,,,,,Simbad,05 35 45.52,-05 34 07.74,1
1399,3004,,,,12.19,15.77,,3.96,,,,,,,,Simbad,05 35 45.52,-05 13 36.08,1
1400,987,,,99,9.24,15.16,,4.33,3.509,M4(H),3.64,-0.02,3.13,0.14,3.77,Simbad,05 35 45.93,-05 17 49.42,1
1401,985,,,99,14.54,13.0,,1.58,3.602,K7e(H),0.0,-0.2,1.65,0.5,6.0,Simbad,05 35 46.00,-05 10 51.32,1
1403,989,,,99,9.09,13.68,,2.47,3.544,M2(H),0.62,-0.28,1.97,0.25,5.59,Simbad,05 35 46.11,-05 18 08.32,1
1404,988,,,99,10.71,14.83,,3.12,3.544,M2e(H),2.28,-0.34,1.85,0.27,5.75,Simbad,05 35 46.12,-05 15 39.62,1
1405,5169,,,,13.59,17.46,,1.86,,,,,,,,Simbad,05 35 46.28,-05 34 43.79,1
1406,5166,,,,13.37,17.44,,2.63,,,,,,,,Simbad,05 35 46.34,-05 34 27.38,1
1407,5174,,,,14.07,16.94,,2.15,,K:(H),,,,,,Simbad,05 35 46.38,-05 35 17.02,1
1408,5175,,,,14.38,17.5,,,,,,,,,,Simbad,05 35 46.48,-05 35 38.13,1
1409,990,,,99,7.58,14.05,,2.88,3.5,M4.5(H),0.0,-0.42,2.07,0.16,4.83,Simbad,05 35 46.50,-05 22 24.12,1
1410,991,,,0,10.05,14.55,,2.41,3.695,early-K(H),3.62,0.02,1.39,1.24,6.79,Simbad,05 35 46.72,-05 16 46.74,1
1411,992,,2208,0,9.36,9.2,,4.17,3.611,K3-M0I(H)M0(Petal)M2:(B)K3-K5(HP)M0-M1(HP),6.78,2.96,60.71,,,Simbad,05 35 46.90,-05 17 56.52,1
1412,993,,,99,9.53,14.96,,3.22,3.494,M5(H),0.0,-0.74,1.46,0.14,5.35,Simbad,05 35 47.12,-05 17 43.32,1
1413,995,,2207,98,12.69,12.99,,2.11,3.555,M1.5(H),0.11,-0.14,2.19,0.26,5.3,Simbad,05 35 47.27,-05 13 18.32,1
1414,994,,2205,19,15.04,12.76,,1.69,3.602,K5-K7(H),0.26,-0.04,1.99,0.44,5.75,Simbad,05 35 47.31,-05 10 28.12,1
1415,998,,2209,99,7.76,13.25,,2.32,3.535,M2.5(H),0.0,-0.24,2.15,0.23,5.17,Simbad,05 35 47.36,-05 22 49.32,1
1417,997,,2217,0,10.06,11.33,,1.2,3.806,F2-F7(H),1.87,0.98,2.52,1.83,6.77,Simbad,05 35 47.40,-05 16 57.82,1
1418,1001,,,98,13.64,16.38,,2.43,3.591,"K8,K2-K6:(H)",1.84,-1.11,0.61,0.67,7.65,Simbad,05 35 47.41,-05 34 35.70,1
1419,1000,,,77,8.81,15.36,,2.91,3.544,M2e(H),1.75,-0.68,1.25,0.3,6.18,Simbad,05 35 47.53,-05 19 14.22,1
1420,1002,,,99,16.27,14.57,,3.08,3.471,M6e(H),0.0,-0.41,2.37,0.14,4.38,Simbad,05 35 47.61,-05 37 39.52,1
1421,999,,2216,10,15.06,10.89,,1.19,3.695,K2:(WSH),0.49,0.72,3.12,1.41,5.78,Simbad,05 35 47.68,-05 10 30.32,1
1422,3003,,,,12.76,16.24,,3.59,3.535,M2.5:(H),3.1,-0.68,1.3,0.26,6.12,Simbad,05 35 47.72,-05 13 17.69,1
1423,1004,,,99,11.65,13.75,,2.1,3.562,M1(H),0.31,-0.4,1.58,0.36,5.95,Simbad,05 35 48.08,-05 31 55.62,1
1424,1003,,,6,14.56,14.76,,2.61,,,,,,,,Simbad,05 35 48.14,-05 11 10.02,1
1425,1005,,,98,11.34,16.82,,2.39,,K:(H),,,,,,Simbad,05 35 48.46,-05 15 21.02,1
1426,1006,,,99,8.95,14.73,,2.92,3.518,M3.5(H),0.54,-0.65,1.46,0.2,6.02,Simbad,05 35 48.61,-05 19 27.22,2
1427,1007,,,99,11.23,14.5,,2.5,3.526,M3(H),0.0,-0.72,1.3,0.23,6.11,Simbad,05 35 48.92,-05 15 37.62,1
1428,5036,,,,11.06,17.45,,1.99,,GK:(H),,,,,,Simbad,05 35 48.93,-05 15 52.69,1
1429,5173,,,,14.46,16.95,,2.49,,,,,,,,Simbad,05 35 49.37,-05 35 15.72,1
1430,1008,,2235,92,14.6,12.72,,1.71,3.571,M0-M0.5(H),0.0,-0.08,2.2,0.3,5.54,Simbad,05 35 49.39,-05 35 25.81,2
1431,1012,,,99,12.33,16.25,,3.68,3.535,M2.5(H),3.33,-0.63,1.38,0.27,6.07,Simbad,05 35 49.68,-05 32 29.02,1
1432,5026,,,,11.67,17.29,,1.97,3.591,K7-M0:(H),0.66,-1.77,0.29,,,Simbad,05 35 49.75,-05 15 12.66,1
1433,1010,,,,9.66,15.07,,2.92,,,,,,,,Simbad,05 35 49.78,-05 18 30.65,1
1434,5052,,,,10.35,16.66,,2.0,3.544,M2(H),0.0,-1.63,0.42,0.26,7.47,Simbad,05 35 49.93,-05 17 17.91,1
1435,1009,,,97,15.99,15.67,,3.04,,GK(H),,,,,,Simbad,05 35 49.96,-05 09 46.02,1
1436,1011,,,99,15.38,15.09,,3.5,3.494,M5III(H),0.57,-0.66,1.61,0.14,5.19,Simbad,05 35 50.00,-05 10 29.12,1
1437,1013,,2234,99,8.67,14.56,,2.3,3.526,M3e(H),0.0,-0.74,1.26,0.23,6.13,Simbad,05 35 50.07,-05 21 16.72,1
1438,5168,,,,14.05,17.33,,,,,,,,,,Simbad,05 35 50.22,-05 34 36.12,1
1439,1015,,2247,92,9.95,9.6,,0.7,3.94,A3(WSH)A3ea(Par)A5(CK)A3V(vA)B8-A3Vp(J)B8-A3V(GS)A0:(T),1.56,1.76,3.35,2.52,6.62,Simbad,05 35 50.36,-05 28 34.62,1
1440,1016,,2246,88,10.99,12.96,,1.92,3.643,K5(CK),1.56,0.16,2.08,0.7,5.86,Simbad,05 35 50.66,-05 16 29.02,1
1441,1014,,,8,16.32,11.5,,,3.509,M4(H),0.0,0.55,6.06,,,Simbad,05 35 50.70,-05 09 29.62,1
1442,1018,,,99,13.07,15.34,,3.03,3.483,M5.5(H),0.0,-0.82,1.41,0.11,5.15,Simbad,05 35 50.86,-05 33 12.75,1
1443,1017,,2245,78,11.92,13.23,,1.85,3.602,K7(GCVS),0.68,-0.13,1.8,0.48,5.88,Simbad,05 35 50.92,-05 15 08.92,1
1444,1019,,,1,10.51,14.92,,2.87,,,,,,,,Simbad,05 35 51.66,-05 17 39.32,1
1445,5029,,,,11.83,16.17,,2.43,3.494,>M5(H),0.0,-1.23,0.83,0.12,6.31,Simbad,05 35 51.75,-05 15 30.57,1
1446,5016,,,,12.7,16.65,,2.5,,K:(H),,,,,,Simbad,05 35 51.83,-05 14 16.60,1
1447,1020,,2253,99,10.4,12.65,,1.4,3.623,K6(H)K0(Par)K0:(J)K0:(GS),0.0,-0.08,1.72,0.62,6.04,Simbad,05 35 51.94,-05 28 47.02,1
1448,5004,,,,13.47,15.82,,3.36,3.494,M5(H),0.21,-1.04,1.04,0.12,6.11,Simbad,05 35 52.17,-05 13 18.30,1
1449,5001,,,,13.75,14.61,,3.15,3.509,M4(H),0.62,-0.54,1.72,0.18,5.38,Simbad,05 35 52.23,-05 12 56.56,1
1450,1022,,,99,10.09,15.63,,2.81,3.5,M4.5(H),0.0,-1.05,1.0,0.14,6.2,Simbad,05 35 52.39,-05 27 57.22,1
1451,1021,,2258,36,13.79,13.0,,1.91,3.633,K5-K6(H),1.37,0.11,2.04,0.63,5.83,Simbad,05 35 52.65,-05 12 58.72,1
1452,5097,,,,9.12,17.19,,,,K:(H),,,,,,Simbad,05 35 52.72,-05 22 31.14,1
1454,1024,,,97,12.05,15.87,,3.02,3.687,K2-K3(H),5.07,-0.16,1.18,1.1,6.98,Simbad,05 35 53.53,-05 15 41.42,1
1455,5125,,,,10.28,16.85,,3.81,3.494,M5(H),1.36,-1.17,0.9,0.12,6.25,Simbad,05 35 53.84,-05 27 37.69,1
1456,1025,,,99,11.27,15.93,,4.01,3.483,M5.5 (H),1.11,-0.78,1.46,0.11,5.08,Simbad,05 35 54.04,-05 17 10.22,1
1457,2271,,2271,99,17.15,7.11,,-0.01,4.111,B6(WSH)B6Veb(Par)B7eV+shell(LA)B5V(vA)B5Vne(J),0.3,2.94,5.92,5.72,,Simbad,05 35 54.10,-05 37 42.50,1
1458,1026,a,2269,98,10.04,13.77,,2.24,3.571,M0.5e(H),0.93,-0.27,1.76,0.36,5.84,Simbad,05 35 54.24,-05 26 44.32,1
1459,1026,b,,,10.08,,,,,,,,,,,Simbad,05 35 54.39,-05 26 45.24,1
1460,1028,,,99,9.61,16.43,,3.52,3.633,K5-K6:(H),5.5,-0.26,1.34,0.82,6.55,Simbad,05 35 54.45,-05 21 57.52,1
1461,1030,,2270,99,10.24,13.67,,2.18,3.544,M2(H),0.0,-0.43,1.66,0.29,5.88,Simbad,05 35 54.54,-05 27 07.42,1
1462,1029,,,98,9.63,15.86,,3.53,3.708,K0-K2(H),6.68,0.25,1.7,1.45,6.62,Simbad,05 35 54.56,-05 22 00.72,1
1463,1027,,,73,15.7,14.6,,1.84,3.771,F7-G4(H),3.14,-0.07,0.89,1.08,4.21,Simbad,05 35 54.65,-05 10 55.22,1
1464,1032,,,99,9.65,16.17,,3.9,3.483,M5.5(H),0.83,-0.95,1.21,0.11,5.39,Simbad,05 35 54.87,-05 22 35.42,1
1465,1031,,,0,13.96,13.96,,2.11,,F6/K3composite?(H),,,,,,Simbad,05 35 54.88,-05 13 15.42,1
1466,1033,,,80,13.56,14.72,,2.04,3.917,A0-A5(H),4.88,0.49,0.86,1.5,,Simbad,05 35 55.33,-05 13 55.52,1
1467,1034,,,99,9.74,14.98,,3.11,3.494,M5(H),0.0,-0.75,1.44,0.14,5.37,Simbad,05 35 55.34,-05 23 42.92,1
1468,1035,,,98,12.1,14.09,,2.35,3.526,M3(H),0.0,-0.55,1.57,0.23,5.94,Simbad,05 35 56.30,-05 16 31.62,1
1469,1037,,2278,0,10.27,13.93,,1.26,3.643,K5(H),0.0,-0.61,0.86,0.82,7.34,Simbad,05 35 56.64,-05 25 26.12,1
1470,1036,,,95,10.62,15.77,,3.74,3.471,M6(H),0.0,-0.89,1.36,0.09,4.91,Simbad,05 35 56.65,-05 19 57.72,1
1471,5115,,,,10.38,17.12,,2.79,,K:(H),,,,,,Simbad,05 35 57.26,-05 25 15.01,1
1472,1038,,,99,10.37,15.19,,2.93,3.494,M5(H),0.0,-0.84,1.31,0.13,5.58,Simbad,05 35 57.30,-05 25 08.52,1
1473,1039,,,99,11.71,15.4,,2.92,3.494,M5(H),0.0,-0.92,1.19,0.13,5.95,Simbad,05 35 57.56,-05 17 46.42,1
1474,1040,,2280,99,10.3,13.57,,2.66,3.518,M3.5(H),0.0,-0.31,2.14,0.2,5.05,Simbad,05 35 57.62,-05 23 09.22,1
1475,1041,,2279,0,14.75,10.82,,2.37,3.761,G0-5(Her),4.38,1.74,7.42,3.92,,Simbad,05 35 57.98,-05 12 54.72,1
1476,5103,,,,10.42,16.49,,,,,,,,,,Simbad,05 35 58.08,-05 23 26.66,1
1477,2284,,2284,97,10.55,9.07,,-0.08,4.053,B9.5(WSH)B8V(Par)B9.5pV(LA)B8V(vA)B9V(J)B8(S),0.01,1.89,2.31,2.98,,Simbad,05 35 58.45,-05 22 30.62,1
1478,1042,,,99,14.25,15.98,,2.7,3.483,M5.5(H),0.0,-1.08,1.05,0.1,5.71,Simbad,05 35 58.84,-05 32 53.40,1
1480,1044,,,87,17.5,14.63,,3.3,3.5,M4.5(H),0.45,-0.54,1.8,0.16,5.13,Simbad,05 35 59.47,-05 37 10.71,1
1481,1043,,2291,,12.51,13.9,,,3.708,K0-K2e(H),0.0,-0.6,0.64,0.8,6.28,Simbad,05 35 59.53,-05 29 43.52,1
1482,1045,,2291,,12.53,13.9,,,,,,,,,,Simbad,05 35 59.64,-05 29 43.52,1
1483,5141,,,,12.74,16.34,,3.97,3.535,M2-M3(H),4.08,-0.49,1.63,0.26,5.9,Simbad,05 35 59.84,-05 30 02.89,1
1484,1047,,2296,99,15.52,14.15,,2.84,3.509,M4(H),0.0,-0.51,1.79,0.18,5.29,Simbad,05 36 00.20,-05 34 23.01,1
1485,1046,,2295,0,11.02,13.56,,1.54,3.602,K7(H),0.0,-0.43,1.28,0.64,6.49,Simbad,05 36 00.48,-05 23 29.42,1
1486,5014,,,,14.39,15.87,,2.27,,,,,,,,Simbad,05 36 00.54,-05 14 07.96,1
1487,1048,,,99,11.98,14.96,,3.18,3.483,M5.5(H),0.0,-0.67,1.68,0.12,4.86,Simbad,05 36 01.28,-05 19 10.52,1
1488,1050,,,0,15.0,15.79,,2.89,3.917,A2-A7(H),7.06,0.59,0.97,1.56,,Simbad,05 36 01.72,-05 33 12.22,1
1489,1049,,2305,95,12.72,11.79,,1.57,3.612,K6-K7(H),0.14,0.3,2.83,0.42,5.38,Simbad,05 36 01.75,-05 17 36.32,1
1490,5028,,,,14.02,15.16,,4.07,3.471,M6(H),0.35,-0.57,1.99,0.12,4.54,Simbad,05 36 02.67,-05 15 26.81,1
1491,1051,,,99,14.99,15.85,,3.91,3.526,M3(H),3.49,-0.41,1.86,0.22,5.52,Simbad,05 36 02.72,-05 32 53.84,1
1492,5110,,,,11.75,15.38,,3.1,3.5,M4.5(H),0.0,-0.95,1.12,0.14,6.11,Simbad,05 36 03.25,-05 24 22.85,1
1493,1052,,,98,11.81,16.5,,3.94,3.471,M6(H),0.02,-1.18,0.98,0.07,5.3,Simbad,05 36 03.39,-05 24 35.92,1
1494,1053,,,99,13.71,15.07,,2.69,3.494,M5(H),0.0,-0.79,1.39,0.13,5.44,Simbad,05 36 03.75,-05 30 18.31,1
1495,5015,,,,14.96,17.32,,2.39,,K:(H),,,,,,Simbad,05 36 03.87,-05 14 15.46,1
1496,5090,,,,12.3,14.84,,4.22,,,,,,,,Simbad,05 36 05.08,-05 21 34.15,1
1497,5068,,,,13.09,15.96,,3.26,3.5,M4.5(H),0.35,-1.1,0.95,0.13,6.24,Simbad,05 36 05.66,-05 18 55.58,1
1499,5048,,,,13.99,17.25,,3.45,,K:(H),,,,,,Simbad,05 36 06.23,-05 17 00.54,1
1500,5053,,,,13.85,17.12,,3.42,3.567,K8-M2(H),3.85,-0.89,0.88,0.46,6.85,Simbad,05 36 06.24,-05 17 19.90,1
1501,5165,,,,16.7,14.65,,2.39,3.544,M2e(H),0.41,-0.72,1.19,0.3,6.23,Simbad,05 36 06.94,-05 34 17.87,1
1502,5151,,,,14.92,16.02,,3.13,,K:(H),,,,,,Simbad,05 36 07.14,-05 31 14.27,1
1503,5145,,,,14.55,14.82,,3.32,3.518,M3.5(H),1.56,-0.43,1.87,0.2,5.38,Simbad,05 36 07.27,-05 30 26.97,1
1504,5150,,,,15.02,16.49,,3.36,3.5,M4.5(H),0.6,-1.25,0.8,0.13,6.36,Simbad,05 36 07.73,-05 31 11.40,1
1505,5033,,,,15.06,17.39,,1.94,,K:(H),,,,,,Simbad,05 36 08.29,-05 15 43.43,1
1506,5087,,,,13.25,13.84,,2.74,3.509,M4(H),0.0,-0.38,2.06,0.18,4.98,Simbad,05 36 08.58,-05 21 01.90,1
1507,5024,,,,15.56,17.07,,2.13,,G:(H),,,,,,Simbad,05 36 08.64,-05 14 54.21,1
1508,5149,,,,15.31,16.11,,2.9,3.526,M3e(H),0.9,-1.14,0.8,0.21,6.53,Simbad,05 36 09.15,-05 31 09.15,1
1509,5107,,,,13.21,15.15,,3.29,3.518,M3.5(H),1.49,-0.58,1.57,0.2,5.94,Simbad,05 36 09.16,-05 24 12.67,1
1510,5120,,,,13.63,16.91,,3.01,,K:(H),,,,,,Simbad,05 36 09.29,-05 26 42.32,1
1512,5123,,,,14.01,15.58,,3.99,3.526,M3(H),3.7,-0.25,2.23,0.21,5.01,Simbad,05 36 09.94,-05 27 31.28,1
1514,5073,,2347,68,13.97,12.49,,1.46,3.679,K3(H)K1e:(GCVS),0.95,0.19,1.82,1.14,6.3,Simbad,05 36 10.38,-05 19 44.62,1
1515,5003,,,,16.9,15.69,,2.06,3.708,K1(H),2.91,-0.61,0.64,0.8,6.14,Simbad,05 36 10.65,-05 13 17.21,1
1517,5046,,,,15.27,15.68,,2.19,3.555,M1.5:(H),0.31,-1.17,0.67,0.35,7.05,Simbad,05 36 11.71,-05 16 54.07,1
1518,5037,,,,15.73,14.52,,3.04,,,,,,,,Simbad,05 36 11.79,-05 15 54.83,1
1519,5162,,,,17.2,16.02,,4.57,3.518,M3.5(H),4.77,-0.13,2.64,0.16,4.33,Simbad,05 36 12.05,-05 33 29.24,1
1520,5088,,,,14.3,16.27,,2.83,,K:(H),,,,,,Simbad,05 36 12.97,-05 21 16.04,1
1522,5032,,,,16.36,15.41,,2.41,,,,,,,,Simbad,05 36 14.09,-05 15 38.23,1
1523,5161,,,,17.63,15.53,,3.11,,,,,,,,Simbad,05 36 14.46,-05 33 23.48,1
1525,5030,,,,16.57,13.34,,2.67,,,,,,,,Simbad,05 36 14.84,-05 15 33.29,1
1526,5163,,,,18.14,12.82,,4.59,3.509,M4(H),4.31,1.08,11.08,,,Simbad,05 36 15.10,-05 34 02.71,1
1527,5089,,,,14.95,15.39,,2.54,,K:(H),,,,,,Simbad,05 36 15.72,-05 21 26.46,1
1528,5069,,,,15.56,16.59,,2.83,3.687,K1-K4(H),4.58,-0.56,0.74,0.86,7.64,Simbad,05 36 16.08,-05 18 55.91,1
1530,5099,,,,15.01,16.49,,3.4,3.5,M4.5(H),0.7,-1.22,0.82,0.13,6.34,Simbad,05 36 16.38,-05 22 40.93,1
1531,5011,,,,17.89,16.53,,4.12,3.494,M5-5.5(H),2.16,-0.85,1.3,0.13,5.61,Simbad,05 36 16.85,-05 13 47.83,1
1532,5019,,,,17.86,17.27,,2.54,3.679,K1-K5(H),3.72,-1.04,0.44,,,Simbad,05 36 18.27,-05 14 26.79,1
1533,5061,,,,16.38,15.87,,3.29,3.5,M4.5(H),0.42,-1.04,1.01,0.14,6.19,Simbad,05 36 18.91,-05 18 28.32,1
1534,5148,,,,17.5,16.14,,3.32,3.555,M1.5(H),3.21,-0.65,1.23,0.37,6.27,Simbad,05 36 19.14,-05 31 07.94,1
1535,5020,,,,18.07,13.89,,2.32,3.555,M1.5(H),0.65,-0.37,1.69,0.32,5.87,Simbad,05 36 19.67,-05 14 38.17,1
1536,5002,,,,18.89,15.58,,3.32,,,,,,,,Simbad,05 36 19.79,-05 13 05.83,1
1537,5137,,,,17.11,16.38,,2.5,,G:(H),,,,,,Simbad,05 36 20.25,-05 29 32.47,1
1538,5124,,,,16.65,16.12,,3.98,3.591,K8(H),5.81,-0.04,2.1,0.38,5.67,Simbad,05 36 20.89,-05 27 33.79,1
1539,5082,,,,16.5,13.96,,2.48,3.526,M3(H),0.0,-0.5,1.66,0.23,5.87,Simbad,05 36 21.20,-05 20 13.93,1
1540,5101,,,,16.26,16.97,,2.43,,K:(H),,,,,,Simbad,05 36 21.46,-05 23 07.47,1
1541,5054,,,,17.34,14.84,,3.04,3.623,K5-K7(H),4.1,0.04,1.99,0.57,5.82,Simbad,05 36 21.73,-05 17 32.34,1
1543,5114,,,,16.65,17.25,,3.96,,M:(H),,,,,,Simbad,05 36 22.64,-05 25 10.21,1
1544,5102,,,,16.72,15.51,,3.59,3.494,M5(H),0.8,-0.77,1.42,0.13,5.4,Simbad,05 36 23.28,-05 23 19.01,1
1545,5095,,,,16.77,17.45,,2.53,,GK:(H),,,,,,Simbad,05 36 23.37,-05 22 19.52,1
1546,5017,,,,19.03,14.31,,1.59,,,,,,,,Simbad,05 36 23.38,-05 14 20.37,1
1547,5005,,,,19.55,15.72,,1.89,,,,,,,,Simbad,05 36 23.52,-05 13 19.77,1
1548,5006,,,,19.6,14.43,,1.99,,,,,,,,Simbad,05 36 23.83,-05 13 22.52,1
1549,5172,,,,20.63,16.86,,2.98,,,,,,,,Simbad,05 36 24.08,-05 35 11.27,1
1550,5170,,,,20.47,14.61,,3.13,,,,,,,,Simbad,05 36 24.28,-05 34 49.78,1
1551,5154,,,,18.82,17.3,,3.09,,K:(H),,,,,,Simbad,05 36 24.53,-05 31 23.41,1
1552,5104,,,,17.12,15.64,,3.47,3.555,M1.5(H),3.6,-0.36,1.72,0.32,5.85,Simbad,05 36 24.90,-05 23 31.83,1
1553,5070,,,,17.66,15.26,,3.92,3.526,M3(H),3.52,-0.16,2.46,0.2,4.76,Simbad,05 36 25.07,-05 19 13.04,1
1554,5049,,,,18.36,16.27,,3.94,3.555,M1.5(H),4.8,-0.31,1.81,0.31,5.8,Simbad,05 36 25.31,-05 17 01.83,1
1555,5065,,,,17.89,15.3,,3.51,,,,,,,,Simbad,05 36 25.48,-05 18 41.70,1
1556,5139,,,,18.48,17.0,,3.11,,K:(H),,,,,,Simbad,05 36 25.82,-05 29 43.80,1
1557,5045,,,,18.6,15.07,,3.07,3.5,M4.5(H),0.0,-0.82,1.29,0.14,5.98,Simbad,05 36 26.14,-05 16 53.46,1
1558,5062,,,,18.11,16.18,,4.0,3.5,M4.5(H),2.24,-0.72,1.45,0.15,5.56,Simbad,05 36 26.18,-05 18 29.79,1
1559,5113,,,,17.68,13.91,,3.1,3.652,K3-K4(H),4.74,0.55,3.13,0.7,5.45,Simbad,05 36 26.79,-05 25 05.15,1
1560,5164,,,,20.67,16.2,,3.44,3.471,>=M6(H),0.0,-1.07,1.12,0.08,5.14,Simbad,05 36 26.86,-05 34 12.00,1
1561,5055,,,,18.55,16.95,,2.97,,,,,,,,Simbad,05 36 26.97,-05 17 38.77,1
1562,5111,,2387,98,17.7,9.24,,-0.02,4.01,A0(WSH)B9V(J)B9.5V(LA),0.08,1.72,2.3,2.52,6.68,Simbad,05 36 27.08,-05 24 30.20,1
1563,5146,,,,19.29,13.21,,2.3,3.535,M2.5(H),0.0,-0.23,2.19,0.23,5.12,Simbad,05 36 27.42,-05 30 55.28,1
1565,5108,,,,17.94,14.5,,2.43,3.736,G6-K0(H),4.23,0.21,1.43,1.31,6.99,Simbad,05 36 28.08,-05 24 17.21,1
1566,5092,,,,18.04,,,,,,,,,,,Simbad,05 36 28.25,-05 21 41.75,1
1567,5063,,,,18.61,16.52,,3.76,3.544,M2(H),3.93,-0.61,1.35,0.3,6.1,Simbad,05 36 28.27,-05 18 30.86,1
1568,5093,,,,18.06,,,,,,,,,,,Simbad,05 36 28.34,-05 21 41.75,1
1569,5018,,,,20.16,15.56,,1.64,,,,,,,,Simbad,05 36 28.62,-05 14 24.66,1
1570,5022,,,,20.07,13.53,,3.08,3.509,M4.5(H),0.44,-0.15,2.69,0.15,4.21,Simbad,05 36 28.82,-05 14 42.87,1
1571,5079,,2395,,18.6,13.72,,2.24,3.562,M1(H),0.67,-0.3,1.77,0.33,5.83,Simbad,05 36 29.64,-05 20 06.46,1
1572,5153,,,,20.01,16.31,,2.25,,K:(H),,,,,,Simbad,05 36 29.88,-05 31 19.75,1
1573,5078,,2395,,18.7,13.49,,2.17,,,,,,,,Simbad,05 36 30.05,-05 20 05.64,1
1574,5118,,2401,,18.63,13.48,,1.93,3.571,M0.5(H),0.14,-0.35,1.61,0.39,5.95,Simbad,05 36 30.06,-05 26 12.01,1
1575,5044,,,,19.85,16.39,,3.56,3.509,M4(H),1.67,-1.0,1.02,0.16,6.22,Simbad,05 36 30.83,-05 16 27.79,1
1576,5117,,,,18.93,16.32,,,3.494,M5(H),0.0,-1.29,0.78,0.11,6.35,Simbad,05 36 31.41,-05 25 59.47,1
1,3132,,,,17.67,,,,,,,,,,,Simbad,05 34 11.42,-05 30 19.44,1
2,3157,,,,19.34,15.17,,2.33,3.562,M1(H),0.9,-0.83,0.97,0.42,6.67,Simbad,05 34 11.60,-05 33 55.63,1
3,3126,,1382,,16.8,13.17,,1.68,3.602,K7(H),0.24,-0.21,1.63,0.51,6.02,Simbad,05 34 12.81,-05 28 47.81,1
4,3153,,,,18.98,16.49,,2.74,3.526,M3(H),0.49,-1.39,0.6,0.19,6.83,Simbad,05 34 12.97,-05 33 48.05,1
5,3156,,1386,,19.0,13.8,,1.61,,,,,,,,Simbad,05 34 13.12,-05 33 53.25,1
6,3035,,,,16.69,16.47,,2.5,,G:(H),,,,,,Simbad,05 34 13.60,-05 17 43.49,1
7,3118,,1393,70,16.26,11.08,,1.04,3.748,G6(H)K0(WSH),0.81,0.75,2.53,2.01,6.51,Simbad,05 34 14.39,-05 28 16.30,1
8,3007,,,,17.88,14.81,,2.61,3.535,M2.5(H),0.59,-0.72,1.24,0.26,6.16,Simbad,05 34 14.80,-05 14 17.70,1
9,3024,,1392,,17.14,13.43,,2.04,3.562,M1(H),0.16,-0.31,1.75,0.34,5.84,Simbad,05 34 14.87,-05 15 48.96,1
10,3078,,,,15.36,16.18,,2.62,,,,,,,,Simbad,05 34 15.01,-05 22 59.67,1
11,3043,,,,16.1,16.7,,2.96,3.679,K2-K4:(H),4.8,-0.55,0.77,0.84,7.57,Simbad,05 34 15.24,-05 18 19.94,1
12,3146,,1396,,17.68,14.88,,2.6,,,,,,,,Simbad,05 34 15.59,-05 32 23.72,1
13,3139,,,,16.67,15.76,,3.82,,,,,,,,Simbad,05 34 16.88,-05 30 52.92,1
14,3127,,,,15.87,14.54,,4.21,3.5,M4.5(H),2.78,0.07,3.6,0.14,3.45,Simbad,05 34 17.15,-05 29 03.98,1
15,3074,,,,14.83,16.47,,2.53,,early-M::(H),,,,,,Simbad,05 34 17.19,-05 22 36.22,1
16,3076,,,,14.81,16.09,,3.65,3.535,M2.5(H),3.26,-0.58,1.45,0.27,6.02,Simbad,05 34 17.23,-05 22 47.60,1
17,3135,,,,16.43,14.22,,2.48,,,,,,,,Simbad,05 34 17.35,-05 30 34.80,1
18,3143,,1411,,17.07,13.34,,2.55,,,,,,,,Simbad,05 34 17.40,-05 31 58.26,2
19,3151,,1417,,17.81,12.87,,1.94,3.562,M1(H),0.0,-0.13,2.17,0.28,5.49,Simbad,05 34 17.92,-05 33 32.98,1
20,3124,,,,15.48,15.36,,3.8,3.555,M1.5(H),4.44,-0.04,2.49,0.25,4.92,Simbad,05 34 18.04,-05 28 33.11,1
21,3147,,,,17.16,16.55,,3.54,,G:(H),,,,,,Simbad,05 34 18.21,-05 32 28.11,1
22,3141,,,,16.55,15.56,,3.87,,,,,,,,Simbad,05 34 18.23,-05 31 15.96,1
23,3158,,1418,,17.97,13.03,,1.88,3.58,M0(H),0.22,-0.15,1.94,0.36,5.75,Simbad,05 34 18.44,-05 33 59.93,2
24,3149,,,,17.38,16.21,,4.51,3.518,M3.5(H),4.61,-0.25,2.32,0.19,4.79,Simbad,05 34 19.00,-05 33 11.11,1
25,3114,,1498,85,14.76,10.52,,0.79,3.745,G6(H),0.14,0.81,2.74,2.13,6.44,Simbad,05 34 19.39,-05 27 11.57,1
26,3131,,1424,,15.84,12.67,,1.99,3.643,K5e(H),1.74,0.32,2.51,0.65,5.63,Simbad,05 34 19.47,-05 30 19.52,1
27,3148,,,,16.71,14.96,,2.94,3.494,M5(H),0.0,-0.74,1.46,0.14,5.35,Simbad,05 34 20.64,-05 32 34.77,1
28,3136,,,,15.77,,,,,,,,,,,Simbad,05 34 20.67,-05 30 45.61,2
29,3137,,1428,,15.79,,,,3.544,M2(B),,,,,,Simbad,05 34 20.67,-05 30 48.34,1
30,3081,,,,13.92,14.75,,2.52,3.526,M3(H),0.0,-0.82,1.16,0.22,6.19,Simbad,05 34 20.72,-05 23 28.71,1
31,3088,,,,13.95,14.86,,2.7,3.518,M3.5(H),0.0,-0.83,1.18,0.19,6.16,Simbad,05 34 20.92,-05 24 48.06,1
32,3017,,,,15.76,16.55,,,3.5,M4.5(H),0.0,-1.42,0.65,0.12,6.5,Simbad,05 34 21.83,-05 15 29.99,1
33,3160,,,,17.71,16.09,,3.84,3.494,M5(H),1.44,-0.85,1.3,0.13,5.61,Simbad,05 34 22.25,-05 34 47.06,1
34,3068,,,,13.56,15.49,,2.71,3.448,M7(H),0.0,-0.56,2.23,0.07,3.28,Simbad,05 34 22.32,-05 22 26.54,1
35,3033,,,,14.5,16.26,,2.75,3.79,F2-G0(H),5.68,-0.09,0.79,1.18,,Simbad,05 34 23.60,-05 17 23.30,1
36,3020,,,,15.25,13.48,,3.08,3.571,M0.5(H),3.09,0.37,3.69,0.23,4.07,Simbad,05 34 23.80,-05 15 39.78,1
37,3123,,,,14.12,16.09,,3.33,3.535,M2.5(H),2.44,-0.79,1.15,0.26,6.23,Simbad,05 34 23.89,-05 28 34.37,1
38,3067,,,,12.98,13.84,,1.59,3.562,M1(H),0.0,-0.51,1.39,0.39,6.13,Simbad,05 34 24.70,-05 22 09.97,1
39,3066,,1455,97,12.96,10.08,,0.76,3.771,G0:(WSH)G0IV-V(Petal)G0-1IV(M)G0V(vA),0.37,1.06,3.27,2.37,6.44,Simbad,05 34 24.83,-05 22 05.09,1
40,3144,,,,15.58,15.96,,3.77,3.494,M5(H),1.26,-0.84,1.31,0.13,5.58,Simbad,05 34 25.12,-05 32 13.41,1
41,3065,,,,12.79,15.58,,3.72,3.544,M2(H),3.82,-0.26,2.02,0.25,5.48,Simbad,05 34 25.59,-05 21 57.11,1
42,3109,,,,12.97,13.15,,2.43,3.688,K2-K3e(H),3.57,0.57,2.7,1.23,5.86,Simbad,05 34 26.07,-05 26 29.94,1
43,3085,,1459,,12.61,11.54,,1.9,3.602,K7(H),0.8,0.58,4.05,0.31,4.14,Simbad,05 34 26.10,-05 24 18.63,1
44,3080,,,,12.5,14.39,,3.3,3.509,M4(H),1.0,-0.36,2.12,0.17,4.9,Simbad,05 34 26.43,-05 23 23.56,1
45,3051,,,,12.96,16.74,,3.39,3.509,M4(H),1.23,-1.24,0.77,0.15,6.44,Simbad,05 34 26.71,-05 19 40.99,1
46,3122,,1465,,13.45,13.8,,2.23,,,,,,,,Simbad,05 34 26.72,-05 28 31.88,1
47,3039,,,,13.47,16.32,,,3.451,M6-M7.5(H),0.0,-0.92,1.44,0.06,3.98,Simbad,05 34 26.91,-05 18 02.76,1
48,3145,,1471,,15.35,13.15,,2.75,3.526,M3(H),0.52,-0.05,2.8,0.18,4.43,Simbad,05 34 26.98,-05 32 28.75,1
49,3029,,,,13.98,15.44,,3.11,3.494,M5(H),0.0,-0.94,1.17,0.13,6.0,Simbad,05 34 27.05,-05 16 48.26,1
50,3086,,1469,0,12.33,10.59,,1.5,3.722,G9IV-V(Petal),1.66,1.13,4.44,2.67,5.82,Simbad,05 34 27.26,-05 24 21.91,1
51,3120,,,,13.26,13.94,,3.06,,,,,,,,Simbad,05 34 27.46,-05 28 28.15,1
52,3142,,1470,,14.89,10.78,,1.55,3.736,G8(H)K2(S),1.97,1.14,4.2,2.92,6.03,Simbad,05 34 27.61,-05 31 55.00,1
53,3110,,,,12.55,14.18,,2.27,3.623,K6e(H),2.12,-0.18,1.55,0.67,6.23,Simbad,05 34 27.85,-05 26 34.21,1
54,1,,,,12.51,15.6,,3.62,3.483,M5.5(H),0.11,-0.9,1.29,0.11,5.29,Simbad,05 34 28.13,-05 26 39.22,1
55,2,,1477,97,12.1,12.23,,1.61,3.643,K5Ve(D),0.77,0.26,2.33,0.67,5.71,Simbad,05 34 28.45,-05 24 57.72,1
56,3133,,,,13.95,16.74,,3.25,,,,,,,,Simbad,05 34 28.50,-05 30 32.14,1
57,3082,,,,11.89,15.96,,,,,,,,,,Simbad,05 34 28.89,-05 23 47.71,1
58,3,,1482,0,14.96,13.01,,2.5,3.58,K8-M0(H),1.81,0.24,3.05,0.27,4.59,Simbad,05 34 29.01,-05 14 14.41,1
59,5,,1484,1,11.82,10.97,,1.04,3.708,K1(WSH),0.29,0.64,2.69,1.73,6.1,Simbad,05 34 29.18,-05 23 56.52,1
60,4,,1483,0,14.67,12.79,,2.35,3.661,K4(H),2.96,0.56,3.04,0.8,5.52,Simbad,05 34 29.21,-05 14 39.61,1
61,3152,,,,15.64,15.36,,2.51,,,,,,,,Simbad,05 34 29.27,-05 33 39.63,1
62,7,,,96,12.04,15.73,,3.12,3.5,M4.5(H),0.0,-1.09,0.95,0.13,6.23,Simbad,05 34 29.30,-05 25 51.52,1
63,8,,,99,11.76,15.73,,,3.483,M5.5(H),0.0,-0.98,1.18,0.1,5.43,Simbad,05 34 29.38,-05 23 37.22,1
64,6,,,96,15.08,15.66,,2.92,3.633,K5-K6:(H),3.96,-0.33,1.24,0.86,6.69,Simbad,05 34 29.43,-05 13 55.01,1
65,9,,,0,11.74,14.74,,4.2,3.695,K2-K5(H),8.21,1.06,4.63,1.61,5.43,Simbad,05 34 29.46,-05 23 43.22,1
66,11,,,99,11.78,15.22,,3.58,3.465,M6-M6.5(H),0.0,-0.62,1.92,0.11,4.49,Simbad,05 34 29.92,-05 25 17.12,1
67,10,,1481,,16.36,13.69,,2.55,3.633,K5-K6e(H),3.01,0.23,2.36,0.59,5.66,Simbad,05 34 30.17,-05 11 48.01,1
68,12,,,0,13.18,15.83,,2.99,3.518,M3.5(H),0.72,-1.04,0.92,0.18,6.33,Simbad,05 34 30.24,-05 17 00.92,1
69,14,,1492,0,12.24,10.19,,0.6,3.771,G0IV-V(Petal)G0V(vA),0.0,0.93,2.8,2.08,6.53,Simbad,05 34 30.24,-05 27 26.72,1
70,3063,,,,11.59,16.25,,3.24,3.5,M4.5(H),0.29,-1.23,0.81,0.13,6.35,Simbad,05 34 30.41,-05 21 55.50,1
71,13,,,17,16.81,15.56,,3.02,3.518,M3.5(H),0.79,-0.92,1.07,0.19,6.23,Simbad,05 34 30.54,-05 11 04.91,1
72,15,,,99,11.43,14.07,,2.66,3.562,M1(H),1.75,-0.18,2.04,0.3,5.7,Simbad,05 34 31.08,-05 21 55.72,1
73,17,,,99,12.58,13.54,,3.0,3.509,M4(H),0.23,-0.2,2.53,0.16,4.39,Simbad,05 34 31.20,-05 28 54.52,1
74,3022,,,,13.58,16.53,,,,,,,,,,Simbad,05 34 31.27,-05 15 49.68,1
75,16,,,0,15.64,11.85,,3.28,3.719,G8-K2(H),6.18,1.73,8.96,3.93,,Simbad,05 34 31.45,-05 12 29.81,1
76,18,,,99,12.3,14.42,,2.66,3.544,M2(H),1.1,-0.46,1.6,0.29,5.91,Simbad,05 34 31.60,-05 28 26.52,1
77,21,,1497,95,16.37,13.79,,2.07,,,,,,,,Simbad,05 34 31.71,-05 35 20.32,1
78,20,,,99,11.6,13.79,,2.67,3.518,M3.5(H),0.0,-0.4,1.93,0.2,5.28,Simbad,05 34 31.83,-05 26 36.52,1
79,3115,,,,11.93,15.74,,3.68,3.526,M3(H),2.9,-0.5,1.66,0.23,5.87,Simbad,05 34 31.94,-05 27 42.25,1
80,19,,,84,16.32,15.4,,4.55,3.483,M5.5(H),2.49,-0.23,2.75,0.16,4.05,Simbad,05 34 31.99,-05 11 24.71,1
81,22,,,99,11.18,13.9,,2.38,3.555,M1.5(H),0.8,-0.34,1.75,0.32,5.83,Simbad,05 34 32.60,-05 21 07.32,1
83,25,,,99,10.8,15.22,,2.54,3.5,M4.5(H),0.0,-0.88,1.21,0.14,6.05,Simbad,05 34 33.51,-05 22 08.62,1
84,24,,1508,28,13.84,13.5,,2.08,3.562,M1(H),0.26,-0.31,1.75,0.34,5.84,Simbad,05 34 33.62,-05 14 36.12,1
85,26,,,99,11.36,15.2,,3.55,3.471,M6(H),0.0,-0.67,1.77,0.12,4.66,Simbad,05 34 33.75,-05 27 17.72,1
86,28,,1516,68,15.66,13.42,,2.28,,,,,,,,Simbad,05 34 33.84,-05 34 51.42,1
87,27,,1510,93,11.76,11.09,,1.31,3.695,K2(WSH),0.8,0.72,3.1,1.41,5.79,Simbad,05 34 33.87,-05 28 24.22,1
88,29,,1518,97,13.57,11.65,,1.6,3.695,K2IV(D),1.54,0.67,2.95,1.4,5.84,Simbad,05 34 35.05,-05 32 10.22,1
89,30,,,84,15.21,14.74,,3.27,3.509,M4(H),0.93,-0.52,1.77,0.18,5.31,Simbad,05 34 35.09,-05 34 32.32,1
90,33,,,98,16.14,14.69,,2.64,,,,,,,,Simbad,05 34 35.56,-05 35 52.52,1
91,32,,,99,12.09,14.66,,2.83,3.509,M4(H),0.0,-0.71,1.41,0.17,5.99,Simbad,05 34 35.61,-05 29 51.72,1
93,31,,,99,12.89,14.15,,2.44,3.526,M2.5-3(H),0.0,-0.58,1.52,0.23,5.97,Simbad,05 34 35.88,-05 15 24.02,1
94,35,,1524,33,16.33,12.9,,2.44,,,,,,,,Simbad,05 34 36.42,-05 36 17.42,1
95,36,,,99,12.54,14.29,,3.08,3.526,M3e(H),1.36,-0.3,2.1,0.21,5.15,Simbad,05 34 37.01,-05 31 08.52,1
96,37,,1527,92,15.08,12.95,,1.68,3.679,K2-K5e(H),1.51,0.14,1.73,1.15,6.38,Simbad,05 34 37.35,-05 34 51.92,1
97,38,,,99,10.15,15.63,,3.73,3.494,M5(H),1.16,-0.73,1.48,0.14,5.32,Simbad,05 34 37.58,-05 26 21.22,1
98,39,,,99,10.51,14.29,,2.4,3.526,M3(H),0.0,-0.63,1.43,0.23,6.03,Simbad,05 34 38.02,-05 27 40.12,1
99,41,,,96,15.72,15.42,,3.02,,,,,,,,Simbad,05 34 38.07,-05 35 49.82,1
100,40,,,99,9.62,14.48,,2.89,3.518,M3.5(H),0.46,-0.57,1.6,0.21,5.91,Simbad,05 34 38.15,-05 24 23.42,1
101,42,,,0,9.64,16.41,,,,G:(H),,,,,,Simbad,05 34 38.67,-05 21 24.62,1
102,3154,,,,14.17,16.1,,,,,,,,,,Simbad,05 34 39.03,-05 34 01.96,1
103,3113,,,,10.03,16.22,,3.05,,,,,,,,Simbad,05 34 39.46,-05 27 17.16,1
104,43,,,99,10.95,15.8,,3.73,3.483,M5.5(H),0.39,-0.91,1.27,0.11,5.31,Simbad,05 34 39.70,-05 17 24.22,1
105,45,,1540,0,9.24,9.89,,1.49,3.661,K4(WSH)K1IV-V(Petal)K1(D)K4V(vA),0.75,1.19,6.23,0.94,4.52,Simbad,05 34 39.70,-05 24 25.22,1
106,47,,1542,98,11.36,13.8,,,,,,,,,,Simbad,05 34 39.78,-05 30 06.22,1
107,46,,1541,97,9.74,11.12,,1.27,3.708,K1(WSH)K0IV(D)K3III-IVe(W),0.88,0.73,2.96,1.77,5.99,Simbad,05 34 39.80,-05 26 41.62,1
108,49,,,99,11.32,14.0,,,,,,,,,,Simbad,05 34 39.90,-05 30 03.92,1
109,48,,,99,9.51,15.5,,4.6,3.471,M6(H),1.71,-0.37,2.49,0.14,4.33,Simbad,05 34 39.92,-05 26 03.62,1
110,44,,1539,90,16.1,9.8,,0.94,4.053,B8(WSH)A0(Par)B8V(Her)B8V(vA),2.63,2.24,3.45,3.87,,Simbad,05 34 39.93,-05 10 06.81,1
111,51,,,99,9.5,14.45,,2.37,3.555,M1.5(H),0.77,-0.57,1.35,0.36,6.14,Simbad,05 34 40.74,-05 26 38.32,1
112,52,,,99,10.11,14.58,,3.64,3.494,M5(H),0.93,-0.37,2.25,0.15,4.53,Simbad,05 34 40.75,-05 28 09.12,1
113,50,,1552,98,8.93,11.65,,1.75,3.602,K1e(H)G-Ke(Par)K7.3(P),0.42,0.44,3.46,0.34,4.55,Simbad,05 34 40.79,-05 22 42.12,1
114,53,,,99,9.27,15.85,,2.8,3.58,M0(H),2.58,-0.71,1.02,0.56,6.77,Simbad,05 34 40.86,-05 25 59.62,1
115,56,,,88,14.07,16.26,,3.77,3.509,M4(H),2.21,-0.81,1.26,0.17,6.08,Simbad,05 34 41.48,-05 34 24.82,1
116,54,,,99,8.74,15.27,,3.58,3.494,M5(H),0.77,-0.68,1.57,0.14,5.23,Simbad,05 34 41.54,-05 23 57.22,1
117,57,,,97,16.01,15.8,,3.11,,,,,,,,Simbad,05 34 41.61,-05 36 49.12,1
118,55,,,95,9.37,14.4,,2.67,3.526,M3(H),0.31,-0.6,1.48,0.23,6.0,Simbad,05 34 41.63,-05 26 52.62,1
119,58,,,0,14.1,16.13,,3.85,,,,,,,,Simbad,05 34 41.74,-05 34 29.52,1
120,3062,,,,8.81,16.57,,,3.494,M5(H),0.0,-1.39,0.69,0.11,6.42,Simbad,05 34 41.74,-05 21 49.21,1
121,3060,,,,8.83,16.27,,2.33,,,,,,,,Simbad,05 34 41.87,-05 21 31.71,1
122,59,,,88,13.71,15.38,,3.83,3.5,M4.5(H),1.81,-0.51,1.86,0.16,5.06,Simbad,05 34 42.33,-05 12 38.02,1
123,60,,1563,58,13.96,11.74,,2.41,3.708,K0-K1(H)M1e:(GCVS)M1(B),3.8,1.19,5.06,2.22,5.52,Simbad,05 34 42.35,-05 12 18.61,1
124,3073,,,,8.52,16.6,,,,,,,,,,Simbad,05 34 42.40,-05 22 45.83,1
125,61,,,46,9.94,13.52,,2.86,,,,,,,,Simbad,05 34 42.65,-05 28 37.12,1
126,62,,,99,8.62,14.59,,3.05,3.695,early-K:(H),5.26,0.4,2.17,1.38,6.21,Simbad,05 34 42.78,-05 25 16.02,1
127,63,,1569,99,8.99,12.75,,2.06,3.623,K6(H),1.58,0.26,2.57,0.5,5.55,Simbad,05 34 42.89,-05 20 06.82,1
128,65,,,99,10.67,13.82,,2.25,3.58,M0(H),1.17,-0.24,1.75,0.39,5.85,Simbad,05 34 43.32,-05 30 06.52,1
129,3008,,,,11.98,16.56,,,,,,,,,,Simbad,05 34 43.38,-05 14 42.12,1
130,64,,1575,0,9.58,10.44,,0.56,3.836,"F1V(vA)F0-F2III,V(LDW)",0.51,1.04,2.36,1.86,6.78,Simbad,05 34 43.54,-05 18 27.22,1
131,67,,,0,8.44,16.62,,,,,,,,,,Simbad,05 34 43.67,-05 25 26.22,1
132,68,,,84,14.71,16.83,,,,,,,,,,Simbad,05 34 43.74,-05 35 36.72,1
133,66,,,0,13.26,16.32,,3.13,3.67,K2-K5(H),5.1,-0.33,1.05,0.98,7.1,Simbad,05 34 43.78,-05 12 55.42,1
136,70,,,99,8.47,15.27,,3.89,3.494,M5(H),1.57,-0.49,1.96,0.14,4.82,Simbad,05 34 44.33,-05 26 05.72,1
137,71,,,99,8.1,15.61,,2.99,3.509,M4(H),0.21,-1.04,0.97,0.16,6.26,Simbad,05 34 44.41,-05 24 38.12,1
138,73,,,99,13.02,14.04,,1.85,3.562,M1e(H),0.0,-0.59,1.27,0.41,6.28,Simbad,05 34 44.65,-05 33 41.92,1
139,75,,1587,99,8.01,11.11,,1.61,3.695,K2(WSH)K2(Sam),1.57,0.89,3.82,1.5,5.59,Simbad,05 34 45.10,-05 25 03.62,1
140,74,,1586,0,14.82,13.92,,2.22,3.526,M3e(H),0.0,-0.49,1.7,0.23,5.84,Simbad,05 34 45.12,-05 10 47.42,1
141,3026,,,,10.46,16.4,,,3.494,M5(H),0.0,-1.32,0.75,0.11,6.38,Simbad,05 34 45.18,-05 16 25.38,1
142,76,,,99,9.77,13.56,,2.97,3.509,M4(H),0.16,-0.23,2.45,0.16,4.48,Simbad,05 34 45.48,-05 29 20.52,1
143,77,,1595,99,7.8,13.61,,2.16,3.58,M0(H),0.94,-0.21,1.81,0.38,5.81,Simbad,05 34 45.83,-05 24 55.42,1
144,79,,,98,16.07,15.54,,3.18,3.5,M4.5(H),0.14,-0.98,1.08,0.14,6.13,Simbad,05 34 45.98,-05 37 31.72,1
145,82,,,16,17.48,12.37,,2.05,,,,,,,,Simbad,05 34 46.17,-05 39 08.42,1
146,78,,,0,8.77,15.36,,2.63,3.562,M1:(H),1.67,-0.71,1.1,0.42,6.49,Simbad,05 34 46.27,-05 18 53.32,1
147,81,,1600,97,7.61,12.91,,2.04,3.58,M0(H),0.63,-0.01,2.3,0.32,5.52,Simbad,05 34 46.32,-05 24 31.52,1
148,83,,,99,7.48,14.72,,3.12,3.544,M2e(H),2.28,-0.29,1.95,0.26,5.64,Simbad,05 34 46.49,-05 23 25.32,1
149,80,,1594,0,14.73,13.58,,2.07,3.695,K2(H),2.75,0.19,1.7,1.34,6.52,Simbad,05 34 46.58,-05 10 40.52,1
150,84,,,99,7.7,15.68,,3.33,3.526,M3(H),2.01,-0.7,1.32,0.23,6.09,Simbad,05 34 46.62,-05 21 24.52,1
151,86,,,99,7.91,15.83,,2.81,,,,,,,,Simbad,05 34 46.69,-05 26 04.52,1
152,85,,,99,7.66,14.78,,2.61,3.535,M2.5(H),0.59,-0.71,1.25,0.26,6.15,Simbad,05 34 46.71,-05 21 29.02,1
153,88,,1606,65,13.89,13.1,,2.48,3.555,M1.5(H),1.06,0.04,2.72,0.24,4.7,Simbad,05 34 46.82,-05 35 07.62,1
154,87,,,99,10.21,15.78,,3.55,3.518,M3.5(H),2.15,-0.67,1.41,0.2,6.04,Simbad,05 34 46.88,-05 16 19.62,1
155,3161,,,,13.81,15.87,,3.06,,,,,,,,Simbad,05 34 46.89,-05 35 03.00,1
156,1605,,1605,99,13.14,7.57,,0.41,3.993,A0(WSH)B9(Par)A0(S)B9.5V+A0.5(LA)A0V(vA)A0-1V(J),1.0,2.55,6.47,4.47,,Simbad,05 34 46.90,-05 34 14.82,1
157,3038,,,,8.99,16.34,,2.81,3.494,M5(H),0.0,-1.3,0.77,0.11,6.36,Simbad,05 34 47.12,-05 18 09.64,1
159,91,,1604,99,10.29,13.49,,2.44,3.509,M4(H),0.0,-0.24,2.43,0.16,4.51,Simbad,05 34 47.80,-05 30 46.12,1
160,93,,,88,14.27,15.56,,,3.5,M4.5(H),0.0,-1.02,1.03,0.14,6.17,Simbad,05 34 47.81,-05 35 43.82,1
161,90,,,99,7.15,15.61,,3.85,3.526,M3(H),3.34,-0.35,1.99,0.22,5.28,Simbad,05 34 47.85,-05 23 40.12,1
162,92,,,99,7.13,16.29,,,3.518,M3.5(H),0.0,-1.4,0.61,0.17,6.71,Simbad,05 34 48.04,-05 22 38.32,1
163,3130,,,,9.8,16.71,,3.48,3.5,M4.5(H),0.91,-1.26,0.78,0.13,6.37,Simbad,05 34 48.14,-05 30 09.78,1
164,94,,,99,11.59,15.16,,4.05,3.535,M2.5(H),4.28,0.04,2.97,0.19,4.34,Simbad,05 34 48.19,-05 32 34.62,1
165,95,,1612,95,15.68,12.85,,1.77,3.591,K8(H),0.15,-0.12,1.93,0.4,5.77,Simbad,05 34 48.20,-05 37 23.12,1
166,96,,,99,10.44,16.07,,,,,,,,,,Simbad,05 34 48.37,-05 31 06.82,1
167,98,,,99,8.13,14.62,,3.2,3.509,M4(H),0.75,-0.51,1.78,0.18,5.3,Simbad,05 34 48.69,-05 19 07.22,1
168,97,,,99,8.91,14.99,,3.66,3.518,M3.5(H),2.44,-0.29,2.2,0.2,4.97,Simbad,05 34 48.71,-05 17 46.32,1
169,100,,,99,12.3,15.21,,3.24,3.535,M2.5(H),2.21,-0.49,1.62,0.26,5.9,Simbad,05 34 48.72,-05 33 32.72,1
170,99,,,99,6.92,13.06,,2.51,3.562,M1(H),1.36,0.13,2.92,0.24,4.57,Simbad,05 34 48.75,-05 23 17.52,1
171,101,,,99,10.86,14.23,,1.22,,mid-G:e(H),,,,,,Simbad,05 34 48.79,-05 31 45.42,1
172,103,,,99,10.67,16.25,,3.28,3.535,M2.5(H),2.31,-0.88,1.03,0.26,6.33,Simbad,05 34 48.84,-05 31 31.12,1
173,102,,,99,8.45,14.83,,3.15,3.518,M3.5(H),1.13,-0.54,1.64,0.21,5.88,Simbad,05 34 48.87,-05 28 16.52,1
174,104,,,99,7.51,15.19,,2.6,3.526,M3e(H),0.13,-0.96,0.98,0.21,6.33,Simbad,05 34 48.99,-05 26 26.22,1
175,105,,,99,8.35,15.89,,,3.471,M6(H),0.0,-0.94,1.29,0.09,4.97,Simbad,05 34 48.99,-05 28 08.42,1
176,106,,,99,8.13,13.43,,2.42,3.526,M3(H),0.0,-0.29,2.12,0.21,5.13,Simbad,05 34 49.22,-05 18 55.32,1
177,107,,,99,8.8,14.2,,2.72,3.555,M1.5e(H),1.67,-0.25,1.95,0.29,5.72,Simbad,05 34 49.48,-05 29 02.82,1
178,108,,1623,92,8.09,9.29,,0.9,3.94,A3(WSH)A3:(H)A2(Par)A2Vp(LA)A5V:(vA)A6-7V(J)Am(M)A2(T),2.07,2.01,4.46,3.59,,Simbad,05 34 49.91,-05 18 44.42,1
179,109,,,99,9.03,16.04,,3.13,3.535,M2.5(H),1.92,-0.89,1.02,0.26,6.34,Simbad,05 34 50.02,-05 17 12.22,1
180,110,,,99,7.4,16.62,,,3.483,M4-M7(H),0.0,-1.33,0.78,0.09,6.32,Simbad,05 34 50.06,-05 19 59.92,1
181,3165,,,,13.92,16.59,,3.56,,,,,,,,Simbad,05 34 50.13,-05 35 38.60,1
182,113,,,99,7.19,14.2,,2.23,3.623,K6e(H),2.02,-0.21,1.49,0.69,6.3,Simbad,05 34 50.36,-05 20 20.22,1
183,112,,,99,9.47,16.12,,2.87,3.535,M2.5(H),1.26,-1.09,0.81,0.25,6.58,Simbad,05 34 50.38,-05 16 29.72,1
184,115,,,99,11.53,16.1,,3.92,3.483,M5.5(H),0.88,-0.91,1.27,0.11,5.31,Simbad,05 34 50.38,-05 32 53.52,1
185,114,,,99,6.5,15.34,,2.14,3.562,M1e(H),0.42,-1.01,0.78,0.41,6.96,Simbad,05 34 50.42,-05 23 35.02,1
186,111,,1622,98,13.82,13.04,,1.83,3.591,K8(H),0.3,-0.15,1.84,0.42,5.82,Simbad,05 34 50.43,-05 11 10.52,1
187,116,,1633,99,6.48,12.12,,1.44,3.643,K5(H),0.33,0.2,2.17,0.69,5.8,Simbad,05 34 50.63,-05 24 01.02,1
188,117,,,99,7.39,13.15,,2.13,3.58,M0e(H),0.86,-0.05,2.19,0.33,5.59,Simbad,05 34 50.65,-05 27 00.62,1
189,120,,,99,8.8,14.35,,3.01,3.5,M4.5(H),0.0,-0.54,1.8,0.16,5.13,Simbad,05 34 50.77,-05 29 24.62,1
190,118,,,99,8.38,14.82,,3.09,3.483,M5.5(H),0.0,-0.61,1.79,0.13,4.76,Simbad,05 34 50.92,-05 17 56.42,1
191,119,,,0,12.56,16.03,,3.23,,G:(H),,,,,,Simbad,05 34 51.06,-05 12 31.82,1
192,121,,,99,9.04,14.9,,3.71,3.526,M3(H),2.98,-0.15,2.49,0.2,4.72,Simbad,05 34 51.13,-05 16 54.82,1
193,122,,,98,11.7,14.44,,3.02,3.494,M5(H),0.0,-0.54,1.85,0.14,4.95,Simbad,05 34 51.36,-05 13 29.52,1
194,123,,1642,99,6.5,13.56,,2.19,3.695,K2(H),3.06,0.28,1.88,1.37,6.4,Simbad,05 34 51.48,-05 25 12.62,1
195,124,,,99,6.41,13.94,,2.76,3.518,M3.5(H),0.13,-0.43,1.87,0.2,5.38,Simbad,05 34 51.72,-05 21 38.92,1
196,125,,1641,99,6.19,14.66,,2.94,3.518,M3.5(H),0.59,-0.61,1.53,0.2,5.98,Simbad,05 34 51.93,-05 24 18.42,1
197,127,,,99,6.26,14.28,,2.94,3.518,M3.5e(H),0.59,-0.45,1.82,0.2,5.46,Simbad,05 34 51.95,-05 24 42.62,1
198,128,,,97,6.14,12.64,,2.82,3.535,M2.5(H),1.13,0.28,3.9,0.15,3.64,Simbad,05 34 52.08,-05 22 31.72,1
200,126,,,99,12.84,14.43,,2.55,3.526,M3(H),0.01,-0.69,1.34,0.23,6.08,Simbad,05 34 52.19,-05 12 03.22,1
201,132,,,99,9.06,14.56,,3.01,,,,,,,,Simbad,05 34 52.25,-05 30 07.52,1
202,130,,,99,6.25,15.89,,,,,,,,,,Simbad,05 34 52.27,-05 25 00.32,1
203,133,,,99,6.01,13.21,,2.08,3.555,M1.5(H),0.03,-0.25,1.94,0.29,5.73,Simbad,05 34 52.51,-05 24 03.42,1
204,131,,,99,9.8,15.94,,,,,,,,,,Simbad,05 34 52.52,-05 15 36.72,1
205,135,,,99,8.73,14.45,,2.93,3.526,M3e(H),0.98,-0.46,1.75,0.23,5.77,Simbad,05 34 52.56,-05 29 44.82,1
206,134,,,99,6.27,16.12,,,,,,,,,,Simbad,05 34 52.60,-05 21 25.12,1
207,136,,,99,7.47,13.83,,2.81,,,,,,,,Simbad,05 34 52.68,-05 27 54.52,1
208,137,,,99,7.45,13.6,,,,,,,,,,Simbad,05 34 52.68,-05 27 52.52,1
209,139,,,99,11.99,15.05,,3.13,3.518,M3.5(H),1.08,-0.65,1.46,0.2,6.02,Simbad,05 34 52.75,-05 33 48.02,1
210,138,,,99,8.13,14.69,,2.5,3.518,M3.5e(H),0.0,-0.76,1.28,0.2,6.11,Simbad,05 34 52.84,-05 28 58.62,1
211,140,,,99,14.14,13.87,,3.1,3.518,M3.5(H),1.0,-0.19,2.47,0.17,4.57,Simbad,05 34 53.35,-05 10 27.92,1
212,141,,,96,6.57,15.43,,2.84,,G:(H),,,,,,Simbad,05 34 53.52,-05 26 36.72,1
213,143,,,99,5.75,16.14,,,3.483,M5.5(H),0.0,-1.14,0.97,0.1,6.02,Simbad,05 34 53.80,-05 22 20.42,1
214,144,,,99,7.18,15.79,,3.7,3.526,M3(H),2.96,-0.51,1.64,0.23,5.88,Simbad,05 34 53.85,-05 27 48.72,1
215,145,,,99,5.67,15.88,,3.18,3.483,M5.3(P),0.0,-1.04,1.1,0.1,5.58,Simbad,05 34 54.03,-05 22 26.22,1
216,148,,,99,7.85,15.36,,3.73,3.58,M0(H),4.97,0.07,2.51,0.3,5.12,Simbad,05 34 54.10,-05 28 53.82,1
217,146,,,99,5.84,13.48,,2.27,3.544,M2(H),0.1,-0.33,1.87,0.27,5.73,Simbad,05 34 54.17,-05 21 35.12,1
218,147,,,99,8.17,14.8,,3.27,3.494,M5(H),0.0,-0.68,1.57,0.14,5.23,Simbad,05 34 54.32,-05 17 21.12,1
219,149,,,99,7.35,15.55,,3.25,3.526,M3e(H),1.8,-0.7,1.33,0.23,6.09,Simbad,05 34 54.56,-05 28 17.72,1
220,151,,,99,5.72,15.44,,3.19,3.526,M3e(H),1.65,-0.69,1.34,0.23,6.08,Simbad,05 34 54.75,-05 25 12.22,1
221,150,,,99,8.33,14.01,,2.87,3.623,K4-K6e(H),3.66,0.27,2.58,0.5,5.54,Simbad,05 34 54.86,-05 17 01.62,1
222,3111,,,,6.47,16.17,,3.85,3.483,M5.5e(H),0.7,-0.98,1.17,0.1,5.44,Simbad,05 34 54.91,-05 26 58.44,1
223,152,,,99,5.76,14.12,,2.78,3.526,M3(H),0.6,-0.42,1.83,0.22,5.61,Simbad,05 34 54.97,-05 25 29.02,1
224,153,,1660,98,8.77,8.93,,-0.01,4.025,B8(WSH)B9(Par)B8.5V(LA)B9V(vA)B8-9V(J)B8V(M)B8-9(S)B9n(T),0.13,1.89,2.63,3.08,,Simbad,05 34 55.20,-05 30 21.52,1
225,156,,,29,13.76,15.46,,3.4,3.571,M0.5(H),3.91,-0.22,1.86,0.35,5.78,Simbad,05 34 55.45,-05 36 06.12,1
226,155,,,99,8.14,14.93,,3.26,3.5,M4.5(H),0.35,-0.69,1.52,0.15,5.44,Simbad,05 34 55.51,-05 29 37.02,1
227,3046,,,,6.31,16.41,,,3.494,M5(H),0.0,-1.32,0.75,0.11,6.38,Simbad,05 34 55.74,-05 19 45.07,1
228,154,,,0,15.88,14.73,,2.72,3.719,G8-K1(H),4.75,0.23,1.59,1.44,6.77,Simbad,05 34 55.81,-05 08 21.12,1
229,159,,,99,9.36,13.87,,2.46,3.544,M2(H),0.59,-0.37,1.79,0.28,5.79,Simbad,05 34 55.88,-05 31 12.52,1
230,157,,1659,99,5.13,10.15,,1.56,3.679,K2(WSH)K2-K4(P)K0(vA)K0(vA)K1(CK)K4III(Ham),1.21,1.19,5.76,1.34,5.15,Simbad,05 34 55.89,-05 23 12.62,1
231,158,,,99,7.94,13.26,,2.15,3.555,M1.5(H),0.21,-0.23,1.99,0.28,5.69,Simbad,05 34 55.89,-05 29 25.92,1
232,162,,,99,11.46,15.32,,2.88,3.471,M5-M6(H),0.0,-0.71,1.68,0.11,4.71,Simbad,05 34 56.27,-05 33 40.12,1
233,166,,,99,15.55,14.25,,2.81,3.494,M5(H),0.0,-0.46,2.02,0.14,4.76,Simbad,05 34 56.30,-05 38 05.72,1
234,165,,1667,97,9.62,11.73,,1.82,3.897,A7(?),4.2,1.49,2.97,2.3,6.65,Simbad,05 34 56.39,-05 31 35.62,1
235,164,,,99,6.7,14.01,,2.38,3.544,M2e(H),0.39,-0.47,1.58,0.3,5.93,Simbad,05 34 56.43,-05 27 50.52,1
236,160,,,99,13.14,15.47,,3.28,3.535,M2.5(H),2.31,-0.57,1.48,0.27,6.0,Simbad,05 34 56.54,-05 11 12.42,1
237,168,,,99,5.9,15.0,,3.16,3.483,M5.5(H),0.0,-0.68,1.64,0.12,4.89,Simbad,05 34 56.67,-05 26 36.82,1
238,161,,,97,13.57,15.18,,3.02,3.509,M4(H),0.28,-0.85,1.21,0.17,6.11,Simbad,05 34 56.70,-05 10 43.72,1
239,163,,1665,99,12.81,11.85,,1.3,3.643,K5(H)K6(CK),0.0,0.22,2.24,0.68,5.76,Simbad,05 34 56.74,-05 11 33.02,1
240,167,,,99,5.22,14.91,,3.08,3.602,K7(H),3.83,-0.03,2.01,0.44,5.73,Simbad,05 34 56.76,-05 21 36.22,1
241,169,,,99,5.05,15.95,,,,,,,,,,Simbad,05 34 56.85,-05 22 06.02,1
242,171,,,99,4.89,14.94,,2.96,3.509,M4(H),0.13,-0.79,1.29,0.17,6.06,Simbad,05 34 56.93,-05 22 59.82,1
243,173,,,99,11.21,15.08,,3.65,3.509,M4(H),1.9,-0.41,1.99,0.18,5.07,Simbad,05 34 57.06,-05 33 29.12,1
244,170,,,2,15.74,13.73,,2.42,3.719,late-G/early-K(H),3.98,0.44,2.03,1.69,6.51,Simbad,05 34 57.13,-05 08 23.72,1
245,172,,,99,10.03,16.16,,3.45,3.5,M4.5(H),0.83,-1.06,0.99,0.14,6.2,Simbad,05 34 57.29,-05 14 33.42,1
246,174,,,99,8.73,14.14,,2.4,3.535,M2.5(H),0.05,-0.59,1.44,0.27,6.02,Simbad,05 34 57.36,-05 30 41.52,1
247,176,,1673,99,4.71,11.58,,1.89,3.591,K8(H),0.45,0.47,3.77,0.18,3.9,Simbad,05 34 57.68,-05 23 51.82,1
248,175,,,99,4.71,14.07,,2.41,3.526,M3(H),0.0,-0.55,1.58,0.23,5.93,Simbad,05 34 57.69,-05 22 50.92,1
249,179,,,99,7.07,16.65,,,3.483,M5.5(H),0.0,-1.34,0.77,0.09,6.32,Simbad,05 34 57.78,-05 28 41.52,1
250,181,,,99,7.89,15.16,,3.28,3.526,M3(H),1.88,-0.52,1.62,0.23,5.9,Simbad,05 34 57.83,-05 29 45.42,1
251,177,,,99,7.37,14.53,,2.9,3.58,M0(H),2.84,-0.12,2.02,0.35,5.71,Simbad,05 34 57.95,-05 17 37.62,1
252,182,,,48,7.8,16.56,,,,,,,,,,Simbad,05 34 57.96,-05 29 40.02,1
253,178,,,17,14.65,14.03,,2.58,3.544,M2(H),0.9,-0.36,1.81,0.27,5.77,Simbad,05 34 58.11,-05 09 27.42,1
254,180,,,99,12.36,14.45,,2.94,3.494,M5(H),0.0,-0.54,1.84,0.14,4.96,Simbad,05 34 58.11,-05 11 53.72,1
255,183,,,99,5.05,14.49,,3.45,3.494,M5(H),0.44,-0.45,2.05,0.15,4.73,Simbad,05 34 58.18,-05 25 32.92,1
256,184,,,99,4.99,15.73,,,3.555,M1.5(H),0.0,-1.27,0.6,0.35,7.18,Simbad,05 34 58.29,-05 21 16.52,1
257,186,,,99,10.46,16.13,,4.29,3.535,M2.5(H),4.9,-0.2,2.26,0.23,5.04,Simbad,05 34 58.44,-05 32 49.52,1
258,185,,,99,11.81,16.05,,3.33,3.483,M5.5(H),0.0,-1.1,1.01,0.1,5.89,Simbad,05 34 58.61,-05 12 26.12,1
259,187,,,99,4.89,14.27,,2.85,3.643,K5(H),3.95,0.22,2.23,0.68,5.77,Simbad,05 34 58.71,-05 21 17.52,1
260,188,,,99,6.42,14.32,,2.38,3.526,M3(H),0.0,-0.65,1.41,0.23,6.04,Simbad,05 34 58.81,-05 28 02.92,1
261,5010,,,,10.59,16.91,,3.79,,late-G::(H),,,,,,Simbad,05 34 58.83,-05 13 44.79,1
262,189,,,99,4.34,15.24,,3.43,3.494,M4.5IV-M5V(H),0.39,-0.76,1.43,0.14,5.39,Simbad,05 34 59.10,-05 23 07.52,1
263,190,,,99,4.3,15.33,,,3.471,M6(H),0.0,-0.72,1.67,0.11,4.72,Simbad,05 34 59.22,-05 23 32.32,1
264,191,,,99,4.28,14.18,,2.78,3.535,M4(Eetal)M2.5(H),1.03,-0.37,1.87,0.24,5.67,Simbad,05 34 59.47,-05 23 59.92,1
265,192,,1686,99,4.8,13.73,,2.3,3.544,M2(H),0.18,-0.41,1.7,0.29,5.86,Simbad,05 34 59.54,-05 25 39.52,1
266,195,,,27,13.92,13.94,,3.38,,,,,,,,Simbad,05 34 59.79,-05 36 39.42,1
267,193,,1684,99,4.11,11.36,,1.58,3.719,K0-K2e(H)K0e(Par)K6(CK)K0e(J),1.83,0.87,3.3,2.2,6.03,Simbad,05 35 00.03,-05 23 01.62,1
268,197,,1685,99,4.51,9.89,,0.27,4.025,B9(WSH)A0(Par)A1Vn+Am(LA)B9V(vA)A0V(J)A0(T),0.85,1.69,2.07,2.51,6.69,Simbad,05 35 00.03,-05 25 15.82,1
269,5106,,,,4.14,17.32,,1.9,,>M2(H),,,,,,Simbad,05 35 00.13,-05 24 08.89,1
270,5038,,,,8.45,17.07,,,3.633,K5-K6:(H),0.0,-1.86,0.21,,,Simbad,05 35 00.14,-05 15 58.38,1
271,196,,,95,6.09,14.43,,2.72,3.58,M0(H),2.38,-0.19,1.86,0.38,5.79,Simbad,05 35 00.16,-05 18 50.72,1
272,194,,,99,14.22,15.77,,2.99,3.483,M5.5(H),0.0,-0.99,1.15,0.1,5.46,Simbad,05 35 00.31,-05 09 44.12,1
273,198,,,99,4.42,13.8,,1.63,3.623,K6e(H),0.48,-0.43,1.16,0.82,6.77,Simbad,05 35 00.37,-05 25 13.92,1
274,203,,1695,98,15.28,13.85,,2.48,3.58,MO(H),1.76,-0.11,2.04,0.35,5.7,Simbad,05 35 00.72,-05 38 08.32,1
275,200,,,99,8.65,15.85,,3.81,3.535,M2.5(H),3.67,-0.39,1.82,0.25,5.74,Simbad,05 35 00.75,-05 31 05.32,1
276,199,,,99,14.27,14.83,,3.48,3.509,M4(H),1.46,-0.42,1.97,0.18,5.08,Simbad,05 35 00.77,-05 09 38.92,1
277,201,,,99,3.95,13.41,,2.97,3.535,M2.5(H),1.51,0.06,3.05,0.19,4.27,Simbad,05 35 00.93,-05 24 10.02,1
278,5084,,,,4.84,16.99,,,,,,,,,,Simbad,05 35 00.97,-05 20 27.19,1
279,202,,,,3.87,15.88,,2.9,3.5,M4.5(H),0.0,-1.15,0.89,0.13,6.29,Simbad,05 35 01.00,-05 23 03.52,1
281,206,,1694,99,3.9,12.83,,2.08,,,,,,,,Simbad,05 35 01.09,-05 24 06.42,1
282,205,,,99,4.16,16.6,,,3.471,M6(H),0.0,-1.23,0.93,0.07,5.38,Simbad,05 35 01.14,-05 21 44.12,1
283,208,,,96,4.9,14.27,,2.52,3.535,M2.5(H),0.36,-0.56,1.48,0.27,5.99,Simbad,05 35 01.21,-05 20 16.62,1
284,207,,,99,6.3,15.7,,,,,,,,,,Simbad,05 35 01.23,-05 18 21.22,1
285,210,,,93,4.84,14.08,,2.6,3.591,K6-K8(H),2.27,-0.09,1.99,0.39,5.73,Simbad,05 35 01.25,-05 20 22.02,1
286,204,,1693,98,14.34,13.74,,2.16,3.555,M1.5(H),0.24,-0.41,1.61,0.33,5.92,Simbad,05 35 01.35,-05 09 32.52,1
287,211,,,99,6.22,14.04,,2.61,3.535,M2.5(H),0.59,-0.42,1.76,0.25,5.79,Simbad,05 35 01.39,-05 28 20.32,1
288,213,,,99,4.32,15.59,,2.89,3.494,M5(H),0.0,-1.0,1.09,0.13,6.07,Simbad,05 35 01.49,-05 25 33.62,1
289,212,,,99,3.81,15.11,,3.62,3.494,M5(H),0.88,-0.59,1.74,0.14,5.06,Simbad,05 35 01.51,-05 24 09.82,1
290,216,,,99,10.91,16.01,,3.99,3.526,M3(H),3.7,-0.42,1.83,0.22,5.61,Simbad,05 35 01.52,-05 33 37.72,1
291,214,,,99,4.91,16.75,,,,,,,,,,Simbad,05 35 01.58,-05 26 36.02,1
292,215,,,99,5.29,16.15,,,,,,,,,,Simbad,05 35 01.62,-05 27 09.52,1
293,218,,,99,7.85,14.98,,2.99,3.5,M4.5(H),0.0,-0.79,1.35,0.15,5.88,Simbad,05 35 01.73,-05 30 18.82,1
294,217,,,99,6.02,15.66,,3.85,3.526,M3(H),3.34,-0.37,1.94,0.22,5.35,Simbad,05 35 01.92,-05 18 34.02,1
295,219,,,99,6.16,15.52,,4.3,3.494,M5(H),2.62,-0.33,2.35,0.15,4.43,Simbad,05 35 01.99,-05 18 22.52,1
296,220,,1704,99,4.83,12.67,,2.25,3.555,M1.5(H),0.47,0.07,2.81,0.24,4.62,Simbad,05 35 01.99,-05 26 35.82,1
297,3013,,,,8.55,14.13,,2.37,3.526,M3(H),0.0,-0.57,1.54,0.23,5.96,Simbad,05 35 02.02,-05 15 36.99,1
298,222,,,98,6.8,14.14,,2.85,3.544,M2(H),1.59,-0.23,2.09,0.25,5.33,Simbad,05 35 02.09,-05 29 09.22,1
299,3138,,,,8.56,16.62,,,,,,,,,,Simbad,05 35 02.22,-05 31 10.25,1
300,221,,1703,98,8.36,11.33,,2.66,3.679,K3(H),4.03,1.41,7.39,1.52,4.98,Simbad,05 35 02.30,-05 15 47.82,1
301,223,b,,,4.37,,,,,,,,,,,Simbad,05 35 02.30,-05 20 48.15,1
302,223,a,,99,4.38,13.64,,2.42,3.643,K5(H),2.85,0.2,2.18,0.68,5.79,Simbad,05 35 02.34,-05 20 46.32,1
303,225,,,99,10.39,13.37,,2.3,3.555,M1.5(H),0.6,-0.18,2.11,0.27,5.49,Simbad,05 35 02.40,-05 33 09.52,1
304,227,,,99,9.67,16.27,,4.25,,,,,,,,Simbad,05 35 02.60,-05 32 24.52,1
305,224,,,99,5.01,15.38,,3.07,3.562,M1e(H),2.8,-0.45,1.5,0.37,6.02,Simbad,05 35 02.65,-05 19 44.42,1
306,228,,,99,9.32,16.66,,3.68,3.494,M5e(H),1.03,-1.17,0.89,0.12,6.26,Simbad,05 35 02.67,-05 32 02.32,1
307,226,,,99,3.63,15.68,,2.35,,G:(H),,,,,,Simbad,05 35 02.75,-05 22 07.92,1
308,232,,1727,79,7.45,11.7,,1.86,3.695,K1-K2(Sam),2.21,0.82,3.48,1.45,5.67,Simbad,05 35 02.91,-05 30 00.92,1
309,230,,,99,3.44,14.58,,,3.471,M6(H),0.0,-0.42,2.36,0.14,4.38,Simbad,05 35 03.00,-05 22 37.52,1
310,229,,,99,5.91,14.17,,2.41,3.555,M1.5(H),0.88,-0.43,1.58,0.33,5.94,Simbad,05 35 03.07,-05 18 29.82,1
311,231,,,99,6.42,15.57,,,3.471,M6(H),0.0,-0.81,1.49,0.1,4.82,Simbad,05 35 03.13,-05 17 53.22,1
312,5042,,,,7.74,17.4,,,,,,,,,,Simbad,05 35 03.23,-05 16 22.21,1
313,234,,,99,4.29,15.95,,2.88,3.5,M4.5(H),0.0,-1.18,0.86,0.13,6.31,Simbad,05 35 03.34,-05 26 09.72,1
314,233,,,99,3.27,16.6,,1.87,3.518,M3.5e(H),0.0,-1.53,0.53,0.16,6.87,Simbad,05 35 03.35,-05 23 32.52,1
315,235,,,,6.86,13.69,,2.49,,,,,,,,Simbad,05 35 03.47,-05 29 25.67,1
316,5100,,,,3.26,16.53,,,3.483,M5.5e(H),0.0,-1.3,0.81,0.09,6.28,Simbad,05 35 03.61,-05 22 45.29,1
317,236,,,,3.52,16.58,,,,,,,,,,Simbad,05 35 03.69,-05 24 53.72,1
318,239,,1725,99,6.49,12.73,,2.25,3.555,M1.5(H)M4:(Eetal),0.47,0.05,2.73,0.24,4.69,Simbad,05 35 03.83,-05 29 02.92,1
319,237,,,99,5.39,15.32,,3.22,3.509,M4(H),0.8,-0.78,1.31,0.17,6.05,Simbad,05 35 03.87,-05 18 59.62,1
320,243,,,99,4.49,13.58,,2.36,3.544,M2(H),0.34,-0.31,1.9,0.26,5.71,Simbad,05 35 03.97,-05 26 36.72,1
321,241,,,99,4.39,16.54,,,,,,,,,,Simbad,05 35 04.07,-05 20 15.52,1
322,244,,,99,3.24,15.47,,2.91,3.494,M5(H),0.0,-0.95,1.15,0.13,6.01,Simbad,05 35 04.07,-05 22 24.02,1
323,245,,,99,4.36,13.95,,2.7,3.544,M2e(H),1.21,-0.25,2.05,0.25,5.42,Simbad,05 35 04.10,-05 26 27.42,1
324,240,,,99,8.59,15.69,,3.19,3.562,M1(H),3.11,-0.5,1.42,0.38,6.1,Simbad,05 35 04.11,-05 15 21.32,1
325,238,,1724,42,15.47,9.12,,1.43,3.719,K0V(vA),1.44,1.67,8.31,3.75,,Simbad,05 35 04.22,-05 08 12.72,1
326,248,,,99,3.04,12.73,,2.17,3.571,M0.5-M2e(H)M1.2(P)M3(Eetal)K4-M0(Sam),0.75,0.1,2.7,0.27,4.82,Simbad,05 35 04.28,-05 23 13.62,1
327,242,,,0,15.4,14.2,,,,,,,,,,Simbad,05 35 04.31,-05 08 16.62,1
328,249,,1737,99,3.05,13.64,,2.35,3.695,"K2(H)M0,M4(Sam)",3.47,0.35,2.03,1.38,6.3,Simbad,05 35 04.41,-05 23 56.22,1
329,250,,,99,4.03,14.02,,3.0,3.526,M3(H),1.16,-0.24,2.24,0.21,5.0,Simbad,05 35 04.41,-05 26 04.02,1
330,252,,1726,99,6.93,12.62,,1.71,3.643,K4-K5(H),1.02,0.17,2.1,0.69,5.85,Simbad,05 35 04.43,-05 29 37.82,1
331,255,,1738,0,5.87,13.94,,1.42,,,,,,,,Simbad,05 35 04.49,-05 28 26.07,1
332,254,,,99,4.22,14.35,,3.21,3.526,M3(H),1.7,-0.24,2.24,0.21,5.0,Simbad,05 35 04.51,-05 26 22.52,1
333,251,,,99,3.25,14.68,,2.12,3.544,M2(H),0.0,-0.83,1.04,0.3,6.38,Simbad,05 35 04.52,-05 24 42.02,1
335,247,,,97,13.77,13.5,,,,,,,,,,Simbad,05 35 04.53,-05 09 55.72,1
336,256,,,99,6.89,14.08,,1.13,3.518,M3.5(H),0.0,-0.52,1.69,0.21,5.82,Simbad,05 35 04.57,-05 29 35.72,1
337,3084,,,,3.19,16.56,,,,,,,,,,Simbad,05 35 04.60,-05 24 35.60,1
338,258,,,99,4.38,13.69,,2.38,3.571,M0.5(H),1.29,-0.15,2.02,0.33,5.71,Simbad,05 35 04.66,-05 26 37.52,1
339,253,,,99,6.39,14.22,,3.13,3.643,K5(H),4.66,0.41,2.79,0.63,5.52,Simbad,05 35 04.67,-05 17 42.12,1
340,257,,,99,3.01,14.51,,2.64,3.5,M4.5(H),0.0,-0.6,1.67,0.15,5.26,Simbad,05 35 04.72,-05 22 38.52,1
341,259,,,97,3.79,16.38,,,3.518,M3.5(H),0.0,-1.44,0.59,0.16,6.76,Simbad,05 35 04.77,-05 20 57.32,1
342,263,,,99,13.66,14.9,,3.14,3.5,M4.5(H),0.04,-0.75,1.41,0.15,5.65,Simbad,05 35 04.98,-05 36 43.82,1
343,261,,,99,4.11,14.23,,2.75,,,,,,,,Simbad,05 35 05.04,-05 20 24.22,1
344,262,,,99,3.89,15.64,,2.62,3.5,M4.5(H),0.0,-1.05,0.99,0.14,6.2,Simbad,05 35 05.10,-05 26 03.22,1
345,260,,1736,97,8.99,9.43,,1.63,3.761,F8(WSH)G5(S),2.48,1.83,8.25,4.13,,Simbad,05 35 05.11,-05 14 50.22,1
346,5112,,,,3.26,17.56,,,,,,,,,,Simbad,05 35 05.20,-05 25 02.57,1
347,271,,1748,99,11.44,12.74,,1.88,3.58,M0(H),0.22,-0.04,2.21,0.33,5.57,Simbad,05 35 05.24,-05 34 28.12,1
348,265,,,99,2.89,14.3,,2.69,3.58,M0(H),2.3,-0.16,1.93,0.37,5.75,Simbad,05 35 05.28,-05 24 10.22,1
349,268,,1747,99,4.79,12.88,,1.61,3.623,K5-K6(H),0.43,-0.07,1.75,0.62,6.01,Simbad,05 35 05.31,-05 27 16.62,1
350,266,,,99,2.91,16.21,,,,,,,,,,Simbad,05 35 05.32,-05 24 14.72,1
351,267,,,97,3.4,14.5,,,,,,,,,,Simbad,05 35 05.35,-05 25 21.52,2
352,5096,,,,2.9,17.49,,,3.46,M6.5(H),0.0,-1.48,0.73,0.05,5.2,Simbad,05 35 05.36,-05 22 30.10,1
353,270,,,99,3.76,16.0,,,3.518,M3.5(H),0.0,-1.29,0.7,0.17,6.59,Simbad,05 35 05.37,-05 25 55.32,1
354,272,,,99,5.26,14.07,,2.3,3.555,M1.5e(H),0.6,-0.46,1.53,0.34,5.98,Simbad,05 35 05.40,-05 27 51.72,1
355,264,,,99,11.85,16.0,,,3.661,K3-K5(H),0.0,-1.44,0.3,,,Simbad,05 35 05.52,-05 11 50.62,1
356,277,,,99,6.58,15.42,,2.26,3.571,M0.5(H),0.98,-0.92,0.84,0.49,6.98,Simbad,05 35 05.52,-05 29 21.82,1
357,3040,,,,5.67,15.53,,,,,,,,,,Simbad,05 35 05.52,-05 18 24.39,1
358,273,,1746,99,3.34,10.18,,1.34,3.702,K0(WSH)K0-K3e(H)A0V+K1V(?)A0V(vA)K0:e(J)K4eIV(W)K3(CK),0.98,1.12,4.81,1.89,5.48,Simbad,05 35 05.55,-05 25 19.02,1
359,274,,,,2.73,15.5,,,,<M0e(H),,,,,,Simbad,05 35 05.60,-05 23 44.32,1
360,275,a,1745,99,3.21,13.01,,2.28,3.544,M2(H),0.13,-0.13,2.33,0.24,5.01,Simbad,05 35 05.60,-05 25 05.92,1
361,276,,,99,2.75,13.96,,3.04,3.5,M4-4.5(H),0.0,-0.38,2.15,0.15,4.73,Simbad,05 35 05.62,-05 23 53.72,1
362,269,,,99,12.1,16.27,,,,,,,,,,Simbad,05 35 05.64,-05 11 34.92,1
363,278,,,99,2.85,13.66,,1.94,3.643,K2-K7e(H),1.61,-0.11,1.53,0.83,6.36,Simbad,05 35 05.64,-05 24 18.02,1
364,280,,,99,4.07,13.44,,2.67,3.526,M3(H),0.31,-0.22,2.31,0.21,4.92,Simbad,05 35 05.64,-05 26 25.82,1
365,275,b,,,3.18,,,,,,,,,,,Simbad,05 35 05.65,-05 25 03.74,1
366,284,,,99,10.88,14.6,,3.11,3.526,M3e(H),1.44,-0.41,1.86,0.22,5.52,Simbad,05 35 05.67,-05 33 55.42,1
367,3162,,,,12.28,16.51,,3.94,,,,,,,,Simbad,05 35 05.68,-05 35 21.65,1
368,279,,,,2.68,16.22,,,3.483,M5.5e(H),0.0,-1.17,0.94,0.1,6.07,Simbad,05 35 05.70,-05 23 15.62,1
369,281,,,99,4.51,13.96,,3.04,3.518,M3.5(H),0.85,-0.26,2.27,0.19,4.87,Simbad,05 35 05.76,-05 27 01.12,1
370,283,,,99,4.61,15.17,,3.07,3.591,K8(H),3.48,-0.23,1.69,0.45,5.93,Simbad,05 35 05.79,-05 27 08.52,1
371,282,,,99,9.33,16.26,,,3.5,M4.5(H),0.0,-1.3,0.75,0.12,6.41,Simbad,05 35 06.01,-05 14 24.82,1
372,285,,,99,4.31,15.06,,,3.509,M4(H),0.0,-0.87,1.18,0.17,6.12,Simbad,05 35 06.06,-05 19 55.42,1
373,1744,,1744,99,11.42,8.05,,-0.16,4.195,B5(WSH)B5(Par)B4V(LA)B3V(vA)B3-5V(J),0.06,2.69,3.03,4.81,,Simbad,05 35 06.08,-05 12 15.22,1
374,3064,,,,2.83,16.2,,,,,,,,,,Simbad,05 35 06.09,-05 22 12.18,1
375,286,,,99,2.88,14.91,,2.78,3.643,K5(H),3.77,-0.08,1.58,0.82,6.31,Simbad,05 35 06.19,-05 22 02.32,1
376,290,,,99,4.47,15.48,,,,,,,,,,Simbad,05 35 06.33,-05 27 04.32,1
377,287,,,99,2.81,15.64,,,3.518,M3.5e(H),0.0,-1.14,0.82,0.18,6.44,Simbad,05 35 06.35,-05 22 07.22,1
378,289,,,,2.52,16.6,,,,,,,,,,Simbad,05 35 06.35,-05 23 14.82,1
379,295,,1755,0,10.51,13.93,,1.78,3.571,M0.5e(H)M2(Eetal),0.0,-0.56,1.26,0.45,6.33,Simbad,05 35 06.35,-05 33 34.82,1
380,294,,,99,8.17,15.41,,3.5,3.5,M4.5(H),0.96,-0.73,1.45,0.15,5.57,Simbad,05 35 06.36,-05 31 08.72,1
381,288,,,99,3.25,15.44,,2.73,3.494,M5(H),0.0,-0.94,1.17,0.13,6.0,Simbad,05 35 06.37,-05 21 18.52,1
382,291,,1754,99,2.82,12.86,,2.07,3.562,M1(H)K4-M0(Sam),0.24,-0.06,2.33,0.27,5.18,Simbad,05 35 06.42,-05 24 41.02,1
383,292,,,99,2.98,15.8,,1.65,3.509,M4(H),0.0,-1.17,0.84,0.15,6.37,Simbad,05 35 06.45,-05 25 01.12,1
384,5159,,,,9.8,17.0,,2.86,,,,,,,,Simbad,05 35 06.47,-05 32 51.10,1
385,296,,,99,4.26,14.3,,3.31,3.5,M4.5e(H),0.47,-0.4,2.1,0.16,4.78,Simbad,05 35 06.50,-05 26 50.52,1
386,297,,,99,3.91,16.72,,,3.483,M5.5(H),0.0,-1.37,0.75,0.09,6.34,Simbad,05 35 06.69,-05 20 18.82,2
387,293,,,99,12.96,14.52,,3.34,3.494,M5(H),0.16,-0.53,1.87,0.14,4.93,Simbad,05 35 06.74,-05 10 38.42,1
388,298,,,99,2.7,16.05,,,3.471,M6(H),0.0,-1.01,1.2,0.09,5.05,Simbad,05 35 06.80,-05 22 09.02,1
389,299,,,22,3.56,15.43,,,,,,,,,,Simbad,05 35 06.82,-05 26 00.32,1
390,5064,,,,5.41,16.91,,,3.471,M6(H),0.0,-1.35,0.81,0.07,5.59,Simbad,05 35 07.05,-05 18 30.03,1
391,300,,,99,2.49,14.3,,2.78,3.526,M2-M4:(H),0.6,-0.49,1.68,0.23,5.85,Simbad,05 35 07.18,-05 22 26.22,1
392,5138,,,,6.7,17.61,,,,,,,,,,Simbad,05 35 07.25,-05 29 40.50,1
393,302,,,99,2.45,14.88,,,,,,,,,,Simbad,05 35 07.29,-05 22 28.72,1
394,303,,,99,3.32,15.08,,,,,,,,,,Simbad,05 35 07.30,-05 25 47.62,1
395,304,,,99,3.99,15.07,,3.26,3.494,M5(H),0.0,-0.79,1.39,0.13,5.44,Simbad,05 35 07.35,-05 26 39.82,1
396,301,,,99,12.34,15.23,,3.02,,,,,,,,Simbad,05 35 07.44,-05 11 14.32,1
397,5075,,,,4.2,17.43,,,,,,,,,,Simbad,05 35 07.44,-05 19 49.84,1
398,308,,1763,0,13.14,12.55,,2.54,3.526,M3(H)M4(Eetal)M2(B),0.0,0.06,3.18,0.16,4.09,Simbad,05 35 07.52,-05 36 19.32,1
399,305,,,99,2.31,14.58,,2.39,3.518,M3-M3.5(H),0.0,-0.72,1.34,0.2,6.07,Simbad,05 35 07.54,-05 24 00.32,1
400,310,,,98,13.78,13.84,,3.57,3.5,M4.5(H),1.14,-0.05,3.14,0.15,3.8,Simbad,05 35 07.59,-05 36 58.72,1
401,306,,,99,2.66,16.07,,,3.509,M4(H),0.0,-1.27,0.74,0.15,6.47,Simbad,05 35 07.61,-05 24 52.42,1
402,311,,,99,6.29,14.94,,3.13,3.518,M3.5(H)M3.8(P)M5(Eetal),1.08,-0.6,1.54,0.2,5.97,Simbad,05 35 07.75,-05 29 17.02,1
403,307,,,99,6.65,15.48,,2.47,3.526,M3(H),0.0,-1.11,0.83,0.21,6.49,Simbad,05 35 07.76,-05 17 05.22,1
404,312,,,96,9.58,15.5,,,,,,,,,,Simbad,05 35 07.77,-05 32 42.32,1
405,309,,,99,2.99,14.77,,2.03,3.518,M3-M4(H),0.0,-0.79,1.23,0.19,6.13,Simbad,05 35 07.85,-05 21 16.92,1
406,313,,1766,99,9.59,14.55,,2.3,3.58,M0(H),1.3,-0.5,1.3,0.5,6.33,Simbad,05 35 07.93,-05 32 43.82,1
407,315,,,99,13.57,14.83,,2.85,3.518,M3.5(H),0.36,-0.73,1.32,0.2,6.09,Simbad,05 35 07.93,-05 36 46.62,1
408,316,,,99,13.03,15.24,,,,,,,,,,Simbad,05 35 07.95,-05 36 13.92,1
409,314,,,,2.18,15.85,,,,,,,,,,Simbad,05 35 08.13,-05 24 02.82,2
410,321,,1767,95,13.86,13.46,,2.09,3.58,MOe(H),0.76,-0.19,1.85,0.38,5.8,Simbad,05 35 08.13,-05 37 04.72,1
411,318,,,99,6.17,15.95,,3.32,3.5,M4.5(H),0.5,-1.05,0.99,0.14,6.2,Simbad,05 35 08.16,-05 29 11.62,1
412,317,,,99,2.38,14.83,,,,,,,,,,Simbad,05 35 08.20,-05 24 34.52,1
413,319,,,99,5.0,14.65,,3.26,,,,,,,,Simbad,05 35 08.25,-05 27 56.52,1
414,3025,,,,7.33,16.78,,,,M4::(H),,,,,,Simbad,05 35 08.26,-05 16 19.81,1
415,320,,,99,5.49,14.73,,2.37,3.695,K2(H),3.52,-0.08,1.25,1.16,6.94,Simbad,05 35 08.29,-05 28 28.92,1
416,322,,,99,2.39,15.0,,,3.5,M4.5(H),0.0,-0.8,1.33,0.15,5.9,Simbad,05 35 08.43,-05 24 41.22,1
417,323,,,99,2.76,13.92,,3.05,3.544,M2(H),2.1,-0.02,2.67,0.22,4.67,Simbad,05 35 08.44,-05 25 17.52,1
418,324,,,99,3.54,15.99,,,3.5,M4.5(H),0.0,-1.19,0.85,0.13,6.32,Simbad,05 35 08.50,-05 26 19.02,1
419,326,,,99,5.97,15.24,,3.26,3.585,"K6-K8,M0(H)",3.86,-0.16,1.89,0.39,5.78,Simbad,05 35 08.59,-05 29 01.22,1
420,3072,,,,1.99,15.52,,,,,,,,,,Simbad,05 35 08.64,-05 22 56.25,1
421,328,,1765,99,8.65,12.86,,1.64,3.661,K4(H),1.13,0.09,1.77,0.94,6.23,Simbad,05 35 08.75,-05 31 48.52,1
422,3045,,,,4.27,16.5,,,,,,,,,,Simbad,05 35 08.82,-05 19 32.77,1
424,327,,,99,3.61,15.92,,1.56,3.509,M4(H),0.0,-1.21,0.79,0.15,6.41,Simbad,05 35 08.95,-05 20 17.12,1
425,330,,1773,99,6.86,11.78,,1.42,3.679,K1-K4(H)K1IV-Ve(Par)K3(CK)K3(D)K3-K5.5(P)K6(Eetal),0.85,0.45,2.46,1.07,5.89,Simbad,05 35 08.96,-05 29 58.72,1
426,329,,,,6.77,17.31,,,,,,,,,,Simbad,05 35 09.09,-05 16 51.25,1
427,3134,,,,7.81,16.23,,,,,,,,,,Simbad,05 35 09.12,-05 30 58.03,1
429,331,,,,2.98,16.17,,,,,,,,,,Simbad,05 35 09.37,-05 20 58.22,2
430,5127,,,,4.76,14.94,,,,,,,,,,Simbad,05 35 09.41,-05 27 48.46,1
431,333,,,99,4.93,14.7,,1.92,3.483,M5-M6(H),0.0,-0.56,1.89,0.13,4.67,Simbad,05 35 09.50,-05 27 59.52,1
432,334,,,99,5.29,13.64,,2.35,3.562,M1e(H),0.95,-0.2,1.99,0.3,5.72,Simbad,05 35 09.50,-05 28 22.52,1
433,335,,,99,3.46,15.57,,1.31,3.562,M1e(H),0.0,-1.21,0.63,0.4,7.24,Simbad,05 35 09.55,-05 26 22.82,1
435,332,,,99,2.6,14.25,,2.07,3.518,M3.5(H),0.0,-0.59,1.56,0.2,5.94,Simbad,05 35 09.60,-05 21 24.72,1
436,336,,,99,2.55,14.89,,,,,,,,,,Simbad,05 35 09.67,-05 21 27.92,1
437,337,,1771,99,1.69,11.71,,1.76,3.591,K8(H)K4-M0(Sam),0.12,0.34,3.23,0.25,4.42,Simbad,05 35 09.67,-05 23 26.52,1
438,338,,,99,4.16,14.42,,3.45,3.518,M3.5-M4(H)M3(Eetal),1.9,-0.19,2.46,0.17,4.57,Simbad,05 35 09.76,-05 19 33.82,1
439,1772,,1772,99,4.8,8.04,,0.33,4.294,B2.5(WSH)B2Vp(Par)B2(LA)B2Vp(vA)B1-2V(J)B1.5pV(S)B3(T),1.47,3.27,3.72,7.15,,Simbad,05 35 09.79,-05 27 52.92,1
440,9002,,,,1.67,16.05,,4.22,,,,,,,,Simbad,05 35 09.82,-05 23 38.02,1
442,5023,,,,8.71,17.28,,,,,,,,,,Simbad,05 35 09.85,-05 14 49.45,1
443,5050,,,,6.47,17.35,,,,,,,,,,Simbad,05 35 09.98,-05 17 06.30,1
444,3044,,,,4.63,17.37,,,,,,,,,,Simbad,05 35 09.99,-05 19 02.23,1
445,340,,,99,1.8,14.0,,,,,,,,,,Simbad,05 35 10.05,-05 22 32.32,1
446,5129,,,,4.85,14.5,,,,,,,,,,Simbad,05 35 10.06,-05 27 57.43,1
447,339,,,99,3.41,15.25,,1.94,3.518,M3.5(H),0.0,-0.99,0.99,0.18,6.28,Simbad,05 35 10.09,-05 20 20.92,1
448,3056,,,,2.85,16.76,,,,,,,,,,Simbad,05 35 10.10,-05 20 59.93,2
449,341,,,99,1.58,14.37,,,3.633,K4-K7(H),0.0,-0.78,0.74,0.76,7.54,Simbad,05 35 10.11,-05 23 21.12,1
450,342,,,96,2.12,15.48,,,,,,,,,,Simbad,05 35 10.17,-05 21 56.72,1
451,3047,,,,3.78,15.33,,3.31,3.5,M4.5(H),0.47,-0.81,1.31,0.15,5.95,Simbad,05 35 10.21,-05 19 55.85,1
452,343,,,99,2.66,13.94,,2.21,3.602,K7(H),1.6,-0.19,1.68,0.5,5.98,Simbad,05 35 10.22,-05 21 12.72,1
453,344,,,,3.83,15.71,,,,,,,,,,Simbad,05 35 10.31,-05 19 51.72,1
454,5142,,,,6.92,17.11,,,,,,,,,,Simbad,05 35 10.31,-05 30 07.51,1
455,351,,1786,35,15.12,11.5,,,3.753,G4-G6(H),0.0,0.39,1.63,1.38,6.99,Simbad,05 35 10.34,-05 38 24.92,1
456,3104,,,,3.02,15.73,,,,,,,,,,Simbad,05 35 10.39,-05 25 59.93,1
457,345,,1783,81,1.63,12.38,,2.38,3.571,M0.5(H)M0-M2(Sam),1.29,0.37,3.69,0.23,4.06,Simbad,05 35 10.40,-05 22 45.22,1
458,348,,1785,99,3.28,11.16,,1.53,3.719,K0(WSH)<M0(Sam),1.7,0.92,3.49,2.26,5.98,Simbad,05 35 10.41,-05 26 17.82,1
459,349,,,99,1.73,16.53,,1.92,,K:(H),,,,,,Simbad,05 35 10.47,-05 24 15.92,1
460,353,,,99,9.96,14.92,,3.73,3.494,M5(H),1.16,-0.44,2.06,0.15,4.72,Simbad,05 35 10.48,-05 33 13.22,1
461,347,,1782,99,2.07,12.53,,1.75,3.602,K3-K7(H)M0(H)M2(Eetal)K2-K4(Sam),0.42,0.09,2.31,0.41,5.59,Simbad,05 35 10.49,-05 21 55.92,1
462,350,,,,1.61,13.6,,,,,,,,,,Simbad,05 35 10.50,-05 22 44.12,1
463,352,,1784,99,1.49,10.36,,2.1,3.591,K8(H)M0.1(P)M1(Eetal)K2V(HT)K5IV(Ham)K2-K3(Sam),0.99,1.09,7.68,,,Simbad,05 35 10.64,-05 23 44.22,1
464,354,,,99,3.41,14.6,,2.01,3.518,M3.5(H),0.0,-0.73,1.33,0.2,6.08,Simbad,05 35 10.64,-05 26 27.72,1
465,346,,,82,12.88,15.99,,,,,,,,,,Simbad,05 35 10.70,-05 10 34.52,1
466,3102,,,,2.93,17.35,,,,,,,,,,Simbad,05 35 10.75,-05 25 56.58,1
467,357,,,99,4.84,14.31,,3.02,3.5,M4.5(H),0.0,-0.52,1.83,0.16,5.09,Simbad,05 35 10.79,-05 28 00.32,1
468,355,,,99,1.52,15.03,,,,mid-K::(H),,,,,,Simbad,05 35 10.83,-05 22 46.03,2
469,356,,,99,1.99,13.71,,,3.526,M3e(H),0.0,-0.4,1.87,0.22,5.5,Simbad,05 35 10.84,-05 24 48.22,1
470,362,,,99,11.69,13.91,,3.23,3.5,M4.5(H),0.27,-0.29,2.38,0.15,4.48,Simbad,05 35 11.03,-05 34 59.32,1
471,363,,1802,98,13.54,12.73,,2.51,3.544,M2(H),0.72,0.12,3.13,0.2,4.27,Simbad,05 35 11.05,-05 36 51.12,1
472,3098,,,,2.54,16.94,,,,,,,,,,Simbad,05 35 11.05,-05 25 31.80,2
473,359,,,99,4.01,14.82,,2.57,,,,,,,,Simbad,05 35 11.07,-05 19 35.62,1
474,358,,,99,6.17,14.87,,3.28,3.562,M1(H),3.34,-0.11,2.21,0.28,5.4,Simbad,05 35 11.11,-05 17 20.72,1
475,360,,,,3.96,15.5,,,,,,,,,,Simbad,05 35 11.16,-05 19 38.32,1
476,3005,,,,9.45,16.52,,4.32,3.5,M4.5(H),3.06,-0.66,1.57,0.15,5.38,Simbad,05 35 11.25,-05 14 01.11,1
477,361,,,99,4.37,13.7,,2.12,,,,,,,,Simbad,05 35 11.28,-05 19 11.92,1
478,365,,1800,99,2.94,11.7,,1.96,3.679,K2-K3(Sam),2.23,0.82,3.76,1.11,5.45,Simbad,05 35 11.40,-05 26 01.82,1
479,364,,1799,99,6.53,10.94,,1.85,3.766,G0-G2(WSH)K0:IV-V(W),3.11,1.38,4.82,3.04,,Simbad,05 35 11.53,-05 16 57.52,1
480,3070,,,,1.33,14.01,,,,,,,,,,Simbad,05 35 11.53,-05 22 51.40,2
481,366,,,98,1.56,14.99,,3.98,3.497,M4.5-M5e(H),2.0,-0.29,2.43,0.15,4.4,Simbad,05 35 11.55,-05 24 20.92,1
482,371,,,99,7.73,14.84,,3.25,,,,,,,,Simbad,05 35 11.56,-05 31 00.72,1
483,368,,,99,1.29,15.29,,,,,,,,,,Simbad,05 35 11.62,-05 23 51.62,2
485,9008,,,,1.23,14.18,,3.69,3.5,M4.5(H),1.45,-0.12,2.92,0.15,3.97,Simbad,05 35 11.63,-05 23 40.32,1
486,369,,,99,1.87,14.7,,1.48,,,,,,,,Simbad,05 35 11.68,-05 21 55.32,1
487,367,,,99,6.06,16.21,,,,,,,,,,Simbad,05 35 11.75,-05 17 25.82,1
488,370,,,99,4.11,13.86,,3.18,3.679,K0-K3(H),5.36,0.72,3.35,1.09,5.56,Simbad,05 35 11.77,-05 19 26.02,1
489,375,,1801,98,8.62,12.45,,1.87,,,,,,,,Simbad,05 35 11.79,-05 31 54.92,1
490,3058,,,,2.6,15.38,,1.62,,<=K7(H),,,,,,Simbad,05 35 11.79,-05 21 02.84,2
491,373,,,99,3.05,13.48,,3.37,3.679,K2-K3(H)<K7(P)K3(Eetal),5.85,0.99,4.58,1.18,5.29,Simbad,05 35 11.87,-05 20 32.82,1
492,9009,,,,1.23,16.41,,4.97,,,,,,,,Simbad,05 35 11.91,-05 22 53.42,1
493,372,,,0,9.21,15.24,,2.39,,,,,,,,Simbad,05 35 11.95,-05 14 14.14,1
494,5132,,,,4.88,16.94,,,,,,,,,,Simbad,05 35 11.96,-05 28 07.88,1
495,374,,,99,4.12,15.52,,5.4,,,,,,,,Simbad,05 35 11.98,-05 19 24.52,1
496,376,,,91,1.61,15.97,,,,,,,,,,Simbad,05 35 12.05,-05 24 33.42,1
497,380,,,99,8.33,13.84,,3.11,,,,,,,,Simbad,05 35 12.05,-05 31 38.32,1
498,379,,,99,7.04,15.21,,3.87,3.483,M5.4(P),0.75,-0.58,1.84,0.13,4.71,Simbad,05 35 12.06,-05 30 19.72,1
499,381,,1809,99,7.24,13.25,,2.11,3.571,M0.5(H),0.6,-0.14,2.04,0.32,5.7,Simbad,05 35 12.11,-05 30 32.42,1
500,378,a,1808,99,1.14,12.89,,2.11,3.58,K1(H)M0(Sam),0.81,0.05,2.44,0.31,5.27,Simbad,05 35 12.17,-05 23 47.72,1
501,378,b,1808,,1.14,13.49,,2.32,,,,,,,,Simbad,05 35 12.17,-05 23 47.72,1
502,377,a,,83,2.83,15.3,,4.27,,,,,,,,Simbad,05 35 12.19,-05 20 45.22,1
503,377,b,,,2.83,16.31,,4.65,,,,,,,,Simbad,05 35 12.20,-05 20 45.22,1
505,9015,,,,2.78,18.11,,,,,,,,,,Simbad,05 35 12.31,-05 20 47.32,2
506,9016,,,,2.11,19.05,>,3.15,,,,,,,,Simbad,05 35 12.33,-05 21 31.72,1
507,9017,,,,2.11,19.63,>,2.37,,,,,,,,Simbad,05 35 12.33,-05 21 31.52,1
508,382,,,99,2.84,15.24,,2.88,3.5,M4.5(H),0.0,-0.89,1.2,0.14,6.06,Simbad,05 35 12.50,-05 20 42.72,1
509,385,,1807,99,1.04,11.02,,1.62,3.708,K1V(HT)<K7(P)<M0(Sam),1.78,0.99,3.99,1.95,5.7,Simbad,05 35 12.50,-05 23 43.62,1
510,5074,,,,3.75,,,,,,,,,,,Simbad,05 35 12.52,-05 19 44.99,2
512,387,,,99,3.91,16.1,,,3.54,M2-2.5(H),0.0,-1.4,0.56,0.25,7.08,Simbad,05 35 12.59,-05 19 35.22,2
513,392,,,99,3.91,15.21,,,3.465,M6-M6.5(H),0.0,-0.62,1.93,0.11,4.48,Simbad,05 35 12.60,-05 27 10.32,1
514,383,,,99,7.22,14.57,,3.06,3.526,M3(H),1.31,-0.43,1.82,0.22,5.64,Simbad,05 35 12.61,-05 16 13.32,1
515,386,,,99,6.57,14.05,,3.5,3.602,K6-K8(H),4.91,0.57,4.04,0.31,4.15,Simbad,05 35 12.64,-05 16 52.62,1
516,389,,,52,2.95,15.85,,3.64,3.488,M4.5-M6(H),0.52,-0.93,1.21,0.12,5.54,Simbad,05 35 12.67,-05 20 34.72,1
517,390,,,99,2.88,15.05,,2.55,3.494,M5(H),0.0,-0.78,1.4,0.13,5.42,Simbad,05 35 12.69,-05 20 38.82,1
518,388,,,99,8.03,13.57,,2.62,3.602,K5(H)M0.3(P)M1(Eetal),2.65,0.22,2.67,0.38,5.4,Simbad,05 35 12.72,-05 15 23.82,1
519,391,,1806,99,2.81,12.97,,1.66,3.562,M1e(H)M0.0(P)K0(Sam),0.0,-0.17,2.07,0.29,5.64,Simbad,05 35 12.72,-05 20 43.32,1
520,398,,,99,15.79,14.54,,2.44,3.58,M0(H),1.66,-0.41,1.44,0.46,6.14,Simbad,05 35 12.75,-05 39 08.32,1
521,9024,,,,2.47,19.14,>,4.26,,,,,,,,Simbad,05 35 12.78,-05 21 04.42,1
522,397,,,99,5.52,15.79,,,,,,,,,,Simbad,05 35 12.84,-05 28 49.52,1
523,393,,,99,4.4,15.1,,3.1,,,,,,,,Simbad,05 35 12.91,-05 19 03.92,1
524,395,,,99,1.62,15.32,,4.05,3.544,M2(H),4.67,0.05,2.88,0.21,4.48,Simbad,05 35 12.92,-05 22 00.42,1
526,394,,,99,3.0,14.98,,3.84,3.623,K6(H),6.15,0.49,3.32,0.47,5.07,Simbad,05 35 12.94,-05 20 30.02,1
527,402,,,99,10.71,15.27,,3.73,3.483,M5.5(H),0.39,-0.7,1.62,0.12,4.92,Simbad,05 35 12.95,-05 34 03.22,1
528,9029,,,,1.42,14.21,,3.28,3.5,M4.5(H),0.4,-0.38,2.15,0.15,4.73,Simbad,05 35 12.96,-05 22 14.78,1
529,9028,,,,1.72,17.2,,3.92,,,,,,,,Simbad,05 35 12.99,-05 21 52.72,2
530,9030,,,,0.98,16.46,,3.99,3.544,M2:(H),4.52,-0.44,1.63,0.29,5.89,Simbad,05 35 13.03,-05 22 52.62,2
531,9032,,,,2.32,15.64,,3.82,3.535,M2.5e(H),3.69,-0.3,2.02,0.23,5.34,Simbad,05 35 13.03,-05 21 13.01,1
532,9031,,,99,1.03,15.65,,,,K:(H),,,,,,Simbad,05 35 13.05,-05 22 46.52,1
533,399,a,,99,1.32,15.29,,3.19,,,,,,,,Simbad,05 35 13.08,-05 22 21.42,2
534,399,b,,,1.32,16.77,,3.88,,,,,,,,Simbad,05 35 13.08,-05 22 21.12,2
535,410,,,99,12.95,16.0,,,,,,,,,,Simbad,05 35 13.10,-05 36 17.92,1
536,400,,,99,2.63,14.58,,3.16,3.585,K8-M0(H),3.61,0.05,2.38,0.34,5.49,Simbad,05 35 13.11,-05 20 52.52,1
537,401,,,99,1.75,12.51,,2.59,3.719,K0-K2e(H)<M0(Sam),4.42,1.04,4.02,2.42,5.85,Simbad,05 35 13.11,-05 24 54.92,1
538,405,,,99,4.59,14.4,,3.67,,,,,,,,Simbad,05 35 13.15,-05 27 53.72,1
539,9036,,,,2.8,18.95,>,2.25,,,,,,,,Simbad,05 35 13.18,-05 20 41.42,1
540,9037,,,,0.95,17.26,>,3.74,,,,,,,,Simbad,05 35 13.21,-05 23 52.72,1
541,396,,1805,99,14.07,13.42,,2.26,,,,,,,,Simbad,05 35 13.22,-05 09 19.42,1
542,403,,,,3.17,16.13,,4.89,3.535,M2.5(H),6.44,0.17,3.48,0.17,3.94,Simbad,05 35 13.22,-05 20 18.32,1
543,414,,,99,13.91,15.92,,,,,,,,,,Simbad,05 35 13.23,-05 37 16.02,1
544,9038,,,,0.9,15.89,,4.75,,cont(H),,,,,,Simbad,05 35 13.23,-05 22 57.32,2
545,404,,,99,1.23,14.65,,3.38,3.494,M4.5-M5.5(H),0.26,-0.56,1.81,0.14,5.0,Simbad,05 35 13.25,-05 22 26.02,1
546,9040,,,,0.93,17.68,>,4.72,,,,,,,,Simbad,05 35 13.27,-05 23 52.82,1
547,409,,1824,98,0.82,12.55,,1.91,,<M0(Sam),,,,,,Simbad,05 35 13.34,-05 23 39.72,1
548,406,,,99,6.25,13.88,,3.41,3.562,M1(H),3.67,0.37,3.83,0.21,3.91,Simbad,05 35 13.36,-05 17 10.12,1
549,416,,,99,7.46,14.09,,2.72,3.518,M3.5(H),0.02,-0.52,1.7,0.21,5.81,Simbad,05 35 13.38,-05 30 47.72,1
550,9043,,,,2.37,17.48,,,,,,,,,,Simbad,05 35 13.39,-05 21 07.52,2
551,407,,,99,5.91,15.52,,3.47,3.623,K6(H),5.2,0.04,1.98,0.57,5.83,Simbad,05 35 13.40,-05 17 31.12,1
552,408,,,99,6.14,15.35,,3.47,3.526,M3(H),2.37,-0.48,1.71,0.23,5.83,Simbad,05 35 13.41,-05 17 17.22,1
553,411,,1820,99,1.29,13.54,,2.59,3.555,M1.4(P),1.34,-0.06,2.41,0.26,5.01,Simbad,05 35 13.42,-05 22 19.22,1
554,415,,,99,4.16,14.25,,3.04,3.526,M3(H),1.26,-0.31,2.08,0.21,5.18,Simbad,05 35 13.43,-05 27 28.22,1
555,412,,,99,0.75,13.98,,2.83,,cont+emis(H),,,,,,Simbad,05 35 13.44,-05 23 30.62,1
556,9045,,,,0.8,15.91,,4.17,,late-K:(H),,,,,,Simbad,05 35 13.46,-05 23 03.92,2
557,418,,,99,4.63,14.83,,3.19,,,,,,,,Simbad,05 35 13.47,-05 27 56.92,1
558,426,,,93,11.78,16.82,,3.9,3.562,M1(H),4.93,-0.5,1.41,0.38,6.11,Simbad,05 35 13.49,-05 35 07.82,1
559,417,,,98,1.27,13.95,,2.44,3.571,M0.5(H),1.44,-0.22,1.87,0.35,5.78,Simbad,05 35 13.51,-05 24 25.22,1
560,421,,1827,99,7.61,11.48,,1.46,3.643,K5e(H)F8-G0III-IV(?),0.38,0.47,2.96,0.62,5.47,Simbad,05 35 13.51,-05 30 57.12,1
561,9047,,,,2.95,16.42,,4.24,3.544,M2:(H)late-K(H),5.16,-0.27,1.99,0.25,5.54,Simbad,05 35 13.51,-05 20 30.99,2
562,413,,,0,3.54,14.58,,,3.643,K5(H),0.0,-0.87,0.64,0.72,7.78,Simbad,05 35 13.52,-05 19 54.52,1
563,422,,,99,5.44,14.43,,3.27,,,,,,,,Simbad,05 35 13.56,-05 28 45.92,1
564,9048,,,,2.14,16.27,,3.42,3.526,M3(H),2.24,-0.88,1.08,0.22,6.25,Simbad,05 35 13.56,-05 21 21.42,1
565,9049,,,,2.14,17.89,,2.22,,,,,,,,Simbad,05 35 13.58,-05 21 21.22,1
566,420,,1821,99,1.23,13.6,,3.26,,,,,,,,Simbad,05 35 13.64,-05 22 21.62,1
567,430,,,99,11.56,15.69,,3.85,,,,,,,,Simbad,05 35 13.66,-05 34 54.72,1
568,419,,,99,4.01,15.19,,2.02,,,,,,,,Simbad,05 35 13.69,-05 19 25.32,1
569,433,,1846,93,15.81,11.94,,1.59,3.661,K2-K4(P),1.01,0.43,2.6,0.82,5.69,Simbad,05 35 13.69,-05 39 10.52,1
570,423,,1819,99,1.43,12.3,,2.1,3.544,"K2e(H)M0,M4(Sam)",0.0,0.12,3.12,0.2,4.28,Simbad,05 35 13.70,-05 22 06.72,1
571,428,,,99,7.06,13.97,,2.59,3.535,M2.5(H),0.54,-0.4,1.79,0.25,5.76,Simbad,05 35 13.71,-05 30 23.92,1
572,424,,,94,1.49,15.61,,3.81,,,,,,,,Simbad,05 35 13.73,-05 22 02.62,2
573,427,,,99,4.29,14.77,,,,,,,,,,Simbad,05 35 13.73,-05 27 36.52,1
574,425,,,99,4.54,16.36,,,,,,,,,,Simbad,05 35 13.80,-05 18 53.02,1
575,9053,,,,2.08,16.37,,5.22,,,,,,,,Simbad,05 35 13.92,-05 21 23.62,2
576,429,,,99,3.57,12.69,,1.75,3.753,late-G(H),2.69,0.57,2.01,1.62,6.81,Simbad,05 35 13.95,-05 19 51.82,1
577,431,,1823,97,0.67,12.51,,2.77,,<M0(Sam),,,,,,Simbad,05 35 13.95,-05 23 38.02,1
578,3099,,,,2.53,14.94,,,3.5,M4.5(H),0.0,-0.77,1.37,0.15,5.8,Simbad,05 35 13.95,-05 25 49.64,1
579,434,,,98,3.27,15.58,,,,,,,,,,Simbad,05 35 13.97,-05 26 35.32,1
580,432,,1822,99,0.98,13.04,,3.26,3.526,M3.1(P),1.83,0.31,4.25,0.13,3.34,Simbad,05 35 13.98,-05 22 36.22,1
581,3093,,,,2.05,15.4,,,,,,,,,,Simbad,05 35 13.98,-05 25 19.97,2
582,5176,,,,0.69,,,,,,,,,,,Simbad,05 35 14.08,-05 23 00.59,2
583,438,,,99,5.37,16.8,,,,,,,,,,Simbad,05 35 14.10,-05 28 43.02,1
584,9056,,,,3.03,19.49,,,,,,,,,,Simbad,05 35 14.10,-05 20 23.82,1
585,435,a,,,3.36,15.7,,3.6,,,,,,,,Simbad,05 35 14.13,-05 20 03.90,1
586,437,,1826,99,1.17,11.84,,2.07,3.602,"K7(H)K4,M0-M1(Sam)",1.24,0.56,3.99,0.31,4.18,Simbad,05 35 14.18,-05 24 24.22,1
587,435,b,,,3.35,19.2,,,,,,,,,,Simbad,05 35 14.22,-05 20 04.02,1
588,436,a,,,1.42,16.97,,3.96,,,,,,,,Simbad,05 35 14.23,-05 22 04.02,1
589,436,b,,,1.42,17.52,,3.79,,,,,,,,Simbad,05 35 14.25,-05 22 03.92,1
590,3091,,,,1.95,,,,,,,,,,,Simbad,05 35 14.26,-05 25 15.18,2
591,9061,,,,0.59,17.35,>,4.35,,mid-M:(H),,,,,,Simbad,05 35 14.26,-05 23 07.72,1
592,441,,1843,95,0.56,12.61,,2.58,3.562,M1(H),1.54,0.36,3.78,0.21,3.94,Simbad,05 35 14.29,-05 23 33.32,1
596,439,,,99,5.98,14.97,,3.33,3.562,M1(H),3.47,-0.12,2.19,0.28,5.45,Simbad,05 35 14.35,-05 17 25.22,1
597,447,,,99,9.41,14.82,,3.33,,,,,,,,Simbad,05 35 14.35,-05 32 46.02,1
598,449,,,99,9.95,16.03,,2.47,3.643,K5(P)K4-M0:(H),2.97,-0.72,0.75,0.78,7.54,Simbad,05 35 14.35,-05 33 18.62,1
599,443,,,99,1.73,13.96,,0.95,3.544,M2(H),0.0,-0.55,1.45,0.3,6.01,Simbad,05 35 14.36,-05 25 01.72,1
600,446,,,99,5.69,16.19,,2.98,3.5,M4.5(H),0.0,-1.27,0.77,0.13,6.38,Simbad,05 35 14.40,-05 29 02.82,1
601,442,,,99,1.37,15.33,,3.28,3.526,M3(H),1.88,-0.59,1.5,0.23,5.99,Simbad,05 35 14.41,-05 22 06.22,1
602,444,,,99,6.63,15.53,,3.45,,,,,,,,Simbad,05 35 14.53,-05 16 46.02,1
603,448,,1839,99,0.94,12.1,,2.48,3.602,"K7(P)K3-K4,M0-M1.5(Sam)",2.29,0.71,4.76,0.28,3.72,Simbad,05 35 14.55,-05 22 33.42,1
604,9066,,,,1.44,17.22,>,5.28,,K:(H),,,,,,Simbad,05 35 14.55,-05 22 00.52,1
605,440,,,99,14.52,14.47,,3.09,3.518,M3.5(H),0.97,-0.44,1.86,0.2,5.4,Simbad,05 35 14.57,-05 08 51.82,1
606,445,b,,,2.7,16.03,,5.65,,,,,,,,Simbad,05 35 14.57,-05 20 42.82,1
607,445,a,,26,2.71,14.67,,4.25,,cont(H),,,,,,Simbad,05 35 14.58,-05 20 42.42,1
608,460,,1876,95,15.82,11.68,,1.58,3.695,K0-K3(P),1.49,0.65,2.87,1.4,5.87,Simbad,05 35 14.60,-05 39 11.42,1
609,9069,,,,0.57,15.45,,3.67,3.555,M0.5-M2.5(H),4.11,-0.15,2.17,0.27,5.34,Simbad,05 35 14.60,-05 23 01.92,2
610,450,,,,2.93,16.24,,4.4,,,,,,,,Simbad,05 35 14.64,-05 20 28.62,2
611,458,,,99,10.91,16.38,,4.03,3.526,M3e(H),3.8,-0.54,1.59,0.23,5.92,Simbad,05 35 14.66,-05 34 16.52,1
612,451,,,98,0.43,12.2,,,3.526,M3e(H),0.0,0.2,3.74,0.14,3.67,Simbad,05 35 14.68,-05 23 22.42,1
613,9071,,,,2.3,17.75,,5.06,,M:(H),,,,,,Simbad,05 35 14.68,-05 21 06.72,1
614,453,,,99,0.57,12.3,,,,,,,,,,Simbad,05 35 14.74,-05 23 45.72,2
615,9073,,,,0.51,17.83,,2.31,,,,,,,,Simbad,05 35 14.74,-05 23 04.82,1
616,452,,,99,0.95,14.61,,2.96,,,,,,,,Simbad,05 35 14.75,-05 22 31.32,1
618,465,,,97,14.73,14.71,,2.41,,,,,,,,Simbad,05 35 14.79,-05 38 05.82,1
619,454,,1840,99,0.83,11.86,,2.1,3.661,K4(H)K7(Eetal)K4-M0(Sam),2.31,0.78,3.9,0.81,5.31,Simbad,05 35 14.81,-05 22 38.82,1
620,9075,,,,0.49,16.38,,4.82,,,,,,,,Simbad,05 35 14.81,-05 23 05.12,1
621,9077,,,,0.9,14.4,,3.78,3.509,M4(H),2.23,-0.06,2.99,0.14,3.9,Simbad,05 35 14.82,-05 24 11.12,1
622,455,,,98,0.4,14.0,,,,,,,,,,Simbad,05 35 14.84,-05 23 28.42,1
623,456,,1844,4,0.48,12.18,,2.41,,,,,,,,Simbad,05 35 14.84,-05 23 38.92,1
624,466,,,99,13.28,14.45,,2.88,3.518,M3.5(P),0.44,-0.56,1.61,0.21,5.9,Simbad,05 35 14.85,-05 36 38.81,1
625,9079,,,,0.91,15.29,,3.31,,,,,,,,Simbad,05 35 14.85,-05 24 12.22,1
626,9080,,,,0.92,14.86,,3.28,3.483,M5.5(H),0.0,-0.63,1.75,0.13,4.79,Simbad,05 35 14.85,-05 24 12.32,1
627,457,,1837,79,1.43,12.53,,1.96,3.661,K3-K4(Sam),1.96,0.42,2.59,0.82,5.69,Simbad,05 35 14.88,-05 21 59.62,1
630,9083,,,,1.63,18.15,>,4.95,,,,,,,,Simbad,05 35 14.94,-05 21 47.52,2
631,9084,,,,2.52,18.7,>,3.8,,,,,,,,Simbad,05 35 14.94,-05 20 52.72,1
633,9086,,,,0.92,15.62,,4.16,3.471,M6(H),0.58,-0.69,1.72,0.11,4.69,Simbad,05 35 14.98,-05 22 31.52,2
634,464,,1845,99,0.51,13.0,,,,,,,,,,Simbad,05 35 15.07,-05 23 45.72,1
635,461,,,,3.15,16.82,,5.36,,,,,,,,Simbad,05 35 15.09,-05 20 14.42,2
636,463,,1841,99,0.58,12.12,,2.14,,,,,,,,Simbad,05 35 15.09,-05 22 54.12,1
638,467,,1838,99,1.03,13.06,,2.15,3.602,K7(H),1.44,0.12,2.41,0.4,5.55,Simbad,05 35 15.12,-05 22 23.66,1
639,9088,,,,2.54,18.35,,2.4,,,,,,,,Simbad,05 35 15.12,-05 20 51.52,2
640,468,,1842,99,0.54,11.5,,1.66,3.745,G6-G8(H),2.37,0.96,3.26,2.39,6.34,Simbad,05 35 15.15,-05 22 56.42,1
641,5034,,,,7.59,17.51,,,,,,,,,,Simbad,05 35 15.18,-05 15 47.58,1
642,9092,,,,2.91,16.0,,3.85,3.509,M4(H),2.41,-0.66,1.5,0.18,5.88,Simbad,05 35 15.19,-05 20 29.12,1
643,9093,,,,1.48,18.05,>,5.55,,,,,,,,Simbad,05 35 15.19,-05 21 55.82,1
644,462,,,99,9.75,15.4,,3.54,3.518,M3.5(H),2.13,-0.53,1.67,0.21,5.85,Simbad,05 35 15.23,-05 13 37.82,1
645,469,,,99,4.35,14.51,,2.88,3.494,M4.5-M5.5(H),0.0,-0.56,1.79,0.14,5.01,Simbad,05 35 15.24,-05 19 01.92,1
646,470,,,99,1.16,12.54,,2.63,,late-K:(H)<=K5(P),,,,,,Simbad,05 35 15.24,-05 22 15.22,1
647,472,a,,99,0.99,14.84,,3.28,,,,,,,,Simbad,05 35 15.25,-05 22 25.82,1
648,472,b,,,0.99,15.08,,3.36,,,,,,,,Simbad,05 35 15.25,-05 22 25.72,1
649,9096,,,,0.99,15.3,,4.43,,,,,,,,Simbad,05 35 15.29,-05 22 25.42,1
650,473,,,98,2.17,14.77,,3.86,3.535,M2-M3e(H),3.8,0.07,3.1,0.18,4.23,Simbad,05 35 15.30,-05 21 13.62,1
651,5177,,,,0.33,,,,,,,,,,,Simbad,05 35 15.30,-05 23 33.06,1
652,475,,1868,99,0.46,12.94,,,,,,,,,,Simbad,05 35 15.32,-05 23 45.12,1
653,471,,,96,5.74,15.5,,,,,,,,,,Simbad,05 35 15.33,-05 17 38.82,1
654,3103,,,,2.62,,,,,,,,,,,Simbad,05 35 15.33,-05 25 59.21,2
655,477,,,99,4.0,14.25,,3.27,3.535,M2.5(H),2.28,-0.09,2.57,0.21,4.71,Simbad,05 35 15.37,-05 27 22.32,1
656,476,,1861,99,0.63,13.34,,2.7,3.544,M2(H),1.21,0.0,2.71,0.22,4.63,Simbad,05 35 15.38,-05 22 48.32,1
657,474,,,99,5.77,16.09,,3.68,3.505,M4-M4.5(H),1.74,-0.84,1.24,0.16,6.06,Simbad,05 35 15.40,-05 17 36.62,1
658,483,,,99,11.82,14.79,,3.14,,,,,,,,Simbad,05 35 15.40,-05 35 11.62,1
659,5178,,,,0.34,,,,,,,,,,,Simbad,05 35 15.44,-05 23 36.87,2
660,478,,1872,99,1.87,11.55,,2.28,3.58,"M0.4(P)K4,K7-M1(Sam)",1.25,0.69,5.1,0.2,3.36,Simbad,05 35 15.45,-05 25 13.82,1
661,491,,,99,11.4,14.9,,3.75,3.494,M5(H),1.21,-0.43,2.11,0.15,4.67,Simbad,05 35 15.50,-05 34 46.32,1
662,480,,1871,99,0.7,12.44,,2.07,,<M0(Sam),,,,,,Simbad,05 35 15.52,-05 24 02.62,1
663,479,,1862,99,0.49,10.97,,1.8,3.719,G8-K1(H),2.39,1.16,4.63,2.62,5.75,Simbad,05 35 15.53,-05 22 56.12,1
665,482,,,99,2.18,13.26,,2.38,3.591,K8e(H)<M0(Sam),1.71,0.1,2.47,0.35,5.48,Simbad,05 35 15.58,-05 25 32.72,1
666,486,,,99,4.88,15.43,,3.82,3.5,M4.5(H),1.78,-0.53,1.81,0.16,5.12,Simbad,05 35 15.59,-05 28 15.02,1
667,3032,,,,5.6,16.57,,,,,,,,,,Simbad,05 35 15.59,-05 17 46.86,1
668,9108,,,,1.81,14.58,,3.16,3.555,M1.5(H),2.8,-0.12,2.25,0.26,5.22,Simbad,05 35 15.61,-05 25 10.42,1
669,485,,,99,3.1,14.26,,2.49,3.555,M1.5(H),1.08,-0.42,1.61,0.33,5.92,Simbad,05 35 15.62,-05 26 27.92,1
670,481,,,99,1.73,14.69,,2.99,3.526,M3(H),1.13,-0.52,1.63,0.23,5.89,Simbad,05 35 15.65,-05 21 39.52,1
672,498,,1873,99,9.61,13.81,,2.08,,,,,,,,Simbad,05 35 15.67,-05 32 58.82,1
673,484,b,,,1.04,16.88,,5.91,,,,,,,,Simbad,05 35 15.68,-05 24 24.22,2
674,9110,,,,0.83,16.45,,4.69,,,,,,,,Simbad,05 35 15.69,-05 24 11.02,1
675,488,a,1866,99,0.18,12.2,,,3.695,mid-Ke(H)K1(CK),0.0,0.08,1.49,1.29,6.71,Simbad,05 35 15.70,-05 23 22.02,1
676,489,,,96,0.19,13.7,,,,,,,,,,Simbad,05 35 15.70,-05 23 26.02,2
677,501,,1874,99,9.82,13.25,,1.82,3.58,M0(H),0.07,-0.28,1.67,0.41,5.91,Simbad,05 35 15.70,-05 33 11.92,1
678,1864,,1864,,0.28,8.4,,,4.14,B5-B8+G0-G5(Par),0.0,2.42,2.83,4.13,,Simbad,05 35 15.71,-05 23 09.57,1
679,492,,1860,99,0.64,13.83,,3.28,3.526,M3e(H),1.88,0.01,2.99,0.17,4.25,Simbad,05 35 15.74,-05 22 45.42,1
680,1865,,1865,99,0.22,6.31,,0.42,4.471,O9(WSH)B2(Par)B0.5V(LA)O9V(vA)B1(J)B1(S)B1.5(T),1.89,4.5,6.75,18.91,,Simbad,05 35 15.75,-05 23 14.15,1
681,490,,,99,2.71,15.03,,4.1,3.494,M5(H),2.11,-0.26,2.55,0.15,4.26,Simbad,05 35 15.77,-05 20 40.22,1
682,494,,,0,0.38,13.56,,2.36,3.602,K7(H),1.98,0.06,2.23,0.41,5.63,Simbad,05 35 15.77,-05 23 01.72,1
683,502,,,99,5.5,13.48,,2.57,3.535,M2.5(H),0.49,-0.22,2.21,0.23,5.09,Simbad,05 35 15.79,-05 28 52.42,1
686,9118,,,99,0.93,16.49,,2.3,,cont+emis(H),,,,,,Simbad,05 35 15.83,-05 24 17.42,2
687,496,,,0,1.04,14.24,,2.77,3.602,K7e(H),3.03,0.04,2.19,0.42,5.64,Simbad,05 35 15.84,-05 22 20.72,1
688,9119,,,,0.82,16.17,,4.43,3.535,M2.5:e(H),5.26,-0.13,2.45,0.22,4.83,Simbad,05 35 15.84,-05 22 33.82,2
689,487,,1858,99,8.4,12.79,,1.78,3.623,K6(H),0.87,0.07,2.06,0.56,5.78,Simbad,05 35 15.85,-05 14 58.82,1
690,499,,1869,99,0.47,11.45,,2.34,3.719,K0:e(H)G5:(HT),3.78,1.3,5.48,2.84,5.62,Simbad,05 35 15.85,-05 23 49.42,1
691,493,,,99,6.42,14.86,,3.74,,,,,,,,Simbad,05 35 15.86,-05 16 57.42,1
692,503,,1870,99,0.52,12.33,,2.16,3.806,F2-F7e(H),4.33,1.18,3.17,1.98,6.71,Simbad,05 35 15.89,-05 23 52.52,1
693,497,,,99,2.22,13.63,,3.44,,<=K5(P),,,,,,Simbad,05 35 15.90,-05 21 09.62,1
694,500,,,99,1.6,14.81,,3.71,3.483,M5.5(H),0.34,-0.52,1.97,0.13,4.6,Simbad,05 35 15.90,-05 21 46.72,1
695,9122,,,,3.03,16.25,,4.89,3.555,M1.5(H),7.24,0.29,3.62,0.2,3.99,Simbad,05 35 15.91,-05 20 20.67,1
696,514,,1898,0,15.87,10.41,,0.94,3.736,G6(H)G8IV-V(Petal),0.41,0.91,3.21,2.36,6.27,Simbad,05 35 15.92,-05 39 14.82,1
697,504,a,1859,,2.77,13.57,,2.41,,,,,,,,Simbad,05 35 15.96,-05 20 36.42,1
698,504,b,1859,99,2.77,13.64,,2.19,3.661,K2-K4(Sam),2.55,0.12,1.83,0.92,6.17,Simbad,05 35 15.96,-05 20 36.32,1
699,9124,,,,2.47,15.48,,4.07,3.509,M4(H),2.98,-0.31,2.24,0.17,4.75,Simbad,05 35 15.96,-05 25 50.52,2
701,505,,,93,0.81,14.53,,3.69,3.544,M2(H),3.75,0.14,3.2,0.2,4.21,Simbad,05 35 16.01,-05 24 10.62,1
702,1863,a,1863,99,0.29,7.3,,-0.04,4.272,B4(Par)B3V(LA)B0V(vA)B3(J)B3(S)B6n(T),0.49,3.28,4.15,7.18,,Simbad,05 35 16.03,-05 23 06.38,1
703,3016,,,,7.58,16.77,,3.79,,,,,,,,Simbad,05 35 16.04,-05 15 47.90,1
704,495,,,99,14.06,14.54,,3.02,,,,,,,,Simbad,05 35 16.06,-05 09 18.92,1
705,506,,,,2.2,15.88,,4.63,,,,,,,,Simbad,05 35 16.08,-05 21 10.42,1
707,507,,,95,1.84,14.89,,3.19,3.526,M3e(H),1.65,-0.47,1.72,0.23,5.8,Simbad,05 35 16.09,-05 21 32.22,2
708,509,a,,99,1.55,15.06,,3.42,,,,,,,,Simbad,05 35 16.09,-05 24 55.42,1
709,509,b,,,1.54,15.67,,3.64,,,,,,,,Simbad,05 35 16.12,-05 24 55.02,1
710,9132,,,,0.76,14.83,,4.16,3.518,M3.5(H),3.72,0.09,3.4,0.11,3.42,Simbad,05 35 16.13,-05 22 37.32,1
711,3117,,,,5.18,16.69,,,,,,,,,,Simbad,05 35 16.16,-05 28 33.42,1
712,517,,,99,7.63,15.04,,3.22,3.5,M4.5(H),0.24,-0.75,1.4,0.15,5.67,Simbad,05 35 16.17,-05 31 00.32,1
713,518,,,99,8.65,15.05,,3.61,3.483,M5.5(H),0.08,-0.68,1.64,0.12,4.89,Simbad,05 35 16.18,-05 32 01.72,1
714,512,,,99,0.11,12.3,,,,cont(H),,,,,,Simbad,05 35 16.19,-05 23 16.52,1
715,5056,,,,5.65,17.16,,,,,,,,,,Simbad,05 35 16.20,-05 17 43.83,1
716,510,,,95,2.96,15.28,,3.93,3.494,M5(H),1.67,-0.46,2.01,0.14,4.77,Simbad,05 35 16.21,-05 20 25.02,1
717,511,b,,,1.21,17.99,,,3.544,M1.5-M2e(H),0.0,-2.16,0.23,0.22,8.19,Simbad,05 35 16.21,-05 22 09.82,2
718,508,,,99,7.74,14.27,,2.84,3.571,K7-M1(H),2.47,-0.1,2.15,0.31,5.58,Simbad,05 35 16.22,-05 15 37.92,1
719,9135,,,,2.23,15.02,,4.63,3.5,M4.5(H),3.86,0.14,3.91,0.14,3.25,Simbad,05 35 16.22,-05 21 09.02,1
720,511,a,,99,1.22,15.67,,3.8,,,,,,,,Simbad,05 35 16.23,-05 22 09.52,2
721,513,,,99,0.57,14.15,,2.94,3.555,M1.5e(H),2.24,-0.09,2.34,0.26,5.1,Simbad,05 35 16.24,-05 22 48.52,1
722,516,,,99,1.78,14.34,,2.95,3.555,M1.5(H),2.26,-0.16,2.16,0.27,5.38,Simbad,05 35 16.26,-05 25 09.32,1
723,515,,1895,99,0.67,11.9,,2.16,3.602,K4-K7(H)<M0(Sam),1.47,0.59,4.14,0.3,4.08,Simbad,05 35 16.27,-05 24 02.72,1
724,9138,,,,0.98,17.49,>,3.51,,cont+emis(H),,,,,,Simbad,05 35 16.27,-05 22 23.72,2
725,9140,,,99,1.02,15.88,,4.02,,>=M2(H),,,,,,Simbad,05 35 16.28,-05 22 21.32,2
726,9142,,,,1.53,16.05,,4.27,3.535,M2.5(H),4.85,-0.18,2.31,0.22,4.99,Simbad,05 35 16.31,-05 21 50.72,2
727,519,a,,99,0.8,14.3,,3.47,3.509,M4(H),1.44,-0.22,2.5,0.16,4.42,Simbad,05 35 16.41,-05 22 34.81,2
728,1891,,1891,92,0.0,4.81,,0.33,4.603,O7(WSH)<09(H)O7(Par)O6:(LA)O7V(vA)O6(J)O9(T)O6(S),1.74,5.4,10.38,45.7,,Simbad,05 35 16.41,-05 23 22.55,2
729,519,b,,,0.79,17.51,,2.36,,,,,,,,Simbad,05 35 16.44,-05 22 35.32,2
730,9145,,,,2.7,18.08,,5.05,,,,,,,,Simbad,05 35 16.46,-05 20 40.42,2
731,521,,,86,0.71,14.32,,4.16,3.58,M0(H),6.07,0.76,5.52,0.19,3.17,Simbad,05 35 16.48,-05 24 05.42,2
732,520,,,99,3.78,15.03,,2.81,3.58,M0e(H),2.61,-0.37,1.5,0.44,6.07,Simbad,05 35 16.50,-05 19 35.52,1
733,527,,1897,99,9.42,13.01,,2.09,3.571,M0.5(H),0.55,-0.06,2.24,0.3,5.49,Simbad,05 35 16.51,-05 32 47.72,1
734,9147,,,99,1.92,14.62,,3.14,3.544,M2(H),2.34,-0.24,2.07,0.25,5.38,Simbad,05 35 16.52,-05 25 17.82,2
735,9148,,,,2.12,17.23,,4.91,,G-K:(H),,,,,,Simbad,05 35 16.52,-05 21 15.42,2
736,522,,,,5.99,17.22,,,,,,,,,,Simbad,05 35 16.53,-05 17 23.02,1
738,3052,,,,3.05,16.3,,,,,,,,,,Simbad,05 35 16.63,-05 20 19.59,2
739,524,,1890,99,0.12,12.2,,,,,,,,,,Simbad,05 35 16.65,-05 23 16.22,1
740,9151,,,,0.86,15.03,,3.07,3.509,M4(H),0.41,-0.76,1.34,0.17,6.03,Simbad,05 35 16.65,-05 22 31.09,1
741,523,,,99,6.49,15.82,,3.75,3.5,M4.5(H),1.6,-0.73,1.43,0.15,5.6,Simbad,05 35 16.68,-05 16 53.22,1
742,3031,,,,6.1,16.39,,,,,,,,,,Simbad,05 35 16.68,-05 17 16.37,1
743,526,b,1896,,0.69,13.4,,2.18,,,,,,,,Simbad,05 35 16.69,-05 24 03.92,1
744,526,a,1896,98,0.69,11.87,,1.9,3.623,K6(H)K6(Eetal)K4III(Ham)K2-K3(Sam),1.17,0.52,3.43,0.47,4.95,Simbad,05 35 16.70,-05 24 04.02,1
745,1892,,1892,,0.1,9.2,,,4.053,B8(Par),0.0,1.84,2.17,2.63,6.67,Simbad,05 35 16.72,-05 23 25.98,1
746,529,,1886,99,1.01,12.4,,2.5,3.58,M0(Sam),1.81,0.49,4.04,0.23,3.91,Simbad,05 35 16.78,-05 22 22.12,1
747,525,,,99,6.33,17.13,,,3.526,>=M3e(H),0.0,-1.77,0.39,0.17,7.29,Simbad,05 35 16.79,-05 17 02.92,1
749,535,,,99,2.4,14.47,,3.05,3.535,M2.5(H),1.72,-0.31,1.98,0.23,5.4,Simbad,05 35 16.84,-05 25 46.62,1
750,3055,,,,2.39,14.94,,,,,,,,,,Simbad,05 35 16.85,-05 20 59.56,1
751,9155,,,,1.23,17.79,,,,,,,,,,Simbad,05 35 16.86,-05 22 09.12,1
752,532,,,99,0.58,15.53,,3.62,,,,,,,,Simbad,05 35 16.87,-05 22 48.22,2
753,533,,1888,99,0.38,12.62,,2.44,3.58,M0(H),1.66,0.36,3.5,0.25,4.26,Simbad,05 35 16.87,-05 23 00.62,1
754,531,,1885,99,1.63,9.9,,0.65,3.975,A0(WSH)A2V(Par)A2:V(GS)A2(T),1.56,1.71,2.69,2.49,6.66,Simbad,05 35 16.88,-05 21 45.02,1
755,534,,1894,99,0.26,12.66,,1.43,3.544,M2e(H),0.0,-0.03,2.64,0.22,4.7,Simbad,05 35 16.88,-05 23 36.62,1
756,528,,,99,7.64,14.97,,3.97,,,,,,,,Simbad,05 35 16.90,-05 15 44.12,1
757,536,,1887,99,0.84,12.44,,2.16,3.708,K0-K2(H)<M0(Sam),3.16,0.76,3.06,1.79,5.96,Simbad,05 35 16.90,-05 22 32.72,1
758,9158,,,,1.04,16.44,,4.43,3.602,K7(H),7.29,0.2,2.63,0.39,5.46,Simbad,05 35 16.91,-05 22 20.62,1
759,5081,,,,3.18,16.42,,,,,,,,,,Simbad,05 35 16.93,-05 20 11.75,1
760,537,,,90,0.31,13.35,,,3.591,K8e(H),0.0,-0.35,1.47,0.51,6.17,Simbad,05 35 16.95,-05 23 39.32,1
761,538,,1893,99,0.23,11.5,,1.89,3.708,K0-K2(H),2.47,0.96,3.88,1.93,5.73,Simbad,05 35 16.96,-05 23 33.72,1
762,543,,,99,5.59,17.05,,,,,,,,,,Simbad,05 35 16.96,-05 28 57.82,1
763,9163,,,,1.99,15.83,,4.05,3.518,M3.5(H),3.44,-0.38,1.98,0.2,5.22,Simbad,05 35 17.00,-05 21 23.72,2
764,539,,,99,0.57,14.05,,,,,,,,,,Simbad,05 35 17.01,-05 22 49.82,2
765,540,,,99,1.6,14.55,,4.08,3.494,M5(H),2.06,-0.08,3.14,0.15,3.81,Simbad,05 35 17.01,-05 24 58.12,1
766,530,,,99,10.72,15.3,,3.44,3.494,M5(H),0.41,-0.78,1.4,0.13,5.42,Simbad,05 35 17.04,-05 12 39.22,1
767,546,,,99,3.38,15.29,,,,,,,,,,Simbad,05 35 17.06,-05 26 45.22,1
768,544,,1884,99,1.86,10.82,,2.22,3.67,K4-K7(H)K5:III(HT)K7(Eetal)K4III(Ham)K3(Sam),2.76,1.3,6.84,1.19,4.8,Simbad,05 35 17.11,-05 21 31.42,1
769,542,,,99,2.92,13.34,,2.2,3.526,M3(H),0.0,-0.25,2.21,0.21,5.03,Simbad,05 35 17.12,-05 20 27.52,1
770,1889,,1889,99,0.21,6.3,,0.4,4.42,B1(Par)B0.5V(LA)B0Vp(vA)B1(J)B1(S)B1.5(T),1.79,4.35,7.21,16.63,,Simbad,05 35 17.15,-05 23 16.79,1
771,9171,,,,1.04,15.09,,3.17,3.562,M0.5-M1.5(H),3.06,-0.27,1.84,0.32,5.79,Simbad,05 35 17.18,-05 24 24.12,1
772,548,,1909,99,0.81,13.91,,2.38,,<=K5(H)<=K5(P)<M0(Sam)cont+emis(CK),,,,,,Simbad,05 35 17.25,-05 22 35.32,1
773,547,,,97,3.14,14.89,,2.67,3.571,M0.5(H),2.03,-0.45,1.43,0.42,6.12,Simbad,05 35 17.26,-05 20 14.72,1
774,549,,,99,0.66,15.22,,3.57,3.661,K2-K7(H)-PCygni-Paschen-lines,6.08,0.35,2.39,0.84,5.79,Simbad,05 35 17.26,-05 23 59.82,1
775,541,,,99,10.89,15.5,,3.36,3.471,M6(H),0.0,-0.79,1.54,0.1,4.79,Simbad,05 35 17.27,-05 12 29.42,1
776,551,b,,,2.37,14.36,,2.56,,,,,,,,Simbad,05 35 17.28,-05 25 44.22,1
777,551,a,,99,2.37,13.87,,2.73,3.562,M1(H)<M0(Sam),1.93,-0.05,2.36,0.27,5.14,Simbad,05 35 17.29,-05 25 44.22,1
778,555,,,99,7.4,16.44,,3.32,3.509,M4(H),1.05,-1.16,0.84,0.15,6.37,Simbad,05 35 17.31,-05 30 46.32,1
780,9176,,,99,0.88,15.68,,4.21,3.494,M5(H),2.39,-0.45,2.05,0.15,4.73,Simbad,05 35 17.32,-05 24 13.72,2
781,9178,,,99,0.39,17.76,,,,,,,,,,Simbad,05 35 17.33,-05 23 41.12,2
782,556,,,99,7.04,14.31,,2.49,,,,,,,,Simbad,05 35 17.34,-05 30 24.92,1
783,5047,,,,6.44,17.01,,,,,,,,,,Simbad,05 35 17.35,-05 16 56.45,1
784,545,,,99,13.56,15.25,,3.42,3.494,M5(H),0.36,-0.77,1.41,0.13,5.41,Simbad,05 35 17.37,-05 09 49.02,1
785,9179,,,,0.94,15.47,,4.32,3.494,M5e(H),2.67,-0.3,2.44,0.15,4.35,Simbad,05 35 17.40,-05 24 17.22,2
786,550,,,99,5.72,14.67,,4.21,3.679,K2-K3(H),8.0,1.04,4.85,1.22,5.26,Simbad,05 35 17.41,-05 17 39.82,1
787,9180,,,,0.25,13.28,,2.54,3.591,K7-K8e(H),2.12,0.19,2.75,0.32,4.96,Simbad,05 35 17.41,-05 23 20.52,1
788,9181,,,99,0.59,15.5,,3.21,,,,,,,,Simbad,05 35 17.43,-05 22 50.72,1
789,557,,,99,2.35,14.18,,2.68,3.591,K8(H),2.48,-0.08,2.01,0.39,5.72,Simbad,05 35 17.44,-05 25 42.42,1
790,554,,,93,0.26,13.8,,,,,,,,,,Simbad,05 35 17.45,-05 23 24.32,1
791,552,a,1908,99,1.65,14.5,,2.65,,,,,,,,Simbad,05 35 17.49,-05 21 44.82,1
792,552,b,1908,,1.64,15.96,,3.25,,,,,,,,Simbad,05 35 17.50,-05 21 45.22,1
793,553,a,1911,99,0.52,12.41,,2.5,3.67,K3-K4(H),3.48,0.84,4.02,0.95,5.33,Simbad,05 35 17.50,-05 22 56.22,1
794,553,b,1911,,0.52,14.93,,1.92,,,,,,,,Simbad,05 35 17.53,-05 22 56.32,1
795,558,,,98,0.42,15.73,,2.56,,<K6(H),,,,,,Simbad,05 35 17.58,-05 23 40.72,1
796,565,,,99,8.66,14.5,,2.95,3.509,M4(H),0.1,-0.62,1.57,0.18,5.73,Simbad,05 35 17.58,-05 32 02.02,1
797,559,,,99,1.55,14.69,,4.17,3.483,M5.5e(H),1.52,-0.19,2.91,0.16,3.97,Simbad,05 35 17.59,-05 24 53.82,1
798,9187,,,,1.29,16.21,,4.34,,>=M2(H),,,,,,Simbad,05 35 17.59,-05 22 07.22,2
799,9188,,,,0.6,15.93,,3.73,,,,,,,,Simbad,05 35 17.60,-05 22 51.02,1
800,9189,,,,1.83,16.38,,2.33,,,,,,,,Simbad,05 35 17.60,-05 25 10.92,2
801,9191,,,,2.32,19.13,,,,,,,,,,Simbad,05 35 17.63,-05 25 40.32,1
802,9192,,,99,1.37,15.62,,4.05,3.46,M6.5e(H),0.0,-0.73,1.72,0.1,4.52,Simbad,05 35 17.64,-05 24 42.72,2
804,9195,,,,0.45,17.43,,,,,,,,,,Simbad,05 35 17.69,-05 23 41.92,1
805,9196,,,,0.48,15.55,,4.38,,,,,,,,Simbad,05 35 17.70,-05 23 43.62,1
806,562,,1912,17,0.35,13.01,,2.67,3.58,M0(H),2.25,0.35,3.45,0.25,4.29,Simbad,05 35 17.71,-05 23 15.12,1
808,9198,,,,1.34,16.74,,4.91,,,,,,,,Simbad,05 35 17.72,-05 24 40.72,2
809,9199,,,,1.17,15.37,,4.69,,,,,,,,Simbad,05 35 17.72,-05 24 30.12,2
810,561,,1907,99,2.5,13.0,,2.33,,<M0(Sam),,,,,,Simbad,05 35 17.74,-05 20 53.92,1
811,571,,,99,7.31,16.22,,3.54,3.526,M0-M3e(H),2.55,-0.78,1.2,0.22,6.17,Simbad,05 35 17.76,-05 30 40.42,1
812,560,,,98,7.84,14.17,,3.37,,,,,,,,Simbad,05 35 17.81,-05 15 32.62,1
813,9201,,,,0.48,14.41,,2.43,3.591,K8(H),1.84,-0.33,1.51,0.49,6.12,Simbad,05 35 17.81,-05 23 02.52,1
814,569,,,92,2.0,14.72,,4.21,3.518,M3.5(H),3.85,0.16,3.71,0.09,3.11,Simbad,05 35 17.83,-05 25 20.62,1
815,567,,1910,99,0.72,9.66,,1.73,3.661,late-G(H)K3-4(HT)K4III(Ham)K2-K3(Sam),1.36,1.43,8.23,1.04,3.77,Simbad,05 35 17.84,-05 22 45.12,1
816,3054,,,,2.58,15.92,,,3.509,M4(H),0.0,-1.21,0.79,0.15,6.41,Simbad,05 35 17.85,-05 20 49.02,2
817,579,,,99,11.89,15.02,,3.1,3.526,M3(H),1.42,-0.58,1.52,0.23,5.98,Simbad,05 35 17.86,-05 35 15.52,1
818,563,,,99,7.74,14.97,,3.4,3.591,K7-M0(H),4.33,0.06,2.35,0.36,5.54,Simbad,05 35 17.87,-05 15 38.52,1
819,564,,,99,6.64,16.23,,,,,,,,,,Simbad,05 35 17.87,-05 16 44.92,1
820,570,a,,99,2.22,14.73,,3.12,,cont(H),,,,,,Simbad,05 35 17.87,-05 25 34.12,1
821,570,b,,,2.22,15.28,,3.53,,,,,,,,Simbad,05 35 17.87,-05 25 33.92,1
822,573,,,99,3.48,15.89,,2.83,3.5,M4.5(H),0.0,-1.15,0.89,0.13,6.29,Simbad,05 35 17.87,-05 26 50.32,1
823,577,,,99,7.15,15.3,,3.58,3.483,M5.5(H),0.0,-0.8,1.43,0.11,5.11,Simbad,05 35 17.88,-05 30 31.12,1
824,9204,,,,1.77,15.92,,4.56,3.58,M0(H),7.1,0.37,3.52,0.25,4.24,Simbad,05 35 17.88,-05 25 06.72,2
825,9206,,,,0.42,16.18,,4.75,,,,,,,,Simbad,05 35 17.89,-05 23 34.92,1
826,9208,,,,0.42,15.93,,4.19,,,,,,,,Simbad,05 35 17.89,-05 23 34.82,1
827,566,,,0,7.17,14.93,,3.74,,,,,,,,Simbad,05 35 17.90,-05 16 13.12,1
828,576,,,99,6.21,13.07,,2.28,3.555,M1.5(H),0.55,-0.07,2.39,0.26,5.03,Simbad,05 35 17.90,-05 29 34.22,1
829,9209,,,,1.34,15.3,,3.76,,cont+emis(H),,,,,,Simbad,05 35 17.94,-05 22 05.32,1
830,575,,,94,0.75,14.3,,3.6,,,,,,,,Simbad,05 35 17.96,-05 24 00.82,1
831,9210,,,,0.78,15.65,,5.53,,,,,,,,Simbad,05 35 17.97,-05 24 03.02,1
832,9211,,,99,0.41,16.91,>,2.49,,,,,,,,Simbad,05 35 17.97,-05 23 30.22,1
833,568,,,99,7.62,15.47,,3.47,3.518,M3.5(H),1.95,-0.6,1.54,0.2,5.97,Simbad,05 35 17.98,-05 15 46.02,1
834,580,,,99,5.05,15.56,,2.11,,M1::e(H),,,,,,Simbad,05 35 18.00,-05 28 24.52,1
835,574,,,99,6.82,14.82,,2.88,3.5,M4.5(H),0.0,-0.72,1.45,0.15,5.57,Simbad,05 35 18.10,-05 16 33.92,1
836,581,,1913,99,0.47,11.58,,2.35,,<M0(Sam),,,,,,Simbad,05 35 18.10,-05 23 35.42,1
837,9213,,,,1.2,15.44,,4.2,,,,,,,,Simbad,05 35 18.11,-05 24 29.92,2
838,572,,,81,10.27,13.92,,3.28,,,,,,,,Simbad,05 35 18.12,-05 13 07.02,1
839,582,,,99,0.44,14.96,,3.69,3.544,M2(H),3.75,-0.03,2.62,0.22,4.71,Simbad,05 35 18.12,-05 23 15.22,1
840,583,,,0,2.24,14.48,,1.7,3.562,M1(H),0.0,-0.77,1.03,0.42,6.58,Simbad,05 35 18.12,-05 25 34.64,1
841,9214,,,99,0.45,17.37,,3.63,,,,,,,,Simbad,05 35 18.12,-05 23 30.92,1
842,3083,,,99,0.94,15.18,,,,,,,,,,Simbad,05 35 18.13,-05 24 12.55,2
844,590,,,99,6.53,15.21,,3.77,3.518,M3.5(H),2.72,-0.31,2.16,0.2,5.03,Simbad,05 35 18.16,-05 29 53.42,1
845,591,,,99,5.41,13.99,,2.8,,,,,,,,Simbad,05 35 18.19,-05 28 45.82,1
846,9219,,,,1.34,16.19,,3.44,3.535,M2.5(H),2.72,-0.76,1.19,0.26,6.2,Simbad,05 35 18.19,-05 24 38.42,2
847,9220,,,,0.52,15.59,,4.6,3.509,M4(H),4.34,-0.02,3.12,0.14,3.78,Simbad,05 35 18.22,-05 23 06.82,1
848,588,,,99,0.83,15.92,,3.54,3.526,M3(H),2.55,-0.66,1.38,0.23,6.06,Simbad,05 35 18.23,-05 24 04.42,1
849,3140,,,,8.33,15.78,,2.3,,,,,,,,Simbad,05 35 18.23,-05 31 41.65,1
850,9221,,,,1.35,16.72,,3.89,,,,,,,,Simbad,05 35 18.24,-05 24 38.52,2
851,584,,,99,3.14,15.29,,3.03,3.5,M4.5(H),0.0,-0.91,1.17,0.14,6.07,Simbad,05 35 18.26,-05 20 16.32,1
852,589,,1925,99,0.89,11.3,,2.12,3.719,K0(H)G8-K0:(HT)K1IV(Ham)M0(Eetal),3.21,1.23,5.01,2.73,5.69,Simbad,05 35 18.26,-05 22 37.02,1
853,9222,,,,1.16,16.13,,3.84,,,,,,,,Simbad,05 35 18.26,-05 24 26.42,2
854,586,,,91,3.08,16.0,,,,,,,,,,Simbad,05 35 18.28,-05 20 19.92,1
855,9224,,,99,1.16,15.16,,3.95,3.535,M2.5(H),4.03,-0.03,2.76,0.2,4.53,Simbad,05 35 18.28,-05 24 26.32,2
856,9225,,,,1.71,16.21,,3.42,3.562,M1e(H),3.7,-0.56,1.32,0.4,6.22,Simbad,05 35 18.29,-05 21 43.92,2
857,585,,1906,99,6.77,11.51,,1.37,3.602,K7(H)K2.5-K7.1(P),0.0,0.39,3.28,0.35,4.69,Simbad,05 35 18.35,-05 16 37.52,1
858,578,,,99,14.88,15.45,,3.07,3.5,M4.5(H),0.0,-0.98,1.09,0.14,6.13,Simbad,05 35 18.36,-05 08 30.52,1
859,9227,,,99,2.01,16.0,,4.16,,,,,,,,Simbad,05 35 18.37,-05 25 19.32,2
860,9228,,,,0.89,13.91,,3.14,3.526,M3e(H),1.52,-0.11,2.61,0.19,4.61,Simbad,05 35 18.40,-05 24 07.02,1
861,594,,,98,2.71,15.43,,,3.518,M3.5(H),0.0,-1.06,0.91,0.18,6.35,Simbad,05 35 18.41,-05 20 42.62,1
863,587,,,99,9.75,14.32,,3.73,3.544,M2e(H),3.85,0.25,3.63,0.18,3.9,Simbad,05 35 18.42,-05 13 38.22,1
864,592,,,99,5.06,14.37,,2.58,3.535,M2.5(H)M4(Eetal),0.51,-0.57,1.48,0.27,6.0,Simbad,05 35 18.43,-05 18 20.42,1
865,9230,,,,0.52,15.95,,5.1,3.58,M0(H),8.48,0.69,5.13,0.2,3.35,Simbad,05 35 18.43,-05 23 28.82,2
866,593,,,99,6.81,13.7,,,3.602,K7(H),0.0,-0.48,1.2,0.67,6.62,Simbad,05 35 18.48,-05 16 35.12,1
868,596,,1927,99,0.56,13.06,,2.52,3.679,K2-K5e(H),3.67,0.63,3.01,1.07,5.66,Simbad,05 35 18.55,-05 23 13.52,1
869,595,,1922,99,2.87,10.56,,1.67,3.719,F8:np(HT)G0::(P)K0(Sam),2.06,1.24,5.09,2.75,5.68,Simbad,05 35 18.57,-05 20 33.52,1
870,5057,,,,5.38,,,,,,,,,,,Simbad,05 35 18.59,-05 18 01.24,1
871,9232,,,,0.78,15.53,,3.54,,cont(H),,,,,,Simbad,05 35 18.59,-05 23 55.92,2
872,598,a,1926,99,0.7,13.05,,2.7,3.633,"K1-K5,K6(H)",3.4,0.58,3.53,0.54,5.15,Simbad,05 35 18.62,-05 22 56.44,1
873,598,b,1926,,0.72,16.69,,,,,,,,,,Simbad,05 35 18.63,-05 22 55.42,1
874,600,,,99,1.46,14.22,,3.23,,,,,,,,Simbad,05 35 18.64,-05 22 01.82,1
875,5058,,,,5.36,,,,,,,,,,,Simbad,05 35 18.69,-05 18 02.50,1
876,599,,,99,5.92,14.73,,4.47,3.867,A8-F0(H),10.78,1.86,5.24,3.54,,Simbad,05 35 18.70,-05 17 28.92,1
878,597,,,0,8.64,14.02,,2.74,,,,,,,,Simbad,05 35 18.75,-05 14 45.08,1
879,603,,1924,99,1.79,13.42,,2.21,,,,,,,,Simbad,05 35 18.75,-05 21 40.92,1
881,602,,,,2.93,14.5,,,,B::(H),,,,,,Simbad,05 35 18.76,-05 20 30.52,1
882,601,,1921,98,7.17,12.52,,1.25,3.679,K3-K4(H)K2.5-K5(P)K5(Eetal)K2V(Ham),0.41,0.05,1.55,1.17,6.55,Simbad,05 35 18.79,-05 16 13.72,1
883,9238,,,,1.08,15.58,,4.81,3.58,M0(H),7.74,0.66,4.93,0.2,3.44,Simbad,05 35 18.79,-05 24 16.92,2
884,9239,,,,1.16,17.54,,,,,,,,,,Simbad,05 35 18.80,-05 22 23.12,1
885,9241,,,,1.16,16.77,,3.54,,,,,,,,Simbad,05 35 18.81,-05 22 23.32,1
886,606,,,99,2.33,13.68,,3.33,3.522,M3.3(P),1.8,0.06,3.25,0.14,3.87,Simbad,05 35 18.85,-05 21 07.62,1
887,605,,,97,2.59,15.28,,2.04,3.602,K7(H),1.16,-0.83,0.8,0.71,7.33,Simbad,05 35 18.86,-05 20 51.81,1
888,614,,1942,0,14.25,12.86,,2.08,3.562,M1(H),0.26,-0.06,2.35,0.27,5.15,Simbad,05 35 18.90,-05 37 36.82,1
889,9243,,,,1.24,14.99,,3.63,3.602,K7(H),5.24,0.28,2.88,0.37,5.06,Simbad,05 35 18.90,-05 22 18.47,2
890,607,,,99,0.77,13.64,,1.86,3.713,G8-K2(H)<=K5(P),2.46,0.11,1.42,1.31,6.86,Simbad,05 35 18.95,-05 23 49.22,1
891,9245,,,,1.8,15.61,,3.72,3.602,K7(H),5.47,0.09,2.31,0.41,5.59,Simbad,05 35 18.99,-05 25 03.42,2
892,610,,1928,99,0.65,13.89,,2.7,3.591,K8(H),2.53,0.05,2.33,0.36,5.55,Simbad,05 35 19.01,-05 23 26.62,1
893,608,,1923,99,2.81,11.25,,0.64,3.917,A5(WSH)A4-A7(H)B-A(HT)B5(P),1.29,1.0,1.54,1.78,7.23,Simbad,05 35 19.03,-05 20 38.52,1
894,609,,,,2.86,13.0,,,3.526,M3(H),0.0,-0.12,2.59,0.19,4.62,Simbad,05 35 19.05,-05 20 35.42,1
897,9249,,,,1.04,17.22,>,5.18,,,,,,,,Simbad,05 35 19.09,-05 22 34.92,1
898,5147,,,,7.7,17.19,,,,,,,,,,Simbad,05 35 19.11,-05 31 02.66,1
899,615,,,99,4.2,16.33,,,3.471,M6(H),0.0,-1.12,1.05,0.08,5.21,Simbad,05 35 19.13,-05 27 31.52,1
900,9250,,,,0.87,14.23,,2.8,3.643,K5(H),3.82,0.2,2.19,0.68,5.79,Simbad,05 35 19.15,-05 22 50.62,1
901,612,,,99,6.67,14.7,,2.52,3.518,M3.5e(H),0.0,-0.77,1.27,0.2,6.11,Simbad,05 35 19.19,-05 16 44.52,1
902,613,,1936,99,3.32,13.2,,2.06,3.695,K2(Sam),2.72,0.34,2.02,1.38,6.31,Simbad,05 35 19.19,-05 20 07.72,1
903,5040,,,,7.26,16.73,,2.92,,,,,,,,Simbad,05 35 19.23,-05 16 09.22,1
905,616,,,95,2.42,15.75,,4.43,3.518,M3.5(H),4.41,-0.11,2.71,0.15,4.24,Simbad,05 35 19.39,-05 21 04.42,1
906,617,,,,1.27,16.58,,4.41,3.471,>=M6(H),1.22,-0.92,1.32,0.09,4.94,Simbad,05 35 19.40,-05 22 21.12,2
907,618,,,2,13.5,13.91,,2.74,,,,,,,,Simbad,05 35 19.41,-05 36 51.14,1
908,621,,,97,4.28,16.37,,,,,,,,,,Simbad,05 35 19.47,-05 27 35.32,1
909,620,,,99,0.96,14.41,,2.59,3.591,K8(H),2.25,-0.23,1.69,0.45,5.93,Simbad,05 35 19.50,-05 23 56.92,1
910,622,,1940,99,1.32,12.89,,2.46,3.535,M0-M2.5e(H)M0.5(P)<M0(Sam),0.2,-0.05,2.68,0.2,4.6,Simbad,05 35 19.56,-05 24 26.12,1
911,626,,,99,12.24,15.4,,3.01,3.494,M5(H),0.0,-0.92,1.19,0.13,5.95,Simbad,05 35 19.58,-05 35 35.52,1
912,619,,,98,9.32,15.91,,3.46,3.509,M4(H),1.41,-0.87,1.18,0.17,6.12,Simbad,05 35 19.68,-05 14 05.22,1
913,628,,,99,7.29,14.39,,3.5,,,,,,,,Simbad,05 35 19.69,-05 30 37.02,1
914,623,,,,2.39,14.5,,,,,,,,,,Simbad,05 35 19.70,-05 21 08.02,1
915,624,,,98,1.31,15.44,,2.88,,late-M(H),,,,,,Simbad,05 35 19.72,-05 22 21.33,1
916,625,,,99,1.64,14.39,,1.07,3.562,M1(H)M6-M6.5(H),0.0,-0.73,1.08,0.42,6.52,Simbad,05 35 19.74,-05 24 47.52,1
917,633,,,98,7.73,16.19,,,,,,,,,,Simbad,05 35 19.76,-05 31 03.42,1
918,632,,,99,7.2,15.32,,4.01,3.483,M5.5(H),1.11,-0.54,1.94,0.13,4.63,Simbad,05 35 19.77,-05 30 31.82,1
919,9256,,,,1.08,15.34,,4.26,3.544,M2(H),5.21,0.17,3.32,0.19,4.12,Simbad,05 35 19.83,-05 24 02.05,1
920,639,,1941,99,10.55,13.62,,2.53,,,,,,,,Simbad,05 35 19.85,-05 33 53.22,1
922,5066,,,,4.69,17.31,,,,,,,,,,Simbad,05 35 19.89,-05 18 46.17,1
923,638,,,99,5.88,17.03,,,,,,,,,,Simbad,05 35 19.92,-05 29 11.52,1
925,631,,1938,99,2.45,12.89,,2.2,3.602,K7(H)<M0(Sam),1.57,0.22,2.7,0.38,5.37,Simbad,05 35 19.94,-05 21 05.72,1
926,636,,,99,2.41,13.4,,2.46,3.575,M0.3(P),1.6,0.04,2.47,0.29,5.11,Simbad,05 35 19.94,-05 25 37.22,1
927,634,,,99,2.79,16.28,,,,,,,,,,Simbad,05 35 19.98,-05 20 43.82,1
928,627,,,,10.2,15.8,,,,,,,,,,Simbad,05 35 20.02,-05 13 12.82,1
929,637,,1939,99,2.03,12.96,,2.19,,<M0(Sam),,,,,,Simbad,05 35 20.03,-05 21 33.32,1
930,629,,,99,10.16,13.48,,4.34,3.643,early-Ke(H)K5-M0e(H),7.77,1.47,9.37,0.62,1.99,Simbad,05 35 20.04,-05 13 15.52,1
931,641,,1962,99,3.39,11.51,,1.74,3.719,mid-G--early-K(H),2.24,0.91,3.46,2.24,5.99,Simbad,05 35 20.06,-05 26 38.72,1
932,642,,,99,5.39,15.96,,2.85,3.494,M5(H),0.0,-1.14,0.92,0.12,6.23,Simbad,05 35 20.07,-05 28 41.22,1
933,646,,,99,11.61,15.67,,3.35,3.526,M3(H),2.06,-0.68,1.35,0.23,6.08,Simbad,05 35 20.07,-05 34 57.02,1
934,3075,,,,0.95,,,,,,,,,,,Simbad,05 35 20.08,-05 23 08.23,1
935,9260,,,99,2.37,16.91,,1.76,,M:(H),,,,,,Simbad,05 35 20.08,-05 25 33.82,1
936,640,,1937,99,2.6,9.73,,2.47,3.771,K0(Par)G0nV(HT)G5-K3:(GS)F7-G2(Sam),4.75,2.27,13.15,5.05,,Simbad,05 35 20.11,-05 20 56.72,1
937,9261,,,,1.29,16.85,,4.96,,,,,,,,Simbad,05 35 20.12,-05 22 28.82,1
938,635,,,99,9.44,15.88,,4.1,3.5,M4.5(H),2.5,-0.54,1.8,0.16,5.13,Simbad,05 35 20.14,-05 13 59.22,1
939,644,,,99,1.93,13.5,,,,,,,,,,Simbad,05 35 20.17,-05 25 03.92,1
940,649,,,98,8.95,15.69,,3.84,3.471,M6(H),0.0,-0.86,1.41,0.1,4.88,Simbad,05 35 20.18,-05 32 16.52,1
941,647,,1963,99,7.34,13.65,,2.31,3.494,M5e(H),0.0,-0.22,2.66,0.15,4.17,Simbad,05 35 20.20,-05 30 39.02,1
942,654,,,99,13.32,15.33,,4.0,3.494,>=M5(H),1.85,-0.44,2.07,0.15,4.71,Simbad,05 35 20.24,-05 36 39.42,1
943,5152,,,,7.95,17.43,,,,,,,,,,Simbad,05 35 20.24,-05 31 15.79,1
944,5119,,,,3.06,16.62,,1.37,3.483,M5.5(H),0.0,-1.33,0.78,0.09,6.32,Simbad,05 35 20.26,-05 26 17.04,1
945,645,,1959,99,1.51,13.49,,3.03,,mid-K(H),,,,,,Simbad,05 35 20.29,-05 22 13.42,1
946,643,,,99,6.22,15.06,,3.7,3.562,M1(H),4.42,0.08,2.74,0.25,4.73,Simbad,05 35 20.31,-05 17 14.22,1
947,648,b,1960,,0.99,14.62,,4.47,,,,,,,,Simbad,05 35 20.35,-05 23 29.52,1
948,653,,,99,5.89,15.48,,3.32,3.465,M6-M6.5(H),0.0,-0.73,1.7,0.11,4.59,Simbad,05 35 20.37,-05 29 10.72,1
949,648,a,1960,99,1.0,13.15,,2.58,3.58,M0(H),2.02,0.24,3.03,0.27,4.6,Simbad,05 35 20.39,-05 23 29.72,1
950,650,,,98,2.7,15.5,,,,,,,,,,Simbad,05 35 20.42,-05 20 52.02,1
951,9264,,,,1.01,16.92,,5.43,,,,,,,,Simbad,05 35 20.43,-05 23 31.02,1
952,652,,,99,1.4,15.12,,3.37,,cont(H),,,,,,Simbad,05 35 20.44,-05 24 20.62,1
953,9266,,,,1.01,17.65,,,,,,,,,,Simbad,05 35 20.44,-05 23 22.92,2
954,651,,,99,2.84,15.37,,,,,,,,,,Simbad,05 35 20.46,-05 20 43.12,1
955,5091,,,,1.97,,,,,,,,,,,Simbad,05 35 20.46,-05 21 40.95,1
956,656,,,,1.12,17.27,,4.24,,M:(H),,,,,,Simbad,05 35 20.51,-05 22 55.12,1
957,658,,,99,1.73,13.58,,,3.544,M2e(H),0.0,-0.4,1.73,0.29,5.83,Simbad,05 35 20.52,-05 24 46.02,1
958,657,,,,1.21,16.12,,3.68,3.562,M1(H),4.37,-0.36,1.66,0.35,5.9,Simbad,05 35 20.54,-05 22 44.92,2
959,659,,,84,1.15,14.03,,4.15,,,,,,,,Simbad,05 35 20.56,-05 23 52.72,1
960,660,,1956,99,1.95,8.9,,0.72,4.272,B3(WSH)B1(H)B8IV-V(Par)B2:Vshell(LA)B8(GS)B0Vp(J)B2(S)B8(T),2.44,3.11,3.43,6.41,,Simbad,05 35 20.61,-05 21 44.02,2
961,9270,,,,1.36,16.18,,4.49,,,,,,,,Simbad,05 35 20.62,-05 22 31.16,2
962,3106,,,,3.07,15.98,,,,,,,,,,Simbad,05 35 20.64,-05 26 15.45,1
963,655,,,99,7.63,12.46,,3.26,,K0-K5:(H),,,,,,Simbad,05 35 20.65,-05 15 49.12,1
964,661,,1958,99,1.81,13.48,,1.57,3.58,MO(H),0.0,-0.39,1.48,0.45,6.11,Simbad,05 35 20.66,-05 21 54.72,1
965,667,,,99,14.56,15.81,,3.24,3.5,M4.5(H),0.29,-1.05,1.0,0.14,6.2,Simbad,05 35 20.67,-05 37 53.92,1
967,663,,,99,2.17,14.57,,2.36,3.5,M4.5(H),0.0,-0.62,1.63,0.15,5.31,Simbad,05 35 20.73,-05 21 29.82,1
968,665,,1957,9,1.89,13.7,,1.82,,M:e(H),,,,,,Simbad,05 35 20.82,-05 21 50.52,1
969,9271,,,,1.11,15.75,,3.65,3.58,M0(H),4.76,-0.13,1.98,0.36,5.73,Simbad,05 35 20.84,-05 23 21.72,1
970,664,,,99,6.84,14.05,,2.88,3.623,<=K7(H)K5.5(P)K7:(Eetal),3.69,0.26,2.55,0.51,5.55,Simbad,05 35 20.89,-05 16 37.42,1
971,673,,1976,99,8.06,13.07,,1.83,3.643,K5(H),1.33,0.06,1.86,0.75,6.04,Simbad,05 35 20.90,-05 31 21.22,1
972,675,,,0,10.34,16.74,,3.05,,,,,,,,Simbad,05 35 20.91,-05 33 39.02,1
973,9272,,,,1.25,15.95,,5.07,,,,,,,,Simbad,05 35 20.92,-05 23 55.32,2
974,672,,,98,4.9,14.0,,2.38,3.591,K8(H),1.71,-0.19,1.76,0.44,5.87,Simbad,05 35 20.93,-05 28 08.62,1
975,669,,1961,99,1.21,10.76,,1.67,3.708,G8(H)<=K5(P)K3(CK)K1-K2(Sam),1.91,1.12,4.66,2.13,5.58,Simbad,05 35 20.94,-05 23 48.62,1
976,9274,,,,1.51,17.02,,4.99,3.526,M3:(H),6.26,-0.2,2.36,0.2,4.86,Simbad,05 35 20.98,-05 22 23.32,1
977,9275,,,,1.49,17.22,,4.37,,cont+emis(H),,,,,,Simbad,05 35 21.00,-05 22 25.72,2
978,668,,,99,5.15,15.08,,3.48,,,,,,,,Simbad,05 35 21.05,-05 18 21.22,1
979,674,,,99,2.82,15.02,,,3.571,M0.5(H),0.0,-1.0,0.76,0.49,7.11,Simbad,05 35 21.05,-05 25 56.52,1
980,9276,,,,1.33,16.59,,4.23,,,,,,,,Simbad,05 35 21.10,-05 23 59.82,2
981,9277,,,,1.19,16.09,,4.48,3.471,M6(H),1.4,-0.68,1.74,0.11,4.67,Simbad,05 35 21.10,-05 23 33.12,2
982,682,,,99,9.98,16.24,,3.58,3.544,M2(H),3.46,-0.61,1.34,0.3,6.1,Simbad,05 35 21.12,-05 33 17.22,1
983,666,,1953,95,14.16,9.05,,0.83,3.771,"G1(WSH)G0(Par)F9IV(vA)K2Ve(D)F8-G0III-IV,V(LDW,J,M)G0III(W)",0.55,1.52,5.52,3.39,,Simbad,05 35 21.16,-05 09 15.82,1
984,680,,,99,4.42,15.85,,,,,,,,,,Simbad,05 35 21.16,-05 27 38.32,1
985,9278,,,,1.82,15.89,,3.7,,,,,,,,Simbad,05 35 21.16,-05 21 59.42,2
986,9280,,,99,1.25,15.32,,3.72,3.526,M3(H),3.01,-0.31,2.07,0.21,5.19,Simbad,05 35 21.16,-05 22 59.22,1
987,678,,1974,99,1.97,12.33,,1.84,3.695,K1-K2(Sam),2.16,0.55,2.57,1.38,6.0,Simbad,05 35 21.18,-05 24 56.92,1
988,681,,,99,1.26,16.39,,3.99,,,,,,,,Simbad,05 35 21.20,-05 23 45.72,1
989,670,,1955,70,11.23,9.65,,1.33,3.761,G8:(WSH)G0-2IV-III(M)G0-G2III(LDW)G6IV(SBB),1.71,1.55,6.01,3.52,,Simbad,05 35 21.21,-05 12 12.42,1
990,679,,1991,99,1.45,14.48,,2.38,3.571,M0.5(H)K7:(P),1.29,-0.47,1.4,0.43,6.15,Simbad,05 35 21.22,-05 24 11.22,1
991,681,,,99,1.27,13.86,,2.4,3.602,K7(P),2.09,-0.04,2.0,0.44,5.74,Simbad,05 35 21.25,-05 23 45.22,1
992,9283,,,,1.64,16.83,,,3.555,M1.5(H),0.0,-1.71,0.36,0.34,7.81,Simbad,05 35 21.27,-05 22 16.12,1
993,671,,,99,13.73,15.92,,2.9,3.544,M2(H),1.72,-0.91,0.96,0.29,6.49,Simbad,05 35 21.28,-05 09 42.12,1
994,683,,1975,99,3.57,11.76,,1.85,3.623,K6(H),1.05,0.53,3.48,0.47,4.92,Simbad,05 35 21.29,-05 26 43.62,1
995,685,,,99,1.25,15.22,,4.56,3.518,M3.5(H),4.74,0.18,3.79,0.09,3.03,Simbad,05 35 21.39,-05 23 16.42,1
996,684,,,,2.61,15.58,,,,M:e(H),,,,,,Simbad,05 35 21.46,-05 21 05.48,1
997,676,,,99,13.79,15.07,,1.59,3.643,K5(H),0.72,-0.89,0.62,0.69,7.82,Simbad,05 35 21.47,-05 09 38.72,1
998,677,,,99,13.61,14.72,,2.62,3.526,M3(H),0.19,-0.76,1.24,0.22,6.14,Simbad,05 35 21.47,-05 09 49.52,1
999,688,,,99,3.8,14.78,,3.26,,,,,,,,Simbad,05 35 21.52,-05 26 57.22,1
1000,689,,,99,4.07,16.87,,,3.483,M5.5(H),0.0,-1.43,0.69,0.08,6.38,Simbad,05 35 21.52,-05 27 14.12,2
1001,686,,,99,6.19,16.4,,,,,,,,,,Simbad,05 35 21.53,-05 17 19.02,1
1002,700,,1978,99,11.66,13.67,,2.44,,,,,,,,Simbad,05 35 21.53,-05 34 58.12,1
1003,690,,,94,2.43,13.44,,1.77,3.58,M0(H),0.0,-0.37,1.5,0.45,6.08,Simbad,05 35 21.56,-05 25 26.02,1
1004,9285,,,,1.29,16.96,,5.21,3.483,M5.5(H),4.18,-0.45,2.16,0.14,4.45,Simbad,05 35 21.56,-05 23 25.72,2
1005,687,a,,54,2.06,14.66,,3.01,,,,,,,,Simbad,05 35 21.59,-05 21 46.70,1
1006,687,b,,,2.06,17.32,,,3.562,M1:(H),0.0,-1.91,0.28,0.33,8.33,Simbad,05 35 21.60,-05 21 46.52,1
1007,701,,1977,99,11.47,12.42,,1.26,3.722,G8-K0e(H)K6(CK),1.05,0.25,1.61,1.45,6.77,Simbad,05 35 21.61,-05 34 46.52,1
1008,695,,,98,3.6,14.62,,2.63,3.535,M2.8(P)M2(H),0.64,-0.64,1.37,0.27,6.07,Simbad,05 35 21.62,-05 26 44.02,1
1009,9287,,,,1.37,17.06,,5.24,,<M2(H),,,,,,Simbad,05 35 21.62,-05 23 48.02,1
1010,693,,,99,1.33,14.87,,4.06,3.555,M1.5(H),5.11,0.32,3.76,0.2,3.9,Simbad,05 35 21.68,-05 23 10.42,1
1011,694,,,99,1.35,14.74,,2.99,3.623,K5-K7(H),3.97,0.05,2.01,0.57,5.81,Simbad,05 35 21.68,-05 23 38.82,1
1012,698,,1973,99,1.42,11.83,,1.44,3.722,G6-K3(H),1.51,0.6,2.4,1.9,6.36,Simbad,05 35 21.70,-05 23 53.62,1
1013,697,,,99,1.82,14.9,,3.03,,,,,,,,Simbad,05 35 21.74,-05 22 08.02,1
1014,9292,,,,1.45,14.95,,2.97,3.562,M1(H),2.54,-0.34,1.7,0.34,5.87,Simbad,05 35 21.78,-05 23 55.12,1
1015,9293,,,,1.51,16.56,,5.49,,,,,,,,Simbad,05 35 21.78,-05 22 40.92,2
1016,696,a,,99,6.46,14.06,,3.28,,,,,,,,Simbad,05 35 21.79,-05 17 03.20,1
1018,9294,,,,1.37,17.09,,4.45,,,,,,,,Simbad,05 35 21.79,-05 23 06.42,2
1019,691,,,98,8.47,15.64,,4.35,3.509,M4(H),3.69,-0.2,2.54,0.16,4.37,Simbad,05 35 21.80,-05 15 01.02,1
1020,692,,,99,9.02,13.24,,2.49,3.535,M2-3(H),0.28,-0.17,2.33,0.22,4.95,Simbad,05 35 21.82,-05 14 27.52,2
1021,702,,,99,5.25,15.07,,4.09,3.518,M3.5(H),3.54,-0.05,2.9,0.14,4.0,Simbad,05 35 21.83,-05 28 26.82,1
1022,9296,,,,1.38,19.4,>,4.4,,,,,,,,Simbad,05 35 21.84,-05 23 07.32,2
1023,696,b,,,6.45,,,,,,,,,,,Simbad,05 35 21.91,-05 17 04.56,1
1024,704,,,99,5.06,14.7,,2.41,,,,,,,,Simbad,05 35 21.96,-05 28 14.82,1
1025,3116,,,,4.99,16.48,,2.21,,,,,,,,Simbad,05 35 21.97,-05 28 10.08,1
1026,3121,,,,5.72,16.53,,3.11,,,,,,,,Simbad,05 35 21.98,-05 28 55.27,1
1027,5179,,,99,1.82,,,,,,,,,,,Simbad,05 35 22.00,-05 24 32.43,2
1028,9297,,,,1.62,15.67,,4.19,3.602,K7(H),6.68,0.36,3.15,0.36,4.79,Simbad,05 35 22.01,-05 22 33.89,1
1029,707,,1992,99,1.75,12.02,,1.89,,<K7(P),,,,,,Simbad,05 35 22.08,-05 24 24.52,1
1030,9298,,,,1.84,16.66,,3.62,3.494,M5(H),0.88,-1.21,0.85,0.12,6.3,Simbad,05 35 22.09,-05 22 12.72,2
1031,709,,1994,99,3.54,12.92,,2.21,3.571,M0.5(H),0.85,0.05,2.55,0.28,4.96,Simbad,05 35 22.10,-05 26 36.92,1
1032,711,,,99,5.42,16.37,,,3.471,M6(H),0.0,-1.13,1.03,0.08,5.23,Simbad,05 35 22.13,-05 28 36.12,1
1033,706,,1972,99,3.23,11.81,,1.34,3.679,K3(WSH)K2-K4(Sam),0.64,0.39,2.29,1.08,5.99,Simbad,05 35 22.15,-05 20 29.02,1
1034,3034,,,,5.43,15.67,,3.91,,,,,,,,Simbad,05 35 22.16,-05 18 08.27,1
1035,715,,,99,8.03,15.29,,3.46,3.471,M6(H)M5(Eetal),0.0,-0.7,1.7,0.11,4.7,Simbad,05 35 22.18,-05 31 16.52,1
1036,719,,,99,12.15,14.49,,3.06,3.494,M4-M6(H),0.0,-0.56,1.81,0.14,5.0,Simbad,05 35 22.19,-05 35 26.52,1
1037,9299,,,,1.8,,,,,,,,,,,Simbad,05 35 22.20,-05 22 18.12,1
1038,710,,,99,1.68,12.65,,1.17,3.562,M0.5-M1.5(H)M0.1(P),0.0,-0.04,2.4,0.27,5.07,Simbad,05 35 22.21,-05 24 13.72,1
1039,9300,,,,2.22,19.6,,,,,,,,,,Simbad,05 35 22.22,-05 21 41.72,1
1040,722,,,98,10.65,14.51,,3.16,,,,,,,,Simbad,05 35 22.25,-05 33 55.62,1
1041,716,,,99,4.34,14.44,,2.88,3.5,M4.5e(H),0.0,-0.57,1.73,0.15,5.2,Simbad,05 35 22.27,-05 27 27.92,1
1042,703,,,98,15.37,13.9,,,,,,,,,,Simbad,05 35 22.30,-05 08 04.72,1
1043,713,,,99,2.31,13.67,,,,,,,,,,Simbad,05 35 22.30,-05 25 09.02,1
1044,712,,,99,2.01,14.12,,2.61,3.679,K2-K4(H)<K7(P),3.9,0.26,1.97,1.12,6.19,Simbad,05 35 22.34,-05 22 00.72,1
1045,705,,1971,98,14.27,12.25,,1.36,,late-K::(H),,,,,,Simbad,05 35 22.35,-05 09 10.72,1
1046,718,,,99,2.8,14.93,,,,,,,,,,Simbad,05 35 22.36,-05 25 44.72,1
1047,720,,,,3.18,15.0,,,,,,,,,,Simbad,05 35 22.39,-05 26 11.22,1
