Index,Gmag,masses,mass_e,expected masses,binary,membership,period,parallax,ra,dec
7,11.298231661666396,0.19903563688339632,0.04209712602898778,0.221,1,1,,8.0292,43.05405781166,24.53806628556
23,9.418120661666396,0.43469320307947723,0.04209712602898778,0.455,1,1,,7.76,45.07867884041,25.58891818185
24,11.322908661666396,0.19594256325049852,0.04209712602898778,0.206,1,1,,7.0442,45.07994502495,29.34559168043
25,7.096307661666396,0.7257147442238149,0.04209712602898778,0.718,1,1,,7.952,45.31788349496,14.06517484957
27,10.427222661666397,0.30820996811962753,0.04209712602898778,0.319,1,1,,6.9935,45.44326058848,21.73464809457
28,9.885474661666397,0.3761139456888214,0.04209712602898778,0.398,1,1,,6.8767,45.44626054805,26.28811325526
31,11.534305661666394,0.16944556253024712,0.04209712602898778,0.193,1,1,,7.4938,45.70893891855,18.22288157071
33,9.665275661666396,0.40371420993854445,0.04209712602898778,0.425,1,1,,8.2894,45.82810425385,31.75830115924
35,10.320137661666395,0.32163225567398346,0.04209712602898778,0.333,1,1,,6.763,46.07208368036,19.12818624983
36,11.179613661666394,0.21390349797619712,0.04209712602898778,0.223,1,1,,6.9371,46.10997757958,33.28394109181
42,11.130054661666396,0.22011534042757974,0.04209712602898778,0.23,1,1,,7.799,46.93316148136,24.84403425363
43,10.716863661666395,0.27190567910126706,0.04209712602898778,0.279,1,1,,8.5609,47.00546738298,29.24193828153
44,9.272056661666396,0.4530012108241608,0.04209712602898778,0.472,1,1,,8.8132,47.02345584981,28.70405790908
52,9.839083661666397,0.38192870351609987,0.04209712602898778,0.419,1,1,,6.1001,47.39186879692,22.19036997135
53,6.718434661666397,0.7730782411190575,0.04209712602898778,0.762,1,1,,7.9774,47.40077507939,24.90662827453
54,11.459617661666396,0.1788071333651886,0.04209712602898778,0.194,1,1,,9.1877,47.52860317166,29.57126273286
56,10.292632661666396,0.32507979752562055,0.04209712602898778,0.337,1,1,,7.3353,47.65902862354,29.57156725907
57,9.833151661666395,0.38267223444734566,0.04209712602898778,0.405,1,1,,7.2037,47.74741291102,21.42069204051
58,11.494341661666397,0.17445474495376345,0.04209712602898778,0.192,1,1,,7.3832,47.88575628859,34.71341541191
59,7.308965661666395,0.6990596867766078,0.04209712602898778,0.698,1,1,,7.1232,47.97014303439,25.84524645338
66,9.853204661666396,0.3801587439274081,0.04209712602898778,0.402,1,1,,9.2433,48.23416105988,30.34797109308
71,9.869643661666396,0.378098240728024,0.04209712602898778,0.4,1,1,,7.5814,48.54405888589,29.36329180042
73,8.817879661666396,0.5099288318221962,0.04209712602898778,0.527,1,1,,9.2031,48.57565904082,23.64934188663
75,8.042158661666397,0.6071595394278588,0.04209712602898778,0.617,1,1,,8.6431,48.65584203464,31.61147022426
76,11.601629661666397,0.16100701289855768,0.04209712602898778,0.186,1,1,,8.5513,48.66662268844,31.15277128249
77,11.575285661666395,0.1643090322601113,0.04209712602898778,0.187,1,1,,7.3852,48.71057218604,31.55171269779
82,10.083103661666396,0.3513426587011035,0.04209712602898778,0.369,1,1,,7.7025,48.90396482002,27.77818042509
85,8.990176661666396,0.4883327177188872,0.04209712602898778,0.546,1,1,,9.5601,49.12234627981,28.46433656486
87,11.346518661666398,0.1929832299250247,0.04209712602898778,0.201,1,1,,6.7466,49.14872445592,29.75539958205
94,9.041815661666396,0.48186016314056745,0.04209712602898778,0.5,1,1,,7.1739,49.45477887174,24.34782888117
99,10.316784661666397,0.32205252863630074,0.04209712602898778,0.334,1,1,,7.1996,49.67108158754,25.78521785301
102,11.315473661666395,0.19687448376193006,0.04209712602898778,0.207,1,1,,6.1934,49.93945844957,31.33630533156
103,9.785099661666395,0.3886951859490677,0.04209712602898778,0.41,1,1,,8.7098,49.98283501438,24.00819401735
115,10.655212661666397,0.279633161475209,0.04209712602898778,0.287,1,1,,8.16,50.31235070619,21.85964129587
117,11.245836661666395,0.20560295029246833,0.04209712602898778,0.216,1,1,,6.3342,50.35725724186,24.67706586427
118,11.202165661666395,0.2110767768768289,0.04209712602898778,0.221,1,1,,7.2622,50.44783648985,25.29600227874
119,8.947893661666397,0.4936325690954648,0.04209712602898778,0.511,1,1,,7.6674,50.4636286995,24.28066004279
122,10.619463661666398,0.28411402581457157,0.04209712602898778,0.292,1,1,,6.7938,50.57362144044,26.05563225547
124,7.993340661666396,0.6132785031840202,0.04209712602898778,0.623,1,1,,7.0632,50.63168406659,22.09581942273
127,7.383035661666396,0.6897755775255349,0.04209712602898778,0.687,1,1,,7.5403,50.79051301897,25.69930243028
128,10.938061661666396,0.24418019782519296,0.04209712602898778,0.253,1,1,,8.4268,50.82900989913,25.47002716548
131,7.286116661666396,0.7019236345594855,0.04209712602898778,0.697,1,1,,8.0427,51.01224792741,27.06352184085
134,11.636762661666396,0.15660335945832649,0.04209712602898778,0.188,1,1,,6.7616,51.13095253606,28.92192931521
136,10.517450661666397,0.296900576874781,0.04209712602898778,0.305,1,1,,6.9557,51.14559562594,24.15118801846
137,8.258274661666396,0.5800710480696187,0.04209712602898778,0.593,1,1,,6.7607,51.17604483896,25.30456404352
138,9.191455661666396,0.4631039310853422,0.04209712602898778,0.482,1,1,,7.5853,51.18947621284,25.17796887125
140,6.915575661666397,0.7483681212072748,0.04209712602898778,0.739,1,1,,8.4967,51.24259316689,26.85023074841
145,7.964400661666396,0.6169059113347702,0.04209712602898778,0.639,1,1,,7.9553,51.49170680424,27.60943420836
148,10.097431661666397,0.34954675324208684,0.04209712602898778,0.366,1,1,,6.6095,51.56422019646,32.00583779583
150,11.507687661666395,0.17278192570082984,0.04209712602898778,0.191,1,1,,6.9236,51.57181963932,29.40262469097
160,9.832796661666396,0.3827167309882411,0.04209712602898778,0.404,1,1,,7.1827,51.83937776575,27.86424266113
164,8.093813661666395,0.6006849793716398,0.04209712602898778,0.612,1,1,,9.1939,51.93514702499,22.71640283522
165,11.521070661666396,0.17110446878025298,0.04209712602898778,0.191,1,1,,7.7019,51.95346377844,31.78565739498
166,9.970891661666396,0.36540757657988543,0.04209712602898778,0.384,1,1,,5.7159,51.97003339534,31.74981746601
167,10.386825661666396,0.31327342378879997,0.04209712602898778,0.323,1,1,,7.6607,51.97616993559,24.93627369748
168,10.857765661666395,0.25424468866391514,0.04209712602898778,0.262,1,1,,7.5463,51.98706097103,32.18423044834
170,11.165499661666395,0.2156725801683077,0.04209712602898778,0.225,1,1,,7.1317,52.00661604081,23.0782830833
172,9.652008661666397,0.40537712714434937,0.04209712602898778,0.426,1,1,,7.1438,52.04140241056,36.44951347701
173,5.201745661666395,0.9631836329902653,0.04209712602898778,0.999,1,1,,7.5527,52.046276068,27.30702253088
176,10.915649661666396,0.24698937099294027,0.04209712602898778,0.256,1,1,,8.4159,52.0924283895,30.30052482281
180,10.786760661666396,0.2631446235548618,0.04209712602898778,0.277,1,1,,6.8855,52.20036007928,25.57566354521
181,6.384366661666396,0.8149511155525312,0.04209712602898778,0.806,1,1,,6.5185,52.20328901735,26.49919111555
185,10.330657661666397,0.3203136539550515,0.04209712602898778,0.331,1,1,,7.7466,52.24400231881,26.30331428109
187,11.271923661666396,0.20233314391967583,0.04209712602898778,0.215,1,1,,7.1401,52.29698668254,27.16451963527
188,9.176426661666396,0.4649877015448316,0.04209712602898778,0.483,1,1,,7.5692,52.39678773367,20.94075901684
189,6.509975661666395,0.7992069859600106,0.04209712602898778,0.789,1,1,,6.8783,52.40997572234,24.51033389551
192,10.354666661666396,0.3173043090244587,0.04209712602898778,0.331,1,1,,7.1779,52.49486917295,23.37163046519
195,9.681349661666395,0.4016994567037431,0.04209712602898778,0.423,1,1,,7.3943,52.5663139379,28.58167163511
198,7.420723661666395,0.6850516743332246,0.04209712602898778,0.684,1,1,,6.9599,52.63976975201,26.21555153475
200,7.517796661666397,0.6728843145744908,0.04209712602898778,0.672,1,1,,6.4253,52.68483869809,15.37463752937
203,5.789629661666396,0.8894968598978165,0.04209712602898778,0.897,1,1,,8.0136,52.76402869679,31.32041460333
205,8.346216661666396,0.5690481894796653,0.04209712602898778,0.584,1,1,,7.6426,52.79970469587,25.16485639371
206,9.053198661666396,0.4804333909574303,0.04209712602898778,0.5,1,1,,7.3443,52.81107055987,25.98089799555
209,6.908946661666397,0.7491990157695182,0.04209712602898778,0.739,1,1,,7.2162,52.82485133665,26.02861264021
211,10.143800661666395,0.34373475294692035,0.04209712602898778,0.359,1,1,,7.2055,52.86140388882,27.32656005284
213,7.068853661666395,0.7291558936146473,0.04209712602898778,0.72,1,1,,6.201,52.86456538954,28.9989081959
215,11.282509661666396,0.20100626960440837,0.04209712602898778,0.211,1,1,,6.9334,52.87334941298,26.50328252954
219,8.908924661666395,0.4985170358621054,0.04209712602898778,0.516,1,1,,6.8404,52.94587438768,15.94137932015
220,11.239645661666398,0.20637894489721198,0.04209712602898778,0.216,1,1,0.5749,8.0837,52.95779386064,22.83999084915
222,7.906549661666396,0.6241570927075771,0.04209712602898778,0.631,1,1,,7.2355,53.00208374667,23.77463246023
223,10.882963661666395,0.25108631165691464,0.04209712602898778,0.26,1,1,,6.3014,53.00303352971,24.5153385803
225,10.709482661666396,0.27283083112478757,0.04209712602898778,0.281,1,1,0.3193,7.1684,53.03286449262,23.23242622097
226,10.817911661666397,0.25924008342687244,0.04209712602898778,0.267,1,1,,8.8803,53.040452852,26.70896579572
227,10.948158661666398,0.24291461592822938,0.04209712602898778,0.251,1,1,,7.0992,53.04295162789,26.7034415366
228,10.091781661666396,0.3502549376253534,0.04209712602898778,0.367,1,1,,7.863,53.06384016551,26.69831308699
230,9.878870661666395,0.3769417066918468,0.04209712602898778,0.399,1,1,,9.2347,53.08157423124,32.02533589246
234,11.668779661666395,0.15259027283902582,0.04209712602898778,0.181,1,1,,7.2062,53.13743027013,22.30325801554
235,10.681518661666395,0.2763359051236671,0.04209712602898778,0.284,1,1,,7.8663,53.14055113304,24.49283869772
238,10.278859661666395,0.3268061379699978,0.04209712602898778,0.34,1,1,,6.2941,53.14971228373,29.10389302852
241,11.242757661666396,0.20598887944575628,0.04209712602898778,0.216,1,1,0.499,7.2559,53.17636721374,23.56656052165
247,7.2166226616663955,0.7106341771312967,0.04209712602898778,0.704,1,1,,7.4492,53.25165254176,25.99584073468
250,5.8072596616663965,0.887287073937287,0.04209712602898778,0.895,1,1,5.766,7.5575,53.27437268603,22.13404726063
253,6.290844661666396,0.8266733845599408,0.04209712602898778,0.82,1,1,7.6495,7.941,53.30800661762,23.00623259856
254,11.535197661666395,0.16933375713734922,0.04209712602898778,0.19,1,1,,7.9957,53.31001127815,24.83542766231
256,11.476117661666397,0.17673898428131252,0.04209712602898778,0.193,1,1,,5.9544,53.39449922523,21.74531512133
258,9.486416661666397,0.42613282066539226,0.04209712602898778,0.446,1,1,,8.1037,53.40848358991,25.33787724623
260,10.515411661666397,0.2971561499646005,0.04209712602898778,0.304,1,1,,8.0219,53.44442414914,23.80526296447
264,5.320672661666396,0.94827704110553,0.04209712602898778,0.977,1,1,,7.1561,53.50763487452,24.88070575165
268,11.529627661666396,0.17003191413111818,0.04209712602898778,0.19,1,1,,7.3083,53.55617770253,25.4235798635
271,10.160826661666396,0.34160067377709735,0.04209712602898778,0.357,1,1,,7.5707,53.59223941698,27.39583944315
276,10.029858661666395,0.3580165131235873,0.04209712602898778,0.379,1,1,,7.6232,53.64482796247,18.87585298098
280,7.955297661666396,0.6180469029172262,0.04209712602898778,0.626,1,1,,6.9046,53.66196338599,15.51799237535
282,7.477373661666396,0.6779510291452499,0.04209712602898778,0.681,1,1,,6.9127,53.68502739174,26.09579541395
283,10.008392661666395,0.3607071124105259,0.04209712602898778,0.38,1,1,,7.2544,53.69321939547,27.92557858345
284,11.254896661666397,0.2044673484318671,0.04209712602898778,0.215,1,1,,7.3787,53.69813615825,26.37028051117
287,9.664772661666396,0.40377725715001045,0.04209712602898778,0.425,1,1,0.8275,7.1393,53.72901924631,22.07944691146
289,9.145122661666395,0.46891141905523503,0.04209712602898778,0.488,1,1,,7.6846,53.74721328209,24.20445022554
291,9.042561661666396,0.48176665773350247,0.04209712602898778,0.501,1,1,,6.6954,53.77120790207,24.51201326258
292,8.957606661666397,0.49241511866808985,0.04209712602898778,0.511,1,1,,7.5397,53.78927918043,24.23869890644
293,11.267537661666395,0.20288289554888062,0.04209712602898778,0.213,1,1,,7.1727,53.79354808311,24.53166364531
296,11.078304661666397,0.22660180800882723,0.04209712602898778,0.236,1,1,,6.3394,53.83213028279,26.55286418021
301,10.306929661666397,0.323287777680034,0.04209712602898778,0.335,1,1,1.8867,7.1527,53.93454089287,22.45259124715
302,11.464525661666396,0.17819195301951196,0.04209712602898778,0.194,1,1,,6.8292,53.93600549088,28.85191067387
304,9.921913661666396,0.37154659511504207,0.04209712602898778,0.392,1,1,,7.2668,53.95706481918,25.07989856329
305,10.446338661666395,0.3058139233991808,0.04209712602898778,0.314,1,1,,7.3637,53.95961574333,25.70558993857
306,9.754644661666395,0.39251248778842807,0.04209712602898778,0.414,1,1,,7.3593,53.98363478174,25.36635664486
310,11.018801661666394,0.23406005497475957,0.04209712602898778,0.243,1,1,,7.585,54.02223934604,25.35081711484
314,9.917058661666395,0.3721551323151766,0.04209712602898778,0.419,1,1,,8.3114,54.06800863407,25.14675790961
315,10.012875661666396,0.360145202571555,0.04209712602898778,0.379,1,1,,8.4908,54.08031222189,24.18102710013
316,11.098705661666397,0.2240446983445754,0.04209712602898778,0.237,1,1,,6.9147,54.10083921384,22.62331331019
317,8.115449661666396,0.5979730718820189,0.04209712602898778,0.61,1,1,11.1805,7.1371,54.10151343002,22.62359532437
318,10.573890661666397,0.2898262535842375,0.04209712602898778,0.296,1,1,,7.5735,54.11411304753,24.68795954835
319,6.5786086616663955,0.7906043631676671,0.04209712602898778,0.779,1,1,7.551,7.034,54.12635880697,24.01198479605
320,11.106270661666397,0.22309648332521048,0.04209712602898778,0.233,1,1,,7.2471,54.13598998557,12.30925580523
323,8.013092661666397,0.6108027407170675,0.04209712602898778,0.621,1,1,,7.2154,54.16953975555,27.83217638023
332,9.624275661666395,0.40885324705605486,0.04209712602898778,0.43,1,1,,7.3915,54.26456777541,24.74302293174
335,11.688741661666395,0.1500881884746419,0.04209712602898778,0.18,1,1,,6.7136,54.29385778928,25.29280889796
337,10.935067661666395,0.2445554728771402,0.04209712602898778,0.254,1,1,,7.0883,54.29996930889,26.77452362875
338,6.639726661666396,0.7829436882762527,0.04209712602898778,0.772,1,1,,7.4048,54.30138903002,21.46795287013
341,11.105196661666398,0.2232311010292154,0.04209712602898778,0.232,1,1,0.4487,7.9904,54.31896492165,23.18436497707
342,11.416797661666397,0.1841742935937687,0.04209712602898778,0.197,1,1,,6.6388,54.31970634887,25.7363149395
343,11.385456661666396,0.18810264877181493,0.04209712602898778,0.199,1,1,,7.1542,54.34278163127,24.90432863222
344,9.138572661666396,0.4697324115703494,0.04209712602898778,0.488,1,1,,7.52,54.35069069015,25.72212307885
346,11.083093661666396,0.22600154340502843,0.04209712602898778,0.234,1,1,,7.6844,54.36004148465,24.56684760806
347,11.671942661666396,0.1521938149267652,0.04209712602898778,0.181,1,1,,7.6498,54.37794600726,24.84832840206
349,8.290338661666397,0.5760520703589882,0.04209712602898778,0.59,1,1,,6.3338,54.38397167009,26.20363403536
352,10.886230661666396,0.250676818138307,0.04209712602898778,0.26,1,1,,7.0539,54.39778041826,18.89625860224
353,8.787074661666397,0.5137900034906084,0.04209712602898778,0.53,1,1,,7.3857,54.40012598188,26.54668044544
354,11.362657661666397,0.19096032943625674,0.04209712602898778,0.201,1,1,0.358,6.9219,54.40459134187,23.18260356156
356,11.282594661666398,0.200995615503067,0.04209712602898778,0.211,1,1,,7.7206,54.40714228125,26.35099194708
359,8.606098661666396,0.5364739640120362,0.04209712602898778,0.552,1,1,,7.088,54.43030214537,29.45342816659
360,9.928070661666396,0.37077486215083444,0.04209712602898778,0.405,1,1,,6.987,54.43283002129,24.2591062683
362,7.5143166616663954,0.6733205060176358,0.04209712602898778,0.674,1,1,,7.1608,54.4462390409,28.06581746262
364,11.117414661666395,0.22169966796819773,0.04209712602898778,0.23,1,1,,7.7887,54.45395435497,26.86241472791
365,9.415274661666396,0.4350499274608537,0.04209712602898778,0.454,1,1,,6.2023,54.47834248528,25.44190762838
366,10.459892661666396,0.3041150329335529,0.04209712602898778,0.313,1,1,0.8969,7.5311,54.48519642739,23.38223216603
367,7.729850661666395,0.6463049639179905,0.04209712602898778,0.654,1,1,,8.0412,54.48589453557,25.01701443139
368,10.780115661666397,0.2639775235950046,0.04209712602898778,0.273,1,1,,7.2081,54.5085892583,24.33739433339
369,11.095709661666397,0.2244202240812596,0.04209712602898778,0.233,1,1,,7.5107,54.51024535831,23.90965649072
370,8.759064661666397,0.5173008432384489,0.04209712602898778,0.534,1,1,,7.4823,54.53675116931,21.24679193918
371,7.941172661666396,0.6198173638753928,0.04209712602898778,0.629,1,1,,6.8717,54.53880339485,27.58579159818
374,11.447439661666397,0.1803335527314578,0.04209712602898778,0.195,1,1,,7.3349,54.5544133323,24.63785640304
376,8.911737661666397,0.4981644477788967,0.04209712602898778,0.518,1,1,3.7479,7.4135,54.59755350922,23.10784617892
377,11.697260661666395,0.14902039683551838,0.04209712602898778,0.179,1,1,,7.1401,54.6009990326,25.3302012544
378,10.699451661666394,0.2740881404254156,0.04209712602898778,0.282,1,1,,8.0274,54.60340551513,26.25639819946
380,9.721230661666397,0.39670067769683004,0.04209712602898778,0.417,1,1,,7.7901,54.61277310384,27.27048534523
382,11.538407661666398,0.1689314081337583,0.04209712602898778,0.189,1,1,,7.0862,54.61606337251,26.85693179712
383,6.970641661666397,0.7414660183313524,0.04209712602898778,0.731,1,1,,7.3635,54.62432671281,21.5648840665
391,11.551908661666396,0.16723916081367318,0.04209712602898778,0.189,1,1,,6.0696,54.69091797885,29.28079737584
392,6.077378661666396,0.8534297186410736,0.04209712602898778,0.851,1,1,,7.8432,54.70192229098,37.67573215231
393,5.8920376616663965,0.876660798601963,0.04209712602898778,0.884,1,1,,7.783,54.70199184394,37.67530510842
395,7.992772661666397,0.613349697649453,0.04209712602898778,0.622,1,1,,7.2801,54.70292014366,25.18857655093
397,8.098030661666396,0.6001564106027484,0.04209712602898778,0.61,1,1,,7.7767,54.72052587344,25.23624701096
401,11.400686661666395,0.1861936844962131,0.04209712602898778,0.198,1,1,,7.4999,54.76463876832,21.42208398596
402,10.611534661666397,0.28510786545615074,0.04209712602898778,0.293,1,1,,7.201,54.76699956276,27.00123256075
404,10.289064661666396,0.3255270190972126,0.04209712602898778,0.344,1,1,,9.5935,54.78399411438,24.77064450693
414,8.079450661666396,0.6024852718135616,0.04209712602898778,0.614,1,1,,7.3635,54.82633071571,26.79321943009
415,11.176729661666396,0.21426498536758465,0.04209712602898778,0.224,1,1,,7.2997,54.84346435803,26.19321979915
416,5.905439661666396,0.8749809601763808,0.04209712602898778,0.878,1,1,,7.3888,54.86597277252,23.89479513532
417,10.061760661666396,0.3540178408766894,0.04209712602898778,0.372,1,1,,8.1485,54.87080783631,25.58202091995
418,8.259871661666397,0.5798708763067733,0.04209712602898778,0.593,1,1,,7.4248,54.87176771377,23.49917280959
419,10.723833661666397,0.27103204279129,0.04209712602898778,0.279,1,1,0.72,7.1825,54.88473033038,24.26686402914
420,9.286466661666395,0.4511950272909089,0.04209712602898778,0.471,1,1,,7.2191,54.89785384273,24.11823606928
421,11.199192661666395,0.21144941973903286,0.04209712602898778,0.221,1,1,,7.3776,54.91129565076,23.38883701888
425,10.893478661666396,0.24976833664982623,0.04209712602898778,0.258,1,1,0.7734,7.2789,54.9280606659,23.9075504225
428,10.147322661666395,0.34329329712428924,0.04209712602898778,0.359,1,1,1.081,7.102,54.93418011874,22.12920112313
430,11.381056661666396,0.18865415519418205,0.04209712602898778,0.199,1,1,0.6961,7.6047,54.93671006565,22.65410301773
432,10.137747661666396,0.34449345030478096,0.04209712602898778,0.361,1,1,1.1377,7.2709,54.94318764853,23.98123193567
434,11.285934661666396,0.20057697199154312,0.04209712602898778,0.21,1,1,,7.8709,54.9459952904,26.35383893122
435,10.335145661666395,0.31975111740423734,0.04209712602898778,0.331,1,1,0.3847,7.7355,54.95000439198,23.84894508168
437,10.392725661666397,0.3125339038133532,0.04209712602898778,0.324,1,1,,7.2851,54.95066129652,27.18935870192
440,11.429477661666397,0.18258495235840222,0.04209712602898778,0.196,1,1,,7.3778,54.95722061121,23.05715449298
448,11.678535661666395,0.1513674326897958,0.04209712602898778,0.18,1,1,,8.4123,54.98907073327,23.32825147919
450,9.343872661666396,0.44399962327218234,0.04209712602898778,0.464,1,1,,7.4235,55.00086921867,23.43477564838
452,10.929785661666397,0.2452175312687177,0.04209712602898778,0.254,1,1,,7.5531,55.00785428462,24.77371460602
455,10.320494661666396,0.3215875084483504,0.04209712602898778,0.333,1,1,,8.0647,55.0151052039,24.50063333107
456,5.623096661666397,0.9103705005878245,0.04209712602898778,0.925,1,1,,7.8323,55.02406174043,26.19615276144
457,11.528957661666396,0.17011589351816014,0.04209712602898778,0.19,1,1,,7.3462,55.02495437831,25.67234006993
464,11.060415661666397,0.22884405764285498,0.04209712602898778,0.238,1,1,,7.43,55.04043570168,23.17554600043
465,11.040497661666397,0.23134062694301538,0.04209712602898778,0.24,1,1,,8.2511,55.04380166923,21.74585648766
467,11.343694661666397,0.1933371967742894,0.04209712602898778,0.203,1,1,,7.1241,55.04559055682,26.11121030198
468,11.525911661666395,0.17049768637328078,0.04209712602898778,0.19,1,1,,7.545,55.04607417748,25.39058935919
471,6.462540661666395,0.8051526012202326,0.04209712602898778,0.794,1,1,,7.2118,55.05016853184,25.64206884429
472,10.469162661666395,0.3029531091755209,0.04209712602898778,0.311,1,1,,6.9442,55.05317309326,23.15977661573
473,9.624998661666396,0.40876262452347034,0.04209712602898778,0.43,1,1,,7.4294,55.06220014487,25.32173126795
476,10.056568661666397,0.35466861845508246,0.04209712602898778,0.372,1,1,,7.4509,55.06948247876,27.9226310454
478,11.259092661666397,0.20394141185271875,0.04209712602898778,0.214,1,1,0.6702,7.5084,55.07859767518,23.90637216703
479,10.220110661666396,0.33416987678991505,0.04209712602898778,0.35,1,1,,7.6221,55.09613630788,25.49640316824
480,11.204702661666396,0.21075878328738695,0.04209712602898778,0.22,1,1,,7.4054,55.0994165241,23.06903934814
481,9.777558661666395,0.38964039275158346,0.04209712602898778,0.412,1,1,,7.2973,55.10089179725,24.58430557649
483,11.461641661666395,0.17855344041089993,0.04209712602898778,0.194,1,1,0.606,7.7436,55.10681451622,24.09987966023
484,11.526281661666395,0.1704513096968545,0.04209712602898778,0.19,1,1,,7.033,55.10875057437,24.53681598797
485,11.300707661666397,0.1987252891784459,0.04209712602898778,0.209,1,1,,7.1061,55.10957950827,23.35793606988
486,10.117270661666396,0.34706008598905536,0.04209712602898778,0.364,1,1,0.7654,6.7126,55.11009789752,24.08976446248
487,11.084364661666395,0.22584223325438568,0.04209712602898778,0.236,1,1,0.8235,7.4481,55.11240632812,24.23713916701
489,6.1101386616663955,0.8493235026418142,0.04209712602898778,0.846,1,1,6.8132,7.3651,55.12811088561,24.48711375761
490,10.309570661666395,0.32295674848424527,0.04209712602898778,0.335,1,1,,7.2101,55.12993085336,25.14789552457
491,9.010721661666397,0.48575755875353965,0.04209712602898778,0.504,1,1,2.337,7.4884,55.13134552102,23.55044873326
494,5.3002566616663955,0.9508360309053128,0.04209712602898778,0.981,1,1,4.5487,7.4986,55.14330480577,23.68240599457
496,9.441985661666395,0.43170190744998016,0.04209712602898778,0.451,1,1,0.534,7.5895,55.14725093305,20.96555763383
497,5.566495661666396,0.917465003999732,0.04209712602898778,0.934,1,1,,6.6119,55.14953166686,26.15121397018
502,10.204290661666397,0.3361527930630617,0.04209712602898778,0.35,1,1,,7.5469,55.16690520655,24.73568048752
503,10.619510661666396,0.2841081347232419,0.04209712602898778,0.292,1,1,,7.2561,55.16807944161,25.84659427533
504,6.913788661666397,0.7485921080201771,0.04209712602898778,0.737,1,1,,7.3963,55.17747786165,25.70526832583
505,11.500429661666395,0.1736916606129979,0.04209712602898778,0.192,1,1,,7.3822,55.18006539676,22.8314781598
508,11.184746661666395,0.21326011559755864,0.04209712602898778,0.223,1,1,,7.3138,55.19303268695,24.15698842702
510,11.162447661666395,0.21605512507764058,0.04209712602898778,0.225,1,1,3.7501,7.3352,55.20586316079,21.21523008243
511,5.258880661666396,0.9560221967534617,0.04209712602898778,0.988,1,1,4.395,7.5633,55.21027734304,23.41823955761
513,7.052553661666396,0.7311989742247793,0.04209712602898778,0.723,1,1,8.3247,7.5222,55.21373303657,23.59821916838
515,10.832916661666395,0.25735932118423244,0.04209712602898778,0.265,1,1,,7.2879,55.21602761544,23.23053552842
516,11.643857661666395,0.1557140553522598,0.04209712602898778,0.183,1,1,,7.1982,55.22706117997,22.90695497133
517,9.690496661666396,0.40055295005706326,0.04209712602898778,0.422,1,1,,7.3159,55.229433551,22.34951622282
519,8.948966661666397,0.4934980767338286,0.04209712602898778,0.51,1,1,,6.9494,55.23361984768,28.72739563115
521,11.618652661666395,0.15887330975584124,0.04209712602898778,0.185,1,1,0.5214,7.2493,55.25169198929,24.22626696033
522,11.530294661666396,0.1699483107711819,0.04209712602898778,0.19,1,1,,6.4236,55.25834051213,24.92245417994
525,10.385376661666395,0.3134550448810749,0.04209712602898778,0.324,1,1,1.4556,7.5004,55.26256117985,23.72247915263
532,10.641243661666397,0.28138406902385515,0.04209712602898778,0.289,1,1,,7.7975,55.2928749217,25.76541903414
533,8.404836661666396,0.5617006198253129,0.04209712602898778,0.576,1,1,,7.2423,55.29573366629,28.01121335838
535,8.462131661666396,0.5545191288095142,0.04209712602898778,0.57,1,1,,7.1264,55.30497848572,20.85435833179
536,8.093254661666396,0.600755045755754,0.04209712602898778,0.612,1,1,10.0234,7.2244,55.30763642249,23.38474215324
537,11.482664661666394,0.1759183677933045,0.04209712602898778,0.193,1,1,0.4252,7.412,55.3307145812,23.86146815088
538,11.289099661666395,0.2001802633945453,0.04209712602898778,0.21,1,1,,8.2068,55.33283855368,25.11349777213
539,10.310181661666396,0.32288016429695743,0.04209712602898778,0.335,1,1,,7.0111,55.33339566545,22.63145153683
541,10.828333661666395,0.2579337652600753,0.04209712602898778,0.264,1,1,0.7308,7.4679,55.34540991783,23.9299074121
543,11.489586661666397,0.17505074791702602,0.04209712602898778,0.193,1,1,0.7453,7.3003,55.34784133301,22.03150990125
545,9.904300661666396,0.3737542502553033,0.04209712602898778,0.394,1,1,,7.3019,55.35561554445,22.54872626099
546,11.436100661666394,0.1817548098503714,0.04209712602898778,0.196,1,1,0.5384,7.354,55.35827479061,23.25980604541
547,11.337209661666396,0.1941500420354374,0.04209712602898778,0.204,1,1,0.8393,7.1767,55.3599023648,23.13393922945
549,10.105676661666395,0.34851330541199244,0.04209712602898778,0.364,1,1,0.3591,7.3311,55.36208894087,24.01718271549
550,5.573070661666396,0.9166408779253995,0.04209712602898778,0.934,1,1,5.4678,7.45,55.36604390474,23.70813709776
554,7.014369661666397,0.7359850472319747,0.04209712602898778,0.727,1,1,,7.5222,55.38534473979,23.16151981666
556,10.565632661666395,0.29086133086512556,0.04209712602898778,0.297,1,1,,7.2902,55.39058289252,25.11331046765
560,11.354277661666394,0.1920106984861285,0.04209712602898778,0.202,1,1,,7.5238,55.40530763317,25.14226701997
561,9.420019661666396,0.4344551779212784,0.04209712602898778,0.454,1,1,,7.4677,55.41170778873,27.68522168606
563,11.156853661666396,0.2167562902882587,0.04209712602898778,0.226,1,1,,7.5026,55.41199497236,22.27773027977
564,8.467954661666395,0.5537892601964591,0.04209712602898778,0.569,1,1,11.0063,7.582,55.41503159546,23.76288351385
573,11.582580661666395,0.16339465968030065,0.04209712602898778,0.192,1,1,,4.6519,55.44467569536,32.82360101326
574,11.651697661666397,0.1547313711814966,0.04209712602898778,0.182,1,1,,7.5134,55.44626583439,25.00592597099
575,8.484000661666396,0.5517780165479818,0.04209712602898778,0.566,1,1,,7.4143,55.44629077538,22.85682951098
581,11.493629661666397,0.17454398872029198,0.04209712602898778,0.192,1,1,,7.3523,55.47107818959,27.07846998059
582,8.088476661666396,0.601353931593497,0.04209712602898778,0.617,1,1,7.1503,7.4861,55.47365462562,23.45779725239
583,10.158381661666397,0.3419071358686172,0.04209712602898778,0.358,1,1,,7.4167,55.47596879895,25.7296061154
584,11.444732661666396,0.18067285452358228,0.04209712602898778,0.195,1,1,,7.5821,55.48542356522,27.04930066773
585,10.216320661666396,0.33464492436736304,0.04209712602898778,0.349,1,1,6.842,7.4854,55.49448945798,22.95034269755
586,8.536001661666395,0.5452600880321854,0.04209712602898778,0.558,1,1,7.7833,7.3274,55.49459139514,23.70713528477
587,10.268750661666395,0.32807322397538585,0.04209712602898778,0.34,1,1,,7.0421,55.49531840756,26.20575375009
588,7.944728661666396,0.6193716464122254,0.04209712602898778,0.627,1,1,,7.3332,55.49566132294,25.32879416147
589,7.049951661666396,0.7315251150681881,0.04209712602898778,0.723,1,1,,7.2911,55.49621763546,25.92071760337
591,11.284037661666396,0.20081474646500452,0.04209712602898778,0.21,1,1,,7.8478,55.49900192094,26.46087417731
592,10.582255661666396,0.2887777646698968,0.04209712602898778,0.297,1,1,,7.259,55.50015912505,25.02960217166
593,11.600933661666396,0.16109425118718668,0.04209712602898778,0.191,1,1,,6.6672,55.50026877044,26.01991512328
595,11.015079661666395,0.2345265792711344,0.04209712602898778,0.243,1,1,,7.5228,55.50707154581,22.3906045988
596,9.868906661666395,0.37819061805377063,0.04209712602898778,0.4,1,1,0.6995,7.3737,55.51203056789,24.20989889242
597,10.141845661666396,0.3439797972777672,0.04209712602898778,0.37,1,1,0.8889,7.1286,55.51227170472,23.9315503765
598,9.852873661666395,0.3802002322514546,0.04209712602898778,0.402,1,1,2.2576,7.2199,55.51383787112,24.5368803916
599,11.182915661666396,0.2134896174746843,0.04209712602898778,0.224,1,1,,7.2057,55.51430776994,25.37740668553
601,8.193037661666397,0.5882480081777899,0.04209712602898778,0.603,1,1,,7.4858,55.51592567606,24.71253625904
602,8.117303661666396,0.5977406871304123,0.04209712602898778,0.613,1,1,,7.8151,55.51625003415,24.71230890278
603,5.958961661666397,0.8682723859177616,0.04209712602898778,0.87,1,1,,7.0234,55.51651081923,22.42671390761
604,7.006620661666396,0.7369563252471841,0.04209712602898778,0.728,1,1,,7.4552,55.51973531138,25.88567302608
606,9.160183661666396,0.4670236376399466,0.04209712602898778,0.486,1,1,,7.1833,55.52034957514,25.6630848768
608,9.403834661666396,0.43648384415900776,0.04209712602898778,0.457,1,1,3.0135,7.2592,55.53692422707,23.58789591936
611,9.369253661666397,0.4408183086117059,0.04209712602898778,0.46,1,1,0.4774,7.4764,55.54560012636,24.08553094902
613,11.144745661666395,0.21827393568871778,0.04209712602898778,0.228,1,1,,7.0868,55.55263764669,26.82903456556
615,11.399778661666396,0.18630749536701052,0.04209712602898778,0.198,1,1,0.4656,8.1626,55.55799747769,20.36198154401
617,11.622921661666396,0.15833822318377644,0.04209712602898778,0.184,1,1,0.6026,7.3201,55.57465383102,24.11587920028
619,8.430939661666397,0.5584288079746209,0.04209712602898778,0.572,1,1,2.9794,7.3675,55.58985581891,24.66447145909
620,10.527639661666395,0.2956234634798953,0.04209712602898778,0.304,1,1,,7.2913,55.59862400565,27.76552285959
626,8.303378661666397,0.5744176058708825,0.04209712602898778,0.588,1,1,4.2264,7.3911,55.60962925403,22.89445831917
627,10.859443661666397,0.2540343641692031,0.04209712602898778,0.262,1,1,0.9519,7.5723,55.60961755817,24.23535016564
628,10.332240661666397,0.3201152369853679,0.04209712602898778,0.331,1,1,1.9793,7.1778,55.61385651221,22.57339225938
629,6.977032661666396,0.7406649552528646,0.04209712602898778,0.733,1,1,,7.1323,55.61508149876,25.0468282476
630,9.865964661666396,0.378559375302544,0.04209712602898778,0.4,1,1,,7.4534,55.61946862852,25.01659559811
631,8.820734661666396,0.5095709793595011,0.04209712602898778,0.527,1,1,0.325,7.2107,55.62266700134,22.79038336607
632,11.007511661666395,0.23547517031760568,0.04209712602898778,0.244,1,1,1.2913,7.4781,55.62382697122,20.81089506245
636,10.846950661666398,0.25560026638161903,0.04209712602898778,0.263,1,1,,7.4502,55.63799159071,21.70449434675
639,9.311037661666395,0.44811523994909574,0.04209712602898778,0.467,1,1,,8.005,55.64858425129,21.84143459747
640,10.741178661666396,0.2688579794058459,0.04209712602898778,0.277,1,1,1.551,7.456,55.65117902937,23.36783880667
643,9.415778661666396,0.434986754907019,0.04209712602898778,0.455,1,1,0.2587,7.3539,55.66768554509,23.98916056381
645,11.183365661666397,0.21343321340876042,0.04209712602898778,0.223,1,1,0.6713,7.3611,55.67444049431,24.00416938051
646,8.449433661666395,0.5561107262075178,0.04209712602898778,0.569,1,1,4.8225,6.8213,55.6746878771,24.19927647337
648,11.012561661666396,0.23484219135557072,0.04209712602898778,0.245,1,1,0.269,7.4783,55.67670942939,23.33896669258
649,6.770371661666395,0.7665683345148594,0.04209712602898778,0.754,1,1,,8.3096,55.67669619215,23.50263721595
650,8.357145661666395,0.5676783227319273,0.04209712602898778,0.582,1,1,,6.9939,55.67856772337,25.28089738949
651,10.127989661666396,0.3457165411387484,0.04209712602898778,0.362,1,1,,7.2818,55.68259731256,25.53492479218
652,11.568332661666396,0.16518053774981967,0.04209712602898778,0.187,1,1,,7.6003,55.68488918856,21.853444784
653,11.659363661666397,0.15377049658289077,0.04209712602898778,0.182,1,1,0.4288,7.6459,55.68490896589,23.10432423095
658,11.343481661666395,0.19336389469882698,0.04209712602898778,0.204,1,1,0.6804,7.4107,55.70385233586,23.58000313661
659,10.355140661666397,0.31724489674168543,0.04209712602898778,0.33,1,1,1.4585,6.929,55.7047079826,24.17086814542
660,11.431511661666395,0.18233000598042648,0.04209712602898778,0.196,1,1,0.4038,7.319,55.71537887939,23.14532896149
661,10.992217661666395,0.2373921565048056,0.04209712602898778,0.246,1,1,,8.6292,55.71642316853,32.86387124824
662,10.675878661666395,0.2770428360832464,0.04209712602898778,0.285,1,1,,7.7645,55.72227588593,23.51855675012
663,11.407697661666397,0.18531490914911863,0.04209712602898778,0.198,1,1,,7.6625,55.72508427907,26.13767341056
667,9.623136661666397,0.40899601201402636,0.04209712602898778,0.437,1,1,0.8174,7.3283,55.73566117915,24.08258107635
668,11.695318661666395,0.14926381171557201,0.04209712602898778,0.179,1,1,0.3657,7.5359,55.73575580017,24.22917036681
669,11.172775661666396,0.2147605890935027,0.04209712602898778,0.237,1,1,,7.2067,55.73631518443,25.98049446551
671,10.701353661666396,0.27384973924011047,0.04209712602898778,0.281,1,1,,6.5143,55.74358256489,33.4136056846
673,6.429574661666397,0.8092846377474481,0.04209712602898778,0.801,1,1,6.6996,7.7345,55.74682843323,22.90070615627
674,7.961972661666396,0.6172102426060219,0.04209712602898778,0.626,1,1,6.536,7.4518,55.74906772614,22.42406753171
678,11.597172661666395,0.16156566383594173,0.04209712602898778,0.185,1,1,,7.5006,55.7559044282,23.49166437152
679,6.285360661666395,0.8273607621100001,0.04209712602898778,0.82,1,1,6.6874,7.4218,55.76236248276,24.66955812561
682,11.128347661666396,0.22032929985098426,0.04209712602898778,0.229,1,1,,7.5256,55.77098887381,25.74292846925
683,9.018906661666396,0.4847316314655685,0.04209712602898778,0.503,1,1,,7.3146,55.77315476853,24.82441093119
686,10.698141661666398,0.27425233892843814,0.04209712602898778,0.283,1,1,,7.4076,55.78162924002,25.57459869044
687,9.714488661666396,0.3975457359467387,0.04209712602898778,0.418,1,1,2.0256,7.6796,55.79070664544,24.6923139656
690,10.249833661666395,0.3304443255644578,0.04209712602898778,0.344,1,1,0.7068,7.2789,55.80058954738,24.74574675825
691,9.490309661666396,0.4256448628239664,0.04209712602898778,0.446,1,1,0.2562,7.2176,55.80453808024,24.65524287677
693,6.5599156616663965,0.7929473880661455,0.04209712602898778,0.782,1,1,,7.4798,55.80678409298,25.2699292605
694,6.896397661666397,0.7507719371545825,0.04209712602898778,0.74,1,1,,7.6934,55.8113029891,21.15257986215
696,10.965433661666395,0.24074932650859582,0.04209712602898778,0.249,1,1,0.7703,7.2673,55.81925319484,23.83358475981
698,11.416540661666396,0.1842065065825298,0.04209712602898778,0.197,1,1,0.3057,7.5638,55.82929512558,22.78609278823
699,10.856203661666395,0.25444047344385545,0.04209712602898778,0.263,1,1,,7.3331,55.82948712891,26.07874713293
703,10.293608661666395,0.32495746337375,0.04209712602898778,0.349,1,1,,7.3209,55.85174576047,23.22490289942
706,11.534811661666396,0.16938213929167478,0.04209712602898778,0.19,1,1,1.2523,7.5264,55.85491728898,22.89549228702
708,10.282785661666397,0.32631404383040397,0.04209712602898778,0.339,1,1,,7.5318,55.85925726123,26.04171814485
709,10.681246661666396,0.2763699982479588,0.04209712602898778,0.284,1,1,0.777,6.611,55.86026602798,22.71167218915
710,6.838613661666397,0.7580147205886852,0.04209712602898778,0.749,1,1,,7.5233,55.86099896616,24.99413271748
711,10.106730661666395,0.3483811945553619,0.04209712602898778,0.392,1,1,2.1623,8.1865,55.86244467494,24.45257885142
712,5.752016661666396,0.8942113624124729,0.04209712602898778,0.902,1,1,,7.1737,55.86311858121,25.38738773414
716,10.566258661666396,0.2907828665423069,0.04209712602898778,0.298,1,1,,7.3971,55.86760937924,24.89179594487
722,5.2416136616663955,0.9581864834341458,0.04209712602898778,0.991,1,1,3.9906,7.4335,55.88323532267,23.67385377651
724,10.380409661666397,0.3140776204265059,0.04209712602898778,0.324,1,1,,7.5272,55.89233307152,25.59039452761
726,5.802409661666395,0.887894984425578,0.04209712602898778,0.894,1,1,5.4442,7.2728,55.89349233391,23.76171357964
727,10.214317661666396,0.33489598513190866,0.04209712602898778,0.348,1,1,,7.6023,55.89680277272,25.40846050448
728,9.037905661666397,0.48235025180226154,0.04209712602898778,0.501,1,1,0.349,7.699,55.90242144676,24.232125457
729,11.020101661666395,0.2338971098954239,0.04209712602898778,0.243,1,1,0.314,8.0263,55.90246275019,23.2093206046
730,8.431843661666395,0.5583154984732985,0.04209712602898778,0.572,1,1,3.0502,7.2348,55.90259101573,23.45375386006
731,10.389089661666397,0.3129896486660182,0.04209712602898778,0.323,1,1,,7.7845,55.902869543,25.78335142208
732,8.779328661666396,0.5147609054787117,0.04209712602898778,0.533,1,1,,7.3146,55.90298289326,24.23211488844
733,8.237432661666396,0.5826834337184761,0.04209712602898778,0.596,1,1,1.3696,7.3961,55.90390788824,24.39378107218
734,10.529851661666395,0.2953462061602872,0.04209712602898778,0.303,1,1,0.366,7.3805,55.90468213861,23.64209500872
735,9.947523661666397,0.36833657705212897,0.04209712602898778,0.389,1,1,,7.6384,55.90555622606,25.4087861856
738,7.990979661666396,0.6135744365165676,0.04209712602898778,0.622,1,1,,7.0348,55.90868834592,26.61231386108
740,10.985750661666398,0.238202745603316,0.04209712602898778,0.247,1,1,0.3049,7.3882,55.91274812353,23.73464542726
744,9.251982661666396,0.45551733353384116,0.04209712602898778,0.485,1,1,1.9343,8.2405,55.92569599196,24.57301221617
751,10.138818661666397,0.34435920862788194,0.04209712602898778,0.36,1,1,2.3235,7.1837,55.93744520454,23.0556942687
752,10.435977661666396,0.3071125956814862,0.04209712602898778,0.317,1,1,,7.124,55.94626178164,26.07635238903
753,8.516022661666396,0.5477643032168376,0.04209712602898778,0.564,1,1,,7.4822,55.94994861467,25.05300565393
754,6.034513661666397,0.8588025192762461,0.04209712602898778,0.857,1,1,,7.4354,55.951482386,25.00418502284
755,5.229352661666397,0.9597233062170186,0.04209712602898778,0.994,1,1,,7.4961,55.9518194167,25.18986146471
756,10.594332661666396,0.2872640048828683,0.04209712602898778,0.294,1,1,,7.2016,55.9519419292,25.0434049641
757,8.019290661666396,0.6100258687157425,0.04209712602898778,0.62,1,1,9.4558,7.2416,55.95261401767,23.53919347158
758,6.334192661666396,0.8212400435606765,0.04209712602898778,0.813,1,1,,7.5136,55.95431715608,25.72941113716
759,5.7092776616663965,0.8995683699091868,0.04209712602898778,0.911,1,1,5.3638,7.4804,55.96136666026,24.24729269932
760,11.080410661666395,0.22633783698030374,0.04209712602898778,0.235,1,1,0.6467,7.259,55.96571153529,24.2376230544
761,8.335331661666396,0.57041254116318,0.04209712602898778,0.584,1,1,3.0034,7.375,55.9673819458,24.84141715924
763,11.085695661666396,0.22567540256161966,0.04209712602898778,0.234,1,1,,7.2329,55.97003028972,25.49162663918
764,9.620095661666396,0.40937717815730346,0.04209712602898778,0.43,1,1,,7.2627,55.97455348593,25.47487895307
765,8.367815661666397,0.5663409196576872,0.04209712602898778,0.58,1,1,4.4858,7.601,55.98213353783,24.42620429717
767,9.651380661666396,0.40545584215190544,0.04209712602898778,0.426,1,1,,7.4899,55.98635194866,24.9933242578
768,9.427765661666395,0.4334842759331752,0.04209712602898778,0.454,1,1,,7.4793,55.98631467387,25.26208174502
769,10.885792661666397,0.2507317180958062,0.04209712602898778,0.259,1,1,0.8159,7.4021,55.98757249613,23.95144798031
770,10.933517661666396,0.24474975354865558,0.04209712602898778,0.253,1,1,0.7717,7.5114,55.98874523519,24.22217609901
773,5.423563661666396,0.935380439445585,0.04209712602898778,0.959,1,1,4.02,7.2975,56.00257297938,23.54374398487
774,7.0214216616663965,0.7351011328477629,0.04209712602898778,0.726,1,1,,7.4362,56.00277227758,21.28187233892
776,9.306244661666396,0.4487160059223694,0.04209712602898778,0.468,1,1,,7.4721,56.00959167318,25.06475519189
777,11.506137661666397,0.17297620637234523,0.04209712602898778,0.191,1,1,,6.9336,56.01050989862,21.22094570696
778,7.210859661666396,0.7113565252022287,0.04209712602898778,0.704,1,1,,7.3232,56.01189022138,25.65614920129
782,7.113272661666397,0.723588310938484,0.04209712602898778,0.717,1,1,,7.3084,56.01878964028,25.85610373779
783,5.809613661666397,0.8869920180013207,0.04209712602898778,0.893,1,1,4.6762,7.2854,56.02026285603,24.27531918116
786,6.785782661666396,0.7646366832705191,0.04209712602898778,0.753,1,1,,7.4287,56.0213404509,25.48363034153
787,9.098458661666395,0.47476039534917414,0.04209712602898778,0.495,1,1,0.5739,7.3415,56.03679639519,23.07970589559
788,11.174757661666398,0.21451216051869992,0.04209712602898778,0.224,1,1,0.5153,7.2476,56.03890906144,23.14619150015
789,10.464253661666396,0.3035684148635662,0.04209712602898778,0.313,1,1,3.8818,7.2343,56.04008371333,24.58937266934
790,9.775707661666397,0.3898724014760835,0.04209712602898778,0.411,1,1,1.2348,7.3023,56.04138926526,24.26762455351
791,11.062637661666397,0.22856554689955977,0.04209712602898778,0.237,1,1,,7.3198,56.04490060537,25.62714909235
792,11.624147661666395,0.15818455343972615,0.04209712602898778,0.184,1,1,0.4745,7.3434,56.04572406548,24.81259517003
793,5.794406661666397,0.8888980994024421,0.04209712602898778,0.896,1,1,2.5292,7.5802,56.04683380132,23.37911934605
795,8.919678661666396,0.497169104028893,0.04209712602898778,0.516,1,1,7.4885,6.8344,56.04969256571,19.30517336285
796,11.123357661666397,0.22095475827089572,0.04209712602898778,0.23,1,1,0.6063,7.424,56.05066499277,23.87688792464
797,6.460250661666397,0.8054396352446006,0.04209712602898778,0.798,1,1,,7.3635,56.05316220658,24.03159225173
798,5.767700661666396,0.8922454927014721,0.04209712602898778,0.9,1,1,6.1589,7.5948,56.05452292933,24.03061586305
799,5.200562661666396,0.9633319130124607,0.04209712602898778,0.999,1,1,4.0255,7.3331,56.05809868574,24.77919524107
800,10.596437661666396,0.28700015919671307,0.04209712602898778,0.298,1,1,,6.664,56.05814456139,25.53747707041
801,11.461457661666397,0.17857650340674414,0.04209712602898778,0.204,1,1,,6.4375,56.05851476314,25.53746770627
802,5.478496661666396,0.9284950071047022,0.04209712602898778,0.951,1,1,,7.1376,56.06105910287,24.10191467207
804,5.656826661666397,0.906142702490907,0.04209712602898778,0.92,1,1,2.0541,6.9093,56.06126040462,24.10143653881
805,5.470287661666395,0.9295239426095229,0.04209712602898778,0.952,1,1,,7.2527,56.06412628855,26.33102087358
806,10.395073661666396,0.3122395999315992,0.04209712602898778,0.323,1,1,,7.4509,56.06865698054,23.61763077489
807,9.995489661666396,0.3623244049941168,0.04209712602898778,0.381,1,1,0.2749,7.2073,56.0740421307,24.44618790221
808,10.997807661666396,0.23669149266366207,0.04209712602898778,0.245,1,1,0.6814,7.2932,56.07950023047,24.58825783076
811,5.448247661666397,0.9322864884161063,0.04209712602898778,0.954,1,1,1.1868,7.2398,56.08555902364,24.77265650136
812,10.394289661666397,0.3123378683486755,0.04209712602898778,0.322,1,1,4.4526,7.3729,56.08703423988,23.56092855087
813,7.153734661666396,0.7185167080153451,0.04209712602898778,0.711,1,1,0.4114,7.4096,56.0913769195,24.76820671722
815,7.769320661666397,0.6413577006246214,0.04209712602898778,0.647,1,1,0.3567,7.4426,56.09618368467,24.06809498503
817,8.806288661666397,0.5113816752180269,0.04209712602898778,0.536,1,1,,7.2511,56.09705800205,24.13237723371
818,10.100594661666396,0.3491502953298262,0.04209712602898778,0.368,1,1,,7.6575,56.09758094956,25.35816634054
819,10.522453661666397,0.2962734890040759,0.04209712602898778,0.305,1,1,0.2177,7.3404,56.10294132042,24.86465691386
820,9.064121661666396,0.47906427626390435,0.04209712602898778,0.499,1,1,0.7643,7.3834,56.10348570343,24.76821283213
824,10.032477661666396,0.3576882414599103,0.04209712602898778,0.375,1,1,1.08,7.7755,56.10672868467,24.68115970304
827,5.883231661666397,0.8777645635009091,0.04209712602898778,0.886,1,1,0.8374,7.4657,56.10957903583,24.58950062402
828,9.506654661666396,0.4235961418072418,0.04209712602898778,0.445,1,1,,7.582,56.11018086632,26.04146616631
829,10.908602661666396,0.2478726586653084,0.04209712602898778,0.257,1,1,0.347,7.0657,56.11065422849,24.48634831544
830,9.612272661666395,0.410357731507798,0.04209712602898778,0.432,1,1,5.8799,7.1767,56.11209096785,24.40864542139
833,7.881212661666396,0.6273328923038298,0.04209712602898778,0.633,1,1,0.3982,7.5033,56.11385520617,24.84375697029
834,11.400064661666395,0.1862716474495567,0.04209712602898778,0.199,1,1,0.235,8.0215,56.11465917614,24.23791108151
836,7.5444306616663965,0.6695459459260087,0.04209712602898778,0.676,1,1,3.8002,8.0114,56.11679051504,24.17134251408
837,6.169814661666397,0.8418435714460936,0.04209712602898778,0.84,1,1,0.5332,6.9243,56.11710344458,19.18481410857
839,8.940932661666396,0.4945050773241233,0.04209712602898778,0.513,1,1,,7.1102,56.12540453064,25.59621076222
840,10.095855661666397,0.34974429281518904,0.04209712602898778,0.368,1,1,,6.8855,56.12937625817,22.2540330547
841,10.655800661666397,0.27955946016240163,0.04209712602898778,0.287,1,1,0.9184,7.2495,56.13224000851,23.59042529758
842,9.005194661666396,0.4864503260254538,0.04209712602898778,0.502,1,1,,7.3572,56.13322156163,23.8752114689
843,8.921263661666396,0.49697043637447225,0.04209712602898778,0.515,1,1,17.2827,7.3674,56.13342908901,23.87484927647
846,11.059801661666395,0.2289210178572494,0.04209712602898778,0.238,1,1,,7.1491,56.13788197136,25.75251974021
847,10.281328661666397,0.32649666766162855,0.04209712602898778,0.342,1,1,,7.507,56.13965790259,26.24796151678
850,8.280175661666396,0.5773259248522873,0.04209712602898778,0.591,1,1,9.0574,7.3284,56.14763096345,24.00113421797
852,9.981796661666396,0.3640407180489966,0.04209712602898778,0.383,1,1,1.6598,7.1964,56.15126273682,23.50290282738
854,7.392401661666396,0.6886016209001056,0.04209712602898778,0.686,1,1,,7.6356,56.15605465286,25.13758449624
856,9.202891661666396,0.4616705157566632,0.04209712602898778,0.482,1,1,0.3152,7.1945,56.15749648469,22.92084569104
857,11.622968661666395,0.1583323320924468,0.04209712602898778,0.187,1,1,0.8297,9.7751,56.16232002726,23.04025755852
858,10.262412661666396,0.3288676439083318,0.04209712602898778,0.343,1,1,0.6099,7.4225,56.16515315808,24.52875146115
859,5.485593661666396,0.9276054523138981,0.04209712602898778,0.949,1,1,,6.8889,56.16535812471,22.11312706231
863,6.038251661666395,0.8583339895019718,0.04209712602898778,0.857,1,1,,7.5738,56.17999120209,25.87532244635
864,6.462885661666396,0.8051093581030241,0.04209712602898778,0.796,1,1,,7.1865,56.18321118056,25.4990904085
865,5.793963661666396,0.888953626071785,0.04209712602898778,0.896,1,1,,7.4651,56.18336879678,24.23100327842
869,10.731102661666394,0.2701209291130664,0.04209712602898778,0.278,1,1,0.7563,7.6539,56.19731354525,24.0103384534
870,8.476397661666397,0.552730994577358,0.04209712602898778,0.566,1,1,,6.562,56.19835775037,26.6005914194
871,11.060770661666396,0.22879956110195976,0.04209712602898778,0.238,1,1,0.8136,7.2261,56.19942719257,24.21445081819
873,7.586116661666397,0.6643209239435567,0.04209712602898778,0.666,1,1,5.6763,7.4734,56.20917356922,24.91091026358
876,11.576807661666397,0.16411826117491968,0.04209712602898778,0.187,1,1,,7.1556,56.21473010374,25.08777464661
879,11.149132661666396,0.21772405871714406,0.04209712602898778,0.227,1,1,0.2494,7.7861,56.2203635589,21.57101441962
880,6.7306466616663965,0.7715475601122518,0.04209712602898778,0.76,1,1,,7.8312,56.22103743981,26.14179686806
885,11.288294661666395,0.20028116400136464,0.04209712602898778,0.21,1,1,0.6325,7.6877,56.22548048214,24.44616834795
889,10.772363661666397,0.26494917763732007,0.04209712602898778,0.273,1,1,0.8002,7.5,56.23629783448,23.60638236898
890,10.317942661666397,0.32190738217332315,0.04209712602898778,0.334,1,1,1.78,7.5064,56.23900505451,23.99217866659
891,10.923538661666395,0.24600054504611024,0.04209712602898778,0.255,1,1,0.7571,7.4256,56.24181931752,23.40847130159
893,10.696451661666394,0.2744641675315751,0.04209712602898778,0.282,1,1,0.4849,7.2743,56.24422047136,23.92787685606
895,7.975055661666396,0.6155703883960612,0.04209712602898778,0.624,1,1,5.8883,7.547,56.24574641632,23.3887289689
897,11.127481661666398,0.22043784634229535,0.04209712602898778,0.229,1,1,0.5888,7.4812,56.25481939509,24.7779078284
902,11.574283661666396,0.16443462531356845,0.04209712602898778,0.188,1,1,,7.3928,56.26209890465,25.08865176266
904,6.2845486616663955,0.8274625401134005,0.04209712602898778,0.82,1,1,7.0949,7.4346,56.26375187558,23.8392093177
906,8.169156661666396,0.5912413092851867,0.04209712602898778,0.603,1,1,,7.8505,56.26688321935,29.40711165429
907,11.343727661666396,0.19333306047612187,0.04209712602898778,0.203,1,1,,7.2982,56.26761473216,26.67893635265
910,9.665386661666396,0.4037002969356165,0.04209712602898778,0.424,1,1,,7.3071,56.27224584038,25.48623226226
911,11.314787661666397,0.19696046862687155,0.04209712602898778,0.207,1,1,,7.2634,56.2761047352,28.70518773605
912,11.607538661666396,0.16026636484179257,0.04209712602898778,0.185,1,1,,7.2564,56.27660198685,35.4078512386
915,11.589315661666397,0.1625504788269727,0.04209712602898778,0.186,1,1,0.3337,7.2309,56.27833987282,23.61413935963
916,5.730376661666396,0.8969237712715685,0.04209712602898778,0.916,1,1,,7.4719,56.28173354926,21.99577085594
917,5.825927661666396,0.8849471825980265,0.04209712602898778,0.892,1,1,,7.364,56.28429366185,26.29231185969
919,11.053856661666398,0.22966617823928792,0.04209712602898778,0.239,1,1,0.4623,7.4746,56.28627464077,22.6416312479
921,10.592267661666396,0.2875228368742746,0.04209712602898778,0.298,1,1,,7.3779,56.28658568439,24.84194865006
923,11.327276661666396,0.19539506778393068,0.04209712602898778,0.205,1,1,,7.4909,56.28772677586,25.54681374936
930,10.896137661666398,0.2494350512914001,0.04209712602898778,0.258,1,1,0.9335,7.3308,56.29512452146,23.0493093231
932,8.000469661666395,0.6123849374374173,0.04209712602898778,0.623,1,1,4.3894,7.5214,56.30003774761,24.58598863493
933,10.265369661666396,0.32849700652402736,0.04209712602898778,0.341,1,1,0.3473,7.8215,56.30039916332,24.50489129673
934,10.715347661666396,0.2720956981322462,0.04209712602898778,0.28,1,1,0.7494,7.4008,56.30068677483,23.36456659754
935,10.774723661666396,0.2646533696471416,0.04209712602898778,0.275,1,1,0.7676,7.2908,56.3018872631,22.69730741223
939,10.757835661666395,0.2667701515700811,0.04209712602898778,0.274,1,1,0.3403,7.1728,56.30591985851,23.516716713
940,7.377811661666396,0.6904303660597269,0.04209712602898778,0.688,1,1,,7.5051,56.30646591339,25.08756084914
941,6.347748661666396,0.8195409024103115,0.04209712602898778,0.812,1,1,,7.1114,56.3080879751,26.58821402349
942,8.287161661666396,0.5764502830644109,0.04209712602898778,0.587,1,1,,6.7238,56.30933332022,25.08863163862
944,5.610642661666397,0.9119315144478605,0.04209712602898778,0.927,1,1,,7.4258,56.31406723889,25.28927622486
946,9.779250661666396,0.38942831346370954,0.04209712602898778,0.41,1,1,2.1851,7.53,56.31729783783,24.12099472374
948,9.682682661666396,0.4015323753262394,0.04209712602898778,0.423,1,1,0.8545,7.6667,56.31946543928,24.57548111549
949,9.520887661666396,0.4218121438732534,0.04209712602898778,0.442,1,1,,7.3244,56.32088462821,25.26308312258
950,8.170481661666397,0.5910752306466327,0.04209712602898778,0.605,1,1,,7.4381,56.32570328428,25.09934109815
951,11.120001661666397,0.22137540726031935,0.04209712602898778,0.231,1,1,,7.3378,56.3332729273,24.47333141899
952,8.292167661666396,0.5758228191665999,0.04209712602898778,0.59,1,1,,6.3881,56.33582341847,26.61565256201
954,6.672139661666396,0.778880966078939,0.04209712602898778,0.766,1,1,,7.277,56.33837180875,23.72727095406
956,10.809620661666397,0.2602792970059278,0.04209712602898778,0.268,1,1,1.1468,7.3427,56.34039171856,24.54350590311
957,6.791038661666397,0.7639778837805279,0.04209712602898778,0.75,1,1,8.4849,7.3074,56.34254222359,23.47151034942
958,9.067751661666396,0.47860928346545184,0.04209712602898778,0.499,1,1,1.2481,7.162,56.34798254632,24.85060437616
961,10.812349661666396,0.25993723768169175,0.04209712602898778,0.268,1,1,0.941,6.9753,56.3533599732,24.34576961905
962,6.543494661666395,0.7950056351028929,0.04209712602898778,0.782,1,1,2.804,5.9568,56.35829496527,23.43002292443
963,10.699873661666395,0.27403524594581596,0.04209712602898778,0.281,1,1,1.2096,7.3304,56.36073294822,22.52540925226
966,7.456234661666397,0.6806006414776169,0.04209712602898778,0.68,1,1,,7.3996,56.37331924695,23.76030233531
967,9.207732661666396,0.46106373334969053,0.04209712602898778,0.48,1,1,2.1929,7.3388,56.37602962224,24.31244491566
971,7.589966661666397,0.6638383558239856,0.04209712602898778,0.662,1,1,0.3976,7.5227,56.38734232753,24.30303428798
977,9.902435661666397,0.3739880137729654,0.04209712602898778,0.395,1,1,0.3334,7.2011,56.40309754228,24.65167632282
980,10.046194661666396,0.35596892018818127,0.04209712602898778,0.402,1,1,,7.3309,56.4082327685,24.33413541577
983,8.856653661666396,0.505068806817456,0.04209712602898778,0.524,1,1,,7.2822,56.41275809461,25.22420894537
986,6.526086661666396,0.7971875950575665,0.04209712602898778,0.792,1,1,,7.1377,56.41428433449,23.75409592072
989,11.377104661666397,0.18914950823536225,0.04209712602898778,0.2,1,1,,7.4767,56.41779696867,24.28890740696
991,9.061664661666397,0.4793722424638489,0.04209712602898778,0.502,1,1,,7.6145,56.42072406594,14.67214911885
993,8.911078661666396,0.4982470483998831,0.04209712602898778,0.516,1,1,,6.6625,56.42378578214,25.68657650159
994,5.691172661666396,0.9018376934948581,0.04209712602898778,0.913,1,1,,7.3745,56.42449682534,24.43131680345
996,7.627900661666397,0.6590836184089701,0.04209712602898778,0.661,1,1,2.8396,6.1065,56.42695832729,25.05691316079
998,10.807371661666394,0.26056119199317895,0.04209712602898778,0.269,1,1,,7.2866,56.4299653202,26.04058588588
999,10.532720661666396,0.29498659890443024,0.04209712602898778,0.302,1,1,,9.3452,56.43210409014,26.08378227149
1000,8.291549661666396,0.5759002807504687,0.04209712602898778,0.588,1,1,3.7965,7.3259,56.43373928124,24.07392359529
1003,9.405920661666396,0.4362223799778584,0.04209712602898778,0.458,1,1,,7.0087,56.44372984936,23.79515713239
1005,11.687824661666397,0.15020312742675768,0.04209712602898778,0.18,1,1,0.1958,8.1585,56.4456606811,21.74683088276
1008,8.167194661666397,0.5914872310126147,0.04209712602898778,0.604,1,1,,7.4608,56.45402219951,23.85268637885
1009,10.104343661666396,0.34868038678949587,0.04209712602898778,0.365,1,1,2.4271,7.261,56.45577051741,24.41850610979
1010,11.253407661666397,0.20465398321889072,0.04209712602898778,0.215,1,1,,7.6206,56.45578142319,23.14287376917
1015,7.734530661666396,0.645718361632382,0.04209712602898778,0.651,1,1,,7.2126,56.46044167389,23.873754046
1017,11.597892661666396,0.16147541733046356,0.04209712602898778,0.187,1,1,,7.2241,56.46271855132,23.6212783472
1019,11.385159661666396,0.18813987545532473,0.04209712602898778,0.199,1,1,0.4114,7.4136,56.46397086947,24.29548137555
1021,11.431505661666396,0.1823307580346385,0.04209712602898778,0.196,1,1,,7.3681,56.46653993674,25.16698929533
1022,10.256831661666396,0.32956717966815674,0.04209712602898778,0.346,1,1,,7.0606,56.46907669485,25.86156946439
1023,10.577456661666396,0.2893792826973829,0.04209712602898778,0.297,1,1,,7.0265,56.46921136036,25.91649075167
1024,9.120975661666396,0.4719380612327111,0.04209712602898778,0.492,1,1,,7.2199,56.46956248113,25.86153169423
1025,10.875017661666394,0.2520822821187618,0.04209712602898778,0.261,1,1,0.6841,7.2168,56.46988426929,23.46487435939
1028,10.564848661666396,0.2909595992822016,0.04209712602898778,0.305,1,1,0.383,6.831,56.47922254177,24.22372997109
1029,8.433245661666396,0.5581397684723532,0.04209712602898778,0.576,1,1,,7.3552,56.47976397387,24.55460405917
1032,11.105064661666397,0.22324764622188642,0.04209712602898778,0.232,1,1,0.5743,7.3891,56.48745217517,23.02458156965
1033,9.866058661666395,0.3785475931198845,0.04209712602898778,0.4,1,1,,6.9943,56.48875204163,25.18671522376
1038,11.640009661666397,0.1561963727870932,0.04209712602898778,0.183,1,1,,7.5841,56.49673767202,23.81286734443
1041,6.734160661666396,0.7711071070285707,0.04209712602898778,0.76,1,1,3.9585,7.4258,56.511596002,23.73718212048
1044,11.162079661666397,0.2161012510693292,0.04209712602898778,0.226,1,1,0.3745,6.7374,56.51448084263,24.34902212732
1045,11.247597661666397,0.20538222238115256,0.04209712602898778,0.215,1,1,,7.9549,56.51536449393,25.87451805538
1046,6.998118661666396,0.7380219860660395,0.04209712602898778,0.729,1,1,0.5785,7.3491,56.5172850878,23.40531966532
1047,10.332927661666396,0.3200291267780577,0.04209712602898778,0.334,1,1,0.4336,7.0128,56.51799855172,23.92784238006
1050,8.014431661666396,0.6106349072853516,0.04209712602898778,0.62,1,1,9.8931,7.6021,56.52195568293,22.98141924341
1051,8.975586661666396,0.4901614628785085,0.04209712602898778,0.508,1,1,,7.3094,56.52329273641,23.75705828476
1052,9.665266661666395,0.40371533801986303,0.04209712602898778,0.425,1,1,1.1298,7.3426,56.52358628171,24.61215923226
1055,7.0147566616663966,0.7359365397352802,0.04209712602898778,0.727,1,1,7.0484,7.3591,56.52718924376,24.56722164753
1056,9.207385661666397,0.4611072271516363,0.04209712602898778,0.48,1,1,,7.1765,56.52724342555,23.83880945903
1057,7.292981661666396,0.7010631591982244,0.04209712602898778,0.697,1,1,7.9101,7.3757,56.52886446573,24.5626051279
1058,8.612877661666396,0.5356242680944849,0.04209712602898778,0.554,1,1,5.0781,7.4327,56.53138644474,24.37417789599
1060,6.550633661666396,0.7941108159326025,0.04209712602898778,0.784,1,1,6.9551,6.9852,56.53250842193,24.86669205739
1062,7.818247661666396,0.6352250745502697,0.04209712602898778,0.64,1,1,3.9299,7.3886,56.53493394536,23.3473212123
1063,11.280977661666395,0.20119829411328705,0.04209712602898778,0.211,1,1,1.986,7.3736,56.53633699234,24.67572155693
1064,6.116740661666396,0.8484959923235262,0.04209712602898778,0.845,1,1,,7.4855,56.53968722098,26.13864853415
1065,10.423324661666395,0.30869855267289736,0.04209712602898778,0.317,1,1,0.8677,6.9038,56.54004586926,22.71020869653
1066,10.640775661666396,0.2814427292524162,0.04209712602898778,0.289,1,1,0.4625,6.8355,56.54126990306,21.0977861877
1067,8.865480661666396,0.5039624097287667,0.04209712602898778,0.521,1,1,1.9819,7.3756,56.54130256139,24.67339403987
1068,10.958391661666397,0.24163198746912018,0.04209712602898778,0.257,1,1,,7.534,56.54154704208,24.6737049354
1071,6.006373661666396,0.8623296535320203,0.04209712602898778,0.863,1,1,5.9772,7.5501,56.54907922003,24.6221190946
1072,11.692647661666395,0.1495986011824224,0.04209712602898778,0.18,1,1,0.5507,7.2809,56.55285246405,23.58701264824
1073,8.204145661666397,0.5868557051460508,0.04209712602898778,0.601,1,1,1.3879,7.3325,56.55372255611,24.05417116892
1074,5.665313661666396,0.9050789218075825,0.04209712602898778,0.919,1,1,,,56.5570033787,32.21013927476
1075,11.153987661666395,0.21711552151700975,0.04209712602898778,0.226,1,1,0.3079,7.4466,56.55780086602,22.70530804049
1082,9.906976661666397,0.37341883407660914,0.04209712602898778,0.395,1,1,5.5174,7.3733,56.5748329283,24.68579851335
1085,5.910690661666395,0.8743227873982334,0.04209712602898778,0.877,1,1,5.9344,7.3327,56.58068261426,20.87958872725
1087,8.689455661666395,0.526025800182663,0.04209712602898778,0.542,1,1,,7.4782,56.58103788138,26.04307325184
1088,6.118704661666396,0.8482498199113607,0.04209712602898778,0.85,1,1,,7.3792,56.58319939873,25.47535770958
1089,7.938039661666396,0.6202100615165919,0.04209712602898778,0.627,1,1,6.3758,7.4548,56.58539983665,24.78528298284
1092,11.556730661666396,0.1666347599117064,0.04209712602898778,0.189,1,1,0.6772,7.3759,56.59017739646,23.06676483934
1093,10.909500661666396,0.24776010121819825,0.04209712602898778,0.257,1,1,,7.1117,56.5925735476,23.87793117845
1098,11.244060661666396,0.20582555833931448,0.04209712602898778,0.215,1,1,1.1143,7.3071,56.5960370545,24.60485050167
1099,11.494549661666397,0.17442867374106963,0.04209712602898778,0.192,1,1,0.4678,7.373,56.59787068226,24.03074731526
1101,11.446523661666397,0.1804483663412051,0.04209712602898778,0.195,1,1,,7.5286,56.59895767544,26.57294021231
1103,11.071708661666396,0.22742856627290298,0.04209712602898778,0.237,1,1,0.8915,7.3207,56.60273991008,24.47939883769
1104,9.381966661666397,0.43922483107817145,0.04209712602898778,0.459,1,1,0.3224,7.1906,56.60587308903,24.15991869115
1106,10.497476661666395,0.2994041653475896,0.04209712602898778,0.307,1,1,0.9143,7.2039,56.61261347529,24.45374227557
1110,7.164290661666396,0.7171935939711392,0.04209712602898778,0.708,1,1,5.343,7.3506,56.61581566561,23.59251492433
1111,5.473594661666397,0.9291094353961665,0.04209712602898778,0.952,1,1,1.3126,7.374,56.61848429295,24.43373934391
1112,8.298566661666396,0.5750207533491623,0.04209712602898778,0.588,1,1,9.1276,7.3,56.61937054723,24.75879046515
1113,11.308904661666396,0.19769785778205007,0.04209712602898778,0.21,1,1,0.3183,8.3129,56.62396194467,21.03784257501
1115,8.136885661666396,0.5952862328661421,0.04209712602898778,0.614,1,1,4.8107,7.3931,56.63002744351,24.11714094376
1116,11.216362661666395,0.20929729126811458,0.04209712602898778,0.22,1,1,,7.4325,56.63057727286,22.30531041999
1119,11.062738661666398,0.2285528873203191,0.04209712602898778,0.237,1,1,,8.057,56.63668941474,19.29162466608
1120,8.619173661666396,0.5348351125410251,0.04209712602898778,0.55,1,1,6.9448,7.4332,56.63706230536,23.30513098618
1121,8.612270661666397,0.5357003509122977,0.04209712602898778,0.552,1,1,2.9684,7.2608,56.64507578819,22.93528104262
1122,8.681654661666396,0.5270035960010457,0.04209712602898778,0.543,1,1,0.7424,7.2234,56.64730542253,23.4115310618
1125,8.336689661666396,0.5702423262264587,0.04209712602898778,0.585,1,1,,7.2323,56.64972601818,23.96682512457
1126,10.523285661666396,0.29616920415330106,0.04209712602898778,0.303,1,1,0.9588,7.8342,56.65036306525,23.0712932923
1130,7.469306661666396,0.6789621660337123,0.04209712602898778,0.678,1,1,7.4791,7.4126,56.66214340428,24.52010758504
1132,6.557561661666396,0.793242444002112,0.04209712602898778,0.782,1,1,6.1296,7.3168,56.66420881499,24.02947983248
1135,10.691327661666396,0.2751064218288948,0.04209712602898778,0.283,1,1,,7.424,56.6668412654,23.78274102188
1136,8.036525661666396,0.6078655929908574,0.04209712602898778,0.624,1,1,5.1665,7.2559,56.66783020915,24.93086438815
1137,10.423657661666397,0.30865681366411346,0.04209712602898778,0.319,1,1,,7.2864,56.667843836,25.73135614782
1143,9.668445661666397,0.40331687462970267,0.04209712602898778,0.424,1,1,2.234,7.2863,56.68172301552,23.99493684191
1146,10.253177661666395,0.3300251806834589,0.04209712602898778,0.343,1,1,,7.4228,56.69080914398,25.45824837858
1148,11.193165661666395,0.21220485819530688,0.04209712602898778,0.221,1,1,,7.5558,56.69669194845,25.34794352419
1151,9.640767661666397,0.4067861007111282,0.04209712602898778,0.428,1,1,0.2845,7.2387,56.70335512922,23.06855140288
1152,8.910991661666396,0.49825795318596167,0.04209712602898778,0.514,1,1,7.9111,7.3868,56.70512196595,24.59982559996
1154,10.889076661666397,0.2503200937569303,0.04209712602898778,0.259,1,1,2.1377,7.4356,56.70879817516,23.53208141913
1159,11.097912661666395,0.22414409484297027,0.04209712602898778,0.234,1,1,0.0824,7.2636,56.71926880123,23.6451388465
1161,6.154539661666396,0.843758176128288,0.04209712602898778,0.84,1,1,6.1515,6.8172,56.72201785398,22.88074839356
1162,9.573510661666395,0.4152162524041134,0.04209712602898778,0.435,1,1,0.6607,7.3687,56.72344711252,24.2872941769
1165,9.639190661666396,0.40698376562659955,0.04209712602898778,0.427,1,1,2.6922,7.1772,56.72520599409,25.24564655686
1171,11.123535661666395,0.22093244732926398,0.04209712602898778,0.231,1,1,,7.0042,56.73249284037,23.93987222951
1172,8.911832661666397,0.49815254025386824,0.04209712602898778,0.516,1,1,,8.2069,56.73721143333,36.16259639147
1173,9.086845661666397,0.4762159962771164,0.04209712602898778,0.495,1,1,1.2062,7.3848,56.73798824228,23.25047049143
1174,11.295206661666395,0.19941479754877367,0.04209712602898778,0.21,1,1,0.9133,7.3552,56.74245105011,23.56061715977
1176,10.611755661666397,0.28508016479266374,0.04209712602898778,0.292,1,1,1.1004,7.4671,56.74397999975,24.4609217371
1178,10.739507661666398,0.2690674265039765,0.04209712602898778,0.277,1,1,0.5265,7.1078,56.74722551552,24.02839263225
1180,11.164121661666396,0.2158453019524036,0.04209712602898778,0.229,1,1,0.3409,7.4689,56.74789903406,24.87933419481
1182,11.585151661666394,0.16307240445032223,0.04209712602898778,0.191,1,1,1.655,7.5182,56.75128246811,24.47341021111
1184,11.014536661666398,0.23459464017734888,0.04209712602898778,0.243,1,1,0.3484,6.1416,56.75423555051,24.98246752414
1185,5.8741116616663955,0.8789076859036336,0.04209712602898778,0.884,1,1,5.9306,7.3865,56.75601002051,23.49474145128
1188,8.426884661666396,0.5589370712797797,0.04209712602898778,0.574,1,1,0.3023,7.2769,56.76502117318,24.15948737687
1189,8.865125661666395,0.5040069062696624,0.04209712602898778,0.521,1,1,2.4577,7.2092,56.76583191331,23.61611499254
1190,8.385731661666396,0.5640952857797039,0.04209712602898778,0.578,1,1,,7.6851,56.76592439376,20.19568066936
1192,9.761833661666396,0.39161140149970164,0.04209712602898778,0.415,1,1,,7.1821,56.76987710788,25.38041195117
1197,6.595337661666395,0.7885075106813543,0.04209712602898778,0.778,1,1,8.4781,7.3504,56.77834370557,23.71495241088
1198,7.7438126616663965,0.6445549337659251,0.04209712602898778,0.649,1,1,0.3889,7.3096,56.78069149429,23.22615674412
1200,10.291364661666396,0.3252387316491572,0.04209712602898778,0.337,1,1,1.8237,7.3831,56.78401518544,24.30663032493
1201,9.981470661666396,0.36408157966119914,0.04209712602898778,0.383,1,1,0.2679,7.3031,56.788355137,24.05197806631
1203,8.770585661666397,0.5158567738084285,0.04209712602898778,0.532,1,1,0.8446,7.3291,56.78942568111,23.74197963633
1204,11.642847661666394,0.15584065114466683,0.04209712602898778,0.183,1,1,0.4739,7.3061,56.78974161914,23.43215484093
1205,10.609554661666397,0.2853560433462159,0.04209712602898778,0.293,1,1,,6.5054,56.79191420959,30.5336566057
1213,6.816423661666397,0.7607960677505767,0.04209712602898778,0.75,1,1,7.8496,7.4176,56.80648230099,23.71408562078
1214,9.348664661666396,0.4433989826412772,0.04209712602898778,0.462,1,1,0.5326,7.3907,56.807022076,23.83129346815
1215,6.025910661666396,0.8598808396743423,0.04209712602898778,0.858,1,1,,7.4731,56.81177708244,25.37162604311
1216,11.148857661666398,0.21775852786854166,0.04209712602898778,0.227,1,1,0.8818,7.0697,56.81416804545,23.43481220068
1217,11.597835661666394,0.1614825618454807,0.04209712602898778,0.186,1,1,0.31,6.9549,56.81444649567,24.3917636429
1218,10.946380661666396,0.2431374746598134,0.04209712602898778,0.252,1,1,,9.1187,56.81568747129,22.35452532993
1219,11.428156661666396,0.18275052962748117,0.04209712602898778,0.198,1,1,0.2628,7.3213,56.81861392883,24.74712712405
1221,6.829628661666396,0.7591409217716324,0.04209712602898778,0.746,1,1,9.7733,6.979,56.8253562308,24.3905652358
1222,9.274123661666396,0.45274212814801684,0.04209712602898778,0.477,1,1,,7.2722,56.82547570016,24.03643638599
1223,11.631366661666394,0.1572797068799383,0.04209712602898778,0.185,1,1,0.3239,7.529,56.82561830737,24.23078024255
1225,8.163633661666395,0.5919335751876258,0.04209712602898778,0.607,1,1,,7.3403,56.82577815809,24.03621806528
1229,11.640237661666397,0.15616779472702502,0.04209712602898778,0.183,1,1,,7.3268,56.83519780827,22.36556336238
1231,9.273865661666395,0.45277446647914665,0.04209712602898778,0.473,1,1,3.694,7.2564,56.83687734919,25.08656572477
1235,8.986115661666396,0.4888417330782582,0.04209712602898778,0.507,1,1,,7.1719,56.84109229961,25.8977392657
1236,11.077583661666395,0.22669217985667434,0.04209712602898778,0.236,1,1,,7.536,56.84147827795,26.37966852782
1237,11.288727661666396,0.20022689075570876,0.04209712602898778,0.21,1,1,0.3687,7.4562,56.84184912038,23.35995800058
1242,10.943384661666396,0.2435130003964976,0.04209712602898778,0.252,1,1,0.6801,7.4814,56.84458758908,23.73506530394
1243,10.217625661666396,0.3344813525761836,0.04209712602898778,0.349,1,1,0.9252,7.7615,56.84583318283,24.84875204843
1244,8.496531661666396,0.5502073513255543,0.04209712602898778,0.565,1,1,,7.1213,56.84689444036,22.24435427602
1245,10.490904661666397,0.30022791539481575,0.04209712602898778,0.309,1,1,1.6638,7.3469,56.84946705531,23.14900482936
1248,11.657224661666397,0.15403860390958246,0.04209712602898778,0.181,1,1,1.1885,7.5496,56.85469975762,24.25462065235
1249,9.990701661666396,0.3629245442555471,0.04209712602898778,0.382,1,1,,7.3811,56.85568297187,24.04895316921
1250,10.024965661666396,0.3586298133337331,0.04209712602898778,0.376,1,1,0.1357,7.4327,56.85755304008,25.14231117639
1251,11.255667661666397,0.204370709465584,0.04209712602898778,0.215,1,1,,7.2354,56.85797410627,25.44056636612
1252,10.936271661666396,0.24440456066520144,0.04209712602898778,0.254,1,1,0.4291,7.2032,56.8615963769,23.63387817083
1254,10.687387661666396,0.2756002707616507,0.04209712602898778,0.284,1,1,,6.4015,56.86518143947,22.83130837806
1256,10.323044661666396,0.321267885408115,0.04209712602898778,0.333,1,1,0.5572,7.1909,56.8672334216,23.44802253199
1257,10.938541661666395,0.24412003348820766,0.04209712602898778,0.254,1,1,,7.3722,56.86843160832,26.53476462462
1258,11.339662661666395,0.1938425772049679,0.04209712602898778,0.204,1,1,0.9834,7.3727,56.86851689687,24.67569649233
1259,8.577545661666395,0.5400528646660916,0.04209712602898778,0.558,1,1,,6.8936,56.87006885995,22.37642310569
1261,11.443456661666396,0.18083279138606878,0.04209712602898778,0.198,1,1,,7.3112,56.87239647546,24.11411246128
1267,10.404102661666396,0.31110788368442854,0.04209712602898778,0.322,1,1,,7.3929,56.87751552406,26.27891563464
1268,9.399009661666396,0.43708862108808066,0.04209712602898778,0.457,1,1,2.7628,7.3902,56.87755475113,24.3703346529
1269,11.478756661666395,0.17640820577026117,0.04209712602898778,0.194,1,1,0.5596,7.908,56.87979393772,21.1807140845
1271,11.462808661666397,0.17840716586660377,0.04209712602898778,0.194,1,1,0.4855,7.3388,56.8819223601,23.87181815563
1272,11.452303661666395,0.17972388745000512,0.04209712602898778,0.194,1,1,0.6538,7.4907,56.88340577219,24.17339234281
1273,11.643736661666395,0.15572922177887483,0.04209712602898778,0.183,1,1,0.3972,7.5802,56.88397566646,24.40493750874
1274,11.012057661666397,0.23490536390940542,0.04209712602898778,0.244,1,1,1.2508,7.3397,56.8841955607,23.30633191107
1275,11.206934661666395,0.21047901912040445,0.04209712602898778,0.22,1,1,,7.1609,56.88781044276,25.63831243312
1276,7.140865661666396,0.7201297389583997,0.04209712602898778,0.713,1,1,8.5982,7.4222,56.89041244831,24.68399679169
1277,6.585714661666396,0.7897136802955445,0.04209712602898778,0.779,1,1,7.5554,7.6371,56.8924433357,21.74660630467
1278,10.868561661666398,0.2528914924512162,0.04209712602898778,0.261,1,1,,7.6735,56.89244548481,25.71816482563
1279,11.373810661666397,0.1895623859979252,0.04209712602898778,0.2,1,1,,7.4938,56.89387479189,24.03955394928
1280,10.604233661666395,0.28602299009017385,0.04209712602898778,0.294,1,1,0.6966,7.3071,56.89500778236,22.80112516
1281,8.586710661666396,0.5389041018567748,0.04209712602898778,0.555,1,1,,6.7644,56.89678892562,25.5437587917
1282,11.474387661666395,0.17695582657919795,0.04209712602898778,0.193,1,1,0.2084,7.4292,56.89952947889,24.87396515674
1284,11.061670661666398,0.22868675297011176,0.04209712602898778,0.237,1,1,,7.209,56.90569654899,25.33384802905
1285,11.523971661666398,0.17074085056859678,0.04209712602898778,0.19,1,1,0.7538,7.3429,56.90697333793,24.40625196188
1287,7.714140661666397,0.6482740925305779,0.04209712602898778,0.651,1,1,8.4106,7.2721,56.90846714444,23.46784903103
1288,9.994325661666396,0.3624703035113066,0.04209712602898778,0.381,1,1,2.3229,7.3216,56.90863214909,24.81955061391
1289,8.274780661666396,0.5780021469315304,0.04209712602898778,0.591,1,1,0.582,7.3958,56.90877404779,24.89165534984
1292,10.733902661666395,0.2697699704806511,0.04209712602898778,0.278,1,1,0.519,7.1796,56.9140555869,24.45873245788
1294,7.8680876616663955,0.6289780108932768,0.04209712602898778,0.636,1,1,0.3067,7.3896,56.91832612972,24.30173654543
1297,7.918299661666396,0.62268431987512,0.04209712602898778,0.628,1,1,0.7814,7.4153,56.92168447899,23.74008588097
1298,7.607665661666395,0.6616199212400147,0.04209712602898778,0.663,1,1,0.483,7.3676,56.92276375783,23.97172758846
1301,11.417616661666397,0.18407163819378725,0.04209712602898778,0.197,1,1,,7.1171,56.93293309774,26.22401171576
1303,11.248642661666395,0.20525123960584057,0.04209712602898778,0.214,1,1,0.4458,7.2529,56.93613786706,23.7007045401
1305,11.256902661666395,0.20421591164021535,0.04209712602898778,0.214,1,1,,7.5518,56.93624264299,22.39796276377
1306,10.904526661666395,0.2483835541602104,0.04209712602898778,0.257,1,1,,7.3613,56.94067213271,24.09347871557
1307,11.291498661666395,0.1998795670519864,0.04209712602898778,0.21,1,1,0.2962,7.5605,56.94138328334,24.63352445535
1308,9.353439661666396,0.4428004728306403,0.04209712602898778,0.463,1,1,,7.5558,56.94337881611,24.05048171834
1310,5.546310661666396,0.9199950397123403,0.04209712602898778,0.939,1,1,5.1371,7.4112,56.95058643018,23.2178837759
1312,11.253624661666397,0.20462678392487854,0.04209712602898778,0.214,1,1,0.8216,7.3361,56.95748952144,24.42848980052
1313,11.416367661666396,0.18422819081231845,0.04209712602898778,0.197,1,1,,6.4165,56.95841831832,23.46454192809
1315,9.616321661666396,0.4098502202568517,0.04209712602898778,0.431,1,1,1.4175,7.3559,56.96235820157,24.50501618903
1317,11.659254661666395,0.15378415890108155,0.04209712602898778,0.182,1,1,0.94,7.8092,56.96658486416,23.66317575455
1319,10.777096661666395,0.2643559322061697,0.04209712602898778,0.272,1,1,0.5169,7.1717,56.97037306571,22.9925993308
1320,11.472377661666396,0.1772077647403245,0.04209712602898778,0.193,1,1,,7.3344,56.97574688018,22.65694149169
1321,10.448605661666397,0.3055297722492929,0.04209712602898778,0.316,1,1,1.3661,6.6913,56.98038426983,23.31813723222
1323,10.611326661666396,0.28513393666884457,0.04209712602898778,0.296,1,1,,7.2856,56.98594071422,26.53052028872
1325,9.556262661666397,0.4173781575797919,0.04209712602898778,0.438,1,1,,6.8174,56.98619759614,26.53078066941
1326,6.062921661666396,0.8552417932656552,0.04209712602898778,0.853,1,1,,7.5667,56.99008522853,26.62905268563
1332,10.973209661666395,0.23977466424943095,0.04209712602898778,0.247,1,1,,7.268,57.02388607491,22.63577808525
1333,9.734475661666396,0.3950405180231369,0.04209712602898778,0.415,1,1,1.562,7.3093,57.02435006099,23.03395009216
1335,11.340820661666395,0.1936974307419903,0.04209712602898778,0.204,1,1,,7.2177,57.02676571552,24.11420727435
1336,11.102119661666396,0.22361677949776615,0.04209712602898778,0.232,1,1,0.6242,7.1894,57.02772402474,24.00172038533
1337,7.909919661666397,0.6237346889249915,0.04209712602898778,0.631,1,1,0.446,7.3639,57.0320479776,25.31508636826
1338,10.597706661666397,0.2868410997308075,0.04209712602898778,0.294,1,1,0.5148,7.6079,57.03323531524,23.73970884587
1339,11.395584661666398,0.186833181261421,0.04209712602898778,0.198,1,1,0.7512,7.5487,57.03735109357,23.70632997828
1340,11.114050661666397,0.22212131969657056,0.04209712602898778,0.231,1,1,0.9637,7.2689,57.03844829087,23.97778621777
1341,8.522610661666397,0.5469385476917117,0.04209712602898778,0.563,1,1,6.5481,6.1632,57.04246546377,23.0009649786
1343,7.319131661666397,0.6977854562562025,0.04209712602898778,0.694,1,1,,7.7348,57.04311923768,19.30230212369
1344,8.312528661666397,0.5732707231970966,0.04209712602898778,0.586,1,1,8.1854,7.319,57.04583326092,23.50681118381
1345,10.300787661666396,0.32405763050871084,0.04209712602898778,0.338,1,1,,7.2799,57.04676066619,23.66195219778
1346,10.985433661666395,0.2382424791342006,0.04209712602898778,0.255,1,1,0.6299,6.8124,57.04765896591,20.77829890921
1347,7.779345661666396,0.6401011433782059,0.04209712602898778,0.645,1,1,,7.5827,57.05197215631,26.58360374255
1348,10.941379661666396,0.24376431184578085,0.04209712602898778,0.251,1,1,0.8237,7.5474,57.05551505474,23.97951838436
1350,10.524204661666396,0.29605401451644764,0.04209712602898778,0.303,1,1,1.8306,7.4374,57.05745057369,23.63299008833
1352,11.019062661666396,0.23402734061652342,0.04209712602898778,0.243,1,1,0.6994,7.3535,57.06355849716,23.43468552037
1353,10.320483661666396,0.32158888721440637,0.04209712602898778,0.336,1,1,0.367,6.9889,57.06368705743,23.70079343721
1354,11.647491661666397,0.1552585611843318,0.04209712602898778,0.183,1,1,0.4809,6.8555,57.06457646223,25.2433130866
1355,8.527777661666397,0.5462909036725365,0.04209712602898778,0.563,1,1,,6.2024,57.06850221014,22.54442034836
1356,11.125768661666395,0.22065255781991255,0.04209712602898778,0.23,1,1,,7.7719,57.06939334324,26.50311188523
1360,8.318212661666395,0.5725582771732938,0.04209712602898778,0.587,1,1,5.4934,7.4439,57.07214182983,24.50422072393
1361,11.335615661666395,0.19434983777117676,0.04209712602898778,0.204,1,1,0.4915,7.161,57.07240387537,23.8063973617
1362,11.083679661666395,0.2259280927769589,0.04209712602898778,0.235,1,1,0.7353,7.598,57.07348073665,22.06680874975
1363,5.345250661666396,0.9451963763671357,0.04209712602898778,0.974,1,1,4.5347,7.4993,57.07381062716,25.04764063409
1364,8.576376661666396,0.540199389895125,0.04209712602898778,0.556,1,1,3.8161,7.2951,57.07512164513,23.89127367846
1367,9.642963661666396,0.4065108488694198,0.04209712602898778,0.428,1,1,1.033,7.3275,57.08270162428,23.60313797003
1369,10.777966661666397,0.2642468843453831,0.04209712602898778,0.243,1,1,0.6438,7.4717,57.08465979451,24.91505649268
1370,10.777966661666397,0.2642468843453831,0.04209712602898778,0.28,1,1,,7.4717,57.08465979451,24.91505649268
1373,11.578359661666397,0.16392372981866643,0.04209712602898778,0.187,1,1,0.7157,7.3027,57.08979895347,24.57858677808
1374,9.662961661666396,0.404004252179762,0.04209712602898778,0.425,1,1,1.1389,7.6174,57.09446293092,22.8724773361
1375,11.447657661666398,0.18030622809507668,0.04209712602898778,0.195,1,1,0.293,7.509,57.09464904982,23.46174619316
1376,8.602242661666397,0.5369572841858195,0.04209712602898778,0.559,1,1,2.4666,8.123,57.09488735369,23.97234488912
1377,10.362314661666396,0.31634569058849005,0.04209712602898778,0.327,1,1,1.7216,7.455,57.09512296363,24.81469358262
1378,8.410514661666395,0.5609889258557221,0.04209712602898778,0.576,1,1,,8.3624,57.09692033616,28.65970233779
1380,9.017036661666396,0.4849660216950744,0.04209712602898778,0.503,1,1,,8.0694,57.10351631334,22.40706284626
1381,10.658909661666396,0.27916977073805205,0.04209712602898778,0.288,1,1,0.7114,7.4687,57.10522821659,24.24035732523
1382,8.171520661666396,0.5909449999255332,0.04209712602898778,0.605,1,1,0.3992,6.5393,57.10636705902,22.2113911741
1383,9.086346661666395,0.4762785421191078,0.04209712602898778,0.495,1,1,1.634,7.5103,57.10859424734,25.24449048958
1385,6.842805661666397,0.757489285379012,0.04209712602898778,0.746,1,1,0.2353,7.4614,57.11688600086,23.30055677555
1386,11.647054661666395,0.15531333579946272,0.04209712602898778,0.183,1,1,0.6205,7.2452,57.12405282632,23.96812762182
1388,9.544567661666395,0.41884403658196967,0.04209712602898778,0.44,1,1,0.258,7.3412,57.1294732995,24.28127310518
1389,11.403837661666397,0.18579873069237673,0.04209712602898778,0.198,1,1,0.4896,7.1438,57.13271390512,24.03280319756
1390,11.415043661666395,0.1843941441085033,0.04209712602898778,0.197,1,1,1.3602,7.0659,57.14081534927,24.03284976688
1395,8.446912661666396,0.5564267143190602,0.04209712602898778,0.57,1,1,,7.2322,57.15691851053,22.76911351203
1399,10.102439661666397,0.3489190386595382,0.04209712602898778,0.366,1,1,0.9204,7.3877,57.16636349177,24.21171256485
1400,10.852144661666397,0.2549492381184886,0.04209712602898778,0.263,1,1,0.8848,7.4819,57.16855137095,24.60929160554
1402,10.675277661666396,0.277118166846847,0.04209712602898778,0.285,1,1,0.2671,8.5112,57.17084540802,23.23797186912
1403,10.073097661666395,0.35259683444251366,0.04209712602898778,0.37,1,1,0.3368,7.3423,57.17568673916,25.00769635422
1405,10.897859661666395,0.24921921173246497,0.04209712602898778,0.258,1,1,,7.6107,57.17979485408,26.53902530025
1408,11.198742661666397,0.21150582380495653,0.04209712602898778,0.221,1,1,0.5,7.3365,57.18360002515,25.10607888928
1412,7.483266661666397,0.6772123865663843,0.04209712602898778,0.676,1,1,3.92,7.4478,57.18936995061,23.33871256339
1413,10.171145661666396,0.3403072658742783,0.04209712602898778,0.356,1,1,,7.4183,57.19040905458,25.70026259762
1414,11.181154661666397,0.21371034538599964,0.04209712602898778,0.223,1,1,,7.2666,57.19179572683,24.16997873809
1415,6.400404661666396,0.8129408746430036,0.04209712602898778,0.806,1,1,6.2883,7.1949,57.19423481631,22.07002214
1416,11.205349661666396,0.210677686774825,0.04209712602898778,0.22,1,1,0.6231,7.1373,57.20100053549,21.41108489367
1422,11.601923661666397,0.160970162242154,0.04209712602898778,0.186,1,1,,6.6597,57.21790500712,25.37551520708
1424,9.299720661666395,0.44953373953589715,0.04209712602898778,0.469,1,1,1.706,7.4018,57.23905340917,24.32864061635
1427,9.862607661666397,0.3789801496343361,0.04209712602898778,0.4,1,1,13.6986,7.3895,57.24294597153,23.0940212472
1430,10.295290661666396,0.32474663750956334,0.04209712602898778,0.337,1,1,1.4972,7.6295,57.2542013232,24.90260777619
1431,9.106425661666396,0.4737617926975837,0.04209712602898778,0.492,1,1,8.5889,7.4793,57.25428791296,22.98021186954
1433,11.044008661666396,0.23090054988644027,0.04209712602898778,0.24,1,1,,7.2574,57.25630704318,24.19380165663
1434,6.073763661666396,0.8538828313039956,0.04209712602898778,0.852,1,1,6.1535,7.2668,57.25981898023,23.25223911266
1438,9.376426661666397,0.439919227800879,0.04209712602898778,0.487,1,1,0.8288,7.6312,57.27448410526,23.73959197267
1439,10.675060661666397,0.27714536614085916,0.04209712602898778,0.285,1,1,1.1187,7.4305,57.27475569261,23.10591765635
1441,9.608397661666396,0.4108434331865871,0.04209712602898778,0.432,1,1,,7.2933,57.2868834233,25.89671500101
1444,10.613764661666394,0.2848283519739059,0.04209712602898778,0.292,1,1,2.0109,7.3339,57.29606416461,24.34739901611
1446,7.594309661666395,0.6632939939166358,0.04209712602898778,0.666,1,1,5.9405,7.4258,57.29693913703,22.17655024293
1448,8.276570661666396,0.5777777840915219,0.04209712602898778,0.594,1,1,1.4162,6.0261,57.29710087344,23.55502767463
1449,11.451452661666394,0.1798305538057856,0.04209712602898778,0.195,1,1,,7.1856,57.29764575258,24.24000605914
1452,8.233907661666397,0.5831252655682131,0.04209712602898778,0.595,1,1,5.3258,7.451,57.30137654976,23.22814047452
1453,10.235470661666396,0.3322446180063796,0.04209712602898778,0.346,1,1,,7.3163,57.30272250751,25.70187044643
1457,8.030739661666397,0.6085908239362698,0.04209712602898778,0.619,1,1,0.3983,7.3369,57.31420347455,24.56707217101
1460,11.443146661666397,0.18087164752037177,0.04209712602898778,0.198,1,1,0.3628,7.5805,57.32009187664,24.01607812906
1464,10.813576661666396,0.25978344259527275,0.04209712602898778,0.268,1,1,,6.9715,57.33466730526,25.42830173269
1465,7.915616661666396,0.623020613450395,0.04209712602898778,0.63,1,1,,7.7477,57.33572618441,25.81781951369
1466,7.060071661666395,0.7302566502967442,0.04209712602898778,0.722,1,1,0.5603,7.3494,57.33590317007,24.7764623603
1468,10.386651661666397,0.3132952333609571,0.04209712602898778,0.324,1,1,0.3389,7.3762,57.33962532353,23.65157825458
1470,11.300752661666397,0.19871964877185344,0.04209712602898778,0.209,1,1,,7.3973,57.34143853207,24.91186927953
1471,11.136682661666395,0.21928457120770517,0.04209712602898778,0.229,1,1,,6.9403,57.34233213175,25.79368982438
1472,11.390665661666397,0.18744974037315365,0.04209712602898778,0.199,1,1,0.4171,7.557,57.34390172016,21.63209814174
1476,8.071657661666396,0.6034620648929947,0.04209712602898778,0.614,1,1,,8.9635,57.35900221551,21.28013396922
1477,10.988958661666395,0.23780064728446337,0.04209712602898778,0.247,1,1,,7.4702,57.36104652086,22.84835269894
1478,11.273377661666395,0.20215089611555737,0.04209712602898778,0.212,1,1,0.3888,7.4036,57.36500889975,24.40363692243
1479,9.490595661666395,0.4256090149065126,0.04209712602898778,0.446,1,1,0.543,6.8687,57.36525467918,24.53152918709
1480,5.777344661666396,0.8910366908975388,0.04209712602898778,0.901,1,1,5.7139,7.5887,57.3698575948,23.71197964152
1483,11.397554661666398,0.18658625679504293,0.04209712602898778,0.2,1,1,0.37,7.4006,57.37428421163,23.64851541723
1484,11.397173661666397,0.1866340122375254,0.04209712602898778,0.198,1,1,0.3013,7.3621,57.38016945576,23.68863083682
1486,10.905304661666396,0.24828603779734637,0.04209712602898778,0.258,1,1,0.7781,7.5283,57.38564080574,23.92829586717
1487,10.983343661666396,0.2385044446848248,0.04209712602898778,0.247,1,1,0.3933,7.4881,57.38580185574,23.41124239957
1489,11.145403661666396,0.21819146041010007,0.04209712602898778,0.228,1,1,,7.371,57.38677013765,25.79621120736
1490,9.960160661666396,0.3667526255386173,0.04209712602898778,0.387,1,1,1.5928,7.4187,57.38774921505,24.53383268332
1492,5.347445661666397,0.9449212498677958,0.04209712602898778,0.973,1,1,4.9432,7.2637,57.38809269499,23.79519571324
1494,8.202965661666395,0.5870036091411401,0.04209712602898778,0.604,1,1,1.2809,6.9297,57.39555500671,23.454458189
1495,11.322481661666394,0.19599608444194216,0.04209712602898778,0.206,1,1,,7.5481,57.39710417795,25.99281163336
1496,11.659217661666396,0.15378879656872413,0.04209712602898778,0.182,1,1,,7.3998,57.39781407381,22.39046720119
1497,7.742328661666397,0.6447409418411052,0.04209712602898778,0.65,1,1,0.2471,7.2797,57.3995914171,22.15123494503
1498,10.777477661666396,0.26430817676368745,0.04209712602898778,0.276,1,1,,,57.4006851,23.9393048
1500,10.840971661666398,0.2563496884041945,0.04209712602898778,0.265,1,1,,7.1765,57.40227687241,24.30373739744
1501,6.076409661666396,0.8535511753963629,0.04209712602898778,0.853,1,1,,7.462,57.40235505705,24.29585956567
1503,10.697096661666396,0.27438332170375057,0.04209712602898778,0.282,1,1,,7.3103,57.40940394343,26.85143507931
1505,5.538163661666395,0.9210162039903003,0.04209712602898778,0.941,1,1,5.0132,7.1996,57.41426344138,23.28990844525
1509,10.240495661666396,0.33161477260356276,0.04209712602898778,0.345,1,1,,6.5238,57.42233530142,26.14800270882
1512,6.500259661666396,0.8004248124144917,0.04209712602898778,0.79,1,1,7.2745,7.5477,57.42624525739,24.462799736
1513,10.643553661666395,0.2810945281521129,0.04209712602898778,0.289,1,1,0.4441,7.4698,57.42804497401,24.31856840993
1516,10.864273661666395,0.2534289605282869,0.04209712602898778,0.266,1,1,,7.5152,57.44606846305,25.71007632857
1518,10.373411661666395,0.31495476632280694,0.04209712602898778,0.326,1,1,1.6719,6.9725,57.45189885868,22.17997112386
1522,5.953467661666396,0.8689610168915081,0.04209712602898778,0.873,1,1,6.8472,7.209,57.45992411581,23.7053885297
1523,10.983759661666397,0.23845230225943714,0.04209712602898778,0.247,1,1,0.857,7.3847,57.4600078879,20.96651689252
1524,9.109491661666397,0.4733774929950887,0.04209712602898778,0.492,1,1,0.4722,7.2158,57.46592514179,21.30713086081
1529,11.215742661666397,0.20937500353672056,0.04209712602898778,0.22,1,1,0.5612,7.3053,57.48126199309,24.10123486774
1530,9.774251661666396,0.3900548999649396,0.04209712602898778,0.411,1,1,,7.5311,57.48251419167,24.74190453201
1531,11.215870661666397,0.20935895971352436,0.04209712602898778,0.219,1,1,1.0465,8.5641,57.48371804405,20.38106177042
1538,9.760686661666396,0.39175516919662323,0.04209712602898778,0.413,1,1,1.3418,7.2721,57.49314930819,23.70921379287
1542,7.382368661666396,0.6898591808854709,0.04209712602898778,0.688,1,1,,7.0162,57.50276089924,25.39859852117
1543,10.904520661666396,0.24838430621442242,0.04209712602898778,0.257,1,1,,7.3111,57.50781770848,25.2112223155
1544,10.339955661666396,0.31914822061069525,0.04209712602898778,0.331,1,1,0.6757,7.5888,57.50914139243,23.86222290853
1546,8.047471661666396,0.6064935954228508,0.04209712602898778,0.617,1,1,6.4254,7.4229,57.52114270787,24.12375084194
1547,11.518404661666395,0.17143863153526007,0.04209712602898778,0.191,1,1,,7.4696,57.5268298328,26.97174736066
1548,10.860925661666396,0.25384860677876064,0.04209712602898778,0.263,1,1,1.7487,7.7461,57.53514890396,25.54865892623
1550,7.297868661666396,0.7004506110422909,0.04209712602898778,0.697,1,1,,5.2391,57.53976365412,21.608389073
1552,11.526251661666397,0.17045506996791593,0.04209712602898778,0.19,1,1,,7.4007,57.54494597991,24.47802874105
1553,7.333319661666396,0.6960070987288066,0.04209712602898778,0.693,1,1,,7.2232,57.55177538411,24.53272638784
1554,10.859547661666397,0.2540213285628563,0.04209712602898778,0.263,1,1,0.3645,7.457,57.55194981379,23.92647449588
1556,9.063015661666396,0.47920290492370854,0.04209712602898778,0.499,1,1,,7.2431,57.55368104569,24.35161554819
1557,9.931606661666397,0.3703316515350412,0.04209712602898778,0.392,1,1,,7.2428,57.55423174469,24.35181775808
1558,11.539629661666396,0.16877823975918305,0.04209712602898778,0.19,1,1,0.6652,7.4433,57.56154678863,25.42482323105
1559,10.802907661666396,0.26112072032714373,0.04209712602898778,0.269,1,1,1.1204,7.4165,57.5636777898,24.22654240157
1564,11.421772661666395,0.18355071530938805,0.04209712602898778,0.197,1,1,,7.546,57.57598217277,24.58746632895
1566,5.5156766616663955,0.9238347778357016,0.04209712602898778,0.944,1,1,,7.2479,57.58720760547,24.46654508807
1567,5.769097661666397,0.8920703894123706,0.04209712602898778,0.9,1,1,5.3657,7.5059,57.58886377465,23.0961448079
1568,5.734856661666395,0.8963622374597041,0.04209712602898778,0.909,1,1,,7.9446,57.58889306963,27.1441686951
1570,10.812157661666397,0.2599613034164858,0.04209712602898778,0.269,1,1,,7.1599,57.59190695451,22.62549947942
1571,8.316613661666397,0.5727586996208764,0.04209712602898778,0.586,1,1,1.8957,7.2824,57.59554260677,22.18813114836
1573,8.596300661666396,0.5377020685407523,0.04209712602898778,0.554,1,1,17.597,6.4186,57.60401353601,20.70484570738
1574,11.314001661666396,0.1970589877286857,0.04209712602898778,0.207,1,1,0.6601,6.8386,57.60485631104,23.92810758937
1576,11.142278661666396,0.2185831553123494,0.04209712602898778,0.228,1,1,0.9801,7.229,57.61403231496,23.37901255936
1577,11.569467661666398,0.16503827416132255,0.04209712602898778,0.188,1,1,0.5589,7.2494,57.61603139023,23.06512486371
1578,10.634386661666397,0.2822435416461666,0.04209712602898778,0.29,1,1,,6.8146,57.61844044452,20.31681546763
1580,9.998513661666395,0.36194536967110835,0.04209712602898778,0.381,1,1,,6.9368,57.62492811642,25.05172731021
1581,10.581633661666396,0.2888557276232404,0.04209712602898778,0.296,1,1,1.0933,6.9468,57.63319179846,22.14637822451
1582,11.001297661666396,0.23625404779683024,0.04209712602898778,0.245,1,1,,7.6242,57.6379095793,24.33920630856
1584,6.8873546616663965,0.7519054081949152,0.04209712602898778,0.741,1,1,,7.2173,57.64417563888,24.50757202134
1585,6.330646661666396,0.8216845076001568,0.04209712602898778,0.814,1,1,0.3144,7.2922,57.6489355092,25.42630877065
1587,10.923870661666395,0.24595893137969527,0.04209712602898778,0.255,1,1,1.7941,7.1278,57.65595238915,22.46874764683
1588,9.992802661666396,0.3626611999388669,0.04209712602898778,0.382,1,1,0.8891,7.3013,57.66222912452,23.21722758953
1590,11.177542661666397,0.21416308202181544,0.04209712602898778,0.224,1,1,,7.4261,57.66551653057,26.57215264766
1591,11.557415661666397,0.16654890038913317,0.04209712602898778,0.189,1,1,,7.6231,57.66550070189,26.57149439135
1601,7.148947661666396,0.7191167219344066,0.04209712602898778,0.713,1,1,,7.3299,57.69189073172,22.93047700918
1602,9.574302661666396,0.4151169812480875,0.04209712602898778,0.437,1,1,,7.3862,57.70410557715,22.66984055724
1604,11.124559661666396,0.22080409674369483,0.04209712602898778,0.231,1,1,,5.873,57.71234435994,23.97878248694
1605,6.794960661666396,0.7634862910104091,0.04209712602898778,0.751,1,1,8.4496,7.3338,57.71444143461,23.32886877947
1609,6.965117661666396,0.7421584095761605,0.04209712602898778,0.731,1,1,,7.2656,57.72446938728,22.54786534592
1611,11.279976661666396,0.2013237618243755,0.04209712602898778,0.211,1,1,,7.4746,57.72778472774,24.36532670246
1612,11.555889661666395,0.16674017284379983,0.04209712602898778,0.189,1,1,,6.9689,57.72916554734,24.55084531392
1613,6.026064661666396,0.8598615369495595,0.04209712602898778,0.86,1,1,,7.1569,57.7296108752,24.1972465653
1614,10.062388661666397,0.35393912586913334,0.04209712602898778,0.372,1,1,2.0791,7.4398,57.73598403343,25.58491725369
1616,10.039757661666396,0.3567757490156305,0.04209712602898778,0.376,1,1,,7.2832,57.73930403706,24.10836898081
1617,11.309490661666395,0.19762440715398055,0.04209712602898778,0.207,1,1,0.461,7.2124,57.74244001261,23.9283579453
1619,7.476908661666396,0.6780093133467046,0.04209712602898778,0.677,1,1,5.7885,6.2762,57.75971818178,25.05529120051
1621,10.961147661666395,0.24128654390092863,0.04209712602898778,0.25,1,1,,7.4687,57.7650921351,24.54295656381
1623,8.460080661666396,0.5547762060077583,0.04209712602898778,0.571,1,1,3.4151,7.4345,57.76638978664,22.40454497105
1625,7.9112386616663954,0.6235693623406503,0.04209712602898778,0.631,1,1,,7.2437,57.77331327974,24.73657781007
1628,11.383154661666396,0.18839118690460777,0.04209712602898778,0.199,1,1,0.5784,6.698,57.77967751323,23.34918317805
1629,8.057279661666396,0.6052642374704473,0.04209712602898778,0.615,1,1,,7.0073,57.79406565213,26.58748706099
1630,9.580706661666396,0.41431428871880605,0.04209712602898778,0.436,1,1,,7.6967,57.79812643881,24.38680048679
1632,8.681855661666397,0.5269784021849331,0.04209712602898778,0.544,1,1,4.5971,7.5239,57.80039695024,23.93243025023
1633,10.394450661666395,0.31231768822731176,0.04209712602898778,0.323,1,1,0.5336,7.4946,57.8077996561,25.38630230644
1634,9.127072661666396,0.47117384881062674,0.04209712602898778,0.49,1,1,,9.175,57.81357998178,30.32603097132
1635,8.711216661666397,0.523298224896952,0.04209712602898778,0.54,1,1,0.4479,7.3912,57.81600521946,23.28207232448
1636,10.946838661666398,0.2430800678549394,0.04209712602898778,0.252,1,1,0.4748,7.2879,57.81933478425,21.05953477169
1637,6.690693661666396,0.7765553637697126,0.04209712602898778,0.765,1,1,7.9471,7.332,57.82037107285,23.8263996111
1638,11.652050661666397,0.15468712532533835,0.04209712602898778,0.183,1,1,,7.3115,57.82486427848,26.02265611661
1639,11.500009661666397,0.17374430440785993,0.04209712602898778,0.192,1,1,,7.2742,57.82803686461,26.05415071937
1640,9.688975661666396,0.40074359579988617,0.04209712602898778,0.422,1,1,,7.297,57.82865372341,26.05227743024
1641,9.595424661666396,0.41246949973598857,0.04209712602898778,0.434,1,1,,7.7057,57.82952312548,24.17012515879
1642,10.671594661666397,0.2775798027908418,0.04209712602898778,0.286,1,1,0.9248,7.2822,57.83124732911,23.16358608121
1644,10.252704661666396,0.33008446762386323,0.04209712602898778,0.344,1,1,,8.3535,57.83622132465,19.64372689433
1646,8.213552661666396,0.585676609483504,0.04209712602898778,0.599,1,1,7.5694,7.2076,57.84233121849,25.16592888053
1647,8.267464661666397,0.5789191517010841,0.04209712602898778,0.592,1,1,,7.4306,57.84931304842,22.84127295815
1648,7.324782661666395,0.6970771465305672,0.04209712602898778,0.692,1,1,6.4306,7.2935,57.84954902451,22.11318468184
1649,9.982374661666396,0.36396827015987654,0.04209712602898778,0.384,1,1,4.391,7.2865,57.84963620047,25.09780493761
1650,10.010018661666397,0.36050330571898725,0.04209712602898778,0.38,1,1,,7.5491,57.850752651,26.05300429203
1651,7.3797606616663955,0.6901860737830922,0.04209712602898778,0.687,1,1,,7.474,57.85177827356,24.0871723634
1652,8.065535661666397,0.6042294108742969,0.04209712602898778,0.614,1,1,,7.3708,57.85568054293,23.88917177889
1653,9.576649661666396,0.414822802708702,0.04209712602898778,0.437,1,1,,7.6139,57.85786918508,24.7939525791
1657,7.628637661666396,0.6589912410832238,0.04209712602898778,0.661,1,1,,7.4985,57.87484201908,23.89903557128
1659,11.068962661666397,0.22777275641740724,0.04209712602898778,0.237,1,1,,7.4212,57.89173838719,24.56899130155
1660,11.662382661666395,0.1533920879717261,0.04209712602898778,0.182,1,1,,7.2421,57.89280600087,23.79703272574
1662,6.450656661666397,0.8066421699300981,0.04209712602898778,0.797,1,1,,7.285,57.91274273727,22.75007466973
1664,11.172043661666397,0.21485233970740558,0.04209712602898778,0.224,1,1,,7.3518,57.91303365598,24.59126458527
1665,11.695566661666398,0.14923272680812927,0.04209712602898778,0.18,1,1,,7.5703,57.91338206199,23.85491522238
1666,6.609506661666396,0.7867315346589638,0.04209712602898778,0.775,1,1,,7.4794,57.91375038406,24.54869612564
1667,5.306737661666396,0.9500236870136399,0.04209712602898778,0.982,1,1,3.3701,7.1921,57.9186150567,24.98296292857
1668,5.872260661666395,0.8791396946281339,0.04209712602898778,0.886,1,1,5.4447,7.1539,57.9254692697,21.66816142674
1669,11.231727661666397,0.20737140577273516,0.04209712602898778,0.217,1,1,,7.3367,57.92638266259,24.36131180743
1672,10.506741661666396,0.2982428683014009,0.04209712602898778,0.307,1,1,,7.3155,57.960866818,22.89551471851
1673,10.011447661666397,0.3603241914740867,0.04209712602898778,0.379,1,1,0.8689,7.3553,57.96320232012,23.29460660474
1674,5.709021661666396,0.899600457555579,0.04209712602898778,0.912,1,1,,9.2296,57.96472176891,18.631470861
1676,10.889000661666397,0.2503296197769531,0.04209712602898778,0.259,1,1,0.813,7.5209,57.96492519318,21.82121116296
1677,10.441839661666396,0.30637783871605095,0.04209712602898778,0.316,1,1,1.3131,7.4639,57.9663345193,21.82256456655
1678,6.941836661666397,0.7450765052623252,0.04209712602898778,0.736,1,1,,7.3484,57.9725395874,24.38676162475
1679,10.249691661666397,0.33046212418081566,0.04209712602898778,0.344,1,1,,6.8507,57.97466329458,24.04751222629
1681,11.195324661666398,0.21193424402124061,0.04209712602898778,0.222,1,1,,7.5227,57.97943739629,23.96153929784
1683,7.313642661666396,0.6984734605181053,0.04209712602898778,0.695,1,1,7.3022,7.4842,57.98900797238,23.33922129851
1685,10.827535661666396,0.25803378847031344,0.04209712602898778,0.267,1,1,,7.9066,57.98975312247,25.80851483367
1686,11.254795661666396,0.20448000801110777,0.04209712602898778,0.215,1,1,,7.3231,57.99317072138,23.97188582541
1687,10.216367661666396,0.33463903327603317,0.04209712602898778,0.348,1,1,0.3363,7.267,57.99514722975,24.6677241308
1689,10.411591661666396,0.3101691946850862,0.04209712602898778,0.321,1,1,0.9618,7.2549,57.99722936045,24.66617838451
1691,11.103847661666396,0.22340018788461835,0.04209712602898778,0.233,1,1,0.7129,7.5716,58.00692191346,25.02462381507
1692,11.469250661666397,0.17759971032731103,0.04209712602898778,0.194,1,1,0.5099,7.4098,58.01103965973,25.10400177716
1693,11.557537661666395,0.16653360862014965,0.04209712602898778,0.189,1,1,0.6317,7.3493,58.01500229554,25.02030871801
1695,11.474352661666398,0.17696021356210268,0.04209712602898778,0.194,1,1,,7.5142,58.01871116735,24.24417935611
1700,9.982309661666395,0.36397641741384335,0.04209712602898778,0.39,1,1,,5.1258,58.03400448525,22.15047425149
1701,9.830081661666396,0.38305703551931525,0.04209712602898778,0.405,1,1,,6.3961,58.04464683175,15.67138366595
1702,11.213159661666396,0.2096987628751239,0.04209712602898778,0.22,1,1,0.3228,7.7572,58.04683041912,20.87582287037
1703,11.186466661666397,0.21304452672336027,0.04209712602898778,0.223,1,1,,7.7243,58.047315363,24.93000934343
1704,9.844027661666397,0.38130901084514934,0.04209712602898778,0.403,1,1,,7.546,58.05086694633,26.36901020529
1705,9.456702661666396,0.4298572438095314,0.04209712602898778,0.45,1,1,,7.8865,58.05503782431,26.19580073198
1706,10.165124661666397,0.34106195227633984,0.04209712602898778,0.356,1,1,,7.3606,58.05557458367,26.14343846138
1708,11.136081661666395,0.21935990197130573,0.04209712602898778,0.229,1,1,0.5971,7.4085,58.07318033775,24.45532678087
1710,9.433114661666396,0.4328138196028932,0.04209712602898778,0.453,1,1,1.9941,6.6629,58.0769723289,22.01470944504
1712,9.110226661666395,0.4732853663540799,0.04209712602898778,0.493,1,1,,7.1802,58.08614920432,24.56530417495
1713,8.123783661666396,0.5969284685811083,0.04209712602898778,0.608,1,1,,7.8423,58.09386516372,23.64466308656
1714,9.800196661666396,0.3868028922085054,0.04209712602898778,0.408,1,1,1.8182,7.4197,58.10251694951,21.50610914348
1715,11.292864661666396,0.1997083493763152,0.04209712602898778,0.21,1,1,,7.2083,58.12729393761,19.67758093414
1716,10.035943661666396,0.35725380480992763,0.04209712602898778,0.375,1,1,,7.1881,58.12888489916,24.54417829297
1717,10.198675661666396,0.3368565904634231,0.04209712602898778,0.351,1,1,1.2294,7.3404,58.1308067638,25.25193444539
1718,11.076984661666398,0.22676725993553726,0.04209712602898778,0.236,1,1,,7.438,58.13899601979,23.85173807838
1720,9.558634661666396,0.4170808454811885,0.04209712602898778,0.438,1,1,1.7664,6.9756,58.14369484777,22.50195524648
1721,11.660249661666395,0.15365944324420533,0.04209712602898778,0.183,1,1,0.5157,7.9229,58.1472399385,25.01778865596
1724,11.372675661666396,0.1897046495864223,0.04209712602898778,0.2,1,1,,6.952,58.14931470541,21.35627270811
1725,10.772146661666397,0.26497637693133225,0.04209712602898778,0.273,1,1,1.057,7.5159,58.1622013642,25.84024414509
1728,11.420777661666396,0.18367543096626426,0.04209712602898778,0.197,1,1,0.6929,7.33,58.1802306008,24.46611078052
1731,7.8483906616663965,0.6314468795299497,0.04209712602898778,0.638,1,1,5.0017,7.224,58.18906123797,25.27965990337
1732,10.327279661666395,0.3207370604765869,0.04209712602898778,0.333,1,1,1.1461,7.1492,58.19032854954,21.68868595206
1733,11.225883661666398,0.20810390657553324,0.04209712602898778,0.218,1,1,,6.1915,58.19361349954,24.56127673401
1735,9.884910661666396,0.37618463878477937,0.04209712602898778,0.398,1,1,,6.9747,58.19395106738,30.00109445015
1736,8.537973661666395,0.5450129128810701,0.04209712602898778,0.56,1,1,0.553,7.8634,58.20296923379,21.70759432676
1737,11.525905661666396,0.17049843842749302,0.04209712602898778,0.19,1,1,,8.2339,58.20743167809,32.78168212548
1738,10.373181661666395,0.31498359506761253,0.04209712602898778,0.326,1,1,1.1077,7.4163,58.21556121209,22.52560476915
1741,10.921428661666397,0.24626501744410878,0.04209712602898778,0.255,1,1,,7.249,58.22613014091,25.29521751523
1744,9.789902661666396,0.38809316655210657,0.04209712602898778,0.41,1,1,1.29,7.4253,58.23743741144,22.43351088238
1745,10.623169661666395,0.2836495069960965,0.04209712602898778,0.292,1,1,,7.3751,58.2422548018,21.42400112425
1747,8.337870661666397,0.5700942968890004,0.04209712602898778,0.583,1,1,2.4861,7.295,58.24652162702,24.90134245519
1749,11.164961661666396,0.21574001436267887,0.04209712602898778,0.225,1,1,,7.4208,58.25684895576,22.97990043814
1753,7.7013466616663955,0.6498777227959787,0.04209712602898778,0.653,1,1,,7.2934,58.26896651993,22.80115258652
1756,9.996184661666396,0.3622372920478567,0.04209712602898778,0.381,1,1,,7.3394,58.29240738958,23.05279082596
1757,11.492391661666396,0.17469916257276719,0.04209712602898778,0.192,1,1,,6.5684,58.29513601878,36.2225008902
1758,10.132561661666395,0.34514347582896154,0.04209712602898778,0.362,1,1,,7.7305,58.31550471152,22.87048661723
1761,5.774174661666397,0.8914340262063803,0.04209712602898778,0.901,1,1,4.065,7.2645,58.34887161451,24.06483661401
1762,11.079271661666397,0.22648060193827524,0.04209712602898778,0.236,1,1,,7.3122,58.35055879614,23.79940041424
1764,11.205471661666397,0.21066239500584127,0.04209712602898778,0.22,1,1,0.6341,7.458,58.35214695355,25.03513354258
1765,8.673653661666396,0.5280064602931727,0.04209712602898778,0.545,1,1,,7.5394,58.35353809174,23.4039574236
1766,6.258168661666396,0.8307690718002277,0.04209712602898778,0.826,1,1,,7.3125,58.37032575933,20.90716534012
1767,10.207569661666396,0.33574179543602956,0.04209712602898778,0.351,1,1,,6.9477,58.37823369974,19.90658528223
1768,11.451389661666397,0.17983845037501478,0.04209712602898778,0.195,1,1,0.2773,8.2908,58.38159531373,20.95729172966
1770,11.604250661666395,0.16067849055014327,0.04209712602898778,0.186,1,1,,7.1566,58.39805456753,26.11879868754
1771,9.693840661666396,0.40013380517606434,0.04209712602898778,0.422,1,1,8.5605,7.248,58.42074750844,24.41920320713
1772,8.574250661666396,0.5404658677710232,0.04209712602898778,0.556,1,1,2.7826,7.4351,58.42931576768,20.83327996686
1774,10.820089661666398,0.25896708774780053,0.04209712602898778,0.267,1,1,0.6775,7.7285,58.44830839897,23.74174181738
1776,8.118284661666396,0.5976177262666984,0.04209712602898778,0.609,1,1,,8.6586,58.45175040955,29.47100216535
1777,11.603731661666394,0.160743543239509,0.04209712602898778,0.185,1,1,,8.0056,58.45641197866,34.22715370123
1778,5.483356661666397,0.9278858431927242,0.04209712602898778,0.95,1,1,3.2972,6.2971,58.4595145861,25.96445261928
1780,6.274098661666397,0.8287723678665219,0.04209712602898778,0.823,1,1,6.3353,7.4492,58.47018383729,22.41833148615
1782,8.502585661666396,0.5494485286253248,0.04209712602898778,0.565,1,1,,7.1046,58.47366109674,32.57035078165
1784,8.149820661666396,0.5936649293267517,0.04209712602898778,0.605,1,1,,7.4159,58.48872630466,23.34510508446
1789,6.785259661666396,0.7647022373293595,0.04209712602898778,0.753,1,1,8.1192,7.3675,58.53724258478,24.33348920239
1791,11.378092661666397,0.1890256699750672,0.04209712602898778,0.2,1,1,0.4729,7.4415,58.54794646311,25.31173412692
1792,10.060278661666397,0.3542035982671321,0.04209712602898778,0.371,1,1,,7.5932,58.55428664833,23.34726970628
1795,7.116215661666397,0.7232194283473418,0.04209712602898778,0.715,1,1,7.7415,8.287,58.57848481934,25.49503059561
1796,9.803694661666396,0.3863644446027237,0.04209712602898778,0.41,1,1,,8.1995,58.57893882862,25.49547289867
1798,11.073871661666395,0.2271574507293621,0.04209712602898778,0.237,1,1,1.545,7.405,58.5937315266,23.63651277019
1801,11.643583661666398,0.1557483991612887,0.04209712602898778,0.183,1,1,,7.2185,58.60168673715,22.68889882046
1803,5.450747661666396,0.9319731324943069,0.04209712602898778,0.956,1,1,0.6897,7.3439,58.60525412079,24.35988384413
1804,5.366422661666396,0.9425426277366009,0.04209712602898778,0.971,1,1,4.548,7.4893,58.61605936197,21.38953569124
1805,7.120250661666397,0.7227136718895575,0.04209712602898778,0.716,1,1,3.0576,7.622,58.61658885429,23.83517474603
1807,8.183059661666396,0.5894986743328756,0.04209712602898778,0.602,1,1,4.6203,7.4196,58.61864199674,24.32093019302
1809,9.222876661666396,0.45916554851779856,0.04209712602898778,0.479,1,1,2.7745,7.257,58.64505953991,21.88371044607
1811,11.186224661666397,0.21307485957659034,0.04209712602898778,0.222,1,1,,7.1377,58.65574608992,23.22556459211
1812,10.968721661666397,0.2403372008002449,0.04209712602898778,0.249,1,1,,7.8948,58.65845264627,19.90616835738
1814,8.308063661666395,0.5738303768734305,0.04209712602898778,0.589,1,1,,6.6745,58.70698572232,20.03748525884
1815,7.204291661666396,0.7121797738799801,0.04209712602898778,0.706,1,1,8.798,7.2081,58.71911266638,24.57605411469
1817,10.367227661666396,0.31572988353096987,0.04209712602898778,0.327,1,1,1.182,7.5305,58.74187604266,25.24127596268
1822,10.247117661666396,0.3307847554379004,0.04209712602898778,0.344,1,1,1.828,7.3231,58.78745716584,24.08390113067
1824,10.076291661666396,0.3521964909168227,0.04209712602898778,0.369,1,1,2.4272,7.5834,58.80686451439,19.50449252218
1825,7.270890661666396,0.7038320974656126,0.04209712602898778,0.7,1,1,0.2684,8.8563,58.81567399616,19.62934261378
1830,8.094782661666397,0.6005635226163502,0.04209712602898778,0.612,1,1,3.0184,7.2509,58.87094939326,23.77224230863
1831,10.576155661666396,0.28954235311908727,0.04209712602898778,0.298,1,1,,7.3515,58.87881546681,23.39733058627
1833,5.481677661666396,0.9280962930298048,0.04209712602898778,0.952,1,1,5.5586,8.1486,58.88317904683,21.07926915812
1834,8.406684661666397,0.5614689871279188,0.04209712602898778,0.578,1,1,,7.966,58.89112416065,22.80869447199
1836,8.926185661666397,0.4963535012356335,0.04209712602898778,0.514,1,1,1.4066,6.7393,58.91469673384,21.27260374153
1839,10.485335661666396,0.3009259470462162,0.04209712602898778,0.31,1,1,,5.7864,58.96154462203,22.33905037544
1840,10.570116661666397,0.29029929568378576,0.04209712602898778,0.298,1,1,,8.5775,58.97887763799,20.13172628232
1841,6.8595486616663965,0.755390678099537,0.04209712602898778,0.743,1,1,,7.4872,58.98356165238,23.56706328888
1842,10.120804661666396,0.34661712605799977,0.04209712602898778,0.363,1,1,2.4597,7.1606,58.98515881189,25.29982950142
1843,10.173816661666397,0.33997247640742767,0.04209712602898778,0.355,1,1,0.5959,6.9031,58.98985191625,21.17730735917
1844,10.376306661666396,0.3145919001653632,0.04209712602898778,0.329,1,1,,7.5021,58.9924085402,24.5497697901
1845,10.776717661666396,0.26440343696391433,0.04209712602898778,0.272,1,1,,7.6508,58.99524267627,24.96095042597
1846,11.523954661666394,0.17074298138886546,0.04209712602898778,0.19,1,1,,7.4911,58.99977541862,26.9997742932
1848,9.694154661666396,0.4000944476722865,0.04209712602898778,0.422,1,1,0.4704,7.4022,59.01898059401,21.54496445922
1849,7.455039661666396,0.6807504256082371,0.04209712602898778,0.68,1,1,,7.7503,59.02430756115,22.43926478585
1850,9.866999661666396,0.3784296459509191,0.04209712602898778,0.4,1,1,,7.4013,59.04335596744,23.0397957742
1852,5.920391661666397,0.8731068410792828,0.04209712602898778,0.877,1,1,,7.6082,59.04641371219,22.22098311857
1853,10.175587661666396,0.33975049507242505,0.04209712602898778,0.355,1,1,1.1199,8.1265,59.04727946958,20.57482154817
1856,11.659063661666394,0.15380809929350714,0.04209712602898778,0.181,1,1,0.4688,7.3418,59.06596886788,25.48750428788
1857,9.332506661666397,0.445424264635051,0.04209712602898778,0.465,1,1,1.1343,7.445,59.07754410451,23.96421430173
1858,10.429328661666396,0.3079459970911038,0.04209712602898778,0.318,1,1,0.6128,7.546,59.09302532017,21.12119347943
1859,8.047523661666396,0.6064870776196774,0.04209712602898778,0.616,1,1,3.3228,7.1648,59.09798263642,24.8322173969
1860,11.520904661666396,0.17112527561346047,0.04209712602898778,0.191,1,1,0.6439,6.727,59.09976387689,19.39807692355
1861,8.958496661666397,0.49230356395992936,0.04209712602898778,0.51,1,1,14.5813,7.4222,59.10418014853,23.09059401905
1862,8.784481661666396,0.5141150162526988,0.04209712602898778,0.532,1,1,2.1138,7.1851,59.10811041446,24.2807946072
1864,10.437448661666396,0.3069282170570993,0.04209712602898778,0.32,1,1,,7.2932,59.11935956734,23.1508228605
1865,11.138567661666396,0.21904830084266824,0.04209712602898778,0.229,1,1,0.4551,7.3456,59.1204969959,24.03155863772
1870,11.656494661666397,0.15413010383874792,0.04209712602898778,0.182,1,1,,7.0509,59.16155571518,21.58550841575
1876,9.372679661666396,0.44038888565647194,0.04209712602898778,0.462,1,1,,6.2164,59.19822900207,17.30219764523
1877,10.386617661666396,0.31329949500149357,0.04209712602898778,0.324,1,1,1.0307,6.5591,59.20821178979,19.93026777417
1879,10.963205661666397,0.24102858930610327,0.04209712602898778,0.25,1,1,,7.2966,59.21518684477,26.80722984338
1884,11.271549661666395,0.20238002196557714,0.04209712602898778,0.213,1,1,,7.207,59.29092419571,21.6074067716
1887,10.271169661666397,0.3277700207854526,0.04209712602898778,0.341,1,1,,7.108,59.31203677755,21.51690519776
1888,6.957617661666395,0.7430984773415588,0.04209712602898778,0.734,1,1,7.2904,7.6026,59.32027138426,24.0089900989
1890,9.680342661666396,0.40182567646904377,0.04209712602898778,0.423,1,1,2.6829,6.2994,59.37571143714,25.27954546489
1892,11.205484661666397,0.21066076555504787,0.04209712602898778,0.221,1,1,2.1843,7.7565,59.38781403426,23.94626374388
1893,6.422943661666396,0.8101157829944289,0.04209712602898778,0.8,1,1,7.798,7.2843,59.38888478791,24.05298646073
1894,10.054057661666397,0.3549833531429376,0.04209712602898778,0.373,1,1,0.9594,7.431,59.39702269491,22.98542158336
1895,8.606719661666396,0.536396126401061,0.04209712602898778,0.553,1,1,1.6758,7.1747,59.40037575317,23.93101020342
1898,10.063701661666396,0.35377455133900426,0.04209712602898778,0.371,1,1,1.4233,6.7109,59.41952732014,25.26769486417
1900,11.127010661666397,0.22049688259796252,0.04209712602898778,0.23,1,1,0.5421,7.4584,59.429110157,25.38507611014
1902,5.802661661666397,0.8878633981486604,0.04209712602898778,0.896,1,1,,7.7027,59.45728684853,18.56218163683
1903,11.468547661666395,0.1776878260125212,0.04209712602898778,0.194,1,1,,7.0448,59.46814813376,21.03761161635
1904,11.533867661666395,0.1695004624877463,0.04209712602898778,0.19,1,1,,7.6149,59.49378311108,20.40529738324
1910,11.439102661666396,0.18137853205947452,0.04209712602898778,0.196,1,1,,7.3292,59.53209112589,20.39380158999
1915,5.835978661666395,0.8836873664500243,0.04209712602898778,0.891,1,1,,7.3361,59.59016692869,21.25746893773
1916,11.037641661666395,0.23169860474807913,0.04209712602898778,0.241,1,1,0.6209,7.4771,59.60482777443,24.01612394193
1917,11.670683661666395,0.15235162096898347,0.04209712602898778,0.181,1,1,,8.3078,59.62010473207,33.4468123043
1922,7.3291616616663955,0.6965282722979433,0.04209712602898778,0.693,1,1,,7.041,59.68636537658,27.39527696072
1924,11.653662661666395,0.1544850734269625,0.04209712602898778,0.182,1,1,,6.7358,59.71430762641,30.48009526864
1926,11.246506661666395,0.20551897090542615,0.04209712602898778,0.216,1,1,,7.2979,59.72984749511,38.10652014388
1927,9.586275661666397,0.41361625706740557,0.04209712602898778,0.434,1,1,,7.1489,59.73398455446,23.46476086931
1929,10.957102661666397,0.24179355378239986,0.04209712602898778,0.251,1,1,,7.563,59.73520427824,24.30879712455
1930,9.167187661666397,0.4661457396894333,0.04209712602898778,0.486,1,1,,7.6517,59.73770918945,23.7085348448
1931,9.947382661666396,0.36835425032611857,0.04209712602898778,0.388,1,1,0.7786,7.5706,59.77636182131,25.05540190718
1932,11.483326661666396,0.17583539114521174,0.04209712602898778,0.193,1,1,0.2592,7.0,59.77944268358,22.46327548322
1936,11.460169661666395,0.17873794437765533,0.04209712602898778,0.195,1,1,0.5426,6.8006,59.8038758747,24.28830738829
1938,11.270532661666397,0.20250749515456468,0.04209712602898778,0.212,1,1,0.3727,6.1681,59.81940235308,19.74077030672
1939,11.361332661666395,0.19112640807481052,0.04209712602898778,0.201,1,1,,7.485,59.8291753383,23.52319566705
1941,8.355949661666395,0.567828232204916,0.04209712602898778,0.582,1,1,1.8839,7.4606,59.84548312184,22.57116993056
1943,11.388002661666395,0.18778352710105461,0.04209712602898778,0.199,1,1,0.9536,7.9216,59.86223074757,21.80505089232
1944,7.429803661666396,0.683913565625249,0.04209712602898778,0.682,1,1,0.4423,7.3966,59.86478039091,23.12358794122
1945,11.438074661666395,0.1815073840145187,0.04209712602898778,0.196,1,1,,6.6606,59.8684839179,19.51132747575
1949,10.140843661666397,0.34410539033122434,0.04209712602898778,0.36,1,1,0.7319,7.9536,59.88117801955,21.27163617703
1950,10.062953661666397,0.35386830743080666,0.04209712602898778,0.372,1,1,4.0454,6.614,59.91603376061,21.90757315383
1959,11.550180661666396,0.16745575242682076,0.04209712602898778,0.189,1,1,0.5733,6.6657,59.99946689449,22.09136400755
1960,11.034189661666396,0.23213128660489968,0.04209712602898778,0.241,1,1,,8.9447,60.01107622164,20.03486033318
1961,10.456656661666395,0.3045206408387302,0.04209712602898778,0.313,1,1,,8.9576,60.01358018036,20.03640661284
1963,11.646057661666397,0.1554383021410759,0.04209712602898778,0.183,1,1,,7.7714,60.03762711608,24.05693100136
1964,11.120477661666396,0.22131574429280887,0.04209712602898778,0.234,1,1,,,60.0433283,22.0371145
1966,10.939230661666397,0.2440336725961596,0.04209712602898778,0.253,1,1,,6.1164,60.05882748969,24.81415528411
1968,10.076317661666396,0.3521932320152359,0.04209712602898778,0.372,1,1,2.7078,6.4502,60.06614663316,25.0294035246
1969,10.638082661666395,0.2817802762513786,0.04209712602898778,0.29,1,1,0.4124,7.3261,60.10899434708,23.43803403904
1972,11.178423661666397,0.2140526553949733,0.04209712602898778,0.224,1,1,,7.1647,60.14102191894,30.67145880987
1974,11.572479661666396,0.16466074294673883,0.04209712602898778,0.187,1,1,,6.0116,60.1575849257,32.28825745604
1975,9.283349661666396,0.45158571945420833,0.04209712602898778,0.471,1,1,,7.2465,60.16353910345,26.73850580232
1976,11.582510661666397,0.16340343364611076,0.04209712602898778,0.187,1,1,0.1296,7.7733,60.16778031372,23.44816967273
1977,11.398983661666396,0.1864071425501428,0.04209712602898778,0.198,1,1,,6.9126,60.19008341114,20.62490184326
1981,9.246902661666397,0.45615407276693754,0.04209712602898778,0.476,1,1,5.3682,7.5738,60.26727827623,20.37238261481
1982,10.711382661666395,0.27259268062422004,0.04209712602898778,0.288,1,1,,7.3153,60.26729828995,20.37264470393
1986,10.430726661666396,0.3077707684596336,0.04209712602898778,0.317,1,1,,7.2131,60.3004121332,23.90346347835
1987,10.475744661666395,0.30212810570460746,0.04209712602898778,0.311,1,1,1.5063,7.0617,60.30838261208,23.17485611565
1989,11.628479661666397,0.15764157029843195,0.04209712602898778,0.187,1,1,,7.5506,60.32503373539,34.4739037431
1990,11.251798661666395,0.2048556590901609,0.04209712602898778,0.215,1,1,,7.6831,60.34956501693,19.14215030857
1992,10.701497661666394,0.27383168993901497,0.04209712602898778,0.282,1,1,1.1983,7.4739,60.35862100282,21.58559650641
1997,11.141580661666396,0.2186706442857158,0.04209712602898778,0.228,1,1,,6.701,60.4413194549,25.41920598186
1998,10.732065661666397,0.270000224411989,0.04209712602898778,0.278,1,1,0.5601,8.0039,60.4549383236,22.16793887586
2000,10.939842661666397,0.24395696306650305,0.04209712602898778,0.253,1,1,0.5678,7.2051,60.48279665891,24.73387201073
2005,9.022502661666396,0.48428090030765225,0.04209712602898778,0.503,1,1,,6.7798,60.57868159523,33.69884300846
2009,11.430497661666397,0.1824571031423079,0.04209712602898778,0.196,1,1,,9.3611,60.6830624158,19.11040225761
2010,11.598987661666396,0.16133816743671536,0.04209712602898778,0.186,1,1,,6.5106,60.69869581001,34.07694270553
2011,10.451334661666396,0.30518771292505686,0.04209712602898778,0.315,1,1,,6.8376,60.7060534745,29.88307432892
2012,10.381173661666397,0.31398185885680396,0.04209712602898778,0.325,1,1,1.1256,7.0922,60.70828661508,23.51060557359
2014,8.756787661666396,0.5175862478120239,0.04209712602898778,0.534,1,1,,6.1228,60.72346696075,25.59437022873
2019,10.816857661666397,0.259372194283503,0.04209712602898778,0.268,1,1,,8.6804,60.85423790886,28.53979270024
2021,5.657202661666396,0.9060955737602684,0.04209712602898778,0.92,1,1,,6.2182,60.86462545659,20.37489441621
2023,9.500521661666395,0.42436486655460026,0.04209712602898778,0.445,1,1,,6.7156,60.91948901843,25.35947766915
2025,11.578297661666397,0.16393150104552712,0.04209712602898778,0.187,1,1,0.3081,7.8599,60.95658084758,23.72035835875
2028,5.509390661666396,0.924622679965474,0.04209712602898778,0.96,1,1,,7.3706,60.97297719045,19.07066631309
2029,10.120504661666397,0.3466547287686157,0.04209712602898778,0.363,1,1,,7.4237,60.97654203648,19.07299588889
2031,8.950084661666397,0.49335794396559995,0.04209712602898778,0.517,1,1,3.4652,7.8986,61.03522267254,20.46912489447
2037,11.214763661666396,0.20949771371569725,0.04209712602898778,0.219,1,1,,9.0617,61.12482898099,32.23300332625
2038,11.195293661666398,0.21193812963467096,0.04209712602898778,0.221,1,1,0.7516,7.308,61.14502945133,22.04606676888
2039,11.036754661666397,0.2318097834291335,0.04209712602898778,0.241,1,1,,6.8044,61.14600151128,24.47584027129
2041,11.092231661666396,0.2248561648396672,0.04209712602898778,0.235,1,1,,7.2055,61.1902342844,24.6885926961
2044,7.7551676616663965,0.6431316711691122,0.04209712602898778,0.649,1,1,,7.5372,61.21804759023,17.46428114179
2046,11.257910661666397,0.2040895665325455,0.04209712602898778,0.214,1,1,0.2252,7.3118,61.30723114703,22.30491933601
2048,10.033685661666397,0.3575368278784967,0.04209712602898778,0.376,1,1,,6.2149,61.32480127488,32.47532014471
2052,10.072593661666396,0.35266000699634836,0.04209712602898778,0.377,1,1,,7.918,61.40085514763,33.18973921439
2058,7.604144661666396,0.6620612517202769,0.04209712602898778,0.664,1,1,,8.5549,61.49877124302,32.32212549722
2059,10.666925661666397,0.2781650263103943,0.04209712602898778,0.285,1,1,,7.2008,61.52127091837,18.06905405568
2063,10.257623661666395,0.3294679085121308,0.04209712602898778,0.343,1,1,,6.7837,61.58162387137,27.13931725306
2064,10.970531661666396,0.24011033111286229,0.04209712602898778,0.248,1,1,,6.944,61.6193270151,20.04364486222
2071,10.514966661666396,0.29721192731868085,0.04209712602898778,0.306,1,1,,5.864,61.70653586788,23.15091615426
2073,8.817270661666395,0.5100051653247466,0.04209712602898778,0.528,1,1,1.4102,7.3352,61.73353518258,22.03444817318
2074,11.308702661666395,0.19772317694053165,0.04209712602898778,0.208,1,1,,7.3383,61.74948743513,23.23460864543
2075,8.793433661666397,0.5129929513679194,0.04209712602898778,0.53,1,1,,7.2461,61.75029441334,23.22875193511
2080,5.7077266616663955,0.8997627759230712,0.04209712602898778,0.913,1,1,,8.1843,61.9751043482,17.84029737967
2086,9.620323661666395,0.4093486000972353,0.04209712602898778,0.44,1,1,,8.1534,62.06537958179,25.63614716951
2087,10.855797661666397,0.25449136244555537,0.04209712602898778,0.263,1,1,,7.0723,62.07257755186,35.54275897125
2089,5.7031586616663965,0.900335339863383,0.04209712602898778,0.913,1,1,,6.5769,62.132261706,20.93790726276
2095,11.652632661666395,0.15461417606674388,0.04209712602898778,0.182,1,1,,7.1736,62.24943726814,17.89473500629
2099,11.241613661666396,0.20613227111557175,0.04209712602898778,0.216,1,1,,7.7134,62.3401590106,17.82879301821
2101,11.059162661666395,0.22900111163086123,0.04209712602898778,0.239,1,1,,6.8883,62.44007718307,20.07770263027
2102,6.6719466616663965,0.7789051571561019,0.04209712602898778,0.767,1,1,,7.6379,62.44278922343,33.87088394499
2103,7.014957661666395,0.7359113459191676,0.04209712602898778,0.728,1,1,,7.7174,62.45814920161,11.73244472045
2107,10.688535661666396,0.2754563777223604,0.04209712602898778,0.288,1,1,,8.2819,62.51161241426,22.26007240978
2108,8.781663661666396,0.5144682310477511,0.04209712602898778,0.532,1,1,6.7602,6.9704,62.51594175616,23.81203465673
2113,11.228676661666395,0.20775382533969933,0.04209712602898778,0.218,1,1,,6.1151,62.65452972984,20.58540315143
2124,7.446634661666396,0.6818039282173267,0.04209712602898778,0.68,1,1,,7.7668,62.98296179002,17.37427096366
2125,9.301379661666395,0.4493257965461912,0.04209712602898778,0.469,1,1,,6.6145,63.05830636781,33.54856898944
2127,10.841591661666396,0.2562719761355885,0.04209712602898778,0.276,1,1,,6.8957,63.09449288782,37.27768536267
2131,7.547192661666395,0.6691997503036049,0.04209712602898778,0.671,1,1,,6.1407,63.19661559382,22.38667546423
2139,11.400743661666397,0.18618653998119594,0.04209712602898778,0.198,1,1,,7.2119,63.39318748895,16.01257125895
2146,10.264306661666396,0.3286302454619765,0.04209712602898778,0.342,1,1,,6.1314,63.65469957512,20.41021229318
2148,10.535072661666396,0.2946917936532014,0.04209712602898778,0.302,1,1,,8.5763,63.69098760838,33.07601004714
2152,8.444406661666395,0.556740822295072,0.04209712602898778,0.57,1,1,,6.2505,63.85036666828,28.11848818145
2156,11.381971661666395,0.18853946692680346,0.04209712602898778,0.199,1,1,,6.0465,63.89443173864,18.33083688524
2158,10.947969661666395,0.24293830563591778,0.04209712602898778,0.253,1,1,,6.9101,63.92415947629,13.44316832074
2159,11.241874661666397,0.2060995567573356,0.04209712602898778,0.216,1,1,,8.8387,64.01364673618,16.13779639447
2163,8.191065661666396,0.5884951833289052,0.04209712602898778,0.601,1,1,,7.0597,64.08373648645,24.6136908113
2167,11.682548661666395,0.1508644337641234,0.04209712602898778,0.18,1,1,,6.3521,64.11597946749,16.85774592108
2169,7.3154816616663965,0.6982429559020296,0.04209712602898778,0.694,1,1,,6.5251,64.12849833019,23.52349151164
2170,10.304536661666397,0.32358772196838026,0.04209712602898778,0.336,1,1,,8.0437,64.13030406395,17.94174780518
2187,10.264480661666395,0.32860843588981936,0.04209712602898778,0.342,1,1,,6.8566,64.86203136792,21.70312128186
2190,6.804665661666396,0.7622698433219838,0.04209712602898778,0.751,1,1,,7.2287,65.03336018535,15.27714606453
2193,10.331356661666396,0.3202260396393164,0.04209712602898778,0.333,1,1,,8.7782,65.23991866288,31.59113860755
2197,8.529911661666397,0.5460234230576886,0.04209712602898778,0.561,1,1,,7.9186,65.47946479218,22.76207003855
2199,10.673183661666396,0.2773806337669462,0.04209712602898778,0.293,1,1,,6.7122,65.65820968551,31.33081441464
2202,10.749300661666396,0.2678399486871039,0.04209712602898778,0.281,1,1,,5.4794,65.7305131039,34.09657200047
2203,8.773063661666397,0.5155461754187409,0.04209712602898778,0.532,1,1,,7.1211,65.9429809599,33.53169871481
2204,8.288852661666397,0.5762383291189057,0.04209712602898778,0.59,1,1,,7.125,65.94872246366,33.52521304873
2206,10.390366661666397,0.3128295864611632,0.04209712602898778,0.323,1,1,,6.7958,66.02524850011,22.88084719602
2207,11.649235661666395,0.1550399640932849,0.04209712602898778,0.183,1,1,,7.1936,66.05362366255,23.51120124556
2211,8.514969661666395,0.5478962887310994,0.04209712602898778,0.563,1,1,,6.5324,66.19731183619,28.38611211879
2214,6.461805661666396,0.8052447278612415,0.04209712602898778,0.796,1,1,,7.2671,66.33731167993,23.67679655022
2215,11.088711661666395,0.2252973699775609,0.04209712602898778,0.234,1,1,,7.7161,66.46268831788,33.63896997643
2218,11.633295661666395,0.15703792145067785,0.04209712602898778,0.185,1,1,,8.646,66.54362887477,21.82010884592
2219,7.831816661666396,0.6335243039491112,0.04209712602898778,0.639,1,1,,8.531,66.58203688352,33.85842049317
2221,11.688974661666396,0.15005898370272996,0.04209712602898778,0.182,1,1,,9.2251,66.626369127,15.47935753598
2222,11.463237661666398,0.17835339399042294,0.04209712602898778,0.194,1,1,,8.2191,66.63109941577,30.21175467438
2223,7.719912661666395,0.6475506163783276,0.04209712602898778,0.651,1,1,,8.5053,66.64967498072,33.93128505603
2227,9.801063661666396,0.38669422037482537,0.04209712602898778,0.408,1,1,,7.0353,66.93833646834,33.49695914001
2235,9.533529661666396,0.4202275656478982,0.04209712602898778,0.441,1,1,,7.161,67.43861035682,28.37331301316
2241,11.125259661666394,0.22071635708559123,0.04209712602898778,0.23,1,1,,7.4348,67.63195899051,23.60345706343
2249,8.575431661666396,0.540317838433565,0.04209712602898778,0.556,1,1,,6.6769,68.41373003245,30.68536383615
2255,11.198207661666395,0.2115728819722218,0.04209712602898778,0.221,1,1,,6.6705,68.83153794227,27.46013972805
2256,10.198884661666396,0.3368303939083608,0.04209712602898778,0.351,1,1,,7.3613,68.86768006462,28.31275798266
2258,10.409618661666396,0.3104164951785704,0.04209712602898778,0.321,1,1,,6.8686,69.21868689122,27.68036623997
2263,10.473444661666395,0.3024163931526629,0.04209712602898778,0.311,1,1,,7.9312,69.58118172158,28.03856995299
2267,11.527977661666394,0.17023872903950577,0.04209712602898778,0.19,1,1,,8.0853,70.12385938897,17.27141314251
2270,11.474338661666398,0.1769619683552648,0.04209712602898778,0.193,1,1,,8.7015,70.67876888127,23.28309917658
2274,11.585165661666394,0.16307064965716012,0.04209712602898778,0.186,1,1,,8.4576,70.96988570255,23.60297214983
2276,9.651773661666397,0.4054065826009985,0.04209712602898778,0.427,1,1,,7.207,71.03064642234,26.6112601173
2280,9.783083661666396,0.38894787616440674,0.04209712602898778,0.411,1,1,,7.1188,71.75835626982,25.55774553627
