recno,EPIC,RAJ2000,DEJ2000,Vmago,Ksmag,(V-Ks)o,VmKsu,E(V-Ks),Ksmag0,(V-Ks)0,Per1,Per2,Per3,Per4,Memb,Disk,Simbad,single,PSS,Vmag,Gmag,Teff,AG,logL,Mass_calc,Mass_e
379,204448136,16 09 08.81,-22 17 47.0,,12.07,,6.12,0.04,12.07,6.08,0.3899,,,,"USco,silver",no,Simbad,1,0.999996,18.189999,10.865275238465816,,,-2.2118316156418114,,0.013866982803217402
380,204328391,16 09 09.38,-22 45 59.2,,10.53,,5.41,0.7,10.44,4.71,5.4266,,,,"USco,gold",no,Simbad,1,0.996487,15.849999,8.909670238465814,3488.1,0.8307,-1.317584155038534,0.28242857142857136,0.013866982803217402
381,205034152,16 09 13.38,-19 43 28.4,,10.6,,5.59,0.42,10.54,5.17,3.62,,,,"USco,gold",no,Simbad,1,0.996487,16.130001,9.136213238465816,3458.3,0.9608,-1.404724298767895,0.26823809523809533,0.013866982803217402
382,202539362,16 09 13.64,-29 18 15.6,9.11,8.07,1.04,1.04,0.03,8.06,1.01,0.5689,,,,"USco,gold",no,Simbad,1,0.999392,9.1,3.513153238465815,6786.7,0.1421,1.3072820666296232,1.474108280254777,0.013866982803217402
383,205056060,16 09 15.80,-19 37 06.4,,11.46,,5.9,0.14,11.44,5.76,1.7251,,,,"USco,gold",no,Simbad,1,0.999974,17.34,10.164566238465817,3370.6,1.0116,-1.669383341241523,0.22647619047619044,0.013866982803217402
384,204093677,16 09 16.88,-23 41 32.5,,10.97,,6.25,0.29,10.94,5.96,0.3628,,,,"USco,gold",no,Simbad,1,0.999996,17.189999,9.856089238465817,3416.7,1.0716,-1.6064247990836824,0.24842857142857133,0.013866982803217402
385,205558283,16 09 20.41,-16 46 40.3,11.4,8.15,3.25,3.25,0.7,8.06,2.55,,,,,"USco,bronze",no,Simbad,1,0.999997,11.31,5.365848238465816,,,,,0.013866982803217402
386,205092303,16 09 20.54,-19 26 32.1,,12.08,,6.94,0.7,11.99,6.24,1.7205,,,,"USco,gold",yes,Simbad,1,0.999998,18.93,11.312237238465816,3003.7,1.5879,-1.9751040366903792,0.10179810725552045,0.013866982803217402
387,204429883,16 09 20.62,-22 22 05.9,15.9,9.5,6.4,6.4,0.66,9.41,5.74,0.3236,0.3286,1.4699,0.3586,"USco,gold",no,Simbad,1,0.999995,15.809999,8.644212238465816,,,,,0.013866982803217402
388,205089268,16 09 20.88,-19 27 25.9,8.04,7.48,0.56,0.56,0.52,7.41,0.04,,,,,"USco,gold",yes,Simbad,1,0.993139,7.97,2.455388238465815,,,1.17180307354387,,0.013866982803217402
389,204602441,16 09 21.36,-21 39 34.4,,11.03,,6.56,0.42,10.97,6.14,,,,,"USco,gold",yes,Simbad,1,0.999979,17.53,10.590403238465814,,,,,0.013866982803217402
390,203581504,16 09 26.93,-25 39 08.4,,11.7,,6.26,0.7,11.61,5.56,0.5917,0.6765,,,"USco,bronze",no,Simbad,1,0.999998,17.869999,10.614756238465816,,,-2.1056839321647822,,0.013866982803217402
391,205203376,16 09 29.19,-18 52 53.7,,8.38,,4.36,0.38,8.33,3.98,11.3478,12.0726,,,"USco,gold",no,Simbad,1,0.999981,12.690001,6.431553238465815,5613.9,2.0255,,,0.013866982803217402
392,204086791,16 09 29.38,-23 43 12.1,,13.22,,7.9,0.64,13.13,7.26,0.5256,0.4435,,,"USco,silver",no,Simbad,1,0.999999,21.03,12.839671238465815,3150.0,2.2379,-2.3045183191911254,0.14794952681388013,0.013866982803217402
393,204517282,16 09 29.69,-22 00 58.2,,9.57,,4.88,0.66,9.49,4.22,5.715,,,,"USco,gold",no,Simbad,1,0.998258,14.37,7.824427238465816,3725.7,0.8461,-0.8434508530728047,0.43104166666666655,0.013866982803217402
394,204756726,16 09 30.18,-20 59 53.6,,12.98,,7.44,0.77,12.89,6.67,1.5928,,,,"USco,gold",yes,Simbad,1,0.999999,20.33,12.374603238465816,2850.8,0.5668,-2.204119976184433,0.1,0.013866982803217402
395,203362293,16 09 30.22,-26 23 41.9,,12.49,,6.25,0.39,12.44,5.86,1.0369,,,,"USco,bronze",no,Simbad,1,0.999996,18.689999,11.331559238465816,,,-2.0118871575500967,,0.013866982803217402
396,203842174,16 09 30.34,-24 43 37.8,,9.5,,5.17,0.75,9.41,4.43,2.4318,,,,"USco,bronze",no,Simbad,2,1e-06,14.58,8.205398238465815,,,,,0.013866982803217402
397,204824603,16 09 31.08,-20 41 46.3,,10.14,,6.36,0.54,10.07,5.82,3.0965,,,,"USco,gold",no,Simbad,1,0.999994,16.43,9.079667238465817,3538.7,1.2815,,,0.013866982803217402
398,204398857,16 09 31.65,-22 29 22.4,,9.15,,5.13,0.63,9.07,4.5,12.8007,,,,"USco,gold",yes,Simbad,2,1e-06,14.2,7.590105238465815,,,,,0.013866982803217402
399,204397879,16 09 32.29,-22 29 35.9,,10.48,,5.67,0.35,10.44,5.31,3.6661,,,,"USco,bronze",yes,Simbad,1,0.999324,16.11,9.091916238465815,,,-1.325047066429193,,0.013866982803217402
400,205164400,16 09 33.77,-19 04 56.5,,9.85,,5.23,0.19,9.83,5.04,13.3686,,,,"USco,gold",no,Simbad,1,0.992964,15.059999,8.202361238465816,3617.9,0.9152,-0.9540123891511278,0.3595512820512821,0.013866982803217402
401,204608292,16 09 35.74,-21 38 05.9,,9.91,,5.29,0.79,9.81,4.5,4.3972,0.8302,,,"USco,gold",no,Simbad,1,0.992964,15.1,8.376632238465815,3618.8,0.8836,-1.4210171507318785,0.36012820512820526,0.013866982803217402
402,204769996,16 09 36.07,-20 56 25.8,,11.68,,6.31,0.51,11.62,5.8,1.7179,,,,"USco,bronze",no,Simbad,1,0.999998,17.93,10.687680238465816,,,-1.8010681361422338,,0.013866982803217402
403,205218826,16 09 36.53,-18 48 01.1,,10.28,,6.95,1.94,10.03,5.01,1.7339,3.3644,,,"USco,gold",yes,Simbad,1,0.999942,16.98,9.473823238465815,,,-1.3767507154572591,,0.013866982803217402
404,204783273,16 09 37.06,-20 52 53.2,,11.98,,6.28,0.19,11.95,6.09,1.1105,,,,"USco,gold",no,Simbad,1,0.999998,18.23,10.937062238465815,,,-1.8840568299189424,,0.013866982803217402
405,204388140,16 09 39.67,-22 31 54.1,,10.74,,5.76,0.3,10.7,5.45,3.7293,,,,"USco,gold",no,Simbad,1,0.999772,16.46,9.358268238465817,,,-1.4756038780509322,,0.013866982803217402
406,204518032,16 09 39.70,-22 00 46.5,,9.3,,4.69,0.49,9.24,4.19,6.5057,,,,"USco,gold",no,Simbad,1,0.999146,13.93,7.355411238465816,6289.2,2.8598,-0.6876110436693231,1.3120265780730898,0.013866982803217402
407,204447221,16 09 40.99,-22 17 59.4,12.56,8.44,4.12,4.12,0.16,8.42,3.96,9.7421,,,,"USco,gold",yes,Simbad,2,1e-06,12.54,6.199779238465816,,,,,0.013866982803217402
408,203844180,16 09 43.53,-24 43 10.0,,12.17,,6.02,0.4,12.12,5.62,0.8422,,,,"USco,bronze",no,Simbad,1,0.99999,18.14,10.895729238465815,3332.9,0.9044,-1.9193734983292128,0.20852380952380958,0.013866982803217402
409,203893268,16 09 45.22,-24 31 18.6,,9.14,,3.98,0.7,9.05,3.28,6.3604,,,,"USco,bronze",no,Simbad,1,0.997667,13.030001,6.804768238465815,4606.8,1.2046,-0.4911606555820089,0.7985393258426967,0.013866982803217402
410,204288433,16 09 46.33,-22 55 34.0,,11.03,,6.08,0.35,10.98,5.72,1.8162,,,,"USco,gold",maybe,Simbad,1,0.999981,17.06,9.814982238465817,3376.6,1.0364,-1.6008456584215822,0.2293333333333333,0.013866982803217402
411,205054287,16 09 46.44,-19 37 36.3,,9.63,,4.7,0.09,9.62,4.6,4.1534,,,,"USco,gold",no,Simbad,1,0.997667,14.32,7.888440238465815,3740.2,0.8587,-0.8185566081672992,0.441111111111111,0.013866982803217402
412,205477423,16 09 46.87,-17 19 44.9,,8.69,,3.55,0.7,8.6,2.85,5.4103,,,,"USco,bronze",no,Simbad,1,0.999999,12.150001,6.113758238465815,,,,,0.013866982803217402
413,203837143,16 09 49.54,-24 44 47.1,,10.07,,4.58,0.36,10.02,4.22,8.9081,,,,"USco,gold",no,Simbad,1,0.992964,14.6,8.210437238465815,3720.4,0.6224,-0.8948305858986296,0.4273611111111112,0.013866982803217402
414,203065387,16 09 51.06,-27 22 42.0,,12.45,,7.45,0.07,12.44,7.38,0.5432,,,,"USco,bronze",no,Simbad,1,0.999999,19.89,11.780325238465814,,,-2.127843732072752,,0.013866982803217402
415,203856109,16 09 51.96,-24 40 20.0,,12.13,,6.95,0.83,12.03,6.12,1.4332,,,,"USco,bronze",yes,Simbad,1,0.999999,18.98,11.380839238465814,,,-1.9408153930640968,,0.013866982803217402
416,204982702,16 09 52.06,-19 58 06.8,,10.46,,6.23,0.09,10.45,6.14,2.403,,,,"USco,bronze",yes,Simbad,1,0.999848,16.68,9.870437238465817,3000.6,0.2173,-1.3883828813677732,0.10082018927444793,0.013866982803217402
417,204614722,16 09 52.16,-21 36 28.1,,11.57,,7.39,0.0,11.57,7.39,0.7016,0.6073,,,"USco,gold",no,Simbad,1,0.999999,18.96,11.146840238465815,,,-1.902742697362628,,0.013866982803217402
418,203849738,16 09 52.87,-24 41 53.5,,10.93,,6.17,0.45,10.87,5.72,0.619,,,,"USco,gold",no,Simbad,1,0.999996,17.04,9.880014238465815,,,-1.5984271444250722,,0.013866982803217402
419,205383125,16 09 53.60,-17 54 47.6,,11.53,,6.72,0.69,11.44,6.04,,,,,"USco,gold",yes,Simbad,1,0.999997,18.16,10.591637238465816,,,-1.7037736979898577,,0.013866982803217402
420,205157836,16 09 54.42,-19 06 55.0,,9.6,,5.02,0.91,9.48,4.11,16.3202,,,,"USco,gold",no,Simbad,1,0.992964,14.5,7.853733238465816,3734.0,0.7946,-0.8735438867229698,0.43680555555555556,0.013866982803217402
421,204472125,16 09 56.95,-22 12 02.9,,12.66,,6.94,0.38,12.62,6.56,0.8158,,,,"USco,gold",no,Simbad,1,0.999999,19.56,11.802945238465814,,,-2.163675879142469,,0.013866982803217402
422,204419255,16 09 58.05,-22 24 34.8,7.71,6.88,0.83,0.83,0.46,6.82,0.37,,,,,"USco,bronze",yes,Simbad,1,0.999698,7.65,2.0931232384658154,9860.5,0.817,1.2309205329210269,1.5,0.013866982803217402
423,204078097,16 09 58.51,-23 45 18.9,,11.62,,7.04,0.74,11.53,6.3,1.4106,,,,"USco,gold",yes,Simbad,1,0.999999,18.57,11.154133238465814,,,-1.843753819140542,,0.013866982803217402
424,204121113,16 09 58.62,-23 34 55.9,,8.93,,4.16,0.0,8.93,4.16,1.6718,,,,"USco,bronze",no,Simbad,1,0.999853,13.09,6.666703238465816,4808.0,1.3643,-0.5023379455078776,0.8513089005235602,0.013866982803217402
425,205366676,16 09 59.32,-18 00 09.2,,10.34,,5.92,0.32,10.3,5.6,3.6874,,,,"USco,gold",yes,Simbad,1,0.999906,16.220001,9.054643238465816,3468.2,1.0247,-1.4230830639207028,0.27295238095238084,0.013866982803217402
426,204538466,16 09 59.89,-21 55 42.8,,13.31,,7.38,0.65,13.22,6.73,0.8738,,,,"USco,gold",no,Simbad,1,0.999999,20.6,12.617899238465814,2877.9,0.5625,-2.410050392993021,0.1,0.013866982803217402
427,204551703,16 10 01.29,-21 52 24.6,,11.71,,6.75,0.23,11.68,6.52,1.7492,1.8095,,,"USco,gold",no,Simbad,1,0.999999,18.43,10.934273238465815,,,-1.8483237709876064,,0.013866982803217402
428,204059992,16 10 01.83,-23 49 43.5,,10.13,,5.79,1.87,9.89,3.92,1.0779,1.433,,,"USco,gold",no,Simbad,1,0.999843,15.68,8.778746238465816,3471.7,0.9809,,,0.013866982803217402
429,203036995,16 10 03.10,-27 28 39.8,,9.84,,5.62,0.29,9.8,5.33,0.9301,0.7757,,,"USco,bronze",no,Simbad,1,0.992964,15.42,8.437375238465815,,,,,0.013866982803217402
430,203036352,16 10 03.93,-27 28 48.2,,11.2,,5.61,0.0,11.2,5.61,0.7104,,,,"USco,gold",no,Simbad,1,0.99968,16.81,9.752990238465816,3418.1,0.9036,-1.5505216057783269,0.24909523809523804,0.013866982803217402
431,204630363,16 10 05.02,-21 32 31.8,13.5,8.95,4.55,4.55,1.25,8.79,3.3,6.6566,,,,"USco,gold",yes,Simbad,1,0.999561,13.34,6.916518238465816,5902.8,2.1753,-0.5585719720893711,1.1779937304075236,0.013866982803217402
432,204649301,16 10 06.08,-21 27 44.0,,13.77,,8.99,1.25,13.61,7.74,,,,,"USco,silver",yes,Simbad,1,0.999999,22.599998,14.003134238465815,,,,,0.013866982803217402
433,205026365,16 10 10.39,-19 45 40.0,,10.41,,5.66,0.35,10.36,5.31,2.0262,,,,"USco,gold",no,Simbad,1,0.997667,16.02,8.956120238465815,3455.2,0.9125,-1.323032193319082,0.26676190476190464,0.013866982803217402
434,205024957,16 10 10.99,-19 46 04.2,,11.38,,6.19,0.47,11.32,5.71,1.6656,,,,"USco,gold",yes,Simbad,1,0.999995,17.51,10.228805238465815,3325.8,1.0835,-1.7176044814903546,0.20514285714285724,0.013866982803217402
435,204212486,16 10 11.64,-23 13 24.0,,9.07,,4.84,0.82,8.97,4.02,25.1229,,,,"USco,bronze",no,Simbad,1,0.992964,13.81,7.293361238465815,,,,,0.013866982803217402
436,202633073,16 10 13.16,-28 56 30.8,,13.14,,7.55,0.38,13.09,7.17,,,,,"USco,silver",no,Simbad,1,0.999999,20.64,12.589117238465814,2786.2,0.7537,,,0.013866982803217402
437,205005589,16 10 14.45,-19 51 37.8,,10.23,,5.68,0.4,10.18,5.29,5.1176,,,,"USco,gold",maybe,Simbad,1,0.992964,15.860001,8.803146238465816,3570.1,0.9978,,,0.013866982803217402
438,205117205,16 10 14.72,-19 19 09.7,,10.03,,5.69,0.83,9.92,4.85,6.2895,,,,"USco,gold",no,Simbad,1,0.996487,15.610001,8.563793238465815,3521.2,0.9845,-1.0440718332471854,0.2981904761904761,0.013866982803217402
439,202515599,16 10 15.41,-29 23 56.2,,12.08,,6.46,0.0,12.08,6.46,0.5851,,,,"USco,bronze",no,Simbad,1,0.999998,18.54,11.049899238465816,,,-2.069050957391668,,0.013866982803217402
440,203756600,16 10 18.88,-25 02 32.5,,11.26,,6.12,0.22,11.24,5.9,,,,,"USco,silver",yes,Simbad,1,0.999979,17.36,10.089117238465816,,,-1.5705707390658228,,0.013866982803217402
441,203756781,16 10 19.19,-25 02 30.3,11.98,8.36,3.61,3.61,0.26,8.33,3.35,18.2246,,,,"USco,gold",no,Simbad,1,0.996487,11.94,5.814358238465815,,,,,0.013866982803217402
442,204133691,16 10 20.85,-23 31 55.8,,11.05,,6.01,0.32,11.01,5.68,0.8106,,,,"USco,gold",no,Simbad,1,0.999996,17.02,9.867905238465816,,,-1.6827726560107488,,0.013866982803217402
443,205040772,16 10 21.51,-19 41 32.1,,9.86,,5.63,0.34,9.82,5.29,1.1189,,,,"USco,silver",no,Simbad,1,0.999971,15.45,8.710731238465815,,,,,0.013866982803217402
444,202915242,16 10 21.53,-27 54 17.6,,11.2,,6.09,0.28,11.16,5.8,1.2661,1.7012,,,"USco,bronze",no,Simbad,1,0.999995,17.25,10.005733238465815,,,-1.6304131009407974,,0.013866982803217402
445,205167008,16 10 21.73,-19 04 06.8,,9.62,,5.16,0.81,9.52,4.35,4.1422,,,,"USco,gold",no,Simbad,1,0.992964,14.68,8.042512238465815,,,-0.9033680136083584,,0.013866982803217402
446,204217309,16 10 23.43,-23 12 17.8,,10.16,,5.91,0.61,10.08,5.3,0.2655,0.4697,,,"USco,gold",no,Simbad,1,0.999772,15.99,8.867053238465815,3482.5,1.0041,,,0.013866982803217402
447,202585030,16 10 24.19,-29 07 29.3,,9.07,,3.9,0.7,8.98,3.2,38.3933,,,,"USco,bronze",no,Simbad,1,0.992964,12.879999,6.676986238465815,,,,,0.013866982803217402
448,205133963,16 10 24.73,-19 14 07.5,,10.33,,5.98,0.92,10.21,5.06,1.575,,,,"USco,silver",no,Simbad,1,0.999591,16.19,9.061934238465817,3576.3,1.1366,-0.9835516889090778,0.3328846153846155,0.013866982803217402
449,203596697,16 10 25.15,-25 35 59.3,,10.8,,6.01,0.7,10.71,5.31,0.5868,,,,"USco,bronze",no,Simbad,1,0.999996,16.720001,9.567166238465814,,,-1.6320852742768308,,0.013866982803217402
450,204242194,16 10 25.35,-23 06 23.4,7.79,7.24,0.55,0.55,0.65,7.16,-0.11,,,,,"USco,silver",no,Simbad,1,0.992964,7.71,2.194388238465815,9925.7,0.5322,0.9632308905595948,1.5,0.013866982803217402
451,204484164,16 10 26.24,-22 09 10.8,,9.02,,5.51,0.78,8.92,4.73,0.8685,,,,"USco,gold",no,Simbad,1,0.996487,14.43,7.643522238465815,,,,,0.013866982803217402
452,204392438,16 10 26.48,-22 30 53.7,,10.47,,5.89,0.56,10.4,5.34,0.925,,,,"USco,gold",no,Simbad,1,0.999697,16.289999,9.167073238465814,3472.8,0.9607,-1.4124012616077253,0.27514285714285724,0.013866982803217402
453,202904813,16 10 26.53,-27 56 29.4,,9.57,,4.36,0.0,9.57,4.36,1.2227,,,,"USco,silver",no,Simbad,2,1e-06,13.93,7.528759238465815,,,-1.575608449603655,,0.013866982803217402
454,205145188,16 10 28.18,-19 10 44.5,,11.79,,7.03,1.17,11.64,5.86,1.7554,,,,"USco,gold",yes,Simbad,1,0.999999,18.67,11.036813238465816,,,-1.8262311772450464,,0.013866982803217402
455,205164892,16 10 28.57,-19 04 46.8,,8.71,,5.24,0.95,8.59,4.3,6.6595,,,,"USco,gold",yes,Simbad,1,0.996487,13.83,7.427192238465816,,,,,0.013866982803217402
456,204464828,16 10 28.87,-22 13 47.8,9.69,7.23,2.46,2.46,0.51,7.16,1.95,2.2616,,,,"USco,gold",no,Simbad,1,0.999939,9.62,3.790874238465815,5836.5,0.7626,,,0.013866982803217402
457,205247191,16 10 30.07,-18 39 06.8,,10.55,,7.35,1.35,10.38,6.0,3.906,,,,"USco,gold",no,Simbad,1,0.999999,17.73,9.966794238465816,,,-1.610302467337859,,0.013866982803217402
458,204487447,16 10 30.68,-22 08 23.2,,11.76,,7.07,1.17,11.61,5.89,2.0221,,,,"USco,bronze",yes,Simbad,1,0.999999,18.68,11.005791238465816,,,-1.890759026902888,,0.013866982803217402
459,203692610,16 10 31.61,-25 16 02.1,,11.6,,5.71,0.42,11.55,5.29,1.821,,,,"USco,bronze",no,Simbad,1,0.999848,17.26,10.205566238465815,3391.3,0.932,-1.651305800885447,0.23633333333333342,0.013866982803217402
460,205137430,16 10 31.95,-19 13 06.0,13.56,8.99,4.57,4.57,0.73,8.9,3.83,12.2019,,,,"USco,gold",no,Simbad,1,0.999739,13.469999,7.117752238465815,4962.2,2.1529,-0.4907840354458511,0.891675392670157,0.013866982803217402
461,204870669,16 10 35.24,-20 29 17.1,,11.71,,6.91,0.54,11.64,6.37,1.3834,,,,"USco,gold",no,Simbad,1,0.999999,18.55,10.864138238465816,,,-1.8944898233511145,,0.013866982803217402
462,205124839,16 10 39.55,-19 16 52.7,,10.27,,5.63,0.23,10.24,5.4,4.7046,,,,"USco,gold",no,Simbad,1,0.998613,15.87,8.969123238465816,3518.9,1.1016,-1.099687511105435,0.29709523809523813,0.013866982803217402
463,204841911,16 10 39.77,-20 37 09.7,,9.95,,5.67,1.24,9.79,4.42,3.5907,,,,"USco,gold",no,Simbad,1,0.99885,15.46,8.615998238465815,3530.6,1.0849,-0.9090369197932492,0.3035897435897435,0.013866982803217402
464,204495624,16 10 42.58,-22 06 21.5,,11.5,,6.44,0.35,11.45,6.1,1.9662,,,,"USco,bronze",yes,Simbad,1,0.999998,17.89,10.449776238465816,3020.3,1.1776,-1.8233300726227908,0.10703470031545748,0.013866982803217402
465,205132185,16 10 42.91,-19 14 40.8,,8.55,,3.23,0.7,8.46,2.53,,,,,"USco,bronze",no,Simbad,1,0.999985,11.690001,5.747357238465815,,,,,0.013866982803217402
466,205106221,16 10 43.91,-19 22 26.1,,9.93,,5.32,0.31,9.89,5.01,5.433,,,,"USco,gold",no,Simbad,1,0.992964,15.210001,8.357966238465815,3556.3,0.8755,-0.9154952060311686,0.32006410256410267,0.013866982803217402
467,202879519,16 10 44.58,-28 01 53.9,,10.77,,6.01,0.0,10.77,6.01,5.0729,,,,"USco,bronze",,Simbad,1,0.999994,16.78,9.532262238465815,3477.2,1.1219,-1.5015516080479088,0.2772380952380952,0.013866982803217402
468,202880081,16 10 44.77,-28 01 46.9,,10.25,,4.93,1.0,10.12,3.93,5.0735,,,,"USco,bronze",,Simbad,2,1e-06,15.049999,8.515003238465816,3558.1,0.7459,-0.9779429844082288,0.3212179487179487,0.013866982803217402
469,205241182,16 10 46.36,-18 41 00.2,,11.27,,6.86,2.86,10.9,4.0,2.0914,,,,"USco,gold",yes,Simbad,1,0.999999,17.76,10.634745238465817,3367.8,1.5092,-1.751046383541229,0.22514285714285723,0.013866982803217402
470,204354278,16 10 47.14,-22 39 49.2,,14.02,,9.5,2.57,13.69,6.93,,,,,"USco,silver",no,Simbad,1,0.999997,23.189999,14.569271238465817,,,,,0.013866982803217402
471,204468732,16 10 49.95,-22 12 51.7,,11.73,,7.17,0.98,11.6,6.19,0.7695,0.4794,,,"USco,bronze",no,Simbad,1,0.999999,18.77,11.030426238465814,,,-1.8709549386408115,,0.013866982803217402
472,204530046,16 10 50.10,-21 57 48.5,,10.79,,6.28,1.05,10.66,5.24,1.9662,,,,"USco,bronze",yes,Simbad,1,0.999944,16.94,9.617205238465814,3390.0,0.9711,-1.5111673526998128,0.2357142857142857,0.013866982803217402
473,205054397,16 10 52.39,-19 37 34.7,,10.73,,6.11,0.54,10.66,5.56,1.8094,,,,"USco,gold",yes,Simbad,1,0.999987,16.77,9.551493238465817,,,-1.5191310708892685,,0.013866982803217402
474,204902065,16 10 52.59,-20 20 42.4,,11.08,,5.16,0.65,11.0,4.51,,,,,"USco,bronze",no,Simbad,1,0.992964,16.16,9.374001238465816,3652.3,0.9784,-1.3540867223336843,0.3816025641025642,0.013866982803217402
475,204230492,16 10 54.27,-23 09 11.3,,12.12,,9.91,0.31,12.08,9.6,0.3508,,,,"USco,gold",no,Simbad,1,0.999996,21.99,10.977743238465816,,,-2.0599818583216787,,0.013866982803217402
476,204655153,16 10 54.99,-21 26 14.1,,11.78,,6.94,0.6,11.7,6.34,0.52,,,,"USco,gold",no,Simbad,1,0.999999,18.64,11.120483238465816,,,-1.9219058372020608,,0.013866982803217402
477,204060981,16 10 56.18,-23 49 29.2,,9.47,,5.8,0.6,9.4,5.2,0.3996,0.3802,,,"USco,bronze",no,Simbad,1,0.999324,15.2,8.125751238465815,,,,,0.013866982803217402
478,204501712,16 10 56.91,-22 04 51.5,,11.4,,6.3,0.52,11.33,5.79,2.0304,,,,"USco,bronze",yes,Simbad,1,0.999998,17.630001,10.313749238465816,3380.1,1.1396,-1.7253803621613792,0.23099999999999996,0.013866982803217402
479,203716047,16 10 57.91,-25 11 10.3,,9.93,,5.4,0.26,9.9,5.14,0.8548,1.4424,,,"USco,bronze",no,Simbad,1,0.999324,15.299999,8.761792238465816,,,,,0.013866982803217402
480,204117263,16 11 02.10,-23 35 50.7,,10.95,,6.11,0.35,10.91,5.75,0.6423,,,,"USco,gold",no,Simbad,1,0.99999,17.02,9.750511238465815,,,-1.596879481177452,,0.013866982803217402
481,203912136,16 11 03.61,-24 26 42.9,,13.7,,8.68,1.43,13.52,7.25,,,,,"USco,silver",yes,Simbad,1,0.999999,22.2,13.801066238465816,,,-2.463441572073984,,0.013866982803217402
482,204127977,16 11 04.79,-23 33 16.6,,9.66,,4.08,0.12,9.64,3.96,4.8715,,,,"USco,gold",no,Simbad,1,0.998613,13.72,7.519099238465815,4593.9,1.4135,-0.7062839715657481,1.1,0.013866982803217402
483,204584635,16 11 05.67,-21 44 03.3,14.42,9.24,5.19,5.19,0.76,9.14,4.42,6.6695,,,,"USco,gold",no,Simbad,2,1e-06,14.33,7.786656238465815,,,,,0.013866982803217402
484,204401119,16 11 07.37,-22 28 50.4,,11.33,,6.81,0.0,11.33,6.81,1.791,1.6487,,,"USco,gold",yes,Simbad,1,0.999999,18.14,10.649048238465816,,,-1.6817279072994198,,0.013866982803217402
485,203754361,16 11 07.43,-25 03 01.8,,9.62,,5.43,0.34,9.58,5.09,2.2213,0.6942,,,"USco,bronze",no,Simbad,1,0.992964,15.01,8.050002238465815,,,-0.7252880706832983,,0.013866982803217402
486,204233574,16 11 08.89,-23 08 28.3,,9.95,,5.17,0.0,9.95,5.17,1.391,,,,"USco,bronze",no,Simbad,2,1e-06,15.12,8.310603238465815,3512.1,0.6726,-1.5269511814284615,0.2938571428571428,0.013866982803217402
487,204561327,16 11 09.19,-21 49 56.4,,11.6,,6.37,0.75,11.5,5.63,0.946,,,,"USco,bronze",no,Simbad,1,0.999999,17.869999,10.685677238465814,,,-1.8797551939834567,,0.013866982803217402
488,205068630,16 11 10.94,-19 33 32.4,,11.24,,6.47,1.24,11.08,5.23,2.0068,,,,"USco,silver",yes,Simbad,1,0.999997,17.55,10.202015238465815,3417.7,1.1867,-1.7228494015978686,0.24890476190476182,0.013866982803217402
489,205088645,16 11 12.36,-19 27 37.7,,11.67,,7.29,1.21,11.51,6.08,,,,,"USco,gold",yes,Simbad,1,0.999996,18.8,11.016358238465816,3145.5,1.2638,-1.8227521646307645,0.1465299684542587,0.013866982803217402
490,204908189,16 11 13.30,-20 19 03.2,,9.56,,5.15,3.33,9.13,1.81,,,,,"USco,gold",yes,Simbad,1,0.999905,14.280001,8.384167238465816,5801.0,2.1063,-1.03409308288081,1.2,0.013866982803217402
491,204907231,16 11 13.94,-20 19 19.1,,10.41,,6.13,0.68,10.32,5.45,7.8027,,,,"USco,gold",no,Simbad,1,0.999949,16.45,9.240636238465816,3416.7,1.142,,,0.013866982803217402
492,205375290,16 11 15.34,-17 57 21.4,,9.2,,4.89,0.61,9.12,4.28,6.016,,,,"USco,gold",yes,Simbad,1,0.997667,14.01,7.3478442384658145,,,-0.6766035180036161,,0.013866982803217402
493,204217530,16 11 15.96,-23 12 14.6,9.01,7.77,1.24,1.24,0.29,7.73,0.95,0.2259,0.4245,0.6096,0.2812,"USco,gold",yes,Simbad,1,0.999591,8.97,3.3308852384658145,7271.8,0.4417,0.8410032504518261,1.5,0.013866982803217402
494,203278103,16 11 16.85,-26 39 33.4,,11.42,,5.53,0.0,11.42,5.53,1.698,,,,"USco,gold",no,Simbad,1,0.999806,16.95,9.920108238465817,3370.6,0.827,-1.6781945058769103,0.22647619047619044,0.013866982803217402
495,204467584,16 11 17.04,-22 13 08.9,,10.58,,6.35,1.36,10.4,4.99,2.0726,,,,"USco,gold",yes,Simbad,1,0.999964,16.75,9.489837238465816,3467.5,1.1456,-1.4569257706892536,0.2726190476190476,0.013866982803217402
496,204450240,16 11 17.11,-22 17 17.3,,13.25,,8.07,0.7,13.16,7.37,0.3625,,,,"USco,silver",yes,Simbad,1,0.999999,21.23,12.995446238465814,2690.1,0.5088,-2.125518169435311,0.1,0.013866982803217402
497,203851946,16 11 17.44,-24 41 20.5,,10.44,,5.41,0.19,10.41,5.22,1.9135,,,,"USco,gold",no,Simbad,1,0.992964,15.82,8.882821238465816,,,-1.367036825624928,,0.013866982803217402
498,205374937,16 11 18.12,-17 57 28.9,15.36,9.33,6.03,6.03,0.57,9.26,5.46,0.6345,0.5436,,,"USco,gold",no,Simbad,1,0.999798,15.290001,8.100317238465815,,,,,0.013866982803217402
499,205355375,16 11 18.20,-18 03 58.5,,11.76,,6.98,0.22,11.73,6.76,1.1569,,,,"USco,gold",no,Simbad,1,0.999999,18.71,11.133883238465817,,,-1.9030899805204515,,0.013866982803217402
500,203759570,16 11 18.46,-25 01 55.0,,11.31,,5.8,0.22,11.29,5.58,1.8105,,,,"USco,bronze",no,Simbad,1,0.999893,17.09,9.968149238465816,3423.8,1.011,-1.589391466070345,0.25180952380952387,0.013866982803217402
501,204187094,16 11 19.06,-23 19 20.4,,10.7,,7.4,0.49,10.63,6.91,2.4407,,,,"USco,gold",yes,Simbad,1,0.999994,18.03,10.241767238465815,3346.3,1.3074,-1.5127201758526736,0.214904761904762,0.013866982803217402
502,204296945,16 11 23.98,-22 53 32.8,,10.65,,5.21,0.37,10.6,4.85,11.8925,,,,"USco,gold",no,Simbad,1,0.992964,15.81,8.995633238465816,3515.4,0.797,-1.2839131482956472,0.2954285714285715,0.013866982803217402
503,203318214,16 11 26.02,-26 31 55.9,,9.57,,5.21,0.49,9.5,4.71,4.1841,,,,"USco,gold",yes,Simbad,1,0.992964,14.71,7.987614238465815,,,,,0.013866982803217402
504,204099713,16 11 26.29,-23 40 06.3,,12.47,,6.85,0.57,12.4,6.28,1.7984,,,,"USco,gold",no,Simbad,1,0.999998,19.25,11.620171238465815,,,-2.0629838821359097,,0.013866982803217402
505,205249328,16 11 31.34,-18 38 25.9,12.63,5.78,6.85,6.85,2.86,5.42,3.99,,,,,"USco,silver",yes,Simbad,1,0.999735,12.27,6.475815238465815,,,,,0.013866982803217402
506,204365837,16 11 31.80,-22 37 08.5,,11.85,,6.61,0.3,11.82,6.31,1.7422,,,,"USco,gold",no,Simbad,1,0.999999,18.43,10.884938238465814,,,-1.9226320878381908,,0.013866982803217402
507,203686287,16 11 32.85,-25 17 20.8,,10.83,,5.54,0.0,10.83,5.54,2.7112,,,,"USco,bronze",no,Simbad,1,0.997667,16.369999,9.352585238465815,3527.7,0.9208,-1.437707141926367,0.3017307692307691,0.013866982803217402
508,204439854,16 11 34.69,-22 19 44.4,,12.33,,6.92,0.73,12.23,6.18,1.184,,,,"USco,gold",no,Simbad,1,0.999999,19.15,11.464113238465814,,,-2.0803989546754,,0.013866982803217402
509,204074274,16 11 37.60,-23 46 15.0,,11.21,,5.98,0.41,11.16,5.57,1.8029,,,,"USco,gold",no,Simbad,1,0.999976,17.14,9.949440238465815,3375.5,1.0228,-1.6080069175685503,0.22880952380952382,0.013866982803217402
510,204478864,16 11 37.84,-22 10 27.6,,10.13,,5.32,0.69,10.04,4.63,2.206,,,,"USco,gold",no,Simbad,1,0.998258,15.360001,8.598916238465815,,,-0.9662948444888876,,0.013866982803217402
511,204239143,16 11 38.36,-23 07 07.5,,12.78,,7.31,0.7,12.69,6.61,0.7202,,,,"USco,gold",no,Simbad,1,0.999999,20.0,12.106009238465816,,,-2.188424995347805,,0.013866982803217402
512,204220275,16 11 40.39,-23 11 34.9,,11.62,,7.68,0.71,11.53,6.97,1.3318,,,,"USco,silver",no,Simbad,1,0.999773,19.21,11.630530238465816,,,,,0.013866982803217402
513,203645396,16 11 42.60,-25 25 51.4,,11.26,,7.37,0.7,11.17,6.67,0.6287,0.4928,,,"USco,bronze",no,Simbad,1,0.999999,18.54,10.831145238465815,,,-1.8279811770924428,,0.013866982803217402
514,203641931,16 11 43.86,-25 26 35.0,,8.74,,3.03,2.77,8.39,0.26,8.8994,,,,"USco,gold",no,Simbad,1,0.999881,11.42,5.747542238465815,,,-0.1659037132303176,,0.013866982803217402
1250,203981255,16 29 24.32,-24 09 01.0,,10.09,,8.7,3.81,9.6,4.89,,,,,"ROph,bronze",no,Simbad,1,1.0,18.3,10.205604238465815,5221.0,4.0688,,,0.013866982803217402
515,204292655,16 11 45.29,-22 54 33.2,,11.81,,6.82,0.7,11.72,6.12,1.558,1.708,,,"USco,bronze",no,Simbad,1,0.999999,18.54,11.091023238465816,,,-1.977159382406383,,0.013866982803217402
516,205086621,16 11 45.33,-19 28 13.4,,11.81,,7.26,0.99,11.69,6.27,1.7416,,,,"USco,gold",yes,Simbad,1,0.999999,18.95,11.146491238465815,3005.7,1.6871,-1.8661418814726205,0.10242902208201887,0.013866982803217402
517,205155253,16 11 46.12,-19 07 42.9,,11.15,,7.06,1.11,11.01,5.95,1.7852,,,,"USco,gold",yes,Simbad,1,0.999999,18.07,10.410732238465815,3368.3,1.4866,-1.737311673313769,0.22538095238095246,0.013866982803217402
518,204345402,16 11 47.52,-22 41 55.1,,11.08,,5.63,0.58,11.0,5.05,2.7907,,,,"USco,bronze",no,Simbad,1,0.992964,16.630001,9.623662238465815,3412.8,0.92,-1.489187013616868,0.24657142857142866,0.013866982803217402
519,205019241,16 11 49.20,-19 47 43.3,,10.82,,6.46,0.57,10.75,5.89,0.92,,,,"USco,bronze",no,Simbad,1,0.999998,17.21,9.811391238465816,3428.1,1.2292,-1.592609089247742,0.25385714285714284,0.013866982803217402
520,204932990,16 11 50.91,-20 12 10.1,,10.4,,5.91,0.92,10.28,4.99,2.312,,,,"USco,gold",yes,Simbad,1,0.999146,16.189999,9.090475238465816,3557.5,1.0558,,,0.013866982803217402
521,204367193,16 11 54.38,-22 36 49.3,,13.3,,7.45,0.47,13.24,6.99,0.4835,,,,"USco,gold",no,Simbad,1,0.999999,20.689999,12.721898238465815,2863.4,0.6671,-2.368556231621881,0.1,0.013866982803217402
522,205034491,16 11 56.25,-19 43 23.2,,9.81,,5.44,0.53,9.74,4.91,5.906,,,,"USco,gold",no,Simbad,1,0.992964,15.18,8.445023238465815,3580.2,0.8924,-0.956559132496608,0.3353846153846153,0.013866982803217402
523,204251947,16 11 56.32,-23 04 04.6,,8.81,,4.22,0.39,8.76,3.83,5.4849,,,,"USco,gold",no,Simbad,1,0.999442,12.98,7.111382238465815,4699.9,1.5918,,,0.013866982803217402
524,205091879,16 11 57.63,-19 26 39.1,,10.19,,6.9,1.0,10.06,5.9,1.0182,,,,"USco,bronze",yes,Simbad,1,0.999997,16.960001,9.389322238465816,,,-1.4436975179281346,,0.013866982803217402
525,203647063,16 11 58.00,-25 25 30.2,9.62,7.79,1.83,1.83,0.49,7.73,1.34,,,,,"USco,bronze",no,Simbad,1,0.999922,9.56,3.853275238465816,5854.4,0.3586,,,0.013866982803217402
526,205157937,16 11 59.27,-19 06 53.3,11.62,8.09,3.53,3.53,1.34,7.92,2.19,3.6929,,,,"USco,gold",no,Simbad,1,0.999962,11.45,5.598383238465816,5699.0,1.4419,,,0.013866982803217402
527,204912351,16 12 02.22,-20 17 55.3,,11.08,,6.25,0.47,11.02,5.77,3.2611,,,,"USco,bronze",no,Simbad,1,0.999998,17.27,10.062400238465814,3415.8,1.2478,-1.6129662932282829,0.24800000000000008,0.013866982803217402
528,205092842,16 12 02.38,-19 26 22.0,,10.85,,6.59,1.08,10.72,5.51,1.7772,,,,"USco,bronze",yes,Simbad,1,0.999998,17.310001,9.892945238465815,,,-1.5000381404782528,,0.013866982803217402
529,204817605,16 12 05.05,-20 43 40.5,,9.06,,4.96,0.2,9.04,4.76,9.3362,,,,"USco,gold",yes,Simbad,1,0.999146,14.0,7.462800238465816,,,,,0.013866982803217402
530,205129147,16 12 05.39,-19 15 35.5,,8.79,,4.52,0.7,8.7,3.82,8.5895,,,,"USco,bronze",no,Simbad,1,0.999324,13.219999,6.793780238465816,5641.2,2.1909,-0.5252594159015873,1.095987460815047,0.013866982803217402
531,205168266,16 12 05.99,-19 03 44.3,8.0,6.81,1.19,1.19,1.39,6.63,-0.2,0.2815,0.2661,,,"USco,bronze",no,Simbad,1,0.999961,7.82,2.3218312384658155,,,1.135178787772596,,0.013866982803217402
532,203538882,16 12 08.12,-25 47 58.1,,10.31,,5.64,0.55,10.24,5.09,6.5064,,,,"USco,gold",no,Simbad,1,0.996487,15.879999,8.895579238465816,3440.1,0.9199,,,0.013866982803217402
533,204857023,16 12 08.24,-20 33 01.6,,9.84,,5.94,1.5,9.65,4.44,1.4626,1.8555,,,"USco,bronze",no,Simbad,1,0.999806,15.59,8.979247238465815,3584.3,1.0985,,,0.013866982803217402
534,205072354,16 12 10.43,-19 32 27.8,,11.24,,6.8,0.68,11.15,6.12,0.7718,,,,"USco,gold",no,Simbad,1,0.999999,17.95,10.364404238465816,,,-1.7162466136640546,,0.013866982803217402
535,204803505,16 12 11.85,-20 47 26.9,,12.61,,7.83,0.76,12.51,7.07,4.3632,,,,"USco,gold",no,Simbad,1,0.999999,20.34,12.184866238465816,2816.3,0.683,-2.1713400970892045,0.1,0.013866982803217402
536,205156547,16 12 12.41,-19 07 19.3,,10.96,,7.3,1.45,10.77,5.86,1.8003,,,,"USco,bronze",yes,Simbad,1,0.999999,18.07,10.325223238465815,,,-1.6516951491983405,,0.013866982803217402
537,203892022,16 12 13.67,-24 31 37.1,,10.11,,5.2,0.7,10.02,4.5,17.1122,,,,"USco,gold",no,Simbad,2,1e-06,15.22,8.490647238465815,3618.9,0.8129,-1.045178804286717,0.36019230769230776,0.013866982803217402
538,202709862,16 12 17.22,-28 39 08.5,,11.3,,5.7,0.05,11.29,5.65,0.9952,2.0106,,,"USco,gold",no,Simbad,1,0.999955,16.99,9.894319238465815,3317.8,0.824,-1.6961562435388633,0.20133333333333342,0.013866982803217402
539,202909059,16 12 18.20,-27 55 34.9,4.57,4.98,-0.41,-0.41,0.19,4.95,-0.6,0.5314,,,,"USco,silver",no,Simbad,1,1.0,4.54,-1.0445777615341845,15365.8,0.0607,,,0.013866982803217402
540,205102553,16 12 18.44,-19 23 32.6,,12.0,,7.0,0.85,11.89,6.15,1.8511,,,,"USco,bronze",no,Simbad,1,0.999999,18.89,11.375163238465817,,,-1.9408153930640968,,0.013866982803217402
541,205150770,16 12 20.92,-19 09 04.3,,9.6,,5.37,0.44,9.55,4.93,0.7553,,,,"USco,gold",no,Simbad,1,0.996487,14.92,8.170176238465816,3683.1,0.8577,-0.8606562309412641,0.4014583333333333,0.013866982803217402
542,205064383,16 12 21.83,-19 34 44.5,7.64,7.07,0.57,0.57,0.69,6.98,-0.12,,,,,"USco,gold",yes,Simbad,1,0.999336,7.55,2.028988238465815,,,1.1479025201116022,,0.013866982803217402
543,204651122,16 12 22.89,-21 27 16.1,,12.03,,7.0,0.73,11.94,6.27,1.5999,,,,"USco,bronze",yes,Simbad,1,0.999999,18.939999,11.397591238465814,,,-1.98380265167473,,0.013866982803217402
544,204928499,16 12 27.03,-20 13 25.2,,12.29,,6.95,0.4,12.24,6.55,0.8877,,,,"USco,bronze",no,Simbad,1,0.999999,19.189999,11.587645238465814,,,-2.053056735810229,,0.013866982803217402
545,204940701,16 12 27.36,-20 09 59.9,,11.53,,6.81,0.71,11.44,6.1,1.7776,,,,"USco,gold",yes,Simbad,1,0.999998,18.25,10.798035238465816,,,-1.837734377426664,,0.013866982803217402
546,202699293,16 12 30.76,-28 41 30.0,,9.39,,4.08,0.7,9.3,3.38,6.822,,,,"USco,bronze",no,Simbad,2,1e-06,13.38,7.104233238465815,4079.9,0.5531,-0.6743817291957819,0.7,0.013866982803217402
547,204986244,16 12 31.38,-19 57 06.6,,9.14,,3.39,0.0,9.14,3.38,,,,,"USco,bronze",no,Simbad,1,0.999999,12.530001,6.502475238465815,,,,,0.013866982803217402
548,210282525,16 12 33.53,-25 43 28.0,,10.14,,6.74,0.66,10.06,6.07,3.7871,,,,"USco,gold",no,Simbad,1,0.999928,16.8,9.250020238465815,,,,,0.013866982803217402
549,204581550,16 12 34.13,-21 44 50.4,,11.33,,6.46,1.02,11.2,5.43,1.9128,,,,"USco,bronze",yes,Simbad,1,0.999993,17.66,10.306631238465815,3425.8,1.1187,-1.6669559602333193,0.25276190476190485,0.013866982803217402
550,203775036,16 12 34.58,-24 58 34.5,,11.04,,6.34,1.11,10.9,5.23,0.749,,,,"USco,gold",no,Simbad,1,0.999998,17.24,10.070264238465816,,,-1.7187393183768414,,0.013866982803217402
551,204851310,16 12 35.31,-20 34 33.9,,9.3,,4.68,0.72,9.21,3.96,3.898,,,,"USco,gold",no,Simbad,1,0.999019,13.889999,7.608090238465815,,,,,0.013866982803217402
552,203063710,16 12 36.05,-27 23 03.0,11.21,7.23,3.98,3.98,0.92,7.11,3.06,,,,,"USco,gold",no,Simbad,1,0.999997,11.09,4.997199238465816,,,,,0.013866982803217402
553,205182200,16 12 39.16,-18 59 28.6,,9.11,,4.93,1.38,8.93,3.56,3.2547,,,,"USco,gold",yes,Simbad,2,1e-06,13.860001,7.424497238465815,3768.9,0.7233,-0.710054487987181,0.46104166666666674,0.013866982803217402
554,204404080,16 12 39.53,-22 28 08.4,,10.42,,5.48,0.3,10.38,5.18,1.9617,,,,"USco,gold",no,Simbad,2,1e-06,15.860001,8.893906238465815,3455.9,0.8861,-1.3275326817811386,0.26709523809523816,0.013866982803217402
555,203577715,16 12 39.91,-25 39 54.5,,10.36,,5.37,0.0,10.36,5.37,3.1754,,,,"USco,bronze",maybe,Simbad,1,0.996487,15.73,8.765817238465816,3406.2,0.6813,-1.386792652399793,0.24342857142857133,0.013866982803217402
556,205013031,16 12 40.20,-19 49 30.6,,11.29,,6.25,0.45,11.23,5.81,3.6251,,,,"USco,bronze",no,Simbad,1,0.999998,17.48,10.249017238465814,3415.8,1.2416,-1.7512912767069624,0.24800000000000008,0.013866982803217402
557,205182220,16 12 40.50,-18 59 28.1,10.83,7.49,3.34,3.34,0.7,7.4,2.64,1.5195,,,,"USco,gold",yes,Simbad,1,0.999911,10.74,4.829835238465815,5395.5,1.2555,,,0.013866982803217402
558,205012599,16 12 41.23,-19 49 37.9,,8.9,,4.62,0.59,8.82,4.02,3.6244,,,,"USco,bronze",no,Simbad,1,0.99964,13.44,7.116954238465816,,,,,0.013866982803217402
559,205080089,16 12 44.10,-19 30 10.3,7.6,6.94,0.66,0.66,0.78,6.84,-0.12,,,,,"USco,gold",no,Simbad,1,0.999508,7.5,1.9693542384658151,,,1.3294448697328205,,0.013866982803217402
560,204245943,16 12 45.05,-23 05 30.4,,12.46,,7.02,0.52,12.4,6.5,0.7543,,,,"USco,gold",no,Simbad,1,0.999999,19.42,11.671048238465817,,,-2.139662005925681,,0.013866982803217402
561,204465961,16 12 46.81,-22 13 31.7,11.2,8.03,3.17,3.17,0.7,7.94,2.47,10.5243,,,,"USco,gold",no,Simbad,1,0.999952,11.110001,5.188762238465815,5579.2,1.2669,,,0.013866982803217402
562,204105498,16 12 46.91,-23 38 41.0,,12.62,,7.21,0.73,12.53,6.48,0.2844,0.2954,,,"USco,gold",no,Simbad,1,0.999999,19.74,12.072865238465816,,,-2.1771783625794647,,0.013866982803217402
563,205167772,16 12 47.25,-19 03 53.3,,11.75,,6.92,1.12,11.6,5.81,1.1876,,,,"USco,gold",no,Simbad,1,0.999999,18.52,11.147065238465814,,,-1.877784126855525,,0.013866982803217402
564,205364526,16 12 48.92,-18 00 52.7,,10.36,,5.72,0.46,10.3,5.26,2.9053,,,,"USco,gold",maybe,Simbad,1,0.992964,16.02,8.955052238465814,3564.1,0.9853,,,0.013866982803217402
565,204888409,16 12 48.96,-20 24 30.6,,12.08,,6.32,0.32,12.04,5.99,1.3743,,,,"USco,bronze",no,Simbad,1,0.999994,18.36,10.963875238465814,3292.0,1.0949,-1.847100396133545,0.19274447949526816,0.013866982803217402
566,205253903,16 12 50.82,-18 36 59.6,,9.58,,4.87,0.69,9.49,4.18,,,,,"USco,bronze",no,Simbad,1,0.999998,14.36,8.003063238465815,,,,,0.013866982803217402
567,204184435,16 12 52.65,-23 19 55.9,,9.04,,3.16,0.7,8.95,2.46,4.2854,,,,"USco,gold",no,Simbad,1,0.999938,12.11,6.191797238465815,4740.3,0.6323,-0.2968548422412506,0.833586387434555,0.013866982803217402
568,204185181,16 12 55.33,-23 19 45.6,9.36,7.29,2.07,2.07,0.49,7.23,1.57,5.1488,,,,"USco,gold",no,Simbad,1,0.999784,9.3,3.4920272384658144,5990.8,0.4898,0.7615294396194964,1.206357142857143,0.013866982803217402
569,203678376,16 12 55.87,-25 18 58.3,,10.78,,5.88,0.27,10.75,5.61,,,,,"USco,bronze",no,Simbad,1,0.999965,16.630001,9.472616238465816,3421.3,1.0725,-1.5332806286630762,0.2506190476190477,0.013866982803217402
570,203760219,16 13 02.34,-25 01 46.0,,9.43,,4.57,0.7,9.34,3.87,2.312,2.0282,,,"USco,bronze",no,Simbad,1,0.992964,13.91,7.521498238465815,3808.4,0.7243,,,0.013866982803217402
571,204279085,16 13 02.71,-22 57 44.4,11.81,8.45,3.36,3.36,0.01,8.45,3.35,2.0873,,,,"USco,gold",no,Simbad,1,0.999877,11.809999,5.740040238465815,,,,,0.013866982803217402
572,205082248,16 13 03.05,-19 29 32.3,,12.35,,7.12,1.17,12.2,5.95,1.7541,,,,"USco,silver",no,Simbad,1,0.999999,19.32,11.801110238465814,,,-2.0347983005306114,,0.013866982803217402
573,203448860,16 13 06.27,-26 06 10.9,,10.85,,5.53,0.75,10.75,4.78,3.3749,,,,"USco,gold",yes,Simbad,1,0.992964,16.28,9.347240238465815,3431.6,0.9223,-1.3946949489129363,0.2555238095238095,0.013866982803217402
574,204812713,16 13 09.78,-20 44 59.2,,9.86,,5.78,0.87,9.75,4.91,0.9239,,,,"USco,gold",no,Simbad,1,0.999617,15.530001,8.551068238465815,3576.1,1.0711,,,0.013866982803217402
575,204259310,16 13 09.82,-23 02 18.4,,11.76,,6.29,0.47,11.69,5.82,1.3301,1.5318,,,"USco,bronze",yes,Simbad,1,0.999998,17.98,10.841399238465817,,,-1.9746941474950583,,0.013866982803217402
576,205165965,16 13 09.96,-19 04 27.0,,10.58,,6.64,1.41,10.4,5.23,1.796,,,,"USco,gold",yes,Simbad,1,0.999989,17.039999,9.635174238465815,3372.2,0.8867,-1.511731375867474,0.22723809523809516,0.013866982803217402
577,203876392,16 13 10.07,-24 35 25.0,,10.96,,5.8,0.28,10.92,5.51,1.902,,,,"USco,gold",no,Simbad,1,0.999862,16.720001,9.599876238465816,,,-1.5189875658481682,,0.013866982803217402
578,204210528,16 13 10.81,-23 13 51.7,,11.61,,5.96,0.0,11.61,5.96,0.987,,,,"USco,gold",no,Simbad,1,0.999996,17.57,10.425151238465816,,,-1.9759250157415835,,0.013866982803217402
579,204399980,16 13 11.58,-22 29 06.6,8.86,6.69,2.17,2.17,1.54,6.49,0.63,,,,,"USco,gold",yes,Simbad,1,0.999953,8.66,3.1884862384658152,8054.2,0.9042,0.7571886946125959,1.5,0.013866982803217402
580,204491374,16 13 11.71,-22 07 25.6,,11.21,,6.11,0.35,11.17,5.76,1.2445,,,,"USco,bronze",maybe,Simbad,1,0.999995,17.28,10.038927238465815,3434.5,1.1374,-1.652865220104578,0.2569047619047619,0.013866982803217402
581,204247811,16 13 12.11,-23 05 03.1,,13.01,,7.46,0.08,13.0,7.38,1.1542,,,,"USco,silver",no,Simbad,1,0.999998,20.46,12.600933238465814,2795.0,0.7682,-2.22548302426511,0.1,0.013866982803217402
582,204204545,16 13 12.15,-23 15 16.5,,10.84,,5.65,0.16,10.82,5.5,1.7985,,,,"USco,gold",no,Simbad,1,0.999561,16.47,9.409331238465816,,,-1.4555598637759768,,0.013866982803217402
583,205457507,16 13 15.93,-17 27 33.5,,9.28,,3.96,0.7,9.19,3.26,,,,,"USco,bronze",no,Simbad,1,0.999998,13.15,6.995686238465815,4936.5,1.398,,,0.013866982803217402
584,202522205,16 13 17.37,-29 22 19.9,,8.91,,4.78,0.39,8.86,4.39,6.1134,,,,"USco,gold",,Simbad,1,0.992964,13.639999,7.196890238465816,,,,,0.013866982803217402
585,202521690,16 13 18.44,-29 22 27.6,,9.22,,5.18,0.7,9.13,4.48,6.1258,,,,"USco,bronze",no,Simbad,2,1e-06,14.309999,7.829702238465815,,,,,0.013866982803217402
586,204468888,16 13 18.58,-22 12 48.9,10.43,7.43,3.0,3.0,0.68,7.34,2.32,5.8472,,,,"USco,gold",no,Simbad,1,0.999938,10.34,4.498058238465815,,,,,0.013866982803217402
587,204399319,16 13 20.53,-22 29 16.1,,10.24,,4.97,0.75,10.15,4.22,3.9112,,,,"USco,gold",no,Simbad,1,0.992964,15.119999,8.349644238465816,3614.6,0.6746,-0.9395666067841806,0.3574358974358974,0.013866982803217402
588,205373716,16 13 20.80,-17 57 52.1,,9.87,,5.83,0.23,9.84,5.59,1.1268,4.1193,,,"USco,bronze",,Simbad,1,0.999751,15.67,8.527364238465815,3534.8,1.012,-0.7831482337089825,0.3062820512820514,0.013866982803217402
589,205373893,16 13 21.23,-17 57 49.1,,10.05,,5.67,0.7,9.95,4.97,1.1269,4.1172,,,"USco,bronze",no,Simbad,1,0.997667,15.62,8.612786238465816,3479.4,1.0015,-0.8986310590189541,0.2782857142857143,0.013866982803217402
590,204615647,16 13 21.90,-21 36 13.9,,9.98,,5.46,0.68,9.89,4.78,,,,,"USco,gold",yes,Simbad,1,0.996487,15.35,8.437536238465816,3549.4,0.8639,-0.9599517600010692,0.3156410256410257,0.013866982803217402
591,203048597,16 13 24.56,-27 26 13.4,15.3,9.78,5.52,5.52,0.19,9.76,5.33,1.6084,1.1654,,,"USco,bronze",no,Simbad,1,0.999146,15.280001,8.946353238465814,,,,,0.013866982803217402
592,205431266,16 13 25.75,-17 37 35.8,,11.4,,5.67,2.74,11.05,2.93,0.3954,,,,"USco,gold",no,Simbad,1,0.999751,16.720001,9.980579238465817,3397.2,0.9805,-1.75448733453912,0.23914285714285705,0.013866982803217402
593,204393705,16 13 26.65,-22 30 35.1,,12.58,,7.5,0.66,12.5,6.84,1.5319,,,,"USco,gold",no,Simbad,1,0.999999,20.0,12.013258238465816,,,-2.1924649725662,,0.013866982803217402
594,205097920,16 13 28.08,-19 24 52.7,,11.91,,7.37,0.73,11.82,6.64,1.5123,,,,"USco,gold",no,Simbad,1,0.999999,19.189999,11.295470238465814,,,-1.9586073171950449,,0.013866982803217402
595,204222295,16 13 29.28,-23 11 07.5,11.66,8.49,3.17,3.17,0.85,8.39,2.32,3.0944,,,,"USco,gold",yes,Simbad,1,0.999934,11.56,5.564473238465816,5524.7,1.1231,-0.0820431020386292,1.0594670846394985,0.013866982803217402
596,204813829,16 13 32.79,-20 44 41.3,,10.13,,5.31,0.57,10.05,4.74,3.4158,,,,"USco,gold",maybe,Simbad,1,0.992964,15.360001,8.533194238465816,,,-0.9829249001794472,,0.013866982803217402
597,202931403,16 13 33.80,-27 50 54.4,,11.9,,5.66,0.59,11.83,5.07,,,,,"USco,bronze",no,Simbad,1,0.999727,17.49,10.524842238465816,,,,,0.013866982803217402
598,204149252,16 13 34.76,-23 28 15.8,,12.5,,6.65,0.64,12.41,6.01,0.9942,,,,"USco,gold",no,Simbad,1,0.999998,19.06,11.536110238465817,,,-2.022276408675951,,0.013866982803217402
599,204156820,16 13 36.44,-23 26 27.0,,9.31,,5.14,0.57,9.23,4.57,6.6082,2.6159,,,"USco,silver",no,Simbad,1,0.998613,14.369999,8.342917238465816,,,,,0.013866982803217402
600,204152030,16 13 36.46,-23 27 35.6,,11.22,,6.23,0.52,11.15,5.72,1.8029,0.8242,1.0198,,"USco,gold",,Simbad,1,0.999752,17.38,10.447350238465816,,,,,0.013866982803217402
601,203750883,16 13 36.50,-25 03 47.5,,10.26,,4.87,1.28,10.09,3.59,1.1427,,,,"USco,gold",yes,Simbad,1,0.896753,14.96,8.975641238465816,,,,,0.013866982803217402
602,204152441,16 13 36.87,-23 27 30.0,,10.91,,5.58,0.48,10.85,5.1,1.8032,,,,"USco,gold",,Simbad,1,0.992964,16.43,9.448278238465816,,,-1.4546928607456744,,0.013866982803217402
603,203329658,16 13 37.92,-26 29 49.9,11.13,7.78,3.35,3.35,1.32,7.61,2.03,,,,,"USco,bronze",no,Simbad,1,0.999999,10.96,5.148302238465815,,,,,0.013866982803217402
604,204525772,16 13 38.32,-21 58 52.0,,11.0,,5.89,0.32,10.96,5.57,1.5467,,,,"USco,gold",no,Simbad,1,0.999911,16.85,9.693231238465817,,,-1.4997635163711684,,0.013866982803217402
605,203842665,16 13 38.39,-24 43 31.3,,10.35,,5.67,0.45,10.29,5.21,1.2958,,,,"USco,gold",no,Simbad,1,0.998258,15.96,8.927230238465816,3561.2,0.9673,-1.3310552786128496,0.3232051282051281,0.013866982803217402
606,204439731,16 13 40.79,-22 19 45.9,,13.67,,6.11,0.7,13.58,5.41,1.3364,,,,"USco,silver",no,Simbad,1,0.999998,19.69,13.583249238465816,,,-2.468521077200021,,0.013866982803217402
607,204262828,16 13 42.63,-23 01 28.1,,12.79,,7.26,0.52,12.72,6.74,,,,,"USco,gold",no,Simbad,1,0.999999,19.98,12.052953238465816,,,-2.1056839321647822,,0.013866982803217402
608,205225696,16 13 43.50,-18 45 52.8,,10.52,,6.64,1.46,10.33,5.19,2.7027,0.8882,,,"USco,bronze",no,Simbad,1,0.999909,16.97,10.082221238465817,,,,,0.013866982803217402
609,204459941,16 13 43.66,-22 14 59.4,,9.11,,4.1,0.31,9.07,3.79,4.651,3.6293,,,"USco,gold",no,Simbad,1,0.992964,13.17,6.889847238465816,,,-0.426617746771061,,0.013866982803217402
610,203881218,16 13 44.89,-24 34 14.7,,10.26,,4.99,0.6,10.18,4.39,5.4121,,,,"USco,gold",no,Simbad,1,0.992964,15.17,8.588721238465816,3542.8,0.7961,-0.955773918332958,0.31141025641025655,0.013866982803217402
611,203917770,16 13 45.49,-24 25 19.5,6.43,6.08,0.35,0.35,0.71,5.99,-0.36,0.8479,0.6991,1.6779,,"USco,gold",no,Simbad,1,0.998292,6.3399997,0.8314342384658149,13818.1,0.4593,,,0.013866982803217402
612,205260089,16 13 47.50,-18 35 00.4,,9.91,,6.6,1.55,9.71,5.05,7.4345,,,,"USco,gold",no,Simbad,1,0.999884,16.31,8.954533238465816,3558.3,1.387,-0.8973262193803343,0.32134615384615395,0.013866982803217402
613,202947197,16 13 47.81,-27 47 33.9,9.29,8.01,1.28,1.28,0.27,7.97,1.01,0.6779,0.7976,0.7138,0.3959,"USco,gold",maybe,Simbad,1,0.997667,9.25,3.607886238465815,6565.8,0.1856,0.5791030474640654,1.4037579617834395,0.013866982803217402
614,203726323,16 13 48.79,-25 09 00.8,,12.51,,7.2,1.33,12.34,5.87,,,,,"USco,gold",yes,Simbad,1,0.999997,19.54,11.847053238465817,2921.0,0.2831,-1.9515581817006136,0.1,0.013866982803217402
615,203070560,16 13 51.88,-27 21 38.0,,10.26,,4.69,0.48,10.2,4.22,3.6855,,,,"USco,bronze",no,Simbad,1,0.999998,14.889999,8.529328238465816,,,,,0.013866982803217402
616,203777800,16 13 56.62,-24 57 56.9,,10.15,,5.42,0.47,10.09,4.95,2.2766,1.2544,,,"USco,gold",no,Simbad,1,0.851439,15.51,9.257320238465816,,,,,0.013866982803217402
617,202818196,16 13 58.11,-28 15 09.5,7.94,6.98,0.96,0.96,0.77,6.88,0.19,1.3633,0.9399,,,"USco,bronze",no,Simbad,1,0.999616,7.84,2.3205662384658154,10279.1,0.779,1.1278214289203394,1.5,0.013866982803217402
618,205217412,16 13 58.14,-18 48 29.2,,9.88,,4.97,0.47,9.82,4.5,2.078,,,,"USco,gold",no,Simbad,1,0.992964,14.789999,8.100575238465815,3561.1,0.7179,-0.9367417137570702,0.3231410256410256,0.013866982803217402
619,204264641,16 14 02.11,-23 01 02.2,,8.61,,2.97,1.29,8.44,1.68,2.9909,,,,"USco,gold",no,Simbad,1,0.999934,11.41,5.477908238465815,5722.8,1.0208,-0.0741672693385895,1.1215673981191223,0.013866982803217402
620,205203953,16 14 02.26,-18 52 43.8,,9.04,,4.86,0.96,8.92,3.9,,,,,"USco,bronze",no,Simbad,1,0.999998,13.780001,7.508560238465815,,,,,0.013866982803217402
621,203534383,16 14 02.97,-25 48 53.3,,11.71,,7.05,0.83,11.6,6.22,0.2784,0.3234,,,"USco,bronze",no,Simbad,1,0.999999,18.650002,10.953523238465817,,,-1.8282735487000388,,0.013866982803217402
622,203799762,16 14 03.79,-24 53 09.1,,10.02,,4.6,0.64,9.94,3.95,6.7609,3.2142,,,"USco,gold",no,Simbad,1,0.997667,14.539999,8.054258238465815,5921.8,2.7371,-0.8204195005327862,1.4,0.013866982803217402
623,203459091,16 14 04.91,-26 04 06.6,,10.76,,6.11,0.28,10.73,5.83,0.7071,0.7969,,,"USco,bronze",no,Simbad,1,0.999993,16.84,9.589121238465816,,,-1.568475425789333,,0.013866982803217402
624,204449165,16 14 07.34,-22 17 32.1,,9.1,,4.9,0.68,9.02,4.22,0.6176,,,,"USco,gold",no,Simbad,1,0.992964,13.92,7.281221238465815,6607.9,3.2427,,,0.013866982803217402
625,205051240,16 14 07.92,-19 38 29.1,,7.72,,3.91,2.62,7.39,1.29,5.2912,,,,"USco,bronze",yes,Simbad,1,0.999973,11.3,5.623950238465815,,,,,0.013866982803217402
626,204492163,16 14 08.95,-22 07 13.3,,11.48,,5.99,0.32,11.44,5.67,0.5673,,,,"USco,bronze",no,Simbad,1,0.999984,17.43,10.234461238465816,3362.8,1.0215,-1.693574971170993,0.22276190476190486,0.013866982803217402
627,204449800,16 14 10.10,-22 17 23.7,,9.81,,6.91,0.66,9.72,6.25,2.448,1.9503,,,"USco,gold",no,Simbad,1,0.99964,16.630001,9.118330238465814,6243.1,3.8938,,,0.013866982803217402
628,204245509,16 14 11.07,-23 05 36.2,10.7,7.46,3.24,3.24,1.96,7.21,1.28,2.7994,,,,"USco,gold",yes,Simbad,1,0.999915,10.45,4.916591238465815,,,,,0.013866982803217402
629,205049683,16 14 12.17,-19 38 55.4,,9.03,,3.65,0.0,9.03,3.65,4.2337,,,,"USco,bronze",no,Simbad,1,0.999928,12.68,6.632925238465816,4829.0,1.2186,-0.3529790831526654,0.8568062827225131,0.013866982803217402
630,204442118,16 14 12.35,-22 19 13.3,,10.63,,5.45,0.48,10.57,4.97,1.1418,,,,"USco,gold",no,Simbad,1,0.997667,16.02,9.087699238465817,3536.1,0.8559,-1.3533022601050992,0.30711538461538457,0.013866982803217402
631,203793637,16 14 12.58,-24 54 28.8,,9.89,,4.16,0.2,9.87,3.96,7.9875,,,,"USco,gold",no,Simbad,1,0.998613,14.03,7.778843238465816,5520.2,2.2407,-0.6808106462666111,1.0580564263322885,0.013866982803217402
632,204332672,16 14 13.51,-22 44 58.0,,11.42,,5.96,0.33,11.38,5.63,2.6312,,,,"USco,gold",no,Simbad,1,0.99996,17.34,10.150595238465815,,,-1.6176227098612284,,0.013866982803217402
633,205047378,16 14 13.81,-19 39 36.2,9.61,7.25,2.36,2.36,0.49,7.19,1.87,1.7999,1.8897,,,"USco,bronze",no,Simbad,1,0.999959,9.55,3.7517552384658153,6122.5,0.8611,,,0.013866982803217402
634,203904156,16 14 19.73,-24 28 40.6,,12.76,,7.6,0.93,12.64,6.67,0.3461,0.294,0.2448,,"USco,gold",no,Simbad,1,0.999999,20.24,12.197983238465817,,,-2.1719849343047923,,0.013866982803217402
635,205158239,16 14 20.28,-19 06 48.3,14.01,7.81,6.2,6.2,2.75,7.46,3.44,4.7843,,,,"USco,silver",yes,Simbad,1,0.999697,13.66,8.318391238465816,,,-1.1036943031039137,,0.013866982803217402
636,204488355,16 14 20.50,-22 08 09.7,7.72,6.88,0.84,0.84,0.65,6.8,0.19,0.0628,0.0539,0.1349,0.0781,"USco,bronze",no,Simbad,1,0.998635,7.6400003,2.1057182384658155,10210.1,0.8168,1.20325922423904,1.5,0.013866982803217402
637,202955563,16 14 20.61,-27 45 49.7,,13.43,,8.45,1.59,13.23,6.86,0.0984,0.0656,,,"USco,silver",no,Simbad,1,0.999999,21.68,13.376631238465816,2873.1,1.6276,-2.355561405381382,0.1,0.013866982803217402
638,204440603,16 14 23.11,-22 19 34.0,,10.8,,6.67,0.74,10.7,5.93,,,,,"USco,gold",yes,Simbad,1,0.999996,17.369999,9.905595238465816,,,-1.5767541311915445,,0.013866982803217402
639,205188906,16 14 28.92,-18 57 22.5,,9.47,,5.23,0.4,9.42,4.83,16.5182,0.9908,,,"USco,gold",yes,Simbad,1,0.997667,14.65,7.894771238465815,,,-0.7893604815292166,,0.013866982803217402
640,203532363,16 14 29.66,-25 49 18.7,,11.09,,6.26,0.98,10.96,5.28,1.4984,,,,"USco,bronze",no,Simbad,1,0.999951,17.220001,9.952836238465816,,,-1.541211130359073,,0.013866982803217402
641,202853972,16 14 31.99,-28 07 23.1,,10.46,,5.4,0.7,10.37,4.7,8.6456,,,,"USco,bronze",maybe,Simbad,1,0.992964,15.77,8.892688238465816,3418.7,0.6583,-1.3465945175693297,0.2493809523809523,0.013866982803217402
642,204344180,16 14 32.87,-22 42 13.3,,13.24,,7.89,0.51,13.17,7.38,1.8232,,,,"USco,gold",yes,Simbad,1,0.999998,21.06,12.825973238465814,,,-2.293282208458211,,0.013866982803217402
643,204960156,16 14 33.63,-20 04 30.1,,10.05,,5.65,0.88,9.93,4.76,2.1008,,,,"USco,gold",no,Simbad,1,0.99885,15.58,8.754885238465816,3490.1,1.0618,-0.886725284960214,0.28338095238095234,0.013866982803217402
644,205179845,16 14 33.67,-19 00 13.7,,8.26,,7.22,5.04,7.61,2.18,2.5995,,,,"USco,silver",yes,Simbad,1,0.999992,14.83,8.038035238465815,,,,,0.013866982803217402
645,204828211,16 14 36.38,-20 40 49.3,,11.5,,5.62,0.0,11.5,5.62,0.7257,,,,"USco,bronze",no,Simbad,1,0.99964,17.119999,10.047849238465815,3383.5,0.9145,-1.7708302954755446,0.23261904761904761,0.013866982803217402
646,204177311,16 14 38.45,-23 21 37.5,,10.59,,5.11,0.7,10.5,4.41,5.7441,,,,"USco,gold",no,Simbad,2,1e-06,15.610001,8.864203238465816,3628.9,0.7972,-1.3051316764494645,0.3666025641025642,0.013866982803217402
647,203726701,16 14 39.18,-25 08 56.5,,11.99,,6.24,0.49,11.93,5.76,1.6873,,,,"USco,bronze",no,Simbad,1,0.999995,18.17,10.838734238465817,3324.0,1.1204,-1.845880486120132,0.2042857142857143,0.013866982803217402
648,204926239,16 14 40.15,-20 14 03.0,9.19,7.07,2.12,2.12,1.42,6.89,0.7,,,,,"USco,bronze",no,Simbad,1,0.99994,9.01,3.339250238465816,6328.3,0.7831,,,0.013866982803217402
649,204408619,16 14 41.19,-22 27 05.6,,10.87,,5.61,0.0,10.87,5.61,2.6303,,,,"USco,gold",no,Simbad,1,0.999389,16.48,9.414396238465816,,,-1.458046522405422,,0.013866982803217402
650,203499175,16 14 41.24,-25 56 05.4,,10.06,,5.35,0.64,9.98,4.72,3.1705,,,,"USco,gold",no,Simbad,1,0.998258,15.33,8.456220238465816,3720.8,0.9168,-0.675944023279705,0.427638888888889,0.013866982803217402
651,203382255,16 14 42.64,-26 19 42.4,,12.28,,6.41,0.0,12.28,6.41,,,,,"USco,bronze",yes,Simbad,1,0.999998,18.689999,11.159218238465815,,,-2.071604131885078,,0.013866982803217402
652,203711274,16 14 42.69,-25 12 09.7,,9.34,,4.37,0.71,9.25,3.66,3.5396,,,,"USco,bronze",no,Simbad,1,0.999989,13.62,7.431405238465816,4587.6,1.5181,,,0.013866982803217402
653,203017692,16 14 45.67,-27 32 43.2,,9.98,,4.94,0.33,9.94,4.61,5.1131,,,,"USco,bronze",no,Simbad,1,0.992964,14.879999,8.311585238465815,3599.5,0.606,-1.0054628839053648,0.34775641025641024,0.013866982803217402
654,204602579,16 14 49.88,-21 39 32.5,,10.11,,5.15,0.31,10.07,4.84,4.9754,,,,"USco,gold",no,Simbad,2,1e-06,15.219999,8.434285238465815,3562.8,0.7487,-0.9704538876392996,0.3242307692307693,0.013866982803217402
655,204130613,16 14 50.25,-23 32 39.9,,9.9,,5.25,0.7,9.81,4.55,,,,,"USco,bronze",yes,Simbad,1,0.999857,15.06,8.901396238465816,,,-1.3374310424573,,0.013866982803217402
656,204231861,16 14 51.31,-23 08 51.8,,11.64,,6.13,0.7,11.55,5.43,1.3501,,,,"USco,bronze",yes,Simbad,1,0.999996,17.68,10.510567238465814,,,-1.7086311511497476,,0.013866982803217402
657,205061092,16 14 51.78,-19 35 40.5,,12.37,,6.6,0.93,12.25,5.67,,,,,"USco,bronze",yes,Simbad,1,0.999998,18.85,11.611439238465817,,,-2.044793473779582,,0.013866982803217402
658,203703016,16 14 52.43,-25 13 52.7,,10.45,,6.41,0.71,10.36,5.7,4.8533,1.8508,,,"USco,gold",yes,Simbad,1,0.999798,16.77,9.482335238465817,,,,,0.013866982803217402
659,203083616,16 14 52.52,-27 18 55.9,,12.81,,7.75,0.7,12.72,7.05,1.3477,,,,"USco,bronze",yes,Simbad,1,0.999999,20.470001,12.334083238465816,2860.4,0.5515,-2.233587135722633,0.1,0.013866982803217402
660,204235325,16 14 52.68,-23 08 02.7,,9.6,,5.44,0.33,9.56,5.11,24.0263,2.0126,,,"USco,silver",no,Simbad,1,0.999245,15.0,8.302188238465815,,,,,0.013866982803217402
661,204426847,16 14 53.32,-22 22 49.1,7.38,7.03,0.35,0.35,0.47,6.97,-0.12,,,,,"USco,bronze",no,Simbad,1,0.993034,7.3199997,1.7876572384658154,,,1.5557193184476763,,0.013866982803217402
662,203747590,16 14 53.91,-25 04 30.9,,11.25,,6.05,0.55,11.18,5.5,1.0397,,,,"USco,bronze",no,Simbad,1,0.999992,17.23,10.042530238465815,3369.7,1.1004,-1.6633401951581996,0.22604761904761897,0.013866982803217402
663,204147295,16 14 57.49,-23 28 42.8,,10.82,,5.51,0.28,10.79,5.24,2.7439,,,,"USco,gold",no,Simbad,2,1e-06,16.3,9.321797238465816,3454.7,0.8616,-1.4012094770663055,0.26652380952380944,0.013866982803217402
664,202933888,16 14 59.17,-27 50 22.8,11.2,8.69,2.52,2.52,3.41,8.25,-0.89,4.4022,,,,"USco,gold",yes,Simbad,1,0.99964,10.77,5.281541238465815,5081.2,0.3902,-0.0310363362609296,0.9255718475073313,0.013866982803217402
665,203770673,16 14 59.27,-24 59 31.0,,11.09,,6.18,0.69,11.0,5.48,2.2908,,,,"USco,gold",yes,Simbad,1,0.999985,17.18,9.918429238465816,,,-1.558147836683044,,0.013866982803217402
666,202533810,16 15 00.60,-29 19 34.8,,9.44,,4.91,0.13,9.42,4.78,5.0373,1.7281,,,"USco,gold",no,Simbad,1,0.996487,14.33,7.827289238465815,,,,,0.013866982803217402
667,203770366,16 15 05.24,-24 59 35.4,,11.48,,6.59,0.95,11.36,5.63,1.8145,,,,"USco,gold",yes,Simbad,1,0.999999,17.95,10.725222238465816,,,-1.819874130589333,,0.013866982803217402
668,203876897,16 15 08.08,-24 35 18.4,8.43,7.06,1.37,1.37,1.49,6.87,-0.12,5.8037,,,,"USco,gold",yes,Simbad,1,0.999977,8.24,2.7472632384658144,,,0.9293545531994906,,0.013866982803217402
669,205209357,16 15 08.57,-18 51 01.0,,9.54,,5.43,1.29,9.37,4.14,11.3538,,,,"USco,bronze",no,Simbad,1,0.99989,14.799999,8.163548238465815,5021.9,2.6539,-0.4343056241537111,0.9081818181818181,0.013866982803217402
670,204079030,16 15 08.91,-23 45 05.2,,11.34,,5.85,0.28,11.3,5.58,2.832,,,,"USco,gold",no,Simbad,1,0.99987,17.15,9.992596238465817,3421.2,0.9906,-1.5818645072975537,0.2505714285714285,0.013866982803217402
671,204076987,16 15 09.28,-23 45 35.0,9.48,8.03,1.45,1.45,0.57,7.96,0.89,0.9278,,,,"USco,gold",no,Simbad,1,0.999895,9.41,3.823192238465815,6794.1,0.4282,,,0.013866982803217402
672,204492384,16 15 10.44,-22 07 09.9,10.32,8.54,1.78,1.78,0.69,8.45,1.09,0.8768,,,,"USco,silver",no,Simbad,1,0.99993,10.23,4.469327238465816,6027.5,0.301,0.3148927396077376,1.2194642857142857,0.013866982803217402
673,204172667,16 15 11.05,-23 22 42.6,,9.84,,4.54,0.32,9.8,4.22,1.2698,,,,"USco,gold",no,Simbad,2,1e-06,14.34,7.850898238465815,3753.0,0.5682,-0.870858171527837,0.45,0.013866982803217402
674,203937768,16 15 11.15,-24 20 15.6,,13.17,,7.37,0.86,13.06,6.51,,,,,"USco,silver",no,Simbad,1,0.999999,20.43,12.526175238465814,,,-2.359518541823225,,0.013866982803217402
675,203938167,16 15 12.37,-24 20 09.4,,12.13,,6.27,0.39,12.08,5.88,1.6151,,,,"USco,gold",yes,Simbad,1,0.999998,18.35,11.082558238465817,,,-1.929962148262908,,0.013866982803217402
676,204189554,16 15 12.40,-23 18 45.3,,9.7,,4.42,0.88,9.59,3.54,13.8149,,,,"USco,gold",no,Simbad,1,0.996487,14.01,7.586384238465815,4651.9,1.752,-0.7939841411490371,0.8104450261780104,0.013866982803217402
677,202906766,16 15 13.19,-27 56 04.0,,11.07,,5.43,0.28,11.04,5.15,4.3445,1.756,,,"USco,bronze",no,Simbad,1,0.992964,16.47,9.523542238465817,,,-1.4565528285839888,,0.013866982803217402
678,204250417,16 15 13.61,-23 04 26.1,,13.91,,7.56,0.18,13.89,7.38,1.344,,,,"USco,silver",yes,Simbad,1,0.999998,21.45,13.328017238465817,2687.1,0.128,-2.367542700740381,0.1,0.013866982803217402
679,204299578,16 15 15.18,-22 52 54.0,,12.01,,6.45,0.24,11.98,6.21,0.7705,,,,"USco,bronze",no,Simbad,1,0.999998,18.43,10.944216238465817,,,-1.9318141500352728,,0.013866982803217402
680,204078673,16 15 16.01,-23 45 10.7,,11.33,,7.13,0.52,11.26,6.6,1.2379,,,,"USco,gold",no,Simbad,1,0.999998,18.39,10.378308238465817,,,-1.7517814320278309,,0.013866982803217402
681,205037489,16 15 17.74,-19 42 30.3,,10.19,,5.46,1.16,10.04,4.3,6.0053,,,,"USco,bronze",no,Simbad,1,0.996487,15.5,8.891959238465816,3566.9,0.9945,-0.8374355857147512,0.32685897435897443,0.013866982803217402
682,203576256,16 15 19.48,-25 40 12.2,,9.12,,4.89,0.42,9.07,4.47,0.6985,,,,"USco,gold",no,Simbad,1,0.992964,13.959999,7.380330238465815,3780.0,0.8142,,,0.013866982803217402
683,203720901,16 15 21.87,-25 10 08.3,,9.09,,3.44,0.0,9.09,3.44,,,,,"USco,bronze",no,Simbad,1,0.999997,12.530001,6.496353238465815,,,,,0.013866982803217402
684,204584778,16 15 25.15,-21 44 01.5,,11.78,,6.88,0.61,11.7,6.27,1.7439,,,,"USco,bronze",yes,Simbad,1,0.999999,18.58,11.217028238465817,,,-1.902048930772211,,0.013866982803217402
685,203816510,16 15 27.20,-24 49 27.4,,11.51,,6.76,1.07,11.37,5.69,1.8192,,,,"USco,bronze",yes,Simbad,1,0.999998,18.130001,10.602221238465816,3477.7,1.6871,-1.729787149035979,0.2774761904761904,0.013866982803217402
686,204355829,16 15 27.42,-22 39 27.7,,10.49,,5.34,0.34,10.45,5.0,1.7239,,,,"USco,gold",no,Simbad,2,1e-06,15.79,8.896276238465815,3469.8,0.8025,-1.3492069479112354,0.2737142857142858,0.013866982803217402
687,203342257,16 15 27.49,-26 27 28.3,,11.17,,5.98,0.7,11.08,5.28,3.0912,,,,"USco,gold",no,Simbad,1,0.99987,17.06,9.900179238465816,3490.7,1.1377,-1.5288550426602714,0.28366666666666657,0.013866982803217402
688,204202443,16 15 28.18,-23 15 44.3,,12.34,,5.93,0.7,12.25,5.23,1.0752,,,,"USco,gold",no,Simbad,1,0.999993,18.18,11.027713238465816,,,-2.156144573408646,,0.013866982803217402
689,203623026,16 15 32.12,-25 30 31.1,10.73,8.24,2.49,2.49,1.0,8.11,1.49,2.6067,,,,"USco,gold",no,Simbad,1,0.999989,10.599999,5.317031238465816,,,,,0.013866982803217402
690,204939243,16 15 32.18,-20 10 23.9,13.98,8.91,5.07,5.07,1.79,8.68,3.28,2.9124,,,,"USco,silver",yes,Simbad,1,0.999527,13.75,8.256665238465816,,,,,0.013866982803217402
691,205198363,16 15 33.40,-18 54 25.1,,11.27,,8.23,2.23,10.98,6.0,1.8996,,,,"USco,bronze",yes,Simbad,1,1.0,19.21,11.063126238465816,,,-1.749092284494468,,0.013866982803217402
692,204342099,16 15 34.57,-22 42 42.4,12.68,7.91,4.78,4.78,3.01,7.52,1.77,,,,,"USco,silver",yes,Simbad,1,0.99993,12.3,6.681097238465815,5945.3,2.0961,,,0.013866982803217402
693,203370081,16 15 36.43,-26 22 09.1,,10.24,,5.6,0.4,10.19,5.19,1.9101,2.9277,,,"USco,gold",no,Simbad,1,0.999951,15.789999,9.494265238465816,,,,,0.013866982803217402
694,204204414,16 15 36.47,-23 15 17.5,,13.1,,6.3,0.16,13.09,6.15,0.6223,,,,"USco,silver",no,Simbad,1,0.999997,19.39,12.067055238465816,,,-2.224025681694375,,0.013866982803217402
695,204092042,16 15 38.43,-23 41 56.1,,11.34,,5.91,1.17,11.19,4.75,1.3857,,,,"USco,bronze",no,Simbad,1,0.999957,17.099998,10.045364238465815,3381.3,1.0204,-1.6346992670342422,0.23157142857142865,0.013866982803217402
696,205124381,16 15 39.13,-19 17 00.8,,10.43,,7.51,1.89,10.19,5.61,1.3957,,,,"USco,gold",no,Simbad,1,0.999964,17.7,10.468571238465817,,,,,0.013866982803217402
697,204621457,16 15 41.10,-21 34 46.4,,11.7,,6.28,0.45,11.65,5.84,0.5626,,,,"USco,bronze",no,Simbad,1,0.999997,17.93,10.693539238465814,,,-1.763462716123848,,0.013866982803217402
698,205110000,16 15 44.16,-19 21 17.5,14.14,8.4,5.74,5.74,3.48,7.95,2.26,,,,,"USco,gold",yes,Simbad,1,0.999488,13.69,7.618322238465815,,,-0.758030402488286,,0.013866982803217402
699,205143329,16 15 47.32,-19 11 18.7,,9.68,,5.64,1.31,9.51,4.33,5.4442,,,,"USco,gold",no,Simbad,1,0.999019,15.15,8.455961238465814,3626.5,1.2137,-1.0385314548780042,0.3650641025641026,0.013866982803217402
700,203122463,16 15 48.68,-27 10 54.9,,11.88,,6.64,0.76,11.79,5.88,1.4668,0.8599,,,"USco,bronze",no,Simbad,1,0.999999,18.43,11.056397238465816,,,-1.891773331075522,,0.013866982803217402
701,204467371,16 15 49.13,-22 13 12.0,,12.12,,6.14,0.2,12.1,5.93,1.8066,,,,"USco,bronze",yes,Simbad,1,0.999998,18.24,11.045044238465817,,,-1.9229956860303936,,0.013866982803217402
702,204959839,16 15 50.52,-20 04 35.2,8.1,7.27,0.83,0.83,0.73,7.17,0.1,,,,,"USco,gold",no,Simbad,1,0.996487,8.0,2.471099238465815,7518.9,0.1659,1.1799388092052994,1.5,0.013866982803217402
703,204494046,16 15 51.62,-22 06 45.1,,11.48,,5.63,0.7,11.39,4.93,1.7409,,,,"USco,bronze",no,Simbad,1,0.99964,17.02,10.030552238465816,,,-1.6615435020019051,,0.013866982803217402
704,203920452,16 15 53.26,-24 24 38.1,,10.35,,5.22,0.26,10.31,4.97,6.9137,,,,"USco,bronze",no,Simbad,1,0.992964,15.530001,8.885956238465816,3777.1,1.1531,-1.081812354667061,0.466736111111111,0.013866982803217402
705,203674308,16 15 53.97,-25 19 49.3,,10.82,,5.72,0.39,10.77,5.34,3.5205,,,,"USco,bronze",no,Simbad,1,0.999146,16.49,9.417192238465816,3667.3,1.197,-1.351932860667015,0.39121794871794885,0.013866982803217402
706,204204606,16 15 54.86,-23 15 14.9,,10.33,,5.52,0.21,10.3,5.31,1.1482,1.4869,,,"USco,gold",no,Simbad,2,0.739358,15.82,9.068186238465817,,,,,0.013866982803217402
707,203837965,16 15 55.07,-24 44 36.8,,12.28,,7.55,0.17,12.26,7.38,2.007,,,,"USco,gold",no,Simbad,1,0.999999,19.810001,11.970971238465816,,,-2.186418997405272,,0.013866982803217402
708,204143627,16 15 59.25,-23 29 36.2,,11.31,,6.0,0.35,11.27,5.65,1.125,,,,"USco,gold",no,Simbad,1,0.999965,17.27,10.060053238465816,,,-1.6871881832983286,,0.013866982803217402
709,205210347,16 15 59.84,-18 50 42.8,,8.43,,4.45,0.98,8.31,3.47,,,,,"USco,bronze",no,Simbad,1,0.999999,12.76,6.563628238465816,,,,,0.013866982803217402
710,204162631,16 15 59.86,-23 25 04.5,,8.53,,3.62,0.7,8.44,2.92,1.7742,,,,"USco,gold",no,Simbad,1,0.999853,12.059999,6.025258238465815,,,,,0.013866982803217402
711,204462739,16 16 00.80,-22 14 19.4,,10.98,,6.56,0.48,10.92,6.08,1.2944,0.9951,,,"USco,gold",no,Simbad,1,0.999998,17.48,9.866582238465815,,,-1.7230788531852443,,0.013866982803217402
712,203894955,16 16 02.91,-24 30 54.8,,8.96,,4.95,1.04,8.83,3.91,4.4286,,,,"USco,gold",no,Simbad,1,0.999881,13.78,7.415050238465815,6165.7,3.0399,,,0.013866982803217402
713,204348630,16 16 02.95,-22 41 09.3,,10.77,,5.92,0.18,10.74,5.75,1.1663,1.0589,,,"USco,bronze",no,Simbad,1,0.999956,16.66,9.484313238465814,,,-1.505149978319906,,0.013866982803217402
714,203731383,16 16 05.15,-25 07 56.3,,10.76,,5.33,0.78,10.66,4.56,7.6418,,,,"USco,bronze",no,Simbad,1,0.998258,15.99,9.215398238465816,3550.9,1.0486,-1.3193019622244742,0.31660256410256415,0.013866982803217402
715,204824257,16 16 08.55,-20 41 51.7,,10.71,,5.71,0.44,10.65,5.28,3.0783,,,,"USco,gold",no,Simbad,1,0.996487,16.36,9.304668238465815,3423.3,0.9809,-1.4837291182799208,0.25157142857142867,0.013866982803217402
716,204554162,16 16 09.43,-21 51 46.8,,9.26,,4.0,0.7,9.17,3.3,7.2161,,,,"USco,bronze",no,Simbad,1,0.998258,13.17,7.090306238465816,4499.3,1.3362,-0.6460068679089017,1.1,0.013866982803217402
717,204337881,16 16 09.45,-22 43 44.0,,10.51,,5.09,0.7,10.42,4.39,9.4415,,,,"USco,gold",no,Simbad,2,1e-06,15.51,8.774713238465814,3575.6,0.7549,-0.974735107562185,0.33243589743589735,0.013866982803217402
718,204154149,16 16 11.71,-23 27 05.2,,11.0,,5.68,0.29,10.97,5.39,1.8865,,,,"USco,gold",no,Simbad,1,0.999617,16.65,9.586900238465816,,,-1.531062184697643,,0.013866982803217402
719,204199333,16 16 11.83,-23 16 26.7,,11.88,,6.01,0.44,11.82,5.58,0.8366,,,,"USco,silver",no,Simbad,1,0.999996,17.83,10.715178238465814,3334.8,1.0296,-1.875821934723276,0.20942857142857152,0.013866982803217402
720,203895004,16 16 12.92,-24 30 54.3,,10.0,,6.73,1.27,9.83,5.46,2.6566,,,,"USco,bronze",no,Simbad,1,0.999989,16.56,9.113703238465815,,,,,0.013866982803217402
721,203840786,16 16 13.28,-24 43 57.5,,9.71,,5.62,0.52,9.64,5.09,2.3881,,,,"USco,bronze",no,Simbad,1,0.99964,15.26,8.464932238465815,,,-0.6228395225144153,,0.013866982803217402
723,203433962,16 16 17.20,-26 09 10.2,,8.72,,4.51,0.18,8.7,4.34,1.4825,1.9664,,,"USco,gold",no,Simbad,1,0.999772,13.21,6.840352238465815,5856.8,2.5028,,,0.013866982803217402
724,204101029,16 16 17.93,-23 39 47.6,10.69,8.1,2.58,2.58,0.48,8.04,2.1,2.631,,,,"USco,gold",no,Simbad,1,0.999874,10.62,4.762095238465815,5277.4,0.5506,0.1997661566873723,0.9831085043988269,0.013866982803217402
725,203565326,16 16 18.94,-25 42 28.9,,8.71,,5.19,1.18,8.56,4.01,0.7929,,,,"USco,gold",no,Simbad,1,0.997667,13.75,7.398468238465815,,,,,0.013866982803217402
726,204082531,16 16 20.10,-23 44 14.4,,10.19,,5.81,0.0,10.19,5.81,0.6513,0.4256,,,"USco,gold",no,Simbad,1,0.999911,16.0,8.837125238465815,,,-1.4285240876245928,,0.013866982803217402
727,203685514,16 16 20.72,-25 17 30.2,,11.19,,6.11,0.95,11.07,5.16,1.2673,,,,"USco,bronze",no,Simbad,1,0.999911,17.18,9.998106238465816,,,-1.512437443054128,,0.013866982803217402
728,202842502,16 16 21.91,-28 09 50.4,9.12,7.93,1.19,1.19,0.7,7.84,0.49,,,,,"USco,bronze",no,Simbad,1,0.999763,9.030001,3.462325238465816,,,0.8658593385029769,,0.013866982803217402
729,203750949,16 16 22.94,-25 03 46.7,8.4,7.23,1.17,1.17,1.0,7.1,0.17,0.6321,1.2198,,,"USco,gold",no,Simbad,1,0.999957,8.2699995,2.758360238465816,,,1.286386610240746,,0.013866982803217402
730,202872570,16 16 23.52,-28 03 24.1,,11.31,,6.05,2.12,11.04,3.94,,,,,"USco,bronze",no,Simbad,1,0.999996,17.09,10.100748238465815,3375.9,1.0069,-1.6777807111212402,0.22900000000000004,0.013866982803217402
731,203568037,16 16 24.38,-25 41 54.1,,10.38,,7.19,1.17,10.23,6.03,1.1992,0.436,0.8086,,"USco,bronze",no,Simbad,1,0.99989,17.42,9.705669238465816,,,,,0.013866982803217402
732,203771564,16 16 25.17,-24 59 19.4,7.94,7.03,0.91,0.91,1.17,6.87,-0.25,0.4121,0.4216,,,"USco,gold",no,Simbad,1,0.999919,7.7799997,2.289205238465815,,,1.7455978155573697,,0.013866982803217402
733,203414491,16 16 30.23,-26 13 05.7,,8.53,,4.65,1.02,8.4,3.64,,,,,"USco,bronze",no,Simbad,1,0.999999,13.049999,6.781743238465815,5446.7,2.2232,,,0.013866982803217402
734,203710387,16 16 30.66,-25 12 20.4,,11.91,,6.55,0.85,11.8,5.69,2.5441,,,,"USco,bronze",no,Simbad,1,0.999999,18.35,11.046183238465815,,,-1.8428455486198887,,0.013866982803217402
735,203747290,16 16 31.00,-25 04 34.8,,11.24,,6.25,1.01,11.11,5.24,0.5784,,,,"USco,bronze",no,Simbad,1,0.999996,17.36,10.256069238465816,3415.8,1.3718,-1.6478174646313255,0.24800000000000008,0.013866982803217402
736,204499729,16 16 32.26,-22 05 20.1,,12.71,,6.6,0.69,12.62,5.91,1.5116,1.9907,,,"USco,gold",yes,Simbad,1,0.999999,19.22,11.968537238465814,,,-2.170053317834218,,0.013866982803217402
737,203416475,16 16 33.06,-26 12 40.7,,11.82,,6.31,0.32,11.78,5.99,13.649,,,,"USco,bronze",no,Simbad,1,0.99982,18.09,10.894848238465816,,,,,0.013866982803217402
738,204153041,16 16 33.42,-23 27 21.4,,11.34,,6.28,0.56,11.27,5.72,0.7567,0.4818,,,"USco,gold",no,Simbad,1,0.999999,17.550001,10.368337238465816,,,-1.7517814320278309,,0.013866982803217402
739,203664569,16 16 33.43,-25 21 50.8,,10.13,,4.91,1.05,9.99,3.86,13.0015,,,,"USco,gold",yes,Simbad,1,0.999245,14.9,8.412141238465816,4106.5,1.2155,-0.9578183944909188,0.7,0.013866982803217402
740,203516237,16 16 33.44,-25 52 36.9,,9.62,,4.96,0.27,9.58,4.69,4.883,,,,"USco,gold",no,Simbad,1,0.999561,14.54,7.947359238465815,4086.4,1.1634,-0.8387218617208249,0.7,0.013866982803217402
741,204206497,16 16 40.36,-23 14 48.4,,9.82,,5.22,0.28,9.78,4.94,5.926,,,,"USco,bronze",no,Simbad,2,1e-06,15.0,8.137327238465815,,,-0.8390515208793804,,0.013866982803217402
742,203679848,16 16 41.35,-25 18 39.7,,11.04,,6.86,0.92,10.92,5.94,0.4985,0.4422,,,"USco,bronze",no,Simbad,1,0.999999,17.78,10.210843238465817,3517.5,1.7253,-1.5985994586534844,0.29642857142857143,0.013866982803217402
743,204202811,16 16 41.62,-23 15 39.2,,11.04,,5.54,0.0,11.04,5.54,1.2501,,,,"USco,gold",no,Simbad,1,0.999488,16.58,9.596584238465816,,,-1.589391466070345,,0.013866982803217402
744,203587408,16 16 42.97,-25 37 54.9,,10.05,,5.92,0.59,9.98,5.33,3.1403,,,,"USco,bronze",no,Simbad,1,0.999661,15.9,8.742712238465815,3739.3,1.2262,-1.0419619669769902,0.44048611111111124,0.013866982803217402
745,203703588,16 16 44.25,-25 13 45.3,8.87,7.72,1.15,1.15,0.67,7.63,0.48,0.1485,0.2682,0.5471,0.0627,"USco,gold",no,Simbad,1,0.999899,8.78,3.203683238465816,10223.6,1.1491,0.7010254073824097,1.5,0.013866982803217402
746,203479994,16 16 45.10,-25 59 57.7,,8.56,,4.14,0.29,8.52,3.85,0.7768,,,,"USco,bronze",no,Simbad,1,0.999991,12.66,6.531457238465816,,,,,0.013866982803217402
747,204126288,16 16 45.38,-23 33 41.6,,12.82,,6.58,0.51,12.75,6.07,0.2112,,,,"USco,silver",no,Simbad,1,0.999999,19.33,11.923068238465817,,,-2.2636034933298674,,0.013866982803217402
748,203337814,16 16 47.54,-26 28 18.1,,11.69,,5.97,0.7,11.59,5.27,0.781,,,,"USco,bronze",no,Simbad,1,0.999991,17.56,10.409553238465817,,,-1.8467951043361583,,0.013866982803217402
749,203855509,16 16 47.93,-24 40 28.4,,10.26,,6.18,0.77,10.16,5.41,4.5193,0.385,0.4276,,"USco,bronze",no,Simbad,1,0.999924,16.34,9.105209238465816,3507.5,1.4101,,,0.013866982803217402
750,203627083,16 16 48.72,-25 29 40.4,,11.5,,6.93,1.13,11.35,5.8,0.8799,1.2371,,,"USco,bronze",no,Simbad,2,,18.28,12.025778238465817,,,,,0.013866982803217402
751,203520293,16 16 50.62,-25 51 46.7,8.3,7.1,1.2,1.2,0.73,7.0,0.47,1.6785,,,,"USco,gold",no,Simbad,1,0.999968,8.2,2.681858238465816,,,0.9652868396228989,,0.013866982803217402
752,203884472,16 16 51.30,-24 33 27.7,10.08,7.65,2.43,2.43,0.81,7.55,1.63,1.3796,,,,"USco,gold",no,Simbad,1,0.999984,9.9800005,4.255903238465816,6628.6,1.3259,,,0.013866982803217402
753,204241221,16 16 53.37,-23 06 37.7,8.68,7.34,1.34,1.34,0.71,7.25,0.64,0.5278,,,,"USco,bronze",no,Simbad,1,0.999791,8.59,2.982774238465815,7265.7,0.4918,0.8686755906725879,1.5,0.013866982803217402
754,203768482,16 16 54.29,-24 59 59.2,,10.83,,6.2,0.88,10.72,5.32,2.5824,1.6283,,,"USco,bronze",no,Simbad,1,0.999982,16.92,9.681436238465816,3477.9,1.2585,-1.5236031682616944,0.2775714285714286,0.013866982803217402
755,204611596,16 16 54.57,-21 37 15.4,10.19,8.38,1.81,1.81,0.32,8.34,1.49,,,,,"USco,gold",no,Simbad,1,0.999891,10.15,4.387423238465816,5777.2,0.1995,0.2229894324032074,1.1386206896551725,0.013866982803217402
756,203844508,16 16 56.03,-24 43 05.2,,11.37,,6.86,1.24,11.21,5.62,2.1352,,,,"USco,bronze",no,Simbad,1,0.999999,18.07,10.504286238465816,3428.6,1.6564,-1.712646238745605,0.25409523809523804,0.013866982803217402
757,204144407,16 16 56.10,-23 29 25.2,,9.02,,4.69,0.57,8.95,4.12,3.9926,,,,"USco,bronze",no,Simbad,1,0.99885,13.639999,7.544682238465816,,,,,0.013866982803217402
758,203527618,16 16 58.00,-25 50 16.6,,11.41,,6.4,1.0,11.28,5.4,3.1465,,,,"USco,bronze",no,Simbad,1,0.999996,17.68,10.330930238465816,3373.5,1.2623,-1.7253803621613792,0.22785714285714287,0.013866982803217402
759,204543498,16 16 59.82,-21 54 27.5,,10.64,,5.42,0.18,10.62,5.24,1.9397,,,,"USco,gold",no,Simbad,2,1e-06,16.04,9.092935238465817,3460.9,0.8643,-1.4056074669477534,0.26947619047619054,0.013866982803217402
760,204414610,16 17 06.06,-22 25 41.6,,11.24,,5.86,0.21,11.21,5.64,3.6567,0.3393,,,"USco,gold",no,Simbad,1,0.999926,17.07,9.917454238465815,,,-1.544393874316479,,0.013866982803217402
761,204303402,16 17 13.79,-22 51 58.6,,10.86,,5.73,0.22,10.83,5.51,1.5714,,,,"USco,gold",no,Simbad,1,0.999751,16.56,9.464778238465817,3464.1,0.9483,-1.489187013616868,0.27099999999999996,0.013866982803217402
762,204150518,16 17 16.48,-23 27 57.3,,10.24,,5.68,0.76,10.14,4.92,5.1763,,,,"USco,gold",no,Simbad,1,0.996487,15.82,8.794744238465816,,,-1.3031196377643677,,0.013866982803217402
763,203868608,16 17 18.97,-24 37 18.8,,10.76,,7.08,1.17,10.61,5.91,5.6382,1.1066,,,"USco,bronze",no,Simbad,1,0.999999,17.689999,10.055987238465816,3412.8,1.972,-1.5828605881229405,0.24657142857142866,0.013866982803217402
764,204099505,16 17 21.17,-23 40 08.7,,11.59,,6.41,0.77,11.49,5.64,2.0337,,,,"USco,bronze",no,Simbad,1,0.999993,17.9,10.520581238465816,3414.6,1.3009,-1.6800615736380158,0.2474285714285714,0.013866982803217402
765,204162886,16 17 21.61,-23 25 00.6,,10.8,,5.52,0.25,10.77,5.27,6.7457,,,,"USco,gold",no,Simbad,1,0.997667,16.29,9.295457238465817,3443.2,0.9144,-1.4650858992109377,0.261047619047619,0.013866982803217402
766,203452629,16 17 23.25,-26 05 25.0,,10.81,,6.61,0.64,10.73,5.97,3.7607,,,,"USco,bronze",no,Simbad,1,0.99997,17.34,9.851872238465816,3603.7,1.7496,-1.4018663736077692,0.35044871794871785,0.013866982803217402
767,203465939,16 17 24.53,-26 02 43.6,,11.24,,6.4,1.71,11.02,4.69,3.4351,,,,"USco,bronze",maybe,Simbad,1,0.999985,17.42,10.161496238465816,5137.0,3.0746,-1.2972249349495637,0.9419354838709677,0.013866982803217402
768,203809634,16 17 26.14,-24 50 59.4,,9.85,,6.02,0.83,9.75,5.19,2.9647,1.2365,,,"USco,gold",no,Simbad,1,0.999751,15.77,8.591289238465816,,,,,0.013866982803217402
769,203696274,16 17 26.58,-25 15 16.5,,10.39,,6.73,1.38,10.21,5.34,0.747,,,,"USco,bronze",no,Simbad,1,0.999994,16.94,9.494146238465817,3438.5,1.5708,-0.8201897785995224,0.2588095238095238,0.013866982803217402
770,203934572,16 17 27.69,-24 21 02.9,,10.3,,6.37,0.87,10.18,5.51,1.1111,,,,"USco,gold",no,Simbad,1,0.999994,16.55,9.294623238465816,,,,,0.013866982803217402
771,203809317,16 17 29.94,-24 51 03.2,,9.79,,5.71,1.16,9.64,4.55,6.4557,2.3893,,,"USco,gold",no,Simbad,1,0.999881,15.35,8.877263238465815,,,,,0.013866982803217402
772,203863067,16 17 30.31,-24 38 39.2,,9.73,,5.38,0.47,9.67,4.91,6.0633,,,,"USco,gold",no,Simbad,1,0.999617,15.05,8.119089238465815,5742.6,2.8726,-0.8686058973866291,1.1277742946708467,0.013866982803217402
773,203494280,16 17 31.71,-25 57 04.5,,10.53,,5.05,0.9,10.41,4.14,,,,,"USco,bronze",no,Simbad,1,1.0,15.46,9.042727238465815,5186.0,2.4661,,,0.013866982803217402
774,203495623,16 17 32.14,-25 56 48.2,,10.78,,5.68,0.69,10.69,5.0,,,,,"USco,bronze",no,Simbad,1,0.999999,16.369999,9.345784238465816,6423.4,3.1482,,,0.013866982803217402
775,203910995,16 17 32.21,-24 27 00.3,,10.49,,6.43,0.96,10.37,5.47,1.4704,1.975,,,"USco,bronze",no,Simbad,1,0.999996,16.8,9.461547238465815,3467.2,1.384,-1.5184140727791515,0.27247619047619037,0.013866982803217402
776,203565563,16 17 33.98,-25 42 26.0,,10.42,,4.79,0.01,10.42,4.78,10.2124,,,,"USco,bronze",no,Simbad,1,0.997667,15.21,8.899303238465816,3503.9,1.062,-1.345534671114435,0.28995238095238096,0.013866982803217402
777,203925874,16 17 34.56,-24 23 16.4,,11.57,,6.26,0.85,11.46,5.4,6.6099,,,,"USco,bronze",no,Simbad,1,0.999971,17.720001,10.421599238465816,,,-1.674279149891888,,0.013866982803217402
778,203788453,16 17 37.22,-24 55 36.4,,10.42,,5.02,0.51,10.35,4.51,5.0061,,,,"USco,bronze",no,Simbad,1,0.999561,15.370001,8.776496238465816,3849.3,1.1388,-0.7190348437048476,0.6,0.013866982803217402
779,203563208,16 17 38.94,-25 42 55.6,,10.55,,6.6,0.91,10.44,5.69,0.4307,0.5757,,,"USco,bronze",maybe,Simbad,1,0.999999,17.039999,9.615790238465816,,,-1.5401553686377962,,0.013866982803217402
780,203789628,16 17 46.96,-24 55 21.1,,10.47,,6.78,1.17,10.32,5.61,1.2829,,,,"USco,bronze",no,Simbad,1,0.999996,17.1,9.610064238465815,,,,,0.013866982803217402
781,203789325,16 17 47.68,-24 55 25.1,,11.74,,6.88,1.14,11.59,5.74,2.0229,1.2828,,,"USco,bronze",yes,Simbad,1,0.999999,18.470001,10.888216238465816,,,-1.7664962402939186,,0.013866982803217402
782,203098364,16 17 53.82,-27 15 54.6,,11.17,,4.84,0.22,11.14,4.62,3.6979,,,,"USco,bronze",no,Simbad,1,0.999998,15.9800005,9.505831238465817,,,,,0.013866982803217402
783,203842482,16 17 54.81,-24 43 33.6,10.31,7.8,2.51,2.51,1.27,7.64,1.24,1.1862,,,,"USco,bronze",no,Simbad,1,0.999984,10.15,4.322628238465816,7342.7,1.4876,0.8120499306637229,1.5,0.013866982803217402
784,203119637,16 17 55.01,-27 11 30.4,,9.9,,4.33,0.11,9.89,4.22,6.2874,,,,"USco,gold",maybe,Simbad,1,0.998258,14.22,7.790483238465816,3870.3,0.6239,-0.3275973189664567,0.52489010989011,0.013866982803217402
785,202632400,16 17 56.07,-28 56 40.1,,11.97,,6.07,0.0,11.97,6.07,1.3723,,,,"USco,bronze",no,Simbad,1,0.999996,18.04,10.796870238465814,,,-1.891773331075522,,0.013866982803217402
786,203511488,16 17 59.83,-25 53 35.0,,11.13,,5.03,0.3,11.09,4.73,,,,,"USco,bronze",no,Simbad,1,0.999995,16.12,9.605518238465816,7150.8,3.5159,,,0.013866982803217402
787,205596184,16 18 03.05,-16 30 15.2,,11.69,,5.93,0.7,11.6,5.23,2.0951,,,,"USco,bronze",no,Simbad,1,0.999997,17.53,10.456639238465817,3352.2,1.0505,-1.9179330735471067,0.21771428571428564,0.013866982803217402
788,203542463,16 18 08.68,-25 47 12.8,,12.14,,8.43,2.15,11.86,6.28,1.5633,,,,"USco,bronze",yes,Simbad,1,1.0,20.29,11.929345238465814,,,-1.988852643727756,,0.013866982803217402
789,202910245,16 18 09.10,-27 55 19.8,,11.4,,6.27,0.24,11.37,6.02,0.5882,,,,"USco,bronze",no,Simbad,1,0.999996,17.64,10.319305238465816,,,-1.6920762936746778,,0.013866982803217402
790,203097006,16 18 09.91,-27 16 11.8,,10.19,,5.6,0.48,10.13,5.11,19.5046,,,,"USco,bronze",maybe,Simbad,1,0.999019,15.73,8.860703238465815,3589.9,1.1787,-0.559012246348315,0.3416025641025642,0.013866982803217402
791,202569086,16 18 11.07,-29 11 12.6,10.46,8.38,2.08,2.08,0.95,8.26,1.14,1.1432,,,,"USco,gold",no,Simbad,1,0.999617,10.34,4.638462238465815,5736.4,0.3626,0.2138523224237962,1.1258307210031346,0.013866982803217402
792,202876718,16 18 16.16,-28 02 30.1,7.06,7.04,0.02,0.02,0.7,6.95,-0.68,,,,,"USco,gold",yes,Simbad,1,0.99966,6.97,1.4894292384658154,10520.4,0.0925,1.483332062675732,1.5,0.013866982803217402
793,203385048,16 18 16.17,-26 19 08.3,,10.94,,7.28,1.83,10.7,5.45,1.0777,1.3248,,,"USco,bronze",yes,Simbad,1,1.0,17.98,10.868086238465814,,,,,0.013866982803217402
794,205272194,16 18 37.58,-18 31 06.7,,11.13,,6.69,0.49,11.07,6.19,0.3751,0.4368,,,"USco,bronze",no,Simbad,1,0.999999,17.76,10.340005238465816,,,-1.7347103828802517,,0.013866982803217402
795,205267399,16 18 41.87,-18 32 40.1,,10.08,,5.7,0.18,10.06,5.53,0.3311,0.3344,,,"USco,bronze",no,Simbad,1,0.999019,15.76,8.601427238465815,3427.1,0.8341,-1.4249276652925524,0.2533809523809523,0.013866982803217402
796,205264786,16 18 42.08,-18 33 29.3,,9.93,,4.72,0.0,9.93,4.71,5.3646,,,,"USco,bronze",no,Simbad,1,0.992964,14.65,7.957017238465815,3592.2,0.5458,-1.2245351972006369,0.34307692307692295,0.013866982803217402
797,203004488,16 18 44.30,-27 35 30.6,,12.24,,6.94,1.09,12.1,5.85,1.4538,,,,"USco,bronze",no,Simbad,1,0.999998,19.04,11.406838238465816,3388.4,1.526,-1.941573992038512,0.234952380952381,0.013866982803217402
798,204862767,16 18 44.84,-20 31 27.9,,10.41,,5.92,0.4,10.36,5.52,1.0482,,,,"USco,bronze",no,Simbad,1,0.999591,16.279999,9.100914238465815,3572.0,1.1664,-1.4138629824624953,0.3301282051282051,0.013866982803217402
799,204608015,16 19 02.14,-21 38 09.9,,10.4,,5.51,0.7,10.31,4.81,8.8518,,,,"USco,gold",no,Simbad,1,0.996487,15.820001,8.903413238465815,3487.7,0.829,-1.4067139278287637,0.2822380952380952,0.013866982803217402
800,202552141,16 19 16.09,-29 15 12.6,,10.44,,5.27,0.04,10.43,5.23,1.8206,,,,"USco,gold",no,Simbad,1,0.996487,15.700001,8.895740238465816,,,,,0.013866982803217402
801,205004288,16 19 19.52,-19 51 58.7,,12.28,,6.7,1.83,12.05,4.87,,,,,"USco,bronze",no,Simbad,1,0.999999,18.75,11.336094238465815,4743.5,2.7164,-1.2265060986846397,0.8344240837696335,0.013866982803217402
802,204435866,16 19 23.92,-22 20 41.5,,11.9,,6.69,0.7,11.81,5.99,1.398,,,,"USco,bronze",yes,Simbad,1,0.999992,18.5,10.977683238465817,3102.0,0.718,-1.897909476841433,0.13280757097791798,0.013866982803217402
803,204662993,16 19 29.24,-21 24 13.2,9.11,7.8,1.31,1.31,0.32,7.76,0.99,1.6944,,,,"USco,gold",yes,Simbad,1,0.99885,9.07,3.406067238465816,6425.5,0.174,0.5285284970814559,1.3573089700996677,0.013866982803217402
804,204402572,16 19 33.95,-22 28 29.3,11.31,8.51,2.8,2.8,0.48,8.45,2.32,4.0273,,,,"USco,gold",no,Simbad,1,0.999853,11.25,5.532447238465815,4831.3,0.5827,-0.1721656508127891,0.8574083769633508,0.013866982803217402
805,205008727,16 19 35.70,-19 50 42.6,,10.75,,9.25,1.65,10.54,7.6,,,,,"USco,bronze",yes,Simbad,1,0.999866,19.79,11.490904238465816,,,-1.316952961062981,,0.013866982803217402
806,204454456,16 19 43.08,-22 16 17.8,,11.3,,5.7,0.27,11.26,5.43,3.1811,,,,"USco,silver",no,Simbad,1,0.999739,16.96,9.891068238465817,3384.1,0.8934,-1.6823544393139105,0.23290476190476186,0.013866982803217402
807,204569229,16 19 45.38,-21 47 57.7,,9.08,,4.38,0.16,9.06,4.22,22.9226,1.2634,,,"USco,gold",no,Simbad,2,1e-06,13.440001,7.018718238465816,3974.2,0.7207,-0.6042019963672454,0.5819780219780218,0.013866982803217402
808,204508462,16 19 47.10,-22 03 11.4,,10.55,,5.89,0.36,10.5,5.53,1.5753,,,,"USco,gold",yes,Simbad,1,0.999772,16.39,9.216165238465816,3421.9,0.9065,-1.4741780431844802,0.25090476190476196,0.013866982803217402
809,204468718,16 19 48.36,-22 12 52.1,,10.32,,5.07,0.38,10.27,4.69,15.1305,,,,"USco,gold",no,Simbad,2,1e-06,15.34,8.615166238465815,3476.0,0.7702,-1.2859218211776264,0.27666666666666667,0.013866982803217402
810,204418342,16 19 48.77,-22 24 47.6,,10.83,,5.98,0.0,10.83,5.98,0.4761,0.6337,,,"USco,silver",no,Simbad,1,0.999997,16.81,9.585384238465815,3283.0,0.8648,-1.7520267401462477,0.18990536277602527,0.013866982803217402
811,204598458,16 19 48.84,-21 40 36.2,,10.81,,5.44,0.32,10.77,5.13,1.5429,,,,"USco,gold",no,Simbad,1,0.996487,16.210001,9.273038238465816,,,-1.482276401268438,,0.013866982803217402
812,204542962,16 19 50.68,-21 54 35.4,12.36,8.2,4.16,4.16,0.19,8.18,3.97,1.2719,,,,"USco,gold",no,Simbad,1,0.999561,12.34,6.072260238465816,,,,,0.013866982803217402
813,204260042,16 19 50.91,-23 02 08.2,,12.14,,6.39,0.32,12.1,6.07,1.3344,,,,"USco,bronze",maybe,Simbad,1,0.999996,18.49,11.028948238465816,,,-2.039529215958768,,0.013866982803217402
814,204347422,16 19 51.40,-22 41 26.9,,12.18,,7.32,0.7,12.09,6.62,6.8541,,,,"USco,bronze",yes,Simbad,1,0.999998,19.41,11.617813238465814,2812.5,0.2938,-1.899974255890276,0.1,0.013866982803217402
815,204168477,16 19 51.85,-23 23 41.0,,10.79,,6.56,0.64,10.71,5.93,0.7376,0.5238,,,"USco,bronze",no,Simbad,1,0.999999,17.27,9.913529238465816,,,-1.6352614561886794,,0.013866982803217402
816,204364130,16 19 54.96,-22 37 32.5,,11.46,,6.92,0.57,11.39,6.35,1.2696,,,,"USco,bronze",no,Simbad,1,0.999998,18.310001,10.635363238465814,,,-1.7612014328497687,,0.013866982803217402
817,204966512,16 20 03.98,-20 02 41.5,8.06,7.09,0.97,0.97,0.93,6.97,0.04,,,,,"USco,gold",maybe,Simbad,1,0.999952,7.9399996,2.4288042384658155,,,,,0.013866982803217402
818,204964091,16 20 05.49,-20 03 23.0,7.4,6.68,0.72,0.72,0.84,6.57,-0.12,3.9214,,,,"USco,gold",yes,Simbad,1,0.999821,7.29,1.7304822384658154,,,,,0.013866982803217402
819,204469637,16 20 06.14,-22 12 38.8,,10.65,,5.52,0.32,10.61,5.19,4.9174,,,,"USco,gold",yes,Simbad,2,1e-06,16.13,9.094263238465816,3455.8,0.8408,-1.3977229136429017,0.26704761904761914,0.013866982803217402
820,204321959,16 20 06.85,-22 47 32.2,,10.79,,6.15,0.4,10.74,5.76,0.7811,,,,"USco,gold",no,Simbad,1,0.999981,16.89,9.613032238465816,3425.6,1.125,-1.5400047468158624,0.2526666666666666,0.013866982803217402
821,205403104,16 20 07.59,-17 47 59.4,,8.72,,3.4,0.33,8.68,3.07,2.7512,,,,"USco,bronze",no,Simbad,1,0.999997,12.08,6.068304238465816,,,,,0.013866982803217402
822,205399487,16 20 08.56,-17 49 18.4,11.32,8.23,3.09,3.09,0.64,8.15,2.46,,,,,"USco,bronze",no,Simbad,1,0.999998,11.24,5.294362238465816,,,,,0.013866982803217402
823,204932248,16 20 08.97,-20 12 22.5,,10.62,,6.51,0.77,10.52,5.74,3.7208,,,,"USco,bronze",maybe,Simbad,1,0.999992,17.03,9.613688238465816,3478.2,1.3752,-1.549442994498506,0.27771428571428564,0.013866982803217402
824,203583386,16 20 15.03,-25 38 44.3,9.1,7.67,1.43,1.43,1.39,7.49,0.04,,,,,"USco,gold",no,Simbad,1,0.999968,8.92,3.386203238465816,,,0.7009942836617807,,0.013866982803217402
825,204956337,16 20 21.62,-20 05 35.1,,10.96,,6.45,0.88,10.85,5.57,7.7648,,,,"USco,gold",no,Simbad,1,0.999999,17.3,10.065342238465815,,,-1.7166987506685698,,0.013866982803217402
826,204408707,16 20 22.91,-22 27 04.3,,10.18,,5.48,0.56,10.11,4.93,3.2942,,,,"USco,bronze",yes,Simbad,1,0.992964,15.59,8.708178238465814,3428.4,0.6432,-0.9743255433770134,0.25400000000000006,0.013866982803217402
827,204559599,16 20 24.97,-21 50 24.1,,9.88,,4.87,0.37,9.83,4.5,5.6604,,,,"USco,gold",no,Simbad,2,1e-06,14.7,8.097788238465816,3569.3,0.5427,-0.9414221449947046,0.32839743589743603,0.013866982803217402
828,204287798,16 20 26.08,-22 55 43.1,,11.84,,7.13,0.76,11.74,6.37,0.9748,,,,"USco,bronze",no,Simbad,1,1.0,18.869999,11.108921238465816,,,-1.9523357965494288,,0.013866982803217402
1251,203989848,16 29 24.53,-24 06 48.0,,9.75,,8.92,4.61,9.15,4.32,,,,,"ROph,bronze",no,Simbad,1,1.0,18.07,10.017609238465814,6621.6,4.8153,,,0.013866982803217402
829,204655550,16 20 27.24,-21 26 06.8,,9.19,,4.45,0.25,9.16,4.2,4.0268,6.0824,,,"USco,gold",no,Simbad,2,1e-06,13.61,7.255182238465816,3777.1,0.6598,,,0.013866982803217402
830,204638251,16 20 28.13,-21 30 32.5,8.57,7.5,1.07,1.07,0.54,7.43,0.53,3.6071,,,,"USco,gold",no,Simbad,1,0.999593,8.5,2.928311238465815,,,0.7197694879865676,,0.013866982803217402
831,205516967,16 20 28.25,-17 03 51.0,,8.96,,3.76,0.7,8.87,3.06,4.5187,,,,"USco,bronze",no,Simbad,1,0.99999,12.63,6.562248238465815,,,,,0.013866982803217402
832,203848625,16 20 28.63,-24 42 08.8,,9.69,,5.8,1.94,9.44,3.86,7.9926,,,,"USco,bronze",yes,Simbad,1,0.999862,15.24,8.632619238465816,,,-0.4617153961494905,,0.013866982803217402
833,204951022,16 20 30.25,-20 07 03.7,7.56,6.23,1.33,1.33,1.45,6.04,-0.12,,,,,"USco,bronze",no,Simbad,1,0.999915,7.37,1.872648238465815,,,1.1414086948182576,,0.013866982803217402
834,204951731,16 20 30.56,-20 06 51.9,8.41,7.09,1.32,1.32,0.78,6.99,0.55,,,,,"USco,gold",no,Simbad,1,0.999931,8.309999,2.7187072384658144,,,0.7808528150467136,,0.013866982803217402
835,204615541,16 20 31.17,-21 36 15.3,,10.59,,5.55,0.32,10.55,5.23,2.4707,,,,"USco,bronze",no,Simbad,1,0.997667,16.1,9.108992238465817,,,-1.424235015956815,,0.013866982803217402
836,204279000,16 20 32.44,-22 57 45.6,,9.77,,5.9,1.18,9.62,4.72,4.395,,,,"USco,gold",no,Simbad,1,0.999806,15.52,8.760588238465814,,,,,0.013866982803217402
837,204666965,16 20 36.40,-21 23 12.3,,10.02,,5.86,0.21,9.99,5.65,13.3557,0.4891,,,"USco,gold",no,Simbad,1,0.999964,15.85,8.706436238465816,3366.9,1.02,,,0.013866982803217402
838,203869829,16 20 38.48,-24 37 01.5,,9.6,,5.36,1.05,9.47,4.31,10.714,,,,"USco,bronze",maybe,Simbad,1,0.999998,14.83,8.322020238465814,7894.7,3.9489,,,0.013866982803217402
839,203478236,16 20 40.39,-26 00 18.2,,11.51,,6.63,0.82,11.4,5.81,1.7358,,,,"USco,bronze",no,Simbad,1,0.999997,18.029999,10.530615238465815,3427.6,1.4431,-1.6428277407529244,0.2536190476190476,0.013866982803217402
840,203891936,16 20 44.68,-24 31 38.3,,8.53,,3.89,0.0,8.53,3.89,0.4691,0.5776,,,"USco,gold",no,Simbad,1,0.999998,12.42,6.166545238465815,,,,,0.013866982803217402
841,204372172,16 20 50.23,-22 35 38.7,9.03,7.78,1.24,1.24,0.79,7.68,0.46,0.1234,0.0458,,,"USco,gold",yes,Simbad,1,0.999491,8.92,3.316306238465815,7479.6,0.5152,0.6498963293112678,1.5,0.013866982803217402
842,204296346,16 20 50.95,-22 53 40.0,,9.8,,5.34,0.31,9.76,5.03,8.2662,,,,"USco,silver",no,Simbad,1,0.999527,15.1,8.178765238465814,3889.0,1.2822,-1.0214543114712422,0.5351648351648352,0.013866982803217402
843,204907137,16 20 53.00,-20 19 20.2,,9.96,,4.99,0.88,9.85,4.11,,,,,"USco,bronze",no,Simbad,1,0.999995,14.84,8.406872238465816,5576.6,2.6802,-0.5181991692916615,1.1,0.013866982803217402
844,205211404,16 21 02.88,-18 50 22.1,,8.98,,3.64,0.7,8.89,2.94,5.5216,,,,"USco,bronze",no,Simbad,1,0.999245,12.530001,6.480999238465815,4602.4,0.9443,,,0.013866982803217402
845,203636498,16 21 05.09,-25 27 42.6,,10.94,,6.34,0.35,10.9,5.99,0.7794,,,,"USco,bronze",no,Simbad,1,0.999997,17.24,9.868669238465817,3281.2,0.8756,-1.6681679736730783,0.18933753943217663,0.013866982803217402
846,203598787,16 21 09.84,-25 35 33.0,8.26,7.18,1.08,1.08,0.98,7.06,0.09,0.8637,,,,"USco,bronze",,Simbad,1,0.999972,8.14,2.8316912384658157,,,0.7296870738083828,,0.013866982803217402
847,203540227,16 21 10.26,-25 47 41.3,,10.81,,5.82,0.85,10.7,4.97,3.7888,,,,"USco,bronze",no,Simbad,1,0.998613,16.52,9.439591238465816,3560.1,1.1645,-1.3280869780150977,0.32249999999999995,0.013866982803217402
848,203425996,16 21 14.32,-26 10 46.4,,11.02,,6.84,1.19,10.87,5.65,5.2152,,,,"USco,bronze",no,Simbad,1,0.999996,17.71,10.166342238465814,3426.1,1.645,-1.5503673461379075,0.25290476190476185,0.013866982803217402
849,203625455,16 21 14.92,-25 30 01.2,,11.35,,6.89,0.73,11.26,6.16,1.0829,,,,"USco,bronze",no,Simbad,1,0.999999,18.15,10.510093238465814,,,-1.7110804042534644,,0.013866982803217402
850,203542353,16 21 15.23,-25 47 13.9,,10.01,,7.07,1.17,9.86,5.9,,,,,"USco,bronze",no,Simbad,1,0.999975,16.93,9.285611238465815,,,,,0.013866982803217402
851,204353205,16 21 15.83,-22 40 04.7,,9.75,,5.11,0.95,9.63,4.17,6.0327,,,,"USco,gold",no,Simbad,2,1e-06,14.74,8.194305238465816,3656.8,0.8049,-0.9715914240122294,0.3844871794871796,0.013866982803217402
852,204346718,16 21 16.80,-22 41 36.8,,12.23,,7.36,1.09,12.09,6.28,0.6431,,,,"USco,bronze",no,Simbad,1,0.999999,19.45,11.597468238465815,,,-2.070070436219589,,0.013866982803217402
853,204290918,16 21 18.47,-22 54 58.1,,10.15,,7.45,2.12,9.88,5.33,2.5359,,,,"USco,bronze",yes,Simbad,1,0.999996,17.33,9.551722238465816,3512.4,1.9149,,,0.013866982803217402
854,203915538,16 21 19.20,-24 25 52.5,,10.67,,8.23,3.23,10.26,5.0,1.319,,,,"USco,gold",maybe,Simbad,1,0.999946,18.49,11.294562238465817,,,,,0.013866982803217402
855,204494885,16 21 21.14,-22 06 32.2,8.59,7.37,1.22,1.22,0.98,7.25,0.24,0.977,4.6979,,,"USco,gold",no,Simbad,1,0.999798,8.47,2.9366782384658148,7696.6,0.6586,1.123025687679711,1.5,0.013866982803217402
856,203914036,16 21 24.88,-24 26 14.6,,11.42,,8.25,2.85,11.05,5.39,2.2794,,,,"USco,gold",maybe,Simbad,1,1.0,19.3,11.263686238465816,,,-1.7274622304748588,,0.013866982803217402
857,203338523,16 21 27.97,-26 28 10.2,,11.88,,7.08,0.64,11.8,6.44,,,,,"USco,bronze",no,Simbad,1,0.999999,18.880001,11.101031238465817,,,-1.9562448574318647,,0.013866982803217402
858,204217770,16 21 28.45,-23 12 11.1,13.79,8.74,5.05,5.05,0.97,8.61,4.08,2.9264,,,,"USco,bronze",no,Simbad,1,0.999942,13.66,7.214611238465816,5786.0,2.8791,-0.6140185672989495,1.1413793103448275,0.013866982803217402
859,203626828,16 21 29.53,-25 29 43.4,,10.19,,5.25,0.78,10.09,4.47,2.0554,,,,"USco,gold",no,Simbad,1,0.992964,15.34,8.582031238465815,3527.3,0.8516,-1.0859743642820412,0.3014743589743591,0.013866982803217402
860,204644117,16 21 29.61,-21 29 03.9,,11.23,,6.34,0.16,11.2,6.18,0.5736,,,,"USco,gold",no,Simbad,1,0.999998,17.54,10.121395238465816,3281.3,0.9222,-1.724458328769076,0.18936908517350165,0.013866982803217402
861,203526802,16 21 33.08,-25 50 26.8,,11.08,,5.36,0.35,11.04,5.01,,,,,"USco,bronze",no,Simbad,1,0.99968,16.4,9.480392238465816,3937.6,1.2712,-1.2205478096620432,0.7,0.013866982803217402
862,204260890,16 21 33.97,-23 01 55.9,13.95,9.23,4.72,4.72,0.37,9.18,4.35,,,,,"USco,bronze",maybe,Simbad,1,0.999987,13.9,7.593133238465816,,,,,0.013866982803217402
863,203417549,16 21 34.70,-26 12 26.9,,8.86,,4.5,1.8,8.63,2.7,3.356,,,,"USco,bronze",yes,Simbad,1,0.999801,13.13,7.009708238465816,5778.4,1.9378,-0.5647450653168545,1.1389968652037616,0.013866982803217402
864,205471638,16 21 36.58,-17 22 04.6,11.31,8.19,3.12,3.12,0.7,8.1,2.42,,,,,"USco,bronze",no,Simbad,1,0.999987,11.22,5.308925238465815,,,,,0.013866982803217402
865,204280039,16 21 37.98,-22 57 30.9,,12.42,,7.45,2.11,12.15,5.34,,,,,"USco,bronze",no,Simbad,1,0.999994,19.599998,11.846877238465815,4032.2,2.5759,,,0.013866982803217402
866,202873945,16 21 39.90,-28 03 06.9,,11.24,,7.38,1.21,11.09,6.16,0.6258,,,,"USco,bronze",maybe,Simbad,1,1.0,18.470001,10.629691238465814,3484.3,1.8663,-1.659754248176261,0.2806190476190477,0.013866982803217402
867,204589989,16 21 40.58,-21 42 44.0,,8.82,,3.23,0.7,8.73,2.53,,,,,"USco,bronze",no,Simbad,1,0.999998,11.959999,6.076835238465815,,,,,0.013866982803217402
868,204471912,16 21 41.26,-22 12 05.7,,9.94,,5.91,0.35,9.9,5.56,0.7562,0.8027,,,"USco,gold",no,Simbad,1,0.999838,15.809999,8.641671238465815,3520.6,1.0888,,,0.013866982803217402
869,204211116,16 21 41.98,-23 13 43.5,,10.96,,7.92,2.02,10.7,5.9,2.1605,,,,"USco,bronze",yes,Simbad,1,0.999999,18.619999,10.592715238465814,,,-1.6647427262084722,,0.013866982803217402
870,203495721,16 21 47.92,-25 56 47.1,9.37,8.03,1.34,1.34,0.27,7.99,1.07,1.8446,0.8394,,,"USco,bronze",no,Simbad,2,1e-06,9.33,3.614192238465815,6280.4,0.1121,0.8690427026399857,1.3091029900332225,0.013866982803217402
871,203685806,16 21 48.51,-25 17 26.7,,9.97,,4.86,0.37,9.93,4.49,3.7758,,,,"USco,gold",no,Simbad,1,0.999928,14.790001,8.348548238465815,4847.4,2.1604,-0.8902527743501354,0.8616230366492146,0.013866982803217402
872,204862760,16 21 53.09,-20 31 27.7,,8.47,,6.1,0.95,8.35,5.16,,,,,"USco,bronze",,Simbad,1,0.999992,14.450001,7.201705238465815,5582.2,1.3834,-0.399005350523864,1.0774921630094043,0.013866982803217402
873,204819556,16 21 54.66,-20 43 09.1,,9.15,,3.25,0.0,9.15,3.25,7.5769,,,,"USco,silver",no,Simbad,1,0.992964,12.4,6.285517238465815,4296.4,0.1878,-0.5457651200416297,0.7113483146067414,0.013866982803217402
874,203001378,16 21 54.79,-27 36 10.4,,11.47,,6.2,0.76,11.37,5.44,2.9554,,,,"USco,bronze",no,Simbad,1,0.999949,17.57,10.301799238465817,3524.6,1.4088,-1.6161846363728385,0.29980952380952375,0.013866982803217402
875,204552994,16 21 55.06,-21 52 04.6,,10.4,,5.89,0.36,10.36,5.53,2.358,,,,"USco,bronze",no,Simbad,1,0.999146,16.25,9.083608238465816,3418.0,0.9818,-1.345534671114435,0.24904761904761905,0.013866982803217402
876,204244466,16 21 56.76,-23 05 50.6,,10.19,,4.81,0.59,10.11,4.22,,,,,"USco,bronze",no,Simbad,1,0.999992,14.92,8.498546238465815,,,0.6228085912374051,,0.013866982803217402
877,203899877,16 21 57.68,-24 29 43.5,10.27,7.59,2.68,2.68,2.52,7.26,0.16,,,,,"USco,bronze",yes,Simbad,1,0.999992,9.940001,4.329854238465815,,,,,0.013866982803217402
878,203143409,16 21 59.75,-27 06 36.9,,11.26,,5.65,0.7,11.17,4.95,2.0651,,,,"USco,gold",no,Simbad,1,0.999726,16.82,9.819500238465816,3383.1,0.8537,-1.5904049812382373,0.23242857142857137,0.013866982803217402
879,204329690,16 22 01.93,-22 45 41.2,,10.88,,7.53,2.46,10.57,5.07,2.1541,,,,"USco,bronze",yes,Simbad,1,1.0,18.1,10.646376238465816,3466.0,2.4143,-1.684239515952766,0.27190476190476187,0.013866982803217402
880,204671953,16 22 05.87,-21 21 55.6,,9.96,,4.87,0.4,9.91,4.47,3.4054,,,,"USco,gold",no,Simbad,1,0.996487,14.78,8.141070238465815,3599.0,0.7134,-0.8986998327182304,0.3474358974358974,0.013866982803217402
881,204651589,16 22 06.56,-21 27 09.1,,10.13,,5.76,0.37,10.08,5.39,6.81,,,,"USco,gold",no,Simbad,2,1e-06,15.84,8.744273238465816,3418.4,0.8571,-1.3253225444346812,0.2492380952380953,0.013866982803217402
882,202552587,16 22 08.59,-29 15 06.4,,9.65,,4.56,0.06,9.64,4.5,1.5307,,,,"USco,gold",no,Simbad,2,1e-06,14.200001,7.616484238465816,6470.3,3.1384,-0.8303843343580212,1.4,0.013866982803217402
883,204598375,16 22 08.94,-21 40 37.3,,10.6,,5.53,0.28,10.56,5.25,4.1287,,,,"USco,gold",no,Simbad,1,0.992964,16.09,9.117914238465817,3469.3,0.9322,-1.3665315296714318,0.27347619047619054,0.013866982803217402
884,205000676,16 22 09.60,-19 53 00.9,,8.9,,6.37,1.65,8.68,4.71,6.3729,,,,"USco,gold",yes,Simbad,1,0.999975,15.05,8.034275238465815,,,,,0.013866982803217402
885,204603511,16 22 10.05,-21 39 17.3,8.65,7.65,1.0,1.0,0.59,7.58,0.41,0.1581,0.199,0.1358,,"USco,gold",yes,Simbad,1,0.999707,8.58,2.964752238465815,10566.0,0.9639,0.7575182570811679,1.5,0.013866982803217402
886,203939508,16 22 12.00,-24 19 49.3,,9.79,,4.26,1.85,9.55,2.41,,,,,"USco,bronze",no,Simbad,1,0.999996,13.81,7.687919238465815,,,-0.4515000116728623,,0.013866982803217402
887,202800875,16 22 13.14,-28 18 58.5,,9.1,,4.14,0.23,9.07,3.91,0.7467,0.673,,,"USco,bronze",no,Simbad,1,0.997667,13.209999,6.887531238465815,6110.6,2.5078,,,0.013866982803217402
888,204810161,16 22 14.80,-20 45 40.0,,11.23,,6.33,0.31,11.19,6.02,1.6579,1.5853,,,"USco,bronze",yes,Simbad,1,0.999999,17.52,10.207217238465816,,,-1.5975666613743154,,0.013866982803217402
889,204176565,16 22 18.53,-23 21 48.2,12.67,8.11,4.56,4.56,2.73,7.76,1.83,5.0194,,,,"USco,bronze",yes,Simbad,1,0.999962,12.32,6.691101238465816,4878.7,1.7435,,,0.013866982803217402
890,203931628,16 22 19.91,-24 21 48.1,9.36,7.1,2.26,2.26,1.54,6.9,0.72,0.0491,0.054,0.045,,"USco,gold",no,Simbad,1,0.999978,9.16,3.734545238465815,,,,,0.013866982803217402
891,202949156,16 22 20.91,-27 47 09.8,,9.47,,4.96,0.15,9.45,4.81,6.9002,,,,"USco,silver",no,Simbad,1,0.999591,14.41,7.999990238465815,,,,,0.013866982803217402
892,202791563,16 22 21.03,-28 21 00.6,,11.39,,5.82,0.7,11.3,5.12,1.203,0.8679,,,"USco,bronze",no,Simbad,1,0.999993,17.12,10.061468238465816,3359.5,0.9465,-1.6959405405173795,0.2211904761904762,0.013866982803217402
893,204449274,16 22 21.59,-22 17 30.9,,12.62,,6.6,0.52,12.55,6.08,1.5494,1.2709,,,"USco,gold",yes,Simbad,1,0.999999,19.15,11.626324238465816,,,-2.2232988232839013,,0.013866982803217402
894,203517602,16 22 22.30,-25 52 20.2,,9.44,,6.0,1.01,9.31,4.99,1.14,0.7773,,,"USco,bronze",no,Simbad,1,0.99885,15.31,8.181420238465815,,,,,0.013866982803217402
895,202800046,16 22 29.47,-28 19 09.1,,12.34,,6.89,1.8,12.11,5.1,15.9977,,,,"USco,bronze",no,Simbad,1,0.999965,19.0,11.481808238465817,3719.3,2.0048,-1.633203620962707,0.42659722222222235,0.013866982803217402
896,204374147,16 22 34.21,-22 35 12.3,,8.54,,5.46,0.87,8.43,4.59,0.6245,0.4914,12.9722,,"USco,bronze",no,Simbad,1,0.997667,13.89,7.126863238465816,,,,,0.013866982803217402
897,204321142,16 22 35.29,-22 47 43.3,,10.52,,7.09,2.21,10.23,4.88,0.4763,,,,"USco,bronze",no,Simbad,1,1.0,17.32,10.079286238465816,3493.4,2.0825,-1.5445460263598163,0.28495238095238096,0.013866982803217402
898,204683246,16 22 35.99,-21 19 01.3,,9.86,,5.0,0.7,9.77,4.3,8.904,,,,"USco,bronze",no,Simbad,2,1e-06,14.77,8.052762238465816,3643.6,0.7732,-0.8330077706219995,0.37602564102564096,0.013866982803217402
899,203927020,16 22 36.72,-24 22 58.6,8.62,7.16,1.46,1.46,1.42,6.97,0.04,,,,,"USco,bronze",no,Simbad,1,0.999965,8.43,2.885980238465816,,,,,0.013866982803217402
900,205204368,16 22 43.53,-18 52 36.0,,10.61,,5.38,0.7,10.52,4.68,2.8365,,,,"USco,bronze",maybe,Simbad,1,0.996487,15.900001,8.982462238465816,3414.5,0.7219,-1.4253900747222117,0.24738095238095237,0.013866982803217402
901,205007401,16 22 43.85,-19 51 05.9,,11.16,,9.14,1.62,10.95,7.52,1.3815,,,,"USco,gold",maybe,Simbad,1,1.0,20.09,11.436036238465814,3151.9,2.9847,-1.821886755406498,0.14854889589905368,0.013866982803217402
902,205108784,16 22 44.04,-19 21 39.3,,11.78,,6.15,1.33,11.6,4.82,,,,,"USco,bronze",no,Simbad,1,0.999943,17.75,10.570685238465815,4120.6,1.923,-0.7851561399563658,0.7,0.013866982803217402
903,204591415,16 22 44.06,-21 42 22.4,,9.85,,5.78,0.66,9.76,5.12,14.133,1.4267,,,"USco,gold",no,Simbad,1,0.996487,15.540001,8.480622238465815,,,-0.7496776188314417,,0.013866982803217402
904,202908892,16 22 51.57,-27 55 37.4,,10.18,,5.22,0.2,10.15,5.02,2.0808,2.7263,,,"USco,bronze",no,Simbad,1,0.998258,15.369999,8.498744238465815,,,-0.987078465089241,,0.013866982803217402
905,204608050,16 22 54.77,-21 38 09.5,,10.07,,5.25,0.57,9.99,4.68,2.0367,,,,"USco,gold",no,Simbad,2,1e-06,15.24,8.436207238465816,3521.2,0.8938,-1.009172941120246,0.2981904761904761,0.013866982803217402
906,204236173,16 22 57.91,-23 07 50.3,,8.51,,4.87,0.78,8.41,4.08,,,,,"USco,bronze",no,Simbad,1,0.999974,13.28,6.945021238465815,,,,,0.013866982803217402
907,203390179,16 23 00.63,-26 18 06.6,,8.94,,3.51,0.93,8.82,2.57,1.3921,,,,"USco,bronze",no,Simbad,1,0.999992,12.33,6.352356238465815,,,,,0.013866982803217402
908,204611501,16 23 01.09,-21 37 17.2,,11.55,,6.03,0.7,11.46,5.34,2.4445,,,,"USco,bronze",no,Simbad,1,0.999996,17.49,10.309259238465817,3385.3,1.0592,-1.7875460178668665,0.23347619047619056,0.013866982803217402
909,202772489,16 23 01.19,-28 25 11.4,,9.34,,4.71,0.34,9.29,4.37,,,,,"USco,bronze",no,Simbad,1,0.999999,14.0,7.587037238465815,,,,,0.013866982803217402
910,202891090,16 23 04.73,-27 59 25.4,,9.56,,4.47,0.3,9.52,4.17,2.6643,,,,"USco,gold",no,Simbad,1,0.999739,13.99,7.684873238465816,7336.5,3.0989,,,0.013866982803217402
911,204683343,16 23 04.73,-21 18 59.6,,12.16,,6.81,0.66,12.08,6.15,0.4643,,,,"USco,bronze",no,Simbad,1,0.999999,18.89,11.428469238465816,,,-2.0462403081659915,,0.013866982803217402
912,202802744,16 23 05.03,-28 18 33.6,,9.54,,4.09,0.7,9.45,3.39,,,,,"USco,bronze",no,Simbad,1,0.999999,13.54,7.361244238465815,,,,,0.013866982803217402
913,203112557,16 23 07.58,-27 12 57.7,,9.74,,5.0,0.31,9.7,4.69,7.8107,,,,"USco,bronze",no,Simbad,1,0.997667,14.7,7.995455238465816,,,-0.8723122303785337,,0.013866982803217402
915,203950167,16 23 09.22,-24 17 05.0,,8.07,,7.57,3.27,7.65,4.3,,,,,"ROph,bronze",yes,Simbad,1,0.999992,15.22,8.677262238465815,,,-0.1313320450323199,,0.013866982803217402
916,204524752,16 23 17.40,-21 59 07.1,,10.16,,6.03,0.3,10.12,5.74,2.9538,,,,"USco,gold",no,Simbad,1,0.99982,16.15,8.930932238465815,,,,,0.013866982803217402
917,202906224,16 23 17.61,-27 56 10.9,,11.69,,6.61,0.73,11.59,5.88,0.7152,6.4585,,,"USco,bronze",no,Simbad,1,0.999998,18.2,10.786820238465817,,,-1.7358908284331664,,0.013866982803217402
918,203394211,16 23 21.87,-26 17 16.0,12.96,9.22,3.74,3.74,0.7,9.13,3.04,,,,,"USco,bronze",no,Simbad,1,0.999995,12.87,6.860397238465815,,,,,0.013866982803217402
919,204656724,16 23 22.08,-21 25 48.9,,9.73,,4.57,0.1,9.72,4.47,4.2195,,,,"USco,bronze",no,Simbad,1,0.992964,14.290001,7.869028238465816,3831.4,0.778,-0.8843229313776969,0.5035164835164836,0.013866982803217402
920,202958460,16 23 22.85,-27 45 11.5,,9.46,,3.39,0.7,9.37,2.69,,,,,"USco,bronze",no,Simbad,1,0.999993,12.76,6.798829238465816,,,,,0.013866982803217402
921,203369479,16 23 22.93,-26 22 16.3,9.61,7.91,1.69,1.69,0.2,7.89,1.49,,,,,"USco,silver",no,Simbad,1,0.998258,9.58,3.899693238465815,5873.6,0.0776,0.3563070186900179,1.4,0.013866982803217402
922,205483258,16 23 24.52,-17 17 27.3,,9.65,,4.98,0.48,9.59,4.5,5.667,,,,"USco,gold",no,Simbad,2,1e-06,14.57,7.850438238465815,3574.9,0.6318,-0.8974977091976335,0.33198717948717954,0.013866982803217402
923,202709152,16 23 31.15,-28 39 17.9,,11.62,,5.96,0.7,11.53,5.26,0.8043,0.7341,,,"USco,bronze",no,Simbad,1,0.999997,17.49,10.443470238465814,,,-1.8107904999276816,,0.013866982803217402
924,203655051,16 23 32.30,-25 23 48.6,11.59,7.7,3.89,3.89,1.4,7.51,2.49,2.3886,,,,"USco,gold",no,Simbad,1,0.999992,11.400001,5.257000238465816,5728.8,1.7885,,,0.013866982803217402
925,204274536,16 23 32.83,-22 58 47.1,,10.29,,7.19,1.62,10.08,5.57,5.12,,,,"USco,bronze",yes,Simbad,1,0.999999,17.27,9.865650238465816,,,,,0.013866982803217402
926,202795175,16 23 41.85,-28 20 12.9,,12.74,,7.29,1.41,12.56,5.88,0.8361,,,,"USco,bronze",no,Simbad,1,0.999999,19.85,12.269501238465814,,,-2.1549019465805097,,0.013866982803217402
927,204289171,16 23 43.32,-22 55 23.0,,12.2,,8.57,3.03,11.81,5.54,,,,,"USco,bronze",no,Simbad,1,0.999998,20.380001,12.247059238465816,,,,,0.013866982803217402
928,204637674,16 23 45.16,-21 30 40.9,,8.99,,3.68,0.7,8.9,2.98,8.8468,,,,"USco,bronze",yes,Simbad,1,0.999806,12.58,6.512897238465815,4426.6,0.8446,-0.3860419446454854,1.1,0.013866982803217402
929,202661711,16 23 46.97,-28 50 02.4,10.95,8.66,2.29,2.29,0.27,8.62,2.02,1.7407,,,,"USco,gold",no,Simbad,1,0.999826,10.91,5.023553238465816,5263.4,0.306,0.1767248648026352,0.9790029325513195,0.013866982803217402
930,203399155,16 23 47.17,-26 16 15.7,8.91,7.97,0.94,0.94,0.52,7.9,0.42,,,,,"USco,gold",no,Simbad,1,0.999927,8.84,3.283403238465816,,,0.8795431271752542,,0.013866982803217402
931,204195050,16 23 51.55,-23 17 27.0,,12.42,,8.43,0.7,12.33,7.73,0.4948,,,,"USco,gold",no,Simbad,1,0.999999,20.76,12.380238238465816,2607.9,0.827,-2.1123826934442547,0.1,0.013866982803217402
932,202891973,16 23 52.28,-27 59 13.5,11.19,7.77,3.42,3.42,0.7,7.68,2.72,,,,,"USco,bronze",no,Simbad,1,0.99999,11.1,5.241750238465816,,,,,0.013866982803217402
933,203863576,16 23 54.70,-24 38 31.9,,11.92,,8.97,1.59,11.72,7.38,1.7647,,,,"USco,gold",no,Simbad,1,1.0,20.69,12.205300238465814,,,-2.0472075642282204,,0.013866982803217402
934,204139015,16 23 55.09,-23 30 40.0,,10.07,,6.0,1.05,9.93,4.95,2.8539,,,,"USco,gold",no,Simbad,1,0.999591,15.93,8.797534238465815,3514.0,1.1793,,,0.013866982803217402
935,204139016,16 23 55.79,-23 30 40.0,,10.75,,6.48,1.01,10.62,5.47,,,,,"USco,bronze",maybe,Simbad,1,0.999993,17.1,9.734335238465816,,,-1.5598783858188812,,0.013866982803217402
936,203378869,16 23 57.23,-26 20 24.6,,10.23,,5.66,0.32,10.19,5.34,1.433,1.1367,,,"USco,silver",no,Simbad,1,0.936631,15.849999,9.180592238465817,,,,,0.013866982803217402
937,202959419,16 23 57.63,-27 44 59.1,,9.18,,3.56,0.0,9.18,3.56,2.695,,,,"USco,bronze",no,Simbad,1,0.999948,12.74,6.604308238465816,4826.7,0.9878,-0.4050221421064487,1.2,0.013866982803217402
938,203366162,16 23 57.71,-26 22 55.8,12.22,8.82,3.4,3.4,0.7,8.73,2.7,,,,,"USco,bronze",no,Simbad,1,0.999991,12.129999,6.156586238465815,,,,,0.013866982803217402
939,203467084,16 23 57.89,-26 02 29.9,,9.97,,4.52,0.56,9.89,3.96,1.0611,,,,"USco,gold",no,Simbad,1,0.999561,14.41,7.995426238465816,5563.3,2.3378,-0.8530661776475292,1.0715673981191225,0.013866982803217402
940,204566795,16 23 58.04,-21 48 33.9,,11.44,,7.51,0.76,11.34,6.75,1.1147,1.2181,,,"USco,bronze",no,Simbad,1,0.99989,18.85,11.206290238465815,,,,,0.013866982803217402
941,203737395,16 23 58.44,-25 06 41.2,12.27,6.64,5.63,5.63,1.78,6.41,3.85,,,,,"ROph,bronze",no,Simbad,1,0.999999,12.04,5.565348238465816,,,,,0.013866982803217402
942,202685674,16 23 58.57,-28 44 34.0,,9.76,,3.48,0.0,9.76,3.48,,,,,"USco,bronze",no,Simbad,1,0.999996,13.24,7.465999238465816,,,,,0.013866982803217402
943,203001867,16 23 59.01,-27 36 03.7,,9.43,,5.34,0.56,9.36,4.78,5.3161,0.8278,,,"USco,silver",no,Simbad,1,0.992964,14.7,8.458637238465815,,,,,0.013866982803217402
944,204285302,16 23 59.30,-22 56 18.0,,12.6,,7.43,3.07,12.2,4.35,,,,,"USco,bronze",no,Simbad,1,0.999999,19.63,11.988223238465814,4708.9,2.9974,-1.2791794267368743,0.8253664921465969,0.013866982803217402
945,203649927,16 24 02.89,-25 24 53.9,9.42,6.72,2.7,2.7,2.58,6.39,0.12,2.6251,0.4857,,,"USco,gold",yes,Simbad,1,0.999994,9.09,3.540629238465815,,,1.7245598854705473,,0.013866982803217402
946,203783190,16 24 06.33,-24 56 46.9,,8.28,,4.71,1.38,8.1,3.33,0.8165,0.8651,,,"USco,silver",no,Simbad,1,0.999973,12.81,6.954648238465815,,,,,0.013866982803217402
947,203356099,16 24 08.59,-26 24 55.0,11.87,8.46,3.41,3.41,1.02,8.33,2.38,,,,,"USco,bronze",no,Simbad,1,0.999991,11.74,5.799513238465815,,,,,0.013866982803217402
948,204624141,16 24 09.42,-21 34 07.6,,10.45,,5.92,0.82,10.35,5.1,2.7987,,,,"USco,gold",no,Simbad,1,0.99982,16.27,9.158318238465815,3429.0,1.1603,-1.458046522405422,0.2542857142857143,0.013866982803217402
949,204990278,16 24 11.76,-19 55 58.5,,9.95,,5.57,0.38,9.9,5.19,3.8186,,,,"USco,silver",no,Simbad,1,0.99885,15.469999,8.577917238465815,3581.6,1.142,-0.6661095926462042,0.33628205128205124,0.013866982803217402
950,204295293,16 24 12.37,-22 53 54.6,,10.8,,5.8,0.57,10.72,5.23,3.9991,,,,"USco,bronze",no,Simbad,1,0.999617,16.52,9.439346238465816,3473.9,1.024,-1.4948500010522134,0.2756666666666667,0.013866982803217402
951,205024586,16 24 15.28,-19 46 10.2,,10.04,,4.81,0.47,9.98,4.34,,,,,"USco,bronze",no,Simbad,1,0.999999,14.789999,8.374250238465816,,,,,0.013866982803217402
952,203555168,16 24 15.50,-25 44 34.7,,9.63,,4.59,0.42,9.57,4.17,0.5475,,,,"USco,gold",no,Simbad,1,0.999989,14.16,7.869534238465816,,,,,0.013866982803217402
953,203908611,16 24 15.87,-24 27 35.5,15.47,9.23,6.24,6.24,2.28,8.94,3.96,2.3003,,,,"ROph,bronze",no,Simbad,1,0.99999,15.179999,8.686116238465816,6438.3,4.181,-0.0461968365280338,1.4,0.013866982803217402
954,202640668,16 24 18.60,-28 54 47.5,11.78,8.33,3.45,3.45,1.39,8.15,2.06,0.763,,,,"USco,gold",no,Simbad,1,0.999981,11.599999,5.336358238465815,5611.7,1.243,,,0.013866982803217402
955,203761347,16 24 21.31,-25 01 31.4,,6.19,,2.21,2.14,5.91,0.07,0.7907,4.2071,0.6063,0.9721,"USco,gold",no,Simbad,1,0.999989,8.12,2.5570072384658147,,,,,0.013866982803217402
956,204469527,16 24 31.29,-22 12 39.8,,10.35,,6.48,1.39,10.17,5.09,4.8169,,,,"USco,bronze",no,Simbad,1,0.999945,16.65,9.334745238465816,3572.8,1.3748,-1.3795515989614595,0.33064102564102577,0.013866982803217402
957,204347824,16 24 31.82,-22 41 20.7,,11.33,,7.45,0.71,11.24,6.74,1.5818,0.8183,,,"USco,bronze",yes,Simbad,1,0.999975,18.689999,11.081604238465816,,,,,0.013866982803217402
958,204268916,16 24 35.20,-23 00 02.5,,10.99,,5.87,0.18,10.96,5.69,1.7534,,,,"USco,bronze",no,Simbad,1,0.999893,16.83,9.667314238465815,3434.1,1.0505,-1.5953373136444422,0.2567142857142857,0.013866982803217402
959,203877533,16 24 39.68,-24 35 09.3,,10.29,,11.2,5.55,9.58,5.65,1.6264,,,,"ROph,bronze",yes,Simbad,1,1.0,20.779999,11.857033238465814,3679.5,4.7519,,,0.013866982803217402
960,204960911,16 24 40.78,-20 04 17.1,,10.51,,5.08,1.28,10.34,3.8,,,,,"USco,bronze",no,Simbad,1,0.999913,15.42,8.994703238465815,4602.9,2.3335,-1.0621813268197948,0.797443820224719,0.013866982803217402
961,203947305,16 24 41.04,-24 17 48.8,,8.98,,12.12,7.62,8.0,4.5,,,,,"ROph,bronze",yes,Simbad,1,1.0,20.119999,11.094191238465816,4305.2,5.7578,,,0.013866982803217402
962,203929472,16 24 46.80,-24 22 21.0,,7.97,,9.72,6.1,7.18,3.62,,,,,"ROph,silver",no,Simbad,1,1.0,16.9,9.609198238465815,6636.9,6.3623,,,0.013866982803217402
963,203770078,16 24 49.41,-24 59 38.8,,11.03,,7.48,2.76,10.68,4.73,1.8989,,,,"ROph,bronze",no,Simbad,1,1.0,18.16,10.828423238465817,3433.5,2.6123,-1.6781945058769103,0.25642857142857145,0.013866982803217402
964,205431822,16 24 50.66,-17 37 23.4,,9.07,,3.67,0.7,8.98,2.97,,,,,"USco,bronze",no,Simbad,1,0.999997,12.65,6.579115238465816,,,,,0.013866982803217402
965,204355491,16 24 51.36,-22 39 32.5,9.81,7.08,2.73,2.73,1.08,6.94,1.65,0.9781,0.9413,,,"USco,gold",no,Simbad,1,0.999899,9.67,3.7713962384658153,,,,,0.013866982803217402
966,203949130,16 24 51.46,-24 17 21.2,,9.49,,10.21,7.72,8.5,2.49,,,,,"ROph,bronze",no,Simbad,1,1.0,18.71,10.521769238465817,7199.5,5.7535,,,0.013866982803217402
967,204462113,16 24 55.33,-22 14 28.6,,10.22,,5.3,0.7,10.13,4.6,5.7311,1.0746,,,"USco,bronze",no,Simbad,1,0.992964,15.43,8.618091238465816,3510.8,0.8651,-1.3762339969727504,0.2932380952380953,0.013866982803217402
968,203343161,16 24 55.87,-26 27 18.3,,11.16,,6.73,0.73,11.07,5.99,2.2417,,,,"USco,bronze",yes,Simbad,1,0.999997,17.8,10.243252238465816,3265.7,0.9357,-1.625618308650173,0.18444794952681381,0.013866982803217402
969,203981162,16 24 56.73,-24 09 02.6,,8.41,,10.01,5.35,7.72,4.66,5.8291,,,,"ROph,bronze",no,Simbad,1,1.0,17.73,9.343826238465816,,,,,0.013866982803217402
970,203972079,16 24 57.28,-24 11 24.4,,9.23,,8.31,3.53,8.78,4.78,6.3475,,,,"ROph,silver",no,Simbad,1,1.0,17.09,9.683989238465816,,,,,0.013866982803217402
971,203786695,16 24 59.74,-24 56 00.8,,9.44,,8.11,3.33,9.01,4.78,,,,,"ROph,bronze",yes,Simbad,1,0.999999,17.119999,10.233200238465816,,,,,0.013866982803217402
972,203943710,16 25 00.62,-24 18 44.2,,10.73,,9.91,5.49,10.03,4.42,,,,,"ROph,bronze",no,Simbad,1,1.0,19.939999,11.575179238465816,4744.9,4.6455,,,0.013866982803217402
973,203902911,16 25 01.48,-24 28 58.8,,7.61,,12.68,6.6,6.76,6.08,,,,,"ROph,bronze",yes,Simbad,1,1.0,19.44,9.893841238465816,,,,,0.013866982803217402
974,203770559,16 25 02.11,-24 59 32.4,,9.22,,7.5,1.85,8.98,5.65,12.3696,,,,"ROph,silver",yes,Simbad,1,1.0,16.48,9.487444238465816,3519.8,2.0625,,,0.013866982803217402
975,204176771,16 25 02.35,-23 21 45.0,,9.29,,5.61,0.91,9.17,4.7,0.7209,,,,"USco,gold",no,Simbad,1,0.999561,14.780001,8.026089238465815,3819.5,1.3146,-0.8872274897561545,0.49618055555555557,0.013866982803217402
976,203929265,16 25 03.69,-24 22 24.3,,9.77,,8.29,6.92,8.87,1.37,1.0712,,,,"ROph,bronze",no,Simbad,1,1.0,17.16,10.514672238465815,,,,,0.013866982803217402
977,203725441,16 25 04.49,-25 09 11.6,,8.08,,4.24,0.7,7.99,3.54,1.7658,,,,"USco,bronze",no,Simbad,1,0.99999,12.23,6.019761238465815,,,0.6829875870973173,,0.013866982803217402
978,202709674,16 25 04.91,-28 39 11.1,,9.31,,3.85,0.0,9.31,3.85,,,,,"USco,bronze",no,Simbad,1,0.999997,13.16,6.978663238465815,,,,,0.013866982803217402
979,203852620,16 25 05.02,-24 41 10.4,,8.46,,18.05,14.99,6.53,3.06,,,,,"ROph,bronze",no,Simbad,1,1.0,24.58,9.353915238465817,7384.3,5.6938,,,0.013866982803217402
980,205528856,16 25 05.96,-16 59 03.2,,10.89,,4.83,0.48,10.83,4.35,,,,,"USco,bronze",no,Simbad,1,0.999826,15.66,9.391284238465817,,,,,0.013866982803217402
981,203888630,16 25 07.32,-24 32 27.2,15.74,9.23,6.51,6.51,3.5,8.78,3.0,1.678,1.2696,1.2113,,"ROph,bronze",no,Simbad,1,0.998403,15.29,8.958042238465815,,,,,0.013866982803217402
982,204623020,16 25 10.34,-21 34 23.6,,11.45,,6.97,0.86,11.34,6.11,0.6584,,,,"USco,bronze",no,Simbad,1,0.999999,18.31,10.654040238465814,,,-1.7880789234620484,,0.013866982803217402
983,204187469,16 25 10.50,-23 19 14.7,13.39,7.51,5.88,5.88,2.82,7.15,3.06,5.9116,,,,"ROph,bronze",yes,Simbad,1,0.999959,13.030001,6.953172238465815,,,,,0.013866982803217402
984,203430290,16 25 10.72,-26 09 55.5,,10.71,,5.58,0.12,10.69,5.46,5.3753,,,,"USco,bronze",no,Simbad,1,0.99885,16.27,9.279763238465817,3478.7,0.9113,-1.4560560392733677,0.27795238095238084,0.013866982803217402
985,203831587,16 25 10.93,-24 46 03.8,,11.51,,8.67,2.59,11.17,6.08,1.9325,,,,"ROph,bronze",yes,Simbad,1,1.0,19.84,11.912007238465817,,,-1.9154237274452632,,0.013866982803217402
986,202590973,16 25 12.15,-29 06 07.5,,9.83,,4.45,0.03,9.82,4.42,,,,,"USco,bronze",no,Simbad,1,0.999998,14.2699995,7.925023238465815,4925.3,1.8708,,,0.013866982803217402
987,203817304,16 25 12.84,-24 49 17.1,,9.01,,5.6,1.82,8.78,3.78,,,,,"ROph,bronze",no,Simbad,1,0.999988,14.379999,7.878308238465815,,,,,0.013866982803217402
988,203787831,16 25 14.30,-24 55 45.0,,10.92,,8.66,4.7,10.31,3.96,4.8823,,,,"ROph,bronze",no,Simbad,1,1.0,18.970001,11.008267238465816,,,,,0.013866982803217402
989,203786209,16 25 14.70,-24 56 07.1,14.41,8.27,6.14,6.14,2.52,7.94,3.62,2.8403,,,,"ROph,bronze",no,Simbad,1,0.999978,14.08,7.601747238465816,9658.1,4.9185,,,0.013866982803217402
990,203970821,16 25 16.89,-24 11 43.6,,8.44,,11.89,6.24,7.64,5.65,,,,,"ROph,bronze",yes,Simbad,1,1.0,19.53,10.360067238465817,3586.8,4.7439,,,0.013866982803217402
991,204175516,16 25 16.89,-23 22 03.5,14.2,9.02,5.18,5.18,0.83,8.92,4.34,6.8082,,,,"USco,gold",maybe,Simbad,1,0.99987,14.1,7.478571238465815,4812.2,2.2581,-0.7161788315899432,0.8524083769633508,0.013866982803217402
992,203417323,16 25 16.98,-26 12 30.0,,11.41,,6.04,0.57,11.34,5.48,3.4238,,,,"USco,bronze",no,Simbad,1,0.999848,17.380001,10.175177238465816,3471.8,1.1413,-1.5867002240751682,0.2746666666666667,0.013866982803217402
993,203716389,16 25 17.27,-25 11 05.8,,9.91,,7.34,3.13,9.51,4.21,2.3802,,,,"ROph,bronze",yes,Simbad,1,0.999324,16.85,9.259809238465817,5811.5,3.3151,-0.5727249187667697,1.2,0.013866982803217402
994,203850795,16 25 17.32,-24 41 36.9,,10.7,,8.47,3.23,10.28,5.24,,,,,"ROph,bronze",no,Simbad,1,0.999999,18.75,10.677294238465816,7161.0,4.8491,,,0.013866982803217402
995,203822946,16 25 18.92,-24 48 01.0,,10.32,,9.06,4.28,9.77,4.78,0.6841,0.5809,,,"ROph,bronze",maybe,Simbad,1,1.0,18.830002,11.026575238465814,3626.0,3.5702,-1.5960220241790468,0.3647435897435898,0.013866982803217402
996,203911473,16 25 19.24,-24 26 52.7,,7.8,,2.26,1.34,7.63,0.92,2.616,2.3744,,,"USco,gold",no,Simbad,1,0.999751,9.89,4.169023238465815,5515.5,0.3888,,,0.013866982803217402
997,203897751,16 25 22.17,-24 30 14.1,,6.49,,11.54,7.25,5.56,4.29,,,,,"ROph,bronze",no,Simbad,1,1.0,17.1,8.252763238465816,,,,,0.013866982803217402
998,203857254,16 25 22.48,-24 40 03.8,,11.77,,7.47,2.78,11.41,4.68,,,,,"USco,bronze",no,Simbad,1,0.999992,18.88,11.181939238465816,,,,,0.013866982803217402
999,203780704,16 25 22.94,-24 57 19.6,,8.91,,7.85,5.1,8.25,2.75,,,,,"ROph,bronze",no,Simbad,1,1.0,16.1,8.508196238465816,,,,,0.013866982803217402
1000,203042487,16 25 23.26,-27 27 31.7,,10.73,,5.55,0.0,10.73,5.55,1.2751,0.8833,,,"USco,gold",no,Simbad,1,0.999591,16.279999,9.320182238465817,,,-1.496617935649052,,0.013866982803217402
1001,203927310,16 25 23.46,-24 22 54.1,,10.58,,10.1,8.33,9.51,1.77,,,,,"ROph,bronze",no,Simbad,1,1.0,19.61,11.539996238465816,4766.8,4.6741,,,0.013866982803217402
1002,204151925,16 25 24.28,-23 27 36.7,6.74,5.43,1.31,1.31,1.8,5.19,-0.49,1.2397,4.3017,7.1284,,"ROph,bronze",no,Simbad,1,0.999963,6.5,1.1912432384658151,,,1.1505261850695767,,0.013866982803217402
1003,203899786,16 25 24.35,-24 29 44.7,,9.45,,5.32,1.36,9.27,3.96,5.9434,,,,"ROph,silver",yes,Simbad,1,0.999389,14.59,8.181175238465816,3522.2,0.0001,,,0.013866982803217402
1004,203923185,16 25 26.22,-24 23 56.6,,10.6,,10.22,8.27,9.53,1.95,,,,,"ROph,bronze",no,Simbad,1,1.0,19.75,11.635231238465815,5105.5,5.151,,,0.013866982803217402
1005,203528786,16 25 26.26,-25 50 01.8,,9.36,,3.87,0.7,9.27,3.17,2.1289,,,,"USco,bronze",no,Simbad,1,0.999999,13.14,7.025589238465816,5103.8,1.3967,,,0.013866982803217402
1006,205010433,16 25 26.74,-19 50 14.2,9.03,7.28,1.75,1.75,1.41,7.1,0.35,0.4511,,,,"USco,bronze",no,Simbad,1,0.999971,8.85,3.248593238465816,,,0.9735757956435817,,0.013866982803217402
1007,205529382,16 25 28.60,-16 58 50.9,,12.62,,8.21,0.94,12.5,7.27,0.8866,,,,"USco,gold",no,Simbad,1,0.999999,20.71,12.463059238465814,2661.9,0.7903,-2.1555228155608552,0.1,0.013866982803217402
1008,203440253,16 25 28.81,-26 07 54.2,,9.85,,5.28,0.12,9.84,5.16,6.7932,,,,"USco,gold",yes,Simbad,2,1e-06,15.120001,8.257178238465816,3565.9,0.8365,-0.9481917175655952,0.3262179487179488,0.013866982803217402
1009,204460283,16 25 29.68,-22 14 54.5,,12.11,,7.61,1.15,11.96,6.46,1.3956,,,,"USco,gold",no,Simbad,1,0.999999,19.57,11.598050238465817,,,-2.007888500337665,,0.013866982803217402
1010,203799870,16 25 29.82,-24 53 07.6,,11.08,,6.21,1.83,10.84,4.38,,,,,"USco,bronze",no,Simbad,1,0.999992,17.05,9.909315238465815,7974.7,4.0198,,,0.013866982803217402
1011,204118281,16 25 29.96,-23 35 36.6,,9.15,,3.95,1.55,8.95,2.4,,,,,"USco,bronze",no,Simbad,1,0.999998,12.9,6.873514238465816,,,,,0.013866982803217402
1012,210282526,16 25 31.80,-25 53 48.9,,9.27,,4.47,0.7,9.18,3.77,1.2132,,,,"USco,bronze",no,Simbad,1,0.999832,13.65,7.314573238465815,5905.1,2.4969,-0.7146677678472065,1.1787147335423198,0.013866982803217402
1013,203947055,16 25 31.98,-24 17 52.4,,11.27,,9.42,4.45,10.69,4.97,,,,,"ROph,bronze",no,Simbad,1,0.999909,20.11,12.037964238465817,,,,,0.013866982803217402
1014,203938834,16 25 32.23,-24 19 59.0,,10.49,,10.34,6.38,9.67,3.96,,,,,"ROph,bronze",no,Simbad,1,1.0,20.01,11.595761238465816,8259.8,6.1639,,,0.013866982803217402
1015,203421625,16 25 32.73,-26 11 39.0,,10.97,,6.05,0.0,10.97,6.05,1.7039,,,,"USco,gold",no,Simbad,1,0.999992,17.02,9.739876238465817,3408.3,1.0294,-1.6307841543712915,0.24442857142857152,0.013866982803217402
1016,204129511,16 25 35.05,-23 32 55.1,,8.91,,5.25,0.86,8.8,4.39,7.7847,,,,"USco,silver",no,Simbad,1,0.999919,14.05,7.496502238465815,6177.0,3.1615,-0.150771045875254,1.272857142857143,0.013866982803217402
1017,204165788,16 25 35.08,-23 24 18.7,7.27,5.78,1.49,1.49,1.49,5.58,0.0,0.8639,,,,"USco,bronze",no,Simbad,1,0.999892,7.0699997,1.526899238465815,,,,,0.013866982803217402
1018,203882149,16 25 35.53,-24 34 01.1,,6.45,,,,,,,,,,"ROph,bronze",yes,Simbad,1,1.0,,9.236402238465816,3929.6,5.9188,,,0.013866982803217402
1019,203955457,16 25 36.73,-24 15 42.9,16.4,8.38,8.02,8.02,4.96,7.74,3.06,,,,,"ROph,bronze",yes,Simbad,1,1.0,15.76,9.310242238465817,,,,,0.013866982803217402
1020,203963116,16 25 37.80,-24 13 43.6,,6.87,,10.67,5.44,6.17,5.23,,,,,"ROph,bronze",yes,Simbad,1,1.0,16.84,9.510825238465817,3707.2,5.788,,,0.013866982803217402
1021,203844411,16 25 37.89,-24 43 06.5,,10.55,,8.53,5.78,9.8,2.75,,,,,"ROph,bronze",no,Simbad,1,1.0,18.33,10.567086238465816,7934.5,5.1304,,,0.013866982803217402
1022,203410665,16 25 38.48,-26 13 53.9,11.86,7.52,4.34,4.34,1.58,7.31,2.77,,,,,"USco,silver",yes,Simbad,2,,11.65,8.089739238465816,,,,,0.013866982803217402
1023,203912674,16 25 39.58,-24 26 34.9,19.1,8.95,10.15,10.15,5.65,8.23,4.5,,,,,"ROph,bronze",yes,Simbad,1,1.0,18.38,11.740993238465816,,,,,0.013866982803217402
1024,205048103,16 25 41.30,-19 39 22.9,,10.42,,6.68,0.7,10.33,5.98,,,,,"USco,bronze",no,Simbad,1,0.999998,17.01,9.482705238465815,,,,,0.013866982803217402
1025,204161056,16 25 42.87,-23 25 26.1,,9.2,,7.18,2.54,8.88,4.63,5.306,,,,"ROph,bronze",yes,Simbad,1,0.999899,16.06,8.499187238465815,,,-0.4480866937951974,,0.013866982803217402
1026,204396010,16 25 43.20,-22 30 03.0,,12.09,,6.56,0.3,12.05,6.26,1.5603,,,,"USco,gold",yes,Simbad,1,0.999998,18.61,11.079653238465816,,,-2.040958589828968,,0.013866982803217402
1027,203867167,16 25 47.66,-24 37 39.6,,10.38,,8.27,3.04,9.99,5.23,3.1653,,,,"ROph,gold",yes,Simbad,1,1.0,18.26,10.275679238465814,3582.3,2.6834,-1.5583048560739008,0.33673076923076933,0.013866982803217402
1028,204544020,16 25 48.07,-21 54 19.6,,11.15,,5.77,0.15,11.13,5.62,1.8496,,,,"USco,gold",no,Simbad,1,0.999877,16.9,9.781155238465816,3431.1,1.0277,-1.6825634973205663,0.2552857142857142,0.013866982803217402
1029,203506352,16 25 49.24,-25 54 37.3,,9.49,,4.69,0.62,9.42,4.07,2.575,,,,"USco,gold",no,Simbad,1,0.999843,14.110001,7.609827238465815,4664.8,1.705,-0.8064580161418293,0.8138219895287959,0.013866982803217402
1030,203807162,16 25 49.65,-24 51 32.0,13.1,8.78,4.32,4.32,0.47,8.72,3.84,11.1828,,,,"USco,bronze",maybe,Simbad,1,0.996487,13.040001,6.600892238465816,5564.9,2.1596,-0.4679466757193093,1.0720689655172413,0.013866982803217402
1031,202793212,16 25 50.28,-28 20 38.1,,11.76,,5.84,0.25,11.72,5.59,2.1634,,,,"USco,bronze",no,Simbad,1,0.999862,17.560001,10.391664238465816,,,-1.7171514010522997,,0.013866982803217402
1032,203860653,16 25 50.52,-24 39 14.8,15.49,8.33,7.16,7.16,3.81,7.84,3.35,3.5552,,,,"ROph,bronze",no,Simbad,1,0.999998,15.0,8.116316238465815,,,,,0.013866982803217402
1033,203824768,16 25 50.54,-24 47 36.0,,9.12,,8.8,6.61,8.27,2.19,,,,,"ROph,bronze",no,Simbad,1,1.0,17.07,9.317545238465817,,,,,0.013866982803217402
1034,204185983,16 25 52.83,-23 19 36.3,,7.87,,6.03,1.88,7.63,4.15,1.0529,,,,"ROph,bronze",no,Simbad,1,0.999967,13.66,7.194436238465816,,,,,0.013866982803217402
1035,203071614,16 25 55.40,-27 21 24.4,,9.98,,5.72,0.0,9.98,5.72,0.4632,0.5305,,,"USco,gold",no,Simbad,1,0.999527,15.699999,8.579701238465816,,,,,0.013866982803217402
1036,203897692,16 25 56.09,-24 30 14.8,,9.76,,9.17,3.09,9.37,6.08,0.5011,0.6043,,,"ROph,gold",no,Simbad,1,1.0,18.54,10.551112238465816,3619.8,3.5686,,,0.013866982803217402
1037,203935537,16 25 56.16,-24 20 48.5,12.8,7.52,5.28,5.28,1.93,7.27,3.35,,,,,"ROph,bronze",yes,Simbad,1,0.999918,12.55,6.304973238465815,5765.0,2.4986,,,0.013866982803217402
1038,203896485,16 25 57.52,-24 30 32.1,16.37,8.32,8.05,8.05,4.43,7.75,3.62,5.9631,,,,"ROph,silver",maybe,Simbad,1,1.0,15.8,8.794210238465816,,,,,0.013866982803217402
1039,203848661,16 25 57.54,-24 42 08.2,,9.54,,10.78,8.29,8.47,2.49,,,,,"ROph,bronze",maybe,Simbad,1,1.0,19.25,10.227613238465816,,,,,0.013866982803217402
1040,203476597,16 25 57.91,-26 00 37.3,,8.53,,4.58,0.71,8.44,3.87,3.2126,1.4403,,,"USco,gold",no,Simbad,1,0.999972,13.0199995,6.491795238465816,8208.0,3.032,,,0.013866982803217402
1041,203801323,16 25 58.93,-24 52 48.3,,10.24,,7.32,2.09,9.97,5.23,1.2549,1.8155,,,"ROph,gold",yes,Simbad,1,0.999978,17.29,10.682774238465814,,,,,0.013866982803217402
1042,203933268,16 25 59.65,-24 21 22.3,17.2,9.53,7.67,7.67,1.59,9.33,6.08,2.3892,,,,"ROph,silver",no,Simbad,1,0.999999,17.0,9.062642238465816,,,,,0.013866982803217402
1043,203899767,16 26 01.60,-24 29 44.9,,9.63,,12.5,7.72,8.64,4.78,,,,,"ROph,bronze",maybe,Simbad,1,1.0,21.14,11.340433238465817,,,,,0.013866982803217402
1044,203086979,16 26 02.15,-27 18 14.1,,9.05,,3.79,0.44,8.99,3.35,1.5016,0.9109,,,"USco,bronze",no,Simbad,1,0.999146,12.78,6.583732238465816,4910.9,1.3836,-0.5066116584066572,1.1,0.013866982803217402
1045,203982074,16 26 02.89,-24 08 47.4,,10.49,,8.69,7.68,9.5,1.01,,,,,"ROph,bronze",no,Simbad,1,0.999999,18.189999,10.600888238465814,,,0.6154260614106086,,0.013866982803217402
1046,203924502,16 26 03.03,-24 23 36.5,14.01,6.23,7.78,7.78,5.46,5.52,2.32,3.461,,,,"ROph,bronze",yes,Simbad,1,0.999999,13.3,6.648803238465815,,,,,0.013866982803217402
1047,203947410,16 26 03.29,-24 17 47.1,16.49,9.11,7.38,7.38,2.59,8.78,4.78,5.6968,,,,"ROph,gold",no,Simbad,1,0.999999,16.16,8.905826238465815,,,,,0.013866982803217402
1048,203778209,16 26 04.35,-24 57 51.8,,8.3,,4.42,0.59,8.22,3.83,0.7119,,,,"USco,bronze",no,Simbad,1,0.999966,12.64,6.366070238465815,5366.7,1.9915,0.2071171199431168,1.009937304075235,0.013866982803217402
1049,203881373,16 26 09.32,-24 34 12.1,,6.5,,5.45,5.41,5.81,0.04,0.2746,0.2799,,,"ROph,bronze",yes,Simbad,1,0.999956,11.26,5.407066238465815,,,,,0.013866982803217402
1050,203803804,16 26 10.91,-24 52 15.5,,9.1,,5.94,3.62,8.63,2.32,,,,,"ROph,bronze",no,Simbad,1,0.999999,14.57,8.268447238465816,,,,,0.013866982803217402
1051,205030871,16 26 12.75,-19 44 24.3,,12.73,,6.95,1.32,12.56,5.63,,,,,"USco,bronze",no,Simbad,1,0.999979,19.51,11.943997238465816,,,-1.7772835400128344,,0.013866982803217402
1052,203819556,16 26 13.83,-24 48 46.9,,11.85,,6.87,2.25,11.56,4.63,,,,,"ROph,bronze",no,Simbad,1,0.99999,18.43,10.997025238465817,,,,,0.013866982803217402
1053,203929332,16 26 16.84,-24 22 23.1,,8.2,,11.67,8.13,7.15,3.54,3.577,,,,"ROph,bronze",yes,Simbad,1,1.0,18.82,11.073222238465814,,,,,0.013866982803217402
1054,203937317,16 26 17.08,-24 20 22.0,14.21,8.06,6.15,6.15,2.53,7.74,3.62,2.7158,5.4889,,,"ROph,gold",yes,Simbad,1,0.99999,13.889999,7.409353238465815,5366.7,3.0617,-0.6829609810982151,1.009937304075235,0.013866982803217402
1055,203796764,16 26 18.37,-24 53 47.6,,10.71,,6.6,1.93,10.46,4.67,3.5811,,,,"ROph,bronze",no,Simbad,1,0.999999,17.06,9.732035238465816,6697.5,3.7066,,,0.013866982803217402
1056,203987773,16 26 18.79,-24 07 19.6,,9.35,,7.25,2.47,9.04,4.78,6.4117,4.1313,,,"ROph,gold",maybe,Simbad,1,1.0,16.29,9.039104238465816,,,-1.319936581938013,,0.013866982803217402
1057,203905576,16 26 18.86,-24 28 19.6,,8.07,,15.69,11.73,6.56,3.96,2.3932,,,,"ROph,bronze",yes,Simbad,1,1.0,22.25,12.450341238465814,,,,,0.013866982803217402
1058,203055760,16 26 19.10,-27 24 42.1,,9.62,,4.57,0.3,9.58,4.27,1.7614,,,,"USco,bronze",no,Simbad,1,0.999996,14.15,7.803963238465815,,,,,0.013866982803217402
1059,203867961,16 26 19.51,-24 37 27.4,16.67,10.1,6.57,6.57,0.91,9.99,5.65,3.2438,,,,"ROph,silver",yes,Simbad,1,0.999999,16.56,9.276306238465816,3539.2,1.5883,0.6980726779397132,0.309102564102564,0.013866982803217402
1060,204611221,16 26 19.62,-21 37 21.0,,9.42,,5.13,0.62,9.34,4.51,19.502,3.5735,,,"USco,gold",no,Simbad,1,0.996487,14.47,7.707349238465815,3865.6,1.0498,-0.8272220068653586,0.5223076923076923,0.013866982803217402
1061,204277248,16 26 19.95,-22 58 10.2,,10.54,,5.48,0.57,10.46,4.91,3.0873,,,,"USco,gold",no,Simbad,1,0.998258,15.940001,9.136429238465816,3459.7,1.0243,-1.4149907048594133,0.2689047619047618,0.013866982803217402
1062,204383288,16 26 19.97,-22 33 02.6,,9.82,,5.14,0.03,9.82,5.11,24.0913,,,,"USco,gold",no,Simbad,1,0.992964,14.959999,8.096493238465815,3727.9,0.9198,-0.9801362788311688,0.4325694444444445,0.013866982803217402
1063,204382615,16 26 20.15,-22 33 12.8,,10.41,,5.78,0.96,10.29,4.82,2.8218,,,,"USco,gold",,Simbad,2,1e-06,16.07,9.043032238465816,3454.7,1.01,-1.3856301610178683,0.26652380952380944,0.013866982803217402
1064,203760915,16 26 20.61,-25 01 37.0,,12.09,,6.79,1.87,11.85,4.93,,,,,"USco,bronze",no,Simbad,1,0.999986,18.64,11.177638238465814,4275.1,2.2981,-1.3641143191128764,0.8,0.013866982803217402
1065,203981774,16 26 20.99,-24 08 52.4,16.52,9.5,7.02,7.02,1.79,9.27,5.23,0.8241,,,,"ROph,bronze",maybe,Simbad,1,0.999995,16.29,9.033114238465815,7320.6,5.1136,,,0.013866982803217402
1066,203914960,16 26 21.52,-24 26 00.9,,10.92,,10.1,1.63,10.71,8.47,2.4972,,,,"ROph,silver",yes,Simbad,1,1.0,20.810001,11.880158238465814,,,-inf,,0.013866982803217402
1067,203837701,16 26 21.90,-24 44 39.9,,10.86,,9.72,2.34,10.56,7.38,2.6201,,,,"ROph,bronze",yes,Simbad,1,1.0,20.28,11.601933238465817,,,-1.6757175540261633,,0.013866982803217402
1068,204520625,16 26 22.20,-22 00 09.1,,10.59,,6.49,1.38,10.41,5.12,1.3776,,,,"USco,bronze",no,Simbad,1,0.999978,16.9,9.584012238465816,3569.3,1.5571,-1.5198492814616984,0.32839743589743603,0.013866982803217402
1069,203934728,16 26 23.36,-24 20 59.9,14.7,6.57,8.13,8.13,5.94,5.81,2.19,5.9033,,,,"ROph,silver",yes,Simbad,1,1.0,13.940001,7.405085238465816,,,,,0.013866982803217402
1070,202987851,16 26 23.41,-27 39 00.5,10.43,8.06,2.37,2.37,0.41,8.01,1.96,1.5409,,,,"USco,gold",no,Simbad,1,0.999862,10.38,4.657325238465816,5246.7,0.4712,,,0.013866982803217402
1071,203843911,16 26 23.69,-24 43 13.8,,7.85,,5.97,2.62,7.51,3.35,8.893,,,,"ROph,bronze",yes,Simbad,1,0.999982,13.48,7.195540238465815,,,,,0.013866982803217402
1072,203919797,16 26 24.04,-24 24 48.0,,7.32,,15.26,11.91,5.79,3.35,4.7842,,,,"ROph,bronze",yes,Simbad,1,1.0,21.05,11.458908238465815,,,,,0.013866982803217402
1073,203953466,16 26 24.07,-24 16 13.4,,6.68,,11.89,8.35,5.61,3.54,6.6218,,,,"ROph,silver",yes,Simbad,1,1.0,17.5,10.313653238465816,6062.4,6.4656,,,0.013866982803217402
1074,203074940,16 26 25.39,-27 20 42.7,,11.18,,6.42,0.39,11.13,6.03,3.3496,,,,"USco,bronze",no,Simbad,1,0.999983,17.55,10.144135238465816,3415.2,1.4586,-1.5491352948697448,0.24771428571428564,0.013866982803217402
1075,203960268,16 26 25.68,-24 14 27.8,,11.5,,8.71,2.63,11.16,6.08,1.9579,,,,"ROph,silver",no,Simbad,1,1.0,19.869999,11.847392238465815,,,-1.898252915025474,,0.013866982803217402
1076,203637940,16 26 27.75,-25 27 24.5,,9.21,,6.63,1.9,8.97,4.73,3.2971,,,,"ROph,silver",yes,Simbad,1,0.999697,15.6,9.182345238465816,6099.2,3.533,-1.3577333740654045,1.4,0.013866982803217402
1077,203354381,16 26 27.86,-26 25 15.1,,9.85,,5.66,0.62,9.77,5.03,0.5993,,,,"USco,bronze",no,Simbad,1,0.997667,15.43,8.487469238465815,3520.1,0.7924,,,0.013866982803217402
1078,203640875,16 26 28.02,-25 26 47.9,,9.1,,5.25,0.89,8.98,4.35,9.0968,,,,"USco,gold",yes,Simbad,1,0.999899,14.23,7.704671238465815,4994.9,2.6466,-0.7901366221010802,0.9002639296187682,0.013866982803217402
1079,202976647,16 26 29.90,-27 41 20.2,8.61,7.22,1.39,1.39,0.02,7.22,1.37,2.076,,,,"USco,gold",no,Simbad,1,0.998258,8.61,2.9146082384658154,5941.7,0.0283,0.8743733808711531,1.2,0.013866982803217402
1080,203917082,16 26 31.35,-24 25 30.2,,11.72,,12.47,7.69,10.73,4.78,,,,,"ROph,silver",yes,Simbad,1,0.999997,23.2,15.292067238465815,,,,,0.013866982803217402
1081,203365890,16 26 32.76,-26 22 59.1,,10.49,,7.04,0.51,10.42,6.53,,,,,"USco,gold",no,Simbad,1,0.999998,17.46,9.530253238465816,,,-1.5014137692713905,,0.013866982803217402
1082,203925053,16 26 34.16,-24 23 28.2,16.53,6.32,10.21,10.21,10.66,4.95,-0.45,6.2302,0.6877,,,"ROph,silver",,Simbad,1,1.0,15.16,8.541910238465816,,,,,0.013866982803217402
1083,203713606,16 26 34.94,-25 11 41.2,,9.99,,4.57,0.09,9.98,4.48,4.7668,,,,"USco,gold",no,Simbad,1,0.999739,14.549999,8.068433238465815,4183.8,1.1422,-0.9910167914784496,0.8,0.013866982803217402
1084,205114690,16 26 35.43,-19 19 53.3,,9.26,,4.03,0.7,9.17,3.33,,,,,"USco,bronze",no,Simbad,1,0.999996,13.200001,7.041153238465816,,,,,0.013866982803217402
1085,204223197,16 26 36.61,-23 10 57.0,,9.21,,5.17,0.43,9.16,4.74,9.6885,,,,"USco,bronze",no,Simbad,1,0.999762,14.33,7.752552238465816,4900.9,2.4937,-0.824546158623733,0.8756282722513088,0.013866982803217402
1086,203954898,16 26 36.82,-24 15 51.8,,9.59,,12.38,8.42,8.51,3.96,1.7866,,,,"ROph,bronze",yes,Simbad,1,1.0,20.89,11.878449238465816,4437.0,4.5022,,,0.013866982803217402
1087,203954364,16 26 37.13,-24 15 59.9,,10.76,,10.03,3.95,10.25,6.08,,,,,"ROph,bronze",yes,Simbad,1,1.0,20.279999,11.588913238465814,3478.9,3.4491,-1.7203330629396685,0.2780476190476191,0.013866982803217402
1088,204525799,16 26 38.63,-21 58 51.8,,10.73,,6.24,0.93,10.61,5.3,2.0115,,,,"USco,bronze",no,Simbad,1,0.999962,16.849998,9.592664238465815,3413.1,1.3156,-1.512154867892628,0.24671428571428566,0.013866982803217402
1089,204377821,16 26 39.65,-22 34 20.3,,10.49,,6.94,1.36,10.31,5.57,1.3506,,,,"USco,bronze",no,Simbad,1,0.999999,17.25,9.728967238465817,,,,,0.013866982803217402
1090,204840715,16 26 40.57,-20 37 28.6,,9.14,,4.13,0.7,9.05,3.43,,,,,"USco,bronze",no,Simbad,1,0.999996,13.18,7.001303238465816,,,,,0.013866982803217402
1091,204520585,16 26 41.19,-22 00 09.7,,9.34,,5.06,0.81,9.24,4.25,19.1625,2.1586,,,"USco,gold",no,Simbad,1,0.998613,14.299999,7.776170238465815,3778.5,0.9841,,,0.013866982803217402
1092,203856244,16 26 41.22,-24 40 17.7,,9.27,,7.95,1.87,9.03,6.08,4.0675,1.951,,,"ROph,silver",yes,Simbad,1,1.0,16.98,9.383542238465814,,,,,0.013866982803217402
1093,203936815,16 26 42.85,-24 20 29.9,,7.88,,10.7,7.16,6.96,3.54,8.9081,,,,"ROph,silver",yes,Simbad,1,0.999999,17.66,10.779261238465814,,,,,0.013866982803217402
1094,203138121,16 26 42.88,-27 07 42.0,,11.2,,6.43,0.94,11.08,5.49,0.8274,,,,"USco,bronze",no,Simbad,1,0.999963,17.51,10.163886238465816,,,-1.5630426824391672,,0.013866982803217402
1095,203972954,16 26 43.13,-24 11 10.3,,9.68,,7.63,3.96,9.17,3.67,12.4936,,,,"ROph,bronze",no,Simbad,1,0.999994,16.8,9.187221238465815,6184.8,4.3938,,,0.013866982803217402
1096,203803109,16 26 43.50,-24 52 24.8,,10.37,,8.21,4.67,9.77,3.54,,,,,"ROph,silver",no,Simbad,1,1.0,17.98,10.208571238465815,6327.3,4.3953,,,0.013866982803217402
1097,203952180,16 26 43.75,-24 16 33.3,,9.6,,15.62,11.66,8.1,3.96,1.7728,0.3817,,,"ROph,bronze",yes,Simbad,1,1.0,23.720001,13.842175238465815,,,,,0.013866982803217402
1098,203843900,16 26 44.33,-24 43 14.0,17.07,9.57,7.5,7.5,2.72,9.22,4.78,1.5434,,,,"ROph,silver",no,Simbad,1,0.999999,16.720001,9.291985238465816,3531.3,2.0442,,,0.013866982803217402
1099,203826403,16 26 44.41,-24 47 14.0,,10.64,,6.64,1.52,10.44,5.12,3.979,,,,"USco,bronze",no,Simbad,1,0.999999,17.08,9.920206238465816,3489.2,1.753,-1.5728386027275143,0.28295238095238084,0.013866982803217402
1100,203926424,16 26 45.02,-24 23 07.7,,8.95,,18.3,14.34,7.11,3.96,4.208,,,,"ROph,bronze",yes,Simbad,1,0.999999,25.41,14.733370238465817,,,,,0.013866982803217402
1101,203969721,16 26 46.41,-24 12 00.0,15.5,7.49,8.01,8.01,6.43,6.66,1.58,3.3516,,,,"ROph,bronze",yes,Simbad,1,0.999999,14.67,8.372630238465815,,,,,0.013866982803217402
1102,203838456,16 26 47.05,-24 44 29.8,,10.56,,8.95,3.29,10.13,5.65,3.504,,,,"ROph,gold",yes,Simbad,1,1.0,19.08,11.270310238465814,3581.7,3.6143,-1.614393731781282,0.33634615384615374,0.013866982803217402
1104,203849021,16 26 48.10,-24 42 03.3,,10.65,,9.35,3.27,10.23,6.08,3.9327,,,,"ROph,bronze",maybe,Simbad,1,1.0,19.58,11.602051238465815,,,-1.6927179451715202,,0.013866982803217402
1105,203864032,16 26 48.97,-24 38 25.2,,9.98,,15.04,10.26,8.66,4.78,,,,,"ROph,silver",yes,Simbad,1,0.999999,23.7,13.850439238465814,,,,,0.013866982803217402
1106,203938591,16 26 49.23,-24 20 02.9,,8.69,,13.46,4.92,8.05,8.54,2.5615,7.23,,,"ROph,bronze",yes,Simbad,1,1.0,21.51,13.609356238465814,,,,,0.013866982803217402
1107,203962559,16 26 50.48,-24 13 52.2,,10.8,,7.93,3.15,10.4,4.78,1.5402,,,,"ROph,gold",no,Simbad,1,1.0,18.33,10.808470238465816,3474.2,2.9111,-1.7146677678472066,0.2758095238095237,0.013866982803217402
1108,203006330,16 26 54.08,-27 35 08.0,,10.68,,5.26,1.57,10.48,3.69,1.0821,,,,"USco,bronze",no,Simbad,1,0.992964,15.74,8.962627238465815,3417.0,0.6531,-1.4061603244093963,0.24857142857142855,0.013866982803217402
1109,204464537,16 26 56.18,-22 13 52.1,,12.41,,7.2,0.78,12.31,6.42,0.2843,,,,"USco,gold",maybe,Simbad,1,0.999999,19.51,11.921549238465817,2834.9,0.7439,-2.1765257737350687,0.1,0.013866982803217402
1110,203478347,16 26 56.46,-26 00 17.0,,12.01,,7.06,1.37,11.83,5.69,2.8819,,,,"USco,bronze",no,Simbad,1,0.999999,18.89,11.241957238465815,3380.3,1.5281,-1.8038238163770817,0.2310952380952382,0.013866982803217402
1111,203962599,16 26 56.77,-24 13 51.5,,9.25,,13.92,10.3,7.93,3.62,4.2516,,,,"ROph,silver",yes,Simbad,1,1.0,21.85,12.445399238465814,4002.0,5.9752,,,0.013866982803217402
1112,203833873,16 26 58.42,-24 45 31.7,,7.55,,11.13,7.46,6.59,3.67,3.109,,,,"ROph,bronze",yes,Simbad,1,0.999397,17.720001,9.509608238465816,,,,,0.013866982803217402
1113,210282534,16 26 58.50,-24 45 36.8,,7.06,,8.28,5.79,6.31,2.49,11.2948,,,,"ROph,bronze",yes,Simbad,1,0.999973,14.59,8.995038238465815,,,,,0.013866982803217402
1114,203979309,16 27 04.05,-24 09 32.1,,10.09,,7.55,3.05,9.7,4.5,4.612,,,,"ROph,bronze",yes,Simbad,1,0.999999,17.25,10.063332238465817,,,,,0.013866982803217402
1115,203844856,16 27 04.51,-24 42 59.6,,9.84,,10.46,6.79,8.96,3.67,3.5358,,,,"ROph,bronze",maybe,Simbad,1,1.0,19.42,11.016510238465816,4732.1,4.8511,-1.1800614361149062,0.8314397905759163,0.013866982803217402
1116,203848252,16 27 04.56,-24 42 14.0,,9.81,,11.81,7.85,8.8,3.96,14.4927,,,,"ROph,silver",yes,Simbad,1,1.0,20.61,11.795296238465816,4479.6,5.5085,,,0.013866982803217402
1117,205044245,16 27 05.16,-19 40 30.3,,10.84,,4.88,0.36,10.8,4.52,12.3653,,,,"USco,bronze",no,Simbad,1,0.999998,15.68,9.213128238465815,5165.6,2.4391,-1.124938719350988,0.9503225806451614,0.013866982803217402
1118,203988827,16 27 06.55,-24 07 03.1,,10.76,,9.04,3.39,10.33,5.65,4.2381,,,,"ROph,silver",no,Simbad,1,1.0,19.369999,11.371256238465817,3574.7,3.5791,-1.7000570875857044,0.33185897435897427,0.013866982803217402
1119,203850058,16 27 06.59,-24 41 48.8,,10.77,,9.47,3.39,10.33,6.08,2.8619,,,,"ROph,bronze",yes,Simbad,1,1.0,19.8,11.319100238465817,3150.8,2.2395,-1.6878226480637744,0.14820189274447956,0.013866982803217402
1120,203442191,16 27 06.68,-26 07 31.1,10.4,8.29,2.11,2.11,1.27,8.13,0.84,0.5415,0.5318,,,"USco,bronze",no,Simbad,1,0.999979,10.24,4.512197238465815,7063.7,1.0099,0.5510484565699407,1.5,0.013866982803217402
1121,203969672,16 27 09.07,-24 12 00.7,,9.8,,12.11,7.47,8.84,4.64,4.8267,,,,"ROph,gold",yes,Simbad,1,1.0,20.95,12.258372238465814,3894.2,5.777,-0.5699894763839917,0.5380219780219779,0.013866982803217402
1122,203881640,16 27 09.10,-24 34 08.1,,8.91,,16.81,13.14,7.22,3.67,2.4154,,,,"ROph,bronze",yes,Simbad,1,1.0,24.029999,13.773093238465815,,,,,0.013866982803217402
1123,204565982,16 27 09.40,-21 48 45.9,,11.71,,7.82,2.02,11.45,5.8,1.5612,,,,"USco,gold",yes,Simbad,1,1.0,19.27,11.322485238465816,3313.8,1.7517,-1.9182927237260483,0.199621451104101,0.013866982803217402
1124,203386139,16 27 09.49,-26 18 55.1,,10.77,,5.72,0.21,10.74,5.51,0.909,1.4135,,,"USco,gold",no,Simbad,1,0.992659,16.46,9.731181238465815,,,,,0.013866982803217402
1125,203941868,16 27 10.26,-24 19 12.6,14.1,6.72,7.38,7.38,5.8,5.97,1.58,2.0474,2.1516,,,"ROph,bronze",yes,Simbad,1,0.999996,13.35,7.086832238465815,,,1.1959884351728527,,0.013866982803217402
1126,203975467,16 27 11.87,-24 10 31.2,18.68,9.64,9.04,9.04,5.08,8.99,3.96,8.3048,,,,"ROph,gold",no,Simbad,1,1.0,18.029999,11.245323238465817,4645.3,5.5933,,,0.013866982803217402
1127,203120347,16 27 12.52,-27 11 21.9,8.25,7.19,1.06,1.06,0.0,7.19,1.06,,,,,"USco,bronze",no,Simbad,1,0.996487,8.25,2.563774238465814,6592.2,0.0004,0.7051107296819831,1.4121656050955413,0.013866982803217402
1128,203749770,16 27 12.72,-25 04 02.1,,9.38,,5.38,1.46,9.19,3.92,4.8208,,,,"USco,gold",yes,Simbad,1,0.998613,14.57,7.935833238465815,3813.1,1.0674,-0.8787685360781292,0.49173611111111104,0.013866982803217402
1129,203945512,16 27 13.72,-24 18 16.8,,9.29,,,10.2,,,,,,,"ROph,bronze",yes,Simbad,1,1.0,,12.473235238465817,3743.1,5.7555,-0.6574391477413285,0.44312499999999994,0.013866982803217402
1130,203842632,16 27 13.82,-24 43 31.6,,9.98,,,,,,,,,,"ROph,bronze",yes,Simbad,1,0.999999,,13.614329238465814,,,,,0.013866982803217402
1131,203390805,16 27 14.36,-26 17 58.7,,9.53,,3.85,0.7,9.44,3.15,4.7328,,,,"USco,bronze",no,Simbad,1,0.997667,13.289999,7.162162238465815,4180.8,0.5244,-0.6641010081564435,0.8,0.013866982803217402
1132,203807051,16 27 14.48,-24 51 33.7,16.44,10.38,6.06,6.06,0.83,10.27,5.23,2.6051,,,,"USco,bronze",no,Simbad,1,0.999938,16.33,9.238613238465817,3419.7,1.2721,-1.4250432430265851,0.24985714285714278,0.013866982803217402
1133,203806628,16 27 15.11,-24 51 38.8,15.02,9.39,5.63,5.63,1.7,9.17,3.93,,,,,"USco,bronze",yes,Simbad,1,0.992964,14.8,8.217155238465816,3633.4,1.0948,-1.013093973549431,0.3694871794871796,0.013866982803217402
1134,205488952,16 27 16.44,-17 15 11.6,,12.45,,6.64,1.91,12.2,4.74,,,,,"USco,bronze",no,Simbad,1,0.999968,18.84,11.473748238465816,,,-1.7135435485766424,,0.013866982803217402
1135,203989869,16 27 16.89,-24 06 47.7,,8.6,,8.72,5.97,7.84,2.75,,,,,"ROph,bronze",no,Simbad,1,1.0,16.560001,9.528736238465816,,,,,0.013866982803217402
1136,203826602,16 27 17.07,-24 47 11.1,,9.49,,9.57,7.08,8.58,2.49,,,,,"ROph,bronze",no,Simbad,1,1.0,18.15,10.994147238465814,7032.1,6.1688,,,0.013866982803217402
1137,203791768,16 27 18.34,-24 54 53.9,,10.06,,5.91,0.78,9.96,5.14,2.7065,,,,"USco,bronze",yes,Simbad,1,0.999617,15.87,9.230079238465816,3408.1,0.6689,-1.3588234500276832,0.2443333333333333,0.013866982803217402
1138,204134902,16 27 18.95,-23 31 38.0,,8.61,,3.95,0.7,8.52,3.25,2.4681,,,,"USco,bronze",no,Simbad,1,0.999991,12.47,6.402847238465816,6147.3,2.1168,0.0954378603854692,1.26225,0.013866982803217402
1139,203850605,16 27 19.49,-24 41 40.3,13.28,8.41,4.87,4.87,0.02,8.41,4.85,3.9176,3.5199,,,"USco,gold",yes,Simbad,1,0.996487,13.28,6.640591238465815,,,,,0.013866982803217402
1140,203946777,16 27 22.91,-24 17 57.3,,9.45,,17.42,13.88,7.67,3.54,5.3734,,,,"ROph,bronze",yes,Simbad,1,1.0,25.09,14.714625238465814,,,,,0.013866982803217402
1141,203822485,16 27 22.95,-24 48 07.3,,9.39,,6.9,1.67,9.17,5.23,8.8495,,,,"ROph,gold",yes,Simbad,1,0.999994,16.07,9.115779238465816,,,-1.293367560439418,,0.013866982803217402
1142,204608421,16 27 25.51,-21 38 04.0,,11.26,,6.46,0.88,11.15,5.58,1.8322,,,,"USco,bronze",no,Simbad,1,0.999996,17.61,10.227591238465816,3571.3,1.5249,-1.7347103828802517,0.3296794871794873,0.013866982803217402
1143,203915424,16 27 26.58,-24 25 54.3,,11.84,,8.16,0.7,11.75,7.46,2.8842,,,,"USco,bronze",yes,Simbad,1,0.999998,19.91,11.715571238465817,2668.8,0.5632,-1.9430951413405235,0.1,0.013866982803217402
1144,203893434,16 27 27.38,-24 31 16.5,,9.32,,15.72,11.76,7.8,3.96,,,,,"ROph,bronze",yes,Simbad,1,1.0,23.52,13.649439238465815,,,,,0.013866982803217402
1145,202787821,16 27 27.64,-28 21 50.6,,10.02,,4.69,0.19,9.99,4.5,4.2599,,,,"USco,gold",no,Simbad,2,1e-06,14.68,8.091481238465816,3590.6,0.5451,-0.92434357085594,0.342051282051282,0.013866982803217402
1146,203793391,16 27 28.72,-24 54 32.1,,11.69,,5.66,0.43,11.64,5.23,0.8805,,,,"ROph,silver",no,Simbad,1,0.99987,17.3,10.263450238465817,3284.7,0.7042,-1.8840568299189424,0.19044164037854885,0.013866982803217402
1147,203978911,16 27 28.76,-24 09 37.9,,10.82,,8.16,7.15,9.9,1.01,,,,,"ROph,bronze",no,Simbad,1,1.0,18.06,10.630532238465817,,,,,0.013866982803217402
1148,203825455,16 27 30.83,-24 47 27.0,,9.5,,11.12,6.9,8.61,4.22,1.2444,,,,"ROph,bronze",yes,Simbad,1,1.0,19.73,12.205559238465815,,,,,0.013866982803217402
1149,203919315,16 27 30.84,-24 24 56.0,,10.07,,12.36,7.58,9.1,4.78,6.1462,,,,"ROph,silver",yes,Simbad,1,1.0,21.46,12.389048238465817,,,,,0.013866982803217402
1150,203796922,16 27 32.86,-24 53 45.4,,8.34,,7.31,3.87,7.84,3.44,13.3542,,,,"ROph,bronze",no,Simbad,1,0.999999,15.15,8.388529238465816,6245.7,4.6675,,,0.013866982803217402
1151,203852282,16 27 33.11,-24 41 15.2,,7.81,,12.37,8.7,6.69,3.67,,,,,"ROph,bronze",yes,Simbad,1,1.0,19.06,11.579625238465816,,,,,0.013866982803217402
1152,202790830,16 27 33.20,-28 21 10.0,,10.51,,4.93,0.15,10.49,4.78,3.8927,,,,"USco,gold",no,Simbad,2,1e-06,15.42,8.679874238465816,3486.7,0.5838,-1.3018994626248446,0.28176190476190466,0.013866982803217402
1153,203863479,16 27 35.26,-24 38 33.3,,9.67,,8.49,2.84,9.3,5.65,1.6257,2.2433,,,"ROph,bronze",no,Simbad,1,1.0,17.79,10.078386238465816,,,,,0.013866982803217402
1154,203896277,16 27 37.18,-24 30 35.0,,7.58,,11.31,11.27,6.13,0.04,,,,,"ROph,bronze",yes,Simbad,1,1.0,17.44,10.698420238465816,,,,,0.013866982803217402
1155,203895738,16 27 38.12,-24 30 42.9,,9.66,,14.41,9.18,8.48,5.23,,,,,"ROph,bronze",yes,Simbad,1,1.0,22.89,13.169293238465816,,,,,0.013866982803217402
1156,203870022,16 27 38.32,-24 36 58.5,,8.27,,14.53,11.18,6.83,3.35,,,,,"ROph,silver",yes,Simbad,1,1.0,21.36,11.598698238465817,4219.6,6.011,,,0.013866982803217402
1157,203863066,16 27 38.63,-24 38 39.1,,11.08,,12.85,3.57,10.62,9.28,4.1143,,,,"ROph,bronze",yes,Simbad,1,1.0,23.470001,13.639775238465816,,,-1.7423214031062906,,0.013866982803217402
1158,203860592,16 27 39.42,-24 39 15.5,,8.46,,8.95,5.6,7.74,3.35,6.2229,,,,"ROph,silver",yes,Simbad,1,1.0,16.689999,9.738481238465816,7995.3,6.0329,-0.7487025357070654,1.5,0.013866982803217402
1159,204330922,16 27 39.53,-22 45 23.0,11.65,8.08,3.56,3.56,1.11,7.94,2.45,4.1633,,,,"USco,gold",no,Simbad,1,0.999944,11.5,5.577557238465815,5246.4,1.2893,,,0.013866982803217402
1160,203930599,16 27 40.27,-24 22 04.1,11.53,7.21,4.33,4.33,0.98,7.08,3.35,,,,,"ROph,bronze",yes,Simbad,1,0.999947,11.41,5.416890238465815,5693.3,1.8383,,,0.013866982803217402
1161,203425127,16 27 40.90,-26 10 56.9,,10.51,,5.96,0.55,10.44,5.41,0.5312,,,,"USco,bronze",no,Simbad,1,0.999877,16.4,9.238975238465816,3464.6,1.2036,,,0.013866982803217402
1162,203862309,16 27 42.70,-24 38 50.6,,10.54,,13.44,8.94,9.39,4.5,4.3647,,,,"ROph,bronze",yes,Simbad,1,1.0,22.83,13.397499238465816,,,-1.323489305081107,,0.013866982803217402
1163,204853319,16 27 43.41,-20 34 01.7,,12.68,,8.68,3.38,12.25,5.3,,,,,"USco,bronze",no,Simbad,1,0.999999,20.93,12.781609238465816,3567.7,2.9598,-2.0030507642260216,0.32737179487179474,0.013866982803217402
1164,203751997,16 27 45.21,-25 03 33.1,,11.45,,5.94,0.32,11.41,5.61,2.7362,,,,"USco,bronze",no,Simbad,1,0.999952,17.35,10.171093238465817,,,-1.7101881639902885,,0.013866982803217402
1165,203891751,16 27 46.29,-24 31 41.1,,11.32,,13.36,4.89,10.69,8.47,,,,,"ROph,bronze",yes,Simbad,1,0.999999,24.05,14.234198238465815,,,,,0.013866982803217402
1166,203781195,16 27 47.98,-24 57 13.7,,12.11,,8.43,2.83,11.75,5.6,0.4139,,,,"USco,gold",no,Simbad,1,1.0,20.18,12.563467238465815,,,-1.825940203986945,,0.013866982803217402
1167,203465909,16 27 49.03,-26 02 44.0,,9.18,,5.95,0.7,9.09,5.25,3.8128,,,,"USco,bronze",yes,Simbad,1,0.999245,15.04,8.567824238465816,,,-1.169090703892283,,0.013866982803217402
1168,203917608,16 27 49.78,-24 25 21.9,,10.16,,12.09,9.12,8.99,2.97,0.4717,,,,"ROph,bronze",yes,Simbad,1,1.0,21.08,13.256068238465817,,,,,0.013866982803217402
1169,203916376,16 27 49.85,-24 25 40.1,,7.3,,7.56,7.03,6.4,0.53,0.4716,,,,"ROph,bronze",no,Simbad,1,0.999968,13.96,7.980484238465815,,,,,0.013866982803217402
1170,205121036,16 27 50.65,-19 18 00.4,,9.31,,4.27,0.0,9.31,4.27,,,,,"USco,bronze",no,Simbad,1,0.999992,13.58,7.2321912384658145,,,,,0.013866982803217402
1171,204271913,16 27 51.40,-22 59 22.2,,12.87,,7.75,2.31,12.57,5.43,,,,,"USco,bronze",no,Simbad,1,0.999996,20.32,12.402956238465816,4035.2,2.7269,-1.5220110133809452,0.7,0.013866982803217402
1172,203853992,16 27 52.08,-24 40 50.3,16.28,8.13,8.15,8.15,4.53,7.54,3.62,1.5516,,,,"ROph,gold",no,Simbad,1,0.999964,15.69,8.983690238465815,,,,,0.013866982803217402
1173,205462610,16 27 52.54,-17 25 35.2,,10.83,,5.28,0.7,10.74,4.58,,,,,"USco,bronze",no,Simbad,1,0.999998,16.02,9.196656238465817,5155.1,2.4091,,,0.013866982803217402
1174,202689729,16 27 54.85,-28 43 39.2,,9.02,,4.12,0.7,8.93,3.42,,,,,"USco,bronze",no,Simbad,1,0.999996,13.05,6.867054238465816,,,,,0.013866982803217402
1175,203904213,16 27 55.25,-24 28 39.5,,10.79,,,7.15,,,1.6727,,,,"ROph,bronze",yes,Simbad,1,0.999982,,13.257838238465816,,,,,0.013866982803217402
1176,203913804,16 27 55.56,-24 26 17.9,14.19,8.9,5.29,5.29,1.07,8.76,4.22,,,,,"ROph,bronze",yes,Simbad,1,0.997667,14.05,7.540522238465815,6820.2,3.675,-0.2728737150388886,1.4847770700636942,0.013866982803217402
1177,203857404,16 27 57.82,-24 40 01.7,,9.87,,12.38,8.76,8.74,3.62,0.7698,,,,"ROph,bronze",maybe,Simbad,1,1.0,21.119999,13.032515238465816,,,,,0.013866982803217402
1178,203652652,16 27 57.92,-25 24 19.0,,10.08,,4.94,0.16,10.06,4.78,6.2327,,,,"USco,gold",no,Simbad,1,0.992964,15.0,8.265111238465815,3476.4,0.563,-1.263444154651091,0.2768571428571429,0.013866982803217402
1179,203821589,16 27 59.96,-24 48 19.2,17.42,9.27,8.15,8.15,2.92,8.89,5.23,0.9105,0.6677,,,"ROph,silver",no,Simbad,1,1.0,17.04,9.412551238465817,,,-1.361211347697449,,0.013866982803217402
1181,203942313,16 28 02.08,-24 19 04.8,,10.7,,8.12,7.13,9.78,0.99,,,,,"ROph,bronze",no,Simbad,1,1.0,17.9,11.229746238465816,6016.0,5.3814,,,0.013866982803217402
1182,203798606,16 28 03.36,-24 53 23.6,,10.49,,7.8,2.18,10.21,5.62,2.3014,,,,"USco,bronze",no,Simbad,1,1.0,18.01,10.390063238465816,,,-1.597222919361493,,0.013866982803217402
1183,203943014,16 28 06.44,-24 18 55.0,,10.86,,8.1,6.73,9.99,1.37,,,,,"ROph,bronze",no,Simbad,1,0.999999,18.09,10.619847238465816,6281.3,4.504,,,0.013866982803217402
1184,204912809,16 28 07.37,-20 17 47.9,,10.06,,4.96,0.7,9.97,4.26,,,,,"USco,bronze",no,Simbad,1,0.999997,14.93,8.492033238465815,6100.0,3.0839,,,0.013866982803217402
1185,202828127,16 28 08.95,-28 12 56.6,,12.11,,7.7,1.31,11.94,6.39,1.1663,,,,"USco,bronze",yes,Simbad,1,0.999999,19.64,11.622988238465815,,,-1.940436572270189,,0.013866982803217402
1186,203925554,16 28 09.21,-24 23 20.7,,7.14,,14.26,11.51,5.66,2.75,,,,,"ROph,bronze",maybe,Simbad,1,1.0,19.92,8.931551238465815,,,,,0.013866982803217402
1187,203409747,16 28 09.52,-26 14 04.9,,12.03,,6.33,0.79,11.93,5.54,0.9422,,,,"USco,bronze",no,Simbad,1,0.999998,18.26,11.059517238465816,,,-1.8877302197391488,,0.013866982803217402
1188,203954277,16 28 10.20,-24 16 01.2,13.66,7.97,5.69,5.69,1.55,7.77,4.15,,,,,"ROph,bronze",no,Simbad,1,0.999964,13.46,6.933677238465815,,,,,0.013866982803217402
1189,205157696,16 28 10.26,-19 06 57.9,,11.44,,5.99,1.51,11.25,4.48,,,,,"USco,bronze",no,Simbad,1,0.989146,17.24,10.408024238465815,,,,,0.013866982803217402
1190,203991803,16 28 10.99,-24 06 17.7,,10.06,,8.54,3.76,9.58,4.78,1.5335,2.1109,,,"ROph,bronze",no,Simbad,1,1.0,18.119999,10.523131238465815,,,-1.5929491973427887,,0.013866982803217402
1191,203781238,16 28 11.00,-24 57 12.8,,9.67,,6.0,1.76,9.44,4.24,4.8086,,,,"USco,bronze",no,Simbad,1,0.999904,15.44,8.630523238465816,3665.2,1.493,,,0.013866982803217402
1192,203901467,16 28 11.08,-24 29 19.7,,10.62,,8.47,6.37,9.8,2.1,,,,,"ROph,bronze",no,Simbad,1,1.0,18.27,11.396449238465816,6883.1,5.7194,,,0.013866982803217402
1193,203979600,16 28 12.15,-24 09 27.4,,7.19,,11.14,6.36,6.37,4.78,,,,,"ROph,bronze",no,Simbad,1,1.0,17.51,9.441621238465816,,,,,0.013866982803217402
1194,203810698,16 28 12.28,-24 50 44.5,,9.56,,9.06,4.28,9.0,4.78,1.4925,3.994,,,"ROph,bronze",no,Simbad,1,1.0,18.060001,9.911340238465815,,,,,0.013866982803217402
1195,203810647,16 28 12.54,-24 50 45.3,,10.38,,,3.55,,,1.4925,3.9936,2.7283,,"ROph,silver",,Simbad,1,1.0,,10.689145238465816,3623.8,3.1972,-1.5540845820806837,0.36333333333333345,0.013866982803217402
1196,203971352,16 28 12.71,-24 11 35.5,,11.09,,12.34,4.96,10.45,7.38,2.4285,,,,"ROph,bronze",yes,Simbad,1,0.999999,22.79,13.672783238465817,,,-1.7088532519062465,,0.013866982803217402
1197,203887087,16 28 13.79,-24 32 49.4,,10.1,,13.49,8.26,9.03,5.23,6.7027,,,,"ROph,silver",yes,Simbad,1,1.0,22.52,11.794659238465815,,,,,0.013866982803217402
1198,203785905,16 28 13.85,-24 56 11.3,,9.7,,8.78,4.82,9.08,3.96,8.7397,,,,"ROph,bronze",yes,Simbad,1,0.999997,17.86,9.978818238465816,6126.8,4.4922,,,0.013866982803217402
1199,203925443,16 28 14.75,-24 23 22.5,,10.55,,12.19,10.0,9.26,2.19,,,,,"ROph,bronze",yes,Simbad,1,1.0,21.45,11.379198238465817,,,,,0.013866982803217402
1200,204411939,16 28 14.88,-22 26 18.9,,12.72,,7.22,1.88,12.48,5.34,1.1144,,,,"USco,bronze",no,Simbad,1,0.999998,19.699999,12.019394238465814,3427.0,1.9421,-1.676335468839323,0.25333333333333335,0.013866982803217402
1201,203971363,16 28 15.27,-24 11 35.4,,11.23,,9.09,4.23,10.68,4.86,,,,,"ROph,bronze",no,Simbad,1,1.0,19.77,11.601107238465817,9199.3,5.8966,,,0.013866982803217402
1202,203870058,16 28 16.50,-24 36 57.9,,9.32,,9.06,3.83,8.82,5.23,,,,,"ROph,bronze",yes,Simbad,1,1.0,17.880001,10.545691238465814,,,,,0.013866982803217402
1203,203995761,16 28 16.73,-24 05 14.2,,8.86,,8.72,5.37,8.17,3.35,5.1675,,,,"ROph,gold",yes,Simbad,1,1.0,16.89,9.777610238465815,5001.4,4.7153,,,0.013866982803217402
1204,203904453,16 28 18.08,-24 28 36.1,,11.3,,8.99,1.61,11.09,7.38,0.7962,,,,"ROph,bronze",no,Simbad,1,1.0,20.08,11.583718238465815,,,-1.830325570284712,,0.013866982803217402
1205,202644133,16 28 18.22,-28 54 01.3,11.94,8.27,3.67,3.67,0.0,8.27,3.67,,,,,"USco,bronze",no,Simbad,1,0.999998,11.940001,5.706134238465815,4562.7,0.8651,,,0.013866982803217402
1206,202709894,16 28 18.69,-28 39 08.1,,9.53,,3.89,0.7,9.44,3.19,,,,,"USco,bronze",no,Simbad,1,0.999998,13.33,7.166756238465815,,,,,0.013866982803217402
1207,203779568,16 28 19.22,-24 57 34.3,,9.93,,7.42,2.64,9.58,4.78,11.984,,,,"ROph,gold",no,Simbad,1,0.999998,17.0,9.344381238465814,3536.0,1.9661,-1.4461169880344822,0.30705128205128207,0.013866982803217402
1208,203925751,16 28 20.03,-24 23 18.0,,10.62,,9.32,4.54,10.03,4.78,1.8132,,,,"ROph,bronze",no,Simbad,1,1.0,19.349998,11.631678238465817,3600.8,3.8105,-1.6247022529794684,0.3485897435897437,0.013866982803217402
1209,203931209,16 28 21.50,-24 21 55.2,,10.18,,9.0,4.36,9.62,4.64,6.7455,,,,"ROph,gold",yes,Simbad,1,1.0,18.619999,11.014542238465816,3936.1,3.9142,,,0.013866982803217402
1210,203947556,16 28 21.56,-24 17 44.9,,10.55,,8.23,6.81,9.67,1.42,,,,,"ROph,bronze",no,Simbad,1,1.0,17.9,11.195253238465815,8638.4,6.1897,,,0.013866982803217402
1211,203904033,16 28 22.08,-24 28 42.1,,11.31,,7.56,2.41,11.0,5.16,,,,,"USco,bronze",no,Simbad,1,0.999998,18.56,10.759106238465815,,,,,0.013866982803217402
1212,203820868,16 28 22.96,-24 48 28.9,,10.95,,9.47,3.39,10.51,6.08,1.4517,,,,"ROph,bronze",maybe,Simbad,1,1.0,19.98,11.761132238465816,3541.2,3.5373,-1.6706021195477456,0.31038461538461526,0.013866982803217402
1213,203944388,16 28 23.30,-24 18 33.8,,8.69,,13.57,9.35,7.48,4.22,,,,,"ROph,bronze",no,Simbad,1,1.0,21.05,10.339384238465817,4688.9,5.7202,,,0.013866982803217402
1214,203928175,16 28 23.32,-24 22 40.9,,8.62,,12.17,8.61,7.51,3.56,4.3728,,,,"ROph,bronze",yes,Simbad,1,0.999998,19.68,11.101935238465815,3585.3,2.7289,,,0.013866982803217402
1215,203979314,16 28 24.30,-24 09 31.6,,9.83,,8.93,4.43,9.26,4.5,10.7247,,,,"ROph,gold",no,Simbad,1,1.0,18.19,10.715281238465815,6004.0,6.1207,,,0.013866982803217402
1216,203875175,16 28 24.79,-24 35 43.4,,11.3,,7.22,1.87,11.06,5.35,1.9116,,,,"USco,bronze",no,Simbad,1,1.0,18.28,10.815257238465817,3423.0,1.9475,-1.8256493984748543,0.25142857142857145,0.013866982803217402
1217,203062441,16 28 24.93,-27 23 18.3,11.14,7.96,3.18,3.18,0.98,7.84,2.2,2.6485,,,,"USco,bronze",yes,Simbad,1,0.999996,11.02,4.948028238465815,,,,,0.013866982803217402
1218,203905577,16 28 25.09,-24 28 19.6,,7.86,,8.47,3.97,7.34,4.5,,,,,"ROph,bronze",maybe,Simbad,1,1.0,15.81,8.452209238465816,3786.1,3.3355,,,0.013866982803217402
1219,203993703,16 28 32.17,-24 05 48.2,,10.21,,10.62,4.7,9.6,5.92,1.0728,1.4893,,,"ROph,bronze",maybe,Simbad,1,1.0,20.220001,11.459771238465816,,,,,0.013866982803217402
1220,203956650,16 28 32.56,-24 15 24.4,,9.84,,10.46,5.68,9.11,4.78,0.6752,1.5052,,,"ROph,gold",yes,Simbad,1,1.0,19.57,12.543963238465814,,,,,0.013866982803217402
1221,203927902,16 28 32.67,-24 22 45.0,,6.85,,7.09,5.14,6.19,1.95,0.6919,,,,"ROph,bronze",yes,Simbad,1,0.999996,13.280001,6.950024238465815,,,,,0.013866982803217402
1222,203888951,16 28 36.32,-24 32 22.5,,11.18,,7.69,2.65,10.84,5.04,1.8703,,,,"ROph,bronze",maybe,Simbad,1,1.0,18.53,10.705403238465816,6905.1,4.3576,,,0.013866982803217402
1223,204576585,16 28 40.75,-21 46 05.2,10.67,8.17,2.5,2.5,0.66,8.09,1.84,,,,,"USco,bronze",no,Simbad,1,0.999955,10.59,4.814673238465815,6476.8,1.1451,0.1775134155686123,1.3743521594684385,0.013866982803217402
1224,203884740,16 28 41.54,-24 33 23.8,,10.63,,7.64,3.16,10.22,4.48,,,,,"ROph,bronze",no,Simbad,1,0.999999,17.86,10.142576238465816,7175.6,4.4348,,,0.013866982803217402
1225,203927435,16 28 43.04,-24 22 52.3,,10.14,,8.34,3.11,9.74,5.23,0.482,0.4162,,,"ROph,gold",no,Simbad,1,1.0,18.08,10.469870238465816,3567.9,3.1438,,,0.013866982803217402
1226,203990309,16 28 43.65,-24 06 40.6,,9.34,,8.99,4.85,8.72,4.14,4.9037,,,,"ROph,bronze",no,Simbad,1,1.0,17.71,10.267440238465817,,,,,0.013866982803217402
1227,203504633,16 28 44.53,-25 54 59.1,,11.6,,6.33,0.0,11.6,6.33,0.6203,0.1565,,,"USco,bronze",maybe,Simbad,1,0.999999,17.93,10.631739238465816,,,-1.954677030191809,,0.013866982803217402
1228,203115615,16 28 45.13,-27 12 19.5,,9.82,,5.59,0.86,9.71,4.73,26.171,0.9883,,,"USco,bronze",no,Simbad,1,0.999146,15.3,8.485459238465815,,,,,0.013866982803217402
1229,203117371,16 28 46.03,-27 11 57.6,,10.4,,5.24,0.17,10.38,5.07,14.0079,,,,"USco,gold",no,Simbad,1,0.997667,15.62,8.891452238465815,3677.6,1.0808,-0.8007386387228533,0.3978205128205128,0.013866982803217402
1230,203905980,16 28 47.02,-24 28 14.0,,11.95,,8.27,0.89,11.84,7.38,1.8978,,,,"USco,gold",yes,Simbad,1,0.999995,20.11,11.998539238465815,,,-1.878440165947746,,0.013866982803217402
1231,203919645,16 28 48.43,-24 24 50.3,,11.45,,6.28,1.43,11.26,4.85,,,,,"USco,bronze",no,Simbad,1,0.999997,17.54,10.314042238465817,4856.4,2.7119,-1.3273480620112608,0.863979057591623,0.013866982803217402
1232,202800225,16 28 50.18,-28 19 06.7,,8.8,,5.45,1.48,8.61,3.97,,,,,"USco,bronze",no,Simbad,1,0.999991,14.059999,7.608010238465816,4773.0,2.5262,,,0.013866982803217402
1233,204341850,16 28 50.43,-22 42 46.4,,12.63,,7.13,1.94,12.38,5.19,,,,,"USco,bronze",no,Simbad,1,0.999995,19.51,11.883917238465816,3557.1,2.1662,-1.7452103125020104,0.32057692307692304,0.013866982803217402
1234,203992263,16 28 51.39,-24 06 10.8,,11.75,,7.46,2.26,11.46,5.2,,,,,"USco,bronze",no,Simbad,1,0.999996,18.92,11.161826238465814,,,-0.1604968262065967,,0.013866982803217402
1235,203824474,16 28 52.00,-24 47 39.9,,8.5,,8.94,6.45,7.67,2.49,,,,,"ROph,bronze",no,Simbad,1,1.0,16.61,9.447592238465814,,,,,0.013866982803217402
1236,204570302,16 28 52.79,-21 47 41.2,,10.85,,5.81,0.64,10.77,5.18,3.0356,,,,"USco,bronze",no,Simbad,1,0.999739,16.58,9.490913238465817,,,-1.5237482068374837,,0.013866982803217402
1237,203824153,16 28 54.06,-24 47 44.1,,8.9,,8.28,3.78,8.42,4.5,12.1645,,,,"ROph,gold",yes,Simbad,1,1.0,16.7,9.374207238465816,6725.8,5.6375,,,0.013866982803217402
1238,202743203,16 28 55.66,-28 31 43.6,,9.29,,3.82,0.0,9.29,3.82,,,,,"USco,bronze",no,Simbad,1,0.999998,13.11,6.934583238465816,,,,,0.013866982803217402
1239,203865042,16 28 56.79,-24 38 10.1,,10.52,,8.64,5.89,9.76,2.75,,,,,"ROph,bronze",no,Simbad,1,1.0,18.400002,11.352778238465817,,,,,0.013866982803217402
1240,203893891,16 28 56.94,-24 31 09.9,,10.91,,8.75,2.67,10.56,6.08,3.9402,,,,"ROph,bronze",yes,Simbad,1,1.0,19.310001,11.267753238465817,,,-1.6844494835781063,,0.013866982803217402
1241,203840935,16 28 58.37,-24 43 54.8,,11.31,,8.43,3.58,10.85,4.85,,,,,"USco,bronze",no,Simbad,1,0.999999,19.28,11.266701238465814,9191.9,5.679,,,0.013866982803217402
1242,203999072,16 28 58.64,-24 04 23.1,,10.49,,8.34,6.66,9.63,1.68,,,,,"ROph,bronze",no,Simbad,1,1.0,17.970001,10.405210238465814,6897.0,4.9341,,,0.013866982803217402
1243,203817904,16 28 59.30,-24 49 08.9,14.72,10.04,4.68,4.68,0.56,9.97,4.12,,,,,"USco,bronze",no,Simbad,1,0.999991,14.65,8.420251238465815,,,,,0.013866982803217402
1244,203806417,16 29 03.92,-24 51 41.4,,10.73,,7.62,1.54,10.54,6.08,1.2335,,,,"ROph,bronze",no,Simbad,1,1.0,18.16,10.490044238465815,,,-1.6603498474308829,,0.013866982803217402
1245,203766325,16 29 07.33,-25 00 28.2,,11.97,,4.45,0.7,11.88,3.75,,,,,"ROph,bronze",no,Simbad,1,0.999998,16.33,9.854173238465815,8864.3,3.4282,0.7180596916150999,1.5,0.013866982803217402
1246,203604427,16 29 08.73,-25 34 24.2,,10.13,,5.5,0.0,10.13,5.5,1.421,,,,"USco,bronze",yes,Simbad,1,0.999019,15.63,8.620464238465816,3461.7,0.7824,-1.3568435343920682,0.2698571428571428,0.013866982803217402
1247,202615424,16 29 11.39,-29 00 31.7,,9.95,,5.0,0.7,9.86,4.3,2.8216,3.6911,,,"USco,bronze",no,Simbad,1,0.992964,14.86,8.329059238465815,,,,,0.013866982803217402
1248,203844132,16 29 21.38,-24 43 10.5,,9.76,,8.27,4.06,9.24,4.22,,,,,"ROph,bronze",no,Simbad,1,1.0,17.51,10.325112238465817,6966.5,5.5648,,,0.013866982803217402
1249,203962241,16 29 23.39,-24 13 56.9,,7.02,,,,,,,,,,"ROph,bronze",yes,Simbad,1,1.0,,10.374530238465816,,,,,0.013866982803217402
1252,203859204,16 29 25.46,-24 39 35.7,,8.42,,9.55,6.8,7.55,2.75,,,,,"ROph,bronze",no,Simbad,1,1.0,17.1,9.874797238465815,,,,,0.013866982803217402
1253,203962537,16 29 28.19,-24 13 52.6,,11.3,,9.08,4.39,10.74,4.68,,,,,"ROph,bronze",no,Simbad,1,1.0,19.82,11.631325238465816,,,,,0.013866982803217402
1254,203977678,16 29 29.13,-24 09 57.0,,11.65,,6.84,2.2,11.37,4.64,,,,,"ROph,bronze",no,Simbad,1,0.999993,18.21,10.780346238465814,,,0.5048173521816413,,0.013866982803217402
1255,203873636,16 29 32.33,-24 36 06.4,,9.72,,8.8,5.45,9.02,3.35,,,,,"ROph,bronze",no,Simbad,1,1.0,17.82,10.698729238465816,,,,,0.013866982803217402
1256,203873374,16 29 35.09,-24 36 10.7,,9.68,,8.84,3.61,9.22,5.23,2.0632,0.6304,,,"ROph,bronze",yes,Simbad,1,1.0,18.060001,10.441029238465816,,,,,0.013866982803217402
1257,203782748,16 29 36.23,-24 56 53.0,,12.49,,6.95,0.31,12.45,6.64,,,,,"USco,silver",no,Simbad,1,0.999999,19.4,11.601000238465817,,,-2.185752416208578,,0.013866982803217402
1258,203036210,16 29 49.91,-27 28 49.9,11.05,8.65,2.4,2.4,0.08,8.64,2.32,3.0258,,,,"USco,gold",no,Simbad,1,0.999617,11.040001,5.146657238465815,4957.2,0.2042,0.011600063192481,0.8903664921465968,0.013866982803217402
1259,202773970,16 29 51.66,-28 24 52.2,,11.18,,6.13,0.94,11.06,5.19,3.6029,,,,"USco,bronze",maybe,Simbad,1,0.999901,17.19,10.001147238465816,3479.6,1.3742,-1.4717262055756444,0.27838095238095234,0.013866982803217402
1260,203774126,16 29 54.59,-24 58 46.0,7.81,7.31,0.5,0.5,0.31,7.27,0.19,1.9698,,,,"USco,gold",yes,Simbad,1,0.997703,7.77,2.2431282384658155,9643.4,0.3941,,,0.013866982803217402
1261,203178795,16 29 56.62,-26 59 18.4,,10.44,,5.64,0.35,10.39,5.29,1.605,1.1308,,,"USco,gold",no,Simbad,1,0.999245,16.03,9.006747238465815,,,-1.404724298767895,,0.013866982803217402
1262,203033414,16 29 57.98,-27 29 24.9,,11.59,,5.38,0.2,11.57,5.18,15.7906,,,,"USco,bronze",no,Simbad,1,0.999783,16.95,10.012666238465815,,,-1.405276073519751,,0.013866982803217402
1263,202816688,16 30 01.49,-28 15 29.5,,9.8,,4.75,0.24,9.77,4.5,,,,,"USco,bronze",no,Simbad,1,0.999997,14.52,8.055096238465815,,,,,0.013866982803217402
1264,203956555,16 30 01.92,-24 15 25.7,,11.89,,5.42,0.85,11.78,4.58,11.6646,,,,"USco,bronze",no,Simbad,1,0.999996,17.2,10.319561238465814,,,-0.1982259770878212,,0.013866982803217402
1265,203044910,16 30 02.74,-27 27 00.8,,9.75,,4.57,0.35,9.71,4.22,7.7349,,,,"USco,gold",no,Simbad,1,0.998258,14.280001,7.9831762384658145,6006.7,2.7628,-0.862202974930432,1.212035714285714,0.013866982803217402
1266,203675505,16 30 11.62,-25 19 33.9,,10.2,,4.49,0.73,10.11,3.76,,,,,"USco,bronze",no,Simbad,1,0.999996,14.599999,8.385476238465815,,,,,0.013866982803217402
1267,202911961,16 30 15.67,-27 54 58.5,6.89,6.36,0.53,0.53,0.79,6.26,-0.25,,,,,"USco,bronze",no,Simbad,1,0.999855,6.79,1.2481802384658156,,,1.7739418626700447,,0.013866982803217402
1268,202638454,16 30 20.08,-28 55 18.1,,11.77,,6.93,0.44,11.72,6.49,0.2487,0.4455,,,"USco,bronze",no,Simbad,1,0.999999,18.65,10.918600238465814,,,-1.862962557218858,,0.013866982803217402
1269,203125449,16 30 24.14,-27 10 17.9,,10.94,,5.92,0.83,10.83,5.09,2.6582,,,,"USco,bronze",no,Simbad,1,0.999442,16.75,9.670572238465816,3482.3,1.1989,-1.4013189112280835,0.27966666666666673,0.013866982803217402
1270,203642025,16 30 44.69,-25 26 34.1,,10.8,,4.98,0.95,10.68,4.03,1.3495,,,,"USco,bronze",no,Simbad,1,0.999324,15.66,9.385793238465816,,,-1.489454978528198,,0.013866982803217402
1271,203108627,16 30 49.62,-27 13 46.8,,11.38,,6.34,0.64,11.3,5.69,1.2221,,,,"USco,bronze",no,Simbad,1,0.999992,17.64,10.288900238465816,3428.0,1.2978,-1.6110112028148982,0.2538095238095238,0.013866982803217402
1272,205125047,16 30 56.32,-19 16 48.5,,12.11,,6.9,1.49,11.92,5.4,,,,,"USco,bronze",yes,Simbad,1,0.999991,18.82,11.283015238465817,4562.6,2.6045,-1.5057062355729658,1.0,0.013866982803217402
1273,203050730,16 31 05.78,-27 25 46.4,,10.53,,5.62,0.28,10.49,5.34,0.4865,0.774,,,"USco,gold",no,Simbad,1,0.999389,16.11,9.109431238465817,3436.4,0.8463,-1.442974257125943,0.2578095238095238,0.013866982803217402
1274,203189054,16 31 15.41,-26 57 15.2,,10.25,,4.92,0.61,10.17,4.31,10.7353,,,,"USco,gold",no,Simbad,1,0.996487,15.09,8.527437238465815,3722.2,0.8601,-0.9655319842173836,0.428611111111111,0.013866982803217402
1275,205173226,16 31 16.21,-19 02 13.4,,11.02,,6.34,1.54,10.82,4.8,,,,,"USco,bronze",no,Simbad,1,0.999999,17.16,9.924288238465817,,,-0.0119451920216377,,0.013866982803217402
1276,204914113,16 31 16.58,-20 17 26.2,,8.64,,4.24,0.04,8.63,4.21,,,,,"USco,bronze",no,Simbad,1,0.999998,12.87,6.581458238465816,,,,,0.013866982803217402
1277,203122134,16 31 18.67,-27 10 58.8,,11.35,,6.08,0.54,11.28,5.54,0.9875,,,,"USco,bronze",maybe,Simbad,1,0.999981,17.36,10.135603238465816,3418.6,0.9636,-1.6655462375838794,0.2493333333333333,0.013866982803217402
1278,205165393,16 31 28.81,-19 04 37.8,,10.68,,5.94,1.19,10.53,4.75,7.5096,,,,"USco,bronze",no,Simbad,1,0.999999,16.47,9.383147238465815,5795.0,3.1527,-1.0841782293729636,1.2,0.013866982803217402
1279,205526761,16 31 31.54,-16 59 53.0,,8.19,,3.5,1.35,8.02,2.15,,,,,"USco,bronze",no,Simbad,1,0.999997,11.52,5.591079238465815,,,,,0.013866982803217402
1280,202676865,16 31 43.60,-28 46 35.3,,11.0,,5.82,0.4,10.95,5.43,0.4049,,,,"USco,bronze",no,Simbad,1,0.99989,16.77,9.661447238465817,3410.6,0.9507,-1.508498233270164,0.24552380952380948,0.013866982803217402
1281,202678486,16 31 56.67,-28 46 12.9,,10.49,,5.64,0.16,10.47,5.48,7.3603,,,,"USco,gold",no,Simbad,1,0.999781,16.11,9.195503238465816,,,,,0.013866982803217402
1282,205517382,16 32 24.32,-17 03 40.1,,7.96,,4.55,0.7,7.87,3.85,3.3542,,,,"USco,gold",no,Simbad,1,0.996487,12.42,5.994485238465815,,,,,0.013866982803217402
1283,205073944,16 32 28.42,-19 32 00.0,,11.32,,4.93,0.6,11.25,4.33,,,,,"USco,bronze",no,Simbad,1,0.999995,16.18,9.663871238465816,,,,,0.013866982803217402
1284,204377731,16 32 32.53,-22 34 21.6,,9.83,,5.48,0.45,9.77,5.02,4.4576,,,,"USco,bronze",no,Simbad,1,0.99885,15.25,8.459382238465816,3526.3,1.0572,-1.0094835396845656,0.30083333333333345,0.013866982803217402
1285,204474909,16 32 59.40,-22 11 22.8,,11.94,,6.4,2.15,11.66,4.24,16.6278,,,,"USco,bronze",no,Simbad,1,0.999911,18.06,10.854161238465814,3879.3,1.8062,-1.5253467549079098,0.5298351648351649,0.013866982803217402
1286,204438478,16 33 02.14,-22 20 04.1,,10.9,,5.15,0.99,10.78,4.16,14.6696,,,,"USco,bronze",no,Simbad,1,0.991951,15.93,9.471903238465815,,,,,0.013866982803217402
1287,205123210,16 33 02.50,-19 17 22.0,,11.51,,5.77,0.92,11.39,4.86,,,,,"USco,bronze",no,Simbad,1,0.999998,17.16,10.125676238465816,6195.7,3.3479,-0.2012941235835778,1.4,0.013866982803217402
1288,210282528,16 33 34.95,-18 32 54.2,,10.4,,5.37,3.6,9.93,1.78,2.2065,,,,"USco,gold",no,Simbad,1,0.992964,15.3,8.853738238465816,3428.9,0.7307,-1.0266412110680048,0.25423809523809526,0.013866982803217402
1289,203099159,16 33 35.03,-27 15 45.1,,10.95,,5.45,0.34,10.9,5.11,2.0986,,,,"USco,gold",no,Simbad,1,0.992964,16.349998,9.416498238465817,3564.5,0.8574,-1.3805935904065882,0.32532051282051283,0.013866982803217402
1290,204559470,16 33 38.82,-21 50 26.3,,8.87,,5.47,1.21,8.72,4.27,3.621,1.4739,,,"USco,gold",no,Simbad,1,0.999146,14.190001,7.490766238465815,,,,,0.013866982803217402
1291,202972156,16 33 58.75,-27 42 16.7,,9.3,,4.98,0.41,9.24,4.56,,,,,"USco,bronze",no,Simbad,1,0.999996,14.219999,7.477371238465816,4976.3,1.8856,,,0.013866982803217402
1292,203181641,16 34 05.85,-26 58 44.2,,8.78,,3.6,0.7,8.69,2.9,0.4305,1.3038,,,"USco,gold",no,Simbad,1,0.999146,12.289999,6.231846238465815,,,-0.3044307655335345,,0.013866982803217402
1293,202619356,16 34 17.86,-28 59 37.4,,9.21,,4.3,0.31,9.17,3.99,11.7302,,,,"USco,bronze",no,Simbad,1,0.999997,13.47,7.211232238465815,5184.2,1.844,,,0.013866982803217402
1294,204543256,16 34 22.40,-21 54 31.0,,9.09,,4.71,0.29,9.05,4.42,,,,,"USco,bronze",no,Simbad,1,0.999996,13.76,7.401866238465816,,,,,0.013866982803217402
1295,205431449,16 34 27.74,-17 37 31.6,,11.75,,5.37,0.0,11.75,5.37,0.4629,0.1987,,,"USco,bronze",no,Simbad,1,0.999146,17.119999,10.167831238465816,3323.0,0.7077,-1.8867253036567428,0.20380952380952383,0.013866982803217402
1296,203185083,16 34 35.13,-26 58 03.2,,10.48,,6.26,0.51,10.41,5.75,0.4401,,,,"USco,gold",no,Simbad,1,0.99998,16.67,9.373125238465816,3528.3,1.0777,,,0.013866982803217402
1297,202724532,16 34 38.26,-28 35 50.6,,9.77,,4.93,0.41,9.71,4.52,5.0696,,,,"USco,gold",no,Simbad,1,0.992964,14.639999,7.9903252384658146,3749.2,0.8234,-0.5745146918108867,0.447361111111111,0.013866982803217402
1298,205567400,16 34 53.36,-16 42 49.5,,10.77,,5.1,0.7,10.68,4.4,,,,,"USco,bronze",no,Simbad,1,0.999999,15.780001,9.237727238465816,,,,,0.013866982803217402
1299,202687442,16 34 58.64,-28 44 10.4,,11.59,,5.8,0.7,11.5,5.1,0.5727,,,,"USco,bronze",no,Simbad,1,0.999977,17.3,10.244125238465816,3337.7,0.7499,-1.7142177392373197,0.21080952380952372,0.013866982803217402
1300,204884822,16 35 06.25,-20 25 28.5,,9.55,,5.72,0.66,9.46,5.07,0.7983,,,,"USco,gold",no,Simbad,1,0.999146,15.18,8.213361238465815,3531.3,0.9137,,,0.013866982803217402
1301,202679988,16 35 11.88,-28 45 52.0,,8.99,,3.72,0.7,8.9,3.02,2.9473,1.3384,,,"USco,gold",no,Simbad,1,0.992964,12.62,6.531953238465816,5718.4,1.9618,,,0.013866982803217402
1302,204396558,16 35 23.82,-22 29 54.8,,9.55,,5.35,0.89,9.44,4.46,,,,,"USco,bronze",no,Simbad,1,0.999997,14.789999,7.941381238465816,,,,,0.013866982803217402
1303,204226809,16 35 42.08,-23 10 04.1,,9.86,,4.84,0.98,9.74,3.86,,,,,"USco,bronze",no,Simbad,1,0.999997,14.58,8.219496238465815,,,,,0.013866982803217402
1304,203130129,16 35 44.70,-27 09 20.4,,11.56,,5.67,0.0,11.56,5.67,1.6122,,,,"USco,bronze",no,Simbad,1,0.999726,17.23,10.146865238465816,3341.9,0.7738,-1.6831912368262465,0.21280952380952387,0.013866982803217402
1305,203120753,16 35 45.73,-27 11 16.8,,10.28,,4.82,0.6,10.21,4.22,5.3147,,,,"USco,gold",no,Simbad,2,1e-06,15.030001,8.498331238465815,3521.3,0.5692,-1.053498621598955,0.2982380952380953,0.013866982803217402
1306,204566404,16 35 48.37,-21 48 39.7,,8.48,,4.64,0.71,8.39,3.92,1.7418,,,,"USco,silver",no,Simbad,1,0.999838,13.030001,6.765883238465815,6005.3,2.7389,-0.550737644117015,1.2115357142857144,0.013866982803217402
1307,205059490,16 36 39.22,-19 36 07.5,9.43,8.11,1.32,1.32,0.68,8.02,0.64,0.4185,0.5619,0.2157,0.2753,"USco,gold",no,Simbad,1,0.999921,9.34,3.787994238465816,7571.8,0.7543,0.5449147103282526,1.5,0.013866982803217402
1308,205435449,16 36 44.44,-17 36 01.4,,10.01,,5.13,0.7,9.92,4.43,5.9497,,,,"USco,bronze",no,Simbad,2,1e-06,15.05,8.321977238465815,3615.9,0.8455,-0.9739572899363036,0.35826923076923084,0.013866982803217402
1309,204716087,16 36 49.93,-21 10 26.5,,11.36,,5.32,1.02,11.23,4.3,11.4477,,,,"USco,bronze",no,Simbad,1,0.999146,16.55,9.735951238465816,3740.9,1.0998,-1.4555598637759768,0.4415972222222223,0.013866982803217402
1310,203135082,16 36 52.88,-27 08 18.6,10.14,8.1,2.04,2.04,0.57,8.03,1.47,1.6062,0.7775,,,"USco,bronze",no,Simbad,1,0.999858,10.07,4.245876238465815,5773.9,0.4224,0.3995110306000579,1.1375862068965517,0.013866982803217402
1311,205075874,16 38 28.57,-19 31 26.0,10.13,8.3,1.83,1.83,1.1,8.16,0.73,0.8868,0.8111,,,"USco,bronze",no,Simbad,1,0.999988,9.99,4.346787238465815,7120.6,0.9167,0.5339664073964477,1.5,0.013866982803217402
1312,205327575,16 38 28.65,-18 13 13.7,6.75,5.69,1.06,1.06,0.73,5.6,0.33,,,,,"USco,silver",yes,Simbad,1,0.999964,6.66,1.065466238465815,,,2.3207072048402377,,0.013866982803217402
1313,205002311,16 47 47.33,-19 52 31.9,9.06,7.8,1.26,1.26,0.27,7.77,0.99,1.1676,1.1464,,,"USco,gold",yes,Simbad,1,0.996487,9.03,3.3546362384658157,6453.5,0.1298,0.5189151533014206,1.366611295681063,0.013866982803217402
1,204451363,15 54 39.31,-22 17 01.5,,10.7,,6.07,0.75,10.6,5.32,2.0621,,,,"USco,bronze",no,Simbad,1,0.999617,16.67,9.382096238465817,3488.4,1.0183,-1.4355706520984624,0.2825714285714286,0.013866982803217402
2,205104403,15 55 00.36,-19 22 58.5,5.96,5.84,0.11,0.11,0.71,5.75,-0.6,0.5297,0.6897,0.5166,,"USco,bronze",no,Simbad,1,0.999557,5.86,0.4493152384658154,12572.5,0.3458,,,0.013866982803217402
3,204562176,15 55 02.13,-21 49 43.4,,8.64,,3.82,0.7,8.55,3.12,4.1103,2.1071,,,"USco,gold",no,Simbad,1,0.999887,12.37,6.259712238465815,4988.0,1.4457,,,0.013866982803217402
4,204227785,15 55 02.16,-23 09 49.9,,10.75,,5.32,0.49,10.69,4.82,3.497,,,,"USco,bronze",no,Simbad,1,0.99987,16.01,9.429964238465816,3483.2,1.1056,-1.4727568741708752,0.280095238095238,0.013866982803217402
5,204882444,15 55 05.13,-20 26 07.8,,9.74,,5.32,0.74,9.65,4.58,0.3829,,,,"USco,gold",no,Simbad,2,1e-06,14.969999,8.250600238465815,3605.4,0.9511,-0.917789290133736,0.3515384615384616,0.013866982803217402
6,203667805,15 55 06.24,-25 21 10.1,,8.51,,3.86,0.7,8.42,3.16,3.9016,3.5855,,,"USco,gold",no,Simbad,1,0.99968,12.28,6.263202238465816,,,,,0.013866982803217402
7,204189121,15 55 08.52,-23 18 51.0,,9.9,,5.28,0.15,9.88,5.13,5.2099,,,,"USco,gold",no,Simbad,2,1e-06,15.16,8.400267238465815,3563.4,0.887,-0.835766135971699,0.3246153846153847,0.013866982803217402
8,204174563,15 55 17.03,-23 22 16.6,,9.33,,5.66,0.46,9.27,5.2,0.4997,,,,"USco,silver",no,Simbad,1,0.992964,14.93,7.900334238465815,,,-0.7701902042379095,,0.013866982803217402
9,204175508,15 55 17.58,-23 22 03.7,8.43,7.39,1.04,1.04,0.5,7.33,0.54,0.0501,0.0571,0.0544,0.0573,"USco,gold",no,Simbad,1,0.999532,8.37,2.7487632384658145,7819.7,0.5278,0.8776494498074651,1.5,0.013866982803217402
10,204604402,15 55 17.95,-21 39 03.9,,11.12,,6.22,0.7,11.03,5.52,3.0932,,,,"USco,bronze",no,Simbad,1,0.99999,17.25,9.986741238465816,,,-1.6261688572794395,,0.013866982803217402
11,205049221,15 55 22.39,-19 39 02.9,,11.01,,6.15,0.49,10.95,5.66,29.7371,3.1976,,,"USco,bronze",no,Simbad,1,0.999996,17.1,9.841712238465815,,,-1.576426467646391,,0.013866982803217402
12,203553934,15 55 29.81,-25 44 49.9,,9.14,,4.79,0.14,9.12,4.65,4.7031,6.2215,,,"USco,gold",no,Simbad,1,0.999245,13.91,7.979474238465816,,,,,0.013866982803217402
13,204077926,15 55 30.59,-23 45 21.2,,12.12,,6.19,0.41,12.07,5.78,1.0026,,,,"USco,bronze",no,Simbad,1,0.999998,18.26,10.947058238465814,3239.2,0.9811,-2.1331221760256054,0.17608832807570973,0.013866982803217402
14,204292739,15 55 36.24,-22 54 31.7,,8.64,,2.99,0.7,8.55,2.29,,,,,"USco,bronze",no,Simbad,1,0.999997,11.54,5.679135238465815,4695.0,0.4941,,,0.013866982803217402
15,204782414,15 55 39.28,-20 53 07.3,,10.62,,5.74,0.51,10.55,5.23,1.0099,,,,"USco,gold",no,Simbad,1,0.99968,16.29,9.233288238465816,3529.0,1.0987,-1.40000780223252,0.30256410256410254,0.013866982803217402
16,204819202,15 55 41.40,-20 43 15.0,,9.45,,5.1,0.73,9.36,4.37,1.0285,,,,"USco,gold",no,Simbad,1,0.998613,14.459999,7.965295238465815,3651.0,0.8395,-0.7403105712244252,0.3807692307692308,0.013866982803217402
17,203544427,15 55 42.29,-25 46 47.7,,11.74,,6.78,0.47,11.68,6.31,1.0897,,,,"USco,bronze",no,Simbad,1,0.999999,18.460001,10.860348238465814,,,-1.844663964888208,,0.013866982803217402
18,203866877,15 55 43.14,-24 37 43.5,,12.17,,7.13,0.58,12.1,6.55,1.4063,,,,"USco,bronze",yes,Simbad,1,0.936631,19.23,11.839549238465814,,,,,0.013866982803217402
19,204494201,15 55 44.47,-22 06 42.6,,10.7,,5.33,0.62,10.62,4.71,3.1808,,,,"USco,bronze",no,Simbad,1,0.997667,15.95,9.137137238465815,3553.1,0.9724,-1.369877353634222,0.3180128205128204,0.013866982803217402
20,203710077,15 55 48.81,-25 12 24.0,10.5,8.29,2.21,2.21,1.04,8.16,1.17,3.7228,3.4797,,,"USco,gold",maybe,Simbad,1,0.999867,10.37,4.592143238465816,5287.5,0.2055,0.1983601277877675,0.9860703812316716,0.013866982803217402
21,203675097,15 55 50.98,-25 19 39.4,,10.7,,5.47,0.21,10.67,5.25,2.8655,,,,"USco,gold",no,Simbad,1,0.997667,16.14,9.174349238465815,3381.2,0.8274,-1.466227936223003,0.23152380952380944,0.013866982803217402
22,204862399,15 55 52.72,-20 31 33.5,,11.67,,6.73,0.94,11.55,5.79,0.2951,,,,"USco,bronze",no,Simbad,1,0.999999,18.28,10.895050238465814,,,-1.914709421706124,,0.013866982803217402
23,203892828,15 55 53.21,-24 31 25.2,,11.86,,6.02,0.0,11.86,6.02,0.555,,,,"USco,bronze",no,Simbad,1,0.999993,17.88,10.589457238465815,3350.6,1.0095,-1.8127613715314552,0.21695238095238092,0.013866982803217402
24,203457426,15 55 54.88,-26 04 26.2,,9.55,,4.0,0.7,9.46,3.3,1.5218,,,,"USco,bronze",maybe,Simbad,1,0.999527,13.46,7.219117238465815,5475.9,1.9047,-0.6444144024867137,1.044169278996865,0.013866982803217402
25,204811478,15 55 56.00,-20 45 18.7,,12.15,,7.84,4.39,11.58,3.44,1.7005,,,,"USco,gold",yes,Simbad,1,1.0,19.42,12.032988238465816,,,-2.041436124794424,,0.013866982803217402
26,204107757,15 56 01.02,-23 38 08.4,,12.81,,7.47,0.09,12.8,7.38,1.5054,,,,"USco,gold",yes,Simbad,1,0.999999,20.27,12.231646238465814,2845.7,0.6426,-2.250263688092744,0.1,0.013866982803217402
27,203890834,15 56 03.72,-24 31 54.4,,11.34,,6.55,0.62,11.26,5.93,0.6164,0.4481,0.5146,,"USco,bronze",no,Simbad,1,0.999987,17.810001,10.865847238465816,,,,,0.013866982803217402
28,204041137,15 56 12.13,-23 54 08.0,,10.23,,5.71,0.0,10.23,5.71,0.4201,,,,"USco,silver",no,Simbad,1,0.999832,15.94,8.854549238465815,3426.0,0.9775,-1.473531471941948,0.25285714285714284,0.013866982803217402
29,203284437,15 56 17.21,-26 38 17.1,,13.56,,7.57,0.7,13.47,6.87,,,,,"USco,silver",maybe,Simbad,1,0.999997,21.04,12.981530238465815,2732.1,0.262,-2.4571745690726274,0.1,0.013866982803217402
30,204115917,15 56 20.59,-23 36 10.0,,10.32,,5.27,0.49,10.26,4.78,2.3892,,,,"USco,gold",no,Simbad,2,1e-06,15.530001,8.721219238465816,,,-0.7726275670342198,,0.013866982803217402
31,204269918,15 56 23.39,-22 59 49.4,,11.62,,6.91,0.52,11.56,6.39,0.8346,,,,"USco,bronze",no,Simbad,1,0.999998,18.470001,10.788123238465817,,,-1.87224749254814,,0.013866982803217402
32,204413641,15 56 24.75,-22 25 55.6,,10.79,,6.15,0.74,10.69,5.41,1.9675,,,,"USco,gold",yes,Simbad,1,0.999951,16.84,9.615871238465814,,,-1.5275360943486207,,0.013866982803217402
33,203570729,15 56 24.90,-25 41 20.5,,10.44,,4.92,0.14,10.42,4.78,4.6706,,,,"USco,gold",no,Simbad,1,0.992964,15.34,8.723196238465816,3513.0,0.718,-1.2964506886881515,0.29428571428571426,0.013866982803217402
34,204918279,15 56 25.09,-20 16 16.2,,9.86,,6.67,0.44,9.8,6.23,0.4594,0.4665,,,"USco,gold",no,Simbad,1,0.999604,16.470001,9.231930238465816,,,,,0.013866982803217402
35,204351607,15 56 25.62,-22 40 27.4,,10.37,,5.54,0.42,10.32,5.12,1.386,,,,"USco,gold",no,Simbad,1,0.992964,15.86,8.913793238465816,3563.8,0.9503,-1.332173625298726,0.32487179487179496,0.013866982803217402
36,204104740,15 56 27.62,-23 38 52.1,,9.11,,5.19,0.35,9.07,4.83,5.567,3.0639,,,"USco,bronze",no,Simbad,2,1e-06,14.26,7.503631238465815,,,,,0.013866982803217402
37,204282380,15 56 29.53,-22 56 58.4,,10.39,,5.34,0.51,10.32,4.83,2.9991,,,,"USco,gold",no,Simbad,1,0.992964,15.66,8.874242238465815,3587.5,0.91,-1.2827456881805632,0.3400641025641026,0.013866982803217402
38,204963464,15 56 34.24,-20 03 33.4,,10.87,,6.25,0.26,10.83,5.99,0.369,,,,"USco,gold",no,Simbad,1,0.999996,17.08,9.738742238465814,3430.0,1.1108,-1.616364143719666,0.25476190476190474,0.013866982803217402
39,204514546,15 56 40.02,-22 01 40.0,8.82,6.08,2.74,2.74,2.12,5.8,0.63,,,,,"USco,silver",yes,Simbad,1,0.999962,8.54,3.016734238465816,7706.3,0.8588,0.806975213095765,1.5,0.013866982803217402
40,204229193,15 56 40.18,-23 09 29.5,,11.8,,6.17,0.22,11.77,5.95,1.806,,,,"USco,bronze",no,Simbad,1,0.999996,17.94,10.710423238465816,,,-1.85949195718659,,0.013866982803217402
41,204832936,15 56 42.43,-20 39 34.2,,10.28,,5.74,0.76,10.18,4.98,4.2616,4.9781,,,"USco,gold",yes,Simbad,1,0.998613,15.92,8.900927238465815,3491.4,1.0037,-1.3026834603256057,0.28400000000000003,0.013866982803217402
42,205010817,15 56 47.69,-19 50 07.6,,8.95,,4.69,0.19,8.92,4.5,2.6359,,,,"USco,gold",no,Simbad,2,1e-06,13.610001,7.047860238465816,,,,,0.013866982803217402
43,204222666,15 56 47.85,-23 11 02.6,7.74,7.18,0.56,0.56,0.52,7.12,0.04,0.3472,,,,"USco,gold",no,Simbad,1,0.996629,7.68,2.139074238465815,9964.8,0.5973,1.3224750221022763,1.5,0.013866982803217402
44,204274993,15 56 55.45,-22 58 40.4,,9.43,,4.47,0.51,9.37,3.96,8.1549,,,,"USco,gold",no,Simbad,1,0.997667,13.84,7.420453238465816,4007.9,0.7539,-0.5961933929666947,0.6003614457831326,0.013866982803217402
45,205155483,15 56 57.16,-19 07 38.8,10.04,8.17,1.87,1.87,0.83,8.06,1.04,5.8908,,,,"USco,bronze",no,Simbad,1,0.999963,9.93,4.420069238465816,,,,,0.013866982803217402
46,203582679,15 56 59.29,-25 38 53.5,,9.53,,5.03,0.13,9.51,4.89,0.9066,,,,"USco,bronze",no,Simbad,1,0.992964,14.540001,7.919827238465816,,,,,0.013866982803217402
47,204886563,15 57 00.85,-20 24 59.5,,8.89,,4.43,0.7,8.8,3.73,0.35,,,,"USco,bronze",no,Simbad,1,0.996487,13.23,6.835568238465815,5356.0,2.3553,,,0.013866982803217402
48,204887278,15 57 00.91,-20 24 48.4,,10.27,,5.39,0.0,10.27,5.39,0.4205,,,,"USco,bronze",,Simbad,1,0.996487,15.66,8.762295238465816,,,-1.5266590337163786,,0.013866982803217402
49,204807722,15 57 01.45,-20 46 18.6,,10.38,,7.12,1.72,10.16,5.39,2.1802,,,,"USco,bronze",yes,Simbad,1,0.999858,17.279999,9.648956238465816,,,-1.374481769201262,,0.013866982803217402
50,205008763,15 57 02.33,-19 50 42.1,11.66,8.37,3.29,3.29,0.7,8.28,2.59,2.5385,,,,"USco,gold",no,Simbad,1,0.999978,11.57,5.815278238465815,,,,,0.013866982803217402
51,204248842,15 57 03.67,-23 04 48.6,,10.21,,5.93,0.25,10.18,5.68,0.9991,0.8303,,,"USco,gold",no,Simbad,1,0.999955,16.11,8.930308238465816,3475.7,1.1021,,,0.013866982803217402
52,203789507,15 57 04.89,-24 55 23.0,,12.56,,7.21,0.64,12.48,6.57,,,,,"USco,bronze",yes,Simbad,1,0.999998,19.689999,11.830342238465814,,,-2.210419296754888,,0.013866982803217402
53,204496657,15 57 06.40,-22 06 06.2,,11.29,,6.28,1.52,11.09,4.76,0.8995,,,,"USco,gold",yes,Simbad,1,0.999996,17.37,10.143781238465817,,,-1.633390303975062,,0.013866982803217402
54,204896403,15 57 08.50,-20 22 18.0,,11.42,,5.96,0.16,11.4,5.8,1.4471,2.7884,,,"USco,bronze",no,Simbad,1,0.999994,17.36,10.151512238465816,3315.5,1.0717,-1.8068754134269729,0.20023809523809524,0.013866982803217402
55,204084492,15 57 12.77,-23 43 46.7,,12.59,,6.9,0.82,12.49,6.08,1.1411,,,,"USco,gold",no,Simbad,1,0.999998,19.39,11.761557238465816,,,-2.218963069211088,,0.013866982803217402
56,203696502,15 57 15.56,-25 15 13.3,8.44,7.57,0.87,0.87,0.64,7.49,0.23,5.021,5.5435,,,"USco,bronze",no,Simbad,1,0.998276,8.36,2.838464238465816,7625.5,0.3059,0.972413898250618,1.5,0.013866982803217402
57,203628765,15 57 16.74,-25 29 19.3,,8.86,,3.81,0.7,8.77,3.11,0.5034,0.6615,,,"USco,gold",no,Simbad,1,0.999913,12.58,7.214530238465816,,,,,0.013866982803217402
58,204512343,15 57 21.08,-22 02 13.1,,10.1,,5.57,1.56,9.9,4.01,7.6771,,,,"USco,bronze",yes,Simbad,1,0.998258,15.469999,8.654274238465815,3558.7,1.0916,-0.9167482932669904,0.321602564102564,0.013866982803217402
59,204787516,15 57 23.90,-20 51 45.5,,9.8,,5.21,0.02,9.8,5.19,0.4868,,,,"USco,gold",no,Simbad,1,0.992964,15.01,8.157304238465816,3581.7,0.8258,-0.7878923172215024,0.33634615384615374,0.013866982803217402
60,204836433,15 57 24.53,-20 38 38.3,,9.99,,5.07,0.85,9.88,4.21,8.6218,,,,"USco,gold",no,Simbad,1,0.996487,14.950001,8.267827238465815,3657.1,0.8019,-0.8899829906520429,0.38467948717948713,0.013866982803217402
61,204040060,15 57 25.74,-23 54 22.2,13.72,9.09,4.63,4.63,0.37,9.04,4.26,7.239,,,,"USco,gold",no,Simbad,1,0.999976,13.67,7.592975238465815,4849.9,2.1437,,,0.013866982803217402
62,204442667,15 57 28.47,-22 19 05.3,,11.6,,6.35,0.24,11.57,6.11,1.3178,,,,"USco,gold",no,Simbad,1,0.999998,17.92,10.506560238465816,3370.7,1.1812,-1.833273943767509,0.22652380952380943,0.013866982803217402
63,204274743,15 57 29.84,-22 58 44.0,,11.19,,6.17,0.49,11.13,5.69,1.7686,,,,"USco,gold",yes,Simbad,1,0.997153,17.3,10.281025238465816,,,,,0.013866982803217402
64,204179058,15 57 34.31,-23 21 12.3,13.62,8.99,4.63,4.63,1.16,8.84,3.47,3.0039,0.5857,,,"USco,gold",maybe,Simbad,1,0.992964,13.47,7.128354238465816,,,,,0.013866982803217402
65,203800211,15 57 36.83,-24 53 02.9,,11.93,,5.86,0.0,11.93,5.86,0.6137,,,,"USco,bronze",no,Simbad,1,0.999987,17.79,10.595223238465817,,,-2.0888423845900195,,0.013866982803217402
66,204330772,15 57 37.17,-22 45 25.3,,12.56,,5.0,0.5,12.5,4.5,24.8794,,,,"USco,silver",no,Simbad,1,0.996487,17.5,10.773890238465814,3627.3,0.8475,-1.623970803918557,0.3655769230769232,0.013866982803217402
67,203920801,15 57 38.79,-24 24 32.9,9.91,8.21,1.7,1.7,0.7,8.12,1.0,0.466,,,,"USco,bronze",no,Simbad,1,0.999915,9.82,4.152824238465815,6427.3,0.4783,0.3873471013561066,1.357906976744186,0.013866982803217402
68,204434699,15 57 39.33,-22 20 57.6,,11.5,,6.01,0.28,11.46,5.72,2.5101,,,,"USco,bronze",no,Simbad,1,0.999994,17.470001,10.253275238465816,3323.8,1.1274,-1.7577070872675775,0.20419047619047628,0.013866982803217402
69,204760247,15 57 40.46,-20 58 59.0,5.84,5.73,0.1,0.1,0.59,5.66,-0.49,0.907,,,,"USco,gold",no,Simbad,1,0.999757,5.7599998,0.2400142384658155,12708.3,0.415,2.371202154213117,1.5,0.013866982803217402
70,203521205,15 57 42.47,-25 51 35.7,,10.81,,5.7,0.05,10.81,5.65,0.7418,,,,"USco,gold",no,Simbad,1,0.999806,16.51,9.414191238465817,3427.6,0.9197,-1.4548166387485022,0.2536190476190476,0.013866982803217402
71,204412942,15 57 42.48,-22 26 05.7,,11.42,,5.43,0.65,11.33,4.78,1.4446,,,,"USco,gold",no,Simbad,1,0.997667,16.76,9.874266238465816,,,-1.6961562435388633,,0.013866982803217402
72,204399028,15 57 46.60,-22 29 20.5,,10.46,,5.43,1.01,10.33,4.42,3.8671,,,,"USco,gold",no,Simbad,1,0.996487,15.76,8.914542238465815,3461.8,0.9273,-1.350081298108429,0.269904761904762,0.013866982803217402
73,204351804,15 57 46.88,-22 40 24.3,,9.68,,4.78,0.7,9.59,4.08,7.2414,,,,"USco,bronze",no,Simbad,1,0.992964,14.370001,7.760816238465816,3737.9,0.7541,-0.6899442631618361,0.439513888888889,0.013866982803217402
74,203839698,15 57 47.56,-24 44 12.4,,12.05,,6.06,0.32,12.01,5.74,0.9672,,,,"USco,gold",no,Simbad,1,0.999992,18.07,10.798825238465817,3380.4,0.9911,-1.836540458659017,0.2311428571428572,0.013866982803217402
75,204134887,15 57 48.80,-23 31 38.2,6.77,6.67,0.1,0.1,0.35,6.63,-0.25,0.803,,,,"USco,gold",no,Simbad,1,0.999786,6.73,1.1643412384658154,,,1.8800804062843068,,0.013866982803217402
76,204247416,15 57 50.03,-23 05 09.5,,9.27,,4.08,0.12,9.25,3.96,7.8404,,,,"USco,gold",no,Simbad,1,0.996487,13.33,6.939882238465815,4759.7,1.4504,-0.5415888001157823,0.8386649214659686,0.013866982803217402
77,204193196,15 57 53.84,-23 17 53.4,,11.31,,5.87,0.37,11.27,5.5,2.15,,,,"USco,bronze",no,Simbad,1,0.999923,17.14,9.998983238465817,3421.9,1.077,-1.6434005582163689,0.25090476190476196,0.013866982803217402
78,204193996,15 57 53.96,-23 17 41.7,,9.45,,4.0,0.7,9.36,3.3,15.7722,,,,"USco,bronze",no,Simbad,1,0.998258,13.36,7.157285238465816,4193.5,0.7733,-0.5544580819045328,0.8,0.013866982803217402
79,203810851,15 57 54.44,-24 50 42.3,,8.58,,3.52,0.85,8.47,2.67,4.2512,,,,"USco,bronze",yes,Simbad,1,0.99964,11.99,6.214343238465816,4158.2,0.0665,-0.346893671942071,0.8,0.013866982803217402
80,204849054,15 57 56.02,-20 35 10.5,,12.34,,6.46,0.34,12.3,6.12,0.9839,,,,"USco,bronze",no,Simbad,1,0.999998,18.76,11.398350238465817,,,-1.896196284292576,,0.013866982803217402
81,204097242,15 58 06.39,-23 40 41.9,,10.65,,5.65,0.4,10.6,5.25,2.5265,,,,"USco,gold",no,Simbad,1,0.992964,16.25,9.216836238465817,,,-1.4420118687793178,,0.013866982803217402
82,203361837,15 58 06.93,-26 23 47.0,,10.16,,5.18,0.25,10.13,4.92,7.7299,,,,"USco,gold",no,Simbad,2,1e-06,15.309999,8.501985238465815,,,-0.9913572661783092,,0.013866982803217402
83,203812531,15 58 11.99,-24 50 20.0,,11.39,,5.32,0.7,11.3,4.62,1.5117,,,,"USco,bronze",no,Simbad,1,0.992964,16.62,9.868150238465816,3435.6,0.8136,-1.5207126834379725,0.2574285714285714,0.013866982803217402
84,204147776,15 58 12.71,-23 28 36.5,10.36,8.02,2.34,2.34,2.76,7.66,-0.42,1.7209,,,,"USco,gold",yes,Simbad,1,0.999891,10.0,4.502897238465815,5525.8,0.5477,,,0.013866982803217402
85,205202444,15 58 13.20,-18 53 10.1,,11.11,,5.54,0.21,11.08,5.33,1.5215,,,,"USco,bronze",no,Simbad,1,0.99885,16.619999,9.624341238465815,3389.9,0.9892,-1.6563945035832377,0.23566666666666672,0.013866982803217402
86,204898840,15 58 15.69,-20 21 37.1,,11.06,,5.96,1.83,10.82,4.13,0.6905,0.4467,,,"USco,gold",no,Simbad,1,0.999989,16.779999,9.791271238465816,3364.1,1.0925,-1.6825634973205663,0.22338095238095235,0.013866982803217402
87,205128625,15 58 18.84,-19 15 44.9,,10.13,,5.25,0.11,10.12,5.14,13.5669,,,,"USco,gold",no,Simbad,1,0.992964,15.37,8.544842238465815,3614.8,0.9754,-0.8265514650177863,0.3575641025641027,0.013866982803217402
88,204777646,15 58 19.06,-20 54 24.0,,9.03,,4.15,0.7,8.94,3.45,7.117,,,,"USco,bronze",no,Simbad,1,0.996487,13.09,6.804214238465816,5449.8,1.931,-0.3885634844608586,1.3,0.013866982803217402
89,205162306,15 58 20.38,-19 05 32.6,,11.0,,6.08,0.71,10.91,5.36,1.9539,,,,"USco,bronze",no,Simbad,1,0.999944,16.99,9.761259238465817,,,-1.4952573398584863,,0.013866982803217402
90,204957540,15 58 21.04,-20 05 13.8,,11.06,,5.77,0.5,10.99,5.27,2.2316,,,,"USco,bronze",no,Simbad,1,0.999843,16.76,9.694535238465816,3478.6,1.0963,-1.558147836683044,0.2779047619047619,0.013866982803217402
91,204553379,15 58 23.36,-21 51 59.1,,11.28,,6.38,0.42,11.23,5.96,1.8469,,,,"USco,gold",no,Simbad,1,0.999998,17.61,10.311070238465817,,,-1.7366006477624436,,0.013866982803217402
92,204123651,15 58 28.54,-23 34 19.3,,10.42,,5.49,0.4,10.37,5.09,2.3936,,,,"USco,gold",no,Simbad,1,0.996487,15.86,8.900944238465815,3589.6,0.923,-1.3166827395165248,0.34141025641025635,0.013866982803217402
93,204475702,15 58 29.62,-22 11 11.9,,8.82,,4.38,0.7,8.73,3.68,,,,,"USco,bronze",no,Simbad,1,0.998613,13.11,6.719165238465815,,,,,0.013866982803217402
94,204226548,15 58 29.79,-23 10 07.9,,11.3,,4.64,0.65,11.22,3.99,,,,,"USco,gold",yes,Simbad,1,0.999832,15.860001,10.056318238465815,3220.3,0.4015,-1.563519314342427,0.17012618296529974,0.013866982803217402
95,204780592,15 58 30.39,-20 53 35.9,7.26,6.53,0.73,0.73,0.5,6.47,0.23,0.0735,0.1216,0.0596,0.1131,"USco,gold",no,Simbad,1,0.999702,7.2,1.6544982384658151,9547.2,0.6918,1.4792021871705885,1.5,0.013866982803217402
96,204066097,15 58 35.97,-23 48 14.0,,12.08,,6.32,0.28,12.04,6.04,0.3588,,,,"USco,gold",no,Simbad,1,0.999998,18.36,11.032694238465815,,,-2.07727454523862,,0.013866982803217402
97,205024407,15 58 36.19,-19 46 13.6,,10.72,,5.63,0.38,10.67,5.24,3.0008,,,,"USco,gold",yes,Simbad,1,0.999146,16.3,9.283850238465815,3519.6,0.9935,-1.4012094770663055,0.2974285714285714,0.013866982803217402
98,204066898,15 58 36.21,-23 48 02.1,15.66,10.19,5.47,5.47,0.7,10.1,4.77,0.3956,0.5386,,,"USco,bronze",no,Simbad,2,1e-06,15.57,8.654539238465816,3485.0,0.8691,-1.386581048005342,0.28095238095238095,0.013866982803217402
99,204281213,15 58 36.91,-22 57 15.2,10.14,7.05,3.09,3.09,1.14,6.91,1.95,,,,,"USco,bronze",yes,Simbad,1,0.999964,10.0,4.319495238465816,5554.3,0.4479,0.5178646362795326,1.0687460815047023,0.013866982803217402
100,204281210,15 58 36.92,-22 57 15.3,,7.05,,3.04,0.7,6.96,2.34,2.5649,2.4445,,,"USco,gold",yes,Simbad,1,0.999964,10.0,4.319495238465816,5554.3,0.4479,0.5178646362795326,1.0687460815047023,0.013866982803217402
101,204238921,15 58 39.87,-23 07 10.8,,11.71,,6.12,0.0,11.71,6.12,1.9986,,,,"USco,bronze",no,Simbad,1,0.999998,17.83,10.585282238465815,3318.4,1.0496,-1.7166987506685698,0.20161904761904767,0.013866982803217402
102,204594600,15 58 48.10,-21 41 34.2,,12.52,,6.84,0.53,12.45,6.31,0.6008,,,,"USco,silver",no,Simbad,1,0.999999,19.29,11.635464238465817,,,-2.341988585492948,,0.013866982803217402
103,204249804,15 58 58.19,-23 04 35.3,,9.88,,4.75,0.43,9.83,4.32,3.9066,,,,"USco,gold",no,Simbad,2,1e-06,14.58,7.986637238465816,3645.7,0.658,-0.8100887731891893,0.3773717948717948,0.013866982803217402
104,204190866,15 59 00.71,-23 18 26.8,,10.21,,5.12,0.4,10.16,4.71,4.8321,,,,"USco,bronze",no,Simbad,1,0.992964,15.28,8.565894238465816,3516.8,0.8317,-0.9954636954182782,0.2960952380952382,0.013866982803217402
105,203397761,15 59 01.92,-26 16 33.1,,11.26,,5.94,0.0,11.26,5.94,0.5179,0.5938,,,"USco,gold",no,Simbad,1,0.999995,17.2,10.022828238465816,,,-1.7945249701942907,,0.013866982803217402
106,203475138,15 59 08.63,-26 00 54.7,,10.76,,5.53,0.75,10.66,4.78,2.1199,,,,"USco,gold",no,Simbad,1,0.996487,16.19,9.204933238465816,3472.2,0.7932,-1.469672225153484,0.27485714285714274,0.013866982803217402
107,203301463,15 59 11.89,-26 35 00.8,8.13,6.97,1.16,1.16,0.93,6.85,0.23,1.8738,0.7141,,,"USco,bronze",no,Simbad,1,0.999941,8.01,2.5373212384658146,11903.5,1.0478,0.9566241032609528,1.5,0.013866982803217402
108,204367110,15 59 12.43,-22 36 50.4,,11.79,,6.56,0.52,11.72,6.04,0.944,,,,"USco,gold",no,Simbad,1,0.999998,18.28,10.776322238465816,,,-1.8807441231339528,,0.013866982803217402
109,210282521,15 59 14.51,-26 06 18.2,,9.3,,2.99,1.24,9.14,1.75,0.4621,,,,"USco,gold",no,Simbad,1,0.999941,12.13,6.411154238465816,4904.5,0.7003,-0.5360771547553177,0.8765706806282723,0.013866982803217402
110,204477741,15 59 18.38,-22 10 43.2,16.27,10.07,6.19,6.19,0.33,10.03,5.86,0.8214,0.7623,,,"USco,gold",no,Simbad,1,0.999982,16.22,8.843879238465815,,,,,0.013866982803217402
111,204547272,15 59 22.92,-21 53 31.8,,10.39,,4.95,0.55,10.32,4.4,3.3984,,,,"USco,bronze",no,Simbad,2,1e-06,15.2699995,8.754136238465815,3514.1,0.8239,-1.305658089907917,0.29480952380952374,0.013866982803217402
112,204247509,15 59 25.90,-23 05 08.3,,11.57,,6.62,0.56,11.5,6.06,0.6198,,,,"USco,silver",no,Simbad,1,0.999999,18.119999,10.721535238465815,,,-1.861381580746021,,0.013866982803217402
113,203462615,15 59 38.05,-26 03 23.6,,10.25,,6.24,0.16,10.23,6.08,0.5201,0.4421,,,"USco,gold",no,Simbad,1,0.999988,16.47,8.956816238465816,3475.6,1.0185,-1.4595453713086113,0.27647619047619043,0.013866982803217402
114,204870258,15 59 44.25,-20 29 23.5,,10.4,,6.44,1.22,10.25,5.22,,,,,"USco,gold",yes,Simbad,1,0.999984,16.69,9.372932238465816,3474.1,1.2648,-1.4497716327258532,0.2757619047619047,0.013866982803217402
115,203574463,15 59 49.53,-25 40 34.6,,11.55,,6.23,0.69,11.46,5.53,1.0092,,,,"USco,bronze",no,Simbad,1,0.999991,17.69,10.400638238465817,3417.7,1.0136,-1.7009287341999286,0.24890476190476182,0.013866982803217402
116,203499724,15 59 49.88,-25 55 58.8,,9.61,,5.04,0.54,9.54,4.5,0.6243,0.9533,,,"USco,gold",no,Simbad,1,0.992964,14.58,7.846880238465815,,,-0.6936607548756684,,0.013866982803217402
117,205030103,15 59 50.50,-19 44 37.3,,10.17,,6.02,0.5,10.11,5.52,30.7496,,,,"USco,bronze",no,Simbad,1,0.999928,16.13,8.950536238465816,3532.1,1.2111,,,0.013866982803217402
118,203642381,15 59 52.68,-25 26 29.4,,9.72,,4.08,0.12,9.71,3.96,4.4834,,,,"USco,gold",no,Simbad,1,0.996487,13.79,7.346546238465816,4103.2,0.6004,-0.8621396970720301,0.8,0.013866982803217402
119,204439442,15 59 59.45,-22 19 50.2,,9.43,,5.51,0.52,9.36,4.99,5.4864,,,,"USco,bronze",no,Simbad,1,0.997667,14.87,8.166627238465816,,,,,0.013866982803217402
120,204436170,15 59 59.95,-22 20 36.7,13.25,8.63,4.62,4.62,0.4,8.58,4.22,0.8621,0.7271,,,"USco,gold",no,Simbad,1,0.999146,13.2,6.680960238465815,,,,,0.013866982803217402
121,204383487,16 00 00.36,-22 32 59.7,,9.77,,5.52,0.66,9.69,4.86,0.4962,,,,"USco,bronze",no,Simbad,2,1e-06,15.209999,8.262343238465816,3584.8,0.8438,-0.8639138834663417,0.33833333333333343,0.013866982803217402
122,204096760,16 00 07.04,-23 40 49.0,,10.61,,6.16,0.46,10.55,5.7,0.5255,1.8177,,,"USco,gold",no,Simbad,1,0.999998,16.71,9.537035238465815,,,-1.6031035361084944,,0.013866982803217402
123,204533053,16 00 12.16,-21 57 03.5,,10.34,,5.32,0.36,10.29,4.96,2.8474,,,,"USco,gold",no,Simbad,1,0.998258,15.610001,8.776516238465815,3481.2,0.8761,-1.2849163234384513,0.279142857142857,0.013866982803217402
124,204387835,16 00 15.66,-22 31 58.3,,10.44,,5.43,0.7,10.35,4.73,2.3825,,,,"USco,bronze",no,Simbad,1,0.997667,15.780001,8.899216238465815,3427.4,0.8166,-1.3159629584733188,0.2535238095238096,0.013866982803217402
125,204367097,16 00 17.29,-22 36 50.4,,9.94,,5.68,0.7,9.85,4.98,0.9675,,,,"USco,bronze",,Simbad,1,0.99885,15.530001,8.540353238465816,3467.6,0.9342,-1.0299787187171594,0.2726666666666666,0.013866982803217402
126,204395393,16 00 18.43,-22 30 11.6,,10.41,,6.07,1.55,10.21,4.51,,,,,"USco,gold",yes,Simbad,1,0.999488,16.28,9.353198238465817,,,-1.2694599776381237,,0.013866982803217402
127,204141928,16 00 23.23,-23 29 59.4,,13.31,,9.03,0.0,13.31,9.03,,,,,"USco,silver",yes,Simbad,2,,22.34,14.247292238465814,,,,,0.013866982803217402
128,204270520,16 00 26.30,-22 59 41.4,,11.34,,6.49,0.42,11.28,6.07,0.5123,,,,"USco,gold",no,Simbad,1,0.999998,17.77,10.412004238465816,,,-1.7500682349652408,,0.013866982803217402
129,204769599,16 00 26.69,-20 56 31.8,18.6,12.51,6.09,6.09,0.44,12.45,5.65,1.6401,,,,"USco,gold",yes,Simbad,1,0.999998,18.54,11.568375238465816,,,-2.009217327075904,,0.013866982803217402
130,205001070,16 00 29.13,-19 52 53.7,,8.68,,3.07,1.11,8.54,1.96,3.9311,,,,"USco,bronze",no,Simbad,1,0.999911,11.61,5.823178238465815,4980.6,0.8604,-0.0273205366050408,1.2,0.013866982803217402
131,204894208,16 00 29.45,-20 22 53.9,,11.29,,6.29,0.69,11.2,5.61,1.6968,,,,"USco,bronze",yes,Simbad,1,0.999998,17.49,10.324123238465816,,,-1.7117507790533646,,0.013866982803217402
132,204121833,16 00 30.22,-23 34 46.0,,11.84,,6.89,0.3,11.8,6.59,0.4478,,,,"USco,gold",no,Simbad,1,0.999999,18.69,10.947218238465815,,,-1.894830566849889,,0.013866982803217402
133,204878974,16 00 31.35,-20 27 05.0,,8.83,,4.79,0.57,8.75,4.22,3.0938,0.8548,,,"USco,gold",no,Simbad,1,0.992964,13.54,7.175778238465815,,,,,0.013866982803217402
134,203766590,16 00 32.42,-25 00 24.5,,10.79,,5.22,0.7,10.7,4.52,0.9418,,,,"USco,bronze",no,Simbad,2,1e-06,15.92,9.132941238465817,3473.0,0.6909,-1.5237482068374837,0.2752380952380952,0.013866982803217402
135,205153472,16 00 34.53,-19 08 16.1,,11.46,,6.65,0.42,11.4,6.22,0.761,,,,"USco,bronze",no,Simbad,1,0.999999,18.05,10.632149238465814,,,-1.7825160581393635,,0.013866982803217402
136,205225428,16 00 35.45,-18 45 58.1,,10.87,,6.15,0.66,10.78,5.48,1.423,,,,"USco,bronze",no,Simbad,1,0.999935,16.93,9.688698238465816,,,-1.5584619615226087,,0.013866982803217402
137,204933893,16 00 35.99,-20 11 55.0,,10.66,,5.63,0.38,10.61,5.25,1.5296,0.9446,,,"USco,bronze",no,Simbad,1,0.987533,16.24,9.535254238465816,,,,,0.013866982803217402
138,204519031,16 00 40.55,-22 00 32.2,10.87,8.44,2.43,2.43,0.33,8.4,2.1,2.7236,,,,"USco,gold",yes,Simbad,1,0.999911,10.83,5.240267238465815,5025.1,0.5566,,,0.013866982803217402
139,204350593,16 00 41.34,-22 40 41.8,,9.64,,5.5,0.37,9.59,5.13,3.1612,0.9757,,,"USco,bronze",no,Simbad,1,0.996487,15.09,8.174816238465816,,,,,0.013866982803217402
140,203363279,16 00 42.65,-26 23 29.6,9.32,7.72,1.6,1.6,0.65,7.63,0.95,1.1283,1.1842,0.9371,,"USco,bronze",no,Simbad,1,0.999807,9.2300005,3.5825572384658155,6503.4,0.3905,0.6240014322583045,1.383189368770764,0.013866982803217402
141,203895244,16 00 43.08,-24 30 50.5,,10.77,,5.84,0.2,10.75,5.65,0.5312,0.541,,,"USco,gold",no,Simbad,1,0.999948,16.59,9.447935238465815,,,-1.5406075197009614,,0.013866982803217402
142,203811459,16 00 44.61,-24 50 34.1,,11.74,,6.8,0.53,11.68,6.27,1.4821,0.9133,,,"USco,bronze",no,Simbad,1,0.999998,18.48,10.924805238465815,,,-1.4916049719574258,,0.013866982803217402
143,204105333,16 00 49.72,-23 38 43.5,,9.74,,4.77,0.55,9.67,4.22,10.0434,,,,"USco,gold",no,Simbad,1,0.997667,14.440001,7.888161238465814,3677.4,0.7699,-0.7849443686180599,0.3976923076923078,0.013866982803217402
144,205087347,16 00 49.88,-19 28 00.6,,9.69,,5.07,0.43,9.63,4.64,9.7615,,,,"USco,gold",no,Simbad,1,0.996487,14.700001,8.118458238465815,3675.5,0.8237,-0.954285928850089,0.396474358974359,0.013866982803217402
145,203655505,16 00 52.70,-25 23 42.9,,10.35,,5.13,0.38,10.3,4.75,7.0792,,,,"USco,gold",no,Simbad,1,0.992964,15.43,8.689620238465816,3594.8,0.6621,-1.06398920152522,0.3447435897435899,0.013866982803217402
146,203854810,16 00 52.82,-24 40 38.6,,10.35,,5.04,0.36,10.3,4.68,9.6432,,,,"USco,bronze",no,Simbad,2,1e-06,15.34,8.733924238465816,3590.4,0.767,,,0.013866982803217402
147,204406748,16 01 05.18,-22 27 31.1,13.74,8.75,4.99,4.99,0.47,8.69,4.52,4.3922,16.9554,,,"USco,gold",no,Simbad,1,0.997667,13.679999,7.418153238465814,,,,,0.013866982803217402
148,204458208,16 01 06.04,-22 15 24.8,,11.38,,5.81,0.7,11.29,5.11,1.7579,,,,"USco,silver",no,Simbad,1,0.999924,17.1,10.035277238465817,3411.5,1.0048,-1.5956795339720644,0.24595238095238095,0.013866982803217402
149,203249626,16 01 08.94,-26 45 10.7,,10.6,,5.83,1.05,10.46,4.78,2.0262,,,,"USco,gold",no,Simbad,1,0.99995,16.29,9.679378238465816,,,,,0.013866982803217402
150,204428324,16 01 10.36,-22 22 27.9,,9.76,,5.98,0.36,9.71,5.62,0.325,0.5604,,,"USco,gold",no,Simbad,1,0.999937,15.690001,8.472259238465815,3480.3,1.0466,,,0.013866982803217402
151,203690414,16 01 13.97,-25 16 28.4,,10.42,,5.54,0.21,10.39,5.33,1.816,1.9454,,,"USco,gold",yes,Simbad,1,0.810485,15.93,9.162692238465816,,,,,0.013866982803217402
152,204438578,16 01 16.79,-22 20 02.2,,8.62,,3.12,0.0,8.62,3.12,0.1025,,,,"USco,bronze",no,Simbad,1,0.999994,11.74,5.733127238465816,,,,,0.013866982803217402
153,204241103,16 01 19.13,-23 06 39.7,,12.67,,6.95,0.0,12.67,6.95,0.5716,0.4866,,,"USco,gold",no,Simbad,1,0.999999,19.619999,11.974881238465816,,,-2.3565473258670826,,0.013866982803217402
154,205055104,16 01 22.33,-19 37 22.5,,9.56,,4.89,0.13,9.54,4.77,8.1047,,,,"USco,gold",no,Simbad,2,1e-06,14.43,7.890980238465815,3648.5,0.7353,,,0.013866982803217402
155,204350686,16 01 25.63,-22 40 40.3,,8.52,,3.19,0.44,8.47,2.75,2.3962,,,,"USco,gold",no,Simbad,1,0.999943,11.66,5.662691238465815,4987.5,0.846,-0.1560201633521415,0.8982984293193718,0.013866982803217402
156,204262368,16 01 26.52,-23 01 34.6,,11.18,,5.86,0.61,11.1,5.25,1.8686,,,,"USco,bronze",yes,Simbad,1,0.999953,16.960001,9.875250238465815,,,-1.6375175186649813,,0.013866982803217402
157,203712541,16 01 26.64,-25 11 54.5,7.74,6.89,0.85,0.85,0.67,6.81,0.18,2.6666,,,,"USco,gold",no,Simbad,1,0.9997,7.66,2.1173462384658155,,,1.2186631186253896,,0.013866982803217402
158,204317321,16 01 29.84,-22 48 38.8,,10.49,,6.42,0.51,10.42,5.91,1.9313,1.0656,,,"USco,gold",no,Simbad,1,0.999937,16.84,9.470086238465814,,,-1.412625831421239,,0.013866982803217402
159,204838715,16 01 34.46,-20 38 01.7,,11.3,,5.65,0.7,11.21,4.95,1.9886,,,,"USco,bronze",no,Simbad,1,0.999488,16.86,9.861891238465816,,,-1.6589613720171,,0.013866982803217402
160,203842272,16 01 35.27,-24 43 36.8,,10.59,,5.29,0.13,10.57,5.16,6.8898,,,,"USco,bronze",no,Simbad,2,1e-06,15.86,8.982732238465815,,,-1.4182778551199666,,0.013866982803217402
161,204277211,16 01 40.86,-22 58 10.6,,9.85,,5.28,1.77,9.62,3.51,2.5594,,,,"USco,silver",yes,Simbad,1,0.982299,14.9,9.790913238465816,,,,,0.013866982803217402
162,204897050,16 01 40.97,-20 22 08.3,,10.86,,6.55,0.75,10.77,5.8,0.2639,,,,"USco,gold",no,Simbad,1,0.999999,17.32,10.045492238465815,,,-1.6185239047456583,,0.013866982803217402
163,204794876,16 01 47.43,-20 49 45.7,,8.61,,4.58,0.57,8.54,4.02,1.49,2.1528,,,"USco,gold",no,Simbad,1,0.999146,13.12,6.649800238465815,7406.9,3.3176,,,0.013866982803217402
164,203853244,16 01 47.68,-24 41 01.3,,13.01,,6.56,0.48,12.94,6.08,0.6493,,,,"USco,gold",no,Simbad,1,0.999998,19.5,12.001524238465816,,,-2.127843732072752,,0.013866982803217402
165,204435603,16 01 49.50,-22 20 45.5,,12.42,,6.79,0.46,12.36,6.33,1.5936,,,,"USco,bronze",no,Simbad,1,0.999999,19.15,11.510998238465817,,,-2.0381045310939245,,0.013866982803217402
166,204054129,16 01 49.54,-23 51 08.5,,11.93,,6.32,0.59,11.85,5.72,0.5272,0.6122,,,"USco,bronze",no,Simbad,1,0.999998,18.17,10.838709238465814,,,-1.8265223455832305,,0.013866982803217402
167,203834337,16 01 51.48,-24 45 25.0,,8.48,,3.81,0.19,8.46,3.62,4.6547,,,,"USco,gold",no,Simbad,1,0.99885,12.27,6.060893238465816,,,,,0.013866982803217402
168,204525956,16 01 55.45,-21 58 49.4,7.19,6.9,0.29,0.29,0.41,6.85,-0.12,,,,,"USco,gold",no,Simbad,1,0.993069,7.14,1.5927152384658152,,,1.3683951140075652,,0.013866982803217402
169,204612315,16 01 56.47,-21 37 03.8,11.24,8.3,2.94,2.94,0.0,8.3,2.94,4.7285,,,,"USco,gold",no,Simbad,1,0.999908,11.24,5.136234238465816,4924.0,0.5116,,,0.013866982803217402
170,205232648,16 01 57.65,-18 43 42.4,,10.9,,5.89,0.6,10.82,5.29,1.9751,,,,"USco,bronze",no,Simbad,1,0.999853,16.71,9.582677238465816,3427.3,1.217,-1.5385014786195814,0.2534761904761906,0.013866982803217402
171,204947015,16 01 58.22,-20 08 12.0,10.5,7.67,2.83,2.83,0.88,7.56,1.95,1.7739,,,,"USco,gold",no,Simbad,1,0.999966,10.389999,4.515142238465815,,,,,0.013866982803217402
172,204350926,16 01 58.93,-22 40 37.1,,10.43,,5.48,0.2,10.41,5.28,0.7299,,,,"USco,gold",no,Simbad,1,0.997667,15.889999,8.914149238465816,3385.7,0.9072,-1.494714323154864,0.23366666666666658,0.013866982803217402
173,205232450,16 01 59.86,-18 43 45.9,,10.18,,5.44,0.16,10.16,5.28,15.0634,,,,"USco,gold",no,Simbad,1,0.992964,15.6,8.693642238465815,3558.0,1.0511,-1.2769550037524282,0.3211538461538461,0.013866982803217402
174,204432860,16 02 00.39,-22 21 23.8,13.59,8.84,4.75,4.75,0.42,8.79,4.33,2.8752,,,,"USco,gold",no,Simbad,1,0.992964,13.54,6.980697238465815,,,,,0.013866982803217402
175,204388640,16 02 04.29,-22 31 47.0,,11.55,,8.82,2.7,11.2,6.12,2.6268,,,,"USco,bronze",yes,Simbad,1,0.998613,20.02,11.625143238465814,3312.7,0.038,-1.4634415426794882,0.19927444794952676,0.013866982803217402
176,204791347,16 02 04.29,-20 50 42.8,18.6,11.83,6.77,6.77,0.76,11.73,6.02,0.4224,0.245,,,"USco,gold",maybe,Simbad,1,0.999999,18.5,11.140801238465816,,,-1.9457700853500977,,0.013866982803217402
177,204137184,16 02 05.17,-23 31 07.2,,10.67,,6.08,0.98,10.55,5.1,2.6411,,,,"USco,bronze",yes,Simbad,1,0.999919,16.630001,9.468374238465817,,,-1.4600461704540852,,0.013866982803217402
178,203708909,16 02 06.82,-25 12 38.8,,11.87,,6.04,3.07,11.48,2.96,1.1282,,,,"USco,bronze",no,Simbad,1,0.999994,17.52,10.615086238465814,3315.0,0.8892,-1.81332612815505,0.2,0.013866982803217402
179,204278916,16 02 07.56,-22 57 47.0,,9.86,,4.94,0.73,9.77,4.21,3.6335,,,,"USco,gold",yes,Simbad,1,0.992964,14.710001,8.112699238465815,3632.4,0.783,-0.8693124875791732,0.36884615384615393,0.013866982803217402
180,204290833,16 02 08.45,-22 54 59.1,14.09,9.55,4.54,4.54,0.4,9.5,4.15,6.1879,,,,"USco,gold",no,Simbad,1,0.996487,14.04,7.565773238465816,3825.0,0.7025,-0.672886369406105,0.5,0.013866982803217402
181,204258708,16 02 09.54,-23 02 27.9,,11.83,,6.18,0.23,11.8,5.95,0.4837,,,,"USco,bronze",no,Simbad,1,0.999994,17.98,10.642355238465814,3369.7,1.0468,-1.792634967621407,0.22604761904761897,0.013866982803217402
182,204347304,16 02 10.45,-22 41 28.2,,8.06,,3.29,0.69,7.97,2.6,3.519,2.3915,,,"USco,silver",no,Simbad,1,0.999687,11.26,5.553314238465815,,,,,0.013866982803217402
183,204948308,16 02 10.95,-20 07 49.8,,11.42,,6.19,0.57,11.34,5.63,0.9397,,,,"USco,gold",no,Simbad,1,0.999996,17.53,10.264076238465815,3419.3,1.157,-1.686554644076269,0.24966666666666676,0.013866982803217402
184,204178534,16 02 12.80,-23 21 20.5,,11.68,,6.09,2.33,11.38,3.76,1.3517,,,,"USco,bronze",no,Simbad,1,0.999993,17.470001,10.440113238465816,3372.7,0.9808,-1.7399285941649858,0.2274761904761904,0.013866982803217402
185,204348206,16 02 13.55,-22 41 15.2,7.33,6.97,0.36,0.36,0.41,6.92,-0.05,0.2552,3.5169,0.254,,"USco,silver",no,Simbad,1,0.997703,7.28,1.7375062384658149,,,1.3624370453770014,,0.013866982803217402
186,203863529,16 02 14.88,-24 38 32.9,,11.15,,6.12,0.35,11.1,5.77,0.2543,0.3215,,,"USco,silver",no,Simbad,1,0.999998,17.220001,10.058900238465815,,,-1.8178707897507584,,0.013866982803217402
187,205173629,16 02 21.47,-19 02 05.8,,10.3,,6.03,0.99,10.17,5.04,9.0908,,,,"USco,bronze",no,Simbad,1,0.99964,16.2,9.050663238465816,3485.4,1.1944,,,0.013866982803217402
188,204271115,16 02 23.56,-22 59 33.5,,11.03,,6.38,0.28,11.0,6.1,1.0184,,,,"USco,gold",no,Simbad,1,0.999998,17.380001,9.987497238465815,,,-1.7476324813126387,,0.013866982803217402
189,204437393,16 02 23.65,-22 20 19.6,,9.62,,5.4,0.36,9.58,5.04,1.5002,,,,"USco,bronze",no,Simbad,1,0.992964,14.98,8.048776238465816,3624.6,0.8689,-0.7324528369149244,0.3638461538461538,0.013866982803217402
190,203629401,16 02 24.41,-25 29 12.5,,12.47,,6.43,0.28,12.43,6.15,0.4951,,,,"USco,bronze",no,Simbad,1,0.999997,18.86,11.395039238465817,,,-2.0925886361178163,,0.013866982803217402
191,204519555,16 02 24.59,-22 00 24.8,,9.38,,4.33,0.32,9.34,4.0,0.8951,,,,"USco,gold",no,Simbad,1,0.992964,13.67,7.289247238465816,5780.7,2.3919,-0.6020252537477757,1.4,0.013866982803217402
192,204417649,16 02 25.97,-22 24 57.7,,11.65,,6.18,0.23,11.62,5.96,1.435,,,,"USco,bronze",no,Simbad,1,0.999995,17.8,10.462141238465817,3331.2,0.9338,-1.7265357281647489,0.20771428571428563,0.013866982803217402
193,204517888,16 02 32.25,-22 00 48.9,,12.34,,6.93,0.73,12.25,6.2,,,,,"USco,gold",yes,Simbad,1,0.999999,19.18,11.637741238465814,,,-2.0168249425465894,,0.013866982803217402
194,204518814,16 02 34.17,-22 00 35.7,,11.75,,7.24,0.86,11.64,6.38,0.4513,,,,"USco,bronze",no,Simbad,1,0.999999,18.880001,11.246590238465814,,,-1.878440165947746,,0.013866982803217402
195,204182919,16 02 35.86,-23 20 17.2,,10.2,,5.56,0.28,10.17,5.28,6.6977,,,,"USco,gold",yes,Simbad,2,1e-06,15.73,8.740108238465815,3431.0,0.8905,,,0.013866982803217402
196,204356847,16 02 40.08,-22 39 13.5,,11.38,,6.1,1.92,11.13,4.18,1.2901,,,,"USco,bronze",no,Simbad,1,0.999994,17.23,10.182610238465816,3372.6,1.0019,-1.73259356294092,0.2274285714285714,0.013866982803217402
197,204317053,16 02 41.41,-22 48 42.1,,11.99,,7.14,1.06,11.86,6.08,1.5945,,,,"USco,gold",yes,Simbad,1,0.999998,19.0,11.274943238465816,,,-1.9759250157415835,,0.013866982803217402
198,204607034,16 02 41.51,-21 38 24.7,,11.18,,6.44,1.09,11.04,5.36,1.9654,,,,"USco,gold",yes,Simbad,1,0.999979,17.48,10.148909238465816,3432.3,1.0549,-1.6283780576752418,0.25585714285714295,0.013866982803217402
199,203560204,16 02 44.47,-25 43 32.5,,11.33,,5.45,0.22,11.3,5.23,2.3026,,,,"USco,gold",no,Simbad,1,0.999146,16.75,9.805023238465814,,,-1.5943122041221929,,0.013866982803217402
200,205078547,16 02 45.44,-19 30 38.1,,11.14,,6.44,0.52,11.07,5.93,0.7863,,,,"USco,gold",no,Simbad,1,0.999999,17.51,10.249178238465817,,,-1.70202076856204,,0.013866982803217402
201,204248645,16 02 45.73,-23 04 51.3,,11.5,,6.51,0.5,11.44,6.01,0.2621,0.3861,,,"USco,silver",yes,Simbad,1,0.999999,17.95,10.538159238465816,,,-2.072116601573171,,0.013866982803217402
202,204894575,16 02 53.96,-20 22 47.9,12.49,8.19,4.3,4.3,0.32,8.15,3.97,1.954,,,,"USco,gold",no,Simbad,1,0.999935,12.45,6.813805238465815,,,,,0.013866982803217402
203,204322706,16 02 55.13,-22 47 20.7,,10.57,,5.65,0.45,10.51,5.2,3.1006,,,,"USco,bronze",no,Simbad,1,0.999146,16.16,9.117648238465817,3508.3,0.9376,-1.3979400183792758,0.2920476190476191,0.013866982803217402
204,203846183,16 02 57.42,-24 42 41.8,,11.4,,5.89,0.23,11.37,5.65,1.575,,,,"USco,bronze",no,Simbad,1,0.999977,17.26,10.098180238465815,3324.6,0.9376,-1.673254611004964,0.20457142857142854,0.013866982803217402
205,204282976,16 02 58.55,-22 56 49.7,,10.11,,4.92,0.41,10.06,4.51,1.866,,,,"USco,gold",no,Simbad,2,1e-06,14.9800005,8.288922238465815,3579.2,0.6964,-0.8879986134584915,0.33474358974358964,0.013866982803217402
206,203547407,16 03 00.18,-25 46 10.9,,8.47,,3.76,0.08,8.46,3.68,,,,,"USco,bronze",no,Simbad,1,0.999991,12.22,6.054463238465816,,,,,0.013866982803217402
207,204489514,16 03 01.60,-22 07 52.7,,11.73,,6.91,0.62,11.65,6.29,1.7049,,,,"USco,gold",yes,Simbad,1,0.999998,18.56,10.820256238465817,,,-1.8635965391782927,,0.013866982803217402
208,203348270,16 03 01.76,-26 26 22.1,,9.69,,4.39,0.43,9.64,3.96,4.1734,,,,"USco,gold",no,Simbad,1,0.992964,14.030001,7.558123238465816,3932.3,0.5895,-0.760150173873934,0.7,0.013866982803217402
209,204553407,16 03 01.79,-21 51 58.6,,11.49,,5.98,0.7,11.4,5.28,1.7175,,,,"USco,bronze",no,Simbad,1,0.999994,17.38,10.234778238465816,3367.0,0.9827,-1.762456278680009,0.22476190476190477,0.013866982803217402
210,203348744,16 03 02.35,-26 26 16.6,,12.15,,6.93,1.21,12.0,5.72,4.1674,,,,"USco,bronze",,Simbad,1,0.999991,18.93,11.296637238465816,,,-1.890759026902888,,0.013866982803217402
211,204376053,16 03 14.89,-22 34 45.9,,10.7,,6.46,0.41,10.65,6.05,1.5654,2.0296,,,"USco,gold",no,Simbad,1,0.999997,17.11,9.692516238465815,,,-1.5683146565785877,,0.013866982803217402
212,204360645,16 03 22.76,-22 38 21.0,,11.17,,6.16,0.4,11.12,5.76,1.9005,,,,"USco,bronze",yes,Simbad,1,0.999995,17.279999,10.000481238465817,3419.2,1.1353,-1.6817279072994198,0.24961904761904752,0.013866982803217402
213,203551698,16 03 22.89,-25 45 17.5,,10.19,,5.08,0.41,10.13,4.67,19.6837,,,,"USco,bronze",no,Simbad,1,0.996487,15.21,8.442465238465815,3511.3,0.6708,-1.0051551465487756,0.29347619047619056,0.013866982803217402
214,203551881,16 03 23.45,-25 45 14.9,,9.54,,4.52,0.0,9.54,4.51,0.7107,,,,"USco,bronze",no,Simbad,1,0.992964,14.059999,8.072079238465815,,,,,0.013866982803217402
215,204852633,16 03 24.35,-20 34 13.2,,12.34,,7.13,0.69,12.25,6.43,0.3454,,,,"USco,bronze",no,Simbad,1,0.999999,19.380001,11.595517238465815,,,-2.003926364935732,,0.013866982803217402
216,203341895,16 03 25.98,-26 27 32.2,,10.77,,5.88,0.22,10.74,5.65,0.8336,,,,"USco,gold",no,Simbad,1,0.999893,16.619999,9.450233238465817,3422.4,0.911,-1.4266641803578513,0.25114285714285717,0.013866982803217402
217,204538777,16 03 26.25,-21 55 38.1,,11.6,,6.52,0.91,11.48,5.61,1.4806,,,,"USco,gold",yes,Simbad,1,0.999994,18.0,10.589219238465816,,,-1.7872798596513086,,0.013866982803217402
218,204548337,16 03 27.87,-21 53 15.4,,9.86,,4.58,0.59,9.79,4.0,5.5706,,,,"USco,bronze",no,Simbad,1,0.997667,14.37,7.842537238465816,4023.7,0.7766,-0.7966406886756505,0.6067068273092369,0.013866982803217402
219,205200173,16 03 28.71,-18 53 51.9,,10.12,,5.88,0.25,10.09,5.63,7.5153,,,,"USco,bronze",no,Simbad,1,0.996487,15.97,8.792739238465815,3508.9,0.9786,-0.9107309162527348,0.29233333333333333,0.013866982803217402
220,204993463,16 03 29.40,-19 55 03.9,,11.03,,5.9,0.34,10.99,5.56,0.8547,1.1069,,,"USco,gold",no,Simbad,1,0.999948,16.89,9.737102238465816,3467.8,1.1827,-1.5325398783085091,0.27276190476190487,0.013866982803217402
221,204063024,16 03 31.81,-23 48 58.3,,9.73,,4.63,0.7,9.64,3.93,9.2188,,,,"USco,bronze",no,Simbad,2,1e-06,14.27,7.727087238465815,3697.2,0.5303,-0.7945791042736611,0.4112499999999999,0.013866982803217402
222,204246759,16 03 33.79,-23 05 19.0,,9.05,,3.44,0.7,8.96,2.74,4.4275,4.3351,,,"USco,bronze",no,Simbad,1,0.999019,12.4,6.373567238465816,4555.9,0.7769,-0.2936577999976473,1.2,0.013866982803217402
223,204328600,16 03 35.50,-22 45 56.1,10.97,8.36,2.61,2.61,0.42,8.31,2.19,2.4213,,,,"USco,gold",no,Simbad,1,0.999848,10.92,5.049615238465815,5026.8,0.4863,0.10546591446244,0.9096187683284458,0.013866982803217402
224,205228053,16 03 37.76,-18 45 08.6,,9.81,,5.03,0.89,9.69,4.14,7.6483,,,,"USco,gold",no,Simbad,1,0.997667,14.719999,8.206553238465816,3687.4,0.9316,-0.9063682319262936,0.40444444444444455,0.013866982803217402
225,203420271,16 03 37.98,-26 11 54.6,,12.17,,5.76,1.75,11.95,4.01,1.3072,,,,"USco,bronze",no,Simbad,1,0.999962,17.71,10.769812238465814,,,-1.8732194236936204,,0.013866982803217402
226,205199316,16 03 38.30,-18 54 07.6,,9.54,,5.07,0.78,9.44,4.28,0.7729,,,,"USco,gold",no,Simbad,1,0.992964,14.51,7.894767238465816,3814.9,0.8838,-0.6637204164080056,0.4929861111111112,0.013866982803217402
227,205207894,16 03 39.22,-18 51 29.5,,10.2,,5.65,0.71,10.11,4.94,10.5026,,,,"USco,gold",no,Simbad,1,0.998258,15.76,8.758608238465815,,,-0.9152450325187405,,0.013866982803217402
228,204119181,16 03 40.29,-23 35 23.8,,11.32,,5.68,0.31,11.28,5.37,2.6885,,,,"USco,gold",no,Simbad,1,0.999712,16.96,9.913237238465817,,,-1.6140364154238602,,0.013866982803217402
229,204954915,16 03 41.86,-20 05 57.9,,9.49,,5.01,0.49,9.42,4.52,4.6185,,,,"USco,gold",no,Simbad,2,1e-06,14.43,7.735004238465816,,,-0.7050930887647232,,0.013866982803217402
230,204920926,16 03 43.34,-20 15 31.6,,9.72,,4.94,0.09,9.7,4.85,5.602,,,,"USco,gold",no,Simbad,1,0.996487,14.639999,7.946616238465815,3720.6,0.835,-0.8573290277253657,0.42749999999999994,0.013866982803217402
231,204180473,16 03 45.02,-23 20 53.0,,10.51,,5.34,0.7,10.42,4.64,1.904,,,,"USco,bronze",no,Simbad,1,0.992964,15.76,8.911983238465815,3421.2,0.8402,-1.3465945175693297,0.2505714285714285,0.013866982803217402
232,204330803,16 03 46.95,-22 45 24.7,,9.1,,4.89,0.47,9.04,4.41,12.9396,,,,"USco,gold",no,Simbad,2,1e-06,13.93,7.363289238465816,,,,,0.013866982803217402
233,204122161,16 03 50.41,-23 34 41.1,,9.7,,4.65,0.7,9.61,3.95,1.6102,,,,"USco,bronze",no,Simbad,2,1e-06,14.26,7.745984238465816,3752.3,0.7229,-0.7546847967020816,0.44951388888888905,0.013866982803217402
234,205041327,16 03 50.46,-19 41 21.8,,10.59,,5.81,0.44,10.54,5.38,2.9615,,,,"USco,gold",no,Simbad,1,0.999561,16.35,9.269656238465815,3530.8,1.1122,-1.3755116531090896,0.3037179487179488,0.013866982803217402
235,204599787,16 03 51.75,-21 40 15.7,,10.55,,6.56,0.54,10.48,6.02,1.0318,0.8194,0.6002,,"USco,silver",no,Simbad,1,0.999793,17.039999,9.669594238465816,,,,,0.013866982803217402
236,203723257,16 03 54.03,-25 09 39.7,,11.38,,5.85,0.0,11.38,5.85,1.461,,,,"USco,gold",maybe,Simbad,1,0.999981,17.23,10.060180238465817,3416.1,0.9485,-1.7004927125085394,0.2481428571428571,0.013866982803217402
237,204862109,16 03 54.96,-20 31 38.5,13.2,8.62,4.58,4.58,0.44,8.57,4.15,1.7281,1.052,,,"USco,gold",no,Simbad,1,0.998613,13.15,6.716933238465815,5519.0,2.506,,,0.013866982803217402
238,204864076,16 03 57.67,-20 31 05.6,,8.37,,4.35,1.82,8.14,2.53,3.8798,,,,"USco,gold",yes,Simbad,1,0.999848,12.49,6.4972442384658144,5093.7,1.5539,-0.4050331931009975,0.9292375366568915,0.013866982803217402
239,205038557,16 03 57.92,-19 42 11.1,,10.32,,5.23,0.73,10.23,4.51,3.8303,,,,"USco,gold",yes,Simbad,1,0.992964,15.459999,8.730573238465816,3559.1,0.9425,-0.9833008710818026,0.3218589743589743,0.013866982803217402
240,204230890,16 03 59.12,-23 09 05.6,,9.53,,4.55,0.78,9.43,3.77,6.7346,,,,"USco,bronze",no,Simbad,1,0.992964,13.9800005,7.546189238465816,3775.2,0.6983,-0.6979072887840726,0.46541666666666653,0.013866982803217402
241,205025028,16 04 00.23,-19 46 02.9,7.77,7.24,0.53,0.53,0.65,7.15,-0.12,,,,,"USco,gold",no,Simbad,1,0.999568,7.6800003,2.192556238465816,,,1.2055675441450655,,0.013866982803217402
242,204072696,16 04 04.53,-23 46 38.0,,10.73,,5.81,0.65,10.65,5.16,3.7652,,,,"USco,gold",yes,Simbad,1,0.999389,16.46,9.394244238465816,3556.1,0.9495,,,0.013866982803217402
243,203290460,16 04 06.71,-26 37 07.2,,9.98,,5.06,0.28,9.94,4.77,2.3362,,,,"USco,silver",no,Simbad,2,1e-06,15.0,8.247120238465815,3594.2,0.6397,-0.8647719193449085,0.3443589743589742,0.013866982803217402
244,204376071,16 04 10.11,-22 34 45.7,,11.55,,6.38,0.19,11.53,6.19,1.6268,,,,"USco,bronze",no,Simbad,1,0.999998,17.91,10.463608238465817,,,-1.8227521646307645,,0.013866982803217402
245,203920102,16 04 14.73,-24 24 43.6,,11.68,,6.13,0.17,11.66,5.96,1.6063,,,,"USco,bronze",no,Simbad,1,0.999995,17.79,10.471041238465816,,,-1.766242623932835,,0.013866982803217402
246,205037578,16 04 17.39,-19 42 28.9,,10.42,,4.27,0.61,10.34,3.66,1.7283,,,,"USco,gold",yes,Simbad,1,0.992964,14.610001,9.166863238465815,3457.5,1.0915,,,0.013866982803217402
247,203895983,16 04 18.93,-24 30 39.3,,8.85,,4.96,1.23,8.69,3.73,2.4474,2.5757,,,"USco,gold",yes,Simbad,1,0.996487,13.65,7.186356238465816,,,,,0.013866982803217402
248,204637622,16 04 20.98,-21 30 41.6,,9.43,,5.68,0.63,9.35,5.06,1.0516,1.3853,,,"USco,gold",maybe,Simbad,2,1e-06,15.030001,8.021676238465815,,,-0.7740191329833596,,0.013866982803217402
249,204638512,16 04 21.65,-21 30 28.5,,8.51,,4.39,1.9,8.26,2.49,4.9868,,,,"USco,gold",yes,Simbad,1,0.999936,12.65,6.142252238465815,4760.0,0.7827,-0.3204086002686974,0.8387434554973823,0.013866982803217402
250,203514056,16 04 22.55,-25 53 04.1,,11.86,,5.52,0.7,11.77,4.82,2.2318,,,,"USco,bronze",no,Simbad,1,0.999324,17.29,10.352893238465816,3475.7,0.8922,-1.798056932484562,0.27652380952380945,0.013866982803217402
251,204603210,16 04 35.87,-21 39 22.3,,9.86,,5.68,0.49,9.8,5.19,1.0926,1.223,,,"USco,bronze",no,Simbad,1,0.999806,15.48,8.539976238465815,3535.2,1.0925,,,0.013866982803217402
252,203463878,16 04 39.65,-26 03 08.7,,11.42,,5.91,2.3,11.12,3.61,0.8042,,,,"USco,bronze",no,Simbad,1,0.999977,17.029999,10.184544238465817,,,-1.7449688234740448,,0.013866982803217402
253,205345560,16 06 23.81,-18 07 18.6,,10.38,,5.78,0.85,10.27,4.93,,,,,"USco,bronze",yes,Simbad,1,0.998613,16.050001,9.020543238465816,3533.1,1.0032,,,0.013866982803217402
254,205164304,16 06 31.10,-19 04 57.6,,12.72,,7.44,0.76,12.62,6.67,2.3011,,,,"USco,bronze",no,Simbad,1,0.999999,20.06,12.105635238465815,,,-2.2291479720145966,,0.013866982803217402
255,205454164,16 06 39.30,-17 28 49.9,,10.28,,4.97,0.36,10.23,4.61,17.6813,,,,"USco,bronze",maybe,Simbad,1,0.997667,15.199999,8.639574238465816,3611.8,0.8554,-0.9530368532460152,0.3556410256410258,0.013866982803217402
256,204970885,16 06 39.89,-20 01 28.4,,10.08,,5.21,0.63,10.0,4.58,6.8925,,,,"USco,gold",no,Simbad,1,0.992964,15.21,8.557674238465815,3566.9,0.8909,-0.859774884434933,0.32685897435897443,0.013866982803217402
257,205208701,16 06 42.66,-18 51 14.0,,13.18,,7.4,0.7,13.09,6.7,0.9063,,,,"USco,silver",yes,Simbad,1,0.999999,20.49,13.171988238465817,,,-2.3362990578209715,,0.013866982803217402
258,205154017,16 06 43.85,-19 08 05.5,,9.19,,4.31,0.77,9.1,3.54,7.0065,,,,"USco,gold",yes,Simbad,1,0.999527,13.41,7.059905238465815,5808.6,2.2642,,,0.013866982803217402
259,204895521,16 06 47.51,-20 22 32.1,,9.87,,5.14,0.69,9.78,4.46,4.8923,,,,"USco,gold",no,Simbad,2,1e-06,14.92,8.268845238465815,3691.3,0.9625,-0.812000109246468,0.4071527777777779,0.013866982803217402
722,203807479,16 16 14.87,-24 51 27.9,,8.62,,3.64,0.0,8.62,3.64,,,,,"USco,bronze",no,Simbad,1,0.999997,12.26,6.172485238465816,,,,,0.013866982803217402
260,205238942,16 06 47.93,-18 41 43.8,,8.98,,3.6,0.7,8.89,2.9,9.3461,,,,"USco,gold",yes,Simbad,1,0.999798,12.49,6.506703238465816,4516.8,0.903,-0.2410729543828848,1.4,0.013866982803217402
261,204856827,16 06 59.37,-20 33 04.7,,9.54,,5.8,0.65,9.46,5.15,1.648,2.8058,,,"USco,bronze",no,Simbad,1,0.99885,15.26,8.187453238465816,,,-0.7573095244317148,,0.013866982803217402
262,204819492,16 07 00.08,-20 43 10.5,,10.82,,6.08,0.85,10.71,5.23,2.0777,,,,"USco,bronze",no,Simbad,1,0.999974,16.79,9.618937238465817,,,-1.5401553686377962,,0.013866982803217402
263,204856535,16 07 00.15,-20 33 09.2,,9.94,,5.64,1.4,9.76,4.24,,,,,"USco,gold",yes,Simbad,1,0.997667,15.4,8.491188238465815,3596.0,0.9527,-0.9227411353363552,0.3455128205128205,0.013866982803217402
264,204494633,16 07 00.51,-22 06 36.3,,10.44,,5.35,0.28,10.41,5.08,2.5116,,,,"USco,bronze",no,Simbad,1,0.996487,15.76,8.858096238465816,3520.3,0.7726,-1.3812199718322626,0.29776190476190484,0.013866982803217402
265,204871862,16 07 01.69,-20 28 58.2,,12.32,,7.01,0.7,12.23,6.31,1.6489,,,,"USco,gold",yes,Simbad,1,0.999999,19.24,11.762440238465814,,,-2.0419141408736503,,0.013866982803217402
266,204844509,16 07 03.56,-20 36 26.4,12.23,8.1,4.13,4.13,0.17,8.08,3.96,1.7132,1.65,,,"USco,gold",no,Simbad,1,0.999965,12.21,6.195076238465815,,,,,0.013866982803217402
267,204819661,16 07 03.72,-20 43 07.7,14.51,9.53,4.98,4.98,0.45,9.48,4.53,10.2495,,,,"USco,gold",no,Simbad,1,0.996487,14.459999,7.7344792384658145,3778.8,0.847,-0.6544106565104795,0.4679166666666668,0.013866982803217402
268,205142483,16 07 03.93,-19 11 33.9,14.21,9.22,4.99,4.99,0.63,9.14,4.36,6.6342,,,,"USco,gold",no,Simbad,1,0.996487,14.13,7.665674238465815,,,,,0.013866982803217402
269,204919503,16 07 04.73,-20 15 56.0,,11.46,,6.18,0.52,11.39,5.65,3.1147,,,,"USco,gold",no,Simbad,1,0.999988,17.57,10.285598238465814,3378.6,1.1176,-1.6669559602333193,0.23028571428571426,0.013866982803217402
270,205089832,16 07 07.67,-19 27 16.4,,9.8,,5.02,0.27,9.77,4.75,8.175,,,,"USco,gold",no,Simbad,1,0.996487,14.790001,8.158094238465816,,,-0.8716007467675498,,0.013866982803217402
271,205088828,16 07 08.73,-19 27 34.3,,11.17,,5.83,0.5,11.11,5.33,1.6609,,,,"USco,gold",no,Simbad,1,0.999887,16.939999,9.844284238465816,3430.7,1.0152,-1.5912514087938645,0.255095238095238,0.013866982803217402
272,204955018,16 07 09.54,-20 05 56.2,,8.51,,3.24,0.7,8.42,2.54,,,,,"USco,bronze",no,Simbad,1,0.999989,11.66,5.721907238465816,,,,,0.013866982803217402
273,205519771,16 07 14.01,-17 02 42.7,,10.75,,5.54,0.49,10.69,5.05,2.4549,,,,"USco,gold",yes,Simbad,1,0.992964,16.23,9.265805238465814,3566.9,0.9525,-1.3922233975229064,0.32685897435897443,0.013866982803217402
274,204787127,16 07 14.44,-20 51 52.0,,9.63,,4.93,0.03,9.62,4.9,7.4111,,,,"USco,bronze",no,Simbad,1,0.996487,14.549999,7.872590238465815,3763.9,0.8484,-0.8447550957731353,0.45756944444444453,0.013866982803217402
275,205378839,16 07 14.92,-17 56 09.7,7.81,7.4,0.41,0.41,0.53,7.33,-0.12,,,,,"USco,gold",no,Simbad,1,0.999331,7.74,2.189834238465816,10625.5,0.4876,1.191716441683885,1.5,0.013866982803217402
276,204813678,16 07 16.06,-20 44 44.0,,10.37,,6.09,0.78,10.27,5.32,2.312,,,,"USco,gold",maybe,Simbad,1,0.999874,16.36,9.165753238465816,3562.8,1.2328,-1.3870043599460224,0.3242307692307693,0.013866982803217402
277,205390110,16 07 17.41,-17 52 30.4,9.41,7.99,1.42,1.42,0.05,7.99,1.37,5.2411,,,,"USco,bronze",no,Simbad,2,1e-06,9.41,3.695507238465815,6104.8,0.1243,0.0951100504268467,1.2470714285714286,0.013866982803217402
278,204506777,16 07 17.78,-22 03 36.5,8.75,7.05,1.7,1.7,0.71,6.96,1.0,1.5325,0.813,,,"USco,bronze",no,Simbad,1,0.999806,8.66,2.9489902384658144,,,0.852357985529813,,0.013866982803217402
279,204901273,16 07 19.71,-20 20 55.8,,10.72,,5.95,0.66,10.63,5.29,4.9249,,,,"USco,gold",no,Simbad,1,0.999843,16.58,9.436904238465816,3530.5,1.1549,-1.3913670052575529,0.303525641025641,0.013866982803217402
280,203915140,16 07 21.60,-24 25 58.4,,8.88,,2.77,0.7,8.78,2.07,,,,,"USco,bronze",no,Simbad,1,0.999996,11.549999,5.754177238465815,,,,,0.013866982803217402
281,204933717,16 07 22.39,-20 11 58.5,,11.59,,6.75,1.14,11.44,5.61,1.5522,,,,"USco,gold",yes,Simbad,1,0.999999,18.189999,10.851466238465814,3178.5,1.2502,-1.8127613715314552,0.15694006309148267,0.013866982803217402
282,205495323,16 07 23.12,-17 12 41.9,,9.38,,3.8,0.0,9.38,3.79,7.0657,,,,"USco,bronze",no,Simbad,1,0.999019,13.18,6.979157238465815,4660.4,1.2656,-0.3652104745197313,0.8126701570680628,0.013866982803217402
283,204242152,16 07 23.75,-23 06 24.1,,9.85,,5.32,0.23,9.82,5.08,2.1044,1.5719,,,"USco,bronze",no,Simbad,1,0.992964,15.139999,8.251892238465816,,,,,0.013866982803217402
284,203889938,16 07 26.24,-24 32 08.1,,9.88,,5.6,1.07,9.74,4.53,,,,,"USco,gold",yes,Simbad,1,0.997667,15.34,8.421346238465816,3527.7,0.594,-0.9743664763184284,0.3017307692307691,0.013866982803217402
285,204583750,16 07 26.41,-21 44 16.9,,13.68,,7.07,0.62,13.6,6.44,1.5372,,,,"USco,silver",no,Simbad,1,0.999999,20.67,13.053210238465816,2862.7,0.8134,-2.552841984143137,0.1,0.013866982803217402
286,204757338,16 07 27.46,-20 59 44.4,,10.22,,6.48,0.73,10.13,5.75,2.2977,1.0586,,,"USco,silver",yes,Simbad,1,0.999964,16.61,9.830838238465816,,,,,0.013866982803217402
287,204909952,16 07 27.53,-20 18 34.8,,11.44,,7.09,1.07,11.3,6.02,0.6305,0.5628,,,"USco,gold",no,Simbad,1,0.999999,18.39,10.844296238465816,,,-1.82044821897006,,0.013866982803217402
288,204233955,16 07 29.53,-23 08 22.4,,10.61,,5.77,1.12,10.47,4.65,2.0073,,,,"USco,bronze",yes,Simbad,1,0.999712,16.24,9.335124238465816,6117.1,3.7119,-1.2192507722243986,1.251464285714286,0.013866982803217402
289,204544974,16 07 33.51,-21 54 05.7,,8.77,,3.0,0.7,8.68,2.3,,,,,"USco,bronze",no,Simbad,1,0.999984,11.68,5.797652238465815,,,,,0.013866982803217402
290,204878461,16 07 35.55,-20 27 13.7,,11.96,,6.32,0.5,11.9,5.82,1.8261,,,,"USco,gold",no,Simbad,1,0.999998,18.22,10.966568238465817,3316.3,1.1563,-1.825940203986945,0.20061904761904772,0.013866982803217402
291,203860131,16 07 36.50,-24 39 22.2,,10.0,,4.23,0.0,10.0,4.23,5.9332,,,,"USco,bronze",no,Simbad,1,0.996487,14.23,7.887034238465816,3788.1,0.4757,-1.114017208018273,0.5,0.013866982803217402
292,205063210,16 07 39.15,-19 35 04.3,,11.31,,6.51,0.45,11.25,6.07,2.4332,,,,"USco,bronze",yes,Simbad,1,0.999997,17.76,10.309414238465816,,,-1.7698066113646769,,0.013866982803217402
293,205121714,16 07 39.38,-19 17 47.4,,9.8,,5.24,0.84,9.69,4.39,9.1135,,,,"USco,gold",yes,Simbad,2,1e-06,14.929999,8.138338238465815,3586.1,0.8401,-0.8088844943702226,0.3391666666666666,0.013866982803217402
294,204566199,16 07 40.06,-21 48 42.7,,9.67,,4.09,0.12,9.66,3.96,6.6056,,,,"USco,gold",no,Simbad,1,0.992964,13.75,7.411255238465815,4110.7,0.5877,-0.7018677085747962,0.7,0.013866982803217402
295,204845955,16 07 44.48,-20 36 03.2,14.81,9.08,5.74,5.74,0.52,9.01,5.22,1.196,2.5315,1.3137,,"USco,gold",no,Simbad,1,0.999661,14.75,7.747982238465815,,,,,0.013866982803217402
296,204426231,16 07 45.21,-22 22 57.7,,11.52,,6.38,0.4,11.47,5.98,2.2514,2.0986,,,"USco,gold",no,Simbad,1,0.999998,17.85,10.435433238465816,,,-1.8141746293171583,,0.013866982803217402
297,203753432,16 07 48.61,-25 03 14.3,,11.43,,5.62,0.0,11.43,5.62,1.1744,,,,"USco,bronze",no,Simbad,1,0.999781,17.05,9.978880238465814,,,-1.6460837655731713,,0.013866982803217402
298,204434363,16 07 50.38,-22 21 02.3,,11.34,,6.2,0.71,11.25,5.48,1.5961,,,,"USco,gold",yes,Simbad,1,0.999996,17.45,10.302431238465816,3315.3,0.9777,-1.7053133624032704,0.20014285714285723,0.013866982803217402
299,205480850,16 07 51.35,-17 18 23.3,,10.04,,5.2,0.31,10.0,4.89,6.248,,,,"USco,gold",no,Simbad,1,0.992964,15.2,8.349897238465815,3565.1,0.7672,-0.8335403022023351,0.32570512820512815,0.013866982803217402
300,203843009,16 07 55.65,-24 43 27.1,,12.71,,6.94,1.33,12.54,5.61,1.351,,,,"USco,gold",yes,Simbad,1,0.999996,19.48,11.884273238465816,,,-2.0824944847976137,,0.013866982803217402
301,204830256,16 07 57.12,-20 40 17.7,,11.65,,6.63,0.66,11.56,5.98,3.65,,,,"USco,bronze",no,Simbad,1,0.999999,18.19,10.837559238465817,,,-1.8018930006836824,,0.013866982803217402
302,204229583,16 07 57.76,-23 09 23.6,,9.09,,5.23,0.35,9.05,4.89,0.6893,0.7661,10.0931,,"USco,bronze",no,Simbad,1,0.992964,14.280001,7.702418238465816,,,,,0.013866982803217402
303,204830786,16 07 57.95,-20 40 08.9,14.8,7.81,6.99,6.99,4.53,7.23,2.46,,,,,"USco,silver",yes,Simbad,1,0.999442,14.219999,8.505847238465815,,,-0.8553946435022209,,0.013866982803217402
304,204832041,16 07 58.49,-20 39 48.8,,12.59,,7.35,0.76,12.49,6.58,0.582,,,,"USco,gold",maybe,Simbad,1,0.999999,19.84,11.963553238465815,,,-2.0915149698561604,,0.013866982803217402
305,203851147,16 07 58.76,-24 41 31.9,,9.83,,5.57,0.25,9.8,5.33,5.9078,5.3359,,,"USco,bronze",no,Simbad,1,0.999751,15.370001,8.866157238465815,,,,,0.013866982803217402
306,204829482,16 08 00.50,-20 40 29.1,,11.33,,6.43,0.71,11.24,5.72,1.9464,2.5668,,,"USco,gold",no,Simbad,1,0.999999,17.67,10.381175238465817,,,-1.6829819154814831,,0.013866982803217402
307,204876697,16 08 01.41,-20 27 41.6,,9.29,,4.62,0.95,9.17,3.67,9.2723,,,,"USco,gold",no,Simbad,1,0.999146,13.79,7.386874238465815,4732.4,1.9792,-0.6756557878720323,1.1,0.013866982803217402
308,205087483,16 08 01.55,-19 27 58.2,,9.69,,5.59,0.61,9.61,4.98,1.5134,2.3752,,,"USco,gold",no,Simbad,1,0.995099,15.2,9.000094238465815,,,,,0.013866982803217402
309,204273100,16 08 02.17,-22 59 05.9,,11.26,,6.44,0.38,11.21,6.06,0.5122,,,,"USco,gold",no,Simbad,1,0.999998,17.65,10.227957238465816,,,-1.6796459582813186,,0.013866982803217402
310,204895410,16 08 02.37,-20 22 34.0,,10.62,,6.54,0.48,10.56,6.06,2.1105,2.4133,,,"USco,gold",no,Simbad,1,0.999998,17.1,9.594333238465817,3481.3,1.3534,-1.5195618439851604,0.27919047619047627,0.013866982803217402
311,203271901,16 08 04.10,-26 40 44.9,,9.06,,4.59,0.62,8.98,3.96,1.5838,1.0901,,,"USco,gold",no,Simbad,1,0.999389,13.57,7.540019238465815,,,,,0.013866982803217402
312,204643047,16 08 04.21,-21 29 19.7,,9.82,,4.96,0.36,9.77,4.6,3.2726,,,,"USco,bronze",no,Simbad,1,0.992964,14.7300005,8.080279238465815,3632.0,0.7926,-0.7918543833919935,0.3685897435897436,0.013866982803217402
313,203788687,16 08 05.22,-24 55 33.2,9.22,7.43,1.79,1.79,0.78,7.33,1.01,0.8911,0.8634,,,"USco,bronze",no,Simbad,1,0.999913,9.12,3.483918238465815,6456.2,0.4641,0.6802321267110368,1.3675083056478403,0.013866982803217402
314,204446677,16 08 05.53,-22 18 07.3,,9.85,,4.96,0.21,9.82,4.75,5.6054,,,,"USco,gold",maybe,Simbad,2,1e-06,14.78,8.079637238465816,3561.8,0.5668,-0.91843668064151,0.3235897435897437,0.013866982803217402
315,203844446,16 08 06.10,-24 43 05.9,,11.53,,5.98,0.0,11.53,5.98,1.2936,0.8414,,,"USco,bronze",no,Simbad,1,0.999996,17.51,10.295425238465816,3375.5,1.0495,-1.689731622762288,0.22880952380952382,0.013866982803217402
316,204417450,16 08 08.46,-22 25 00.2,,10.77,,5.11,0.7,10.68,4.41,9.1946,,,,"USco,gold",no,Simbad,1,0.996487,15.790001,9.071935238465816,3510.3,0.7716,-1.3254143978723243,0.2930000000000001,0.013866982803217402
317,204054556,16 08 10.50,-23 51 02.4,9.16,7.83,1.33,1.33,0.32,7.79,1.01,1.0459,0.654,1.0971,1.0081,"USco,gold",no,Simbad,1,0.999389,9.12,3.480294238465815,6865.1,0.3316,0.7620322812068814,1.4990764331210191,0.013866982803217402
318,204397408,16 08 10.80,-22 29 43.1,,11.68,,6.66,0.35,11.63,6.31,1.6454,,,,"USco,gold",yes,Simbad,1,0.999999,18.29,10.715663238465815,,,-1.902742697362628,,0.013866982803217402
319,205164832,16 08 10.82,-19 04 47.9,,8.47,,3.19,0.44,8.41,2.75,3.0522,,,,"USco,gold",no,Simbad,1,0.999899,11.6,5.695313238465815,4904.0,0.9045,,,0.013866982803217402
320,204321428,16 08 13.99,-22 47 39.5,,10.73,,5.75,0.49,10.67,5.27,1.5424,,,,"USco,gold",no,Simbad,1,0.999488,16.42,9.344606238465817,3480.9,0.955,-1.4461169880344822,0.279,0.013866982803217402
321,205152548,16 08 14.74,-19 08 32.4,11.4,8.43,2.98,2.98,0.51,8.36,2.47,10.4413,,,,"USco,silver",yes,Simbad,1,0.999937,11.34,5.412635238465816,5081.1,0.7514,0.0548083436941122,0.925542521994135,0.013866982803217402
322,204838119,16 08 15.34,-20 38 11.5,,10.68,,5.81,0.78,10.58,5.03,3.9826,,,,"USco,gold",no,Simbad,1,0.998258,16.39,9.323104238465817,3441.4,1.0129,-1.3814289795428645,0.26019047619047625,0.013866982803217402
323,204801261,16 08 15.59,-20 48 02.4,,9.86,,5.55,0.56,9.79,4.99,0.5499,,,,"USco,bronze",no,Simbad,1,0.997667,15.34,8.367063238465816,3571.6,0.9621,-0.7961787082076139,0.3298717948717948,0.013866982803217402
324,204428864,16 08 15.65,-22 22 20.3,,9.95,,5.08,0.3,9.91,4.78,3.619,,,,"USco,gold",yes,Simbad,2,1e-06,14.99,8.134141238465816,3615.6,0.7532,-0.9196260889521708,0.358076923076923,0.013866982803217402
325,203563853,16 08 16.92,-25 42 47.6,,10.97,,5.49,0.7,10.88,4.79,0.9552,,,,"USco,bronze",no,Simbad,1,0.992964,16.369999,9.444375238465817,,,-1.455188092273524,,0.013866982803217402
326,205177336,16 08 18.36,-19 00 59.7,,10.23,,5.78,0.59,10.15,5.18,3.2443,,,,"USco,gold",no,Simbad,1,0.99987,15.93,8.958800238465816,3521.5,1.0942,,,0.013866982803217402
327,204634894,16 08 20.77,-21 31 23.7,,10.83,,5.79,0.23,10.8,5.57,1.9677,,,,"USco,gold",no,Simbad,1,0.999881,16.59,9.477052238465816,3534.4,1.0397,-1.5225893061170737,0.30602564102564106,0.013866982803217402
328,204451272,16 08 22.28,-22 17 03.2,,12.03,,6.72,0.6,11.95,6.12,0.9726,,,,"USco,gold",no,Simbad,1,0.999992,18.67,11.121344238465817,,,,,0.013866982803217402
329,205080360,16 08 22.34,-19 30 05.2,,9.06,,4.92,0.7,8.97,4.22,2.3813,,,,"USco,gold",no,Simbad,1,0.996487,13.89,7.240746238465816,,,,,0.013866982803217402
330,204118782,16 08 23.03,-23 35 29.6,,9.94,,5.15,0.37,9.89,4.78,3.2406,,,,"USco,gold",no,Simbad,1,0.992964,15.040001,8.232581238465816,3563.5,0.6361,-0.9490019119324864,0.3246794871794872,0.013866982803217402
331,204154736,16 08 23.09,-23 26 56.2,,9.59,,4.61,0.4,9.54,4.21,7.3397,,,,"USco,bronze",no,Simbad,1,0.997667,14.15,7.528927238465815,6302.2,2.8318,-0.7283209922087253,1.4,0.013866982803217402
332,205080616,16 08 23.24,-19 30 00.9,,9.47,,4.76,0.51,9.4,4.25,5.3676,3.681,,,"USco,gold",yes,Simbad,2,1e-06,14.16,7.560160238465816,3770.3,0.6538,-0.7041471225554672,0.462013888888889,0.013866982803217402
333,205142641,16 08 23.56,-19 11 31.8,,9.93,,5.59,0.69,9.84,4.9,6.3291,,,,"USco,gold",no,Simbad,1,0.992964,15.43,8.469483238465815,3521.0,0.9238,-0.9165690592904098,0.2980952380952381,0.013866982803217402
334,205060410,16 08 23.87,-19 35 52.1,,9.25,,4.85,0.63,9.17,4.22,17.9258,,,,"USco,gold",no,Simbad,1,0.998613,14.02,7.560106238465815,,,,,0.013866982803217402
335,204932100,16 08 25.10,-20 12 24.8,,9.87,,4.93,0.01,9.86,4.92,17.9856,,,,"USco,gold",no,Simbad,1,0.997667,14.789999,8.086251238465815,3823.2,0.8689,-0.853965023253333,0.49874999999999986,0.013866982803217402
336,204449389,16 08 27.33,-22 17 29.6,,10.45,,6.32,1.84,10.21,4.48,1.8592,,,,"USco,gold",yes,Simbad,1,0.999697,16.53,9.355788238465816,3470.9,0.9929,-1.386369546662199,0.2742380952380953,0.013866982803217402
337,204611292,16 08 28.68,-21 37 20.1,,10.76,,6.0,0.27,10.73,5.74,1.7674,,,,"USco,gold",yes,Simbad,1,0.999987,16.73,9.510436238465816,3376.4,1.0278,-1.5489815554041615,0.2292380952380953,0.013866982803217402
338,204120066,16 08 30.48,-23 35 10.9,,13.81,,8.7,1.24,13.65,7.46,,,,,"USco,silver",yes,Simbad,1,0.999999,22.349998,13.952135238465814,,,-2.260427663931021,,0.013866982803217402
339,205359167,16 08 31.38,-18 02 41.4,,8.9,,4.13,0.3,8.87,3.83,9.3162,,,,"USco,gold",no,Simbad,1,0.999324,13.0,6.669606238465816,4628.7,1.266,-0.3064137281489346,0.8043717277486911,0.013866982803217402
340,205141287,16 08 34.36,-19 11 56.2,11.73,7.78,3.95,3.95,0.6,7.71,3.35,0.5461,7.5879,0.3429,,"USco,gold",no,Simbad,1,0.999923,11.66,5.553944238465816,,,,,0.013866982803217402
341,204472612,16 08 34.54,-22 11 56.1,,11.53,,6.49,0.71,11.44,5.78,1.9243,,,,"USco,gold",yes,Simbad,1,0.999996,17.93,10.491863238465816,,,-1.814741227936228,,0.013866982803217402
342,204810792,16 08 35.14,-20 45 29.6,8.35,6.68,1.67,1.67,0.66,6.59,1.01,3.6922,3.4646,,,"USco,gold",no,Simbad,1,0.999927,8.26,2.6575932384658145,,,0.833243404033323,,0.013866982803217402
343,205142340,16 08 35.77,-19 11 37.5,,12.17,,7.06,0.42,12.12,6.64,1.3056,,,,"USco,bronze",no,Simbad,1,0.999999,19.18,11.420432238465814,,,-2.0443122349375127,,0.013866982803217402
344,203833980,16 08 36.46,-24 45 30.6,,10.73,,5.1,0.32,10.69,4.78,2.8203,,,,"USco,silver",no,Simbad,1,0.992964,15.789999,9.002025238465816,3420.6,0.663,-1.4321505410386353,0.2502857142857142,0.013866982803217402
345,205358744,16 08 36.58,-18 02 49.9,,11.75,,7.87,0.49,11.69,7.38,1.3365,0.4545,,,"USco,gold",yes,Simbad,1,0.999999,19.56,11.315901238465816,,,-1.947690892274785,,0.013866982803217402
346,204099739,16 08 39.08,-23 40 05.6,,9.15,,5.33,0.42,9.09,4.9,0.7158,0.7428,,,"USco,bronze",no,Simbad,1,0.992964,14.42,7.527028238465816,,,,,0.013866982803217402
347,205192701,16 08 41.71,-18 56 10.7,,11.21,,6.93,0.72,11.12,6.21,2.1986,1.5705,,,"USco,gold",no,Simbad,1,0.999999,18.05,10.541063238465814,,,-1.7708302954755446,,0.013866982803217402
348,205177770,16 08 43.07,-19 00 52.1,,10.27,,6.05,0.4,10.22,5.65,1.1423,0.9348,,,"USco,gold",no,Simbad,1,0.995302,16.27,9.168010238465817,,,,,0.013866982803217402
349,203468205,16 08 43.40,-26 02 16.7,10.38,7.91,2.47,2.47,0.45,7.85,2.02,2.2211,,,,"USco,gold",no,Simbad,1,0.999941,10.32,4.458842238465815,5517.6,0.5766,,,0.013866982803217402
350,203660895,16 08 43.66,-25 22 36.5,8.8,7.25,1.55,1.55,0.5,7.19,1.05,3.858,,,,"USco,gold",no,Simbad,1,0.999834,8.74,3.0429822384658145,,,0.8602115932397655,,0.013866982803217402
351,203898731,16 08 45.64,-24 30 00.3,,11.24,,5.71,0.25,11.21,5.46,1.7833,,,,"USco,bronze",no,Simbad,1,0.999884,16.92,9.840625238465815,3381.2,0.9063,-1.6179829567269624,0.23152380952380944,0.013866982803217402
352,204324196,16 08 46.06,-22 46 59.4,,10.88,,5.49,0.43,10.83,5.06,3.1314,,,,"USco,gold",no,Simbad,1,0.996487,16.32,9.384044238465815,3454.0,0.8734,-1.3221194106514231,0.2661904761904762,0.013866982803217402
353,202710503,16 08 46.75,-28 38 59.9,,10.43,,5.21,0.16,10.41,5.04,2.9021,,,,"USco,bronze",no,Simbad,1,0.997667,15.62,8.766901238465815,3529.9,0.6657,-1.3136318997886918,0.3031410256410257,0.013866982803217402
354,203897643,16 08 47.39,-24 30 15.2,,10.77,,6.11,1.94,10.52,4.16,0.6426,0.5131,,,"USco,bronze",no,Simbad,1,0.999996,16.630001,9.607077238465816,,,-1.4979828074329933,,0.013866982803217402
355,204094503,16 08 48.36,-23 41 21.1,,11.59,,6.41,0.57,11.52,5.84,1.6533,,,,"USco,gold",yes,Simbad,1,0.999998,17.93,10.514382238465814,,,-1.825358814611864,,0.013866982803217402
356,204507317,16 08 50.33,-22 03 28.7,,10.83,,5.73,0.55,10.76,5.18,3.8666,,,,"USco,gold",no,Simbad,1,0.999488,16.49,9.440484238465816,3481.0,0.9795,-1.4895890729607346,0.27904761904761904,0.013866982803217402
357,204852312,16 08 54.07,-20 34 18.4,,10.0,,6.33,0.79,9.9,5.54,0.4583,0.4317,,,"USco,gold",no,Simbad,1,0.999989,16.23,8.920906238465815,,,,,0.013866982803217402
358,204565769,16 08 56.28,-21 48 48.9,,9.64,,4.71,0.49,9.58,4.22,9.4538,,,,"USco,gold",no,Simbad,2,1e-06,14.29,7.807564238465815,3684.2,0.6974,-0.8491514714701588,0.4022222222222221,0.013866982803217402
359,204854345,16 08 56.72,-20 33 45.8,,8.62,,3.59,0.24,8.59,3.35,5.3133,,,,"USco,gold",no,Simbad,1,0.999843,12.18,6.037208238465816,4706.0,1.0047,,,0.013866982803217402
360,202724025,16 08 56.94,-28 35 57.7,,9.63,,5.67,1.82,9.4,3.85,0.2595,0.2795,,,"USco,gold",no,Simbad,1,0.999245,15.07,8.180988238465815,,,,,0.013866982803217402
361,204894630,16 08 57.45,-20 22 47.2,,11.1,,5.68,0.4,11.04,5.28,1.019,,,,"USco,bronze",no,Simbad,1,0.999488,16.72,9.674282238465816,3384.7,0.9381,-1.6751005171341289,0.23319047619047611,0.013866982803217402
362,203815783,16 08 58.69,-24 49 36.5,,11.41,,5.64,0.41,11.36,5.23,1.5624,,,,"USco,gold",no,Simbad,1,0.999781,17.0,9.978889238465817,,,-1.6060740094243786,,0.013866982803217402
363,205152244,16 09 00.01,-19 08 37.1,,10.96,,6.29,0.67,10.87,5.62,1.8142,,,,"USco,gold",yes,Simbad,1,0.999993,17.16,9.851491238465815,3428.1,1.0842,-1.6278247031284152,0.25385714285714284,0.013866982803217402
364,202957873,16 09 00.50,-27 45 19.7,,11.24,,6.13,0.05,11.24,6.08,0.7722,0.3686,,,"USco,gold",no,Simbad,1,0.999997,17.369999,10.076422238465817,,,-1.7734000884171668,,0.013866982803217402
365,204871202,16 09 00.70,-20 29 08.8,,12.17,,10.21,1.68,11.95,8.53,1.639,1.9004,,,"USco,gold",yes,Simbad,1,0.999999,22.16,13.258671238465816,2802.9,0.6735,-2.057991945128689,0.1,0.013866982803217402
366,205151387,16 09 00.76,-19 08 52.6,,9.15,,4.75,0.86,9.04,3.89,9.9623,,,,"USco,gold",yes,Simbad,1,0.992964,13.79,7.322454238465815,3879.7,0.7019,-0.6884580489767482,0.530054945054945,0.013866982803217402
367,202960425,16 09 00.94,-27 44 46.8,,10.8,,6.07,0.7,10.71,5.37,0.6452,2.0169,,,"USco,bronze",no,Simbad,1,0.999997,16.78,9.630926238465817,,,-1.5797141274699713,,0.013866982803217402
368,202978875,16 09 01.67,-27 40 52.3,,11.95,,6.97,0.52,11.88,6.45,0.3057,,,,"USco,bronze",no,Simbad,1,0.999999,18.85,11.270359238465817,,,-1.908333026893695,,0.013866982803217402
369,204555809,16 09 01.97,-21 51 22.7,,12.63,,7.8,0.7,12.54,7.1,0.2693,,,,"USco,silver",no,Simbad,1,0.999999,20.34,12.177985238465816,2789.0,0.6895,-2.2380721785643387,0.1,0.013866982803217402
370,204172838,16 09 02.00,-23 22 40.4,,10.11,,5.25,0.35,10.06,4.89,4.5648,,,,"USco,gold",no,Simbad,1,0.997667,15.31,8.453935238465816,3504.2,0.8304,-0.9848079554775954,0.290095238095238,0.013866982803217402
371,205181377,16 09 02.59,-18 59 44.0,7.78,7.01,0.77,0.77,0.73,6.92,0.04,,,,,"USco,gold",no,Simbad,1,0.999747,7.69,2.1573082384658155,,,1.130267495359735,,0.013866982803217402
372,205046848,16 09 03.96,-19 39 45.8,,10.37,,5.77,0.35,10.32,5.41,4.4663,,,,"USco,gold",no,Simbad,1,0.999781,16.09,9.004113238465814,3482.9,1.0096,-1.3896592703381412,0.279952380952381,0.013866982803217402
373,205066998,16 09 04.05,-19 34 00.0,,10.88,,7.45,2.22,10.59,5.23,3.0945,0.4205,,,"USco,gold",no,Simbad,1,0.999959,18.04,10.339527238465816,,,,,0.013866982803217402
374,204418005,16 09 04.50,-22 24 52.5,,11.99,,7.51,0.82,11.89,6.69,2.1809,,,,"USco,gold",yes,Simbad,1,0.999999,19.400002,11.627915238465814,,,-2.007888500337665,,0.013866982803217402
375,205626492,16 09 04.58,-16 16 32.7,,10.75,,5.92,0.38,10.7,5.53,0.3286,,,,"USco,bronze",no,Simbad,1,0.999953,16.619999,9.455964238465816,3384.3,0.9357,-1.5149887949962697,0.2330000000000001,0.013866982803217402
376,203913100,16 09 05.10,-24 26 28.5,,10.98,,5.42,0.36,10.94,5.06,2.1167,,,,"USco,gold",no,Simbad,2,1e-06,16.36,9.432782238465816,3428.7,0.8725,-1.4611750142660276,0.25414285714285706,0.013866982803217402
377,204100531,16 09 07.75,-23 39 54.5,,11.13,,6.37,0.38,11.08,5.99,1.2548,,,,"USco,gold",no,Simbad,1,0.999998,17.45,10.194597238465816,,,-1.7307206212842925,,0.013866982803217402
378,203009876,16 09 07.76,-27 34 22.5,,11.42,,5.52,2.18,11.14,3.34,1.1937,,,,"USco,bronze",no,Simbad,1,0.999591,16.66,9.923040238465816,3326.5,0.7339,-1.8455760220237976,0.20547619047619048,0.013866982803217402
