recno,[IHA2007],RAJ2000,DEJ2000,Per,Vmag,Icmag,Kmag,SNR,RV,l_vsini,vsini,Mm,logL,amp,tc,logR,W(Ca)1,W(Ca)2,logR'1,I07,single,Mass,s_Mass,Lum,s_Lum,Gmag,Teff,Mass_calc,Mass_e
1,1-1-1470,07 57 08.92,-61 29 18.60,8.803,17.6,15.45,13.47,26,0.56,<,8.0,,-1.23,0.016,52,-0.77,0.45,0.5,-4.47,1,1,0.539,0.022,0.04646,0.01134,16.77143,4163.5,0.7,0.009349559060936414
2,1-1-1667,07 57 16.58,-61 31 38.70,1.347,15.82,14.5,12.72,44,0.16,,22.0,,-0.88,0.01,35,-1.41,0.42,0.59,-4.49,1,1,0.69,,0.13815,,15.508957,4463.4,0.7173732718894008,0.009349559060936414
3,1-1-1880,07 57 24.78,-61 25 56.57,,18.92,16.46,14.24,14,2.82,<,8.0,*,-1.62,,81,,0.07,0.01,-5.27,0,1,0.589,0.031,0.04696,0.01392,17.903868,3655.3,0.4790683229813666,0.009349559060936414
4,1-1-194,07 56 22.57,-61 27 01.49,,19.53,16.62,13.99,13,30.38,<,8.0,*,-1.63,,82,,0.08,0.02,-5.25,0,1,,,,,18.416819,,,0.009349559060936414
5,1-1-1949,07 57 28.44,-61 30 08.22,,20.51,17.68,15.4,5,10.0,,16.8,*,-2.06,,135,,0.1,0.03,-5.17,0,1,,,,,19.623985,,,0.009349559060936414
6,1-1-2241,07 57 37.82,-61 26 53.31,,20.17,17.24,14.92,7,0.1,,20.9,,-1.87,,108,,0.34,0.22,-4.65,0,1,0.3,0.036,0.01033,0.00384,18.83382,3287.2,0.2170129870129869,0.009349559060936414
7,1-1-2403,07 57 43.35,-61 30 44.59,,20.11,17.24,15.0,7,3.42,,20.6,,-1.88,,110,,0.16,0.13,-4.96,0,1,,,,,18.8518,,,0.009349559060936414
8,1-1-2490,07 57 47.14,-61 30 37.50,0.968,19.76,16.94,14.69,10,1.43,,25.6,,-1.77,0.018,96,-2.0,0.29,0.28,-4.7,1,1,0.324,0.031,0.01246,0.00406,18.484156,3297.4,0.2236363636363637,0.009349559060936414
9,1-1-251,07 56 24.19,-61 27 25.90,,18.25,15.93,13.94,20,5.97,<,8.0,*,-1.41,,64,,-0.03,0.0,,0,1,0.44,0.024,0.02688,0.00695,17.322197,3655.2,0.4790062111801241,0.009349559060936414
10,1-1-2695,07 57 56.09,-61 32 28.57,,20.44,17.52,14.95,6,2.24,,44.7,,-1.98,,123,,0.41,0.52,-4.56,0,1,,,,,19.16482,,,0.009349559060936414
11,1-1-2698,07 57 56.15,-61 29 38.17,,17.92,15.51,13.35,25,13.6,<,8.0,*,-1.24,,52,,0.05,0.05,-5.42,0,1,0.637,0.078,0.0579,0.0291,17.145798,,,0.009349559060936414
12,1-1-3201,07 58 16.47,-61 31 20.67,,16.83,14.79,12.77,33,12.87,<,8.0,*,-0.97,,39,,0.08,0.09,-5.24,0,1,0.594,0.021,0.06357,0.01481,16.039156,4142.7,0.7,0.009349559060936414
13,1-1-3254,07 58 19.38,-61 32 50.38,,17.12,15.15,13.15,25,0.52,<,8.0,,-1.12,,46,,0.26,0.38,-4.7,0,1,0.588,0.021,0.06536,0.01524,16.434183,,,0.009349559060936414
14,1-1-3264,07 58 20.21,-61 33 53.80,1.32,19.43,16.72,14.32,11,2.5,,24.1,,-1.7,0.016,89,-1.83,0.63,0.5,-4.35,1,1,0.401,0.03,0.0185,0.00568,18.234587,3388.0,0.2824675324675325,0.009349559060936414
15,1-1-3449,07 58 25.36,-61 29 01.88,,18.96,16.41,14.22,12,19.28,<,8.0,*,-1.59,,79,,0.0,-0.03,-6.66,0,1,0.34,0.025,0.01545,0.00428,17.889477,3532.4,0.4027329192546585,0.009349559060936414
16,1-1-351,07 56 28.22,-61 27 46.60,2.318,18.84,16.31,14.17,16,1.4,,14.4,,-1.55,0.016,75,-1.51,0.49,0.46,-4.45,1,1,0.392,0.025,0.0191,0.00524,17.795523,3482.7,0.3599115044247786,0.009349559060936414
17,1-1-3651,07 58 32.96,-61 32 35.29,,18.26,16.04,13.82,15,10.19,<,8.0,*,-1.46,,68,,0.06,0.03,-5.32,0,1,0.628,0.026,0.06567,0.01726,17.351831,3743.7,0.5193971631205673,0.009349559060936414
18,1-1-3695,07 58 34.29,-61 27 08.00,9.606,16.91,14.94,12.97,33,1.77,<,8.0,*,-1.04,0.015,42,-0.64,0.31,0.37,-4.62,1,1,0.605,0.021,0.0751,0.01716,16.163008,,,0.009349559060936414
19,1-1-3971,07 58 43.53,-61 33 40.48,,19.47,16.6,14.18,10,16.6,<,8.0,*,-1.63,,82,,0.11,-0.05,-5.11,0,1,0.368,0.027,0.01517,0.00449,18.12168,,,0.009349559060936414
20,1-1-958,07 56 49.99,-61 32 19.90,6.291,18.36,15.95,13.63,19,1.06,<,8.0,,-1.41,0.015,64,-1.01,0.41,0.47,-4.52,1,1,0.489,0.024,0.0322,0.00839,17.31821,3356.5,0.26201298701298703,0.009349559060936414
21,1-1-998,07 56 51.49,-61 30 40.05,,19.12,16.52,14.37,14,0.16,,33.2,,-1.63,,82,,0.39,0.37,-4.54,0,1,0.397,0.028,0.01846,0.00545,18.015095,3459.6,0.3394690265486725,0.009349559060936414
22,1-2-126,07 56 19.96,-61 19 29.50,0.869,20.09,17.27,14.81,7,0.32,<,8.0,,-1.9,0.021,112,-2.11,0.83,0.78,-4.24,1,1,0.35,0.044,0.01388,0.00551,18.83699,3291.2,0.2196103896103895,0.009349559060936414
23,1-2-1835,07 57 21.32,-61 16 48.64,,15.64,13.9,12.12,45,11.01,<,8.0,*,-0.67,,27,,0.12,0.16,-4.99,0,1,0.574,0.057,0.06051,0.02412,15.38166,,,0.009349559060936414
24,1-2-1929,07 57 24.32,-61 17 29.60,1.244,18.36,15.92,13.55,20,1.18,,24.2,,-1.4,0.016,63,-1.71,0.36,0.5,-4.58,1,1,,,,,17.509007,,,0.009349559060936414
25,1-2-2281,07 57 36.33,-61 21 29.30,10.374,17.24,15.23,13.25,26,0.12,<,8.0,,-1.15,0.015,48,-0.66,0.32,0.33,-4.62,1,1,0.57,0.022,0.06112,0.01436,16.492315,4130.0,0.7,0.009349559060936414
26,1-2-2473,07 57 43.60,-61 17 27.61,,19.53,16.93,14.5,10,7.78,<,8.0,*,-1.79,,99,,0.06,-0.07,-5.38,0,1,0.288,0.028,0.01084,0.00341,18.40064,3422.0,0.30619469026548674,0.009349559060936414
27,1-2-2479,07 57 43.86,-61 23 14.03,,16.19,14.81,12.99,36,106.67,<,8.0,*,-1.01,,40,,-0.14,-0.15,,0,1,,,,,15.750958,4962.3,0.8362532299741603,0.009349559060936414
28,1-2-2491,07 57 44.72,-61 23 32.70,1.739,18.55,16.12,14.02,18,0.91,,10.7,,-1.48,0.006,69,-1.6,0.51,0.51,-4.43,1,1,0.475,0.026,0.0301,0.00819,17.50931,3708.8,0.5070212765957447,0.009349559060936414
29,1-2-2564,07 57 46.96,-61 18 55.33,,15.91,14.58,12.73,39,6.8,<,8.0,*,-0.92,,36,,0.5,0.61,-4.42,0,1,0.645,0.022,0.11169,0.02487,15.635106,4864.6,0.8110077519379846,0.009349559060936414
30,1-2-2597,07 57 48.84,-61 21 50.72,,19.86,17.09,14.85,8,11.76,<,8.0,*,-1.83,,104,,0.22,0.29,-4.82,0,1,0.349,0.036,0.01461,0.00513,18.595469,3452.9,0.33353982300884966,0.009349559060936414
31,1-2-271,07 56 24.97,-61 21 39.24,,18.24,15.96,13.7,18,0.64,,11.3,,-1.43,,65,,0.49,0.61,-4.44,0,1,0.499,0.024,0.03519,0.00917,17.271698,,,0.009349559060936414
32,1-2-2802,07 57 54.11,-61 18 09.73,,19.84,17.01,14.65,7,0.41,<,8.0,,-1.79,,99,,0.33,0.42,-4.65,0,1,0.363,0.035,0.01524,0.0052,18.5192,3316.5,0.23603896103896105,0.009349559060936414
33,1-2-2824,07 57 56.96,-61 18 43.90,2.076,19.04,16.53,14.15,13,0.69,,15.3,,-1.64,0.01,83,-1.6,0.46,0.41,-4.47,1,1,0.468,0.028,0.02578,0.00746,17.935547,3525.7,0.3979646017699114,0.009349559060936414
34,1-2-2994,07 58 02.87,-61 24 36.14,,17.08,15.12,13.12,31,5.74,<,8.0,*,-1.11,,45,,0.07,0.11,-5.25,0,1,0.624,0.021,0.07488,0.01745,16.331202,4189.1,0.8,0.009349559060936414
35,1-2-31,07 56 16.53,-61 17 12.77,,20.39,17.4,14.93,12,1.09,,13.6,,-1.93,,116,,0.32,0.28,-4.67,0,1,0.29,0.037,0.00908,0.00358,18.991331,3218.1,0.1813478260869565,0.009349559060936414
36,1-2-3412,07 58 15.90,-61 18 29.08,,18.09,15.87,13.82,18,10.33,<,8.0,*,-1.4,,63,,-0.02,0.02,,0,1,0.449,0.024,0.02951,0.00754,17.172356,3746.9,0.520531914893617,0.009349559060936414
37,1-2-3472,07 58 18.25,-61 21 09.00,4.432,17.45,15.37,13.42,23,0.98,<,8.0,,-1.21,0.021,50,-1.06,0.46,0.57,-4.46,1,1,0.537,0.022,0.04954,0.01179,16.631823,,,0.009349559060936414
38,1-2-3503,07 58 19.17,-61 23 52.24,,16.22,14.67,12.77,36,0.13,<,8.0,,-0.97,,38,,0.43,0.5,-4.46,0,1,0.69,,0.12869,,15.597932,,,0.009349559060936414
39,1-2-3572,07 58 21.56,-61 17 15.91,,19.23,16.65,14.43,10,42.37,<,8.0,*,-1.68,,87,,0.11,0.11,-5.11,0,1,0.202,0.022,0.00615,0.00178,18.086239,3244.6,0.19286956521739126,0.009349559060936414
40,1-2-369,07 56 28.62,-61 17 11.80,0.275,17.07,15.0,12.86,40,18.12,,105.1,*,-1.06,0.023,42,-2.19,0.88,1.38,-4.17,1,1,0.523,0.021,0.04174,0.01005,16.294199,3698.4,0.5033333333333334,0.009349559060936414
42,1-2-4256,07 58 47.02,-61 23 46.60,0.808,20.47,17.57,14.93,6,2.5,,30.9,,-2.0,0.017,127,-2.2,0.18,0.38,-4.92,1,1,0.306,0.038,0.01149,0.00435,19.080431,,,0.009349559060936414
43,1-2-463,07 56 32.23,-61 21 46.47,,17.87,15.57,13.37,26,3.75,,9.7,*,-1.27,,54,,0.19,0.21,-4.85,0,1,0.56,0.024,0.04486,0.01149,16.909742,3830.6,0.5502127659574467,0.009349559060936414
44,1-2-619,07 56 38.03,-61 23 59.93,,19.45,16.73,14.31,13,0.15,,19.5,,-1.7,,89,,0.37,0.39,-4.58,0,1,0.417,0.03,0.0198,0.00598,18.21267,3413.0,0.2987012987012987,0.009349559060936414
45,1-2-752,07 56 42.49,-61 17 48.59,,17.81,15.39,13.2,27,31.35,<,8.0,*,-1.19,,50,,0.03,0.0,-5.64,0,1,0.491,0.022,0.03113,0.00782,16.794086,3568.6,0.42521739130434777,0.009349559060936414
46,1-2-816,07 56 45.30,-61 24 21.22,,18.97,16.31,13.99,15,9.88,<,8.0,*,-1.54,,74,,0.07,0.04,-5.31,0,1,0.374,0.025,0.01632,0.00456,17.768305,3433.9,0.3167256637168142,0.009349559060936414
47,1-2-836,07 56 46.03,-61 17 09.30,1.271,19.67,16.99,14.45,16,0.34,,19.2,,-1.81,0.027,101,-1.9,0.37,0.4,-4.57,1,1,0.356,0.035,0.01521,0.00516,18.482508,3361.2,0.26506493506493495,0.009349559060936414
48,1-3-118,07 56 19.66,-61 12 05.80,0.639,20.51,17.61,15.12,10,1.47,,33.3,,-2.02,0.038,129,-2.3,0.44,0.45,-4.53,1,1,0.304,0.044,0.01359,0.00573,19.189583,,,0.009349559060936414
49,1-3-1198,07 56 54.17,-61 16 04.97,,20.02,17.29,14.93,12,16.11,,10.6,*,-1.92,,115,,0.02,-0.03,-5.96,0,1,0.332,0.038,0.01371,0.00508,18.782272,3357.8,0.26285714285714296,0.009349559060936414
50,1-3-1523,07 57 04.55,-61 09 14.10,,20.36,17.52,15.34,9,12.05,<,8.0,*,-1.99,,125,,-0.01,-0.09,,0,1,0.253,0.039,0.00936,0.00394,19.044773,,,0.009349559060936414
51,1-3-1638,07 57 03.73,-61 09 44.37,,19.66,17.04,14.65,16,29.98,<,8.0,*,-1.84,,104,,0.04,-0.01,-5.59,0,1,0.535,0.051,0.0372,0.01438,18.51039,3554.3,0.4163354037267082,0.009349559060936414
52,1-3-1683,07 57 09.42,-61 14 23.80,0.77,21.13,18.04,15.04,7,2.22,,17.6,,-2.17,0.019,153,-2.3,0.12,0.33,-5.13,1,1,,,,,19.655378,,,0.009349559060936414
53,1-3-1740,07 57 10.65,-61 11 16.00,,16.57,14.82,12.96,39,0.78,<,8.0,,-1.04,,42,,0.31,0.38,-4.58,0,1,0.618,0.021,0.08812,0.01964,15.935767,,,0.009349559060936414
54,1-3-1747,07 57 11.17,-61 13 06.36,,19.95,17.03,14.6,13,21.21,<,8.0,*,-1.79,,99,,0.16,0.07,-4.98,0,1,0.301,0.029,0.00935,0.0031,18.571705,3282.7,0.21409090909090897,0.009349559060936414
55,1-3-1888,07 57 09.67,-61 08 53.16,,16.09,14.57,12.61,57,0.0,<,8.0,,-0.93,,37,,0.24,0.33,-4.71,0,1,,,,,15.7373,4167.7,0.6471702637889687,0.009349559060936414
56,1-3-1904,07 57 15.88,-61 15 44.80,,21.76,18.38,15.43,5,0.67,,36.1,,-2.26,,170,,0.17,0.15,-5.01,0,1,,,,,20.07534,,,0.009349559060936414
57,1-3-1918,07 57 16.40,-61 07 46.42,,16.53,14.85,12.95,41,0.62,<,8.0,,-1.05,,42,,0.27,0.36,-4.65,0,1,0.62,0.021,0.08996,0.02011,15.970456,,,0.009349559060936414
58,1-3-1944,07 57 17.63,-61 15 31.00,,21.03,17.85,15.07,8,2.21,,55.6,,-2.08,,138,,0.3,0.36,-4.73,0,1,,,,,19.485565,,,0.009349559060936414
59,1-3-2082,07 57 22.07,-61 09 18.17,,16.96,14.67,12.6,44,4.65,<,8.0,*,-0.91,,36,,0.02,-0.02,-5.74,0,1,0.552,0.023,0.04178,0.01069,16.09186,3721.4,0.5114893617021277,0.009349559060936414
60,1-3-2128,07 57 23.80,-61 08 51.10,0.634,20.52,17.55,15.04,10,1.75,,19.9,,-1.99,0.023,124,-2.29,0.27,0.36,-4.75,1,1,0.352,0.057,0.01454,0.00687,19.138262,,,0.009349559060936414
61,1-3-2179,07 57 25.28,-61 15 31.11,,19.79,16.81,14.64,13,47.24,<,8.0,*,-1.69,,88,,0.01,0.01,-6.03,0,1,0.142,0.021,0.00267,0.00085,18.391224,3183.4,0.16703448275862073,0.009349559060936414
62,1-3-2213,07 57 26.10,-61 11 55.72,,20.91,17.94,15.1,6,1.13,<,8.0,,-2.15,,149,,0.31,0.31,-4.68,0,1,,,,,19.533962,,,0.009349559060936414
63,1-3-2266,07 57 27.39,-61 13 30.95,,19.83,17.07,14.59,10,43.73,,10.6,*,-1.83,,103,,-0.04,0.0,,0,1,0.375,0.037,0.01652,0.00572,18.569275,3370.5,0.27110389610389607,0.009349559060936414
64,1-3-232,07 56 22.81,-61 12 36.00,1.192,18.82,16.29,14.04,24,0.34,,9.2,,-1.54,0.007,74,-1.79,0.47,0.51,-4.46,1,1,0.461,0.028,0.02605,0.00741,17.701853,3569.0,0.4254658385093168,0.009349559060936414
65,1-3-2379,07 57 32.93,-61 07 25.10,0.681,20.06,17.13,14.72,11,1.86,,26.6,,-1.83,0.022,103,-2.18,0.37,0.32,-4.61,1,1,0.333,0.038,0.01156,0.0043,18.676521,3316.1,0.23577922077922073,0.009349559060936414
66,1-3-2588,07 57 33.66,-61 15 18.40,0.393,17.28,15.04,12.89,31,1.9,,55.9,,-1.06,0.014,43,-2.04,0.65,0.7,-4.31,1,1,0.634,0.021,0.06254,0.01517,16.384325,3632.3,0.4647826086956523,0.009349559060936414
67,1-3-2668,07 57 42.51,-61 09 44.70,0.539,20.48,17.53,14.8,8,0.22,,31.5,,-1.98,0.025,123,-2.36,0.31,0.41,-4.68,1,1,0.308,0.04,0.01104,0.0044,19.121971,,,0.009349559060936414
68,1-3-2945,07 57 52.94,-61 15 35.99,,20.11,17.28,14.96,7,0.27,<,8.0,,-1.9,,112,,0.18,0.35,-4.92,0,1,0.338,0.04,0.0135,0.00512,18.819565,3328.0,0.2435064935064935,0.009349559060936414
69,1-3-3005,07 57 55.36,-61 15 12.30,0.297,19.97,17.15,14.7,7,6.48,,53.0,,-1.85,0.012,106,-2.55,0.39,0.41,-4.57,1,1,0.324,0.036,0.01295,0.0046,18.676126,3335.0,0.24805194805194805,0.009349559060936414
70,1-3-4292,07 58 39.61,-61 13 24.45,,21.0,17.92,15.58,5,2.63,,29.0,,-2.12,,145,,-0.19,0.12,,0,1,,,,,19.511557,,,0.009349559060936414
71,1-3-4335,07 58 40.90,-61 14 54.40,,19.57,16.92,14.58,9,7.8,<,8.0,*,-1.78,,98,,0.01,0.43,-6.08,0,1,0.327,0.03,0.01331,0.00424,18.39415,3423.8,0.3077876106194692,0.009349559060936414
72,1-3-4380,07 58 41.83,-61 12 02.07,,17.48,15.13,13.01,37,18.6,<,8.0,*,-1.09,,44,,0.26,0.29,-4.72,0,1,0.56,,0.08509,,16.459148,3681.0,0.49503105590062113,0.009349559060936414
73,1-3-4503,07 58 46.35,-61 14 31.95,,19.66,17.01,14.85,11,21.05,<,8.0,*,-1.82,,102,,-0.04,0.04,,0,1,0.295,0.033,0.01099,0.00382,18.46311,3433.1,0.3160176991150442,0.009349559060936414
74,1-3-461,07 56 27.54,-61 09 05.00,0.42,20.65,17.71,15.22,9,0.53,,46.3,,-2.06,0.049,134,-2.5,0.33,0.25,-4.65,1,1,0.267,0.045,0.00813,0.00375,19.304562,,,0.009349559060936414
75,1-3-470,07 56 27.73,-61 09 16.57,,18.47,15.94,13.8,29,25.3,<,8.0,*,-1.4,,63,,0.04,0.0,-5.52,0,1,0.318,0.022,0.01315,0.00345,17.373688,3469.1,0.34787610619469017,0.009349559060936414
76,1-3-664,07 56 35.06,-61 10 08.60,2.561,17.75,15.57,13.41,32,0.02,,9.3,,-1.28,0.024,55,-1.33,0.48,0.55,-4.44,1,1,0.536,0.022,0.04506,0.01104,16.90554,3685.0,0.49751552795031057,0.009349559060936414
77,1-3-699,07 56 36.59,-61 13 17.60,1.59,19.25,16.62,14.33,20,0.57,,14.8,,-1.67,0.01,86,-1.73,0.46,0.48,-4.48,1,1,0.441,0.033,0.02344,0.00739,18.092316,3490.2,0.3665486725663715,0.009349559060936414
78,1-3-927,07 56 45.57,-61 14 31.30,1.36,18.82,16.33,14.17,22,0.92,<,8.0,,-1.56,0.008,76,-1.75,0.39,0.45,-4.54,1,1,0.404,0.027,0.02168,0.00608,17.727957,3552.3,0.4150931677018635,0.009349559060936414
79,1-4-1142,07 56 54.83,-61 05 26.21,,17.05,15.11,13.16,38,34.23,<,8.0,*,-1.11,,45,,0.07,0.08,-5.27,0,1,0.584,0.021,0.06515,0.01519,16.308294,4128.3,0.7,0.009349559060936414
80,1-4-1225,07 56 58.33,-61 02 08.10,0.741,20.62,17.68,15.0,8,1.26,<,8.0,,-2.04,0.021,132,-2.25,0.25,0.09,-4.77,1,1,0.356,0.067,0.01369,0.00717,19.254545,,,0.009349559060936414
81,1-4-1313,07 57 01.29,-61 01 10.10,3.532,18.82,16.31,13.97,18,0.62,<,8.0,,-1.55,0.009,75,-1.33,0.36,0.41,-4.58,1,1,0.437,0.026,0.02349,0.0065,17.724838,3561.0,0.4204968944099379,0.009349559060936414
82,1-4-1401,07 57 02.76,-61 05 20.20,0.352,19.64,16.78,14.38,16,0.61,,51.7,,-1.7,0.024,89,-2.4,0.41,0.48,-4.56,1,1,0.4,0.036,0.01507,0.00526,18.308823,3379.7,0.277077922077922,0.009349559060936414
83,1-4-155,07 56 23.06,-61 00 01.20,,20.24,17.38,14.88,8,8.95,<,8.0,*,-1.94,,117,,0.05,-0.04,-5.46,0,1,0.449,0.07,0.02524,0.01219,18.917059,3456.2,0.3364601769911503,0.009349559060936414
84,1-4-1609,07 57 10.37,-61 01 13.50,0.742,18.72,16.19,13.83,22,1.39,,26.8,,-1.5,0.015,71,-1.98,0.45,0.5,-4.48,1,1,0.503,0.025,0.03269,0.00874,17.558222,3618.4,0.4561490683229814,0.009349559060936414
85,1-4-1930,07 57 21.55,-61 03 56.50,6.065,19.12,16.55,14.26,18,0.96,<,8.0,,-1.64,0.015,84,-1.14,0.83,0.79,-4.22,1,1,0.386,0.029,0.01814,0.00545,18.013264,3399.3,0.2898051948051949,0.009349559060936414
86,1-4-2288,07 57 37.23,-61 04 22.86,,17.25,14.82,12.75,35,1.39,<,8.0,,-0.96,,38,,0.04,0.01,-5.57,0,1,0.435,0.021,0.02422,0.00597,16.205778,3550.5,0.4139751552795031,0.009349559060936414
87,1-4-2755,07 57 54.32,-61 05 29.60,2.741,19.65,16.95,14.51,9,0.28,,8.4,,-1.79,0.014,99,-1.56,0.3,0.29,-4.67,1,1,0.366,0.037,0.0154,0.00538,18.44213,3417.2,0.30194690265486707,0.009349559060936414
88,1-4-2793,07 57 55.65,-61 04 17.20,0.595,19.81,17.03,14.63,5,2.08,,32.1,,-1.81,0.009,101,-2.23,0.26,0.35,-4.75,1,1,0.384,0.041,0.0163,0.00601,18.5497,,,0.009349559060936414
89,1-4-2846,07 57 57.76,-61 02 03.80,0.918,19.29,16.65,14.32,16,0.02,,31.1,,-1.68,0.012,87,-1.98,0.45,0.36,-4.48,1,1,0.407,0.031,0.02156,0.00651,18.134087,3530.0,0.40124223602484477,0.009349559060936414
90,1-4-3146,07 58 06.99,-60 58 32.21,,19.6,16.85,14.34,15,2.88,,41.9,,-1.74,,94,,0.34,0.38,-4.63,0,1,0.409,0.033,0.01833,0.0059,18.374855,3373.3,0.272922077922078,0.009349559060936414
91,1-4-3259,07 58 10.51,-61 04 10.97,,20.73,17.76,14.99,6,0.86,,26.4,,-2.08,,137,,0.2,0.1,-4.87,0,1,,,,,19.355307,,,0.009349559060936414
92,1-4-3317,07 58 12.62,-61 04 29.70,0.599,19.65,16.87,14.67,13,0.27,,43.7,,-1.75,0.025,94,-2.2,0.3,0.37,-4.68,1,1,0.356,0.035,0.01468,0.00499,18.383907,3397.4,0.28857142857142865,0.009349559060936414
93,1-4-3373,07 58 11.90,-61 01 41.90,0.148,19.12,16.33,13.82,18,16.09,,125.9,,-1.53,0.013,73,-2.69,0.55,0.47,-4.42,1,1,0.489,0.028,0.0262,0.0076,17.8187,3471.3,0.3498230088495577,0.009349559060936414
94,1-4-3379,07 58 14.39,-61 00 00.90,6.422,17.96,15.69,13.48,28,10.4,,10.1,*,-1.32,0.011,58,-0.95,0.47,0.46,-4.45,1,1,0.528,0.023,0.04098,0.01032,16.959044,,,0.009349559060936414
95,1-4-3439,07 58 16.00,-61 05 53.40,0.704,19.66,16.72,14.34,13,1.09,,31.2,,-1.66,0.017,85,-2.08,0.28,0.2,-4.72,1,1,0.407,0.034,0.01547,0.00521,18.274529,3324.0,0.2409090909090909,0.009349559060936414
96,1-4-3464,07 58 16.53,-60 58 24.37,,18.87,16.26,14.0,23,17.44,,19.7,*,-1.52,,73,,0.21,0.28,-4.82,0,1,0.461,0.026,0.02538,0.00709,17.706528,3470.6,0.3492035398230088,0.009349559060936414
97,1-4-3531,07 58 18.77,-61 03 07.75,,20.44,17.53,15.03,8,1.74,,22.4,,-1.99,,124,,0.16,0.21,-4.98,0,1,0.271,0.04,0.00919,0.00379,19.06309,,,0.009349559060936414
98,1-4-355,07 56 28.90,-61 02 01.10,2.392,17.8,15.46,13.22,31,0.89,,9.0,,-1.23,0.014,52,-1.33,0.42,0.48,-4.51,1,1,0.615,0.024,0.05693,0.01464,16.867344,3652.3,0.4772049689440995,0.009349559060936414
99,1-4-3693,07 58 24.23,-60 58 53.04,,18.24,15.89,13.71,25,27.76,<,8.0,*,-1.39,,63,,0.09,0.03,-5.16,0,1,,,,,17.950686,,,0.009349559060936414
100,1-4-3776,07 58 27.23,-61 02 45.40,0.639,19.99,17.03,14.53,12,2.55,,25.0,,-1.78,0.011,98,-2.19,0.2,0.29,-4.88,1,1,0.411,0.042,0.01677,0.00628,18.595676,3276.0,0.20974025974025975,0.009349559060936414
101,1-4-3820,07 58 28.72,-61 03 18.26,,16.98,15.15,13.26,34,10.75,<,8.0,*,-1.16,,48,,0.11,0.13,-5.06,0,1,0.66,,0.11869,,16.217892,4310.5,0.9,0.009349559060936414
102,1-4-3893,07 58 31.27,-61 04 33.80,1.036,19.02,16.24,13.74,21,3.17,,34.6,*,-1.49,0.019,70,-1.83,0.41,0.4,-4.54,1,1,0.501,0.03,0.02638,0.00789,17.801783,3467.0,0.34601769911504426,0.009349559060936414
103,1-4-3936,07 58 32.59,-60 59 45.95,,16.79,15.02,13.09,38,0.76,<,8.0,,-1.12,,46,,0.52,0.64,-4.36,0,1,0.582,0.021,0.07318,0.01665,16.111994,4221.7,0.8,0.009349559060936414
104,1-4-3974,07 58 34.23,-60 59 50.30,0.362,20.79,17.73,15.35,8,2.08,,40.1,,-2.05,0.021,134,-2.57,0.24,0.22,-4.81,1,1,,,,,19.319345,,,0.009349559060936414
105,1-4-401,07 56 29.76,-60 59 59.79,,17.22,15.16,13.0,34,0.05,,23.0,,-1.12,,46,,0.28,0.3,-4.67,0,1,0.611,0.022,0.05859,0.01425,16.446075,3971.5,0.6001199040767385,0.009349559060936414
106,1-4-4038,07 58 36.78,-61 03 54.80,0.269,18.64,16.06,13.78,23,0.26,,84.7,,-1.45,0.023,66,-2.39,0.57,0.63,-4.38,1,1,0.487,0.026,0.02889,0.00791,17.498575,3614.8,0.453913043478261,0.009349559060936414
107,1-4-4069,07 58 38.22,-61 03 31.20,0.446,20.45,17.55,,9,0.52,,40.5,,-2.0,0.023,126,-2.45,0.41,0.33,-4.56,1,1,,,,,19.080704,,,0.009349559060936414
108,1-4-470,07 56 31.38,-60 59 32.93,,17.23,14.99,12.81,37,0.52,<,8.0,,-1.04,,42,,0.38,0.38,-4.54,0,1,0.626,0.021,0.0638,0.01533,16.265533,4079.1,0.6259232613908873,0.009349559060936414
109,1-4-559,07 56 34.98,-60 59 29.01,,18.42,16.03,13.95,20,9.05,<,8.0,*,-1.45,,67,,0.02,-0.01,-5.83,0,1,0.356,0.024,0.01759,0.00467,17.409353,3572.7,0.4277639751552794,0.009349559060936414
110,1-4-673,07 56 39.05,-61 03 46.60,,17.32,15.37,13.34,35,0.89,<,8.0,,-1.21,,51,,0.4,0.47,-4.51,0,1,0.557,0.022,0.05812,0.01363,16.538181,4099.2,0.6307434052757793,0.009349559060936414
111,1-4-679,07 56 39.13,-61 06 46.61,,18.93,16.36,14.09,19,1.09,,9.2,,-1.56,,76,,0.37,0.42,-4.57,0,1,0.455,0.027,0.02634,0.00736,17.772076,3520.4,0.393274336283186,0.009349559060936414
112,1-4-778,07 56 42.61,-61 05 48.36,,19.24,16.55,14.32,20,26.23,<,8.0,*,-1.63,,82,,0.13,0.12,-5.02,0,1,0.404,0.03,0.01859,0.00571,18.047237,3429.6,0.3129203539823008,0.009349559060936414
113,1-4-891,07 56 46.88,-60 59 25.30,1.999,18.88,16.36,14.13,15,1.1,<,8.0,,-1.57,0.011,77,-1.58,0.41,0.45,-4.52,1,1,0.441,0.029,0.02451,0.00714,17.789103,3557.0,0.4180124223602485,0.009349559060936414
114,1-4-917,07 56 47.21,-61 01 23.55,,18.69,16.27,14.07,21,0.64,<,8.0,,-1.54,,74,,0.39,0.48,-4.55,0,1,0.428,0.026,0.02324,0.00636,17.637884,3584.8,0.4352795031055902,0.009349559060936414
115,1-5-1156,07 59 28.03,-61 26 01.00,0.895,19.48,16.76,14.35,13,1.73,,23.4,,-1.71,0.009,90,-2.0,0.17,0.07,-4.91,1,1,0.421,0.033,0.02104,0.00662,18.263386,3457.5,0.33761061946902654,0.009349559060936414
116,1-5-121,07 58 52.91,-61 30 44.40,,18.88,16.47,14.22,10,24.24,,16.0,*,-1.63,,82,,0.0,-0.06,-6.65,0,1,0.421,0.028,0.02497,0.0071,17.890413,3687.6,0.49913043478260866,0.009349559060936414
117,1-5-1336,07 59 35.64,-61 26 30.50,,19.4,16.73,14.36,15,13.85,<,8.0,*,-1.71,,90,,-0.03,-0.08,,0,1,0.38,0.031,0.01717,0.00533,18.241566,3424.9,0.3087610619469027,0.009349559060936414
118,1-5-176,07 58 54.20,-61 30 33.74,,16.92,15.16,13.19,24,17.57,<,8.0,*,-1.18,,49,,0.13,0.09,-4.97,0,1,,,,,16.958065,,,0.009349559060936414
119,1-5-2025,08 00 02.88,-61 25 58.51,,16.41,14.42,13.01,59,26.94,<,8.0,*,-0.83,,33,,-0.06,-0.06,,0,1,,,,,15.207559,,,0.009349559060936414
120,1-5-2081,08 00 04.93,-61 25 49.01,,16.58,14.88,13.94,35,52.84,<,8.0,*,-1.06,,43,,0.01,0.02,-6.04,0,1,1.02,,0.81224,,15.669325,5798.6,1.0695092024539878,0.009349559060936414
121,1-5-230,07 58 56.29,-61 31 12.50,0.375,17.63,15.5,13.4,19,2.69,,53.0,,-1.25,0.025,53,-2.15,0.55,0.66,-4.38,1,1,0.547,0.022,0.04835,0.01181,16.77927,4747.8,1.3,0.009349559060936414
122,1-5-2323,08 00 14.23,-61 27 10.50,5.716,17.19,15.1,13.23,39,1.32,<,8.0,,-1.1,0.024,45,-0.89,0.45,0.53,-4.47,1,1,0.581,0.022,0.0653,0.01522,16.356836,4149.0,0.6426858513189448,0.009349559060936414
123,1-5-2593,08 00 24.53,-61 25 53.96,,20.73,17.57,14.81,8,9.2,,11.0,*,-1.97,,121,,0.2,0.36,-4.9,0,1,0.219,0.028,0.00558,0.00206,19.181442,,,0.009349559060936414
124,1-5-2756,08 00 31.01,-61 25 57.11,,20.91,17.91,15.27,7,0.99,,21.0,,-2.13,,146,,0.26,0.47,-4.77,0,1,,,,,19.536432,,,0.009349559060936414
125,1-5-283,07 58 57.97,-61 32 39.40,0.698,17.73,15.5,13.25,19,3.16,,24.9,*,-1.25,0.007,53,-1.88,0.67,0.8,-4.3,1,1,0.584,0.022,0.05106,0.01267,16.901108,3737.3,0.5171276595744682,0.009349559060936414
126,1-5-2858,08 00 33.84,-61 25 58.40,,17.36,15.21,13.28,36,11.17,<,8.0,*,-1.14,,47,,0.02,0.0,-5.74,0,1,,,,,17.020832,,,0.009349559060936414
127,1-5-925,07 59 19.07,-61 27 59.70,1.314,19.19,16.58,14.49,7,1.98,,35.0,,-1.65,0.008,85,-1.81,0.22,0.41,-4.8,1,1,0.389,0.032,0.01879,0.00587,18.083883,3508.2,0.38247787610619455,0.009349559060936414
128,1-6-1056,07 59 25.20,-61 23 10.37,,20.51,17.63,14.96,8,1.77,,24.6,,-2.03,,131,,0.3,0.1,-4.69,0,1,0.338,0.047,0.01604,0.00662,19.182808,,,0.009349559060936414
129,1-6-1146,07 59 27.62,-61 17 42.93,,19.01,16.48,14.25,17,8.21,<,8.0,*,-1.62,,81,,0.03,0.0,-5.69,0,1,0.359,0.028,0.01604,0.00475,17.91236,3522.0,0.3946902654867257,0.009349559060936414
130,1-6-1165,07 59 29.02,-61 22 14.85,,20.08,17.13,14.68,8,0.66,,35.7,,-1.82,,103,,0.25,0.18,-4.79,0,1,0.459,0.051,0.01929,0.00794,18.723276,3388.6,0.2828571428571428,0.009349559060936414
131,1-6-1250,07 59 32.09,-61 19 10.20,,20.49,17.64,15.05,7,50.14,,47.9,*,-2.04,,132,,0.28,0.37,-4.71,0,1,0.451,0.081,0.02168,0.01168,19.142582,,,0.009349559060936414
132,1-6-1371,07 59 36.07,-61 21 06.80,0.941,20.14,17.28,14.59,11,1.82,,25.8,,-1.9,0.026,112,-2.07,0.13,0.16,-5.04,1,1,0.342,0.035,0.01284,0.00448,18.797121,3283.7,0.21474025974025962,0.009349559060936414
133,1-6-1450,07 59 38.51,-61 16 44.25,,20.49,17.34,14.95,10,0.82,,20.9,,-1.88,,109,,0.16,0.11,-4.99,0,1,,,,,19.215004,,,0.009349559060936414
134,1-6-1655,07 59 44.93,-61 19 03.83,,19.42,16.57,14.15,18,14.41,<,8.0,*,-1.62,,81,,0.06,0.03,-5.37,0,1,0.315,0.026,0.01193,0.00355,18.094044,,,0.009349559060936414
135,1-6-1682,07 59 45.85,-61 17 55.63,,17.66,15.43,13.31,34,0.7,<,8.0,,-1.22,,51,,0.04,0.08,-5.54,0,1,0.645,0.024,0.06747,0.01712,16.764526,3825.4,0.5483687943262412,0.009349559060936414
136,1-6-189,07 58 55.13,-61 18 34.40,12.232,17.9,15.77,13.65,20,0.63,<,8.0,,-1.36,0.014,60,-0.69,0.26,0.26,-4.71,1,1,0.513,0.023,0.04088,0.01026,17.053757,,,0.009349559060936414
137,1-6-215,07 58 56.18,-61 23 16.22,,18.17,15.8,13.64,20,1.53,<,8.0,,-1.36,,60,,0.04,0.01,-5.5,0,1,,,,,17.492382,,,0.009349559060936414
138,1-6-2353,08 00 09.53,-61 22 32.62,,20.92,17.94,15.32,6,3.81,,25.7,,-2.15,,149,,-0.04,0.22,,0,1,,,,,19.514343,,,0.009349559060936414
139,1-6-2526,08 00 15.08,-61 23 37.80,2.315,16.3,14.46,12.42,58,8.86,,36.4,*,-0.88,0.024,35,-1.17,0.51,0.61,-4.39,1,1,0.62,,0.17892,,15.732571,6004.1,1.1377580071174378,0.009349559060936414
140,1-6-2689,08 00 20.46,-61 18 53.32,,19.28,16.63,14.26,16,39.77,<,8.0,*,-1.67,,86,,-0.01,-0.07,,0,1,0.416,0.03,0.02112,0.0064,18.107342,3475.7,0.3537168141592919,0.009349559060936414
141,1-6-2837,08 00 24.76,-61 18 05.70,8.698,17.39,15.3,13.32,32,1.11,<,8.0,,-1.18,0.012,49,-0.75,0.36,0.46,-4.56,1,1,0.556,0.022,0.05569,0.01326,16.565193,3656.2,0.47962732919254647,0.009349559060936414
142,1-6-2926,08 00 27.50,-61 18 13.06,,20.26,17.3,14.7,10,2.66,,26.9,,-1.89,,111,,0.06,0.14,-5.38,0,1,0.305,0.036,0.01218,0.00451,18.858795,3254.5,0.19717391304347828,0.009349559060936414
143,1-6-3083,08 00 32.04,-61 16 34.00,0.488,20.82,17.82,14.96,7,2.0,,46.5,,-2.1,0.03,141,-2.46,0.73,0.59,-4.32,1,1,,,,,19.414103,,,0.009349559060936414
144,1-6-3124,08 00 33.56,-61 17 27.57,,17.76,15.4,13.23,27,24.47,,41.3,*,-1.2,,50,,0.08,0.05,-5.25,0,1,0.582,0.022,0.04801,0.01207,16.753916,3678.0,0.493167701863354,0.009349559060936414
145,1-6-3322,08 00 40.87,-61 17 48.34,,16.33,14.54,12.56,52,41.68,<,8.0,*,-0.92,,36,,0.04,0.03,-5.48,0,1,0.581,0.021,0.06474,0.01483,15.73546,3950.5,0.6,0.009349559060936414
146,1-6-3339,08 00 42.16,-61 25 03.80,0.499,20.53,17.57,14.99,9,0.39,,31.9,,-2.0,0.046,126,-2.4,0.23,0.18,-4.82,1,1,0.272,0.038,0.00937,0.00378,19.175774,,,0.009349559060936414
147,1-6-34,07 58 49.60,-61 25 10.56,,16.43,14.84,13.86,32,2.71,<,8.0,*,-1.04,,42,,-0.03,-0.01,,0,1,1.11,,1.99948,,15.540876,5957.4,1.1211387900355871,0.009349559060936414
148,1-6-3404,08 00 44.81,-61 25 08.60,1.467,18.29,15.92,13.67,23,0.63,,16.8,,-1.41,0.019,63,-1.64,0.57,0.59,-4.37,1,1,0.511,0.025,0.03621,0.00948,17.263584,3627.6,0.461863354037267,0.009349559060936414
149,1-6-3423,08 00 45.00,-61 18 58.59,,20.93,17.86,15.11,6,5.8,,14.6,*,-2.1,,141,,0.12,0.03,-5.1,0,1,,,,,19.466259,,,0.009349559060936414
150,1-6-3435,08 00 45.65,-61 23 51.90,1.415,18.78,16.28,14.02,20,0.23,,20.8,,-1.54,0.007,74,-1.72,0.69,0.66,-4.3,1,1,0.461,0.026,0.0267,0.00737,17.695232,3485.5,0.36238938053097347,0.009349559060936414
151,1-6-3564,08 00 49.54,-61 21 43.60,0.635,20.51,17.57,15.02,7,0.54,,32.6,,-2.0,0.011,126,-2.3,0.23,0.37,-4.81,1,1,0.313,0.044,0.01121,0.00468,19.125109,,,0.009349559060936414
152,1-6-3599,08 00 50.46,-61 20 53.83,,16.64,14.84,12.9,45,95.35,<,8.0,*,-1.04,,42,,0.05,0.03,-5.36,0,1,,,,,16.025354,4195.2,0.8,0.009349559060936414
153,1-6-3648,08 00 52.40,-61 17 51.64,,19.96,16.98,14.37,11,13.24,<,8.0,*,-1.76,,96,,0.04,-0.03,-5.6,0,1,0.28,0.03,0.01068,0.00368,18.595844,3260.0,0.19956521739130437,0.009349559060936414
154,1-6-4071,08 01 07.05,-61 25 04.30,0.793,19.82,17.0,14.46,11,0.3,,25.5,,-1.79,0.025,99,-2.1,0.14,0.34,-5.03,1,1,0.411,0.035,0.01755,0.00586,18.481,3381.8,0.27844155844155855,0.009349559060936414
155,1-6-41,07 58 49.08,-61 18 12.50,,16.29,14.48,13.38,41,48.14,<,8.0,*,-0.89,,35,,-0.01,-0.01,,0,1,1.1,,5.22274,,15.099587,5859.5,1.0881901840490797,0.009349559060936414
156,1-6-4112,08 01 08.19,-61 23 29.50,2.391,18.76,16.27,13.94,17,1.02,<,8.0,,-1.53,0.007,74,-1.49,0.49,0.53,-4.44,1,1,0.456,0.026,0.0263,0.00719,17.676266,3554.9,0.4167080745341616,0.009349559060936414
157,1-6-4160,08 01 09.85,-61 23 51.70,1.225,18.81,16.17,13.78,18,0.59,,12.6,,-1.48,0.012,69,-1.75,0.32,0.36,-4.64,1,1,0.476,0.026,0.02471,0.00691,17.635254,3434.2,0.3169911504424777,0.009349559060936414
158,1-6-59,07 58 50.93,-61 24 48.82,,20.52,17.68,15.19,5,13.91,<,8.0,*,-2.06,,135,,0.07,-0.06,-5.34,0,1,0.297,0.049,0.01015,0.00461,19.243961,,,0.009349559060936414
159,1-6-610,07 59 09.96,-61 22 42.33,,20.63,17.65,15.33,7,0.08,,37.4,,-2.03,,130,,0.55,0.22,-4.44,0,1,,,,,19.225029,,,0.009349559060936414
160,1-6-612,07 59 09.80,-61 18 45.92,,20.86,17.97,14.83,5,16.88,,26.6,*,-2.17,,153,,0.25,0.07,-4.78,0,1,,,,,19.508957,,,0.009349559060936414
161,1-6-697,07 59 12.88,-61 19 10.00,2.223,18.27,15.92,13.53,16,0.03,,13.6,,-1.41,0.011,64,-1.46,0.56,0.61,-4.38,1,1,0.542,0.024,0.04132,0.01071,17.255278,,,0.009349559060936414
162,1-6-88,07 58 51.35,-61 19 45.99,,16.14,14.11,13.04,63,34.9,<,8.0,*,-0.7,,28,,-0.04,-0.02,,0,1,1.13,,1.53563,,14.568661,5839.7,1.082116564417178,0.009349559060936414
163,1-6-91,07 58 52.18,-61 23 59.20,2.237,18.89,16.36,14.05,17,0.63,,11.4,,-1.57,0.018,77,-1.53,0.56,0.66,-4.39,1,1,0.444,0.026,0.02468,0.00684,17.747229,3495.1,0.3708849557522123,0.009349559060936414
164,1-7-105,07 58 50.90,-61 11 44.30,0.762,18.22,15.78,13.45,26,0.02,,16.6,,-1.34,0.005,59,-1.89,0.5,0.58,-4.43,1,1,0.55,0.06,0.03705,0.01576,17.290783,,,0.009349559060936414
165,1-7-1184,07 59 24.05,-61 11 28.00,0.581,20.51,17.49,14.6,9,0.68,,28.7,,-1.96,0.045,120,-2.31,0.1,0.32,-5.18,1,1,0.409,0.055,0.01771,0.00768,19.078459,,,0.009349559060936414
166,1-7-1246,07 59 26.54,-61 15 30.51,,20.24,17.38,14.86,10,0.93,,30.4,,-1.94,,117,,0.33,0.38,-4.65,0,1,0.319,0.043,0.01198,0.0049,18.886671,3315.0,0.23506493506493506,0.009349559060936414
167,1-7-1315,07 59 27.53,-61 09 02.21,,19.88,17.07,14.69,10,0.85,,24.4,,-1.82,,102,,0.24,0.4,-4.79,0,1,0.318,0.038,0.0115,0.00435,18.610077,3262.1,0.20071428571428568,0.009349559060936414
168,1-7-1678,07 59 40.72,-61 15 54.03,,20.16,17.1,14.45,13,0.93,,37.0,,-1.8,,100,,0.25,0.28,-4.8,0,1,0.329,0.047,0.01082,0.00469,19.03948,,,0.009349559060936414
169,1-7-1773,07 59 41.78,-61 11 18.09,,16.18,14.49,12.56,53,8.96,<,8.0,*,-0.91,,36,,0.12,0.13,-5.01,0,1,0.585,0.021,0.06894,0.01564,15.654366,,,0.009349559060936414
170,1-7-1862,07 59 45.39,-61 11 06.40,1.415,18.79,16.27,13.88,13,0.93,,10.2,,-1.53,0.01,73,-1.72,0.56,0.64,-4.39,1,1,0.558,0.03,0.04012,0.01178,17.697596,3643.4,0.47167701863354045,0.009349559060936414
171,1-7-1959,07 59 48.65,-61 11 50.35,,20.47,17.38,14.84,9,2.46,,23.9,,-1.9,,113,,0.24,0.26,-4.81,0,1,,,,,19.294155,,,0.009349559060936414
172,1-7-1986,07 59 49.49,-61 10 26.79,,20.11,17.24,14.78,9,1.76,,8.9,,-1.88,,110,,0.31,0.31,-4.68,0,1,0.356,0.046,0.0143,0.00576,18.824684,3285.8,0.21610389610389624,0.009349559060936414
173,1-7-2049,07 59 51.44,-61 08 01.60,2.805,18.13,15.74,13.52,25,0.19,,16.3,,-1.33,0.01,58,-1.32,0.49,0.52,-4.44,1,1,0.508,0.067,0.03452,0.01561,17.229225,,,0.009349559060936414
174,1-7-2545,08 00 09.34,-61 13 28.40,1.749,18.24,15.87,13.53,26,1.35,,9.1,,-1.38,0.011,62,-1.55,0.5,0.57,-4.43,1,1,0.509,0.028,0.03372,0.00945,17.305729,3737.5,0.5171985815602836,0.009349559060936414
175,1-7-2921,08 00 22.05,-61 13 58.20,0.749,19.82,17.03,14.58,11,0.94,,26.4,,-1.81,0.01,101,-2.13,0.32,0.29,-4.65,1,1,0.415,0.04,0.01918,0.00685,18.557453,3379.7,0.277077922077922,0.009349559060936414
176,1-7-2945,08 00 22.90,-61 14 25.01,,20.35,17.44,14.93,8,0.45,,9.3,,-1.95,,119,,0.26,0.36,-4.75,0,1,0.287,0.042,0.01021,0.00427,19.018106,,,0.009349559060936414
177,1-7-3076,08 00 27.20,-61 09 30.10,0.545,20.33,17.52,15.09,5,3.0,,24.7,,-2.0,0.022,126,-2.36,0.1,0.29,-5.16,1,1,0.282,0.043,0.00916,0.00393,19.06268,,,0.009349559060936414
178,1-7-3212,08 00 32.34,-61 13 14.10,6.795,17.4,15.25,13.12,33,1.02,,10.9,,-1.15,0.006,48,-0.85,0.35,0.46,-4.57,1,1,0.586,0.022,0.05916,0.01407,16.49294,3861.2,0.561063829787234,0.009349559060936414
179,1-7-3219,08 00 33.01,-61 15 10.70,0.863,19.82,17.01,14.51,13,0.9,,19.1,,-1.8,0.011,100,-2.06,0.43,0.35,-4.53,1,1,0.327,0.032,0.01313,0.00438,18.53333,3353.4,0.26000000000000006,0.009349559060936414
180,1-7-3292,08 00 35.55,-61 11 38.69,,20.8,17.85,15.05,5,2.13,,16.8,,-2.12,,144,,0.06,0.03,-5.43,0,1,,,,,19.430311,,,0.009349559060936414
181,1-7-3688,08 00 47.13,-61 11 49.60,0.308,20.26,17.29,14.93,7,0.7,,29.1,,-1.88,0.021,110,-2.55,0.45,0.26,-4.53,1,1,0.276,0.036,0.01053,0.00429,18.840754,3394.7,0.2868181818181817,0.009349559060936414
182,1-7-3741,08 00 49.32,-61 12 15.70,0.916,17.92,15.59,13.28,24,1.42,,29.7,,-1.28,0.015,55,-1.78,0.66,0.73,-4.31,1,1,0.565,0.023,0.04533,0.01141,16.941397,3648.7,0.4749689440993788,0.009349559060936414
183,1-7-3757,08 00 50.02,-61 13 54.45,,16.44,14.34,12.38,48,31.66,<,8.0,*,-0.79,,31,,0.07,0.03,-5.25,0,2,,,,,15.876112,,,0.009349559060936414
184,1-7-3787,08 00 50.94,-61 11 46.67,,17.0,14.88,12.86,30,22.28,<,8.0,*,-1.01,,40,,0.05,0.06,-5.4,0,1,0.607,0.022,0.06598,0.01564,16.132652,4071.5,0.6241007194244604,0.009349559060936414
185,1-7-3887,08 00 53.19,-61 07 18.50,4.584,19.31,16.68,14.35,7,0.07,,10.9,,-1.69,0.013,88,-1.28,0.06,0.18,-5.35,1,1,0.408,0.033,0.01976,0.00627,18.1422,3389.7,0.2835714285714285,0.009349559060936414
186,1-7-4606,08 01 18.72,-61 13 35.64,,19.16,16.54,14.3,10,0.59,,17.9,,-1.64,,83,,0.42,0.37,-4.52,0,1,0.387,0.029,0.01879,0.00565,18.01858,3506.9,0.38132743362831867,0.009349559060936414
187,1-7-533,07 59 02.95,-61 08 32.82,,19.99,17.26,12.96,9,0.55,,26.5,,-1.91,,113,,0.46,0.29,-4.49,0,1,,,,,18.821718,,,0.009349559060936414
188,1-7-698,07 59 08.19,-61 12 30.95,,20.9,17.93,15.34,6,2.01,,21.1,,-2.14,,148,,1.73,1.92,-3.94,0,1,,,,,19.496626,,,0.009349559060936414
189,1-7-907,07 59 15.05,-61 11 26.53,,20.14,17.16,14.67,12,5.59,<,8.0,*,-1.83,,104,,0.05,0.11,-5.46,0,1,0.194,0.025,0.00604,0.00209,18.702868,,,0.009349559060936414
190,1-8-1118,07 59 24.44,-61 00 18.17,,15.71,14.2,12.2,53,2.67,<,8.0,*,-0.78,,31,,0.11,0.15,-5.06,0,1,0.555,0.021,0.04665,0.0111,15.62804,,,0.009349559060936414
191,1-8-1232,07 59 28.77,-61 05 23.90,1.184,20.28,17.39,15.21,9,0.39,,20.3,,-1.94,0.028,117,-1.99,0.25,0.27,-4.77,1,1,0.239,0.039,0.00806,0.00348,18.964224,3267.1,0.2039610389610389,0.009349559060936414
192,1-8-1419,07 59 33.96,-60 59 07.50,1.465,19.02,16.48,14.09,17,0.05,,17.2,,-1.62,0.015,81,-1.74,0.32,0.4,-4.64,2,1,0.438,0.03,0.02421,0.00717,17.922821,3486.5,0.36327433628318584,0.009349559060936414
193,1-8-1620,07 59 40.66,-60 59 34.50,,20.48,17.53,14.91,7,4.3,,41.7,,-1.98,,123,,0.34,0.27,-4.64,0,1,0.368,0.089,0.01701,0.0105,19.118206,,,0.009349559060936414
194,1-8-1621,07 59 40.92,-61 01 26.57,,18.42,15.86,13.73,21,20.71,<,8.0,*,-1.37,,61,,0.02,-0.04,-5.91,0,1,0.41,0.024,0.02077,0.00551,17.294195,3532.6,0.4028571428571428,0.009349559060936414
195,1-8-1630,07 59 41.26,-61 02 06.19,,20.28,17.37,14.98,9,36.86,<,8.0,*,-1.93,,116,,0.09,-0.06,-5.22,0,1,0.199,0.03,0.00493,0.00196,18.959612,3192.5,0.17,0.009349559060936414
196,1-8-175,07 58 52.73,-61 02 02.10,4.073,18.49,16.06,13.77,23,1.45,,10.1,,-1.46,0.016,67,-1.22,0.56,0.6,-4.38,1,1,0.509,0.026,0.03524,0.00948,17.41297,,,0.009349559060936414
197,1-8-1946,07 59 52.47,-61 02 00.90,8.198,16.93,15.1,13.15,27,0.52,<,8.0,,-1.14,0.013,47,-0.76,0.32,0.37,-4.58,1,1,0.588,0.022,0.07078,0.01651,16.280842,4094.0,0.7,0.009349559060936414
198,1-8-1964,07 59 54.16,-61 06 17.70,0.482,20.39,17.42,14.89,8,0.14,,30.3,,-1.94,0.017,117,-2.39,0.26,0.37,-4.76,1,1,0.331,0.05,0.01257,0.00552,19.015766,,,0.009349559060936414
199,1-8-1974,07 59 53.64,-61 00 41.70,0.63,19.49,16.81,14.49,10,0.92,,31.9,,-1.74,0.015,93,-2.17,0.36,0.32,-4.59,1,1,0.389,0.036,0.01794,0.00601,18.305084,3364.2,0.2670129870129869,0.009349559060936414
200,1-8-2018,07 59 55.83,-61 02 49.90,6.488,17.4,15.39,13.49,24,0.45,<,8.0,,-1.22,0.006,51,-0.9,0.23,0.31,-4.76,1,1,0.523,0.023,0.04919,0.01185,16.616142,3884.6,0.5693617021276596,0.009349559060936414
201,1-8-2316,08 00 07.45,-60 59 51.12,,20.34,17.55,15.13,6,18.09,<,8.0,*,-2.01,,128,,-0.01,-0.16,,0,1,0.291,0.057,0.01053,0.0053,19.077034,,,0.009349559060936414
202,1-8-2812,08 00 24.25,-61 00 15.74,,17.01,15.01,13.02,20,24.32,<,8.0,*,-1.06,,43,,0.06,0.06,-5.33,0,1,0.57,0.022,0.05717,0.01355,16.247995,,,0.009349559060936414
203,1-8-310,07 58 57.72,-61 06 21.85,,16.71,14.82,13.48,36,349.24,<,8.0,*,-1.01,,40,,0.01,-0.04,-6.15,0,1,,,,,15.705791,,,0.009349559060936414
204,1-8-3126,08 00 37.02,-61 03 07.77,,17.02,14.87,12.79,19,0.31,,13.1,,-1.0,,40,,0.57,0.57,-4.37,0,1,,,,,16.551361,,,0.009349559060936414
205,1-8-3156,08 00 38.67,-61 06 24.51,,18.87,16.29,14.1,11,0.46,,9.9,,-1.54,,74,,0.47,0.49,-4.47,0,1,0.448,0.03,0.02503,0.00734,17.726019,3536.4,0.4052173913043479,0.009349559060936414
206,1-8-355,07 58 58.97,-61 06 10.26,,16.66,14.79,13.76,33,23.51,<,8.0,*,-1.0,,40,,-0.05,-0.05,,0,1,0.99,,3.47468,,15.624817,5252.5,0.9119834710743802,0.009349559060936414
207,1-8-3644,08 00 44.50,-60 58 16.19,,15.8,14.05,12.35,41,0.05,<,8.0,,-0.74,,29,,0.48,0.58,-4.4,0,1,,,,,15.980682,,,0.009349559060936414
208,1-8-3730,08 00 59.16,-61 06 24.30,0.36,17.82,15.43,13.38,19,3.6,,62.0,,-1.21,0.014,51,-2.15,0.47,0.55,-4.46,1,1,0.546,0.024,0.04213,0.01094,16.786215,3669.9,0.488136645962733,0.009349559060936414
209,1-8-39,07 58 48.77,-60 58 50.50,,19.08,16.52,14.38,15,1.43,<,8.0,,-1.63,,83,,0.05,-0.02,-5.42,0,1,0.225,0.023,0.00747,0.00221,17.957453,3418.4,0.3030088495575222,0.009349559060936414
210,1-8-421,07 59 00.77,-61 01 13.29,,20.52,17.64,15.36,7,1.41,,32.1,,-2.04,,131,,0.18,0.31,-4.91,0,1,0.21,0.038,0.00723,0.00328,19.212463,,,0.009349559060936414
211,1-8-441,07 59 01.32,-61 02 09.70,,19.13,16.56,14.44,17,5.69,<,8.0,*,-1.65,,84,,0.05,-0.04,-5.43,0,1,0.332,0.028,0.01369,0.00417,18.024174,3491.6,0.36778761061946896,0.009349559060936414
212,1-8-475,07 59 03.06,-61 06 24.40,5.065,17.89,15.69,13.51,24,0.17,<,8.0,,-1.33,0.011,58,-1.06,0.48,0.51,-4.44,1,1,0.535,0.024,0.04373,0.0111,17.068651,3652.1,0.4770807453416149,0.009349559060936414
213,1-8-555,07 59 05.79,-61 01 51.97,,20.82,17.92,15.29,6,33.2,<,8.0,*,-2.15,,149,,0.25,-0.02,-4.78,0,1,,,,,19.500927,,,0.009349559060936414
214,1-8-587,07 59 07.15,-61 05 03.90,0.505,17.67,15.51,13.5,29,2.13,,26.5,*,-1.26,0.015,54,-2.03,0.41,0.66,-4.51,1,1,0.529,0.022,0.04344,0.0107,16.861866,3765.1,0.5269858156028369,0.009349559060936414
215,1-8-617,07 59 07.49,-61 00 30.20,,17.85,15.69,13.24,23,4.95,<,8.0,*,-1.33,,58,,0.15,0.13,-4.95,0,1,,,,,16.981873,4680.9,1.3,0.009349559060936414
216,1-8-688,07 59 10.34,-61 02 55.70,5.229,17.03,15.1,13.2,35,0.03,<,8.0,,-1.11,0.004,45,-0.94,0.32,0.32,-4.61,1,1,0.598,0.022,0.07213,0.0169,16.307697,4198.8,0.8,0.009349559060936414
217,1-8-770,07 59 13.31,-61 05 47.84,,16.57,14.7,13.99,40,71.17,<,8.0,*,-0.97,,38,,0.04,0.02,-5.55,0,1,1.27,,2.0691,,15.414183,6079.9,1.4,0.009349559060936414
218,1-8-862,07 59 15.57,-60 59 17.30,1.545,20.04,17.18,15.02,10,0.61,,21.4,,-1.86,0.041,107,-1.84,0.28,0.33,-4.73,2,1,0.326,0.045,0.01142,0.00473,18.686289,3529.2,0.4007453416149067,0.009349559060936414
219,1-8-946,07 59 19.29,-61 02 51.90,1.142,20.03,17.18,14.71,11,0.41,,19.0,,-1.86,0.015,107,-1.97,0.29,0.25,-4.71,1,1,0.337,0.04,0.01406,0.00533,18.738941,3435.4,0.3180530973451328,0.009349559060936414
220,2-1-1063,07 59 21.09,-60 50 52.74,,19.32,16.33,13.84,19,0.23,,30.2,,-1.5,,71,,0.43,0.49,-4.55,0,1,,,,,18.200142,,,0.009349559060936414
221,2-1-1237,07 59 26.93,-60 56 00.49,,19.26,16.6,14.42,15,0.29,,9.6,,-1.66,,85,,0.2,0.24,-4.85,0,1,0.357,0.032,0.01613,0.00512,18.159517,3521.7,0.3944247787610618,0.009349559060936414
222,2-1-1265,07 59 27.46,-60 51 39.10,0.586,20.5,17.57,15.23,7,0.21,,28.1,,-2.0,0.015,126,-2.33,0.21,0.41,-4.86,1,1,0.232,0.038,0.00789,0.00339,19.192251,,,0.009349559060936414
223,2-1-144,07 58 53.58,-60 54 24.20,1.603,16.76,14.72,12.67,44,0.8,,42.3,,-0.95,0.023,37,-1.37,0.57,0.69,-4.36,1,2,0.657,0.021,0.07709,0.01823,16.004044,3852.3,0.5579078014184398,0.009349559060936414
224,2-1-1776,07 59 44.71,-60 58 30.30,2.716,17.8,15.58,13.54,26,0.87,<,8.0,,-1.28,0.024,55,-1.31,0.55,0.59,-4.38,1,1,0.527,0.024,0.04582,0.01156,16.84805,3597.9,0.44341614906832305,0.009349559060936414
225,2-1-1843,07 59 46.58,-60 51 21.30,1.647,18.81,16.24,14.02,15,1.01,,9.9,,-1.52,0.009,72,-1.64,0.38,0.39,-4.56,1,1,0.436,0.028,0.02419,0.00691,17.665014,3556.7,0.4178260869565216,0.009349559060936414
226,2-1-2066,07 59 56.29,-60 57 27.62,,19.64,16.85,14.65,11,29.4,<,8.0,*,-1.74,,93,,0.08,-0.06,-5.23,0,1,0.24,0.028,0.00721,0.00244,18.39003,3319.0,0.23766233766233766,0.009349559060936414
227,2-1-2166,07 59 59.62,-60 51 47.50,0.321,20.8,17.77,15.72,5,7.07,,45.5,,-2.07,0.016,137,-2.63,0.11,0.3,-5.16,1,1,,,,,19.405663,,,0.009349559060936414
228,2-1-2213,08 00 01.44,-60 55 17.70,1.025,19.95,17.1,14.77,7,1.44,<,8.0,,-1.83,0.017,103,-2.0,0.21,0.46,-4.84,1,1,0.328,0.04,0.01284,0.00484,18.729174,3264.8,0.2024675324675326,0.009349559060936414
229,2-1-228,07 58 55.49,-60 55 59.60,1.051,17.4,15.31,13.26,27,1.52,,26.6,,-1.18,0.025,49,-1.67,0.93,1.03,-4.15,1,1,0.582,0.022,0.06108,0.01456,16.533504,3973.5,0.600599520383693,0.009349559060936414
230,2-1-2573,08 00 13.25,-60 55 16.48,,20.05,17.01,14.55,9,4.01,,43.3,,-1.76,,96,,0.15,0.28,-5.01,0,1,0.356,0.04,0.01152,0.00439,18.620306,3260.9,0.19995652173913048,0.009349559060936414
231,2-1-2586,08 00 13.07,-60 53 12.90,1.3,16.45,14.53,12.49,33,21.54,,23.1,*,-0.88,0.008,35,-1.43,0.27,0.27,-4.67,1,1,0.61,,0.17444,,15.748789,3947.5,0.6,0.009349559060936414
232,2-1-259,07 58 56.58,-60 52 15.90,0.959,17.51,15.29,13.24,32,0.14,,28.7,,-1.17,0.022,48,-1.7,0.46,0.56,-4.47,1,1,0.441,0.043,0.03018,0.01049,16.763481,,,0.009349559060936414
233,2-1-2681,08 00 15.95,-60 53 29.20,1.904,19.59,16.85,14.62,8,0.09,,19.8,,-1.74,0.01,94,-1.69,0.25,0.32,-4.75,1,1,0.398,0.039,0.01681,0.00598,18.414436,3402.4,0.29181818181818187,0.009349559060936414
234,2-1-2752,08 00 16.98,-60 51 12.45,,19.68,17.06,14.87,6,38.1,<,8.0,*,-1.84,,105,,0.17,-0.16,-4.91,0,1,0.61,0.078,0.0516,0.02626,18.642193,3434.1,0.31690265486725655,0.009349559060936414
235,2-1-304,07 58 58.18,-60 56 32.90,7.835,16.57,14.9,13.06,37,0.01,<,8.0,,-1.07,0.008,43,-0.74,0.29,0.41,-4.61,1,1,0.596,0.021,0.08037,0.01806,16.001173,4302.5,0.8,0.009349559060936414
236,2-1-4131,08 01 05.46,-60 53 14.35,,21.01,17.93,15.27,5,4.72,,12.7,*,-2.13,,146,,0.61,0.44,-4.41,0,2,,,,,19.614538,,,0.009349559060936414
237,2-1-4208,08 01 08.39,-60 54 13.20,5.72,18.79,16.3,14.04,21,0.42,<,8.0,,-1.55,0.005,75,-1.12,0.33,0.34,-4.61,1,1,0.455,0.027,0.02689,0.00755,17.727842,3572.7,0.4277639751552794,0.009349559060936414
238,2-1-4379,08 01 15.19,-60 56 11.10,0.267,18.8,16.27,14.03,17,2.0,,57.9,,-1.53,0.007,73,-2.44,0.35,0.48,-4.59,1,1,0.417,0.026,0.02247,0.00626,17.712448,3487.7,0.36433628318584055,0.009349559060936414
239,2-1-641,07 59 08.80,-60 57 02.70,6.575,17.3,15.25,13.27,31,0.47,<,8.0,,-1.16,0.013,48,-0.86,0.36,0.46,-4.57,1,1,0.579,0.022,0.06316,0.01484,16.476284,,,0.009349559060936414
240,2-1-683,07 59 09.59,-60 50 51.50,0.761,17.57,15.36,13.35,30,0.71,,28.1,,-1.19,0.031,50,-1.82,0.52,0.57,-4.41,1,1,0.56,0.022,0.05491,0.01326,16.642092,,,0.009349559060936414
241,2-1-833,07 59 14.87,-60 57 31.43,,17.75,15.54,13.46,24,1.72,<,8.0,*,-1.27,,54,,0.18,0.17,-4.88,0,1,0.562,0.026,0.05027,0.01333,16.853773,,,0.009349559060936414
242,2-1-912,07 59 17.09,-60 54 12.50,0.481,20.51,17.48,15.01,8,3.86,,44.2,,-1.95,0.032,119,-2.39,0.36,0.31,-4.64,1,1,0.317,0.046,0.01222,0.00522,19.087498,,,0.009349559060936414
243,2-1-943,07 59 18.48,-60 55 06.11,,17.98,15.62,13.5,26,21.12,,11.7,*,-1.29,,55,,0.03,0.0,-5.67,0,1,0.574,0.023,0.04745,0.01213,17.013918,3743.8,0.5194326241134752,0.009349559060936414
244,2-2-1247,07 59 36.56,-60 47 23.31,,18.33,15.97,,15,1.61,,8.0,,-1.43,,65,,0.37,0.39,-4.56,0,1,0.55,,0.03794,,17.417372,,,0.009349559060936414
245,2-2-1299,07 59 39.16,-60 50 15.39,,20.97,17.94,15.52,5,1.24,<,8.0,,-2.14,,148,,0.21,0.31,-4.87,0,1,,,,,19.528244,,,0.009349559060936414
246,2-2-1311,07 59 39.14,-60 45 37.30,0.367,18.66,16.08,13.83,9,7.24,,44.1,,-1.45,0.024,67,-2.26,0.43,0.45,-4.51,1,1,0.505,0.028,0.02902,0.00832,17.579916,3473.4,0.35168141592920366,0.009349559060936414
247,2-2-1402,07 59 42.35,-60 50 27.86,,16.17,14.6,12.89,41,1.61,<,8.0,*,-0.94,,37,,0.27,0.33,-4.67,0,1,0.66,,0.11892,,15.711231,4246.7,0.8,0.009349559060936414
248,2-2-169,07 58 56.42,-60 47 22.80,0.452,17.11,15.2,13.13,18,3.1,,55.3,,-1.16,0.024,48,-2.02,0.53,0.56,-4.38,1,1,0.585,0.022,0.06717,0.01582,16.446419,3643.9,0.47198757763975163,0.009349559060936414
249,2-2-19,07 58 50.90,-60 48 36.04,,20.15,17.29,,7,1.19,,21.3,,-1.9,,112,,0.36,0.25,-4.61,0,1,,,,,18.741581,3283.3,0.2144805194805196,0.009349559060936414
250,2-2-1907,08 00 02.42,-60 48 44.73,,19.35,16.69,14.51,10,2.2,,21.0,,-1.69,,88,,0.29,0.37,-4.68,0,1,0.409,0.034,0.02089,0.00675,18.181295,3307.9,0.23045454545454552,0.009349559060936414
251,2-2-2153,08 00 11.63,-60 48 32.40,6.784,17.0,15.05,13.08,20,1.94,<,8.0,*,-1.08,0.015,44,-0.81,0.37,0.48,-4.55,1,1,0.59,0.021,0.07048,0.01628,16.266953,,,0.009349559060936414
252,2-2-2387,08 00 18.18,-60 48 17.20,2.247,18.37,15.98,13.88,11,0.09,,9.6,,-1.43,0.009,65,-1.46,0.48,0.5,-4.45,1,1,0.468,0.025,0.03096,0.00819,17.347458,3687.6,0.49913043478260866,0.009349559060936414
253,2-2-3180,08 00 42.27,-60 46 50.69,,18.66,16.27,14.2,15,13.37,<,8.0,*,-1.54,,74,,-0.02,0.02,,0,1,0.416,0.028,0.02426,0.00683,17.657904,3589.7,0.43832298136645953,0.009349559060936414
254,2-2-3311,08 00 47.43,-60 46 21.43,,20.51,17.6,15.12,9,0.93,,55.4,,-2.02,,128,,0.16,0.48,-4.96,0,1,0.294,0.048,0.01074,0.00482,19.162994,,,0.009349559060936414
255,2-2-3336,08 00 48.53,-60 48 12.13,,21.26,18.17,15.42,6,1.93,,13.8,,-2.22,,162,,0.21,0.31,-4.88,0,1,,,,,19.811493,,,0.009349559060936414
256,2-2-3494,08 00 52.80,-60 49 09.26,,15.64,14.27,12.45,57,7.38,<,8.0,*,-0.8,,31,,0.05,0.11,-5.38,0,1,0.636,0.021,0.10019,0.02198,15.36471,4391.9,0.7008986175115206,0.009349559060936414
257,2-2-3759,08 01 03.29,-60 48 15.96,,20.3,17.29,14.75,12,2.3,,40.4,,-1.88,,110,,0.4,0.4,-4.58,0,1,,,,,19.129652,,,0.009349559060936414
258,2-2-3845,08 01 04.95,-60 41 55.99,,19.48,16.92,14.64,10,2.6,<,8.0,*,-1.79,,99,,0.03,-0.01,-5.61,0,1,0.495,0.042,0.03031,0.01054,18.34596,3542.3,0.4088819875776399,0.009349559060936414
259,2-2-3933,08 01 07.66,-60 43 35.20,8.677,17.95,15.78,13.62,27,70.99,<,8.0,*,-1.36,0.016,60,-0.84,0.69,0.4,-4.28,1,1,0.59,,0.13979,,17.061172,4017.8,0.6112230215827338,0.009349559060936414
260,2-2-4051,08 01 12.71,-60 48 25.30,10.033,18.08,15.79,13.64,27,1.09,<,8.0,,-1.36,0.018,60,-0.78,0.56,0.59,-4.38,1,1,0.523,0.024,0.03987,0.01027,17.151806,3764.2,0.5266666666666666,0.009349559060936414
261,2-2-464,07 59 06.93,-60 46 50.78,,16.29,14.8,13.19,32,33.03,<,8.0,*,-1.02,,41,,0.14,0.16,-4.94,0,1,0.71,,0.34337,,15.817502,4372.4,0.9,0.009349559060936414
262,2-2-511,07 59 09.08,-60 47 57.00,0.392,19.56,16.64,14.3,10,1.15,,40.3,,-1.63,0.041,83,-2.32,0.42,0.16,-4.55,1,1,0.44,0.036,0.02152,0.00719,18.24327,3320.4,0.23857142857142863,0.009349559060936414
263,2-2-745,07 59 17.98,-60 45 18.82,,17.62,15.3,13.09,21,0.12,,14.8,,-1.16,,48,,0.46,0.52,-4.47,0,1,0.593,0.024,0.05242,0.01361,16.689053,3614.9,0.45397515527950316,0.009349559060936414
264,2-2-90,07 58 54.31,-60 50 05.75,,19.05,16.44,14.22,14,53.42,<,8.0,*,-1.6,,79,,0.06,-0.02,-5.37,0,1,0.304,0.025,0.01505,0.00423,17.857592,3427.5,0.3110619469026549,0.009349559060936414
265,2-3-1157,07 59 36.36,-60 33 04.90,3.402,17.79,15.5,13.36,33,1.0,,12.0,,-1.24,0.02,53,-1.19,0.53,0.54,-4.41,1,2,0.554,0.042,0.04779,0.01612,16.921043,3741.8,0.5187234042553193,0.009349559060936414
266,2-3-1199,07 59 37.51,-60 32 45.57,,18.61,16.14,,19,0.53,,34.8,,-1.48,,70,,0.51,0.49,-4.42,0,1,0.56,,0.02978,,17.577223,3474.5,0.3526548672566372,0.009349559060936414
267,2-3-1361,07 59 44.31,-60 32 19.72,,18.13,15.65,13.41,28,2.26,,41.1,,-1.29,,56,,0.63,0.65,-4.34,0,2,0.525,0.024,0.0373,0.00975,17.048992,3543.7,0.40975155279503095,0.009349559060936414
268,2-3-1480,07 59 48.60,-60 33 33.71,,18.27,16.02,13.8,22,8.33,<,8.0,*,-1.45,,67,,0.1,0.08,-5.15,0,1,0.604,0.026,0.0629,0.01662,17.342724,3727.4,0.5136170212765958,0.009349559060936414
269,2-3-1757,07 59 55.85,-60 37 45.71,,19.7,16.72,14.12,10,0.15,,43.3,,-1.66,,85,,0.26,0.28,-4.76,0,1,,,,,18.296272,3359.7,0.264090909090909,0.009349559060936414
270,2-3-1984,07 59 55.72,-60 33 47.15,,20.22,17.19,14.64,10,1.26,,24.5,,-1.84,,104,,0.23,0.16,-4.83,0,1,,,,,19.010878,,,0.009349559060936414
271,2-3-2156,08 00 06.39,-60 38 21.46,,19.24,16.64,14.37,9,33.29,,21.6,*,-1.68,,87,,0.04,0.05,-5.52,0,1,0.444,0.032,0.02663,0.00805,18.130524,3517.8,0.39097345132743383,0.009349559060936414
272,2-3-2191,08 00 07.19,-60 33 38.48,,19.78,17.03,14.49,14,17.87,,9.3,*,-1.81,,102,,0.02,-0.07,-5.85,0,1,0.31,0.031,0.01568,0.00509,18.556461,3336.4,0.24896103896103902,0.009349559060936414
273,2-3-2256,08 00 09.22,-60 39 30.45,,17.6,15.03,12.84,17,9.51,<,8.0,*,-1.03,,41,,0.1,-0.01,-5.12,0,1,0.507,0.021,0.0307,0.00771,16.485493,3507.3,0.38168141592920374,0.009349559060936414
274,2-3-2921,08 00 37.60,-60 36 22.76,,15.49,14.07,12.59,30,0.71,<,8.0,,-0.72,,29,,0.32,0.38,-4.6,0,1,,,,,15.714796,,,0.009349559060936414
275,2-3-2979,08 00 40.83,-60 39 47.18,,18.24,15.5,13.25,7,16.75,,20.8,*,-1.2,,50,,0.19,-0.02,-4.88,0,1,0.235,0.02,0.00746,0.00191,17.0108,3358.6,0.2633766233766233,0.009349559060936414
276,2-3-3015,08 00 42.32,-60 36 56.30,1.392,20.31,17.38,15.06,6,0.85,,18.8,,-1.93,0.023,116,-1.92,0.34,0.34,-4.64,1,1,0.257,0.036,0.0079,0.00315,18.925228,3238.7,0.19030434782608688,0.009349559060936414
277,2-3-3402,08 00 57.82,-60 33 33.00,3.168,17.3,15.09,12.91,30,0.33,,9.4,,-1.08,0.013,44,-1.14,0.41,0.46,-4.51,1,1,0.41,0.039,0.02622,0.0087,16.529463,,,0.009349559060936414
278,2-3-3475,08 01 00.97,-60 34 20.60,0.713,20.12,17.06,14.64,8,0.07,,27.9,,-1.78,0.015,98,-2.14,0.24,0.33,-4.82,1,1,0.289,0.04,0.0083,0.00344,18.687263,3243.7,0.19247826086956515,0.009349559060936414
279,2-3-3537,08 01 04.02,-60 35 22.40,6.364,17.77,15.58,13.54,14,0.86,<,8.0,,-1.28,0.015,55,-0.94,0.44,0.57,-4.48,1,1,0.531,0.023,0.04442,0.01103,16.933632,3498.3,0.3737168141592922,0.009349559060936414
280,2-3-3611,08 01 07.20,-60 35 46.63,,18.66,16.15,14.08,10,1.54,,30.0,,-1.49,,70,,0.51,0.5,-4.43,0,1,0.44,0.026,0.02482,0.00684,17.554583,3583.1,0.434223602484472,0.009349559060936414
281,2-3-415,07 59 08.61,-60 32 59.74,,18.0,15.7,13.72,12,1.34,<,8.0,,-1.32,,58,,0.51,0.53,-4.42,0,1,0.489,0.023,0.03795,0.00943,17.05174,3658.0,0.48074534161490684,0.009349559060936414
282,2-3-851,07 59 25.70,-60 35 00.08,,19.73,17.05,14.77,8,0.03,,18.8,,-1.83,,104,,0.2,0.27,-4.84,0,1,,,,,18.596424,,,0.009349559060936414
283,2-3-933,07 59 29.02,-60 39 41.70,0.332,17.47,15.35,13.33,9,1.63,,67.5,,-1.2,0.017,50,-2.18,0.15,0.69,-4.96,1,1,0.557,0.022,0.05403,0.01306,16.659004,,,0.009349559060936414
284,2-4-1242,07 59 34.86,-60 30 09.00,3.345,19.09,16.4,14.1,15,20.47,,9.8,*,-1.57,0.017,77,-1.36,0.23,0.23,-4.79,1,1,0.346,0.026,0.01544,0.00438,17.927916,3376.9,0.2752597402597403,0.009349559060936414
285,2-4-1691,07 59 48.19,-60 30 03.49,,18.74,16.31,14.08,19,25.47,<,8.0,*,-1.56,,75,,-0.01,-0.03,,0,1,,,,,17.8201,,,0.009349559060936414
286,2-4-1867,07 59 52.01,-60 29 13.44,,17.75,15.38,13.11,35,0.54,,55.8,,-1.19,,50,,0.48,0.65,-4.45,0,2,0.611,0.022,0.05272,0.01333,16.80704,3621.7,0.45819875776397506,0.009349559060936414
287,2-4-1870,07 59 53.99,-60 29 16.88,,19.15,16.54,14.38,13,1.98,,17.4,,-1.64,,83,,0.39,0.36,-4.55,0,1,0.399,0.031,0.02078,0.00636,18.025585,,,0.009349559060936414
288,2-4-1973,07 59 58.37,-60 24 17.18,,15.88,14.52,12.47,22,0.42,,63.8,,-0.89,,35,,0.51,0.73,-4.41,0,1,0.64,,0.1463,,15.541375,4728.9,0.7785483870967741,0.009349559060936414
289,2-4-2028,07 59 50.36,-60 31 47.51,,16.45,14.29,12.61,71,61.66,,20.5,*,-0.77,,31,,0.02,-0.01,-5.87,0,1,1.07,,5.33196,,14.325419,5690.2,1.0362576687116565,0.009349559060936414
290,2-4-2110,08 00 02.13,-60 30 30.90,1.159,18.64,16.31,14.13,22,0.65,,20.8,,-1.56,0.012,76,-1.82,0.51,0.6,-4.42,1,1,0.436,0.026,0.02624,0.00715,17.728079,3523.1,0.39566371681415924,0.009349559060936414
291,2-4-2259,08 00 07.40,-60 31 17.29,,20.99,17.92,15.53,7,13.78,<,8.0,*,-2.12,,145,,0.21,0.13,-4.87,0,1,,,,,19.523344,,,0.009349559060936414
292,2-4-2314,08 00 09.16,-60 28 16.10,4.292,19.99,17.2,14.95,10,0.29,,8.1,,-1.88,0.01,109,-1.4,0.05,0.17,-5.47,1,1,0.312,0.037,0.01216,0.00448,18.731728,3309.6,0.23155844155844152,0.009349559060936414
293,2-4-2408,08 00 11.82,-60 25 05.40,5.656,18.55,16.07,13.88,11,1.69,,8.6,,-1.46,0.014,67,-1.08,0.56,0.6,-4.39,1,1,0.483,0.025,0.03204,0.00843,17.37992,3661.8,0.48310559006211196,0.009349559060936414
294,2-4-2573,08 00 17.40,-60 31 32.29,,20.84,17.8,15.23,8,0.32,,21.7,,-2.08,,138,,0.29,0.14,-4.72,0,1,,,,,19.42272,,,0.009349559060936414
295,2-4-2908,08 00 27.65,-60 24 49.62,,19.72,16.79,14.23,7,0.29,,17.6,,-1.69,,88,,0.29,0.26,-4.71,0,1,0.414,0.03,0.01723,0.00535,18.333454,3410.7,0.2972077922077921,0.009349559060936414
296,2-4-3227,08 00 38.32,-60 30 47.45,,20.41,17.62,15.46,7,0.34,<,8.0,,-2.04,,132,,0.09,-0.15,-5.23,0,1,,,,,19.156424,,,0.009349559060936414
297,2-4-3516,08 00 34.92,-60 31 27.38,,16.77,14.86,13.12,45,219.34,<,8.0,*,-1.02,,41,,0.15,0.0,-4.94,0,1,,,,,15.861231,4934.3,0.8290180878552973,0.009349559060936414
298,2-4-3615,08 00 51.72,-60 31 44.05,,19.9,17.24,14.82,9,38.81,<,8.0,*,-1.91,,113,,-0.02,-0.09,,0,1,0.324,0.037,0.01339,0.00487,18.735657,3367.4,0.26909090909090916,0.009349559060936414
299,2-4-4035,08 01 04.82,-60 29 18.11,,19.33,16.62,14.45,9,1.45,,8.9,,-1.66,,85,,0.35,0.29,-4.61,0,1,0.371,0.032,0.01745,0.00553,18.112701,3396.2,0.28779220779220765,0.009349559060936414
300,2-4-818,07 59 21.50,-60 27 52.97,,18.06,15.74,13.6,12,38.63,<,8.0,*,-1.34,,59,,0.03,0.02,-5.61,0,1,0.631,0.025,0.06063,0.01609,17.104654,3722.1,0.5117375886524822,0.009349559060936414
301,2-5-107,08 01 22.88,-60 53 05.67,,16.64,14.8,12.97,45,0.51,<,8.0,,-1.01,,40,,0.31,0.39,-4.6,0,1,0.65,,0.10422,,15.881578,4374.4,0.9,0.009349559060936414
302,2-5-1074,08 01 47.18,-60 57 54.50,0.864,19.17,16.55,14.28,15,0.41,,23.3,,-1.64,0.008,83,-1.98,0.28,0.42,-4.69,1,1,0.448,0.035,0.02463,0.00794,18.039629,3383.2,0.27935064935064924,0.009349559060936414
303,2-5-1173,08 01 58.69,-60 50 49.05,,16.49,14.78,13.99,45,19.73,<,8.0,*,-1.02,,41,,-0.02,-0.01,,0,1,1.12,,1.77029,,15.490098,5895.1,1.0991104294478529,0.009349559060936414
304,2-5-1251,08 01 55.47,-60 52 13.20,,21.17,17.85,14.11,8,2.12,,25.9,,-2.06,,135,,0.34,0.22,-4.69,0,1,,,,,19.60535,,,0.009349559060936414
305,2-5-1285,08 02 01.24,-60 55 11.98,,21.01,17.98,15.62,5,3.23,,26.0,,-2.15,,150,,0.19,0.18,-4.9,0,1,,,,,19.592402,,,0.009349559060936414
306,2-5-1321,08 02 01.92,-60 58 50.27,,15.59,14.1,12.01,50,14.46,<,8.0,*,-0.74,,29,,0.5,0.55,-4.4,0,1,0.622,0.021,0.06668,0.01562,15.3918,,,0.009349559060936414
307,2-5-1498,08 02 07.82,-60 59 19.81,,20.29,17.55,15.24,6,13.32,<,8.0,*,-2.02,,129,,0.04,0.07,-5.54,0,1,,,,,19.83649,,,0.009349559060936414
308,2-5-1527,08 02 08.72,-60 55 45.35,,18.22,15.76,13.59,24,12.05,,8.6,*,-1.33,,59,,0.05,0.03,-5.46,0,1,0.489,0.024,0.03248,0.0085,17.209648,3652.5,0.47732919254658385,0.009349559060936414
309,2-5-162,08 01 24.78,-60 53 13.67,,17.61,15.12,12.28,39,6.04,<,8.0,*,-1.08,,44,,0.03,-0.02,-5.64,0,2,,,,,16.632614,,,0.009349559060936414
310,2-5-1637,08 02 12.20,-60 55 26.14,,16.45,14.7,12.8,41,0.91,<,8.0,,-0.99,,40,,0.28,0.27,-4.63,0,1,0.641,0.024,0.09854,0.02377,15.855885,4227.0,0.7,0.009349559060936414
311,2-5-1670,08 02 13.46,-60 54 40.18,,19.22,16.6,14.41,17,17.97,<,8.0,*,-1.66,,85,,-0.01,-0.02,,0,1,0.413,0.033,0.02085,0.00654,18.113428,3460.0,0.3398230088495575,0.009349559060936414
312,2-5-1750,08 02 15.48,-60 51 21.81,,16.67,14.91,13.1,42,7.98,<,8.0,*,-1.08,,43,,0.02,0.04,-5.87,0,1,0.613,0.021,0.08281,0.01887,16.083632,4240.1,0.8,0.009349559060936414
313,2-5-2067,08 02 25.76,-60 54 45.20,0.488,19.73,16.51,13.8,20,17.68,,35.4,*,-1.54,0.043,74,-2.18,0.55,0.54,-4.46,1,1,0.27,0.023,0.00668,0.00199,18.15437,3111.2,0.14422784810126577,0.009349559060936414
314,2-5-2268,08 02 32.23,-60 57 52.80,1.143,19.69,16.92,14.59,9,1.56,,21.5,,-1.77,0.019,96,-1.93,0.43,0.34,-4.52,1,1,0.375,0.039,0.01566,0.00567,18.430958,3366.8,0.26870129870129883,0.009349559060936414
315,2-5-2422,08 02 37.27,-60 51 14.81,,18.04,15.9,14.81,24,7.11,<,8.0,*,-1.41,,64,,-0.06,-0.04,,0,1,1.03,,1.10693,,16.752438,5261.0,0.9143250688705234,0.009349559060936414
316,2-5-2476,08 02 38.97,-60 57 23.00,1.262,18.88,16.19,13.9,16,0.08,,19.5,,-1.48,0.008,70,-1.74,0.3,0.42,-4.67,1,1,0.389,0.056,0.01721,0.00753,17.846678,,,0.009349559060936414
317,2-5-2556,08 02 42.28,-60 54 14.91,,19.65,17.04,15.04,12,46.7,<,8.0,*,-1.84,,104,,-0.03,-0.08,,0,1,0.485,0.055,0.0281,0.01142,18.540485,3466.1,0.345221238938053,0.009349559060936414
318,2-5-2581,08 02 43.17,-60 53 05.10,0.359,18.85,16.08,13.79,20,0.32,,23.5,,-1.43,0.006,65,-2.26,0.27,0.26,-4.73,1,1,,,,,18.243195,,,0.009349559060936414
319,2-5-2742,08 02 48.75,-60 52 00.90,,18.17,15.86,13.8,23,0.0,<,8.0,,-1.39,,62,,0.44,0.47,-4.48,0,1,0.505,0.024,0.0364,0.00943,17.232147,3651.0,0.4763975155279503,0.009349559060936414
320,2-5-2906,08 02 56.33,-60 50 50.93,,19.49,16.94,14.81,11,14.75,<,8.0,*,-1.8,,100,,0.03,0.07,-5.65,0,1,0.487,0.046,0.02753,0.01016,18.44088,3466.9,0.3459292035398231,0.009349559060936414
321,2-5-2945,08 02 56.42,-60 58 44.80,1.011,20.01,17.14,15.13,7,4.37,,10.5,*,-1.84,0.025,105,-2.01,0.33,0.28,-4.64,1,1,0.267,0.035,0.00946,0.00355,18.693464,,,0.009349559060936414
322,2-5-358,08 01 30.70,-60 51 00.90,1.675,18.86,16.35,14.3,20,0.35,,14.5,,-1.56,0.007,76,-1.66,0.47,0.57,-4.47,1,1,0.406,0.029,0.02055,0.00604,17.84406,3466.4,0.3454867256637169,0.009349559060936414
323,2-5-4520,08 03 47.57,-60 51 50.20,0.528,20.6,17.59,15.32,6,0.17,,32.9,,-2.0,0.013,125,-2.38,0.46,0.54,-4.53,1,1,0.235,0.043,0.00683,0.00329,19.186283,,,0.009349559060936414
324,2-5-494,08 01 35.30,-60 53 42.20,,19.24,16.67,14.37,16,0.77,<,8.0,,-1.69,,88,,0.24,0.19,-4.76,0,1,0.429,0.039,0.02203,0.00754,18.164629,3512.2,0.38601769911504413,0.009349559060936414
325,2-5-949,08 01 51.78,-60 56 30.55,,18.58,16.17,14.03,20,16.76,<,8.0,*,-1.5,,71,,0.07,-0.03,-5.29,0,1,0.512,0.028,0.03545,0.00999,17.58726,3571.2,0.42683229813664586,0.009349559060936414
326,2-6-1094,08 01 55.82,-60 42 55.80,2.355,17.26,15.22,13.19,41,0.06,<,8.0,,-1.15,0.021,47,-1.3,0.58,0.62,-4.36,1,2,0.579,0.022,0.06174,0.01452,16.37158,3832.8,0.5509929078014185,0.009349559060936414
327,2-6-117,08 01 22.49,-60 42 47.63,,16.15,14.17,13.06,66,36.14,<,8.0,*,-0.73,,29,,-0.02,-0.02,,0,1,1.17,,1.89975,,14.599173,5854.3,1.08659509202454,0.009349559060936414
328,2-6-1200,08 01 58.39,-60 42 50.80,4.717,16.66,14.79,12.92,49,1.09,<,8.0,,-1.0,0.01,40,-0.93,0.25,0.32,-4.7,1,1,0.6,0.021,0.0781,0.01783,15.952686,4170.1,0.7,0.009349559060936414
329,2-6-121,08 01 23.27,-60 46 14.50,0.332,17.37,15.09,12.94,41,0.17,,51.7,,-1.08,0.026,44,-2.12,0.6,0.71,-4.35,1,1,0.615,0.021,0.05965,0.01449,16.363691,3756.7,0.5240070921985814,0.009349559060936414
330,2-6-1250,08 01 58.22,-60 43 22.70,4.116,17.62,15.54,13.51,32,0.21,<,8.0,,-1.27,0.03,55,-1.12,0.54,0.58,-4.39,1,1,0.523,0.023,0.04734,0.01158,16.794912,3865.0,0.5624113475177305,0.009349559060936414
331,2-6-136,08 01 24.05,-60 47 23.96,,20.02,17.29,14.91,11,28.45,,8.5,*,-1.92,,115,,0.01,-0.04,-6.45,0,1,0.341,0.038,0.01347,0.0049,18.784906,3361.7,0.2653896103896103,0.009349559060936414
332,2-6-1571,08 02 09.97,-60 42 42.10,8.363,17.26,15.22,13.27,36,1.43,<,8.0,,-1.15,0.017,47,-0.75,0.34,0.42,-4.59,1,1,0.577,0.022,0.06369,0.01495,16.418446,4179.8,0.7,0.009349559060936414
333,2-6-1700,08 02 14.47,-60 45 43.90,0.771,19.58,16.87,14.65,14,0.9,,18.4,,-1.76,0.009,95,-2.09,0.46,0.4,-4.48,1,1,0.317,0.03,0.01211,0.00396,18.376904,3315.4,0.23532467532467538,0.009349559060936414
334,2-6-1739,08 02 15.23,-60 45 27.47,,20.17,17.42,14.75,8,52.55,,54.2,*,-1.97,,121,,0.17,0.24,-4.93,0,1,0.447,0.05,0.02067,0.00823,18.950392,3410.2,0.29688311688311675,0.009349559060936414
335,2-6-1857,08 02 18.74,-60 45 18.59,,17.44,15.4,13.44,35,0.2,<,8.0,,-1.22,,51,,0.18,0.23,-4.85,0,1,0.535,0.022,0.05096,0.01221,16.636372,,,0.009349559060936414
336,2-6-2033,08 02 24.67,-60 42 37.40,3.919,18.58,16.0,13.72,25,2.97,<,8.0,*,-1.42,0.006,65,-1.22,0.21,0.19,-4.81,1,1,,,,,17.735552,,,0.009349559060936414
337,2-6-2207,08 02 30.90,-60 48 44.40,0.715,20.02,17.2,14.71,12,0.62,,34.4,,-1.87,0.029,108,-2.18,0.35,0.37,-4.62,1,1,0.342,0.037,0.01216,0.00446,18.762026,3275.8,0.20961038961038975,0.009349559060936414
338,2-6-2346,08 02 34.70,-60 46 04.70,10.988,18.26,15.69,13.43,32,0.29,,18.5,,-1.3,0.027,56,-0.71,0.42,0.46,-4.51,1,2,0.54,0.023,0.03455,0.00907,17.160706,3502.2,0.3771681415929202,0.009349559060936414
339,2-6-240,08 01 27.59,-60 41 40.80,8.774,16.64,14.79,12.99,44,0.05,<,8.0,,-1.01,0.022,40,-0.66,0.36,0.44,-4.53,1,1,0.65,,0.11205,,15.868896,4270.3,0.6717745803357315,0.009349559060936414
340,2-6-2407,08 02 36.87,-60 47 26.00,0.363,19.13,16.33,13.88,22,12.02,,53.5,*,-1.52,0.01,73,-2.3,0.37,0.38,-4.59,1,1,0.47,0.027,0.02134,0.00618,17.850954,3437.7,0.32008849557522107,0.009349559060936414
341,2-6-2478,08 02 39.22,-60 46 20.75,,20.44,17.56,14.99,9,2.4,,28.6,,-2.0,,127,,0.38,0.39,-4.59,0,1,0.319,0.049,0.01134,0.00503,19.11549,,,0.009349559060936414
342,2-6-2753,08 02 48.35,-60 47 09.50,10.406,18.25,15.96,13.9,26,1.19,<,8.0,,-1.43,0.013,65,-0.8,0.29,0.33,-4.66,1,1,0.479,0.025,0.03323,0.00865,17.313387,3717.3,0.5100354609929079,0.009349559060936414
343,2-6-2921,08 02 46.18,-60 43 10.74,,16.66,14.77,12.92,48,23.16,<,8.0,*,-0.99,,39,,0.09,0.11,-5.16,0,1,0.593,0.021,0.07377,0.01669,15.93277,4207.4,0.8,0.009349559060936414
344,2-6-3335,08 03 06.00,-60 42 53.80,0.85,19.4,16.57,14.08,18,31.03,,23.6,*,-1.62,0.017,81,-1.98,0.23,0.33,-4.8,1,1,0.263,0.023,0.00826,0.00237,18.099884,,,0.009349559060936414
345,2-6-3567,08 03 12.91,-60 49 03.98,,18.38,15.78,13.53,27,4.38,<,8.0,*,-1.33,,58,,0.06,0.0,-5.38,0,1,0.385,0.023,0.01767,0.00467,17.229372,3483.5,0.3606194690265487,0.009349559060936414
346,2-6-3707,08 03 17.81,-60 49 58.10,3.297,17.08,15.22,13.31,32,0.3,<,8.0,,-1.18,0.01,49,-1.17,0.5,0.57,-4.4,1,1,0.568,0.022,0.06268,0.01471,16.367434,,,0.009349559060936414
347,2-6-4103,08 03 29.88,-60 46 51.40,,19.68,16.52,13.96,12,29.3,,9.8,*,-1.55,,75,,0.08,0.08,-5.29,0,1,0.155,0.021,0.00265,0.00076,18.125656,3180.7,0.16610344827586201,0.009349559060936414
349,2-6-4184,08 03 32.16,-60 44 26.20,1.857,18.99,16.46,14.31,13,0.61,,15.5,,-1.61,0.018,81,-1.64,0.44,0.46,-4.49,1,1,0.425,0.029,0.02264,0.00664,17.875553,3545.2,0.4106832298136645,0.009349559060936414
350,2-6-429,08 01 34.66,-60 41 49.50,1.179,19.22,16.47,13.99,14,1.15,,18.8,,-1.59,0.009,79,-1.82,0.23,0.2,-4.79,1,1,0.467,0.027,0.02183,0.00638,17.992443,3437.5,0.3199115044247788,0.009349559060936414
351,2-6-440,08 01 34.70,-60 43 52.60,2.799,17.34,15.08,12.96,38,0.3,,8.8,,-1.08,0.012,43,-1.19,0.53,0.61,-4.4,1,1,,,,,16.448027,,,0.009349559060936414
352,2-6-4563,08 03 42.78,-60 44 37.70,1.322,19.64,16.96,14.66,6,1.14,<,8.0,,-1.8,0.012,99,-1.88,0.16,0.26,-4.95,1,1,0.307,0.029,0.01126,0.00362,18.444124,3380.2,0.27740259740259726,0.009349559060936414
353,2-6-4584,08 03 43.86,-60 47 47.68,,19.17,16.61,14.49,11,20.89,<,8.0,*,-1.67,,86,,-0.08,0.02,,0,1,0.336,0.029,0.01492,0.00453,18.044027,3467.1,0.34610619469026543,0.009349559060936414
354,2-6-494,08 01 36.39,-60 45 27.80,0.489,16.96,14.96,12.76,39,0.93,,47.8,,-1.04,0.009,42,-1.93,0.76,0.91,-4.24,1,1,0.649,0.021,0.06979,0.01673,16.251757,3794.6,0.5374468085106383,0.009349559060936414
355,2-6-565,08 01 39.71,-60 47 47.22,,17.67,15.59,13.6,31,37.99,<,8.0,*,-1.29,,56,,0.05,0.05,-5.39,0,1,0.538,0.023,0.04849,0.012,16.902098,,,0.009349559060936414
356,2-6-612,08 01 41.24,-60 44 42.70,1.758,18.99,16.44,14.13,20,1.04,,12.1,,-1.6,0.018,80,-1.66,0.4,0.44,-4.53,1,1,0.428,0.026,0.02253,0.0063,17.864054,3504.3,0.3790265486725666,0.009349559060936414
357,2-6-649,08 01 42.37,-60 44 08.80,0.809,20.16,17.39,15.06,10,0.25,,27.3,,-1.95,0.037,119,-2.17,0.16,0.39,-4.96,1,1,0.319,0.044,0.01189,0.00486,18.909794,3306.6,0.22961038961038954,0.009349559060936414
358,2-6-93,08 01 22.13,-60 41 38.40,,16.24,14.29,13.29,54,28.98,<,8.0,*,-0.78,,31,,-0.04,-0.04,,0,1,1.2,,5.57108,,14.790993,6039.7,1.1504270462633452,0.009349559060936414
359,2-7-154,08 01 24.96,-60 40 35.03,,20.61,17.67,15.1,8,3.66,,22.7,,-2.04,,132,,0.36,0.23,-4.62,0,1,0.315,0.054,0.01213,0.00579,19.254822,,,0.009349559060936414
360,2-7-1803,08 02 18.19,-60 36 50.18,,20.62,17.59,15.04,8,0.33,,34.0,,-1.99,,125,,0.4,0.42,-4.59,0,1,0.306,0.055,0.00952,0.00468,19.160944,,,0.009349559060936414
361,2-7-2171,08 02 29.60,-60 40 56.78,,21.08,17.91,15.27,7,1.7,,38.7,,-2.11,,143,,0.19,0.29,-4.93,0,1,,,,,19.738533,,,0.009349559060936414
362,2-7-2350,08 02 35.08,-60 37 11.30,0.564,19.98,17.2,14.68,9,0.44,,25.4,,-1.88,0.014,109,-2.29,0.41,0.34,-4.55,1,1,0.367,0.039,0.01499,0.00548,18.722437,3328.2,0.2436363636363635,0.009349559060936414
363,2-7-2354,08 02 35.32,-60 40 19.60,4.971,17.12,15.16,13.3,37,0.06,<,8.0,,-1.13,0.008,46,-0.97,0.33,0.38,-4.6,1,1,0.561,0.022,0.06214,0.01454,16.33318,3606.6,0.4488198757763975,0.009349559060936414
364,2-7-2368,08 02 36.02,-60 37 55.50,0.542,20.49,17.59,15.24,8,1.15,,38.2,,-2.01,0.023,128,-2.37,0.29,0.5,-4.71,1,1,0.247,0.04,0.00757,0.00333,19.120968,,,0.009349559060936414
365,2-7-2526,08 02 40.76,-60 37 36.43,,19.68,16.85,14.5,12,0.33,,26.0,,-1.73,,92,,0.06,0.03,-5.41,0,1,0.427,0.035,0.01684,0.00572,18.390177,3521.8,0.39451327433628336,0.009349559060936414
366,2-7-2687,08 02 46.14,-60 37 15.10,1.516,19.83,17.05,14.72,7,0.07,,12.0,,-1.82,0.024,102,-1.83,0.27,0.24,-4.72,1,1,0.32,0.033,0.01168,0.00402,18.556952,3334.1,0.24746753246753242,0.009349559060936414
367,2-7-28,08 01 20.29,-60 34 02.70,0.664,18.25,15.96,13.74,5,2.49,,32.4,,-1.43,0.02,65,-1.99,0.6,0.63,-4.35,1,1,0.496,0.025,0.03427,0.00909,17.291904,3583.9,0.43472049689441,0.009349559060936414
368,2-7-2821,08 02 51.36,-60 41 02.51,,18.82,16.23,14.11,21,4.25,<,8.0,*,-1.51,,72,,-0.01,0.0,,0,1,0.346,0.024,0.01421,0.00398,17.668058,3461.6,0.34123893805309724,0.009349559060936414
369,2-7-2941,08 02 55.15,-60 39 24.50,6.881,16.72,14.92,13.02,37,0.71,<,8.0,,-1.07,0.036,43,-0.8,0.34,0.41,-4.56,1,1,0.594,0.021,0.07741,0.01746,16.035685,4155.0,0.7,0.009349559060936414
370,2-7-432,08 01 33.39,-60 34 22.24,,15.86,14.63,12.86,12,1.8,<,8.0,,-0.93,,37,,0.05,0.17,-5.44,0,1,0.67,,0.13196,,15.656514,4342.8,0.9,0.009349559060936414
371,2-7-495,08 01 36.44,-60 41 05.51,,18.72,15.94,13.57,27,3.73,<,8.0,*,-1.37,,61,,0.1,0.04,-5.17,0,1,0.23,0.021,0.00632,0.00172,17.428093,3309.4,0.23142857142857148,0.009349559060936414
372,2-7-533,08 01 37.96,-60 40 51.23,,21.12,18.12,15.67,6,3.22,,30.7,,-2.22,,161,,0.33,0.25,-4.66,0,1,,,,,19.698824,,,0.009349559060936414
373,2-8-226,08 01 27.59,-60 31 40.97,,16.64,14.72,13.55,21,43.8,<,8.0,*,-0.96,,38,,-0.08,-0.05,,0,1,,,,,15.585911,5880.0,1.094478527607362,0.009349559060936414
374,3-1-1124,07 51 39.09,-61 06 40.95,,20.81,17.94,15.39,6,58.81,<,8.0,*,-2.16,,152,,-0.02,-0.21,,0,1,,,,,19.549976,,,0.009349559060936414
375,3-1-1370,07 51 49.31,-61 13 36.76,,16.63,14.65,12.62,43,6.92,<,8.0,*,-0.92,,36,,0.15,0.2,-4.96,0,1,0.623,0.021,0.07231,0.01685,15.871508,4103.7,0.7,0.009349559060936414
376,3-1-1526,07 51 54.82,-61 11 54.31,,16.06,14.66,13.0,42,43.76,<,8.0,*,-0.95,,38,,-0.03,-0.01,,0,1,0.71,,0.24935,,15.617413,4599.0,1.1,0.009349559060936414
377,3-1-1583,07 51 56.64,-61 09 34.10,0.518,18.95,16.17,13.89,20,1.28,,41.0,,-1.46,0.014,68,-2.12,0.38,0.46,-4.58,1,1,0.486,0.028,0.02584,0.00756,17.708954,3474.4,0.352566371681416,0.009349559060936414
378,3-1-2130,07 52 15.81,-61 09 14.31,,20.51,17.71,14.98,7,1.46,,11.9,,-2.08,,138,,-0.13,0.0,,0,1,,,,,19.277735,,,0.009349559060936414
379,3-1-2177,07 52 17.37,-61 05 48.91,,20.79,17.81,15.05,6,26.76,<,8.0,*,-2.09,,140,,-0.04,-0.11,,0,1,0.55,,0.11984,,19.304846,,,0.009349559060936414
380,3-1-2182,07 52 17.97,-61 10 51.80,0.737,20.74,17.78,15.03,6,0.05,,28.8,,-2.08,0.014,139,-2.27,0.05,0.34,-5.51,1,1,,,,,19.371792,,,0.009349559060936414
381,3-1-2230,07 52 20.76,-61 14 36.40,0.975,20.05,17.25,14.99,10,0.54,,15.8,,-1.89,0.03,111,-2.06,0.25,0.29,-4.76,1,1,0.284,0.039,0.00934,0.00375,18.767105,3320.7,0.23876623376623365,0.009349559060936414
382,3-1-2445,07 52 28.65,-61 06 03.50,2.904,19.23,16.51,14.31,18,0.87,,9.9,,-1.61,0.013,81,-1.44,0.39,0.36,-4.56,1,1,0.4,0.03,0.01824,0.00556,18.055582,3466.5,0.3455752212389381,0.009349559060936414
383,3-1-2585,07 52 32.38,-61 12 56.70,,17.04,15.08,13.05,36,3.06,,63.4,,-1.09,,44,,0.58,0.75,-4.36,0,1,0.592,0.022,0.06559,0.01549,16.350367,3640.5,0.46987577639751554,0.009349559060936414
384,3-1-2640,07 52 35.71,-61 08 42.32,,20.45,17.47,15.06,10,3.38,,50.9,,-1.95,,119,,0.46,0.48,-4.52,0,1,0.309,0.046,0.0111,0.00477,19.063372,,,0.009349559060936414
385,3-1-2700,07 52 37.25,-61 06 48.11,,16.3,14.76,13.0,45,82.56,<,8.0,*,-1.0,,40,,-0.13,-0.15,,0,1,,,,,15.769167,5134.0,0.8806201550387597,0.009349559060936414
386,3-1-2703,07 52 37.65,-61 08 34.23,,19.55,16.59,14.06,16,0.31,,28.1,,-1.61,,80,,0.17,0.26,-4.96,0,1,0.364,0.029,0.01375,0.00426,18.17521,3331.9,0.2460389610389611,0.009349559060936414
387,3-1-2708,07 52 37.75,-61 05 53.02,,21.44,18.28,,5,1.04,,15.2,,-2.26,,169,,0.23,0.29,-4.84,0,1,,,,,19.942026,,,0.009349559060936414
388,3-1-2816,07 52 42.12,-61 11 30.28,,18.62,16.19,13.94,19,22.86,<,8.0,*,-1.51,,71,,0.03,-0.05,-5.63,0,1,0.514,0.03,0.03515,0.01023,17.564972,3662.8,0.4837267080745343,0.009349559060936414
389,3-1-288,07 51 10.75,-61 08 35.10,1.03,18.43,15.84,13.64,19,9.84,,48.1,*,-1.36,0.015,60,-1.77,0.55,0.6,-4.4,1,1,0.518,0.026,0.03148,0.00867,17.320858,3490.6,0.3669026548672566,0.009349559060936414
390,3-1-3066,07 52 50.01,-61 11 27.67,,19.34,16.57,14.3,16,17.3,,8.2,*,-1.63,,82,,0.06,0.05,-5.36,0,1,0.261,0.024,0.00861,0.00257,18.09135,3430.6,0.3138053097345132,0.009349559060936414
391,3-1-3103,07 52 51.98,-61 12 56.01,,19.05,16.57,14.28,16,3.08,<,8.0,*,-1.66,,85,,-0.04,-0.03,,0,1,0.501,0.036,0.03257,0.01041,17.99496,3647.1,0.47397515527950307,0.009349559060936414
392,3-1-3373,07 53 00.35,-61 06 55.39,,20.39,17.36,15.15,10,15.94,,14.5,*,-1.9,,113,,0.17,0.25,-4.96,0,1,0.147,0.023,0.00284,0.00105,18.979797,3153.7,0.1567931034482758,0.009349559060936414
393,3-1-3604,07 53 07.23,-61 06 46.10,11.35,18.39,15.69,13.45,29,15.36,<,8.0,*,-1.29,0.006,55,-0.69,0.15,0.13,-4.96,1,1,0.36,0.022,0.01516,0.00398,17.191168,3397.6,0.2887012987012986,0.009349559060936414
394,3-1-3674,07 53 10.29,-61 13 07.22,,21.0,17.76,15.12,8,2.39,,35.9,,-2.04,,132,,0.33,0.25,-4.69,0,1,,,,,19.442219,,,0.009349559060936414
395,3-1-3691,07 53 10.79,-61 10 49.16,,19.92,17.14,14.72,10,12.92,,16.2,*,-1.85,,106,,-0.03,-0.08,,0,1,,,,,18.875229,,,0.009349559060936414
396,3-1-3911,07 53 17.55,-61 08 18.99,,20.33,17.37,15.02,10,18.35,,13.1,*,-1.92,,115,,0.1,0.15,-5.18,0,1,0.194,0.026,0.00519,0.00182,18.975983,3213.4,0.179304347826087,0.009349559060936414
397,3-1-3934,07 53 18.45,-61 10 59.93,,16.94,15.14,13.36,29,29.37,<,8.0,*,-1.16,,48,,-0.02,-0.01,,0,1,0.67,,0.16562,,16.247158,4390.2,0.7005069124423963,0.009349559060936414
398,3-1-3941,07 53 18.85,-61 07 42.70,0.667,19.35,16.63,14.37,17,0.71,,27.1,,-1.66,0.029,85,-2.11,0.27,0.36,-4.73,1,1,0.395,0.032,0.01775,0.00568,18.123169,3467.5,0.34646017699115045,0.009349559060936414
399,3-1-3950,07 53 19.44,-61 12 39.23,,20.11,17.06,14.49,13,0.2,,27.0,,-1.78,,98,,0.24,0.23,-4.81,0,1,0.417,0.043,0.01598,0.00614,18.672949,3242.2,0.19182608695652167,0.009349559060936414
400,3-1-4095,07 53 24.37,-61 10 14.70,,18.65,16.13,13.78,22,0.03,,22.7,,-1.48,,69,,0.65,0.57,-4.32,0,1,0.504,0.025,0.03342,0.00896,17.513334,3606.0,0.44844720496894414,0.009349559060936414
401,3-1-4112,07 53 24.90,-61 08 19.07,,20.27,17.22,14.73,11,23.48,<,8.0,*,-1.85,,105,,0.17,0.21,-4.95,0,1,0.208,0.027,0.00555,0.00195,18.850222,,,0.009349559060936414
402,3-1-4161,07 53 26.90,-61 09 27.90,0.689,20.98,17.94,15.57,5,22.59,,23.3,*,-2.14,0.02,147,-2.33,0.07,0.18,-5.37,1,1,,,,,19.529263,,,0.009349559060936414
403,3-1-4200,07 53 28.35,-61 10 13.70,,19.9,17.24,15.16,7,40.4,<,8.0,*,-1.91,,113,,0.03,-0.02,-5.7,0,1,0.375,0.049,0.01783,0.00722,18.712591,3434.2,0.3169911504424777,0.009349559060936414
404,3-1-4252,07 53 30.83,-61 10 52.21,,20.99,17.56,15.42,6,31.12,,15.8,*,-1.93,,116,,-0.22,-0.24,,0,1,0.61,,0.03716,,19.116571,,,0.009349559060936414
405,3-1-719,07 51 25.82,-61 08 26.79,,19.99,17.14,14.71,9,13.26,,19.1,*,-1.84,,105,,0.08,-0.05,-5.29,0,1,0.295,0.033,0.0108,0.00383,18.719147,3350.2,0.2579220779220778,0.009349559060936414
406,3-1-872,07 51 30.80,-61 10 16.94,,21.17,18.0,15.44,7,1.57,<,8.0,,-2.14,,148,,0.05,-0.08,-5.51,0,1,,,,,19.67661,,,0.009349559060936414
407,3-1-892,07 51 30.99,-61 07 22.06,,20.19,17.44,14.91,8,40.36,<,8.0,*,-1.98,,122,,0.02,-0.02,-5.88,0,1,0.281,0.041,0.01021,0.00422,19.02191,,,0.009349559060936414
408,3-2-1169,07 51 41.23,-61 04 53.16,,18.07,15.76,13.63,26,11.79,,9.1,*,-1.35,,59,,0.07,0.05,-5.31,0,1,0.508,0.024,0.03748,0.00967,17.10782,3606.9,0.4490062111801243,0.009349559060936414
409,3-2-1409,07 51 48.44,-60 58 53.69,,19.39,16.83,14.46,12,35.39,<,8.0,*,-1.76,,95,,-0.05,-0.07,,0,1,0.454,0.039,0.02329,0.00797,18.291136,3514.1,0.3876991150442477,0.009349559060936414
410,3-2-1428,07 51 49.37,-61 05 21.39,,20.22,17.22,14.54,11,2.77,,29.4,,-1.85,,106,,0.26,0.22,-4.76,0,1,0.384,0.044,0.01331,0.00525,18.795046,3279.0,0.2116883116883117,0.009349559060936414
411,3-2-1709,07 51 58.89,-60 59 18.55,,20.45,17.58,15.26,8,11.37,<,8.0,*,-2.01,,128,,0.03,0.06,-5.66,0,1,,,,,19.12667,,,0.009349559060936414
412,3-2-1754,07 52 00.72,-61 02 25.60,1.054,19.46,16.83,14.57,14,0.73,,27.5,,-1.75,0.024,95,-1.95,0.34,0.39,-4.61,1,1,0.363,0.034,0.01547,0.00512,18.32842,3418.1,0.3027433628318583,0.009349559060936414
413,3-2-1798,07 52 02.01,-61 05 08.92,,17.89,15.39,13.22,32,19.62,<,8.0,*,-1.19,,49,,0.06,0.02,-5.33,0,2,0.393,0.021,0.01998,0.00504,16.804918,3520.7,0.39353982300884943,0.009349559060936414
414,3-2-1830,07 52 03.54,-61 02 04.31,,20.61,17.66,15.44,8,2.65,,33.8,,-2.03,,131,,0.21,0.53,-4.85,0,1,,,,,19.226862,,,0.009349559060936414
415,3-2-1895,07 52 05.22,-60 59 27.54,,21.0,17.87,15.06,5,0.49,<,8.0,,-2.1,,141,,0.14,0.09,-5.04,0,1,,,,,19.498573,,,0.009349559060936414
416,3-2-2145,07 52 13.76,-61 01 27.25,,20.45,17.55,14.58,8,0.75,,37.8,,-2.0,,126,,0.48,0.36,-4.49,0,1,,,,,19.130262,,,0.009349559060936414
417,3-2-2387,07 52 22.35,-60 58 44.62,,19.47,16.76,14.57,14,5.4,<,8.0,*,-1.71,,90,,-0.12,-0.05,,0,1,0.279,0.03,0.0098,0.00326,18.24855,3379.5,0.27694805194805194,0.009349559060936414
418,3-2-2514,07 52 28.06,-61 04 14.31,,21.13,18.04,15.63,6,1.69,,29.1,,-2.17,,153,,0.2,0.36,-4.89,0,1,,,,,19.664656,,,0.009349559060936414
419,3-2-2625,07 52 30.16,-60 56 26.03,,16.13,14.21,13.2,59,29.65,<,8.0,*,-0.76,,30,,-0.01,-0.02,,0,1,1.22,,2.94843,,14.703985,,,0.009349559060936414
420,3-2-2921,07 52 41.65,-61 05 16.20,,19.58,16.76,14.55,14,12.72,<,8.0,*,-1.7,,89,,0.14,0.01,-5.01,0,1,0.197,0.023,0.00544,0.00169,18.281506,,,0.009349559060936414
421,3-2-3091,07 52 48.14,-61 02 25.56,,19.32,16.71,14.49,16,26.36,<,8.0,*,-1.7,,90,,0.02,-0.05,-5.78,0,1,0.525,0.043,0.03193,0.01138,18.173527,3579.4,0.4319254658385094,0.009349559060936414
422,3-2-3142,07 52 50.19,-61 00 03.00,13.612,17.3,15.26,13.32,31,0.81,<,8.0,,-1.16,0.01,48,-0.55,0.13,0.18,-5.0,1,1,0.572,0.022,0.06022,0.0143,16.485699,,,0.009349559060936414
423,3-2-3348,07 52 58.44,-61 03 56.97,,18.84,16.21,13.9,20,21.25,<,8.0,*,-1.5,,71,,-0.02,-0.01,,0,1,0.558,0.028,0.03661,0.01056,17.668514,3601.5,0.4456521739130435,0.009349559060936414
424,3-2-3359,07 52 58.88,-61 03 42.60,,16.3,14.58,12.77,50,25.6,<,8.0,*,-0.94,,37,,0.0,0.05,-6.6,0,1,0.66,,0.15094,,15.656444,,,0.009349559060936414
425,3-2-3733,07 53 12.88,-61 04 02.40,1.452,19.83,17.07,14.55,12,0.28,,25.2,,-1.83,0.013,103,-1.85,0.28,0.29,-4.7,1,1,0.364,0.036,0.01541,0.0053,18.592836,3363.7,0.2666883116883116,0.009349559060936414
426,3-2-3869,07 53 18.51,-61 04 05.44,,19.99,17.31,15.28,11,24.43,,21.5,*,-1.93,,117,,0.05,-0.04,-5.44,0,1,0.33,0.05,0.0149,0.00643,18.792171,3428.5,0.31194690265486724,0.009349559060936414
427,3-2-3925,07 53 21.07,-60 58 13.00,2.515,17.68,15.56,13.35,30,0.18,<,8.0,,-1.28,0.005,55,-1.34,0.76,0.79,-4.24,1,1,0.57,0.023,0.05102,0.01273,16.85777,3758.9,0.5247872340425532,0.009349559060936414
428,3-2-3930,07 53 21.64,-61 02 13.00,2.342,18.15,15.82,13.68,26,0.21,<,8.0,,-1.37,0.008,61,-1.41,0.53,0.68,-4.41,1,1,0.51,0.023,0.03736,0.00947,17.174576,3696.9,0.5028014184397164,0.009349559060936414
429,3-2-3954,07 53 23.14,-61 02 42.92,,16.4,14.37,12.34,55,0.37,<,8.0,,-0.81,,32,,0.47,0.58,-4.45,0,1,0.62,,0.20202,,15.652866,3916.2,0.6,0.009349559060936414
430,3-2-4043,07 53 27.74,-61 00 58.91,,19.48,16.78,14.49,15,0.57,,21.0,,-1.72,,91,,0.45,0.43,-4.49,0,1,0.352,0.032,0.01368,0.00449,18.283152,3355.6,0.26142857142857134,0.009349559060936414
431,3-2-588,07 51 20.90,-61 05 08.30,0.807,20.39,17.47,14.9,8,1.31,,25.5,,-1.96,0.032,121,-2.17,0.4,0.58,-4.57,1,1,0.298,0.043,0.01032,0.00435,19.032955,,,0.009349559060936414
432,3-2-795,07 51 27.14,-61 04 49.57,,15.93,14.43,13.48,43,20.2,<,8.0,*,-0.87,,34,,0.0,0.01,-6.5,0,1,1.07,,1.09611,,15.165446,5200.5,1.0,0.009349559060936414
433,3-3-1908,07 52 03.92,-60 55 36.70,0.707,20.69,17.71,15.82,7,0.33,,28.9,,-2.05,0.02,134,-2.28,0.25,0.31,-4.78,1,1,,,,,19.300682,,,0.009349559060936414
434,3-3-2514,07 52 25.85,-60 55 24.41,,17.82,15.72,13.69,26,18.25,<,8.0,*,-1.34,,59,,0.11,0.05,-5.08,0,1,0.552,0.024,0.0525,0.013,16.97784,,,0.009349559060936414
435,3-3-2975,07 52 39.38,-60 55 40.60,,17.12,15.19,13.28,34,23.05,<,8.0,*,-1.15,,47,,0.04,0.03,-5.57,0,1,0.613,0.022,0.08081,0.01866,16.348866,4334.0,0.9,0.009349559060936414
436,3-3-3266,07 52 49.28,-60 55 06.64,,21.04,18.03,15.33,6,0.9,<,8.0,,-2.18,,154,,0.25,0.18,-4.79,0,1,,,,,19.662498,,,0.009349559060936414
437,3-3-3323,07 52 50.72,-60 54 17.60,0.29,17.92,15.65,13.54,24,3.09,,79.5,,-1.3,0.014,57,-2.29,0.52,0.59,-4.41,1,1,0.534,0.023,0.0439,0.01099,16.958935,3676.1,0.49198757763975154,0.009349559060936414
438,3-3-3637,07 53 00.56,-60 48 09.40,11.614,17.67,15.49,13.32,32,0.01,<,8.0,,-1.25,0.006,53,-0.66,0.2,0.21,-4.83,1,1,0.555,0.022,0.04924,0.01204,16.778938,3607.0,0.44906832298136645,0.009349559060936414
439,3-3-3724,07 53 02.58,-60 50 25.90,0.328,16.47,14.79,12.81,40,0.68,,95.9,,-1.02,0.045,41,-2.1,0.53,0.74,-4.35,1,1,0.634,0.021,0.09973,0.02203,15.85202,4011.2,0.6096402877697841,0.009349559060936414
440,3-3-3858,07 53 05.00,-60 51 57.54,,21.02,17.79,15.01,7,2.42,,11.2,,-2.05,,134,,0.32,0.28,-4.7,0,1,,,,,19.450161,,,0.009349559060936414
442,3-4-3738,07 53 10.31,-60 46 39.90,2.205,18.49,16.03,13.74,23,0.72,,9.4,,-1.44,0.017,66,-1.48,0.4,0.51,-4.53,1,1,0.478,0.024,0.03047,0.00793,17.419704,3595.4,0.4418633540372672,0.009349559060936414
443,3-4-3791,07 53 11.78,-60 41 38.90,4.578,17.97,15.74,13.79,23,1.1,<,8.0,,-1.34,0.013,59,-1.11,0.35,0.5,-4.58,1,1,0.507,0.023,0.0404,0.01012,17.005983,3734.1,0.5159929078014184,0.009349559060936414
444,3-4-4335,07 53 29.35,-60 42 59.07,,19.69,16.92,14.64,14,5.99,<,8.0,*,-1.77,,96,,0.08,0.0,-5.26,0,1,0.303,0.029,0.01012,0.00329,18.40654,3387.9,0.28240259740259743,0.009349559060936414
445,3-5-1009,07 54 10.61,-61 07 35.00,0.78,20.6,17.61,15.18,8,0.69,,10.7,,-2.01,0.026,127,-2.21,0.3,0.23,-4.71,1,1,0.284,0.045,0.01138,0.00497,19.221039,,,0.009349559060936414
446,3-5-1035,07 54 11.48,-61 07 44.45,,19.42,16.67,14.11,16,1.03,,61.6,,-1.67,,86,,0.39,0.51,-4.56,0,1,,,,,18.21997,3479.6,0.35716814159292026,0.009349559060936414
447,3-5-1300,07 54 20.18,-61 06 26.50,2.977,19.19,16.51,14.27,17,1.42,<,8.0,,-1.62,0.009,81,-1.44,0.34,0.37,-4.62,1,1,0.423,0.029,0.02128,0.00631,18.04025,3508.6,0.38283185840707956,0.009349559060936414
448,3-5-1317,07 54 20.89,-61 06 12.23,,16.5,14.94,13.08,41,56.02,<,8.0,*,-1.08,,43,,-0.19,-0.18,,0,1,,,,,15.959311,4877.9,0.8144444444444444,0.009349559060936414
449,3-5-1999,07 54 44.79,-61 07 55.22,,18.77,16.37,14.16,17,15.31,,8.8,*,-1.58,,78,,0.01,0.0,-6.0,0,1,0.476,0.03,0.03076,0.00888,17.762232,3744.8,0.5197872340425532,0.009349559060936414
450,3-5-2009,07 54 45.90,-61 09 55.10,,20.85,17.96,15.08,7,30.32,<,8.0,*,-2.17,,153,,0.01,-0.03,-6.39,0,1,,,,,19.539335,,,0.009349559060936414
451,3-5-2482,07 55 02.38,-61 10 37.60,2.911,18.19,15.75,13.5,29,1.02,,8.9,,-1.33,0.011,58,-1.3,0.5,0.53,-4.43,1,1,0.534,0.026,0.03667,0.00999,17.213226,3647.9,0.47447204968944107,0.009349559060936414
452,3-5-2531,07 55 03.96,-61 05 52.93,,16.42,14.29,12.42,64,59.58,<,8.0,*,-0.77,,31,,-0.02,-0.02,,0,1,,,,,15.43107,4523.5,1.1,0.009349559060936414
453,3-5-2593,07 55 06.68,-61 07 13.30,6.372,18.22,15.91,13.74,26,0.87,<,8.0,,-1.41,0.005,64,-1.0,0.18,0.2,-4.88,1,1,0.494,0.024,0.03564,0.00913,17.255568,3890.9,0.6,0.009349559060936414
454,3-5-2773,07 55 12.88,-61 09 39.97,,19.61,16.9,14.82,15,16.82,<,8.0,*,-1.77,,96,,0.03,-0.01,-5.69,0,1,0.304,0.034,0.01228,0.00429,18.413208,3462.1,0.3416814159292035,0.009349559060936414
455,3-5-2861,07 55 16.41,-61 13 37.10,8.634,17.46,15.38,13.43,37,0.49,<,8.0,,-1.21,0.012,51,-0.77,0.34,0.42,-4.59,1,1,0.553,0.023,0.05431,0.01309,16.6184,4189.4,0.8,0.009349559060936414
456,3-5-2879,07 55 17.64,-61 14 18.52,,20.7,17.65,15.2,10,0.51,,19.0,,-2.02,,128,,0.2,0.21,-4.88,0,1,0.242,0.039,0.00831,0.00363,19.246634,,,0.009349559060936414
457,3-5-3013,07 55 22.13,-61 09 23.15,,15.77,14.48,12.78,61,1.24,<,8.0,,-0.87,,34,,0.18,0.25,-4.86,0,1,0.69,,0.15234,,15.482584,4433.9,0.7105760368663593,0.009349559060936414
458,3-5-3184,07 55 28.15,-61 10 29.50,3.537,18.7,16.18,13.95,25,0.16,<,8.0,,-1.5,0.007,71,-1.3,0.47,0.5,-4.46,1,1,0.463,0.026,0.02687,0.00737,17.57698,3575.8,0.429689440993789,0.009349559060936414
459,3-5-3200,07 55 28.89,-61 13 34.90,4.968,18.78,16.26,14.07,24,1.39,<,8.0,,-1.53,0.006,73,-1.17,0.5,0.52,-4.44,1,1,0.442,0.026,0.02498,0.00681,17.688322,3531.4,0.4021118012422361,0.009349559060936414
460,3-5-3259,07 55 31.05,-61 10 42.70,,18.63,16.13,13.81,24,0.12,,11.2,,-1.48,,69,,0.48,0.5,-4.45,0,1,0.496,0.026,0.0313,0.0085,17.557566,3650.1,0.47583850931677013,0.009349559060936414
461,3-5-3333,07 55 34.53,-61 10 01.51,,19.6,16.69,14.26,19,22.12,<,8.0,*,-1.66,,85,,0.06,-0.05,-5.42,0,1,0.33,0.029,0.01284,0.00403,18.245947,3400.9,0.2908441558441559,0.009349559060936414
462,3-5-3341,07 55 34.48,-61 11 52.87,,16.66,14.93,12.96,49,1.27,<,8.0,,-1.08,,44,,0.29,0.35,-4.61,0,1,0.609,0.021,0.08398,0.01893,15.994294,,,0.009349559060936414
463,3-5-3354,07 55 35.48,-61 06 49.04,,21.85,18.38,15.33,5,0.62,,52.2,,-2.25,,168,,0.11,0.13,-5.18,0,1,,,,,20.08796,,,0.009349559060936414
464,3-5-3418,07 55 38.45,-61 13 47.51,,21.08,18.05,15.44,6,30.38,,23.1,*,-2.18,,155,,-0.14,-0.01,,0,1,,,,,19.701082,,,0.009349559060936414
465,3-5-366,07 53 46.86,-61 13 50.02,,20.82,17.61,14.85,7,2.01,,36.8,,-1.98,,123,,0.17,0.31,-4.97,0,1,0.415,0.068,0.01662,0.00832,19.256458,,,0.009349559060936414
466,3-5-3702,07 55 47.46,-61 07 25.88,,20.19,17.03,14.43,15,18.38,,10.9,*,-1.75,,95,,1.24,1.47,-4.11,0,1,0.352,0.041,0.01553,0.00585,18.747997,3240.8,0.19121739130434792,0.009349559060936414
467,3-5-3764,07 55 51.98,-61 13 21.10,1.216,16.83,15.07,13.04,39,0.39,,24.0,,-1.14,0.049,47,-1.58,0.53,0.64,-4.35,1,1,0.596,0.021,0.07887,0.01787,16.052801,,,0.009349559060936414
468,3-5-399,07 53 47.82,-61 11 59.85,,20.01,17.08,14.53,11,50.54,<,8.0,*,-1.81,,101,,-0.01,-0.06,,0,2,,,,,19.549871,,,0.009349559060936414
469,3-5-3994,07 56 01.95,-61 09 02.24,,18.29,15.73,13.51,33,0.15,,27.7,,-1.32,,57,,0.46,0.53,-4.48,0,1,0.52,0.023,0.03564,0.0092,17.16117,3561.0,0.4204968944099379,0.009349559060936414
470,3-5-453,07 53 49.50,-61 11 39.42,,16.19,14.64,12.59,43,1.65,,49.4,,-0.96,,38,,0.54,0.67,-4.36,0,1,0.652,0.021,0.10231,0.02265,15.769645,4645.2,1.2,0.009349559060936414
471,3-5-454,07 53 49.61,-61 10 45.42,,20.63,17.62,15.07,7,0.23,,24.7,,-2.01,,127,,0.21,0.21,-4.85,0,1,0.312,0.049,0.01146,0.00507,19.229313,,,0.009349559060936414
472,3-5-517,07 53 52.06,-61 11 47.20,,18.21,15.57,13.19,29,2.12,,19.3,*,-1.25,,53,,0.41,0.42,-4.53,0,2,0.577,0.026,0.0389,0.01078,17.111412,3520.2,0.3930973451327432,0.009349559060936414
473,3-5-679,07 53 57.06,-61 06 13.50,1.747,19.03,16.37,14.02,18,1.18,,13.0,,-1.56,0.023,76,-1.64,0.56,0.5,-4.4,1,1,0.428,0.026,0.02204,0.00619,17.843979,3469.6,0.3483185840707964,0.009349559060936414
474,3-5-767,07 54 00.76,-61 06 26.40,1.685,19.07,16.46,14.08,17,1.9,,17.3,,-1.61,0.016,80,-1.68,0.34,0.39,-4.61,1,1,0.423,0.027,0.02151,0.00608,17.947208,3441.2,0.3231858407079644,0.009349559060936414
475,3-5-778,07 54 01.53,-61 08 36.04,,20.35,17.41,15.01,7,3.82,,41.8,,-1.94,,117,,0.41,0.32,-4.57,0,1,0.288,0.04,0.01049,0.00423,19.016106,,,0.009349559060936414
476,3-5-854,07 54 04.22,-61 10 10.84,,18.72,16.26,14.04,21,0.8,<,8.0,,-1.53,,74,,0.22,0.21,-4.8,0,1,0.453,0.026,0.02771,0.00748,17.673004,3620.1,0.45720496894409934,0.009349559060936414
477,3-5-998,07 54 09.43,-61 07 55.50,,16.06,14.63,12.84,49,0.64,<,8.0,,-0.94,,37,,0.15,0.22,-4.93,0,1,0.7,,0.13342,,15.573442,,,0.009349559060936414
478,3-6-1162,07 54 12.66,-61 01 53.10,0.282,20.52,17.56,15.14,8,0.09,,52.3,,-1.99,0.021,125,-2.65,0.14,0.26,-5.04,1,1,0.289,0.041,0.00901,0.00375,19.122152,,,0.009349559060936414
479,3-6-1200,07 54 13.25,-60 57 12.10,5.808,18.24,15.89,13.6,26,0.78,<,8.0,,-1.39,0.009,63,-1.03,0.44,0.49,-4.49,1,1,0.513,0.023,0.03395,0.00882,17.356613,,,0.009349559060936414
480,3-6-1277,07 54 16.55,-60 59 51.74,,19.01,16.44,14.12,16,0.84,,28.4,,-1.6,,80,,0.48,0.5,-4.46,0,1,0.445,0.028,0.02278,0.00657,17.8828,3481.8,0.3591150442477878,0.009349559060936414
481,3-6-1367,07 54 19.25,-60 57 13.38,,18.54,16.22,13.82,21,14.46,<,8.0,*,-1.53,,73,,0.04,0.01,-5.55,0,1,,,,,17.95165,,,0.009349559060936414
482,3-6-1424,07 54 21.18,-60 58 13.10,0.418,18.18,15.86,13.6,26,0.52,,34.4,,-1.39,0.016,62,-2.17,0.64,0.69,-4.32,1,1,0.522,0.024,0.03678,0.00949,17.273737,3741.6,0.5186524822695036,0.009349559060936414
483,3-6-2189,07 54 47.52,-60 57 59.00,1.915,16.94,14.97,12.9,41,1.05,,16.5,,-1.05,0.028,42,-1.34,0.47,0.56,-4.44,1,1,0.621,0.021,0.07942,0.01814,16.139017,3764.6,0.5268085106382978,0.009349559060936414
484,3-6-2424,07 54 56.36,-61 05 11.70,0.491,18.54,16.07,13.7,26,0.74,,31.4,,-1.46,0.016,67,-2.14,0.44,0.55,-4.49,1,1,0.492,0.024,0.03048,0.00805,17.428122,3587.5,0.43695652173913047,0.009349559060936414
485,3-6-2510,07 54 59.53,-61 04 22.70,3.066,18.11,15.7,13.35,33,0.83,<,8.0,,-1.31,0.009,57,-1.27,0.51,0.56,-4.43,1,1,0.557,0.022,0.04204,0.01063,17.064728,,,0.009349559060936414
486,3-6-2534,07 55 00.67,-60 59 52.70,0.893,20.37,17.43,14.94,7,3.21,<,8.0,*,-1.94,0.017,118,-2.12,0.37,0.17,-4.61,1,1,0.34,0.042,0.01493,0.00572,18.969189,3372.9,0.2726623376623377,0.009349559060936414
487,3-6-257,07 53 39.51,-60 57 04.40,1.638,19.98,17.18,14.62,9,1.36,,9.1,,-1.87,0.015,108,-1.82,0.2,0.43,-4.85,1,1,0.361,0.036,0.01255,0.0045,18.741543,3339.2,0.25077922077922066,0.009349559060936414
488,3-6-2616,07 55 03.41,-60 59 30.98,,20.34,17.3,14.85,9,3.71,,42.7,,-1.88,,109,,0.14,0.38,-5.05,0,1,0.316,0.037,0.01019,0.00387,18.906723,3208.0,0.17695652173913046,0.009349559060936414
489,3-6-2656,07 55 05.03,-60 59 30.70,0.777,15.9,14.52,12.55,53,58.71,,39.8,*,-0.9,0.015,35,-1.66,0.49,0.67,-4.42,1,1,0.66,,0.14578,,15.603665,4717.8,1.3,0.009349559060936414
490,3-6-2779,07 55 09.57,-60 57 02.30,11.522,16.35,14.8,13.04,42,29.5,<,8.0,*,-1.02,0.012,41,-0.55,0.07,0.12,-5.28,1,1,0.69,,0.17995,,15.811712,4571.7,0.7423271889400921,0.009349559060936414
491,3-6-3057,07 55 18.64,-60 56 50.20,2.155,19.54,16.83,14.55,11,1.11,,14.6,,-1.74,0.01,93,-1.64,0.41,0.39,-4.53,1,1,0.365,0.034,0.01499,0.00501,18.3222,3475.5,0.35353982300884956,0.009349559060936414
492,3-6-3232,07 55 24.03,-61 01 45.20,0.409,16.02,14.52,12.75,49,1.37,,68.1,,-0.91,0.023,36,-1.94,0.55,0.74,-4.36,1,1,0.68,,0.14085,,15.606757,4828.2,0.8016020671834625,0.009349559060936414
493,3-6-3289,07 55 26.56,-61 04 09.70,,20.21,17.23,14.73,11,3.93,<,8.0,*,-1.86,,107,,0.12,0.02,-5.11,0,1,0.319,0.035,0.01059,0.0038,18.79175,,,0.009349559060936414
494,3-6-3363,07 55 28.97,-61 04 40.40,5.126,17.82,15.62,13.47,34,0.4,<,8.0,,-1.3,0.013,56,-1.04,0.43,0.49,-4.49,1,1,0.543,0.022,0.04671,0.01132,16.883781,3885.1,0.5695390070921985,0.009349559060936414
495,3-6-3495,07 55 34.00,-61 02 41.77,,20.76,17.66,14.95,9,2.51,,21.7,,-2.01,,128,,0.31,0.33,-4.7,0,1,0.358,0.051,0.0139,0.00601,19.254416,,,0.009349559060936414
496,3-6-3532,07 55 34.89,-60 58 27.00,0.384,19.42,16.73,14.41,12,3.82,,44.9,,-1.7,0.016,89,-2.37,0.3,0.26,-4.66,1,1,0.38,0.031,0.01676,0.00529,18.257307,3401.6,0.2912987012987012,0.009349559060936414
497,3-6-3671,07 55 40.01,-61 01 15.90,2.8,17.78,15.57,13.39,29,0.45,<,8.0,,-1.28,0.013,55,-1.29,0.5,0.58,-4.42,1,1,0.545,0.023,0.04668,0.01151,16.863008,3618.2,0.4560248447204968,0.009349559060936414
498,3-6-3688,07 55 40.27,-60 59 34.02,,16.73,14.69,12.71,47,12.64,,9.7,*,-0.93,,37,,-0.01,-0.03,,0,1,0.606,0.021,0.06656,0.01552,15.909268,4088.9,0.7,0.009349559060936414
499,3-6-3743,07 55 42.29,-61 04 07.10,3.619,19.38,16.68,14.36,17,0.65,<,8.0,,-1.68,0.01,87,-1.38,0.31,0.34,-4.65,1,1,0.411,0.029,0.02022,0.00603,18.128845,3437.7,0.32008849557522107,0.009349559060936414
500,3-6-3858,07 55 46.56,-60 59 40.60,14.453,17.96,15.75,13.63,28,19.69,,60.7,*,-1.35,0.005,59,-0.61,0.28,0.3,-4.67,1,1,0.61,,0.26249,,17.059551,6006.5,1.1386120996441282,0.009349559060936414
501,3-6-3868,07 55 46.34,-60 56 23.69,,17.97,15.64,13.23,24,21.31,<,8.0,*,-1.3,,56,,0.0,0.01,,0,1,0.57,,0.04975,,17.041395,,,0.009349559060936414
502,3-6-3886,07 55 47.75,-61 00 49.00,0.596,19.55,16.83,14.35,12,1.53,,37.8,,-1.74,0.015,93,-2.19,0.34,0.27,-4.62,1,1,0.374,0.031,0.01654,0.00522,18.319393,3361.5,0.26525974025974025,0.009349559060936414
503,3-6-3905,07 55 49.00,-61 04 55.69,,19.65,16.76,14.15,16,0.26,,17.8,,-1.69,,88,,0.37,0.31,-4.61,0,1,0.443,0.034,0.02028,0.00657,18.303642,3431.5,0.3146017699115044,0.009349559060936414
504,3-6-3999,07 55 51.41,-60 58 01.47,,16.67,14.89,12.84,39,1.32,,54.0,,-1.06,,43,,0.53,0.7,-4.35,0,1,0.634,0.021,0.08861,0.01997,16.005,4942.4,0.831111111111111,0.009349559060936414
505,3-6-4112,07 55 55.53,-60 59 07.14,,17.51,15.39,13.31,27,13.31,,11.7,*,-1.21,,51,,0.13,0.21,-5.01,0,1,0.641,0.022,0.07674,0.01834,16.621891,3661.7,0.48304347826086946,0.009349559060936414
506,3-6-4167,07 55 57.00,-61 00 47.20,1.546,18.98,16.36,14.08,20,0.74,,13.3,,-1.56,0.011,76,-1.69,0.44,0.53,-4.5,1,1,0.427,0.027,0.02137,0.00607,17.87864,3434.9,0.31761061946902663,0.009349559060936414
507,3-6-4281,07 56 01.35,-60 57 44.12,,18.97,16.42,15.24,9,18.59,<,8.0,*,-1.59,,79,,-0.06,-0.11,,0,1,1.09,,1.81752,,17.338152,5251.8,0.9117906336088155,0.009349559060936414
508,3-6-441,07 53 46.67,-60 58 45.44,,20.21,16.93,13.96,15,15.6,<,8.0,*,-1.7,,89,,0.15,0.06,-5.03,0,1,0.151,0.021,0.00242,0.00071,18.50687,3094.1,0.13989873417721516,0.009349559060936414
509,3-6-747,07 53 56.83,-61 00 39.97,,20.97,17.98,15.5,6,0.88,,14.8,,-2.16,,151,,0.17,0.15,-4.95,0,1,,,,,19.561262,,,0.009349559060936414
510,3-7-1020,07 54 06.39,-60 48 39.10,0.458,21.09,18.05,15.44,6,2.96,,43.3,,-2.18,0.033,155,-2.53,0.28,0.06,-4.74,1,1,,,,,19.626507,,,0.009349559060936414
511,3-7-1072,07 54 08.10,-60 49 37.33,,19.24,16.32,13.77,23,0.16,,22.9,,-1.5,,71,,0.23,0.29,-4.82,0,1,0.523,0.029,0.02559,0.00772,17.862246,3411.5,0.29772727272727273,0.009349559060936414
512,3-7-1106,07 54 09.71,-60 55 22.86,,21.55,18.23,15.01,6,0.01,,24.4,,-2.21,,161,,0.11,0.29,-5.18,0,1,,,,,19.892265,,,0.009349559060936414
513,3-7-1115,07 54 09.84,-60 53 14.21,,18.42,15.89,13.57,26,6.02,<,8.0,*,-1.38,,62,,0.0,-0.05,,0,1,0.437,0.023,0.02312,0.00604,17.329199,3583.1,0.434223602484472,0.009349559060936414
514,3-7-1127,07 54 10.28,-60 50 05.31,,20.79,17.62,14.85,8,1.99,,21.6,,-1.99,,124,,0.19,0.11,-4.92,0,1,0.278,0.036,0.00745,0.00297,19.257393,,,0.009349559060936414
515,3-7-1245,07 54 14.03,-60 50 12.00,0.266,19.57,16.84,14.43,16,3.56,,93.5,,-1.74,0.009,93,-2.55,0.5,0.52,-4.45,1,1,0.399,0.032,0.01912,0.00606,18.33148,3462.1,0.3416814159292035,0.009349559060936414
516,3-7-1308,07 54 16.38,-60 53 41.90,0.872,20.1,17.22,14.66,12,1.24,,26.6,,-1.87,0.023,108,-2.09,0.28,0.28,-4.72,1,1,0.373,0.037,0.01479,0.00519,18.721224,3331.7,0.2459090909090908,0.009349559060936414
517,3-7-1402,07 54 18.83,-60 50 56.30,2.546,18.3,15.92,13.65,26,0.16,,8.9,,-1.4,0.013,63,-1.4,0.56,0.58,-4.38,1,1,0.502,0.024,0.03457,0.00896,17.30363,3632.7,0.465031055900621,0.009349559060936414
518,3-7-1435,07 54 19.67,-60 48 16.72,,17.6,15.6,13.58,31,14.42,<,8.0,*,-1.3,,56,,0.15,0.19,-4.93,0,1,0.546,0.025,0.05499,0.01398,16.869543,3750.1,0.5216666666666666,0.009349559060936414
519,3-7-1875,07 54 34.28,-60 52 13.08,,19.08,16.53,14.26,19,31.08,<,8.0,*,-1.64,,83,,-0.01,-0.02,,0,1,0.34,0.026,0.01476,0.00433,17.973293,3532.3,0.40267080745341627,0.009349559060936414
520,3-7-1913,07 54 35.54,-60 49 55.40,0.965,18.96,16.39,14.06,20,1.56,,26.1,,-1.58,0.007,77,-1.9,0.39,0.48,-4.55,1,1,0.426,0.026,0.02249,0.00628,17.821554,3583.9,0.43472049689441,0.009349559060936414
521,3-7-1981,07 54 35.32,-60 53 00.96,,18.15,15.82,13.75,28,3.75,<,8.0,*,-1.37,,61,,0.02,0.04,-5.92,0,2,0.456,0.023,0.02957,0.00752,17.166912,3751.2,0.5220567375886525,0.009349559060936414
522,3-7-1991,07 54 37.79,-60 48 34.80,,20.25,17.08,14.61,14,29.25,,36.7,*,-1.77,,97,,0.38,0.22,-4.62,0,1,0.156,0.022,0.00263,0.00086,18.689327,3120.8,0.1466582278481013,0.009349559060936414
523,3-7-2024,07 54 39.19,-60 50 58.00,0.584,20.49,17.56,14.84,9,1.61,,28.3,,-2.0,0.025,125,-2.33,0.24,0.24,-4.79,1,1,0.344,0.048,0.01242,0.00537,19.101673,,,0.009349559060936414
524,3-7-2046,07 54 39.92,-60 50 32.10,0.397,20.79,17.71,15.15,8,0.08,,30.8,,-2.04,0.025,132,-2.52,0.26,0.28,-4.78,1,1,0.262,0.042,0.00807,0.00363,19.304016,,,0.009349559060936414
525,3-7-2194,07 54 45.15,-60 54 36.00,0.498,20.03,17.03,14.51,13,0.44,,30.4,,-1.78,0.019,97,-2.29,0.23,0.32,-4.82,1,1,0.402,0.042,0.01674,0.00626,18.57888,3290.3,0.21902597402597415,0.009349559060936414
526,3-7-2200,07 54 44.21,-60 49 47.30,3.711,17.91,15.62,13.58,30,0.55,<,8.0,,-1.29,0.008,56,-1.18,0.45,0.49,-4.47,1,1,0.516,0.022,0.04143,0.01019,16.897135,3815.4,0.544822695035461,0.009349559060936414
527,3-7-2433,07 54 51.87,-60 49 43.60,0.605,19.62,16.95,14.56,13,2.47,,32.9,,-1.79,0.01,99,-2.21,0.31,0.4,-4.66,1,1,0.463,0.047,0.02369,0.00898,18.48477,3388.5,0.2827922077922078,0.009349559060936414
528,3-7-2472,07 54 53.66,-60 54 33.90,0.486,19.23,16.6,14.34,15,1.52,,24.4,,-1.66,0.008,85,-2.24,0.34,0.36,-4.61,1,1,0.369,0.028,0.01614,0.00485,18.079876,3438.9,0.32115044247787616,0.009349559060936414
529,3-7-2519,07 54 54.67,-60 49 51.50,0.226,17.51,15.33,13.28,32,6.28,,77.3,*,-1.18,0.007,49,-2.34,0.54,0.71,-4.39,1,1,0.56,0.022,0.04987,0.01215,16.66863,3623.5,0.45931677018633543,0.009349559060936414
530,3-7-2978,07 55 10.63,-60 50 20.22,,19.72,16.78,14.31,13,0.9,,50.6,,-1.69,,88,,0.33,0.38,-4.66,0,1,0.491,0.052,0.02255,0.0092,18.347147,3380.3,0.2774675324675326,0.009349559060936414
531,3-7-3074,07 55 14.51,-60 55 36.40,0.839,18.47,16.05,13.84,20,0.98,,33.1,,-1.45,0.014,67,-1.9,0.56,0.66,-4.38,1,1,0.485,0.025,0.03159,0.00842,17.441576,,,0.009349559060936414
532,3-7-312,07 53 42.05,-60 50 22.42,,19.14,16.65,14.37,18,2.93,<,8.0,*,-1.69,,88,,-0.08,-0.11,,0,1,0.465,0.032,0.02789,0.00838,18.066893,3512.4,0.3861946902654868,0.009349559060936414
533,3-7-318,07 53 41.88,-60 49 34.30,,16.36,14.25,12.22,57,8.44,<,8.0,*,-0.76,,30,,0.04,0.06,-5.48,0,1,0.561,0.021,0.05317,0.01237,15.506754,,,0.009349559060936414
534,3-7-3310,07 55 22.58,-60 48 04.05,,20.59,17.63,15.12,6,16.13,,10.2,*,-2.02,,129,,-0.06,0.03,,0,1,0.229,0.033,0.00767,0.00313,19.23915,,,0.009349559060936414
535,3-7-3356,07 55 25.74,-60 52 33.95,,19.17,16.55,14.08,12,0.49,,14.0,,-1.64,,83,,0.5,0.42,-4.44,0,1,0.46,0.03,0.02487,0.00748,18.013573,3460.4,0.34017699115044253,0.009349559060936414
536,3-7-3441,07 55 27.49,-60 48 33.20,2.432,18.07,15.77,13.64,19,0.81,<,8.0,,-1.35,0.005,60,-1.39,0.59,0.68,-4.36,1,1,0.522,0.024,0.03836,0.00982,17.13801,3678.2,0.4932919254658384,0.009349559060936414
537,3-7-3448,07 55 27.68,-60 48 13.80,3.065,17.52,15.4,13.37,21,0.03,<,8.0,,-1.22,0.013,51,-1.22,0.52,0.6,-4.4,1,1,0.552,0.022,0.05101,0.01226,16.651556,,,0.009349559060936414
538,3-7-3699,07 55 37.22,-60 51 40.31,,19.42,16.69,14.42,6,25.2,<,8.0,*,-1.68,,87,,-0.02,0.0,,0,1,0.339,0.029,0.0129,0.00407,18.197803,3452.5,0.3331858407079646,0.009349559060936414
539,3-7-3731,07 55 38.71,-60 53 52.93,,19.94,17.11,14.87,7,0.07,,26.4,,-1.83,,104,,0.14,0.03,-5.02,0,1,0.409,0.058,0.01879,0.00824,18.669743,3339.2,0.25077922077922066,0.009349559060936414
540,3-7-3884,07 55 43.62,-60 51 30.60,0.241,18.41,15.89,13.68,13,10.9,,69.1,*,-1.38,0.015,62,-2.41,0.69,0.62,-4.3,1,1,0.482,0.025,0.02945,0.00794,17.310448,3577.8,0.43093167701863366,0.009349559060936414
541,3-7-4072,07 55 52.16,-60 54 03.60,0.313,17.9,15.64,13.41,14,10.46,,81.9,,-1.3,0.024,56,-2.26,0.34,0.77,-4.6,1,1,0.55,0.023,0.0468,0.01156,16.898802,3685.7,0.4979503105590061,0.009349559060936414
542,3-7-689,07 53 55.21,-60 48 50.90,0.306,20.73,17.6,,7,11.46,,68.9,,-1.98,0.029,124,-2.61,0.33,0.24,-4.68,1,1,,,,,19.223913,,,0.009349559060936414
543,3-7-694,07 53 55.30,-60 49 42.81,,21.29,18.27,15.59,5,4.07,,23.0,,-2.27,,172,,0.27,0.2,-4.76,0,2,,,,,19.904987,,,0.009349559060936414
544,3-7-765,07 53 57.19,-60 52 52.51,,19.59,16.93,14.68,14,5.69,<,8.0,*,-1.79,,98,,0.04,-0.04,-5.54,0,1,,,,,18.486034,3552.7,0.4153416149068322,0.009349559060936414
545,3-7-801,07 53 59.11,-60 49 42.20,,20.9,17.88,15.53,8,3.51,,17.5,,-2.12,,144,,0.09,0.13,-5.22,0,1,,,,,19.465998,,,0.009349559060936414
546,3-7-869,07 54 01.20,-60 49 28.64,,19.83,17.14,14.7,12,5.93,,18.6,*,-1.87,,108,,0.02,-0.06,-5.89,0,1,0.441,0.046,0.02292,0.00859,18.639425,3454.4,0.3348672566371682,0.009349559060936414
547,3-7-912,07 54 02.08,-60 55 24.48,,16.94,14.96,12.86,43,33.67,<,8.0,*,-1.04,,42,,0.05,0.07,-5.42,0,1,,,,,16.25122,,,0.009349559060936414
548,3-7-974,07 54 04.87,-60 55 10.80,10.115,16.62,14.99,13.27,42,8.44,<,8.0,*,-1.1,0.005,45,-0.65,0.04,0.1,-5.54,1,1,0.69,,0.16042,,16.00094,4481.7,0.721589861751152,0.009349559060936414
549,3-8-1170,07 54 06.92,-60 45 20.10,1.741,19.86,16.98,14.54,13,1.16,,12.0,,-1.78,0.017,97,-1.75,0.25,0.32,-4.77,1,1,0.453,0.041,0.02122,0.00764,18.536715,3335.4,0.24831168831168837,0.009349559060936414
550,3-8-1214,07 54 17.22,-60 46 27.60,0.42,18.58,15.97,13.6,26,5.82,,53.6,*,-1.41,0.014,64,-2.18,0.46,0.49,-4.48,1,1,0.523,0.025,0.03102,0.00842,17.464544,3516.7,0.38999999999999985,0.009349559060936414
551,3-8-1666,07 54 32.53,-60 44 34.46,,21.27,17.81,14.82,7,17.36,,21.0,*,-2.03,,130,,0.23,0.19,-4.87,0,1,,,,,19.527857,,,0.009349559060936414
552,3-8-2195,07 54 52.89,-60 45 11.15,,19.5,16.83,14.55,12,11.53,<,8.0,*,-1.75,,94,,-0.04,-0.03,,0,1,0.568,0.05,0.03857,0.01493,18.340359,3565.3,0.4231677018633542,0.009349559060936414
553,3-8-2312,07 54 56.23,-60 40 30.66,,19.52,16.62,14.17,13,24.59,<,8.0,*,-1.63,,82,,0.06,0.01,-5.39,0,1,0.373,0.027,0.01436,0.00435,18.163813,3416.7,0.3015044247787609,0.009349559060936414
554,3-8-2333,07 54 57.55,-60 42 38.20,1.32,20.23,17.32,14.9,8,2.08,,14.3,,-1.91,0.021,113,-1.93,0.44,0.4,-4.53,1,1,0.338,0.046,0.01391,0.00586,18.899794,3218.6,0.18156521739130432,0.009349559060936414
555,3-8-2456,07 55 02.07,-60 42 29.60,0.709,19.01,16.37,14.18,16,0.22,,27.8,,-1.56,0.017,76,-2.03,0.32,0.4,-4.64,1,1,0.421,0.027,0.02168,0.00612,17.850418,3468.1,0.3469911504424778,0.009349559060936414
556,3-8-2611,07 55 07.76,-60 39 33.65,,18.62,15.96,13.66,19,23.18,<,8.0,*,-1.4,,63,,0.01,0.02,-6.3,0,1,0.387,0.023,0.01737,0.00465,17.419052,3393.8,0.28623376623376634,0.009349559060936414
557,3-8-2683,07 55 11.83,-60 46 02.67,,18.86,16.39,14.36,17,72.67,<,8.0,*,-1.58,,78,,0.01,-0.05,-6.13,0,1,0.36,0.027,0.01755,0.00504,17.818268,3515.2,0.3886725663716813,0.009349559060936414
558,3-8-2749,07 55 13.37,-60 41 12.94,,18.01,15.48,13.31,29,0.43,,16.6,,-1.22,,51,,0.47,0.53,-4.46,0,1,0.536,0.022,0.03526,0.00903,16.878937,3540.3,0.4076397515527952,0.009349559060936414
559,3-8-3061,07 55 23.46,-60 41 51.30,0.714,18.44,16.02,13.83,15,0.86,,36.4,,-1.44,0.009,66,-1.97,0.51,0.58,-4.42,1,1,0.509,0.025,0.0344,0.00922,17.412651,3656.5,0.4798136645962733,0.009349559060936414
560,3-8-3148,07 55 26.00,-60 44 31.01,,18.67,16.18,13.95,15,19.98,<,8.0,*,-1.5,,71,,0.41,0.31,-4.52,0,1,0.605,0.033,0.04991,0.01531,17.620054,3531.6,0.4022360248447205,0.009349559060936414
561,3-8-3165,07 55 27.66,-60 43 02.74,,18.93,16.37,14.1,12,1.64,,16.1,,-1.57,,77,,0.3,0.41,-4.66,0,1,0.428,0.028,0.02186,0.00629,17.841549,3485.5,0.36238938053097347,0.009349559060936414
562,3-8-3326,07 55 34.67,-60 46 32.78,,19.35,16.67,14.46,11,1.05,,9.4,,-1.68,,87,,0.36,0.26,-4.59,0,1,0.382,0.031,0.01793,0.0056,18.146976,3435.8,0.31840707964601783,0.009349559060936414
563,3-8-3336,07 55 33.71,-60 40 51.00,1.446,19.81,17.03,14.65,9,1.22,,17.9,,-1.81,0.017,101,-1.84,0.17,0.27,-4.94,1,1,0.367,0.039,0.01585,0.00571,18.53721,3305.4,0.22883116883116889,0.009349559060936414
564,3-8-3343,07 55 34.95,-60 45 35.74,,20.08,17.21,14.68,9,37.36,<,8.0,*,-1.87,,108,,0.14,-0.06,-5.01,0,1,0.395,0.05,0.01686,0.00694,18.795933,3435.5,0.318141592920354,0.009349559060936414
565,3-8-3360,07 55 34.64,-60 42 14.57,,19.24,16.54,14.22,11,0.64,,16.0,,-1.63,,82,,0.26,0.36,-4.73,0,1,0.28,0.035,0.01024,0.0038,18.157764,,,0.009349559060936414
566,3-8-3619,07 55 44.89,-60 44 13.00,0.709,18.1,15.76,13.62,19,0.07,,32.3,,-1.34,0.026,59,-1.92,0.47,0.51,-4.46,1,1,0.505,0.024,0.03506,0.00907,17.145233,3602.3,0.4461490683229815,0.009349559060936414
567,3-8-3738,07 55 49.64,-60 43 08.80,0.403,20.05,16.96,14.35,8,8.34,,56.6,,-1.74,0.017,93,-2.36,0.03,0.37,-5.7,1,1,0.464,0.078,0.01829,0.00979,18.65668,3307.1,0.22993506493506488,0.009349559060936414
568,3-8-43,07 53 32.71,-60 44 35.94,,20.81,17.77,15.32,7,0.37,,44.5,,-2.07,,136,,0.46,0.44,-4.52,0,1,,,,,19.370777,,,0.009349559060936414
569,3-8-798,07 54 01.03,-60 44 04.21,,20.51,17.67,15.49,8,2.61,<,8.0,,-2.05,,134,,0.0,-0.04,-7.16,0,1,,,,,19.233505,,,0.009349559060936414
570,3-8-809,07 54 01.66,-60 45 29.20,1.18,18.86,16.17,13.81,22,0.65,,24.9,,-1.48,0.01,69,-1.77,0.29,0.36,-4.68,1,1,0.463,0.025,0.02241,0.00624,17.66377,3470.6,0.3492035398230088,0.009349559060936414
571,3-8-860,07 54 03.69,-60 46 34.20,0.56,18.51,16.05,13.82,24,0.36,,22.9,,-1.45,0.009,67,-2.08,0.46,0.58,-4.47,1,1,0.474,0.025,0.02845,0.00764,17.451569,,,0.009349559060936414
572,3-8-972,07 54 07.80,-60 46 30.01,,16.37,14.43,13.29,56,34.67,<,8.0,*,-0.84,,33,,-0.05,-0.04,,0,1,1.0,,1.30742,,15.085876,5706.0,1.0411042944785276,0.009349559060936414
