,Name,F3.6,e_F3.6,F4.5,e_F4.5,F5.8,e_F5.8,F8.0,e_F8.0,Per,SpT,r_SpT,Mi,SimbadName,RAJ2000,DEJ2000,recno,main_id,ra,dec,coo_err_maj,coo_err_min,coo_err_angle,nbref,ra_sexa,dec_sexa,coo_qual,coo_bibcode,main_type,other_types,radvel,radvel_err,redshift,redshift_err,sp_type,morph_type,plx,plx_err,pmra,pmdec,pm_err_maj,pm_err_min,pm_err_pa,size_maj,size_min,size_angle,B,V,R_x,Jmag,H,K,u,g,r_xa,i,z,angDist,Mass_calc,Mass_e
0,R01- 680,11.52,0.006,11.52,0.008,11.47,0.027,11.44,0.119,7.2,,,,[R2001]  680,05 33 37.1,-05 23 07.0,2,V* V725 Ori,83.4043893688,-5.3852438473,0.0,0.0,90.0,20,05 33 37.05345,-05 23 06.8779,A,2020yCat.1350....0G,Orion_V*,*|Em*|Er*|G|NIR|Or*|TT?|V*|Y*O,21.73,0.349,7.25e-05,1.2e-06,M2.0,,2.6436,0.0378,0.391,0.877,0.029,0.026,90.0,,,,,16.22,16.18,4.509998294395505,11.828,11.652,,,,,,0.70584,0.1953545891886893,0.055689584892635896
1,R01- 716,11.91,0.006,11.9,0.009,11.78,0.018,11.88,0.027,7.55,M5.5,R01,L,[R2001]  716,05 33 41.6,-04 55 59.9,3,V* V1665 Ori,83.423295501,-4.9333080794,0.0,0.0,90.0,11,05 33 41.59092,-04 55 59.9091,A,2020yCat.1350....0G,Orion_V*,*|Em*|G|NIR|Or*|V*,27.3,0.7,9.11e-05,2.3e-06,,,2.6493,0.052,0.737,0.428,0.044,0.039,90.0,,,,,18.16,,5.079998294395503,12.51,12.263,,,,,,0.135996,0.1352838432726335,0.055689584892635896
2,R01- 739,12.09,0.007,12.16,0.012,12.04,0.019,11.97,0.024,3.99,M3.5,R01,L,[R2001]  739,05 33 43.3,-06 05 23.5,4,V* V727 Ori,83.4302108403,-6.0898486382,0.0,0.0,90.0,14,05 33 43.25060,-06 05 23.4551,A,2020yCat.1350....0G,Orion_V*,*|Er*|NIR|Or*|TT*|V*|Y*?|Y*O,18.5,0.5,6.17e-05,1.7e-06,M3.4,,2.6735,0.0404,-0.011,0.97,0.037,0.031,90.0,,,,,17.1,,5.123998294395504,12.54,12.296,,,,,,0.73816,0.13185197939711457,0.055689584892635896
3,R01- 749,12.39,0.009,12.36,0.011,12.36,0.02,12.36,0.031,15.42,,,,[R2001]  749,05 33 44.5,-06 05 20.5,5,V* V1666 Ori,83.4354368204,-6.0890156904,0.0,0.0,90.0,7,05 33 44.50484,-06 05 20.4565,A,2020yCat.1350....0G,Orion_V*,*|NIR|Or*|V*|Y*O,,,,,M3.6,,2.53,0.0505,1.074,0.542,0.046,0.04,90.0,,,,,17.782,,5.392998294395504,12.828,12.611,,,,,,0.084251,0.11476951568632249,0.055689584892635896
4,HBC 107,9.92,0.002,9.97,0.003,9.89,0.007,9.82,0.039,2.64,,,,HBC 107,05 33 44.9,-05 31 08.6,6,V* V386 Ori,83.4372345514,-5.5190187548,0.0,0.0,90.0,19,05 33 44.93629,-05 31 08.4675,A,2020yCat.1350....0G,Orion_V*,*|Em*|Er*|NIR|Or*|TT?|V*,,,,,K7V:,,2.2707,0.0284,2.034,-1.205,0.029,0.024,90.0,,,,16.8,15.22,14.82,3.2159982943955043,10.444,10.16,,16.04,14.49,13.6,,0.557822,0.6452530666027193,0.055689584892635896
5,Par 1266,10.84,0.003,10.84,0.004,10.84,0.011,10.9,0.039,4.65,K8,R01,H,Parenago 1266,05 33 46.1,-05 34 26.5,7,V* V1667 Ori,83.4420578313,-5.5740023527,0.0,0.0,90.0,17,05 33 46.09388,-05 34 26.4085,A,2020yCat.1350....0G,Orion_V*,*|MIR|NIR|Or*|Rad|V*|Y*O,21.11,0.338,7.04e-05,1.1e-06,K8,,4.0409,0.2876,1.339,-1.27,0.253,0.229,90.0,,,,15.86,14.58,14.3,3.6759982943955034,11.073,10.907,,15.28,14.03,13.41,,0.129333,0.4572942522257717,0.055689584892635896
6,R01- 766,12.21,0.007,12.4,0.011,12.26,0.023,12.16,0.03,0.36,M6,R01,L,[R2001]  766,05 33 46.3,-06 13 04.8,8,V* V1668 Ori,83.4427318075,-6.2179905275,0.0,0.0,90.0,9,05 33 46.25563,-06 13 04.7659,A,2020yCat.1350....0G,Orion_V*,*|Em*|G|NIR|Or*|TT*|V*|Y*O,,,,,M4.9,,2.5184,0.0655,0.945,0.002,0.06,0.051,90.0,,,,,18.55,,5.427998294395504,12.905,12.614,,,,,,0.662456,0.11272365287378783,0.055689584892635896
7,R01- 817,11.69,0.005,11.74,0.008,11.64,0.022,11.73,0.091,5.21,,,,[R2001]  817,05 33 51.9,-05 54 25.8,9,V* V1411 Ori,83.4661627179,-5.9071163093,0.0,0.0,90.0,16,05 33 51.87905,-05 54 25.6187,A,2020yCat.1350....0G,Orion_V*,*|NIR|Or*|TT*|V*|Y*O,25.866,0.306,8.63e-05,1e-06,M2.3,,2.5831,0.0296,1.102,0.768,0.026,0.023,90.0,,,,,,,4.722998294395504,12.06,11.877,,,,,,0.361318,0.16235916583635,0.055689584892635896
8,R01- 829,11.82,0.006,11.84,0.01,11.81,0.02,11.7,0.026,0.74,M2,R01,H,[R2001]  829,05 33 53.3,-04 56 05.1,10,V* V1412 Ori,83.4719379079,-4.9347269773,0.0,0.0,90.0,17,05 33 53.26510,-04 56 05.0171,A,2020yCat.1350....0G,Orion_V*,*|NIR|Or*|V*|Y*O,35.999,0.251,0.0001201,8e-07,M2.6,,2.7387,0.0336,1.759,-2.635,0.03,0.026,90.0,,,,,,,4.788998294395505,12.14,11.928,,,,,,0.528135,0.15742934078935197,0.055689584892635896
9,R01- 831,11.82,0.006,11.94,0.008,11.88,0.021,11.89,0.03,4.39,,,,[R2001]  831,05 33 53.4,-06 17 10.2,11,V* V975 Ori,83.4725839389,-6.2861987499,0.0,0.0,90.0,23,05 33 53.42015,-06 17 10.3155,A,2020yCat.1350....0G,Orion_V*,*|BY*|Em*|Er*|G|NIR|Opt|Or*|TT*|V*|X|Y*O,27.489,0.06,9.17e-05,2e-07,M3.4,,2.5363,0.0554,0.962,0.1,0.05,0.043,90.0,,,,18.9,17.176,,5.014998294395504,12.41,12.209,,17.868,16.45,,,0.321805,0.14023903762230236,0.055689584892635896
10,Par 1308,11.23,0.004,11.33,0.007,11.31,0.013,11.22,0.024,3.0,,,,Parenago 1308,05 33 54.6,-06 02 08.7,12,V* V1413 Ori,83.4773984679,-6.0357135707,0.0,0.0,90.0,25,05 33 54.57563,-06 02 08.5689,A,2020yCat.1350....0G,TTau*,*|NIR|Or*|Rad|TT*|V*|Y*?|Y*O,26.26,0.333,8.76e-05,1.1e-06,K4.3,,2.5803,0.0188,1.184,0.672,0.017,0.015,90.0,,,,16.0,14.92,,4.150998294395505,11.56,11.339,,,,,,0.386424,0.2939382804342878,0.055689584892635896
11,R01- 844,12.37,0.008,12.34,0.011,12.29,0.032,12.14,0.072,0.46,M4.5,R01,L,[R2001]  844,05 33 54.8,-05 08 31.1,13,V* V1669 Ori,83.4784800159,-5.1419529893,0.0,0.0,90.0,7,05 33 54.83520,-05 08 31.0308,A,2020yCat.1350....0G,Orion_V*,*|Em*|G|NIR|Or*|V*,,,,,,,2.5952,0.0631,1.01,0.773,0.056,0.046,90.0,,,,,,,5.525998294395505,12.957,12.689,,,,,,0.53047,0.10680229096343503,0.055689584892635896
12,Par 1305,10.53,0.003,10.54,0.004,10.84,0.014,10.63,0.047,3.56,M1,R01,H,Parenago 1305,05 33 56.5,-05 06 47.7,14,V* V735 Ori,83.4855930372,-5.1132213252,0.0,0.0,90.0,18,05 33 56.54233,-05 06 47.5968,A,2020yCat.1350....0G,TTau*,*|Er*|NIR|Or*|TT*|V*|Y*O,30.51,0.78,0.0001018,2.6e-06,M3.0,,2.5841,0.0334,0.995,0.042,0.027,0.023,90.0,,,,16.2,15.21,,3.565998294395504,10.92,10.687,,,,,,0.640777,0.4977615686638992,0.055689584892635896
13,R01- 863,10.44,0.003,10.46,0.004,10.45,0.03,10.22,0.131,5.92,,,,[R2001]  863,05 33 57.7,-05 40 06.1,15,V* V1414 Ori,83.4903906272,-5.668374225,0.0,0.0,90.0,34,05 33 57.69375,-05 40 06.1472,A,2020yCat.1350....0G,TTau*,*|Em*|NIR|Opt|Or*|TT*|TT?|V*|X|Y*?|Y*O,30.52,0.383,0.0001018,1.3e-06,M2.2e,,2.5176,0.0272,-2.21,-3.58,0.027,0.022,90.0,,,,18.198,16.932,,3.7669982943955045,10.9,10.631,,,,,,0.104549,0.42336788067111586,0.055689584892635896
14,R01- 864,12.09,0.009,12.07,0.012,12.0,0.056,10.75,0.101,1.13,M3,R01,L,[R2001]  864,05 33 57.9,-05 36 27.0,16,V* V1415 Ori,83.4913189982,-5.6075084085,0.0,0.0,90.0,15,05 33 57.91656,-05 36 27.0303,A,2020yCat.1350....0G,Orion_V*,*|Em*|NIR|Or*|V*|Y*O,28.9,2.1,9.64e-05,7e-06,M3.5e,,2.5597,0.043,1.191,0.134,0.04,0.032,90.0,,,,18.565,17.303,,5.100998294395504,12.5,12.279,,,,,,0.249051,0.13390050691206104,0.055689584892635896
15,CHS 1721,11.28,0.004,11.2,0.006,11.35,0.015,11.1,0.031,4.96,,,,[CHS2001] 1721,05 33 59.5,-04 43 04.6,17,V* V1214 Ori,83.4977751478,-4.7179098758,0.0,0.0,90.0,12,05 33 59.46604,-04 43 04.4756,A,2020yCat.1350....0G,TTau*,*|Em*|G|NIR|Opt|Or*|TT*|V*|Y*O,19.7,,6.57e-05,,M1.0,,2.5726,0.0204,0.436,1.684,0.019,0.017,90.0,,,,,,,4.243998294395505,11.627,11.436,,,,,,0.52277,0.2686573173021191,0.055689584892635896
16,Par 1319,9.35,0.001,9.33,0.002,9.36,0.004,9.26,0.01,0.44,,,,Parenago 1319,05 33 59.9,-05 00 03.7,18,Brun 166,83.4996002319,-5.0010118507,0.0,0.0,90.0,21,05 33 59.90406,-05 00 03.6427,A,2020yCat.1350....0G,Em*,*|Em*|NIR|Rad,55.0,2.0,0.0001835,6.7e-06,K0III,,2.6265,0.0536,1.705,-1.095,0.049,0.041,90.0,,,,13.68,12.57,,2.1149982943955035,9.602,9.436,,,,,,0.083429,0.0,0.0
17,Par 1335,10.73,0.003,10.43,0.003,9.9,0.005,8.61,0.003,3.07,M0,R01,H,Parenago 1335,05 34 01.1,-06 02 26.8,19,V* V1416 Ori,83.5045405501,-6.0407536436,0.0,0.0,90.0,30,05 34 01.08973,-06 02 26.7131,A,2020yCat.1350....0G,TTau*,*|MIR|NIR|Or*|TT*|V*|Y*?|Y*O,23.679,0.048,7.9e-05,2e-07,K7.6,,2.6005,0.0182,0.614,1.001,0.017,0.015,90.0,,,,16.0,15.016,,3.977998294395505,11.36,11.139,,,,,,0.176091,0.3509580207526128,0.055689584892635896
18,R01- 895,11.4,0.004,11.38,0.007,11.37,0.017,11.53,0.055,5.7,M1.5,R01,H,[R2001]  895,05 34 01.7,-05 46 51.4,20,V* V1417 Ori,83.5071741079,-5.7809349704,0.0,0.0,90.0,19,05 34 01.72179,-05 46 51.3659,A,2020yCat.1350....0G,Orion_V*,*|Em*|NIR|Or*|TT?|V*|Y*O,21.34,0.346,7.12e-05,1.2e-06,M1.5,,2.6115,0.0255,-0.014,1.021,0.022,0.021,90.0,,,,17.61,15.8,,4.307998294395505,11.66,11.471,,,,,,0.326911,0.2506505265462054,0.055689584892635896
19,Par 1333,8.73,0.002,8.32,0.002,7.84,0.002,7.11,0.002,4.2,,,,Parenago 1333,05 34 02.2,-05 36 19.5,21,V* II Ori,83.5090733944,-5.6054279863,0.0,0.0,90.0,39,05 34 02.17761,-05 36 19.5408,A,2020yCat.1350....0G,TTau*,*|Em*|Er*|MIR|NIR|Opt|Or*|Rad|TT*|TT?|V*|X|Y*O,25.4,0.52,8.47e-05,1.7e-06,K7,,2.5599,0.0193,1.306,-1.647,0.019,0.015,90.0,,,,15.825,14.617,,2.7449982943955042,9.94,9.551,,,,,,0.33665,0.8805567477198654,0.055689584892635896
20,R01- 903,12.49,0.008,12.33,0.009,11.96,0.02,11.58,0.026,1.87,,,,[R2001]  903,05 34 02.4,-06 04 29.6,22,V* V1418 Ori,83.5103983007,-6.0752560857,0.0,0.0,90.0,16,05 34 02.49559,-06 04 30.9219,A,2020yCat.1350....0G,Orion_V*,*|Em*|G|MIR|NIR|Or*|V*|Y*?|Y*O,,,,,M4.3,,2.5111,0.0859,1.128,0.643,0.089,0.076,90.0,,,,,19.619,,6.789998294395504,13.664,13.057,,,,,,1.944334,0.0,0.0
21,R01- 912,11.59,0.005,11.67,0.007,11.56,0.023,11.34,0.066,6.11,,,,[R2001]  912,05 34 02.9,-05 49 44.3,23,V* V1419 Ori,83.5121713414,-5.8289702214,0.0,0.0,90.0,21,05 34 02.92112,-05 49 44.2928,A,2020yCat.1350....0G,Orion_V*,*|Em*|NIR|Opt|Or*|V*|Y*?|Y*O,27.568,0.036,9.2e-05,1e-07,,,2.6146,0.0287,1.183,0.34,0.025,0.022,90.0,,,,17.58,16.3,,4.573998294395505,11.96,11.728,,,,,,0.315273,0.18039722556766316,0.055689584892635896
22,Par 1341,8.17,0.002,7.8,0.002,7.57,0.002,6.58,0.002,2.66,,,,Parenago 1341,05 34 03.0,-05 36 57.3,24,V* WW Ori,83.5125162689,-5.6159178731,0.0,0.0,90.0,52,05 34 03.00390,-05 36 57.3043,A,2020yCat.1350....0G,TTau*,*|Em*|Er*|IR|MIR|NIR|Or*|TT*|TT?|V*|X|Y*?|Y*O,29.109,0.03,9.71e-05,1e-07,,,2.5046,0.0172,1.37,-1.592,0.016,0.013,90.0,,,,14.79,13.707,13.37,2.294998294395505,9.51,9.087,,,,,,0.058448,1.180247601543228,0.055689584892635896
23,CHS 2276,10.7,0.003,10.36,0.003,10.4,0.007,10.32,0.012,6.0,,,,[CHS2001] 2276,05 34 06.7,-06 24 11.9,25,V* V1924 Ori,83.5278133244,-6.4033121185,0.0,0.0,90.0,17,05 34 06.67520,-06 24 11.9236,A,2020yCat.1350....0G,Orion_V*,*|NIR|Opt|Or*|V*|X|Y*O,66.662,0.05,0.0002224,2e-07,K0.8,,1.2699,0.0247,0.04,1.477,0.022,0.018,90.0,,,,,15.825,,3.592998294395505,10.83,10.507,20.08,16.744,14.989,14.53,13.413,0.370466,0.4876339556799982,0.055689584892635896
24,HBC 441,9.55,0.003,9.47,0.002,9.26,0.016,9.04,0.07,4.6,,,,HBC 441,05 34 07.3,-05 13 45.5,26,V* WX Ori,83.5304880999,-5.2292711131,0.0,0.0,90.0,52,05 34 07.31714,-05 13 45.3760,A,2020yCat.1350....0G,TTau*,*|Em*|Er*|MIR|NIR|Or*|TT*|TT?|V*|Y*O,30.679,0.049,0.0001023,2e-07,K6,,2.5757,0.0229,0.834,-0.481,0.021,0.017,90.0,,,,15.187,14.344,,3.0859982943955035,10.38,9.969,,,,,,0.284528,0.7023534126092393,0.055689584892635896
25,R01- 1030,12.79,0.013,12.8,0.021,12.67,0.054,12.65,0.142,1.22,,,,[R2001]  1030,05 34 12.3,-05 41 34.8,27,V* V1422 Ori,83.5514122528,-5.6929999857,0.0,0.0,90.0,10,05 34 12.33894,-05 41 34.7999,A,2020yCat.1350....0G,Orion_V*,*|Em*|MIR|NIR|Or*|V*|Y*O,,,,,M4.4e,,2.7756,0.1114,0.781,-0.02,0.12,0.092,90.0,,,,20.329,19.138,,5.996998294395505,13.462,13.184,,,,,,0.581229,0.0,0.0
26,Par 1379,8.69,0.002,8.45,0.002,8.31,0.002,7.61,0.002,5.62,K4,R01,H,Parenago 1379,05 34 12.6,-04 50 24.7,28,V* V1169 Ori,83.5526275953,-4.8401920383,0.0,0.0,90.0,45,05 34 12.63062,-04 50 24.6913,A,2020yCat.1350....0G,TTau*,*|**|MIR|NIR|Or*|TT*|V*|V*?|Y*O,30.826,0.019,0.0001028,1e-07,K4,,2.5569,0.0116,1.315,-0.291,0.011,0.009,90.0,,,,17.4,12.79,,2.4129982943955035,9.68,9.28,,,,,,0.457787,1.0926857779218853,0.055689584892635896
27,H97: 3126,11.14,0.004,11.19,0.005,11.09,0.018,10.9,0.103,8.46,K7,H97,H,[H97b] 3126,05 34 12.9,-05 28 48.2,29,Parenago  1382,83.5537173446,-5.4800551779,0.0,0.0,90.0,35,05 34 12.89216,-05 28 48.1986,A,2020yCat.1350....0G,YSO,*|Em*|G|MIR|NIR|TT?|Y*O,26.022,0.038,8.68e-05,1e-07,K7,,2.6118,0.0211,0.481,-0.124,0.019,0.016,90.0,,,,16.006,15.003,,4.003998294395505,11.39,11.222,,,,,,0.11703,0.3420549609037198,0.055689584892635896
28,R01- 1036,11.57,0.005,11.57,0.007,11.49,0.021,10.97,0.06,8.39,,,,[R2001]  1036,05 34 13.0,-05 42 13.4,30,V* V1423 Ori,83.5541674815,-5.7036944517,0.0,0.0,90.0,26,05 34 13.00020,-05 42 13.3000,A,2020yCat.1350....0G,TTau*,*|Em*|NIR|Or*|TT*|V*|X|Y*O,26.481,0.026,8.83e-05,1e-07,M2,,2.6016,0.0263,1.39,0.438,0.027,0.021,90.0,,,,17.309,16.163,,4.573998294395505,11.96,11.736,,,,,,0.100016,0.18039722556766316,0.055689584892635896
29,R01- 1048,10.36,0.003,10.22,0.003,10.07,0.012,9.67,0.041,8.77,,,,[R2001]  1048,05 34 14.2,-05 42 21.0,31,V* V1425 Ori,83.5591826205,-5.7058390642,0.0,0.0,90.0,35,05 34 14.20383,-05 42 21.0206,A,2020yCat.1350....0G,TTau*,*|Em*|MIR|NIR|Or*|TT*|TT?|V*|Y*O,26.019,0.202,8.68e-05,7e-07,M2,,2.5455,0.0256,0.965,-0.099,0.026,0.021,90.0,,,,17.388,16.278,,4.2109982943955035,11.41,10.987,,,,,,0.060759,0.27778304615839977,0.055689584892635896
30,R01- 1051,12.5,0.007,12.49,0.011,12.72,0.033,12.52,0.082,1.43,,,,[R2001]  1051,05 34 14.4,-04 58 33.7,32,V* V1670 Ori,83.5599249401,-4.9760109703,0.0,0.0,90.0,8,05 34 14.38199,-04 58 33.6395,A,2020yCat.1350....0G,Orion_V*,*|MIR|NIR|Or*|TT*|V*|Y*O,,,,,M3.6,,2.5858,0.0531,0.541,0.749,0.047,0.04,90.0,,,,,,,5.526998294395504,12.951,12.764,,,,,,0.275913,0.10680229096343503,0.055689584892635896
31,R01- 1086,10.08,0.002,9.59,0.002,9.42,0.004,8.83,0.004,8.75,,,,[R2001]  1086,05 34 17.1,-04 48 03.7,33,V* V1939 Ori,83.5710627133,-4.8010124235,0.0,0.0,90.0,24,05 34 17.05505,-04 48 03.6447,A,2020yCat.1350....0G,TTau*,*|MIR|NIR|Or*|TT*|V*|Y*O,31.976,0.058,0.0001067,2e-07,M1.5,,2.529,0.1526,2.192,0.328,0.136,0.122,90.0,,,,,20.33,,5.413998294395505,12.189,11.248,,,,,,0.674137,0.11359594728160012,0.055689584892635896
32,HBJM 10075,11.03,0.004,11.04,0.006,10.85,0.03,10.52,0.117,1.65,,,,[H97b] 10075,05 34 17.1,-05 38 17.1,34,Haro 4-147,83.571418911,-5.638020483,0.0,0.0,90.0,29,05 34 17.14054,-05 38 16.8737,A,2020yCat.1350....0G,TTau*,*|Em*|NIR|TT*|TT?|V*|X|Y*O,22.381,0.236,7.47e-05,8e-07,M3.2e,,2.4496,0.0392,0.504,-1.949,0.039,0.03,90.0,,,,18.075,16.866,,4.174998294395504,11.549,11.278,,,,,,0.646054,0.28721875699467886,0.055689584892635896
33,R01- 1098,11.5,0.004,11.44,0.007,11.58,0.015,11.38,0.021,6.63,,,,[R2001]  1098,05 34 17.6,-06 03 38.2,35,V* V1426 Ori,83.5731742341,-6.0606012606,0.0,0.0,90.0,20,05 34 17.56182,-06 03 38.1645,A,2020yCat.1350....0G,TTau*,*|NIR|Or*|TT*|V*|Y*?|Y*O,26.798,0.033,8.94e-05,1e-07,M0.7,,2.6345,0.0277,1.275,0.826,0.025,0.022,90.0,,,,,16.004,,4.488998294395504,11.88,11.663,,,,,,0.570659,0.20043930889194295,0.055689584892635896
34,H97: 3151,10.62,0.003,10.83,0.005,10.65,0.009,10.53,0.029,3.24,M1,H97,H,[H97b] 3151,05 34 18.0,-05 33 33.3,36,V* V1427 Ori,83.5750253059,-5.5592684867,0.0,0.0,90.0,41,05 34 18.00607,-05 33 33.3666,A,2020yCat.1350....0G,TTau*,*|Em*|NIR|Or*|Rad|TT*|TT?|V*|X|Y*?|Y*O,23.143,0.263,7.72e-05,9e-07,M1,,2.5191,0.0182,0.934,-0.73,0.018,0.013,90.0,,,,16.286,15.214,,3.621998294395505,11.01,10.787,,,,,,0.112476,0.47648648693145756,0.055689584892635896
35,H97: 3141,10.44,0.003,10.43,0.004,10.44,0.012,10.45,0.053,5.22,,,,[H97b] 3141,05 34 18.3,-05 31 16.4,37,V* V1942 Ori,83.5763019792,-5.5212257187,0.0,0.0,90.0,25,05 34 18.31248,-05 31 16.4126,A,2020yCat.1350....0G,Orion_V*,*|Em*|NIR|Or*|V*|X|Y*O,24.09,0.303,8.04e-05,1e-06,M1.0,,2.6118,0.113,1.921,-1.331,0.104,0.082,90.0,,,,21.325,19.696,,4.668998294395504,11.34,10.819,,,,,,0.186682,0.16615758148262658,0.055689584892635896
36,H97: 3158,10.8,0.003,10.8,0.004,10.82,0.012,10.79,0.042,6.29,M0,H97,H,[H97b] 3158,05 34 18.5,-05 34 00.2,38,V* V1671 Ori,83.577197156,-5.5667380942,0.0,0.0,90.0,34,05 34 18.52732,-05 34 00.2571,A,2020yCat.1350....0G,Orion_V*,*|Em*|NIR|Or*|V*|X|Y*O,24.08,0.294,8.03e-05,1e-06,M0,,2.5316,0.0186,1.067,0.519,0.018,0.014,90.0,,,,16.176,15.073,,3.8199982943955035,11.15,10.973,,,,,,0.411812,0.40319512934078117,0.055689584892635896
37,Par 1409,7.73,0.002,7.57,0.002,7.2,0.001,6.16,0.002,1.5,,,,Parenago 1409,05 34 18.6,-05 04 47.9,39,V* EZ Ori,83.5773600192,-5.0799463967,0.0,0.0,90.0,101,05 34 18.56640,-05 04 47.8070,A,2020yCat.1350....0G,Orion_V*,*|Em*|IR|MIR|NIR|Opt|Or*|Rad|TT*|V*|X|Y*O,23.758,0.051,7.93e-05,2e-07,G4Ve,,2.7987,0.1752,0.984,1.198,0.152,0.124,90.0,,,,,12.0,,1.5879982943955042,8.96,8.466,,,,,,0.510489,0.0,0.0
38,H97: 3149,12.65,0.009,12.62,0.011,12.34,0.049,11.26,0.101,2.48,M3.5,H97,L,[H97b] 3149,05 34 19.1,-05 33 11.4,40,2MASS J05341908-0533113,83.5795258835,-5.5531803883,0.0,0.0,90.0,16,05 34 19.08621,-05 33 11.4494,A,2020yCat.1350....0G,YSO,*|Em*|NIR|V*|Y*O,,,,,M3.5,,2.6519,0.1344,0.211,-1.047,0.133,0.096,90.0,,,,21.532,20.162,,5.946998294395504,13.453,13.102,,,,,,0.211693,0.0,0.0
39,R01- 1124,12.43,0.008,12.25,0.01,12.27,0.021,12.15,0.025,2.33,,,,[R2001]  1124,05 34 19.9,-06 18 47.9,41,V* V933 Ori,83.5828524694,-6.3132947289,0.0,0.0,90.0,16,05 34 19.88459,-06 18 47.8610,A,2020yCat.1350....0G,Orion_V*,*|Em*|G|NIR|Opt|Or*|V*|X|Y*?|Y*O,25.9,0.5,8.64e-05,1.7e-06,M3.4,,2.613,0.0503,1.304,0.691,0.044,0.038,90.0,,,,,17.53,,5.304998294395505,12.72,12.503,20.93,18.384,16.978,15.614,14.847,0.232992,0.12020243088995974,0.055689584892635896
40,R01- 1132,11.84,0.006,11.94,0.008,11.81,0.018,12.03,0.054,5.4,,,,[R2001]  1132,05 34 20.3,-04 58 56.4,42,V* V745 Ori,83.5847685953,-4.9823398916,0.0,0.0,90.0,23,05 34 20.34446,-04 58 56.4236,A,2020yCat.1350....0G,TTau*,*|Em*|Er*|NIR|Or*|TT*|TT?|V*|Y*O,28.441,0.062,9.49e-05,2e-07,M2.6,,2.588,0.0392,0.292,-0.148,0.033,0.028,90.0,,,,,17.07,,4.938998294395503,12.29,12.059,,,,,,0.664842,0.14612474581095003,0.055689584892635896
41,R01- 1150,11.32,0.004,11.24,0.007,11.25,0.013,11.14,0.027,4.51,M6,R01,L,[R2001]  1150,05 34 21.4,-04 55 47.9,43,V* V1428 Ori,83.5893827869,-4.9299384273,0.0,0.0,90.0,14,05 34 21.45187,-04 55 47.7783,A,2020yCat.1350....0G,TTau*,*|Em*|G|NIR|Or*|TT*|V*|Y*O,22.5,2.5,7.51e-05,8.3e-06,,,2.5153,0.0428,1.656,1.646,0.038,0.03,90.0,,,,,18.18,,4.448998294395505,11.851,11.582,,,,,,0.784644,0.2115521200339485,0.055689584892635896
42,Par 1435,9.87,0.002,9.33,0.002,9.14,0.004,8.31,0.003,10.57,,,,Parenago 1435,05 34 23.0,-04 41 39.3,44,V* V547 Ori,83.5957873474,-4.694254061,0.0,0.0,90.0,37,05 34 22.98896,-04 41 39.3146,A,2020yCat.1350....0G,TTau*,*|Em*|MIR|NIR|Opt|Or*|TT*|V*|X|Y*O,31.464,0.031,0.000105,1e-07,K7.5e,,2.5117,0.0213,1.411,-0.235,0.02,0.016,90.0,,,,16.1,15.43,,3.746998294395505,11.03,10.716,,,,,,0.165641,0.4310517392137099,0.055689584892635896
43,H97: 3020,9.67,0.002,9.94,0.003,9.72,0.012,9.63,0.051,21.45,M0.5,H97,H,[H97b] 3020,05 34 23.9,-05 15 40.3,45,V* V1676 Ori,83.5994750099,-5.2611816006,0.0,0.0,90.0,25,05 34 23.87400,-05 15 40.2538,A,2020yCat.1350....0G,Orion_V*,*|Em*|NIR|Or*|SB*|V*|Y*O,76.393,0.332,0.0002549,1.1e-06,M0.5,,2.5571,0.0294,-0.456,-1.693,0.028,0.021,90.0,,,,18.529,16.847,,3.233998294395505,10.2,9.845,,,,,,0.391065,0.6370161425559265,0.055689584892635896
44,R01- 1175,11.23,0.004,11.48,0.006,11.33,0.013,11.19,0.019,2.09,M0,R01,H,[R2001]  1175,05 34 24.3,-06 06 55.6,46,V* V1677 Ori,83.6012581633,-6.1154053884,0.0,0.0,90.0,26,05 34 24.30196,-06 06 55.4594,A,2020yCat.1350....0G,TTau*,*|NIR|Opt|Or*|TT*|V*|Y*?|Y*O,26.754,0.078,8.92e-05,3e-07,M0.4,,2.6186,0.0208,1.378,0.748,0.019,0.017,90.0,,,,,15.449,,4.2189982943955044,11.6,11.404,,,,,,0.143606,0.2749425932350816,0.055689584892635896
45,CHS 3730,11.63,0.005,11.59,0.007,11.48,0.019,11.31,0.045,7.95,,,,[CHS2001] 3730,05 34 24.4,-04 52 52.4,47,V* V1954 Ori,83.6015849997,-4.881224977,0.0,0.0,90.0,16,05 34 24.38040,-04 52 52.4099,A,2020yCat.1350....0G,Orion_V*,*|NIR|Or*|V*|Y*O,29.42,0.339,9.81e-05,1.1e-06,M1.3,,2.8138,0.1136,1.564,-0.986,0.103,0.085,90.0,,,,,19.8,,5.523998294395504,12.43,11.958,,,,,,0.293103,0.10707707434553027,0.055689584892635896
46,R01- 1183,10.53,0.003,10.52,0.004,10.64,0.01,10.42,0.039,5.12,,,,[R2001]  1183,05 34 25.2,-04 45 10.9,48,V* V978 Ori,83.6049477111,-4.7530370105,0.0,0.0,90.0,22,05 34 25.18745,-04 45 10.9332,A,2020yCat.1350....0G,Orion_V*,*|Er*|NIR|Or*|V*|Y*O,28.023,0.034,9.35e-05,1e-07,,,2.6337,0.03,0.498,-0.73,0.028,0.022,90.0,,,,18.1,,,3.9689982943955044,11.14,10.803,,,,,,0.190514,0.3536738546621309,0.055689584892635896
47,R01- 1186,10.78,0.003,11.05,0.005,10.73,0.011,10.68,0.043,2.26,,,,[R2001]  1186,05 34 25.3,-04 54 39.8,49,V* V1678 Ori,83.605276694,-4.9110354413,0.0,0.0,90.0,14,05 34 25.26641,-04 54 39.7276,A,2020yCat.1350....0G,Orion_V*,*|Em*|G|NIR|Opt|Or*|TT*|V*|Y*O,20.4,1.1,6.8e-05,3.7e-06,M4.9,,2.6558,0.0306,0.505,2.845,0.028,0.023,90.0,,,,,16.78,,3.9019982943955043,11.208,10.995,,,,,,0.507247,0.3761709246745875,0.055689584892635896
48,HBJM 10135,11.68,0.005,11.76,0.009,11.67,0.02,11.66,0.048,15.0,,,,[H97b] 10135,05 34 26.1,-05 07 33.3,50,V* V1429 Ori,83.6086418565,-5.1258706908,0.0,0.0,90.0,16,05 34 26.07405,-05 07 33.1345,A,2020yCat.1350....0G,Orion_V*,*|Em*|G|NIR|Or*|TT*|TT?|V*|Y*O,28.9,0.5,9.64e-05,1.7e-06,M4.9,,2.2645,0.0761,0.649,0.074,0.068,0.054,90.0,,,,,17.6,,4.749998294395505,12.25,11.945,,,,,,0.421607,0.1602865834860858,0.055689584892635896
49,R01- 1200,11.68,0.005,11.76,0.009,11.67,0.02,11.66,0.048,15.0,,,,[R2001]  1200,05 34 26.1,-05 07 33.3,51,V* V1429 Ori,83.6086418565,-5.1258706908,0.0,0.0,90.0,16,05 34 26.07405,-05 07 33.1345,A,2020yCat.1350....0G,Orion_V*,*|Em*|G|NIR|Or*|TT*|TT?|V*|Y*O,28.9,0.5,9.64e-05,1.7e-06,M4.9,,2.2645,0.0761,0.649,0.074,0.068,0.054,90.0,,,,,17.6,,4.749998294395505,12.25,11.945,,,,,,0.421607,0.1602865834860858,0.055689584892635896
50,Par 1458,11.06,0.004,10.99,0.005,11.06,0.012,10.92,0.022,6.73,,,,Parenago 1458,05 34 26.5,-05 01 00.9,52,V* V1219 Ori,83.6105125015,-5.0168352403,0.002,0.002,90.0,10,05 34 26.52300,-05 01 00.6069,C,2018yCat.1345....0G,Orion_V*,*|Em*|MIR|NIR|Or*|TT*|V*|Y*O,,,,,M2.0,,,,0.3,3.4,3.1,3.6,90.0,,,,16.55,15.9,15.14,4.0169982943955045,11.38,11.183,,,,,,0.451715,0.33768848691293857,0.055689584892635896
51,H97: 3122,11.48,0.005,11.21,0.006,11.43,0.034,11.01,0.116,17.08,,,,[H97b] 3122,05 34 26.8,-05 28 32.2,53,Parenago  1465,83.6116577445,-5.4755978957,0.0,0.0,90.0,35,05 34 26.79786,-05 28 32.1524,A,2020yCat.1350....0G,YSO,*|Em*|G|Ir*|MIR|NIR|Rad|TT?|X|Y*O,25.262,0.029,8.43e-05,1e-07,M1.5,,2.4555,0.0421,0.129,0.907,0.039,0.03,90.0,,,,17.34,16.298,,4.365998294395505,11.61,11.421,,,,,,0.057321,0.2344522995185676,0.055689584892635896
52,H97: 3145,10.24,0.003,10.21,0.003,10.17,0.016,10.16,0.077,1.66,M3,H97,L,[H97b] 3145,05 34 27.1,-05 32 29.1,54,V* V1116 Ori B,83.6129261364,-5.5413785178,0.001,0.001,90.0,0,05 34 27.10227,-05 32 28.9627,C,2018yCat.1345....0G,Star,*|V*,,,,,,,,,,,,,,,,,,,,,,,,,,,,0.141466,0.0,0.0
53,Par 1469,8.49,0.002,8.61,0.003,8.57,0.005,8.61,0.027,5.03,G9IV-V,H97,H,Parenago 1469,05 34 27.3,-05 24 22.3,55,V* V1961 Ori,83.6139415704,-5.4061905367,0.0,0.0,90.0,48,05 34 27.34598,-05 24 22.2859,A,2020yCat.1350....0G,Orion_V*,*|Em*|NIR|Or*|Rad|V*|X|Y*O,32.022,0.023,0.0001068,1e-07,G9IV-V,,2.5727,0.0172,-7.291,-0.9,0.016,0.013,90.0,,,,13.367,12.44,,1.5459982943955044,8.96,8.723,,,,,,0.68673,0.0,0.0
54,H97: 3120,11.1,0.005,11.09,0.006,10.93,0.025,10.43,0.084,1.57,,,,[H97b] 3120,05 34 27.5,-05 28 28.5,56,2MASS J05342753-0528284,83.614742189,-5.4745695432,0.0,0.0,90.0,31,05 34 27.53813,-05 28 28.4504,A,2020yCat.1350....0G,TTau*,*|Em*|G|NIR|TT*|TT?|Y*O,26.577,0.058,8.87e-05,2e-07,M4.2e,,2.396,0.116,1.526,0.796,0.106,0.078,90.0,,,,18.327,17.134,,4.176998294395505,11.52,11.277,,,,,,0.571432,0.28721875699467886,0.055689584892635896
55,R01- 1227,8.42,0.002,7.21,0.002,6.68,0.002,5.91,0.001,9.35,,,,[R2001]  1227,05 34 27.7,-05 37 19.2,57,V* V1962 Ori,83.6152960023,-5.6220298344,0.0,0.0,90.0,27,05 34 27.67104,-05 37 19.3074,A,2020yCat.1350....0G,TTau*,*|Em*|G|IR|Ir*|MIR|NIR|Or*|SB*|TT*|V*|Y*O|cor,31.07,2.334,0.0001036,7.8e-06,M2.7,,2.4703,0.1608,1.291,-1.171,0.181,0.129,90.0,0.266667,0.266667,0.0,,20.3,,5.0699982943955035,11.415,10.182,,,,,,0.445444,0.13598086151825553,0.055689584892635896
56,HBJM 10141,8.42,0.002,7.21,0.002,6.68,0.002,5.91,0.001,8.87,,,,[H97b] 10141,05 34 27.7,-05 37 19.2,58,V* V1962 Ori,83.6152960023,-5.6220298344,0.0,0.0,90.0,27,05 34 27.67104,-05 37 19.3074,A,2020yCat.1350....0G,TTau*,*|Em*|G|IR|Ir*|MIR|NIR|Or*|SB*|TT*|V*|Y*O|cor,31.07,2.334,0.0001036,7.8e-06,M2.7,,2.4703,0.1608,1.291,-1.171,0.181,0.129,90.0,0.266667,0.266667,0.0,,20.3,,5.0699982943955035,11.415,10.182,,,,,,0.445444,0.13598086151825553,0.055689584892635896
57,R01- 1228,11.91,0.008,11.85,0.01,11.81,0.056,11.18,0.165,17.55,,,,[R2001]  1228,05 34 27.8,-05 42 10.1,59,V* V1430 Ori,83.6158680998,-5.7028354769,0.0,0.0,90.0,26,05 34 27.80834,-05 42 10.2077,A,2020yCat.1350....0G,Orion_V*,*|Em*|NIR|Or*|TT*|V*|X|Y*O,25.627,0.045,8.55e-05,1e-07,M1.3e,,2.7161,0.0351,1.151,0.372,0.032,0.026,90.0,,,,18.024,16.877,,4.854998294395504,12.218,12.029,,,,,,0.16466,0.15264920347244804,0.055689584892635896
58,Par 1486,10.61,0.003,10.75,0.004,10.63,0.008,10.55,0.021,3.88,K5,R01,H,Parenago 1486,05 34 28.0,-05 59 52.5,60,V* V751 Ori,83.6167157607,-5.9979058006,0.0,0.0,90.0,32,05 34 28.01178,-05 59 52.4609,A,2020yCat.1350....0G,TTau*,*|Er*|NIR|Or*|TT*|V*|X|Y*O,27.394,0.041,9.14e-05,1e-07,K3.5e,,2.6034,0.0138,1.513,0.774,0.013,0.011,90.0,,,,14.3,,,3.4719982943955046,10.92,10.782,,,,,,0.180071,0.5362697138677195,0.055689584892635896
59,R01- 1234,11.13,0.004,11.41,0.007,11.2,0.011,11.08,0.019,7.0,K8,R01,H,[R2001]  1234,05 34 28.1,-06 16 13.2,61,V* V1680 Ori,83.6169934056,-6.2703131265,0.0,0.0,90.0,29,05 34 28.07842,-06 16 13.1273,A,2020yCat.1350....0G,TTau*,*|Em*|G|NIR|Or*|TT*|V*|X|Y*?|Y*O,27.092,0.029,9.04e-05,1e-07,M0.3,,2.5943,0.0228,1.241,0.497,0.021,0.017,90.0,,,,,15.371,,4.167998294395504,11.48,11.362,,,,,,0.329923,0.289441354552139,0.055689584892635896
60,Par 1485,10.28,0.002,10.32,0.003,10.32,0.009,10.21,0.024,1.92,,,,Parenago 1485,05 34 28.9,-05 47 13.8,62,V* V750 Ori,83.620211903,-5.7871657946,0.0,0.0,90.0,30,05 34 28.85086,-05 47 13.7969,A,2020yCat.1350....0G,Orion_V*,*|Er*|MIR|NIR|Or*|V*|X|Y*O,19.9,0.079,6.64e-05,3e-07,,,2.5103,0.0155,-1.587,-7.551,0.013,0.011,90.0,,,,15.48,14.08,13.88,3.243998294395505,10.624,10.416,,14.78,13.58,13.0,,0.733399,0.6337508898640422,0.055689584892635896
61,Par 1482,9.63,0.003,9.68,0.003,9.37,0.026,8.95,0.052,3.37,K8-M0,H97,H,Parenago 1482,05 34 29.1,-05 14 14.6,63,V* V1431 Ori,83.6211447313,-5.2373594044,0.0,0.0,90.0,36,05 34 29.07474,-05 14 14.4939,A,2020yCat.1350....0G,TTau*,*|Em*|NIR|Or*|Rad|TT*|V*|X|Y*O,30.968,0.032,0.0001033,1e-07,K3e,,2.2739,0.0949,0.349,-1.582,0.081,0.063,90.0,,,,17.271,15.941,,3.044998294395505,10.18,9.849,,,,,,0.392028,0.7224884413711444,0.055689584892635896
62,Par 1483,8.88,0.003,8.42,0.002,8.12,0.008,7.55,0.026,8.26,K4,H97,H,Parenago 1483,05 34 29.3,-05 14 39.8,64,V* V1432 Ori,83.6219554021,-5.2443533063,0.0,0.0,90.0,40,05 34 29.26930,-05 14 39.6719,A,2020yCat.1350....0G,TTau*,*|Em*|G|MIR|NIR|Or*|TT*|TT?|V*|X|Y*?|Y*O,28.341,0.033,9.45e-05,1e-07,K4,,2.5037,0.0587,1.125,-0.758,0.052,0.041,90.0,,,,16.395,15.138,,2.874998294395505,9.95,9.426,,,,,,0.476178,0.8089687208511839,0.055689584892635896
63,R01- 1247,12.8,0.009,12.86,0.011,12.81,0.035,12.43,0.124,2.11,,,,[R2001]  1247,05 34 29.6,-05 04 28.9,65,V* V1681 Ori,83.6233265492,-5.0746514349,0.0,0.0,90.0,10,05 34 29.59837,-05 04 28.7452,A,2020yCat.1350....0G,Orion_V*,*|IR|NIR|Or*|V*|Y*O,,,,,M5.1,,2.7215,0.1047,2.065,-0.551,0.09,0.076,90.0,,,,,,,5.994998294395504,13.447,13.157,,,,,,0.156734,0.0,0.0
64,R01- 1249,11.48,0.004,11.39,0.006,11.14,0.014,9.95,0.017,10.26,,,,[R2001]  1249,05 34 29.6,-05 47 24.7,66,V* V935 Ori,83.6233523887,-5.7901942405,0.0,0.0,90.0,34,05 34 29.60457,-05 47 24.6993,A,2020yCat.1350....0G,TTau*,*|Em*|MIR|NIR|Or*|RS*|TT*|TT?|V*|X|Y*?|Y*O,27.617,0.037,9.21e-05,1e-07,M1.9e,,2.5971,0.0283,1.593,0.487,0.025,0.02,90.0,,,,,,,4.558998294395504,11.89,11.698,,,,,,0.068253,0.18414387459125517,0.055689584892635896
65,R01- 1251,11.7,0.005,11.71,0.008,11.62,0.018,11.69,0.046,7.2,,,,[R2001]  1251,05 34 29.9,-05 04 05.4,67,V* V1433 Ori,83.6244504106,-5.0681486862,0.0,0.0,90.0,26,05 34 29.86810,-05 04 05.3353,A,2020yCat.1350....0G,TTau*,*|Em*|IR|NIR|Or*|TT*|TT?|V*|Y*O,30.761,0.056,0.0001026,2e-07,M3.0,,2.5525,0.0362,1.606,0.513,0.03,0.026,90.0,,,,,16.82,,4.762998294395505,12.1,11.888,,,,,,0.481026,0.15946497762206333,0.055689584892635896
66,R01- 1257,11.25,0.004,11.27,0.006,11.29,0.015,11.07,0.023,0.75,,,,[R2001]  1257,05 34 30.2,-04 58 30.4,68,V* V1434 Ori,83.6258745852,-4.9751026959,0.0,0.0,90.0,21,05 34 30.20990,-04 58 30.3697,A,2020yCat.1350....0G,TTau*,*|NIR|Or*|TT*|V*|Y*O,30.41,0.291,0.0001014,1e-06,M3.8,,3.136,0.1511,0.239,-0.954,0.13,0.102,90.0,,,,16.8,16.32,,4.333998294395505,11.717,11.486,,,,,,0.151017,0.24303984908647883,0.055689584892635896
67,R01- 1258,12.26,0.008,12.46,0.011,12.35,0.027,12.3,0.064,3.09,,,,[R2001]  1258,05 34 30.4,-04 57 05.2,69,V* V1682 Ori,83.6265172654,-4.9514363452,0.0,0.0,90.0,12,05 34 30.36414,-04 57 05.1708,A,2020yCat.1350....0G,Orion_V*,*|NIR|Or*|V*|Y*O,30.63,1.33,0.0001022,4.4e-06,,,2.519,0.0492,2.148,-0.723,0.044,0.036,90.0,,,,,17.55,,5.338998294395504,12.72,12.506,,,,,,0.53663,0.11805972181025814,0.055689584892635896
68,R01- 1265,12.94,0.009,12.69,0.011,12.61,0.03,11.95,0.041,1.68,M5,R01,L,[R2001]  1265,05 34 31.0,-05 58 03.7,70,V* V1683 Ori,83.6290401793,-5.9676709656,0.0,0.0,90.0,16,05 34 30.96964,-05 58 03.6155,A,2020yCat.1350....0G,Orion_V*,*|Em*|G|MIR|NIR|Or*|TT*|V*|Y*?|Y*O,,,,,M6.5e,,2.3202,0.086,1.319,0.675,0.079,0.065,90.0,,,,,,,6.039998294395504,13.492,13.156,,,,,,0.460707,0.0,0.0
69,JW 15,10.59,0.003,10.35,0.003,10.12,0.012,9.48,0.036,9.65,M1,H97,H,JW 15,05 34 31.1,-05 21 55.9,71,[SKN2015] C18O-Ori  30,83.6295833333,-5.3656944444,,,172.0,1,05 34 31.10   ,-05 21 56.5   ,E,2015ApJS..217....7S,MolCld,MoC|cor,,,,,,,,,,,,,,3.094,3.094,90.0,,,,,,,,,,,,0.6,0.0,0.0
70,JW 17,10.72,0.003,10.75,0.004,10.63,0.019,10.05,0.066,3.14,M4,H97,L,JW 17,05 34 31.3,-05 28 54.8,72,2MASS J05343128-0528548,83.6303837946,-5.4818878713,0.0,0.0,90.0,33,05 34 31.29211,-05 28 54.7963,A,2020yCat.1350....0G,TTau*,*|Em*|NIR|TT*|TT?|X|Y*?|Y*O,26.684,0.075,8.9e-05,3e-07,M4,,2.4815,0.0369,2.589,-0.705,0.033,0.025,90.0,,,,17.88,16.715,,3.810998294395505,11.22,10.895,,,,,,0.117855,0.4073605690070335,0.055689584892635896
71,Par 1497,11.61,0.005,11.62,0.007,11.61,0.019,11.76,0.064,12.06,,,,Parenago 1497,05 34 31.8,-05 35 20.0,73,V* V1976 Ori,83.6326357184,-5.5888909554,0.0,0.0,90.0,40,05 34 31.83257,-05 35 20.0074,A,2020yCat.1350....0G,TTau*,*|Em*|Ir*|NIR|Opt|Or*|TT*|TT?|V*|X|Y*O,26.766,0.038,8.93e-05,1e-07,M1,,2.5976,0.0274,1.339,1.092,0.029,0.022,90.0,,,,17.151,16.048,,4.518998294395503,11.967,11.7,,,,,,0.48632,0.193357003225044,0.055689584892635896
72,JW 20,11.09,0.004,11.17,0.005,11.05,0.016,11.01,0.068,0.67,M3.5,H97,L,JW 20,05 34 31.9,-05 26 36.8,74,2MASS J05343190-0526368,83.6329407611,-5.4435553832,0.0,0.0,90.0,32,05 34 31.90578,-05 26 36.7994,A,2020yCat.1350....0G,TTau*,*|Em*|NIR|TT*|TT?|X|Y*O,29.24,1.097,9.75e-05,3.7e-06,M3.5,,2.6717,0.0592,0.68,0.46,0.055,0.042,90.0,,,,17.745,16.603,,4.184998294395504,11.56,11.329,,,,,,0.086351,0.285013226590287,0.055689584892635896
73,H97: 3115,10.48,0.003,10.11,0.003,9.74,0.006,8.66,0.017,0.85,M3,H97,L,[H97b] 3115,05 34 32.0,-05 27 42.6,75,V* V1978 Ori,83.6334308246,-5.4618395766,0.0,0.0,90.0,36,05 34 32.02340,-05 27 42.6225,A,2020yCat.1350....0G,TTau*,*|Em*|Ir*|MIR|NIR|Or*|TT*|TT?|V*|Y*O,26.396,0.117,8.81e-05,4e-07,M3,,2.6196,0.1078,0.579,0.663,0.104,0.07,90.0,,,,21.218,20.294,,5.329998294395503,12.068,11.466,,,,,,0.350097,0.11866799681327513,0.055689584892635896
74,R01- 1278,12.5,0.009,12.44,0.011,12.39,0.055,11.32,0.1,2.67,M5,R01,L,[R2001]  1278,05 34 32.2,-05 41 48.5,76,V* V1684 Ori,83.6342951525,-5.696818573,0.0,0.0,90.0,17,05 34 32.23084,-05 41 48.5469,A,2020yCat.1350....0G,Orion_V*,*|Em*|G|MIR|NIR|Or*|TT*|V*|Y*O,,,,,M4.1e,,2.8679,0.0638,0.315,1.07,0.055,0.046,90.0,,,,19.428,18.285,,5.568998294395504,12.996,12.76,,,,,,0.462644,0.1046292580561838,0.055689584892635896
75,Par 1496,10.93,0.003,11.01,0.005,10.9,0.01,10.9,0.022,0.5,,,,Parenago 1496,05 34 32.9,-05 00 40.4,77,V* V652 Ori,83.6371467255,-5.0112131423,0.0,0.0,90.0,20,05 34 32.91521,-05 00 40.3673,A,2020yCat.1350....0G,Orion_V*,*|Em*|Er*|NIR|Opt|Or*|Rad|TT*|TT?|V*|X|Y*?|Y*O,25.8,,8.61e-05,,M3.8,,2.7589,0.0499,0.493,-0.275,0.044,0.035,90.0,,,,17.0,,,3.9669982943955038,11.333,11.182,,,,,,0.229677,0.354583794861597,0.055689584892635896
76,R01- 1284,10.96,0.003,10.94,0.005,10.99,0.01,10.98,0.027,1.16,,,,[R2001]  1284,05 34 33.0,-05 57 47.1,78,V* V1436 Ori,83.6375652668,-5.9630613578,0.0,0.0,90.0,18,05 34 33.01566,-05 57 47.0209,A,2020yCat.1350....0G,TTau*,*|NIR|Opt|Or*|TT*|V*|X|Y*O,33.26,1.7,0.0001109,5.7e-06,M0.0e,,2.3661,0.0311,1.097,-1.051,0.027,0.025,90.0,,,,18.01,16.27,,4.294998294395505,11.46,11.189,,,,,,0.246717,0.25389155799191715,0.055689584892635896
77,HBJM 10180,13.56,0.011,13.6,0.015,13.06,0.074,12.75,0.15,1.12,,,,[H97b] 10180,05 34 33.3,-05 07 26.7,79,2MASS J05343325-0507267,83.638584998,-5.1240640303,0.0,0.0,90.0,10,05 34 33.26040,-05 07 26.6305,A,2020yCat.1350....0G,TTau*,*|IR|NIR|TT*|V*|Y*O,,,,,M4.8,,2.5129,0.1525,1.143,0.318,0.128,0.11,90.0,,,,,20.12,,6.661998294395504,14.185,13.881,,,,,,0.595701,0.0,0.0
78,R01- 1299,11.85,0.006,11.86,0.008,11.83,0.021,11.81,0.027,5.19,,,,[R2001]  1299,05 34 34.3,-06 02 09.7,80,V* V760 Ori,83.6427307725,-6.0360251836,0.0,0.0,90.0,29,05 34 34.25539,-06 02 09.6907,A,2020yCat.1350....0G,TTau*,*|Er*|NIR|Or*|TT*|V*|X|Y*O,26.895,0.064,8.97e-05,2e-07,M2.8,,2.6148,0.0356,1.166,0.623,0.033,0.029,90.0,,,,,16.97,,4.865998294395505,12.28,12.048,,,,,,0.665574,0.15186674571470185,0.055689584892635896
79,Par 1500,11.09,0.004,11.32,0.006,11.25,0.019,11.22,0.071,4.08,K6,R01,H,Parenago 1500,05 34 34.5,-04 41 10.6,81,V* V754 Ori,83.6435848077,-4.6862958307,0.0,0.0,90.0,26,05 34 34.46035,-04 41 10.6650,A,2020yCat.1350....0G,TTau*,*|Er*|NIR|Or*|TT*|V*|X|Y*O,31.968,0.048,0.0001066,2e-07,K4e,,2.5132,0.0167,0.97,-0.278,0.016,0.012,90.0,,,,16.2,14.71,,4.0489982943955045,11.46,11.283,,,,,,0.596257,0.3265947444687076,0.055689584892635896
80,HBJM 10192,12.61,0.009,12.59,0.013,12.6,0.035,12.29,0.111,2.3,,,,[H97b] 10192,05 34 35.6,-05 37 24.0,82,2MASS J05343559-0537240,83.6483274093,-5.6233575417,0.0,0.0,90.0,11,05 34 35.59858,-05 37 24.0872,A,2020yCat.1350....0G,Em*,*|Em*|Ir*|NIR,,,,,M4.6e,,2.458,0.1304,0.153,0.108,0.13,0.105,90.0,,,,21.351,20.129,,5.990998294395505,13.348,13.025,,,,,,0.089697,0.0,0.0
81,JW 33,12.16,0.007,12.22,0.009,12.14,0.023,11.88,0.051,1.5,,,,JW 33,05 34 35.7,-05 35 52.1,83,2MASS J05343568-0535520,83.648666765,-5.5978282657,0.0,0.0,90.0,25,05 34 35.68002,-05 35 52.1818,A,2020yCat.1350....0G,TTau*,*|Em*|NIR|SB*|TT*|V*|Y*O,25.8,0.7,8.61e-05,2.3e-06,M2.8e,,2.6182,0.0485,1.156,0.51,0.045,0.037,90.0,,,,18.561,17.415,16.16,5.264998294395504,12.66,12.415,,,,,,0.309221,0.12269890121487802,0.055689584892635896
82,R01- 1329,11.18,0.004,11.18,0.004,11.2,0.014,11.4,0.048,8.39,,,,[R2001]  1329,05 34 36.1,-05 42 15.2,84,V* V1437 Ori,83.6503905563,-5.7042325986,0.0,0.0,90.0,34,05 34 36.09373,-05 42 15.2374,A,2020yCat.1350....0G,TTau*,*|Em*|NIR|Opt|Or*|TT*|TT?|V*|X|Y*O,27.154,0.044,9.06e-05,1e-07,M1,,2.5822,0.0201,1.219,0.672,0.019,0.015,90.0,,,,16.263,15.242,,4.059998294395504,11.46,11.245,,,,,,0.100715,0.3232551706196343,0.055689584892635896
83,Par 1524,10.15,0.002,10.2,0.003,10.04,0.006,9.52,0.014,6.0,,,,Parenago 1524,05 34 36.5,-05 36 17.2,85,V* V759 Ori,83.652256797,-5.6047576181,0.0,0.0,90.0,45,05 34 36.54163,-05 36 17.1274,A,2020yCat.1350....0G,TTau*,*|Em*|MIR|NIR|Or*|Rad|TT*|TT?|V*|X|Y*O,30.844,0.036,0.0001029,1e-07,M1.0e,,2.2249,0.1509,2.602,-0.959,0.136,0.115,90.0,,,,16.644,15.52,14.32,3.3169982943955034,10.66,10.411,,,,,,0.625707,0.6020048980004077,0.055689584892635896
84,JW 36,10.24,0.002,10.15,0.003,9.73,0.008,8.97,0.023,2.72,M3,H97,L,JW 36,05 34 37.1,-05 31 09.0,86,V* V1992 Ori,83.6545747974,-5.5191366324,0.0,0.0,90.0,40,05 34 37.09795,-05 31 08.8919,A,2020yCat.1350....0G,Orion_V*,*|Em*|G|MIR|NIR|Or*|TT?|V*|Y*O,26.625,0.127,8.88e-05,4e-07,M3e,,2.5668,0.0696,1.768,-1.684,0.066,0.052,90.0,,,,18.725,17.741,,4.429998294395505,11.49,10.942,,,,,,0.112367,0.21650141180075821,0.055689584892635896
85,Par 1527,9.33,0.002,9.26,0.002,8.63,0.003,8.04,0.008,8.27,K2-K5,H97,H,Parenago 1527,05 34 37.5,-05 34 51.9,87,V* IV Ori,83.6561043356,-5.5810973773,0.0,0.0,90.0,51,05 34 37.46504,-05 34 51.9506,A,2020yCat.1350....0G,Orion_V*,*|Em*|MIR|NIR|Or*|TT?|V*|Y*O,26.196,0.031,8.74e-05,1e-07,K2-K5e,,2.5515,0.0195,1.12,-0.199,0.019,0.016,90.0,,,,16.413,15.455,13.97,3.7219982943955046,10.8,10.174,,,,,,0.524349,0.44000420271618723,0.055689584892635896
86,Par 1536,10.47,0.003,10.45,0.004,10.46,0.008,10.47,0.035,1.86,,,,Parenago 1536,05 34 37.7,-05 43 04.5,88,V* V1000 Ori A,83.6570478952,-5.7179176556,0.0,0.0,90.0,3,05 34 37.69149,-05 43 04.5036,A,2020yCat.1350....0G,Star,*|**|V*,,,,,,,2.5202,0.0481,0.434,0.472,0.043,0.036,90.0,,,,,,,,,,,,,,,0.126992,0.0,0.0
87,R01- 1351,11.41,0.005,11.63,0.007,11.38,0.032,11.08,0.076,8.42,K7,R01,H,[R2001]  1351,05 34 38.0,-04 51 08.9,89,V* V1688 Ori,83.6582099436,-4.8524725884,0.0,0.0,90.0,26,05 34 37.97039,-04 51 08.9013,A,2020yCat.1350....0G,TTau*,*|NIR|Or*|TT*|V*|Y*O,32.359,0.079,0.0001079,3e-07,M1.0,,2.5343,0.0356,1.578,-0.087,0.033,0.027,90.0,,,,,16.81,,4.8149982943955045,11.93,11.615,,,,,,0.442613,0.15541968970834913,0.055689584892635896
88,CHS 4881,12.63,0.009,12.3,0.01,12.08,0.026,11.62,0.057,2.84,,,,[CHS2001] 4881,05 34 38.2,-05 05 17.2,90,V* V1996 Ori,83.6590270955,-5.088102383,0.0,0.0,90.0,14,05 34 38.16650,-05 05 17.1686,A,2020yCat.1350....0G,Orion_V*,*|IR|MIR|NIR|Or*|V*|Y*O,27.29,2.08,9.1e-05,6.9e-06,,,2.6726,0.1761,1.463,-0.97,0.141,0.128,90.0,,,,,,,6.3489982943955035,13.759,13.385,,,,,,0.501462,0.0,0.0
89,Par 1544,10.59,0.003,10.59,0.003,10.62,0.009,10.53,0.019,4.42,K6,R01,H,Parenago 1544,05 34 38.7,-05 57 43.1,91,V* V1689 Ori,83.6612257879,-5.9619844665,0.0,0.0,90.0,25,05 34 38.69419,-05 57 43.1441,A,2020yCat.1350....0G,TTau*,*|Er*|MIR|NIR|Or*|TT*|V*|X|Y*O,26.713,0.037,8.91e-05,1e-07,K4e,,2.6368,0.0216,0.611,0.742,0.02,0.018,90.0,,,,15.45,14.21,13.87,3.482998294395504,10.892,10.74,,14.86,13.7,13.16,,0.097255,0.5321517406153261,0.055689584892635896
90,Par 1555,10.95,0.003,10.86,0.004,10.82,0.009,10.65,0.016,4.71,,,,Parenago 1555,05 34 38.7,-06 06 19.3,92,V* V938 Ori,83.6614219558,-6.1053711507,0.0,0.0,90.0,21,05 34 38.74127,-06 06 19.3361,A,2020yCat.1350....0G,TTau*,*|MIR|NIR|Or*|TT*|V*|X|Y*O,,,,,K3e,,2.6044,0.0154,1.42,0.619,0.014,0.013,90.0,,,,15.66,14.42,14.03,3.687998294395504,11.09,10.926,,,,,,0.61659,0.452618218848232,0.055689584892635896
91,R01- 1372,11.11,0.004,11.25,0.006,11.12,0.011,10.99,0.02,4.96,,,,[R2001]  1372,05 34 39.7,-06 07 13.3,93,V* V981 Ori,83.6655051757,-6.1203309964,0.002,0.002,90.0,25,05 34 39.72124,-06 07 13.1916,C,2020yCat.1350....0G,TTau*,*|Em*|Er*|G|NIR|Or*|TT*|V*|Y*O,19.869,0.026,6.63e-05,1e-07,M3.5,,,,,,,,32767.0,,,,17.4,16.29,,4.214998294395505,11.64,11.4,,,,,,0.334852,0.2763591704060692,0.055689584892635896
92,R01- 1374,11.89,0.005,11.8,0.007,11.88,0.02,11.78,0.024,2.66,M3,R01,L,[R2001]  1374,05 34 39.9,-06 08 34.1,94,V* V1690 Ori,83.6661298208,-6.1427982029,0.0,0.0,90.0,23,05 34 39.87116,-06 08 34.0735,A,2020yCat.1350....0G,Orion_V*,*|NIR|Or*|V*|X|Y*O,27.572,0.044,9.2e-05,1e-07,M2.7,,2.5617,0.0349,1.056,0.304,0.031,0.028,90.0,,,,,16.712,,4.865998294395505,12.21,12.055,,,,,,0.430975,0.15186674571470185,0.055689584892635896
93,Par 1534,10.49,0.002,10.47,0.003,10.54,0.008,10.44,0.016,2.36,,,,Parenago 1534,05 34 40.1,-04 58 39.8,95,V* V1439 Ori,83.6672513351,-4.9777501611,0.0,0.0,90.0,22,05 34 40.14032,-04 58 39.9006,A,2020yCat.1350....0G,TTau*,*|NIR|Or*|Rad|TT*|V*|X|Y*O,35.308,0.435,0.0001178,1.5e-06,K4e,,2.3923,0.0798,2.339,-0.793,0.065,0.055,90.0,,,,15.5,,,3.5059982943955035,10.84,10.677,,,,,,0.610863,0.5226656898095873,0.055689584892635896
94,Par 1554,10.05,0.002,10.11,0.003,10.21,0.007,10.29,0.023,2.42,,,,Parenago 1554,05 34 40.3,-05 50 15.6,96,V* IY Ori,83.6677090856,-5.8376771008,0.0,0.0,90.0,28,05 34 40.25018,-05 50 15.6376,A,2020yCat.1350....0G,Orion_V*,*|Em*|NIR|Or*|Rad|V*|X|Y*O,46.0,7.0,0.0001535,2.33e-05,K2IVe,,2.629,0.0122,1.427,0.846,0.011,0.01,90.0,,,,13.17,12.29,,2.594998294395504,10.199,10.091,,,,,,0.744365,0.9708734134674506,0.055689584892635896
95,R01- 1382,10.9,0.003,10.78,0.004,10.8,0.016,10.67,0.064,18.88,,,,[R2001]  1382,05 34 40.6,-04 43 31.5,97,V* V1691 Ori,83.6692489002,-4.7254339589,0.0,0.0,90.0,18,05 34 40.61974,-04 43 31.5623,A,2020yCat.1350....0G,TTau*,*|NIR|Or*|TT*|V*|Y*O,30.247,0.209,0.0001009,7e-07,M1.4,,2.8354,0.18,0.89,1.496,0.164,0.129,90.0,,,,,18.1,,4.707998294395503,11.6,11.212,,,,,,0.301531,0.16361555692025756,0.055689584892635896
96,Par 1564,9.68,0.002,9.69,0.002,9.57,0.006,9.43,0.015,4.61,K8,R01,H,Parenago 1564,05 34 41.0,-05 45 17.4,98,V* V1693 Ori,83.6708388331,-5.7548665832,0.0,0.0,90.0,24,05 34 41.00132,-05 45 17.5197,A,2020yCat.1350....0G,Orion_V*,*|Em*|NIR|Opt|Or*|Pu*|V*|X|Y*O,26.63,0.475,8.88e-05,1.6e-06,K8,,1.5872,0.6971,0.342,-0.175,0.611,0.53,90.0,,,,14.8,13.9,,2.6529982943955037,9.97,9.771,,,,,,0.12131,0.936568654006576,0.055689584892635896
97,Par 1550,10.51,0.003,10.31,0.003,10.05,0.016,9.04,0.032,7.08,,,,Parenago 1550,05 34 41.8,-04 53 46.2,99,V* V1694 Ori,83.6741124371,-4.8961697758,0.0,0.0,90.0,35,05 34 41.78698,-04 53 46.2112,A,2020yCat.1350....0G,TTau*,*|Em*|G|MIR|NIR|Or*|TT*|V*|Y*O,31.305,0.03,0.0001044,1e-07,M0e,,2.5161,0.0253,1.608,-0.167,0.022,0.018,90.0,,,,16.4,15.89,,4.225998294395504,11.42,11.035,,,,,,0.194836,0.27353327723396353,0.055689584892635896
98,R01- 1406,12.81,0.011,12.66,0.011,12.6,0.032,12.37,0.091,1.64,M4,R01,L,[R2001]  1406,05 34 42.0,-05 02 24.9,100,V* V1695 Ori,83.6751535638,-5.0402471158,0.0,0.0,90.0,11,05 34 42.03686,-05 02 24.8896,A,2020yCat.1350....0G,Orion_V*,*|Em*|IR|NIR|Or*|TT*|TT?|V*|Y*O,,,,,M4.4,,2.4827,0.0676,1.643,-0.821,0.066,0.056,90.0,,,,,,,5.854998294395504,13.282,13.052,,,,,,0.55079,0.0,0.0
99,R01- 1407,12.04,0.007,11.75,0.007,11.23,0.013,10.5,0.026,3.3,,,,[R2001]  1407,05 34 42.0,-05 04 31.8,101,V* V2010 Ori,83.6752010968,-5.0754798784,0.0,0.0,90.0,16,05 34 42.04826,-05 04 31.7276,A,2020yCat.1350....0G,Orion_V*,*|Em*|G|IR|MIR|NIR|Or*|TT?|V*|Y*O,26.45,1.78,8.82e-05,5.9e-06,,,2.5003,0.1873,0.276,0.915,0.164,0.134,90.0,,,,,20.14,,5.754998294395504,13.204,12.738,,,,,,0.724739,0.0,0.0
100,Par 1569,9.84,0.003,9.88,0.003,9.84,0.03,9.58,0.125,4.1,K6,H97,H,Parenago 1569,05 34 43.0,-05 20 07.0,102,V* V1441 Ori,83.6789881096,-5.3352882721,0.0,0.0,90.0,53,05 34 42.95715,-05 20 07.0378,A,2020yCat.1350....0G,Orion_V*,*|**|Em*|NIR|Or*|Rad|TT?|V*|X|Y*O,27.054,0.031,9.02e-05,1e-07,K7+M3,,1.6634,0.2196,0.242,-0.435,0.209,0.157,90.0,,,,16.01,14.928,,3.0889982943955037,10.369,10.09,,,,,,0.641134,0.7005510188912331,0.055689584892635896
101,R01- 1415,11.43,0.005,11.52,0.007,11.45,0.016,11.41,0.031,14.14,M2,R01,H,[R2001]  1415,05 34 43.1,-06 12 38.9,103,V* V1696 Ori,83.6796849168,-6.2107794319,0.0,0.0,90.0,27,05 34 43.12438,-06 12 38.8060,A,2020yCat.1350....0G,TTau*,*|BY*|NIR|Or*|TT*|V*|X|Y*?|Y*O,28.072,0.022,9.36e-05,1e-07,M1.8,,2.6676,0.0313,0.946,0.518,0.026,0.024,90.0,,,,16.6,16.064,,4.479998294395504,11.887,11.623,,16.844,15.463,,,0.375521,0.20303108522701382,0.055689584892635896
102,JW 70,11.72,0.006,11.63,0.007,11.66,0.028,11.84,0.139,1.5,M5,H97,L,JW 70,05 34 44.4,-05 26 06.1,104,2MASS J05344441-0526061,83.6850460033,-5.4350279291,0.0,0.0,90.0,42,05 34 44.41104,-05 26 06.1005,A,2020yCat.1350....0G,TTau*,*|Em*|NIR|TT*|TT?|X|Y*?|Y*O,27.91,0.195,9.31e-05,6e-07,M5,,2.3438,0.1102,1.717,-0.365,0.09,0.076,90.0,,,,20.316,19.172,17.29,4.965998294395504,12.37,12.05,,,,,,0.164868,0.14425940259152326,0.055689584892635896
103,R01- 1428,11.99,0.007,12.07,0.01,11.92,0.022,12.02,0.055,5.53,M4,R01,L,[R2001]  1428,05 34 44.4,-05 56 14.9,105,V* V1442 Ori,83.6851935015,-5.937485028,0.0,0.0,90.0,17,05 34 44.44644,-05 56 14.9461,A,2020yCat.1350....0G,TTau*,*|NIR|Opt|Or*|TT*|V*|X|Y*O,23.86,0.83,7.96e-05,2.8e-06,M1.5,,2.5839,0.0413,1.71,-1.274,0.038,0.032,90.0,,,,,17.12,,5.046998294395504,12.49,12.236,,,,,,0.6944,0.13809353769953073,0.055689584892635896
104,Par 1567,10.7,0.004,10.73,0.004,10.69,0.021,10.51,0.086,1.63,K4,R01,H,Parenago 1567,05 34 44.5,-04 42 14.6,106,V* V1443 Ori,83.6856052984,-4.7040472566,0.0,0.0,90.0,30,05 34 44.54527,-04 42 14.5701,A,2020yCat.1350....0G,TTau*,*|NIR|Or*|TT*|V*|X|Y*O,24.461,0.549,8.16e-05,1.8e-06,,,2.7929,0.0127,1.061,-1.195,0.011,0.01,90.0,,,,14.7,13.6,,3.4019982943955043,10.88,10.758,,,,,,0.677446,0.5660017264371805,0.055689584892635896
105,R01- 1432,11.57,0.006,11.14,0.005,10.88,0.018,10.45,0.069,4.22,,,,[R2001]  1432,05 34 44.8,-04 56 40.8,108,V* V2017 Ori,83.686541192,-4.9446711695,0.0,0.0,90.0,23,05 34 44.76989,-04 56 40.8162,A,2020yCat.1350....0G,Orion_V*,*|Em*|MIR|NIR|Or*|TT*|V*|Y*O,30.75,1.5,0.0001026,5e-06,M2.2,,2.5133,0.058,1.32,-1.301,0.052,0.044,90.0,,,,,18.08,,5.685998294395505,12.845,12.31,,,,,,0.45032,0.0,0.0
106,R01- 1435,12.78,0.01,12.74,0.012,12.71,0.068,12.25,0.19,2.03,M4.5,R01,L,[R2001]  1435,05 34 45.0,-04 55 39.4,109,V* V1698 Ori,83.6876590392,-4.9276144569,0.0,0.0,90.0,9,05 34 45.03817,-04 55 39.4120,A,2020yCat.1350....0G,Orion_V*,*|NIR|Or*|V*|Y*O,,,,,,,2.5453,0.0731,0.948,-0.871,0.065,0.053,90.0,,,,,18.56,,5.900998294395505,13.306,13.036,,,,,,0.570552,0.0,0.0
107,Par 1587,8.93,0.003,9.0,0.004,8.95,0.004,8.78,0.019,3.45,K2,H97,H,Parenago 1587,05 34 45.2,-05 25 04.1,110,V* V1444 Ori,83.6882664049,-5.4177946194,0.0,0.0,90.0,57,05 34 45.18394,-05 25 04.0606,A,2020yCat.1350....0G,Orion_V*,*|Em*|NIR|Or*|Rad|V*|X|Y*?|Y*O,30.706,0.028,0.0001024,1e-07,K2,,2.5743,0.0155,1.9,-0.973,0.014,0.011,90.0,,,,13.96,13.008,,1.9259982943955034,9.33,9.086,,,,,,0.243075,0.0,0.0
108,Par 1584,11.13,0.004,11.05,0.005,11.16,0.012,10.96,0.02,20.6,,,,Parenago 1584,05 34 45.5,-05 02 07.9,111,V* V768 Ori,83.68942484,-5.0355087911,0.001,0.0,90.0,27,05 34 45.46196,-05 02 07.8316,A,2020yCat.1350....0G,TTau*,*|Er*|IR|NIR|Or*|Rad|TT*|V*|X|Y*O,30.447,0.03,0.0001016,1e-07,M2.5,,4.6479,0.7009,0.919,0.115,0.663,0.533,90.0,,,,16.5,16.01,,4.122998294395504,11.54,11.326,,,,,,0.572469,0.3023648867901711,0.055689584892635896
109,JW 76,10.65,0.004,10.79,0.005,10.52,0.03,10.3,0.129,6.33,M4,H97,L,JW 76,05 34 45.6,-05 29 21.0,112,V* V1445 Ori,83.6898517167,-5.4891401121,0.0,0.0,90.0,36,05 34 45.56441,-05 29 20.9044,A,2020yCat.1350....0G,Orion_V*,*|Em*|NIR|Or*|V*|X|Y*O,25.767,0.365,8.6e-05,1.2e-06,M4,,2.4882,0.0642,0.516,-0.089,0.061,0.048,90.0,,,,17.855,16.685,15.3,3.8489982943955035,11.16,10.925,,,,,,0.539903,0.3939779592656938,0.055689584892635896
110,R01- 1447,10.71,0.003,10.89,0.005,10.22,0.007,8.83,0.004,11.06,M3.5,R01,L,[R2001]  1447,05 34 45.9,-05 41 09.7,113,V* V1447 Ori,83.6911536859,-5.6860454091,0.0,0.0,90.0,39,05 34 45.87688,-05 41 09.7635,A,2020yCat.1350....0G,TTau*,*|Em*|G|MIR|NIR|Or*|TT*|TT?|V*|X|Y*O,26.005,0.017,8.67e-05,1e-07,M3.0e,,2.4648,0.0493,0.392,-1.564,0.043,0.038,90.0,,,,19.059,17.697,,4.1579982943955045,11.332,11.021,,,,,,0.350815,0.2924315952856431,0.055689584892635896
111,JW 79,12.28,0.009,12.2,0.011,12.16,0.06,11.55,0.176,2.14,M4.5,H97,L,JW 79,05 34 46.1,-05 37 31.2,114,2MASS J05344609-0537312,83.6920491695,-5.6253498784,0.0,0.0,90.0,20,05 34 46.09180,-05 37 31.2596,A,2020yCat.1350....0G,Em*,*|Em*|NIR|TT?|V*|Y*O,,,,,M4.5,,2.5189,0.1019,0.096,0.663,0.086,0.077,90.0,,,,20.244,19.007,,5.563998294395503,12.94,12.619,,,,,,0.13612,0.1048984506094094,0.055689584892635896
112,Par 1600,10.35,0.003,10.46,0.004,10.19,0.021,9.71,0.073,4.41,M0,H97,H,Parenago 1600,05 34 46.4,-05 24 31.9,115,V* V2023 Ori A,83.6933488662,-5.4088426199,0.0,0.0,90.0,1,05 34 46.40373,-05 24 31.8334,A,2020yCat.1350....0G,Star,*|**|V*,,,,,,,2.6518,0.0409,0.895,2.441,0.035,0.029,90.0,,,,,,,,,,,,,,,0.086778,0.0,0.0
113,R01- 1457,10.78,0.004,10.73,0.004,10.74,0.023,10.72,0.109,0.72,,,,[R2001]  1457,05 34 46.4,-04 54 02.1,116,V* V1699 Ori,83.6933982948,-4.9005577165,0.0,0.0,90.0,22,05 34 46.41559,-04 54 02.0078,A,2020yCat.1350....0G,Orion_V*,*|NIR|Or*|Rad|V*|Y*O,39.196,0.422,0.0001308,1.4e-06,M2.9,,2.4221,0.1752,1.617,-0.799,0.156,0.132,90.0,,,,,,,5.361998294395503,12.01,11.329,,,,,,0.250593,0.11685250961145867,0.055689584892635896
114,JW 83,10.17,0.005,9.71,0.004,9.12,0.025,8.14,0.055,7.4,M2,H97,H,JW 83,05 34 46.6,-05 23 25.6,117,V* V1449 Ori,83.6940366618,-5.3904435448,0.0,0.0,90.0,49,05 34 46.56880,-05 23 25.5968,A,2020yCat.1350....0G,TTau*,*|Em*|MIR|NIR|Or*|TT*|TT?|V*|X|Y*?|Y*O,30.709,0.035,0.0001024,1e-07,M2e,,2.4792,0.0775,1.027,-1.154,0.071,0.056,90.0,,,,18.918,17.951,,4.544998294395505,11.65,11.091,,,,,,0.465959,0.1874859691346614,0.055689584892635896
115,R01- 1461,11.76,0.006,11.72,0.007,11.62,0.03,11.49,0.133,5.6,M2.5,R01,L,[R2001]  1461,05 34 46.7,-04 57 44.1,118,V* V763 Ori,83.6947633437,-4.9622270094,0.0,0.0,90.0,22,05 34 46.74320,-04 57 44.0172,A,2020yCat.1350....0G,Orion_V*,*|Em*|Er*|G|NIR|Or*|V*|Y*O,32.716,0.045,0.0001091,2e-07,,,2.4551,0.0473,1.355,0.066,0.042,0.036,90.0,,,,,,,4.807998294395505,12.15,11.968,,,,,,0.650892,0.1562204531759963,0.055689584892635896
116,Par 1593,11.06,0.004,11.02,0.005,11.03,0.012,10.88,0.024,13.07,,,,Parenago 1593,05 34 46.8,-04 59 12.4,119,V* V1700 Ori B,83.6951611998,-4.9863533459,0.0,0.0,90.0,3,05 34 46.83869,-04 59 10.8720,A,2020yCat.1350....0G,Star,*|IR|V*,,,,,,,2.6155,0.0651,0.906,-0.034,0.058,0.048,90.0,,,,,,,,,,,,,,,1.633668,0.0,0.0
117,Par 1606,10.06,0.002,10.15,0.003,10.02,0.009,9.86,0.038,3.25,M1.5,H97,H,Parenago 1606,05 34 46.9,-05 35 07.9,120,Parenago  1606,83.6955093311,-5.5855225676,0.0,0.0,90.0,34,05 34 46.92224,-05 35 07.8812,A,2020yCat.1350....0G,TTau*,*|Em*|NIR|Rad|TT*|TT?|X|Y*O,24.87,0.059,8.3e-05,2e-07,M1.5,,2.5971,0.05,1.339,-1.322,0.046,0.039,90.0,,,,16.995,15.764,14.38,3.3249982943955043,10.523,10.272,,,,,,0.332537,0.5973821494026995,0.055689584892635896
118,Par 1616,10.9,0.003,10.93,0.004,10.9,0.01,10.97,0.025,11.44,,,,Parenago 1616,05 34 47.5,-05 46 30.1,121,V* V774 Ori B,83.6979416418,-5.7749676496,0.0,0.001,90.0,0,05 34 47.50599,-05 46 29.8835,C,2018yCat.1345....0G,Star,*|V*,,,,,,,,,,,,,,,,,,,,,,,,,,,,0.234217,0.0,0.0
119,R01- 1471,10.58,0.003,10.49,0.004,10.35,0.025,9.42,0.055,12.46,,,,[R2001]  1471,05 34 47.6,-04 50 01.4,122,V* V2028 Ori,83.6984921079,-4.8336885796,0.0,0.0,90.0,24,05 34 47.63811,-04 50 01.2789,A,2020yCat.1350....0G,Orion_V*,*|Em*|G|MIR|NIR|Or*|V*|Y*O,30.79,0.045,0.0001027,2e-07,M1.3,,2.6069,0.0677,0.592,-1.061,0.064,0.052,90.0,,,,,17.68,,4.651998294395504,11.48,10.947,,,,,,0.58229,0.16744336601362644,0.055689584892635896
120,Par 1756,10.35,0.002,10.35,0.003,10.4,0.008,10.4,0.031,4.18,,,,Parenago 1756,05 34 47.6,-05 43 50.7,123,V* V1701 Ori,83.6984970887,-5.7307749357,0.0,0.0,90.0,30,05 34 47.63930,-05 43 50.7898,A,2020yCat.1350....0G,TTau*,*|NIR|Or*|Rad|TT*|V*|X|Y*O,26.78,0.392,8.93e-05,1.3e-06,,,2.6298,0.0137,1.387,0.651,0.012,0.011,90.0,,,,14.1,,,2.9479982943955036,10.51,10.371,,,,,,0.593402,0.7704227527114161,0.055689584892635896
121,R01- 1473,10.66,0.003,10.11,0.003,9.86,0.005,9.25,0.005,3.67,,,,[R2001]  1473,05 34 47.7,-06 19 40.1,124,V* V2029 Ori,83.6985962117,-6.3278030986,0.0,0.0,90.0,28,05 34 47.66309,-06 19 40.0912,A,2020yCat.1350....0G,TTau*,*|Em*|G|MIR|NIR|Opt|Or*|TT*|V*|X|Y*O,25.841,0.031,8.62e-05,1e-07,M2.5,,2.5545,0.029,1.146,-2.098,0.026,0.023,90.0,,,,,17.021,,4.682998294395505,11.7,11.197,19.207,17.272,15.785,14.552,13.829,0.550336,0.16530588173128866,0.055689584892635896
122,Par 1604,10.92,0.005,10.71,0.005,10.26,0.03,8.99,0.053,17.08,M4,H97,L,Parenago 1604,05 34 47.9,-05 30 46.6,125,V* V2033 Ori,83.6995624359,-5.5129298946,0.0,0.0,90.0,48,05 34 47.89498,-05 30 46.5476,A,2020yCat.1350....0G,TTau*,*|Em*|G|MIR|NIR|Or*|TT*|TT?|V*|X|Y*O,27.039,0.23,9.02e-05,8e-07,M4,,2.5119,0.0465,2.087,-0.782,0.044,0.036,90.0,,,,17.075,16.078,14.78,4.012998294395505,11.43,11.088,,,,,,0.091384,0.3394283475719861,0.055689584892635896
123,JW 93,11.24,0.004,11.18,0.005,11.23,0.019,11.63,0.129,5.89,M4.5,H97,L,JW 93,05 34 47.9,-05 35 43.8,126,V* V2034 Ori,83.6996376433,-5.5955237821,0.0,0.0,90.0,33,05 34 47.91303,-05 35 43.8856,A,2020yCat.1350....0G,Orion_V*,*|Em*|Ir*|NIR|Or*|V*|X|Y*O,28.116,0.283,9.38e-05,9e-07,M4.5,,2.7018,0.1144,-0.297,-1.014,0.108,0.09,90.0,,,,21.323,19.86,17.76,4.9899982943955035,12.08,11.646,,,,,,0.212587,0.14241787125492958,0.055689584892635896
124,CHS 5742,11.6,0.004,11.09,0.005,10.78,0.008,10.15,0.01,7.09,,,,[CHS2001] 5742,05 34 47.9,-06 21 41.8,127,V* V2035 Ori,83.6997285955,-6.3615976146,0.0,0.0,90.0,11,05 34 47.93486,-06 21 41.7514,A,2020yCat.1350....0G,Orion_V*,*|MIR|NIR|Opt|Or*|V*|Y*O,,,,,M2.5,,2.9456,0.1223,0.848,0.207,0.097,0.079,90.0,,,,,18.308,,6.312998294395504,12.91,12.154,24.12,19.438,17.373,15.968,15.142,0.52199,0.0,0.0
125,Par 1599,10.03,0.002,9.89,0.003,9.69,0.005,8.87,0.004,9.25,,,,Parenago 1599,05 34 47.9,-05 04 55.0,128,V* V550 Ori,83.6997861929,-5.0818807876,0.0,0.0,90.0,42,05 34 47.94869,-05 04 54.7708,A,2020yCat.1350....0G,TTau*,*|Em*|Er*|IR|MIR|NIR|Or*|Rad|TT*|TT?|V*|X|Y*O,30.63,0.032,0.0001022,1e-07,M1.0,,2.4562,0.0525,1.713,-0.876,0.049,0.042,90.0,,,,,15.59,,3.9139982943955047,11.094,10.625,,,,,,0.762668,0.37232441273861444,0.055689584892635896
126,R01- 1480,12.19,0.007,12.23,0.009,12.28,0.022,12.2,0.025,2.75,,,,[R2001]  1480,05 34 48.1,-06 18 11.6,129,V* V1702 Ori,83.7004925876,-6.3031965032,0.0,0.0,90.0,14,05 34 48.11822,-06 18 11.5074,A,2020yCat.1350....0G,Orion_V*,*|NIR|Opt|Or*|TT*|V*|X|Y*?|Y*O,,,,,M2.9,,2.6911,0.042,1.262,0.677,0.039,0.035,90.0,,,,,17.273,,5.318998294395504,12.656,12.462,20.64,18.014,16.619,15.409,14.756,0.287008,0.11958629059960592,0.055689584892635896
127,Par 1598,9.59,0.003,9.63,0.003,9.52,0.018,9.42,0.032,6.82,M1,R01,H,Parenago 1598,05 34 48.2,-04 47 40.1,130,V* V1703 Ori,83.7009770406,-4.7944884697,0.0,0.0,90.0,25,05 34 48.23449,-04 47 40.1585,A,2020yCat.1350....0G,TTau*,*|NIR|Or*|Rad|TT*|V*|X|Y*O,34.453,0.046,0.0001149,2e-07,,,2.5169,0.0205,0.744,-0.425,0.019,0.015,90.0,,,,15.2,,,2.639998294395504,9.972,9.724,,,,,,0.518843,0.9438161444719264,0.055689584892635896
128,H97: 3130,12.77,0.011,12.48,0.012,12.4,0.048,11.28,0.067,3.46,M4.5,H97,L,[H97b] 3130,05 34 48.2,-05 30 10.2,131,V* V2037 Ori,83.7009896096,-5.502835762,0.0,0.0,90.0,24,05 34 48.23751,-05 30 10.2087,A,2020yCat.1350....0G,Orion_V*,*|Ir*|NIR|Or*|V*|Y*O,14.44,1.3,4.82e-05,4.3e-06,M4.5,,2.6028,0.2454,1.439,-0.425,0.227,0.18,90.0,,,,21.709,20.959,18.64,6.442998294395505,13.807,13.295,,,,,,0.56007,0.0,0.0
129,JW 94,11.14,0.004,11.27,0.006,10.98,0.022,10.74,0.067,4.75,M2.5,H97,H,JW 94,05 34 48.3,-05 32 35.1,132,2MASS J05344828-0532351,83.7011836569,-5.5430847707,0.0,0.0,90.0,35,05 34 48.28408,-05 32 35.1052,A,2020yCat.1350....0G,TTau*,*|Em*|NIR|TT*|V*|Y*O,27.947,0.056,9.32e-05,2e-07,M2.5,,2.4893,0.1017,0.634,-1.503,0.095,0.077,90.0,,,,20.539,19.26,17.37,4.764998294395504,11.94,11.578,,,,,,0.237775,0.15905575532920044,0.055689584892635896
130,Par 1612,10.72,0.003,10.67,0.004,10.68,0.011,10.65,0.05,1.3,K8,H97,H,Parenago 1612,05 34 48.3,-05 37 22.8,133,V* V1450 Ori,83.7012842406,-5.6230202825,0.0,0.0,90.0,46,05 34 48.30822,-05 37 22.8730,A,2020yCat.1350....0G,TTau*,*|Em*|NIR|Opt|Or*|Pu*|Rad|TT*|TT?|V*|X|Y*O,33.863,0.102,0.000113,3e-07,K8,,2.8607,0.0251,1.246,0.821,0.022,0.02,90.0,,,,15.767,14.754,,3.600998294395504,10.98,10.809,,,,,,0.142759,0.48513441449090106,0.055689584892635896
131,Par 1603,11.38,0.006,11.39,0.008,11.46,0.017,11.33,0.029,9.0,,,,Parenago 1603,05 34 48.4,-05 05 01.4,134,V* V1451 Ori,83.7017370891,-5.0837002976,0.0,0.0,90.0,18,05 34 48.41690,-05 05 01.3211,A,2020yCat.1350....0G,TTau*,*|IR|NIR|Opt|Or*|TT*|V*|X|Y*O,20.1,,6.7e-05,,M0.5e,,2.6474,0.032,1.421,-0.233,0.028,0.025,90.0,,,,16.5,,,4.479998294395504,11.894,11.638,,,,,,0.264571,0.20303108522701382,0.055689584892635896
132,Par 1613,10.87,0.003,10.9,0.004,10.92,0.018,10.99,0.083,2.98,K6,R01,H,Parenago 1613,05 34 48.5,-05 41 58.2,135,V* V373 Ori,83.701943079,-5.6995255061,0.0,0.0,90.0,39,05 34 48.46634,-05 41 58.2918,A,2020yCat.1350....0G,TTau*,*|Em*|Er*|NIR|Or*|Rad|TT*|V*|X|Y*O,28.707,0.044,9.58e-05,1e-07,K6,,2.5981,0.0171,1.326,0.754,0.014,0.013,90.0,,,,15.074,14.205,,3.637998294395505,11.047,10.965,,,,,,0.510741,0.4716142045749802,0.055689584892635896
133,R01- 1489,11.43,0.006,11.18,0.006,10.87,0.023,10.1,0.044,5.65,M3.5,R01,L,[R2001]  1489,05 34 48.6,-04 47 50.0,136,V* V1704 Ori,83.7026282462,-4.7972207455,0.0,0.0,90.0,29,05 34 48.63078,-04 47 49.9947,A,2020yCat.1350....0G,TTau*,*|Em*|G|LP?|NIR|Or*|TT*|V*|Y*O,26.854,0.065,8.96e-05,2e-07,M3.3,,2.5948,0.044,1.693,0.504,0.042,0.034,90.0,,,,,17.1,,4.934998294395504,12.315,12.023,,,,,,0.4601,0.14650069890614614,0.055689584892635896
134,JW 100,11.88,0.007,11.39,0.007,11.13,0.02,10.53,0.053,2.09,M2.5,H97,H,JW 100,05 34 48.8,-05 33 33.1,137,2MASS J05344881-0533330,83.7034147725,-5.5591830911,0.0,0.0,90.0,34,05 34 48.81955,-05 33 33.0591,A,2020yCat.1350....0G,TTau*,*|Em*|G|MIR|NIR|TT*|TT?|V*|Y*O,24.7,0.9,8.24e-05,3e-06,M2.5,,2.5778,0.0941,1.082,-0.677,0.087,0.067,90.0,,,,19.812,18.608,17.09,5.421998294395504,12.812,12.523,,,,,,0.29465,0.11301367087152338,0.055689584892635896
135,JW 99,9.83,0.004,9.94,0.005,9.69,0.031,9.26,0.109,1.69,M1,H97,H,JW 99,05 34 48.8,-05 23 18.0,138,V* V772 Ori,83.7034466158,-5.3883071915,0.0,0.0,90.0,50,05 34 48.82719,-05 23 17.9059,A,2020yCat.1350....0G,Orion_V*,*|Em*|NIR|Or*|Rad|TT?|V*|X|Y*O,32.16,1.336,0.0001073,4.5e-06,M1,,2.4463,0.0579,1.312,-1.217,0.05,0.04,90.0,,,,17.469,16.188,,3.1479982943955047,10.38,10.075,,,,,,0.416779,0.6740635619821113,0.055689584892635896
136,JW 101,11.65,0.014,10.63,0.006,9.47,0.031,7.59,0.036,9.37,,,,JW 101,05 34 48.9,-05 31 45.9,139,V* V1314 Ori,83.7036858536,-5.5293872498,0.0,0.0,90.0,32,05 34 48.88460,-05 31 45.7941,A,2020yCat.1350....0G,Orion_V*,*|Em*|G|MIR|NIR|Or*|TT?|V*|Y*O,,,,,G6-K5e,,2.7388,0.1247,1.689,0.442,0.114,0.092,90.0,,,,16.532,15.779,15.86,5.534998294395503,12.949,12.539,,,,,,0.253076,0.10625483785389762,0.055689584892635896
137,R01- 1493,12.19,0.009,12.19,0.011,12.09,0.048,11.44,0.135,11.45,,,,[R2001]  1493,05 34 48.9,-04 57 14.3,140,V* V1452 Ori,83.7038185081,-4.9539801725,0.0,0.0,90.0,15,05 34 48.91644,-04 57 14.3286,A,2020yCat.1350....0G,Orion_V*,*|Em*|G|NIR|Or*|V*|Y*O,28.3,1.4,9.44e-05,4.7e-06,,,2.5535,0.0579,0.702,-1.975,0.053,0.045,90.0,,,,,17.98,,5.405998294395504,12.67,12.436,,,,,,0.247369,0.11388820953838104,0.055689584892635896
138,JW 104,11.24,0.006,10.77,0.005,10.55,0.033,9.66,0.07,1.78,M3,H97,L,JW 104,05 34 49.1,-05 26 26.6,141,V* V2044 Ori,83.7044713231,-5.4407142661,0.0,0.0,90.0,43,05 34 49.07312,-05 26 26.5714,A,2020yCat.1350....0G,TTau*,*|Em*|G|MIR|NIR|Or*|TT*|TT?|V*|X|Y*?|Y*O,26.175,0.935,8.73e-05,3.1e-06,M3e,,2.546,0.0774,2.311,1.034,0.068,0.054,90.0,,,,18.685,17.907,16.59,5.153998294395505,12.428,11.983,,,,,,0.402441,0.12983479205463097,0.055689584892635896
139,Par 1625,10.35,0.002,10.05,0.003,9.78,0.005,8.99,0.008,6.95,M3.5,R01,L,Parenago 1625,05 34 49.1,-05 46 05.0,142,V* V400 Ori,83.7046015,-5.7680653,0.046,0.077,90.0,34,05 34 49.10436,-05 46 05.0351,B,2012yCat.1322....0Z,TTau*,*|**|Em*|MIR|NIR|Or*|TT*|TT?|V*|X|Y*O,24.7,0.2,8.24e-05,7e-07,M1.0e,,,,0.2,5.2,3.6,4.0,90.0,,,,17.24,15.87,15.54,3.8539982943955042,11.199,10.911,,16.34,15.46,14.26,,0.073923,0.39195848518003906,0.055689584892635896
140,CHS 5951,11.07,0.004,10.89,0.004,10.65,0.008,9.73,0.008,10.03,,,,[CHS2001] 5951,05 34 50.0,-06 28 12.1,143,V* V2055 Ori,83.7082110827,-6.4700244996,0.0,0.0,90.0,24,05 34 49.97066,-06 28 12.0882,A,2020yCat.1350....0G,TTau*,*|Em*|G|MIR|NIR|Opt|Or*|TT*|V*|Y*?|Y*O,26.942,0.022,8.99e-05,1e-07,K7.3,,2.5693,0.0201,1.011,0.275,0.018,0.015,90.0,,,,,14.918,,3.9979982943955044,11.32,11.136,17.98,15.836,14.508,13.989,13.368,0.437459,0.34381731879500865,0.055689584892635896
141,Par 1622,10.91,0.005,10.85,0.007,10.96,0.045,10.55,0.164,4.94,K8,H97,H,Parenago 1622,05 34 50.5,-05 11 10.6,144,Haro 4-327,83.71043216,-5.1862708785,0.0,0.0,90.0,38,05 34 50.50372,-05 11 10.5752,A,2020yCat.1350....0G,YSO,*|Em*|IR|NIR|Rad|X|Y*O,28.636,0.045,9.55e-05,1e-07,K8,,2.6017,0.0229,0.757,1.445,0.02,0.017,90.0,,,,16.43,15.06,14.54,3.802998294395504,11.22,11.028,,16.05,14.49,13.76,,0.060848,0.4105128652398918,0.055689584892635896
142,JW 114,10.78,0.007,10.59,0.006,10.21,0.037,9.44,0.097,8.73,M1,H97,H,JW 114,05 34 50.5,-05 23 35.4,145,V* V475 Ori,83.7104382431,-5.3931426813,0.0,0.0,90.0,48,05 34 50.50518,-05 23 35.3137,A,2020yCat.1350....0G,TTau*,*|Em*|G|MIR|NIR|Or*|TT*|TT?|V*|X|Y*?|Y*O,25.245,0.169,8.42e-05,6e-07,M1e,,2.34,0.0549,2.518,-0.016,0.048,0.038,90.0,,,,16.95,16.158,,4.438998294395503,11.67,11.205,,,,,,0.115914,0.21428759034348566,0.055689584892635896
143,Par 1633,10.13,0.003,10.23,0.004,10.07,0.022,9.68,0.079,2.34,K5,H97,H,Parenago 1633,05 34 50.7,-05 24 01.4,146,V* V1454 Ori,83.7112779483,-5.4003453585,0.0,0.0,90.0,54,05 34 50.70671,-05 24 01.2433,A,2020yCat.1350....0G,Orion_V*,*|**|Em*|MIR|NIR|Or*|Rad|V*|X|Y*?|Y*O,25.258,0.723,8.43e-05,2.4e-06,K5,,2.5475,0.0169,2.47,0.324,0.015,0.013,90.0,,,,14.96,13.65,13.21,2.927998294395504,10.534,10.283,,14.41,13.1,12.64,,0.185988,0.7803846881696651,0.055689584892635896
144,JW 117,9.46,0.002,9.22,0.002,8.9,0.006,8.37,0.026,8.87,M0,H97,H,JW 117,05 34 50.7,-05 27 01.1,147,JW  117,83.7113845244,-5.4502867885,0.0,0.0,90.0,51,05 34 50.73229,-05 27 01.0324,A,2020yCat.1350....0G,TTau*,*|Em*|G|MIR|NIR|TT*|TT?|X|Y*?|Y*O,25.145,0.047,8.39e-05,2e-07,M0e,,2.5727,0.0392,2.001,0.935,0.032,0.026,90.0,,,,16.546,15.479,14.69,3.562998294395504,10.714,10.185,,,,,,0.486809,0.4990422210364341,0.055689584892635896
145,R01- 1518,11.76,0.006,11.79,0.008,11.73,0.019,11.64,0.054,5.82,M1,R01,H,[R2001]  1518,05 34 50.9,-06 00 13.6,148,V* V1705 Ori,83.7120516667,-6.0037853252,0.0,0.0,90.0,13,05 34 50.89240,-06 00 13.6272,A,2020yCat.1350....0G,Orion_V*,*|NIR|Or*|V*|X|Y*?|Y*O,,,,,M1.1,,2.6514,0.0303,1.168,0.287,0.029,0.025,90.0,,,,,16.405,,4.719998294395504,12.129,11.924,,,,,,0.116585,0.16277688721947972,0.055689584892635896
146,Par 1643,9.79,0.002,9.98,0.003,9.67,0.006,9.17,0.024,3.2,,,,Parenago 1643,05 34 51.0,-05 42 21.4,149,V* V776 Ori,83.7123678563,-5.705966052,0.0,0.0,90.0,35,05 34 50.96829,-05 42 21.4778,A,2020yCat.1350....0G,Orion_V*,*|Em*|Er*|MIR|NIR|Or*|V*|X|Y*O|cor|smm,24.6,0.324,8.21e-05,1.1e-06,K0,,2.8726,0.0622,1.607,-0.175,0.05,0.045,90.0,0.516667,0.516667,0.0,13.561,12.813,,2.639998294395504,10.21,10.006,,,,,,0.479709,0.9438161444719264,0.055689584892635896
147,Par 1620,10.19,0.002,10.24,0.003,10.12,0.009,9.84,0.031,1.29,,,,Parenago 1620,05 34 51.1,-04 43 41.4,150,V* V1706 Ori,83.7127716601,-4.728180785,0.0,0.0,90.0,23,05 34 51.06520,-04 43 41.4508,A,2020yCat.1350....0G,TTau*,*|NIR|Or*|TT*|V*|X,35.914,0.099,0.0001198,3e-07,,,2.5261,0.0127,1.766,-0.718,0.011,0.01,90.0,,,,14.7,,,3.007998294395504,10.43,10.228,,,,,,0.522724,0.7412934831593594,0.055689584892635896
148,JW 121,9.66,0.003,9.22,0.003,8.7,0.016,7.92,0.045,5.54,M3,H97,L,JW 121,05 34 51.2,-05 16 54.9,151,V* V2061 Ori,83.7133826789,-5.2819110929,0.0,0.0,90.0,39,05 34 51.21184,-05 16 54.8799,A,2020yCat.1350....0G,TTau*,*|Em*|MIR|NIR|Or*|TT*|TT?|V*|Y*O,27.807,0.335,9.28e-05,1.1e-06,M3,,2.5389,0.1042,1.867,-1.233,0.096,0.081,90.0,,,,20.101,18.601,,4.346998294395505,11.17,10.574,,,,,,0.178024,0.23993734422306234,0.055689584892635896
149,R01- 1524,12.1,0.007,11.94,0.009,11.95,0.022,11.93,0.051,3.15,M4,R01,L,[R2001]  1524,05 34 51.4,-05 00 11.4,152,V* V1456 Ori,83.7142073761,-5.0031642853,0.0,0.0,90.0,26,05 34 51.40977,-05 00 11.3914,A,2020yCat.1350....0G,TTau*,*|Em*|IR|NIR|Or*|TT*|TT?|V*|Y*O,32.401,0.108,0.0001081,4e-07,M4.6,,2.5432,0.0503,0.917,-2.032,0.045,0.039,90.0,,,,,17.63,,5.081998294395504,12.45,12.248,,,,,,0.146247,0.1352838432726335,0.055689584892635896
150,Par 1642,8.64,0.002,8.23,0.002,7.9,0.004,6.88,0.013,6.63,K2,H97,H,Parenago 1642,05 34 51.6,-05 25 13.0,153,V* V401 Ori,83.7148478169,-5.4202748354,0.0,0.0,90.0,57,05 34 51.56348,-05 25 12.9894,A,2020yCat.1350....0G,TTau*,*|Em*|G|NIR|Or*|TT*|TT?|V*|X|Y*?|Y*O,24.21,0.282,8.08e-05,9e-07,K2,,2.5338,0.0338,1.914,0.492,0.029,0.024,90.0,,,,16.072,15.1,13.77,3.1469982943955035,10.21,9.529,,,,,,0.545512,0.6757978081638902,0.055689584892635896
151,HBJM 10288,10.4,0.003,10.36,0.003,10.17,0.01,9.84,0.038,7.44,,,,[H97b] 10288,05 34 51.8,-05 39 24.1,154,V* V1457 Ori,83.715641,-5.656699,0.07,0.06,0.0,31,05 34 51.75384,-05 39 24.1164,C,2003yCat.2246....0C,TTau*,*|**|Em*|Ir*|MIR|NIR|Or*|TT*|TT?|V*|X|Y*O,25.742,0.035,8.59e-05,1e-07,M3.0e,,,,,,,,,,,,,16.42,,3.796998294395504,11.114,10.784,,,,,,0.689223,0.4126279364133072,0.055689584892635896
152,R01- 1526,10.4,0.003,10.36,0.003,10.17,0.01,9.84,0.038,7.36,,,,[R2001]  1526,05 34 51.8,-05 39 24.1,155,V* V1457 Ori,83.715641,-5.656699,0.07,0.06,0.0,31,05 34 51.75384,-05 39 24.1164,C,2003yCat.2246....0C,TTau*,*|**|Em*|Ir*|MIR|NIR|Or*|TT*|TT?|V*|X|Y*O,25.742,0.035,8.59e-05,1e-07,M3.0e,,,,,,,,,,,,,16.42,,3.796998294395504,11.114,10.784,,,,,,0.689223,0.4126279364133072,0.055689584892635896
153,R01- 1528,11.44,0.004,11.52,0.007,11.46,0.015,11.34,0.023,1.82,,,,[R2001]  1528,05 34 52.1,-06 03 20.7,156,V* V1708 Ori,83.7169175557,-6.0557515947,0.0,0.0,90.0,25,05 34 52.06021,-06 03 20.7057,A,2020yCat.1350....0G,TTau*,*|NIR|Or*|TT*|V*|X|Y*O,25.864,0.07,8.63e-05,2e-07,M0.8,,2.5879,0.0349,1.39,0.439,0.032,0.028,90.0,,,,,15.77,,4.421998294395504,11.8,11.585,,,,,,0.593497,0.21873810441653704,0.055689584892635896
154,R01- 1535,11.55,0.005,11.46,0.007,11.43,0.014,11.31,0.021,0.9,M3,R01,L,[R2001]  1535,05 34 52.4,-06 11 57.0,157,V* V781 Ori,83.7183449152,-6.1991614019,0.0,0.0,90.0,28,05 34 52.40278,-06 11 56.9810,A,2020yCat.1350....0G,TTau*,*|Em*|Er*|G|NIR|Opt|Or*|TT*|V*|X|Y*O,29.138,0.179,9.72e-05,6e-07,M1.9,,2.5994,0.0287,1.233,0.719,0.026,0.023,90.0,,,,17.34,16.213,,4.545998294395504,11.88,11.735,,,,,,0.045579,0.1870048387992548,0.055689584892635896
155,JW 133,10.76,0.004,10.82,0.005,10.81,0.029,10.66,0.121,2.03,M1.5,H97,H,JW 133,05 34 52.6,-05 24 03.8,158,V* V1459 Ori,83.7191413887,-5.4010463817,0.0,0.0,90.0,58,05 34 52.59393,-05 24 03.7670,A,2020yCat.1350....0G,TTau*,*|Em*|G|NIR|Or*|TT*|TT?|V*|V*?|X|Y*?|Y*O,25.957,0.575,8.66e-05,1.9e-06,M1.5,,2.3944,0.0537,0.5,-0.465,0.047,0.037,90.0,,,,16.457,15.351,,3.791998294395505,11.192,11.008,,,,,,0.096429,0.4136895550255281,0.055689584892635896
156,JW 135,9.78,0.003,9.45,0.002,9.1,0.009,8.28,0.026,3.69,M3,H97,L,JW 135,05 34 52.7,-05 29 45.3,159,V* V1460 Ori,83.719392837,-5.4959344323,0.0,0.0,90.0,42,05 34 52.65428,-05 29 45.3640,A,2020yCat.1350....0G,TTau*,*|Em*|MIR|NIR|Or*|TT*|TT?|V*|X|Y*?|Y*O,23.0,0.7,7.67e-05,2.3e-06,M3e,,2.4127,0.1288,2.051,-0.872,0.117,0.088,90.0,,,,17.931,16.782,15.35,3.9019982943955043,11.07,10.528,,,,,,0.685624,0.3761709246745875,0.055689584892635896
157,JW 136,9.12,0.002,8.87,0.003,8.67,0.008,7.93,0.028,8.65,,,,JW 136,05 34 52.7,-05 27 55.0,160,V* V551 Ori A,83.7198469279,-5.4653190097,0.0,0.0,90.0,45,05 34 52.76326,-05 27 55.1484,A,2020yCat.1350....0G,Star,*|**|V*|X,,,,,M0.5,,2.4367,0.0476,0.769,-2.334,0.042,0.034,90.0,,,,,,,,,,,,,,,0.956218,0.0,0.0
158,JW 137,9.12,0.002,8.87,0.003,8.67,0.008,7.93,0.028,8.65,,,,JW 137,05 34 52.7,-05 27 53.0,161,V* V551 Ori B,83.7198457176,-5.4647090108,0.0,0.0,90.0,21,05 34 52.76297,-05 27 52.9524,A,2020yCat.1350....0G,Em*,*|**|Em*|V*|X,,,,,M1.5,,2.1679,0.0612,2.053,-2.055,0.054,0.044,90.0,,,,17.935,16.671,14.63,,,,,,,,,0.941492,0.0,0.0
159,JW 138,11.23,0.007,10.94,0.007,10.13,0.037,8.89,0.065,4.44,M3.5,H97,L,JW 138,05 34 52.9,-05 28 59.1,162,V* V1461 Ori,83.7205015072,-5.4830707392,0.0,0.0,90.0,47,05 34 52.92036,-05 28 59.0547,A,2020yCat.1350....0G,TTau*,*|Em*|G|MIR|NIR|Or*|TT*|TT?|V*|X|Y*O,28.32,0.353,9.45e-05,1.2e-06,M3.5e,,2.5094,0.0667,-0.757,0.79,0.059,0.048,90.0,,,,18.101,17.419,16.1,5.009998294395505,12.354,12.026,,,,,,0.30739,0.14059984783257046,0.055689584892635896
160,JW 140,11.05,0.003,11.08,0.005,11.04,0.014,11.27,0.051,4.58,M3.5,H97,L,JW 140,05 34 53.4,-05 10 27.9,163,2MASS J05345343-0510279,83.7226393349,-5.1744247323,0.0,0.0,90.0,40,05 34 53.43344,-05 10 27.9290,A,2020yCat.1350....0G,TTau*,*|Em*|G|IR|NIR|Rad|TT*|TT?|X|Y*O,26.525,0.041,8.85e-05,1e-07,M3.5,,3.1645,0.1644,1.33,1.168,0.14,0.127,90.0,,,,18.309,17.159,,4.106998294395504,11.52,11.281,,,,,,0.500405,0.3078526177315458,0.055689584892635896
161,R01- 1555,12.76,0.01,12.4,0.011,12.06,0.026,11.4,0.058,2.02,,,,[R2001]  1555,05 34 53.5,-05 40 04.0,164,V* V2069 Ori,83.7228461511,-5.6677923971,0.0,0.0,90.0,18,05 34 53.48308,-05 40 04.0526,A,2020yCat.1350....0G,Orion_V*,*|Em*|MIR|NIR|Or*|TT?|V*|X|Y*O,,,,,M4.4e,,2.5634,0.1024,1.278,0.47,0.089,0.078,90.0,,,,20.373,19.21,,6.023998294395504,13.548,13.254,,,,,,0.258039,0.0,0.0
162,JW 149,11.08,0.008,10.83,0.006,10.29,0.036,9.24,0.068,2.76,M3,H97,L,JW 149,05 34 54.6,-05 28 18.2,165,V* V1464 Ori,83.7276982742,-5.4717280104,0.0,0.0,90.0,39,05 34 54.64759,-05 28 18.2208,A,2020yCat.1350....0G,Orion_V*,*|Em*|MIR|NIR|Or*|TT?|V*|X|Y*?|Y*O,28.14,3.3,9.39e-05,1.1e-05,M3e,,2.6018,0.1219,0.196,-1.271,0.111,0.089,90.0,,,,19.354,18.313,17.01,5.490998294395505,12.719,12.323,,,,,,0.71084,0.10874068481250816,0.055689584892635896
163,Par 1655,11.31,0.004,11.35,0.006,11.36,0.014,11.46,0.044,7.36,,,,Parenago 1655,05 34 55.4,-05 01 39.4,166,V* V1465 Ori,83.7309026248,-5.0276318258,0.0,0.0,90.0,16,05 34 55.41663,-05 01 39.4746,A,2020yCat.1350....0G,Orion_V*,*|IR|NIR|Or*|V*|X|Y*O,26.2,,8.74e-05,,,,2.5524,0.0265,1.044,0.016,0.023,0.02,90.0,,,,16.5,,,4.386998294395504,11.754,11.573,,,,,,0.259438,0.2285047424579021,0.055689584892635896
164,JW 156,9.76,0.002,9.49,0.002,8.82,0.005,7.79,0.015,7.92,M0.5,H97,H,JW 156,05 34 55.6,-05 36 06.2,167,V* V2078 Ori,83.731480891,-5.6017280285,0.0,0.0,90.0,33,05 34 55.55541,-05 36 06.2209,A,2020yCat.1350....0G,Orion_V*,*|Em*|G|NIR|Or*|TT?|V*|X|Y*O,26.097,0.044,8.71e-05,1e-07,M0.5,,2.5595,0.0939,1.829,-1.049,0.082,0.072,90.0,,,,20.76,19.265,,4.666998294395505,11.37,10.582,,,,,,0.665927,0.1665850755165906,0.055689584892635896
165,Par 1659,8.05,0.002,8.09,0.002,7.93,0.003,7.96,0.023,17.4,K2,H97,H,Parenago 1659,05 34 56.0,-05 23 13.0,168,V* KM Ori,83.7332186563,-5.3869560661,0.0,0.0,90.0,97,05 34 55.97248,-05 23 13.0418,A,2020yCat.1350....0G,Orion_V*,*|Em*|NIR|Or*|Rad|TT*|TT?|V*|X|Y*?|Y*O,28.649,0.005,9.56e-05,0.0,K5Ve,,2.5161,0.0188,1.453,0.184,0.017,0.014,90.0,,,,12.883,11.918,,0.8689982943955048,8.23,8.06,,,,,,0.413138,0.0,0.0
166,JW 158,10.27,0.002,10.3,0.003,10.27,0.014,10.08,0.046,1.92,M1.5,H97,H,JW 158,05 34 56.0,-05 29 26.4,169,V* V478 Ori,83.7332323294,-5.4906628796,0.0,0.0,90.0,50,05 34 55.97576,-05 29 26.3864,A,2020yCat.1350....0G,Orion_V*,*|Em*|NIR|Or*|Rad|V*|X|Y*?|Y*O,26.702,0.458,8.91e-05,1.5e-06,M1.5,,2.5873,0.0497,0.683,1.65,0.047,0.039,90.0,,,,16.779,15.708,14.37,3.578998294395504,10.82,10.539,,,,,,0.362202,0.4926717393082925,0.055689584892635896
167,JW 159,10.74,0.005,10.82,0.005,10.62,0.037,10.16,0.119,1.12,M2,H97,H,JW 159,05 34 56.0,-05 31 13.1,170,V* V1466 Ori,83.7332423684,-5.5202922025,0.0,0.0,90.0,45,05 34 55.97817,-05 31 13.0519,A,2020yCat.1350....0G,Orion_V*,*|Em*|NIR|Opt|Or*|TT?|V*|X|Y*?|Y*O,29.123,0.832,9.71e-05,2.8e-06,M2,,2.4967,0.0373,2.038,0.861,0.033,0.027,90.0,,,,17.253,16.093,14.8,3.914998294395504,11.24,10.971,,,,,,0.329481,0.3713689462020635,0.055689584892635896
168,R01- 1591,11.39,0.004,11.39,0.006,11.48,0.017,11.49,0.051,0.46,,,,[R2001]  1591,05 34 56.1,-05 06 01.8,171,V* V553 Ori,83.7339216089,-5.1004814237,0.0,0.0,90.0,27,05 34 56.14119,-05 06 01.7331,A,2020yCat.1350....0G,TTau*,*|Em*|Er*|G|IR|NIR|Or*|TT*|TT?|V*|X|Y*?|Y*O,27.09,1.383,9.04e-05,4.6e-06,M4.1,,2.9024,0.0344,1.359,-0.801,0.029,0.026,90.0,,,,,16.87,,4.485998294395504,11.88,11.67,,,,,,0.618969,0.20095500373992156,0.055689584892635896
169,R01- 1592,11.55,0.005,11.53,0.006,11.57,0.016,11.51,0.022,4.19,,,,[R2001]  1592,05 34 56.3,-06 04 17.4,172,V* V1467 Ori,83.7344499865,-6.0714987639,0.0,0.0,90.0,30,05 34 56.26800,-06 04 17.3956,A,2020yCat.1350....0G,TTau*,*|Em*|NIR|Or*|TT*|V*|X|Y*?|Y*O,27.184,0.046,9.07e-05,2e-07,M0.8,,2.6101,0.0243,1.079,0.368,0.023,0.019,90.0,,,,17.39,15.886,,4.536998294395504,11.9,11.726,,,,,,0.477377,0.1889368000672124,0.055689584892635896
170,JW 166,11.61,0.005,11.69,0.008,11.57,0.031,11.08,0.124,0.67,M5,H97,L,JW 166,05 34 56.4,-05 38 05.2,173,2MASS J05345640-0538052,83.7350000464,-5.6348044917,0.0,0.0,90.0,33,05 34 56.40001,-05 38 05.2962,A,2020yCat.1350....0G,YSO,*|Em*|Ir*|NIR|V*|X|Y*O,27.64,0.435,9.22e-05,1.5e-06,M5,,2.521,0.0415,1.36,0.962,0.034,0.03,90.0,,,,18.305,17.17,,4.670998294395504,12.09,11.869,,,,,,0.09617,0.16615758148262658,0.055689584892635896
171,JW 164,10.53,0.003,10.28,0.003,9.91,0.01,9.11,0.027,6.52,M2,H97,H,JW 164,05 34 56.5,-05 27 51.1,174,V* V2080 Ori,83.7354803227,-5.4641608649,0.0,0.0,90.0,55,05 34 56.51528,-05 27 50.9791,A,2020yCat.1350....0G,TTau*,*|Em*|G|Ir*|MIR|NIR|Or*|TT*|TT?|V*|X|Y*?|Y*O,24.421,0.018,8.15e-05,1e-07,M2e,,2.493,0.0513,1.043,-0.801,0.046,0.037,90.0,,,,17.842,16.634,15.24,4.4079982943955045,11.64,11.293,,,,,,0.258171,0.22270806229229168,0.055689584892635896
172,R01- 1595,11.61,0.006,11.87,0.009,11.72,0.05,10.71,0.115,0.84,M2,R01,H,[R2001]  1595,05 34 56.6,-05 52 07.0,175,V* V1468 Ori,83.7356791672,-5.8686328143,0.0,0.0,90.0,26,05 34 56.56300,-05 52 07.0781,A,2020yCat.1350....0G,TTau*,*|EB?|IR|NIR|Opt|Or*|TT*|V*|X|Y*O,31.768,0.249,0.000106,8e-07,M2.7,,2.5703,0.0362,1.075,0.317,0.034,0.029,90.0,,,,,16.63,,4.778998294395505,12.18,11.966,,,,,,0.55759,0.15824045851244392,0.055689584892635896
173,JW 168,11.83,0.008,11.85,0.008,11.82,0.037,11.76,0.145,0.92,M5.5,H97,L,JW 168,05 34 56.8,-05 26 37.2,176,2MASS J05345675-0526372,83.7364986382,-5.4436736767,0.0,0.0,90.0,41,05 34 56.75967,-05 26 37.2252,A,2020yCat.1350....0G,TTau*,*|Em*|NIR|TT*|V*|X|Y*O,24.62,2.14,8.21e-05,7.1e-06,M5.5,,2.397,0.1011,0.528,-0.663,0.081,0.064,90.0,,,,19.648,18.438,16.76,5.122998294395504,12.443,12.172,,,,,,0.602703,0.13219121119174984,0.055689584892635896
174,CHS 6568,9.93,0.003,9.61,0.002,9.37,0.006,9.02,0.029,6.19,,,,[CHS2001] 6568,05 34 56.8,-04 46 04.8,177,V* V2084 Ori,83.7367411932,-4.7679993235,0.0,0.0,90.0,28,05 34 56.81789,-04 46 04.7976,A,2020yCat.1350....0G,Orion_V*,*|Em*|G|MIR|NIR|Or*|V*|X|Y*O,31.461,0.02,0.0001049,1e-07,,,2.6084,0.0418,1.739,-0.849,0.038,0.032,90.0,,,,,15.59,,4.291998294395505,11.46,10.961,,,,,,0.267378,0.25519967464538285,0.055689584892635896
175,JW 169,11.04,0.005,10.73,0.006,10.37,0.031,9.77,0.069,3.82,,,,JW 169,05 34 56.9,-05 22 06.3,178,V* V1469 Ori,83.737222079,-5.3684100229,0.0,0.0,90.0,45,05 34 56.93330,-05 22 06.2761,A,2020yCat.1350....0G,Orion_V*,*|Em*|MIR|NIR|Or*|V*|X|Y*?|Y*O,30.804,0.121,0.0001028,4e-07,M3,,2.4675,0.1173,0.445,-0.9,0.104,0.081,90.0,,,,22.147,19.823,,5.720998294395503,12.33,11.751,,,,,,0.497868,0.0,0.0
176,R01- 1603,11.81,0.007,11.72,0.009,11.64,0.021,11.59,0.074,5.99,M2.5,R01,L,[R2001]  1603,05 34 57.2,-05 42 02.8,179,V* V1471 Ori,83.7384880472,-5.7008114515,0.0,0.0,90.0,36,05 34 57.23713,-05 42 02.9212,A,2020yCat.1350....0G,TTau*,*|Em*|NIR|Opt|Or*|TT*|TT?|V*|X|Y*O,28.011,0.069,9.34e-05,2e-07,M1.9e,,2.5892,0.035,1.36,0.417,0.031,0.027,90.0,,,,17.976,16.835,,4.707998294395503,12.09,11.87,,,,,,0.567318,0.16361555692025756,0.055689584892635896
177,JW 175,10.51,0.009,10.03,0.008,9.49,0.052,8.06,0.069,9.19,M3,H97,L,JW 175,05 34 57.8,-05 22 51.2,180,V* V402 Ori,83.7407775566,-5.3808872035,0.0,0.0,90.0,51,05 34 57.78661,-05 22 51.1939,A,2020yCat.1350....0G,TTau*,*|Em*|G|MIR|NIR|Or*|TT*|TT?|V*|X|Y*O,28.122,0.037,9.38e-05,1e-07,M3,,2.3769,0.06,2.875,1.033,0.052,0.042,90.0,,,,17.287,16.943,,4.422998294395503,11.718,11.319,,,,,,0.200004,0.21873810441653704,0.055689584892635896
178,JW 177,10.45,0.004,10.06,0.004,9.8,0.028,9.58,0.132,9.09,M0,H97,H,JW 177,05 34 58.0,-05 17 37.7,181,V* V2089 Ori,83.741804975,-5.2938129666,0.0,0.0,90.0,43,05 34 58.03319,-05 17 37.7267,A,2020yCat.1350....0G,TTau*,*|Em*|IR|NIR|Or*|TT*|V*|X|Y*O,30.135,0.032,0.0001005,1e-07,M0,,2.6498,0.0676,0.443,-0.056,0.058,0.05,90.0,,,,18.832,17.504,,4.5219982943955035,11.513,10.995,,,,,,0.496504,0.19286080652166263,0.055689584892635896
179,JW 178,10.91,0.004,10.83,0.004,10.97,0.029,10.8,0.124,1.27,M2,H97,H,JW 178,05 34 58.2,-05 09 27.6,182,V* V780 Ori,83.7425001055,-5.1576627141,0.0,0.0,90.0,39,05 34 58.20003,-05 09 27.5858,A,2020yCat.1350....0G,TTau*,*|Em*|Er*|IR|NIR|Or*|TT*|TT?|V*|X|Y*O,24.172,0.079,8.06e-05,3e-07,M2,,2.5166,0.031,1.603,-1.44,0.028,0.024,90.0,,,,13.9,16.43,,4.170998294395504,11.455,11.196,,,,,,0.014234,0.288698584217703,0.055689584892635896
180,CHS 6721,11.16,0.004,11.0,0.004,10.9,0.014,10.98,0.07,4.42,,,,[CHS2001] 6721,05 34 58.3,-05 38 25.7,183,V* V2092 Ori,83.7427424849,-5.6405024836,0.0,0.0,90.0,25,05 34 58.25820,-05 38 25.8089,A,2020yCat.1350....0G,Orion_V*,*|Ir*|NIR|Or*|Rad|V*|X|Y*O,27.558,0.031,9.19e-05,1e-07,M2.1,,2.5664,0.257,1.809,-0.297,0.223,0.2,90.0,,,,,,,5.707998294395503,12.23,11.523,,,,,,0.633457,0.0,0.0
181,JW 186,11.18,0.004,10.69,0.004,10.49,0.018,9.7,0.04,6.03,M2.5,H97,H,JW 186,05 34 58.5,-05 32 49.9,184,V* V1474 Ori,83.7438810615,-5.5471896187,0.0,0.0,90.0,39,05 34 58.53145,-05 32 49.8826,A,2020yCat.1350....0G,TTau*,*|Em*|MIR|NIR|Or*|TT*|V*|X|Y*O,28.804,0.042,9.61e-05,1e-07,M2.5,,2.3856,0.1651,0.87,0.92,0.145,0.119,90.0,,,,21.769,20.4,18.19,5.244998294395504,12.423,11.901,,,,,,0.469933,0.12396651293172012,0.055689584892635896
182,R01- 1630,8.48,0.002,7.99,0.002,7.5,0.002,6.89,0.004,14.19,,,,[R2001]  1630,05 34 59.2,-05 44 55.3,185,V* V1712 Ori,83.7468133389,-5.7487246904,0.0,0.0,90.0,28,05 34 59.23520,-05 44 55.4089,A,2020yCat.1350....0G,Orion_V*,*|**|Em*|Er*|G|MIR|NIR|Or*|Pe*|TT?|V*|X|Y*O,22.45,0.06,7.49e-05,2e-07,M2.8,,2.7572,0.1184,1.802,-0.388,0.11,0.091,90.0,,,,,18.26,,4.6629982943955035,11.11,9.981,,,,,,0.536529,0.16701366941700335,0.055689584892635896
183,R01- 1632,10.97,0.003,10.75,0.004,10.76,0.012,10.45,0.039,5.59,,,,[R2001]  1632,05 34 59.3,-05 05 30.0,186,V* V1476 Ori,83.7471928257,-5.0916715914,0.0,0.0,90.0,25,05 34 59.32628,-05 05 30.0177,A,2020yCat.1350....0G,TTau*,*|Em*|IR|NIR|Opt|Or*|TT*|TT?|V*|X|Y*O,29.899,0.263,9.97e-05,9e-07,,,2.3819,0.168,3.493,-2.312,0.149,0.124,90.0,,,,,16.53,,4.318998294395504,11.54,11.26,,,,,,0.393017,0.24745086821630422,0.055689584892635896
184,Par 1686,10.02,0.005,9.45,0.003,9.09,0.021,8.33,0.055,8.73,M2,H97,H,Parenago 1686,05 34 59.6,-05 25 40.0,187,V* V1477 Ori,83.7484387309,-5.4277766578,0.0,0.0,90.0,63,05 34 59.62530,-05 25 39.9960,A,2020yCat.1350....0G,TTau*,*|Em*|NIR|Or*|Rad|TT*|TT?|V*|X|Y*?|Y*O,26.088,0.028,8.7e-05,1e-07,M2,,2.4261,0.0527,0.12,-0.966,0.044,0.035,90.0,,,,17.458,16.369,14.94,4.033998294395504,11.28,10.914,,,,,,0.377752,0.3316689065961191,0.055689584892635896
185,JW 194,12.51,0.01,12.33,0.012,11.9,0.048,10.91,0.098,13.87,M5.5,H97,L,JW 194,05 35 00.4,-05 09 44.1,188,2MASS J05350039-0509441,83.7516611696,-5.1622596885,0.0,0.0,90.0,28,05 35 00.39868,-05 09 44.1349,A,2020yCat.1350....0G,YSO,*|Em*|G|IR|NIR|V*|X|Y*O,23.1,0.9,7.71e-05,3e-06,M5.5,,2.4643,0.2011,1.211,0.599,0.185,0.158,90.0,,,,15.6,18.67,,5.727998294395505,13.18,12.925,,,,,,0.040062,0.0,0.0
186,JW 200,11.21,0.009,10.82,0.005,10.49,0.05,9.31,0.086,3.11,M2.5,H97,H,JW 200,05 35 00.9,-05 31 05.9,189,V* V2106 Ori,83.7535508307,-5.5183004441,0.0,0.0,90.0,34,05 35 00.85220,-05 31 05.8816,A,2020yCat.1350....0G,Orion_V*,*|Em*|MIR|NIR|Or*|V*|X|Y*?|Y*O,19.36,1.9,6.46e-05,6.3e-06,M2.5,,2.9854,0.1618,2.115,-1.834,0.145,0.111,90.0,,,,21.249,20.08,17.97,5.337998294395504,12.588,12.106,,,,,,0.713924,0.11836346856845596,0.055689584892635896
187,JW 210,9.53,0.006,9.07,0.003,8.53,0.026,7.41,0.049,9.96,K6-K8,H97,H,JW 210,05 35 01.3,-05 20 22.1,190,V* V2109 Ori,83.7555811958,-5.3394952892,0.0,0.0,90.0,38,05 35 01.33949,-05 20 22.1830,A,2020yCat.1350....0G,TTau*,*|Em*|Ir*|MIR|NIR|Or*|TT*|TT?|V*|X|Y*O,27.116,0.037,9.05e-05,1e-07,M1e,,2.4165,0.0589,3.2,0.742,0.049,0.042,90.0,,,,19.176,17.833,,4.118998294395505,10.97,10.213,,,,,,0.595553,0.30392275089152915,0.055689584892635896
188,Par 1715,10.8,0.003,10.85,0.004,10.79,0.012,10.81,0.032,2.04,M0,R01,H,Parenago 1715,05 35 01.4,-05 55 54.8,191,V* V787 Ori,83.7556838457,-5.931902452,0.0,0.0,90.0,26,05 35 01.36412,-05 55 54.8488,A,2020yCat.1350....0G,TTau*,*|Er*|NIR|Or*|TT*|V*|X|Y*O,26.413,0.038,8.81e-05,1e-07,M0.0e,,2.3656,0.0639,1.252,0.359,0.06,0.05,90.0,,,,16.0,14.9,,3.6439982943955034,11.02,10.84,,,,,,0.537496,0.46919677831504175,0.055689584892635896
189,Par 1693,11.14,0.004,11.21,0.006,11.14,0.029,11.11,0.129,2.83,M1.5,H97,H,Parenago 1693,05 35 01.4,-05 09 32.6,192,V* KV Ori,83.7559678231,-5.1590658458,0.0,0.0,90.0,42,05 35 01.43228,-05 09 32.6370,A,2020yCat.1350....0G,TTau*,*|Em*|IR|NIR|Or*|Rad|TT*|TT?|V*|X|Y*O,31.286,0.037,0.0001044,1e-07,M1.5,,2.0973,0.1789,1.105,1.222,0.159,0.139,90.0,,,,,,,4.030998294395504,11.39,11.212,,,,,,0.483623,0.3333777527806343,0.055689584892635896
190,R01- 1659,11.28,0.005,11.19,0.007,11.3,0.033,10.61,0.09,5.44,M3,R01,L,[R2001]  1659,05 35 02.0,-04 41 14.5,193,V* V1713 Ori,83.7582269023,-4.6873928485,0.002,0.001,90.0,17,05 35 01.97446,-04 41 14.6143,C,2020yCat.1350....0G,TTau*,*|NIR|Or*|TT*|V*|X|Y*O,30.06,0.375,0.0001003,1.3e-06,,,,,,,,,32767.0,,,,,18.9,,5.129998294395504,12.14,11.677,,,,,,0.398596,0.13151361814606122,0.055689584892635896
191,JW 222,9.77,0.004,9.48,0.003,9.11,0.027,8.7,0.093,5.06,M2,H97,H,JW 222,05 35 02.2,-05 29 09.9,194,V* V1320 Ori,83.759097,-5.48607,0.06,0.06,90.0,51,05 35 02.18328,-05 29 09.8520,C,2003yCat.2246....0C,TTau*,*|**|BY*|Em*|G|Ir*|NIR|TT*|TT?|V*|X|Y*O,26.74,0.47,8.92e-05,1.6e-06,M2,,,,,,,,,,,,18.57,17.355,15.77,3.9399982943955045,11.067,10.592,,,,,,0.254224,0.36287933288915747,0.055689584892635896
192,Par 1692,11.33,0.006,11.36,0.009,11.33,0.03,11.43,0.193,5.42,M2.5,R01,L,Parenago 1692,05 35 02.4,-04 49 16.2,195,V* V1714 Ori,83.7599689092,-4.8211527094,0.0,0.0,90.0,19,05 35 02.39254,-04 49 16.1498,A,2020yCat.1350....0G,Orion_V*,*|Em*|NIR|Or*|V*|X|Y*O,31.1,0.5,0.0001037,1.7e-06,,,2.5511,0.0416,1.76,-0.683,0.034,0.029,90.0,,,,16.2,16.78,,4.619998294395504,11.88,11.602,,,,,,0.122327,0.17048235691748292,0.055689584892635896
193,R01- 1663,9.79,0.003,9.87,0.005,9.79,0.008,9.73,0.031,6.96,,,,[R2001]  1663,05 35 02.7,-04 49 29.3,196,V* V1715 Ori,83.7610951,-4.8248274892,0.0,0.0,90.0,18,05 35 02.66282,-04 49 29.3790,A,2020yCat.1350....0G,Orion_V*,*|Em*|NIR|Opt|Or*|V*|X|Y*O,,,,,,,2.5908,0.0321,1.377,-1.334,0.026,0.023,90.0,,,,15.7,14.9,,3.0009982943955045,10.218,10.036,,,,,,0.561246,0.7451128238184025,0.055689584892635896
194,JW 228,12.45,0.012,12.17,0.012,11.62,0.071,10.24,0.123,3.22,M5,H97,L,JW 228,05 35 02.8,-05 32 02.8,197,V* V2124 Ori,83.7615133069,-5.5341241031,0.0,0.0,90.0,27,05 35 02.76319,-05 32 02.8468,A,2020yCat.1350....0G,Orion_V*,*|Em*|NIR|Or*|V*|Y*O,,,,,M5e,,2.3533,0.1533,1.483,-1.147,0.135,0.107,90.0,,,,20.825,19.775,18.67,5.931998294395504,13.661,13.156,,,,,,0.551509,0.0,0.0
195,Par 1741,11.32,0.004,11.35,0.006,11.4,0.015,11.28,0.022,6.41,,,,Parenago 1741,05 35 02.9,-06 05 25.2,198,V* V788 Ori,83.7622285534,-6.090345222,0.0,0.0,90.0,33,05 35 02.93485,-06 05 25.2428,A,2020yCat.1350....0G,TTau*,*|Er*|NIR|Or*|TT*|V*|X|Y*O,27.01,0.062,9.01e-05,2e-07,M2.0,,2.6017,0.0222,1.552,0.689,0.02,0.017,90.0,,,,15.8,15.85,,4.398998294395504,11.8,11.584,,,,,,0.521601,0.225008876288193,0.055689584892635896
196,JW 229,10.88,0.007,10.73,0.009,10.64,0.063,10.01,0.184,7.75,M1.5,H97,H,JW 229,05 35 03.2,-05 18 29.9,199,V* V2128 Ori,83.7631583025,-5.3083252584,0.0,0.0,90.0,41,05 35 03.15799,-05 18 29.9709,A,2020yCat.1350....0G,Orion_V*,*|Em*|Ir*|NIR|Or*|TT?|V*|X|Y*O,29.26,0.799,9.76e-05,2.7e-06,M1.5,,2.5238,0.0514,0.621,0.512,0.046,0.038,90.0,,,,17.659,16.497,,4.613998294395504,11.79,11.347,,,,,,0.631405,0.17136072724208004,0.055689584892635896
197,Par 1701,7.67,0.001,7.31,0.002,7.12,0.002,6.64,0.003,10.46,,,,Parenago 1701,05 35 03.3,-04 49 21.0,200,V* V1718 Ori,83.7635655394,-4.8225130457,0.001,0.001,90.0,34,05 35 03.25573,-04 49 21.0470,A,2018yCat.1345....0G,TTau*,*|Em*|MIR|NIR|Or*|SB*|TT*|V*|X|Y*O,13.101,0.051,4.37e-05,2e-07,,,9.0186,1.1727,8.787,3.423,2.128,2.092,90.0,,,,14.3,13.05,,1.8739982943955038,9.08,8.51,,,,,,0.663372,0.0,0.0
198,Par 1725,9.39,0.005,9.15,0.003,8.9,0.029,8.09,0.072,4.44,M1.5,H97,H,Parenago 1725,05 35 03.9,-05 29 03.4,201,V* V1481 Ori,83.7663365685,-5.484275314,0.0,0.0,90.0,68,05 35 03.92078,-05 29 03.3911,A,2020yCat.1350....0G,TTau*,*|Em*|MIR|NIR|Or*|Rad|SB*|TT*|V*|X|Y*?|Y*O,-14.627,0.062,-4.88e-05,2e-07,M2.7,,2.5366,0.0262,1.04,0.233,0.022,0.018,90.0,,,,16.264,15.153,13.96,3.153998294395505,10.44,10.122,,,,,,0.310347,0.6723337662584171,0.055689584892635896
199,JW 237,10.81,0.006,10.38,0.006,10.12,0.033,9.29,0.078,5.22,M4,H97,L,JW 237,05 35 04.0,-05 18 59.8,202,V* V2136 Ori,83.7665200184,-5.3166142225,0.0,0.0,90.0,43,05 35 03.96480,-05 18 59.8112,A,2020yCat.1350....0G,TTau*,*|Em*|Ir*|MIR|NIR|Or*|TT*|V*|X|Y*?|Y*O,26.147,0.05,8.72e-05,2e-07,M4,,2.5169,0.0915,1.015,-0.359,0.078,0.063,90.0,,,,19.824,18.592,,5.050998294395503,12.24,11.55,,,,,,0.525782,0.137739159233678,0.055689584892635896
200,R01- 1681,11.51,0.005,11.39,0.007,11.38,0.028,11.65,0.167,18.51,M3.5,R01,L,[R2001]  1681,05 35 04.0,-05 40 51.6,203,V* V1719 Ori,83.76684,-5.6810512,0.074,0.086,90.0,21,05 35 04.04160,-05 40 51.7843,B,2012yCat.1322....0Z,Orion_V*,*|NIR|Or*|V*|X|Y*O,27.79,0.035,9.27e-05,1e-07,,,,,4.7,9.3,5.9,5.8,90.0,,,,,,15.87,4.404998294395504,11.835,11.587,,,,,,0.647715,0.22385551330425044,0.055689584892635896
201,JW 243,10.34,0.006,9.94,0.006,9.41,0.018,8.68,0.044,10.1,M2,H97,H,JW 243,05 35 04.1,-05 26 37.2,204,V* V1482 Ori,83.7669304283,-5.443661042,0.0,0.0,90.0,49,05 35 04.06330,-05 26 37.1798,A,2020yCat.1350....0G,Orion_V*,*|Em*|NIR|Or*|Rad|V*|X|Y*?|Y*O,24.7,0.6,8.24e-05,2e-06,M2,,2.5299,0.1153,1.579,-0.065,0.107,0.079,90.0,,,,17.364,16.215,15.0,3.9909982943955047,11.19,10.905,,,,,,0.548349,0.34647789549606456,0.055689584892635896
202,JW 245,9.72,0.003,9.45,0.004,9.06,0.012,8.57,0.035,9.46,M2,H97,H,JW 245,05 35 04.2,-05 26 27.8,205,V* V1322 Ori,83.7674728567,-5.4410727846,0.0,0.0,90.0,43,05 35 04.19349,-05 26 27.8620,A,2020yCat.1350....0G,BYDra,*|BY*|Em*|NIR|Rad|TT?|V*|X|Y*?|Y*O,27.168,0.276,9.06e-05,9e-07,M2e,,2.5242,0.0642,1.141,-0.062,0.058,0.043,90.0,,,,17.728,16.691,15.36,4.031998294395505,11.097,10.582,,,,,,0.115367,0.3325222319608484,0.055689584892635896
203,Par 1724,7.19,0.001,7.22,0.002,7.09,0.002,7.02,0.004,5.61,K0V,H97,H,Parenago 1724,05 35 04.3,-05 08 12.5,206,V* V1321 Ori,83.7679206024,-5.1368715342,0.0,0.0,90.0,101,05 35 04.30094,-05 08 12.7375,A,2020yCat.1350....0G,Orion_V*,*|Em*|IR|NIR|Or*|Rad|TT*|V*|X|Y*O,17.6,4.17,5.87e-05,1.39e-05,K0III,,2.5447,0.0139,0.263,7.173,0.013,0.011,90.0,,,,11.94,10.538,,0.035998294395504615,7.473,7.267,,,,,,0.237942,0.0,0.0
204,JW 248,8.89,0.006,8.55,0.006,8.0,0.023,7.22,0.06,6.21,M0.5,H97,H,JW 248,05 35 04.4,-05 23 13.9,207,V* V1274 Ori A,83.7682252167,-5.3872122355,0.0,0.0,90.0,41,05 35 04.37405,-05 23 13.9640,A,2018yCat.1345....0G,**,*|**|V*|X,,,,,,,0.0133,0.2801,5.506,-1.073,0.525,0.457,90.0,,,,,,,,,,,,,,,0.392758,0.0,0.0
205,Par 1737,8.49,0.005,8.24,0.003,7.92,0.019,7.82,0.091,3.82,K2,H97,H,Parenago 1737,05 35 04.5,-05 23 56.5,208,V* V2140 Ori,83.7687478594,-5.3990419861,0.0,0.0,90.0,53,05 35 04.49949,-05 23 56.5511,A,2020yCat.1350....0G,Orion_V*,*|Em*|IR|NIR|Or*|TT?|V*|X|Y*O,36.283,0.134,0.000121,4e-07,K2,,2.5096,0.0551,1.799,-0.049,0.044,0.034,90.0,,,,16.694,15.503,,3.243998294395505,10.19,9.536,,,,,,0.051722,0.6337508898640422,0.055689584892635896
206,JW 250,10.39,0.006,10.11,0.008,9.79,0.027,9.64,0.116,2.71,M3,H97,L,JW 250,05 35 04.5,-05 26 04.4,209,V* V1483 Ori,83.7687641948,-5.4345518227,0.0,0.0,90.0,43,05 35 04.50341,-05 26 04.3866,A,2020yCat.1350....0G,Orion_V*,*|Em*|IR|NIR|Or*|V*|X|Y*O,24.65,0.528,8.22e-05,1.8e-06,M3,,2.5606,0.1378,1.453,0.397,0.121,0.089,90.0,,,,18.561,17.239,15.43,4.052998294395504,11.22,10.864,,,,,,0.052616,0.32575663034382935,0.055689584892635896
207,JW 254,10.39,0.005,10.05,0.006,9.6,0.025,9.16,0.083,3.52,M3,H97,L,JW 254,05 35 04.6,-05 26 23.1,210,V* V1323 Ori,83.769196669,-5.4397392524,0.0,0.0,90.0,34,05 35 04.60720,-05 26 23.0613,A,2020yCat.1350....0G,BYDra,*|BY*|Em*|NIR|V*|X|Y*?|Y*O,,,,,M3,,2.4734,0.0832,0.614,-1.358,0.079,0.057,90.0,,,,19.075,17.752,16.32,4.1789982943955035,11.17,10.72,,,,,,0.114271,0.28648169033563375,0.055689584892635896
208,JW 258,9.86,0.004,9.59,0.005,9.33,0.019,8.62,0.056,10.98,M0.5,H97,H,JW 258,05 35 04.8,-05 26 38.0,211,V* V2143 Ori,83.7698115112,-5.4438990218,0.0,0.0,90.0,51,05 35 04.75476,-05 26 38.0365,A,2020yCat.1350....0G,TTau*,*|Em*|NIR|Or*|TT*|V*|X|Y*?|Y*O,26.378,0.354,8.8e-05,1.2e-06,M0.5,,2.4273,0.0588,1.371,-2.047,0.053,0.04,90.0,,,,17.389,16.209,15.02,3.884998294395505,11.03,10.617,,,,,,0.676483,0.38201533059888443,0.055689584892635896
209,JW 257,10.84,0.024,10.35,0.035,9.84,0.073,8.68,0.093,5.22,M4.5,H97,L,JW 257,05 35 04.8,-05 22 38.7,212,V* V2145 Ori,83.7700750266,-5.3774283583,0.0,0.0,90.0,44,05 35 04.81801,-05 22 38.7421,A,2020yCat.1350....0G,Orion_V*,*|Em*|IR|Ir*|NIR|Or*|V*|X|Y*?|Y*O,27.03,0.368,9.02e-05,1.2e-06,M4.5,,2.4858,0.0666,1.948,0.937,0.058,0.047,90.0,,,,18.755,17.662,,4.754998294395504,12.02,11.723,,,,,,0.272181,0.15987525277142067,0.055689584892635896
210,Par 1721,10.91,0.004,10.96,0.006,10.93,0.017,10.87,0.068,24.87,M1.5,R01,H,Parenago 1721,05 35 04.9,-04 49 13.1,213,V* V1720 Ori,83.7708222679,-4.8203407351,0.0,0.0,90.0,25,05 35 04.99734,-04 49 13.2266,A,2020yCat.1350....0G,Orion_V*,*|Em*|NIR|Opt|Or*|Rad|V*|X|Y*O,30.345,0.041,0.0001012,1e-07,,,3.2671,0.2971,1.646,-1.406,0.251,0.211,90.0,,,,16.1,15.6,,3.9349982943955037,11.33,11.11,,,,,,1.460501,0.36474898346874035,0.055689584892635896
211,JW 263,10.53,0.003,10.08,0.003,9.8,0.009,8.82,0.028,7.75,M4.5,H97,L,JW 263,05 35 05.1,-05 36 43.8,214,V* V2148 Ori,83.7711332828,-5.6121834982,0.0,0.0,90.0,45,05 35 05.07199,-05 36 43.8606,A,2020yCat.1350....0G,TTau*,*|Em*|G|Ir*|MIR|NIR|Or*|TT*|TT?|V*|X|Y*O,26.836,0.031,8.95e-05,1e-07,M4.5,,2.4874,0.0759,1.317,0.189,0.06,0.051,90.0,,,,18.969,17.869,,4.643998294395503,11.91,11.384,,,,,,0.422535,0.16830607865097114,0.055689584892635896
212,Par 1748,9.31,0.002,8.99,0.003,8.64,0.006,8.16,0.024,8.25,M0,H97,H,Parenago 1748,05 35 05.3,-05 34 28.5,215,V* V387 Ori,83.7722249917,-5.5745937397,0.0,0.0,90.0,45,05 35 05.33400,-05 34 28.5375,A,2020yCat.1350....0G,Orion_V*,*|Em*|MIR|NIR|Or*|TT?|V*|X|Y*O,25.83,0.339,8.62e-05,1.1e-06,M0,,2.5473,0.0554,1.538,-0.306,0.042,0.035,90.0,,,,16.554,15.277,,3.943998294395504,11.013,10.432,,,,,,0.508939,0.36194810451003717,0.055689584892635896
213,JW 278,8.06,0.004,7.62,0.003,7.25,0.01,6.67,0.029,6.76,K2-K7,H97,H,JW 278,05 35 05.7,-05 24 18.5,216,V* V480 Ori,83.7738741498,-5.4051412405,0.0,0.0,90.0,45,05 35 05.72980,-05 24 18.5085,A,2020yCat.1350....0G,Orion_V*,*|Em*|IR|NIR|Or*|Rad|TT?|V*|X|Y*?|Y*O,25.481,8.094,8.5e-05,2.7e-05,K4:e,,2.6341,0.065,1.777,-1.303,0.059,0.045,90.0,,,,15.749,15.023,14.74,3.296998294395504,10.2,9.315,,,,,,0.445032,0.6097891098741144,0.055689584892635896
214,JW 269,10.11,0.004,9.68,0.003,9.43,0.031,8.62,0.075,5.8,,,,JW 269,05 35 05.7,-05 11 35.1,217,V* V2157 Ori,83.7738700278,-5.1930537615,0.003,0.003,90.0,28,05 35 05.72881,-05 11 34.9935,C,2020yCat.1350....0G,Orion_V*,*|IR|MIR|NIR|Or*|X|Y*O,20.9,1.4,6.97e-05,4.7e-06,M3(III?),,,,,,,,,,,,,21.14,,4.889998294395504,11.47,10.761,,,,,,0.443299,0.14992810347581767,0.055689584892635896
215,R01- 1710,11.09,0.004,11.18,0.005,11.25,0.017,10.97,0.041,4.18,M0,R01,H,[R2001]  1710,05 35 06.1,-05 45 31.2,218,V* V482 Ori,83.775645967,-5.7586803179,0.0,0.0,90.0,30,05 35 06.15503,-05 45 31.2491,A,2020yCat.1350....0G,Orion_V*,*|Em*|NIR|Opt|Or*|TT?|V*|X|Y*O,21.482,0.03,7.17e-05,1e-07,,,2.6922,0.0195,0.297,1.266,0.018,0.016,90.0,,,,,15.02,14.06,4.041998294395505,11.468,11.271,,,,,,0.822784,0.32912204696430647,0.055689584892635896
216,Par 1755,7.78,0.002,6.94,0.002,6.01,0.004,4.91,0.009,2.85,M0.5,H97,H,Parenago 1755,05 35 06.4,-05 33 35.2,219,HH 882,83.7766666667,-5.5597222222,,,172.0,2,05 35 06.4    ,-05 33 35     ,D,2006AJ....131..473B,HH,HH,,,,,,,,,,,,,,,,,,,,,,,,,,,,0.2,0.0,0.0
217,JW 299,11.57,0.013,11.24,0.017,10.69,0.064,9.39,0.106,2.76,,,,JW 299,05 35 06.9,-05 26 00.6,220,[BOM2000] w069-601,83.7787916667,-5.4335,,,172.0,3,05 35 06.91   ,-05 26 00.6   ,D,2000AJ....119.2919B,ISM,?|ISM,,,,,,,,,,,,,,,,,,,,,,,,,,,,0.149326,0.0,0.0
218,JW 301,10.19,0.004,10.22,0.004,9.75,0.033,8.93,0.073,7.92,,,,JW 301,05 35 07.5,-05 11 14.5,221,V* V2174 Ori,83.7813767112,-5.1873408387,0.0,0.0,90.0,35,05 35 07.53041,-05 11 14.4270,A,2020yCat.1350....0G,Orion_V*,*|Em*|G|IR|Ir*|MIR|NIR|Or*|TT?|V*|X|Y*O,22.6,1.8,7.54e-05,6e-06,K5,,2.4913,0.055,1.742,0.133,0.051,0.043,90.0,,,,19.645,17.966,,4.2669982943955045,11.27,10.828,,,,,,0.460117,0.2618420515627735,0.055689584892635896
219,Par 1763,9.73,0.003,9.67,0.003,9.53,0.019,9.73,0.079,4.17,M3,H97,L,Parenago 1763,05 35 07.6,-05 36 19.6,222,V* SZ Ori,83.7817143672,-5.6054601042,0.0,0.0,90.0,46,05 35 07.61145,-05 36 19.6564,A,2020yCat.1350....0G,Orion_V*,*|Em*|NIR|Or*|V*|X|Y*O,22.907,0.036,7.64e-05,1e-07,M3,,2.6826,0.0292,1.351,-4.089,0.022,0.019,90.0,,,,16.16,15.04,,2.810998294395505,10.08,9.835,,,,,,0.179959,0.842920421500308,0.055689584892635896
220,CHS 7678,8.72,0.01,8.19,0.007,7.78,0.053,6.62,0.107,7.88,,,,[CHS2001] 7678,05 35 07.7,-05 21 01.5,223,V* V2176 Ori,83.782240266,-5.3504167819,0.002,0.002,90.0,28,05 35 07.73766,-05 21 01.5004,C,2020yCat.1350....0G,Orion_V*,*|IR|NIR|Or*|Rad|V*|X|Y*O,27.958,0.162,9.33e-05,5e-07,,,,,,,,,,,,,,,,6.027998294395504,12.143,10.624,,,,,,0.562496,0.0,0.0
221,JW 326,9.95,0.005,9.86,0.003,0.0,0.0,9.69,0.191,6.63,K6-K8,H97,H,JW 326,05 35 08.7,-05 29 01.6,224,V* V1325 Ori,83.7861604504,-5.4837805884,0.0,0.0,90.0,38,05 35 08.67851,-05 29 01.6101,A,2020yCat.1350....0G,BYDra,*|BY*|Em*|Ir*|NIR|V*|X|Y*O,29.588,0.447,9.87e-05,1.5e-06,K7m,,2.3057,0.0971,0.796,1.608,0.09,0.07,90.0,,,,20.278,18.787,16.83,4.349998294395505,11.107,10.46,,,,,,0.321063,0.23870746006979046,0.055689584892635896
222,CHS 7797,12.75,0.013,11.92,0.012,11.0,0.018,9.89,0.043,17.08,,,,[CHS2001] 7797,05 35 08.7,-05 31 27.5,225,V* V2187 Ori,83.7862689832,-5.5243197742,0.0,0.0,90.0,23,05 35 08.70456,-05 31 27.5512,A,2020yCat.1350....0G,Orion_V*,*|NIR|Or*|V*|Y*O,,,,,,,3.0349,0.6288,1.78,0.9,0.579,0.436,90.0,,,,,21.57,20.58,8.335998294395504,15.526,13.923,,,,,,0.08513,0.0,0.0
223,R01- 1750,10.72,0.003,10.38,0.003,10.22,0.008,9.47,0.024,1.97,M4,R01,L,[R2001]  1750,05 35 08.7,-05 04 40.8,226,V* V1724 Ori,83.7864254401,-5.0779818429,0.0,0.0,90.0,35,05 35 08.74211,-05 04 40.7346,A,2020yCat.1350....0G,TTau*,*|Em*|G|IR|MIR|NIR|Opt|Or*|TT*|TT?|V*|X|Y*O,27.943,0.11,9.32e-05,4e-07,M3.1,,2.5277,0.0519,1.78,-0.121,0.046,0.039,90.0,,,,,17.73,,4.284998294395503,11.55,11.12,,,,,,0.632492,0.25717449752765703,0.055689584892635896
224,Par 1773,9.69,0.003,9.83,0.003,9.71,0.03,9.48,0.119,1.57,K1-K4,H97,H,Parenago 1773,05 35 09.1,-05 29 59.2,227,V* V356 Ori,83.7877323295,-5.4997899544,0.0,0.0,90.0,70,05 35 09.05576,-05 29 59.2438,A,2020yCat.1350....0G,Orion_V*,*|Em*|NIR|Or*|Rad|V*|X|Y*O,26.56,0.367,8.86e-05,1.2e-06,K1-K4,,2.5347,0.0167,1.459,0.261,0.015,0.012,90.0,,,,14.187,13.366,12.73,2.6759982943955034,10.04,9.867,,,,,,0.662012,0.9222402044613558,0.055689584892635896
225,Par 1764,10.11,0.002,10.31,0.003,10.17,0.007,10.09,0.034,7.84,M0,R01,H,Parenago 1764,05 35 09.1,-05 06 47.2,228,V* V355 Ori,83.7880965374,-5.11309535,0.0,0.0,90.0,28,05 35 09.14317,-05 06 47.1433,A,2020yCat.1350....0G,Orion_V*,*|Er*|IR|NIR|Or*|Rad|V*|X|Y*O,27.8,,9.27e-05,,,,2.9912,0.1143,1.901,1.156,0.102,0.082,90.0,,,,,,,3.158998294395504,10.491,10.279,,,,,,0.647449,0.6706084095719508,0.055689584892635896
226,H97: 3134,8.05,0.002,7.66,0.002,7.17,0.002,6.39,0.005,6.09,,,,[H97b] 3134,05 35 09.2,-05 30 58.5,229,V* V1486 Ori,83.788369553,-5.5162578475,0.0,0.0,90.0,46,05 35 09.20869,-05 30 58.5283,A,2020yCat.1350....0G,Orion_V*,*|Em*|MIR|NIR|Or*|V*|X|Y*?|Y*O,24.5,0.265,8.17e-05,9e-07,M1.5,,2.141,0.1953,1.878,-2.171,0.16,0.131,90.0,,,,,21.13,18.31,4.392998294395504,10.55,9.359,,,,,,0.132826,0.22675007238582193,0.055689584892635896
227,JW 338,9.46,0.004,9.08,0.004,8.7,0.029,7.79,0.056,6.62,M3.5,H97,L,JW 338,05 35 09.9,-05 19 34.0,230,2MASS J05350985-0519339,83.7910599044,-5.3260969492,0.0,0.0,90.0,39,05 35 09.85438,-05 19 33.9490,A,2020yCat.1350....0G,YSO,*|Em*|NIR|V*|X|Y*?|Y*O,26.93,0.291,8.98e-05,1e-06,M3.5-M4,,1.5842,0.2785,-1.665,3.015,0.249,0.195,90.0,,,,19.276,18.095,,3.953998294395504,10.885,10.24,,,,,,0.683294,0.3582470271197388,0.055689584892635896
228,CHS 8034,12.65,0.011,12.25,0.012,11.99,0.048,11.51,0.141,2.94,,,,[CHS2001] 8034,05 35 10.7,-04 42 07.6,231,V* V2203 Ori,83.794381817,-4.7021115022,0.001,0.001,90.0,10,05 35 10.65164,-04 42 07.6014,A,2020yCat.1350....0G,Orion_V*,*|NIR|Or*|V*|Y*O,,,,,,,1.4455,1.1165,1.259,-1.439,0.933,0.815,90.0,,,,,,,7.4289982943955035,14.361,13.641,,,,,,0.723019,0.0,0.0
229,JW 356,8.21,0.006,7.74,0.005,6.98,0.042,5.87,0.074,4.69,M3,H97,L,JW 356,05 35 10.9,-05 24 48.6,232,V* V2207 Ori,83.7955924731,-5.4135253416,0.0,0.0,90.0,54,05 35 10.94219,-05 24 48.6912,A,2020yCat.1350....0G,Orion_V*,*|Em*|IR|MIR|NIR|Or*|Rad|V*|X|Y*?|Y*O,24.216,0.84,8.08e-05,2.8e-06,M3e,,2.8622,0.1947,2.724,-0.147,0.175,0.129,90.0,,,,13.6,17.074,16.95,3.3539982943955042,10.24,9.493,,,,,,0.636651,0.5852276248401038,0.055689584892635896
230,R01- 1782,12.11,0.008,12.2,0.012,12.13,0.032,12.28,0.174,2.5,M3.5,R01,L,[R2001]  1782,05 35 11.0,-04 47 12.4,233,V* V1726 Ori,83.7957428198,-4.786808547,0.0,0.0,90.0,14,05 35 10.97828,-04 47 12.5108,A,2020yCat.1350....0G,Orion_V*,*|Em*|G|NIR|Or*|V*|X|Y*O,22.0,0.7,7.34e-05,2.3e-06,,,2.7041,0.044,1.56,-1.474,0.036,0.03,90.0,,,,,17.13,,5.215998294395504,12.59,12.343,,,,,,0.343086,0.12589252734450151,0.055689584892635896
231,R01- 1787,11.56,0.006,11.64,0.008,11.3,0.027,10.96,0.084,1.09,,,,[R2001]  1787,05 35 11.2,-05 41 36.2,234,V* V1489 Ori,83.7968425823,-5.6934145027,0.0,0.0,90.0,25,05 35 11.24222,-05 41 36.2922,A,2020yCat.1350....0G,Orion_V*,*|Em*|NIR|Or*|V*|X|Y*O,36.194,0.169,0.0001207,6e-07,M2.8e,,2.4272,0.1449,0.519,-0.551,0.134,0.111,90.0,,,,22.298,20.666,17.9,5.422998294395503,12.37,11.869,,,,,,0.636883,0.11301367087152338,0.055689584892635896
232,Par 1799,8.48,0.004,8.51,0.005,8.44,0.047,7.43,0.089,0.5,G0-G2,H97,H,Parenago 1799,05 35 11.6,-05 16 57.7,235,V* LT Ori,83.7984424849,-5.282677817,0.0,0.0,90.0,64,05 35 11.62620,-05 16 57.6401,A,2020yCat.1350....0G,Orion_V*,*|Em*|IR|NIR|Or*|Rad|V*|X|Y*?|Y*O,21.852,0.202,7.29e-05,7e-07,K0,,2.5848,0.0147,0.477,1.891,0.013,0.011,90.0,,,,13.961,12.94,,1.4549982943955033,8.86,8.627,,,,,,0.395829,0.0,0.0
233,Par 1812,10.27,0.002,10.37,0.003,10.29,0.007,10.5,0.031,4.04,K8,R01,H,Parenago 1812,05 35 11.9,-05 45 37.9,236,V* V1490 Ori,83.7996990108,-5.7605447591,0.0,0.0,90.0,31,05 35 11.92776,-05 45 37.9611,A,2020yCat.1350....0G,Orion_V*,*|Em*|NIR|Opt|Or*|TT?|V*|X|Y*O,24.66,0.493,8.23e-05,1.6e-06,M1.5,,2.4321,0.0275,1.517,-0.415,0.025,0.022,90.0,,,,15.8,15.23,14.21,3.5139982943955044,10.79,10.543,,,,,,0.418821,0.5186521807955194,0.055689584892635896
234,JW 373,8.03,0.007,7.92,0.01,7.35,0.05,6.39,0.106,9.81,K2-K3,H97,H,JW 373,05 35 12.0,-05 20 33.1,237,V* V2221 Ori,83.7998752433,-5.3425162028,0.0,0.0,90.0,51,05 35 11.97006,-05 20 33.0583,A,2020yCat.1350....0G,Orion_V*,*|IR|NIR|Or*|V*|X|Y*?|Y*O|mm,,,,,K2-K3,,2.4762,0.0567,-0.735,0.95,0.05,0.042,90.0,,,,18.548,16.904,,2.842998294395505,9.6,8.851,,,,,,0.44911,0.8257700982479599,0.055689584892635896
235,JW 380,10.86,0.005,10.8,0.005,10.72,0.033,10.04,0.086,4.75,,,,JW 380,05 35 12.1,-05 31 38.8,238,2MASS J05351214-0531388,83.8006094187,-5.527449302,0.0,0.0,90.0,60,05 35 12.14626,-05 31 38.8175,A,2020yCat.1350....0G,TTau*,*|EB*|Em*|NIR|SB*|TT*|X|Y*O,26.28,1.951,8.77e-05,6.5e-06,M5,,2.4914,0.0902,0.933,1.141,0.069,0.058,90.0,,,,18.292,17.169,15.68,4.073998294395505,11.44,11.125,,,,,,0.690902,0.3183097292121724,0.055689584892635896
236,JW 379,11.24,0.005,10.86,0.005,10.69,0.024,9.53,0.053,11.3,M5.4,H97,L,JW 379,05 35 12.2,-05 30 20.2,239,V* V1276 Ori,83.8006688692,-5.5056093765,0.0,0.0,90.0,49,05 35 12.16053,-05 30 20.1938,A,2020yCat.1350....0G,TTau*,*|Em*|NIR|Or*|TT*|V*|X|Y*?|Y*O,25.653,0.313,8.56e-05,1e-06,M5.2,,2.3389,0.1097,1.099,-0.187,0.093,0.072,90.0,,,,20.181,19.072,17.27,4.963998294395504,12.354,11.919,,,,,,0.589373,0.14425940259152326,0.055689584892635896
237,Par 1809,8.96,0.003,8.71,0.003,8.35,0.003,7.68,0.01,16.2,M0.5,H97,H,Parenago 1809,05 35 12.2,-05 30 32.9,240,V* LW Ori,83.8008793924,-5.50915517,0.0,0.0,90.0,55,05 35 12.21105,-05 30 32.9586,A,2020yCat.1350....0G,Orion_V*,*|Em*|MIR|NIR|Or*|TT?|V*|X|Y*?|Y*O,22.363,0.691,7.46e-05,2.3e-06,M0.5,,2.3877,0.0676,2.048,-0.755,0.056,0.046,90.0,,,,17.163,16.084,15.14,4.901998294395504,11.5,10.494,,,,,,0.175145,0.14915959368342957,0.055689584892635896
238,SMMV 1944,9.93,0.003,9.99,0.003,10.04,0.01,9.86,0.053,2.4,,,,SMMV 1944,05 35 12.5,-04 51 55.6,241,V* V1491 Ori,83.802134653,-4.8654504543,0.0,0.0,90.0,20,05 35 12.51232,-04 51 55.6216,A,2020yCat.1350....0G,Orion_V*,*|NIR|Or*|Rad|V*|X|Y*O,30.28,1.4,0.000101,4.7e-06,,,2.5339,0.0184,1.407,-0.735,0.017,0.014,90.0,,,,,14.85,,3.2029982943955044,10.361,10.045,,,,,,0.185352,0.6502462568274142,0.055689584892635896
239,JW 383,11.05,0.013,11.11,0.02,10.83,0.062,10.15,0.161,7.11,M3,H97,L,JW 383,05 35 12.7,-05 16 13.5,242,V* V1492 Ori,83.8029631723,-5.2703927707,0.0,0.0,90.0,48,05 35 12.71116,-05 16 13.4140,A,2020yCat.1350....0G,TTau*,*|Em*|IR|NIR|Or*|TT*|V*|X|Y*?|Y*O,24.087,0.046,8.03e-05,2e-07,M3,,2.1679,0.4169,3.059,0.257,0.397,0.312,90.0,,,,19.071,17.664,,4.5379982943955035,11.75,11.394,,,,,,0.187599,0.1889368000672124,0.055689584892635896
240,JW 388,10.11,0.009,10.12,0.009,10.1,0.064,9.86,0.186,7.78,K5,H97,H,JW 388,05 35 12.8,-05 15 24.0,243,V* V1277 Ori,83.8034208425,-5.2566480314,0.0,0.0,90.0,54,05 35 12.82100,-05 15 23.9329,A,2020yCat.1350....0G,Orion_V*,*|Em*|IR|NIR|Or*|Rad|V*|X|Y*O,28.531,0.028,9.52e-05,1e-07,K5,,2.5024,0.0481,1.423,-0.254,0.048,0.038,90.0,,,,17.958,16.506,,3.594998294395504,10.71,10.35,,,,,,0.320801,0.4876339556799982,0.055689584892635896
241,JW 402,10.63,0.004,10.22,0.003,10.04,0.026,9.22,0.056,15.0,M5.5,H97,L,JW 402,05 35 13.0,-05 34 03.6,244,V* V2231 Ori,83.8043402442,-5.5676714693,0.0,0.0,90.0,39,05 35 13.04166,-05 34 03.6173,A,2020yCat.1350....0G,TTau*,*|Em*|MIR|NIR|Or*|TT*|V*|Y*?|Y*O,26.458,0.335,8.83e-05,1.1e-06,M5.5,,2.5302,0.1147,1.678,1.074,0.087,0.075,90.0,,,,21.202,19.844,17.53,4.910998294395505,12.029,11.446,,,,,,0.622171,0.14839502316118028,0.055689584892635896
242,JW 401,6.87,0.005,6.39,0.005,5.78,0.017,4.89,0.047,17.91,K0-K2,H97,H,JW 401,05 35 13.1,-05 24 55.4,245,V* V2235 Ori,83.8050022979,-5.4154146934,0.0,0.0,90.0,43,05 35 13.20055,-05 24 55.4929,A,2020yCat.1350....0G,Orion_V*,*|Em*|IR|MIR|NIR|Or*|Rad|V*|X|Y*O,25.21,0.33,8.41e-05,1.1e-06,K1:e,,2.4524,0.0481,1.793,-0.622,0.044,0.033,90.0,,,,12.5,15.016,12.83,2.312998294395504,9.041,8.123,,,,,,1.504411,1.1681790545371908,0.055689584892635896
243,Par 1805,11.04,0.005,11.04,0.006,11.13,0.043,10.91,0.154,9.76,,,,Parenago 1805,05 35 13.3,-05 09 19.6,246,V* V557 Ori A,83.8055110261,-5.1554867633,0.0,0.0,90.0,3,05 35 13.32265,-05 09 19.7523,A,2018yCat.1345....0G,Star,*|V*,,,,,,,2.529,0.0824,0.956,-0.509,0.143,0.132,90.0,,,,,,,,,,,,,,,0.371039,0.0,0.0
244,Par 1798,7.45,0.001,7.46,0.002,7.53,0.002,7.39,0.01,2.51,,,,Parenago 1798,05 35 13.3,-04 51 44.9,247,HD 294264,83.8056030249,-4.8624768997,0.0,0.0,90.0,71,05 35 13.34473,-04 51 44.9168,A,2020yCat.1350....0G,Orion_V*,*|MIR|NIR|Or*|Rad|V*|X|Y*O,,,,,B2.5V,,2.4265,0.0466,1.421,-1.437,0.039,0.035,90.0,,,,10.02,9.77,,0.0009982943955044732,7.744,7.582,,,,,,0.668687,0.0,0.0
245,JW 406,9.55,0.007,9.47,0.008,9.09,0.059,8.0,0.105,2.26,M1,H97,H,JW 406,05 35 13.5,-05 17 10.3,248,V* V1327 Ori,83.8061210812,-5.2861802922,0.0,0.0,90.0,47,05 35 13.46906,-05 17 10.2491,A,2020yCat.1350....0G,BYDra,*|BY*|Em*|IR|NIR|Rad|V*|X|Y*O,26.995,0.054,9e-05,2e-07,M1,,2.4915,0.1379,1.137,-0.208,0.126,0.105,90.0,,,,19.434,17.741,,3.4349982943955037,10.36,9.896,,,,,,0.464934,0.5516434643457749,0.055689584892635896
246,JW 413,6.85,0.004,6.11,0.003,5.3,0.004,4.12,0.026,10.08,K5,H97,H,JW 413,05 35 13.6,-05 19 54.9,249,2MASS J05351362-0519548,83.8067616765,-5.3318910541,0.0,0.0,90.0,50,05 35 13.62280,-05 19 54.8078,A,2020yCat.1350....0G,YSO,*|IR|MIR|NIR|Rad|X|Y*O,30.064,0.013,0.0001003,0.0,K5,,2.5357,0.0894,0.613,-2.966,0.079,0.065,90.0,,,,14.0,18.903,,2.9639982943955037,9.261,8.162,,,,,,0.352817,0.7625448437087111,0.055689584892635896
247,JW 422,10.16,0.008,9.77,0.006,9.52,0.057,8.48,0.113,6.37,,,,JW 422,05 35 13.7,-05 28 46.3,250,V* V1495 Ori,83.8068748939,-5.4795559095,0.001,0.001,90.0,43,05 35 13.64997,-05 28 46.4013,C,2020yCat.1350....0G,Orion_V*,*|Em*|NIR|Or*|V*|X|Y*?|Y*O,25.908,0.052,8.64e-05,2e-07,M2.8e,,,,,,,,32767.0,,,,19.31,17.971,16.31,4.351998294395504,11.33,10.842,,,,,,0.753787,0.23809488409486543,0.055689584892635896
248,JW 430,10.18,0.005,9.83,0.004,9.14,0.018,8.08,0.034,2.5,,,,JW 430,05 35 13.8,-05 34 54.9,251,V* V2247 Ori,83.80732548,-5.5819318632,0.0,0.0,90.0,40,05 35 13.75812,-05 34 54.9547,A,2020yCat.1350....0G,Orion_V*,*|Em*|MIR|NIR|Or*|V*|X|Y*?|Y*O,27.827,0.04,9.28e-05,1e-07,M4.1e,,2.6283,0.1117,2.081,0.823,0.086,0.074,90.0,,,,20.826,19.667,,4.712998294395504,11.54,10.857,,,,,,0.627682,0.16319568332575815,0.055689584892635896
249,Par 1850,10.35,0.002,10.19,0.003,10.08,0.006,9.65,0.016,5.26,,,,Parenago 1850,05 35 14.0,-05 52 09.0,252,V* BZ Ori,83.8084981728,-5.8691814308,0.0,0.0,90.0,40,05 35 14.03956,-05 52 09.0532,A,2020yCat.1350....0G,TTau*,*|Em*|MIR|NIR|Or*|TT*|V*|X|Y*O,26.451,0.045,8.82e-05,2e-07,,,2.5937,0.0163,1.444,0.605,0.016,0.014,90.0,,,,,14.3,,3.759998294395505,11.1,10.733,,,,,,0.592699,0.4255491842939247,0.055689584892635896
250,CHS 8467,10.63,0.003,10.11,0.003,9.62,0.009,8.84,0.02,2.87,,,,[CHS2001] 8467,05 35 14.1,-04 53 11.2,253,V* V2253 Ori,83.808615,-4.886447,0.06,0.06,45.0,10,05 35 14.06760,-04 53 11.2092,C,2003yCat.2246....0C,Orion_V*,MIR|NIR|Or*|V*|Y*O,,,,,,,,,,,,,,,,,,,,7.420998294395504,13.319,12.016,,,,,,0.484321,0.0,0.0
251,JW 447,10.58,0.003,10.08,0.003,9.52,0.005,8.57,0.02,2.6,,,,JW 447,05 35 14.4,-05 32 46.5,254,V* V1498 Ori,83.8102091509,-5.5462489179,0.0,0.0,90.0,40,05 35 14.45020,-05 32 46.4961,A,2020yCat.1350....0G,Orion_V*,*|Em*|MIR|NIR|Or*|V*|X|Y*?|Y*O,28.482,0.069,9.5e-05,2e-07,M4,,1.9824,0.2676,0.533,-1.969,0.21,0.178,90.0,,,,19.828,18.69,16.99,5.174998294395504,12.161,11.462,,,,,,0.749429,0.12850717462174524,0.055689584892635896
252,Par 1878,10.43,0.002,10.61,0.004,10.47,0.008,10.38,0.013,3.95,,,,Parenago 1878,05 35 14.5,-06 05 12.3,255,V* MQ Ori,83.8103802836,-6.0867797807,0.0,0.0,90.0,22,05 35 14.49127,-06 05 12.4072,A,2020yCat.1350....0G,TTau*,*|Er*|NIR|Or*|TT*|V*|V*?|X|Y*O,17.93,2.63,5.98e-05,8.8e-06,,,2.6348,0.0127,1.229,0.378,0.011,0.01,90.0,,,,,13.06,,3.062998294395504,10.62,10.48,,,,,,0.168691,0.7132655756084252,0.055689584892635896
253,R01- 1839,11.83,0.01,11.54,0.009,10.55,0.053,8.99,0.079,3.12,,,,[R2001]  1839,05 35 14.9,-05 07 47.6,256,V* V2267 Ori,83.8120098977,-5.129887517,0.0,0.0,90.0,21,05 35 14.88238,-05 07 47.5951,A,2020yCat.1350....0G,Orion_V*,*|Em*|G|IR|Ir*|MIR|NIR|Or*|TT?|V*|Y*O,22.25,0.77,7.42e-05,2.6e-06,,,2.43,0.1119,2.353,-0.661,0.11,0.09,90.0,,,,,19.88,,5.836998294395505,13.114,12.599,,,,,,0.263356,0.0,0.0
254,JW 466,11.2,0.006,11.08,0.006,11.04,0.05,10.26,0.129,6.12,M3.5,H97,L,JW 466,05 35 14.9,-05 36 39.2,257,V* V1500 Ori,83.8121489935,-5.6108911424,0.0,0.0,90.0,33,05 35 14.91576,-05 36 39.2081,A,2020yCat.1350....0G,TTau*,*|Em*|G|MIR|NIR|Or*|TT*|V*|X|Y*O,26.09,0.252,8.7e-05,8e-07,M2.6e,,2.7855,0.12,1.642,-0.141,0.091,0.079,90.0,,,,18.496,17.358,,4.534998294395503,11.78,11.531,,,,,,0.235384,0.18942290099684966,0.055689584892635896
255,R01- 1843,12.09,0.007,12.33,0.011,12.0,0.022,12.01,0.045,3.94,,,,[R2001]  1843,05 35 14.9,-05 56 36.2,258,V* V1499 Ori,83.8122359129,-5.943389576,0.0,0.0,90.0,18,05 35 14.93662,-05 56 36.2025,A,2020yCat.1350....0G,Orion_V*,*|EB*|Em*|NIR|Or*|TT*|V*|X|Y*O,31.15,0.89,0.0001039,3e-06,M4.4e,,2.6768,0.0501,1.346,0.269,0.048,0.04,90.0,,,,,17.2,,5.056998294395504,12.44,12.254,,18.01,16.656,,,0.546339,0.13703312820805735,0.055689584892635896
256,Par 1862,6.92,0.016,6.39,0.019,5.62,0.056,4.57,0.173,8.71,G8-K1,H97,H,Parenago 1862,05 35 15.6,-05 22 56.6,259,V* V348 Ori,83.8151470365,-5.3823495536,0.0,0.0,90.0,67,05 35 15.63529,-05 22 56.4584,A,2020yCat.1350....0G,Orion_V*,*|Em*|IR|NIR|Or*|Rad|V*|X|Y*O,30.49,0.016,0.0001017,1e-07,G8-K1,,2.5113,0.0263,1.107,1.524,0.026,0.021,90.0,,,,14.352,13.274,,1.4049982943955044,8.45,7.989,,,,,,0.545691,0.0,0.0
257,Par 1873,9.69,0.002,9.24,0.002,8.76,0.004,7.81,0.01,7.42,,,,Parenago 1873,05 35 15.7,-05 32 59.2,260,V* V1504 Ori A,83.8156399586,-5.5497553786,0.0,0.0,90.0,0,05 35 15.75359,-05 32 59.1194,A,2018yCat.1345....0G,Star,*|**|V*,,,,,,,2.3342,0.2512,1.469,-0.367,0.439,0.355,90.0,,,,,,,,,,,,,,,0.804136,0.0,0.0
258,R01- 1862,12.3,0.009,12.2,0.011,12.32,0.033,12.97,0.16,4.46,,,,[R2001]  1862,05 35 15.8,-05 03 26.2,261,V* V1503 Ori,83.815848911,-5.0572576496,0.0,0.0,90.0,10,05 35 15.80374,-05 03 26.1275,A,2020yCat.1350....0G,Orion_V*,*|Em*|IR|NIR|Or*|TT?|V*|X|Y*O,,,,,,,2.6405,0.151,1.232,3.543,0.136,0.116,90.0,,,,,,,5.620998294395504,13.076,12.728,,,,,,0.091494,0.10171334549666944,0.055689584892635896
259,CHS 8744,12.86,0.012,12.53,0.016,12.34,0.026,11.63,0.027,2.18,,,,[CHS2001] 8744,05 35 15.8,-06 09 46.7,262,V* V2276 Ori,83.8160536241,-6.1630105919,0.0,0.0,90.0,14,05 35 15.85287,-06 09 46.8381,A,2020yCat.1350....0G,Orion_V*,*|MIR|NIR|Opt|Or*|TT*|V*|Y*O,,,,,M5.3,,2.677,0.163,1.749,0.565,0.152,0.134,90.0,,,,,20.668,,7.324998294395504,14.191,13.67,22.06,20.93,19.525,17.688,16.492,0.800471,0.0,0.0
260,R01- 1871,11.72,0.005,11.61,0.006,11.57,0.019,11.72,0.064,3.68,M6,R01,L,[R2001]  1871,05 35 16.3,-06 18 43.1,263,V* V1729 Ori,83.8179489099,-6.312008092,0.0,0.0,90.0,26,05 35 16.30774,-06 18 43.2291,A,2020yCat.1350....0G,TTau*,*|Em*|G|NIR|Opt|Or*|TT*|V*|X|Y*?|Y*O,25.782,0.073,8.6e-05,2e-07,M5.7,,2.5812,0.0685,-0.129,0.232,0.06,0.053,90.0,,,,,18.49,,4.807998294395505,12.28,11.968,21.81,19.304,17.89,15.918,14.729,0.173164,0.1562204531759963,0.055689584892635896
261,Par 1900,10.7,0.004,10.89,0.005,10.75,0.028,10.48,0.09,4.11,K5,R01,H,Parenago 1900,05 35 16.4,-05 42 39.6,264,V* V1506 Ori,83.8185238983,-5.7110240487,0.0,0.0,90.0,38,05 35 16.44574,-05 42 39.6866,A,2020yCat.1350....0G,TTau*,*|Em*|IR|NIR|Or*|Rad|TT*|V*|X|Y*?|Y*O,25.734,0.03,8.58e-05,1e-07,K6,,2.6496,0.014,1.439,0.572,0.013,0.012,90.0,,,,14.751,13.908,12.84,3.4479982943955036,10.97,10.8,,,,,,0.688097,0.5460026690827089,0.055689584892635896
262,Par 1899,11.44,0.005,11.37,0.007,11.34,0.017,11.24,0.058,9.51,M3,R01,L,Parenago 1899,05 35 16.5,-05 40 18.0,265,V* V560 Ori,83.8187975481,-5.6716898187,0.0,0.0,90.0,38,05 35 16.51141,-05 40 18.0833,A,2020yCat.1350....0G,Orion_V*,*|Em*|Er*|G|NIR|Or*|Rad|TT?|V*|X|Y*O,27.251,0.03,9.09e-05,1e-07,M3,,2.5948,0.0298,1.343,0.395,0.026,0.022,90.0,,,,17.307,16.211,,4.493998294395505,11.846,11.663,,,,,,0.189633,0.1989001510924241,0.055689584892635896
263,R01- 1888,11.68,0.006,11.57,0.008,11.18,0.016,10.48,0.032,2.05,M5,R01,L,[R2001]  1888,05 35 17.2,-05 41 53.9,266,V* V1507 Ori,83.8215063091,-5.698324486,0.0,0.0,90.0,30,05 35 17.16151,-05 41 53.9681,A,2020yCat.1350....0G,Orion_V*,*|Em*|MIR|NIR|Or*|TT?|V*|X|Y*O,21.965,0.841,7.33e-05,2.8e-06,M4.4e,,2.5512,0.0532,1.568,-0.337,0.05,0.042,90.0,,,,19.263,18.153,16.44,5.030998294395504,12.432,12.143,,,,,,0.578463,0.13916215300447646,0.055689584892635896
264,Par 1917,9.85,0.002,9.12,0.002,8.67,0.003,7.55,0.005,18.68,,,,Parenago 1917,05 35 17.3,-05 42 14.6,267,V* V411 Ori,83.8223149366,-5.7040756251,0.0,0.0,90.0,45,05 35 17.35558,-05 42 14.6723,A,2020yCat.1350....0G,Orion_V*,*|Em*|MIR|NIR|Or*|TT?|V*|X|Y*O,26.525,0.015,8.85e-05,0.0,M2.0e,,2.5071,0.0416,1.809,-1.16,0.036,0.032,90.0,,,,17.384,16.825,15.41,4.331998294395504,11.537,10.937,,,,,,0.832783,0.24366514758067273,0.055689584892635896
265,JW 550,7.68,0.002,7.65,0.002,7.4,0.015,7.35,0.055,6.83,K2-K3,H97,H,JW 550,05 35 17.5,-05 17 40.1,268,V* V1509 Ori,83.8230134013,-5.294461182,0.0,0.0,90.0,44,05 35 17.52322,-05 17 40.0603,A,2020yCat.1350....0G,Orion_V*,*|Em*|IR|NIR|Or*|Rad|V*|X|Y*?|Y*O,32.74,0.042,0.0001092,1e-07,M2.3,,2.2961,0.0994,0.218,-2.266,0.09,0.075,90.0,,,,14.6,19.757,,2.8259982943955038,9.08,8.212,,,,,,0.349029,0.8364477014121275,0.055689584892635896
266,Par 1882,9.7,0.002,9.26,0.002,9.2,0.005,8.19,0.009,5.65,K6,R01,H,Parenago 1882,05 35 17.8,-04 44 52.5,269,V* V559 Ori,83.8244045464,-4.7479263804,0.0,0.0,90.0,43,05 35 17.85709,-04 44 52.5350,A,2020yCat.1350....0G,TTau*,*|Em*|MIR|NIR|Opt|Or*|Rad|TT*|V*|X|Y*O,30.623,0.036,0.0001022,1e-07,K6,,2.5136,0.0183,1.255,-0.605,0.015,0.012,90.0,,,,,14.45,,3.5269982943955043,10.72,10.159,,,,,,0.854145,0.5133487358103063,0.055689584892635896
267,JW 571,11.08,0.008,10.65,0.006,10.43,0.062,9.53,0.175,4.16,M0-M3,H97,L,JW 571,05 35 17.9,-05 30 40.8,270,V* V2316 Ori,83.8244311392,-5.5113571065,0.0,0.0,90.0,32,05 35 17.86347,-05 30 40.8856,A,2020yCat.1350....0G,Orion_V*,*|Em*|NIR|Or*|V*|X|Y*O,15.21,1.73,5.07e-05,5.8e-06,M0-M3e,,2.7707,0.1425,2.221,0.928,0.111,0.094,90.0,,,,20.667,19.607,17.83,5.213998294395504,12.664,11.872,,,,,,0.55204,0.12589252734450151,0.055689584892635896
268,CHS 9036,10.82,0.004,10.59,0.004,9.99,0.016,9.15,0.032,7.3,,,,[CHS2001] 9036,05 35 17.9,-04 53 36.3,271,V* V2315 Ori,83.8244286667,-4.8934277813,0.0,0.0,90.0,13,05 35 17.86288,-04 53 36.3400,A,2020yCat.1350....0G,Orion_V*,*|MIR|NIR|Or*|V*|X|Y*O,32.76,0.69,0.0001093,2.3e-06,,,2.8318,0.4355,1.137,-0.551,0.377,0.328,90.0,,,,,,,6.247998294395504,12.542,11.903,,,,,,0.556211,0.0,0.0
269,Par 1929,7.98,0.001,7.65,0.002,7.33,0.002,6.53,0.005,5.53,,,,Parenago 1929,05 35 17.9,-05 42 34.0,272,V* V2318 Ori B,83.8247597025,-5.7093221212,0.0,0.0,90.0,3,05 35 17.94233,-05 42 33.5596,A,2020yCat.1350....0G,Star,*|**|Em*|V*,,,,,,,2.6416,0.0389,1.518,-1.037,0.035,0.032,90.0,,,,14.74,13.873,,,,,,,,,,0.770107,0.0,0.0
270,JW 579,10.7,0.003,10.15,0.003,10.03,0.009,9.24,0.028,2.81,M3,H97,L,JW 579,05 35 18.0,-05 35 15.7,273,V* V1511 Ori,83.8248117179,-5.587714887,0.0,0.0,90.0,33,05 35 17.95481,-05 35 15.7736,A,2020yCat.1350....0G,Orion_V*,*|Em*|G|NIR|Or*|TT?|V*|Y*O,26.21,0.752,8.74e-05,2.5e-06,M3,,2.7394,0.1083,1.694,-0.237,0.071,0.065,90.0,,,,19.241,18.26,,4.792998294395504,12.083,11.359,,,,,,0.678597,0.1570253423894375,0.055689584892635896
271,JW 566,7.53,0.003,6.81,0.002,6.25,0.004,5.49,0.011,7.04,,,,JW 566,05 35 18.0,-05 16 13.6,274,JW  566,83.8249583333,-5.2704527778,0.06,0.06,90.0,41,05 35 17.990  ,-05 16 13.63  ,C,2003yCat.2246....0C,YSO,*|**|FIR|IR|MIR|NIR|Rad|X|Y*?|Y*O,,,,,K7+M1.5,,,,,,,,,,,,14.9,18.7,,3.9349982943955037,9.971,8.86,,,,,,0.152349,0.36474898346874035,0.055689584892635896
272,Par 1942,10.61,0.003,10.77,0.004,10.67,0.014,10.61,0.053,1.07,M1,H97,H,Parenago 1942,05 35 19.0,-05 37 36.8,275,V* V412 Ori,83.829123342,-5.6268642779,0.0,0.0,90.0,47,05 35 18.98960,-05 37 36.7114,A,2020yCat.1350....0G,Orion_V*,*|Em*|NIR|Or*|Rad|V*|X|Y*O,25.706,0.093,8.57e-05,3e-07,M1,,2.5854,0.0236,1.228,0.374,0.019,0.017,90.0,,,,16.267,15.235,,3.573998294395505,11.007,10.772,,,,,,0.178724,0.49521011479418237,0.055689584892635896
273,HBJM 10548,12.83,0.017,12.5,0.016,12.27,0.059,11.62,0.163,3.31,,,,[H97b] 10548,05 35 19.0,-05 37 23.4,276,2MASS J05351898-0537234,83.8291367464,-5.6232128795,0.0,0.0,90.0,12,05 35 18.99282,-05 37 23.5664,A,2020yCat.1350....0G,YSO,*|NIR|Y*O,,,,,,,2.4619,0.3333,1.025,-0.54,0.281,0.229,90.0,,,,,,,6.738998294395504,14.302,13.663,,,,,,0.19791,0.0,0.0
274,CHS 9269,11.81,0.006,11.85,0.008,11.84,0.022,11.79,0.058,3.97,,,,[CHS2001] 9269,05 35 19.3,-06 24 14.5,277,V* V2349 Ori,83.8305991596,-6.4040475055,0.0,0.0,90.0,20,05 35 19.34380,-06 24 14.5710,A,2020yCat.1350....0G,Orion_V*,*|NIR|Opt|Or*|V*|X|Y*O,27.143,0.057,9.05e-05,2e-07,M2.5,,2.6351,0.0311,1.014,0.37,0.028,0.025,90.0,,,,,16.494,,4.735998294395504,12.11,11.915,19.93,17.222,15.797,15.234,14.194,0.656726,0.16152693621470784,0.055689584892635896
275,R01- 1933,11.3,0.005,11.27,0.008,11.4,0.019,11.55,0.074,5.82,,,,[R2001]  1933,05 35 19.5,-05 36 51.8,278,V* V1731 Ori,83.8312294776,-5.6143974061,0.0,0.0,90.0,32,05 35 19.49507,-05 36 51.8307,A,2020yCat.1350....0G,Orion_V*,*|Em*|G|NIR|Or*|V*|X|Y*O,26.199,0.255,8.74e-05,8e-07,M3.4e,,2.5308,0.0565,1.013,0.372,0.042,0.037,90.0,,,,17.996,16.852,,4.413998294395505,11.795,11.56,,,,,,0.079664,0.22099790447450698,0.055689584892635896
276,R01- 1937,11.71,0.006,11.41,0.007,11.12,0.014,10.61,0.029,2.28,,,,[R2001]  1937,05 35 19.7,-04 48 18.0,279,V* V2357 Ori,83.832316006,-4.805030645,0.0,0.0,90.0,12,05 35 19.75584,-04 48 18.1103,A,2020yCat.1350....0G,Orion_V*,*|NIR|Or*|V*|Y*O,,,,,,,2.5979,0.1287,1.633,-0.714,0.112,0.09,90.0,,,,,,,5.791998294395505,12.879,12.343,,,,,,0.841937,0.0,0.0
277,Par 1941,11.02,0.005,11.06,0.006,10.99,0.032,10.83,0.142,5.16,,,,Parenago 1941,05 35 19.9,-05 33 53.5,280,V* V1515 Ori,83.8331095215,-5.5648757577,0.0,0.0,90.0,48,05 35 19.94629,-05 33 53.5527,A,2020yCat.1350....0G,Orion_V*,*|Em*|NIR|Or*|V*|X|Y*?|Y*O,27.251,0.047,9.09e-05,2e-07,M3.5,,2.4814,0.0375,1.92,0.475,0.028,0.025,90.0,,,,17.602,16.458,15.16,4.072998294395504,11.32,11.125,,,,,,0.693014,0.31912868377913645,0.055689584892635896
278,Par 1938,7.69,0.009,7.17,0.006,6.73,0.033,6.23,0.099,0.96,K7,H97,H,Parenago 1938,05 35 20.0,-05 21 05.9,281,V* V491 Ori,83.8335523525,-5.3516555202,0.0,0.0,90.0,53,05 35 20.05256,-05 21 05.9599,A,2020yCat.1350....0G,Orion_V*,*|Em*|IR|NIR|Or*|Rad|SB*|V*|X|Y*O,36.206,0.037,0.0001208,1e-07,K7,,2.2103,0.1598,0.131,2.02,0.134,0.109,90.0,,,,16.647,15.421,,2.5089982943955036,9.403,8.71,,,,,,0.787312,1.0273372173738053,0.055689584892635896
279,JW 646,12.12,0.007,11.8,0.008,11.55,0.02,10.87,0.05,1.94,M3,H97,L,JW 646,05 35 20.2,-05 34 57.2,282,2MASS J05352016-0534572,83.8340042945,-5.5825743206,0.0,0.0,90.0,24,05 35 20.16103,-05 34 57.2676,A,2020yCat.1350....0G,YSO,*|Em*|MIR|NIR|V*|Y*O,22.3,2.05,7.44e-05,6.8e-06,M3,,2.5352,0.1304,1.489,0.826,0.099,0.085,90.0,,,,20.399,19.276,,5.743998294395505,13.131,12.795,,,,,,0.585676,0.0,0.0
280,JW 635,8.93,0.005,8.54,0.005,8.04,0.02,7.3,0.049,4.12,M4.5,H97,L,JW 635,05 35 20.2,-05 13 59.4,283,2MASS J05352024-0513593,83.8343609539,-5.2331622492,0.0,0.0,90.0,38,05 35 20.24663,-05 13 59.3841,A,2020yCat.1350....0G,YSO,*|IR|MIR|NIR|X|Y*?|Y*O,30.276,0.035,0.000101,1e-07,M4.5,,1.4018,0.1718,0.016,-1.58,0.167,0.149,90.0,,,,15.7,20.792,,4.217998294395505,10.67,9.798,,,,,,0.6967,0.27564997184063067,0.055689584892635896
281,JW 649,11.4,0.006,11.13,0.006,10.63,0.029,9.87,0.066,2.13,M6,H97,L,JW 649,05 35 20.3,-05 32 16.8,284,V* V1518 Ori,83.8345018286,-5.5380228685,0.0,0.0,90.0,40,05 35 20.28044,-05 32 16.8823,A,2020yCat.1350....0G,Orion_V*,*|Em*|MIR|NIR|Or*|TT?|V*|X|Y*?|Y*O,25.0,0.93,8.34e-05,3.1e-06,M6,,2.9855,0.3266,1.407,1.326,0.24,0.208,90.0,,,,20.348,19.411,17.58,5.149998294395504,12.596,12.171,,,,,,0.303429,0.13016883398343768,0.055689584892635896
282,JW 654,11.49,0.005,11.23,0.006,11.27,0.016,11.04,0.038,2.42,M5,H97,L,JW 654,05 35 20.3,-05 36 39.4,285,JW  654,83.8346910472,-5.6109826097,0.0,0.0,90.0,28,05 35 20.32585,-05 36 39.5374,A,2020yCat.1350....0G,YSO,*|Em*|NIR|V*|X|Y*O,26.517,0.081,8.85e-05,3e-07,M6.8,,1.8231,0.4669,1.914,-0.998,0.349,0.305,90.0,,,,20.905,19.771,,4.654998294395504,12.15,11.74,,,,,,0.409641,0.16744336601362644,0.055689584892635896
283,R01- 1945,10.99,0.003,10.98,0.004,11.02,0.016,10.68,0.062,4.8,,,,[R2001]  1945,05 35 20.4,-05 02 26.6,286,V* V1519 Ori,83.8348451368,-5.0407294463,0.0,0.0,90.0,27,05 35 20.36283,-05 02 26.6260,A,2020yCat.1350....0G,TTau*,*|IR|NIR|Or*|TT*|V*|X|Y*O,30.356,0.032,0.0001013,1e-07,M4.3,,2.6053,0.0315,1.742,0.288,0.028,0.025,90.0,,,,,16.87,,4.174998294395504,11.46,11.202,,,,,,0.55596,0.28721875699467886,0.055689584892635896
284,Par 1960,8.11,0.011,7.67,0.013,7.05,0.027,5.97,0.04,34.5,M0,H97,H,Parenago 1960,05 35 20.5,-05 23 29.8,287,V* V1520 Ori A,83.8352680211,-5.3916156671,0.0,0.0,90.0,13,05 35 20.46433,-05 23 29.8164,A,2020yCat.1350....0G,Star,*|**|IR|Rad|V*,25.88,0.36,8.63e-05,1.2e-06,M0,,2.4387,0.0719,0.557,1.021,0.06,0.056,90.0,,,,,15.73,,,,9.51,,,,,,0.533009,0.0,0.0
285,JW 655,7.63,0.003,7.47,0.003,7.31,0.012,7.24,0.051,1.73,,,,JW 655,05 35 20.7,-05 15 49.3,288,COUP  1114,83.8364726867,-5.2636760771,0.0,0.0,90.0,35,05 35 20.75344,-05 15 49.2339,A,2020yCat.1350....0G,Star,*|Em*|IR|NIR|Rad|X|Y*O,30.278,149.896,0.000101,0.0005,K0-K5:,,2.5401,0.0287,-1.661,-1.967,0.027,0.023,90.0,,,,17.581,15.924,,1.7169982943955038,8.582,8.041,,,,,,0.801025,0.0,0.0
286,R01- 1950,10.36,0.003,10.29,0.004,10.31,0.023,10.3,0.122,5.02,K8,R01,H,[R2001]  1950,05 35 20.8,-04 58 34.2,289,V* V1733 Ori,83.8365071942,-4.9761673859,0.0,0.0,90.0,14,05 35 20.76173,-04 58 34.2026,A,2020yCat.1350....0G,Orion_V*,*|Em*|IR|NIR|Or*|Rad|TT?|V*|X|Y*?|Y*O,,,,,K8,,2.7664,0.0611,1.667,-1.956,0.054,0.046,90.0,,,,,,,4.2059982943955045,11.13,10.617,,,,,,0.571943,0.2792142580963004,0.055689584892635896
287,Par 1979,10.11,0.002,9.84,0.003,9.45,0.007,8.46,0.018,7.33,,,,Parenago 1979,05 35 21.3,-05 42 12.3,290,V* V416 Ori,83.8385738112,-5.7034506208,0.0,0.0,90.0,43,05 35 21.25771,-05 42 12.4222,A,2020yCat.1350....0G,Orion_V*,*|Em*|LP?|MIR|NIR|Or*|TT?|V*|X|Y*O,24.016,0.042,8.01e-05,1e-07,M2.5e,,2.5142,0.0379,1.645,-1.134,0.032,0.029,90.0,,,,17.388,16.613,14.99,4.038998294395505,11.3,10.818,,,,,,0.642868,0.3299688197102012,0.055689584892635896
288,R01- 1959,11.98,0.007,11.93,0.009,11.88,0.019,11.93,0.028,3.38,,,,[R2001]  1959,05 35 21.3,-05 56 35.9,291,V* V1734 Ori,83.838834791,-5.9433338676,0.0,0.0,90.0,23,05 35 21.32035,-05 56 36.0019,A,2020yCat.1350....0G,Orion_V*,*|NIR|Or*|V*|X|Y*O,28.363,0.093,9.46e-05,3e-07,M5.5,,2.5688,0.0478,0.981,0.559,0.046,0.036,90.0,,,,,,,4.969998294395504,12.41,12.152,,,,,,0.320258,0.1438892011568518,0.055689584892635896
289,JW 676,10.8,0.006,10.28,0.004,9.32,0.012,8.37,0.026,6.63,K5,H97,H,JW 676,05 35 21.6,-05 09 38.9,292,V* V2377 Ori,83.8398876635,-5.1607843706,0.0,0.0,90.0,50,05 35 21.57304,-05 09 38.8237,A,2020yCat.1350....0G,Orion_V*,*|Em*|G|HH|IR|Ir*|MIR|NIR|Or*|TT?|V*|X|Y*O|cor,,,,,K5,,2.827,0.3484,3.106,-1.016,0.318,0.272,90.0,0.055,0.045,,15.1,,,6.744998294395504,13.582,12.93,,,,,,0.409929,0.0,0.0
290,JW 677,10.74,0.006,10.22,0.004,9.95,0.023,9.2,0.064,3.96,M3,H97,L,JW 677,05 35 21.6,-05 09 49.7,293,V* V357 Ori,83.8399131235,-5.1637998192,0.0,0.0,90.0,58,05 35 21.57915,-05 09 49.6793,A,2020yCat.1350....0G,TTau*,*|Em*|G|IR|Ir*|MIR|NIR|Or*|TT*|TT?|V*|X|Y*O,29.705,0.071,9.91e-05,2e-07,M3,,2.5302,0.0482,0.777,-0.432,0.044,0.038,90.0,,,,,17.06,,4.882998294395504,12.096,11.733,,,,,,0.31217,0.1507005728345093,0.055689584892635896
291,JW 691,10.5,0.021,10.34,0.013,9.73,0.147,8.22,0.187,6.29,M4,H97,L,JW 691,05 35 21.9,-05 15 01.1,294,V* V1281 Ori,83.8412949535,-5.2502921667,0.0,0.0,90.0,52,05 35 21.91079,-05 15 01.0518,A,2020yCat.1350....0G,TTau*,*|IR|NIR|Or*|TT*|V*|X|Y*O,30.058,0.042,0.0001003,1e-07,M4,,2.3301,0.2411,0.877,2.137,0.219,0.191,90.0,,,,15.5,20.572,,4.652998294395504,11.54,11.049,,,,,,0.168207,0.16744336601362644,0.055689584892635896
292,JW 715,11.56,0.01,11.05,0.008,10.93,0.062,10.25,0.199,4.46,M6,H97,L,JW 715,05 35 22.3,-05 31 16.9,295,V* V2386 Ori,83.8428510677,-5.5213719599,0.0,0.0,90.0,45,05 35 22.28426,-05 31 16.9391,A,2020yCat.1350....0G,TTau*,*|EB?|Em*|MIR|NIR|Or*|TT*|V*|X|Y*O,28.078,0.59,9.37e-05,2e-06,M5.5,,2.4798,0.1165,1.769,0.423,0.09,0.075,90.0,,,,20.304,19.17,17.35,5.083998294395505,12.474,12.125,,,,,,0.238283,0.1349366751021871,0.055689584892635896
293,JW 719,11.33,0.004,11.32,0.005,11.45,0.019,11.29,0.058,6.85,M4-M,H97,L,JW 719,05 35 22.3,-05 35 26.7,296,V* V1526 Ori,83.8428404678,-5.5907692023,0.0,0.0,90.0,36,05 35 22.28171,-05 35 26.7691,A,2020yCat.1350....0G,Orion_V*,*|Em*|G|NIR|Or*|TT?|V*|X|Y*O,27.014,0.029,9.01e-05,1e-07,M4,,2.4128,0.0808,2.108,0.134,0.061,0.053,90.0,,,,18.709,17.563,,4.530998294395504,11.92,11.62,,,,,,0.281627,0.19039885802866888,0.055689584892635896
294,Par 1948,9.42,0.003,9.41,0.002,9.07,0.009,8.15,0.031,10.9,,,,Parenago 1948,05 35 22.3,-04 42 07.6,297,V* CD Ori,83.8430588828,-4.7021251888,0.0,0.0,90.0,36,05 35 22.33413,-04 42 07.6507,A,2020yCat.1350....0G,Orion_V*,*|Em*|MIR|NIR|Or*|V*|X|Y*O,30.414,0.339,0.0001015,1.1e-06,,,2.4696,0.0205,1.447,-0.451,0.019,0.016,90.0,,,,,14.5,,3.1769982943955046,10.451,10.143,,,,,,0.512766,0.6620478140154391,0.055689584892635896
295,JW 716,9.81,0.009,9.32,0.009,8.84,0.055,7.76,0.108,3.95,M4.5,H97,L,JW 716,05 35 22.4,-05 27 28.4,298,V* V1340 Ori,83.8432519818,-5.4578957208,0.0,0.0,90.0,53,05 35 22.38048,-05 27 28.4246,A,2020yCat.1350....0G,TTau*,*|BY*|NIR|Rad|TT*|V*|X|Y*?|Y*O,25.226,0.666,8.41e-05,2.2e-06,M4.5e,,2.5656,0.0763,1.411,0.188,0.073,0.057,90.0,,,,19.359,18.676,16.36,4.294998294395505,11.36,10.688,,,,,,0.292573,0.25389155799191715,0.055689584892635896
296,CHS 9739,9.92,0.002,9.85,0.003,9.39,0.005,8.9,0.023,6.08,,,,[CHS2001] 9739,05 35 22.8,-04 48 29.8,299,V* V2394 Ori,83.844994539,-4.8083015329,0.0,0.0,90.0,27,05 35 22.79869,-04 48 29.8855,A,2020yCat.1350....0G,Orion_V*,*|Em*|G|MIR|NIR|Or*|V*|X|Y*O,29.654,0.024,9.89e-05,1e-07,,,2.3774,0.1881,0.416,0.445,0.155,0.13,90.0,,,,16.2,15.45,,3.7729982943955047,11.05,10.739,,,,,,0.087733,0.4211977580954585,0.055689584892635896
297,JW 727,10.23,0.004,9.99,0.003,9.59,0.02,8.94,0.059,6.03,M2,H97,H,JW 727,05 35 22.8,-05 31 37.2,300,V* V1528 Ori,83.8450078134,-5.5270301188,0.0,0.0,90.0,54,05 35 22.80188,-05 31 37.3084,A,2020yCat.1350....0G,TTau*,*|Em*|G|MIR|NIR|Or*|TT*|TT?|V*|X|Y*?|Y*O,25.791,0.017,8.6e-05,1e-07,M2,,2.355,0.0669,2.812,0.364,0.05,0.043,90.0,,,,18.093,16.932,15.44,4.127998294395503,11.27,10.75,,,,,,0.111984,0.30081500807507044,0.055689584892635896
298,R01- 1980,10.45,0.003,10.49,0.003,10.5,0.011,10.43,0.044,0.57,,,,[R2001]  1980,05 35 22.8,-05 44 42.9,301,V* V1529 Ori,83.8450818123,-5.745260987,0.0,0.0,90.0,16,05 35 22.81963,-05 44 42.9396,A,2020yCat.1350....0G,Orion_V*,*|Em*|NIR|Or*|TT?|V*|X|Y*O,42.7,8.6,0.0001424,2.87e-05,,,2.5974,0.0384,0.948,-2.069,0.034,0.03,90.0,,,,,16.31,14.97,3.725998294395504,10.949,10.641,,,,,,0.295702,0.4388750549158999,0.055689584892635896
299,Par 1995,10.38,0.003,10.29,0.004,10.14,0.024,9.27,0.061,13.87,M1,H97,H,Parenago 1995,05 35 22.9,-05 32 29.0,302,V* V2400 Ori,83.8454376428,-5.5414095999,0.0,0.0,90.0,55,05 35 22.90503,-05 32 29.0746,A,2020yCat.1350....0G,Orion_V*,*|Em*|G|MIR|NIR|Or*|Rad|TT?|V*|X|Y*?|Y*O,31.022,0.145,0.0001035,5e-07,M1,,1.7279,0.1667,1.395,0.771,0.126,0.109,90.0,,,,16.907,15.901,14.68,3.932998294395505,11.22,10.874,,,,,,0.105869,0.36568741801344173,0.055689584892635896
300,Par 1966,10.65,0.003,10.85,0.005,10.66,0.01,10.53,0.037,1.07,M1,R01,H,Parenago 1966,05 35 23.2,-04 43 02.9,303,V* V1736 Ori,83.8468285717,-4.7175089954,0.0,0.0,90.0,28,05 35 23.23886,-04 43 03.0324,A,2020yCat.1350....0G,TTau*,*|NIR|Or*|TT*|V*|X|Y*?|Y*O,48.413,0.155,0.0001615,5e-07,,,2.5765,0.0218,0.969,1.114,0.019,0.017,90.0,,,,15.9,15.08,,3.624998294395505,10.92,10.766,,,,,,0.595778,0.47648648693145756,0.055689584892635896
301,CHS 9801,10.7,0.003,10.77,0.004,10.6,0.009,10.53,0.03,6.08,,,,[CHS2001] 9801,05 35 23.3,-04 49 04.6,304,V* V2406 Ori,83.8469966514,-4.8179542258,0.0,0.0,90.0,17,05 35 23.27920,-04 49 04.6352,A,2020yCat.1350....0G,Orion_V*,*|Em*|G|NIR|Or*|V*|X|Y*O,28.82,0.029,9.61e-05,1e-07,,,2.4349,0.067,0.802,0.814,0.056,0.047,90.0,,,,,15.1,,3.719998294395504,11.07,10.878,,,,,,0.31294,0.44113625561381525,0.055689584892635896
302,JW 735,10.39,0.016,9.76,0.011,8.96,0.067,7.45,0.101,5.21,M3,H97,L,JW 735,05 35 23.3,-05 28 10.1,305,V* V1530 Ori,83.8471405848,-5.4695025339,0.0,0.0,90.0,48,05 35 23.31374,-05 28 10.2091,A,2020yCat.1350....0G,Orion_V*,*|Em*|MIR|NIR|Or*|V*|X|Y*O,28.189,0.028,9.4e-05,1e-07,M3.5,,2.4365,0.0764,1.708,-0.293,0.073,0.057,90.0,,,,19.604,18.225,,4.515998294395505,11.56,10.962,,,,,,0.232381,0.19385447655467666,0.055689584892635896
303,Par 1988,10.05,0.014,10.12,0.015,9.91,0.06,8.84,0.11,7.64,K8,H97,H,Parenago 1988,05 35 23.4,-05 10 51.8,306,V* V1123 Ori,83.8476823559,-5.1810404381,0.0,0.0,90.0,58,05 35 23.44377,-05 10 51.7456,A,2020yCat.1350....0G,Orion_V*,*|Em*|Er*|IR|NIR|Or*|Rad|TT?|V*|X|Y*O,24.552,0.036,8.19e-05,1e-07,K8,,2.5101,0.015,1.82,0.318,0.014,0.013,90.0,,,,15.097,14.106,,2.982998294395504,10.38,10.165,,,,,,0.65606,0.7528106412926391,0.055689584892635896
304,JW 753,10.21,0.006,9.76,0.004,9.5,0.045,8.7,0.111,8.55,M2,H97,H,JW 753,05 35 24.2,-05 29 57.2,307,V* V2420 Ori,83.8510171633,-5.4992287709,0.0,0.0,90.0,43,05 35 24.24412,-05 29 57.2236,A,2020yCat.1350....0G,Orion_V*,*|Em*|G|NIR|Or*|TT?|V*|X|Y*?|Y*O,25.21,0.178,8.41e-05,6e-07,M2,,2.491,0.0546,1.707,1.155,0.044,0.039,90.0,,,,17.32,16.146,,4.300998294395503,11.36,10.787,,,,,,0.659164,0.252590146555382,0.055689584892635896
305,CHS 10032,11.16,0.004,11.29,0.006,11.17,0.014,11.04,0.029,15.05,,,,[CHS2001] 10032,05 35 25.2,-05 55 55.2,308,V* V2432 Ori,83.85503466,-5.9320292371,0.0,0.0,90.0,11,05 35 25.20832,-05 55 55.3053,A,2020yCat.1350....0G,Orion_V*,*|MIR|NIR|Or*|V*|X|Y*?|Y*O,,,,,M5.3,,2.6323,0.029,1.951,0.635,0.027,0.022,90.0,,,,,,15.43,4.264998294395504,,11.32,,,,,,0.16273,0.26251572479444424,0.055689584892635896
306,H97: 3128,11.38,0.006,11.15,0.007,10.79,0.039,9.72,0.075,2.47,,,,[H97b] 3128,05 35 25.2,-05 29 51.6,309,2MASS J05352522-0529516,83.855102071,-5.4976941366,0.0,0.0,90.0,37,05 35 25.22450,-05 29 51.6989,A,2020yCat.1350....0G,YSO,*|Em*|G|MIR|NIR|V*|X|Y*?|Y*O,29.799,0.058,9.94e-05,2e-07,M4.3e,,2.428,0.0785,3.024,0.627,0.065,0.054,90.0,,,,19.205,18.078,,5.079998294395503,12.439,12.127,,,,,,0.378898,0.1352838432726335,0.055689584892635896
307,JW 778,11.61,0.006,11.5,0.007,11.52,0.028,12.24,0.188,1.71,M4,H97,L,JW 778,05 35 25.2,-05 33 21.1,310,V* V1533 Ori,83.8551727304,-5.5558668805,0.0,0.0,90.0,41,05 35 25.24146,-05 33 21.1208,A,2020yCat.1350....0G,TTau*,*|Em*|NIR|Or*|TT*|V*|X|Y*?|Y*O,27.11,0.865,9.04e-05,2.9e-06,M4,,2.5287,0.1021,0.813,1.096,0.079,0.068,90.0,,,,20.195,19.06,,4.800998294395503,12.21,11.872,,,,,,0.619257,0.15662238073849444,0.055689584892635896
308,JW 783,10.48,0.003,10.12,0.003,9.56,0.006,8.54,0.016,1.15,,,,JW 783,05 35 25.5,-05 34 04.8,311,JW  783,83.8563382227,-5.5679607181,0.0,0.0,90.0,18,05 35 25.52117,-05 34 04.6586,A,2020yCat.1350....0G,YSO,*|**|Em*|Ir*|Y*O,,,,,M2.0e,,2.9552,0.7492,3.559,-4.616,0.535,0.496,90.0,,,,19.302,18.316,,,,,,,,,,0.346294,0.0,0.0
309,CHS 10073,9.93,0.002,9.56,0.002,9.22,0.004,8.39,0.004,7.5,,,,[CHS2001] 10073,05 35 25.5,-05 45 44.9,312,V* NR Ori,83.8562689255,-5.7624791021,0.0,0.0,90.0,28,05 35 25.50454,-05 45 44.9248,A,2020yCat.1350....0G,Orion_V*,*|Em*|MIR|NIR|Or*|TT?|V*|X|Y*O|ev,26.021,0.267,8.68e-05,9e-07,M2.2,,2.2099,0.0657,2.068,0.184,0.052,0.051,90.0,,,,,16.8,16.33,4.570998294395505,11.89,11.033,,,,,,0.072171,0.1813266799255413,0.055689584892635896
310,CHS 10081,10.98,0.003,10.7,0.004,10.31,0.007,9.58,0.009,4.28,,,,[CHS2001] 10081,05 35 25.6,-06 13 04.4,313,V* V2440 Ori,83.8566000952,-6.21793869,0.0,0.0,90.0,12,05 35 25.58402,-06 13 04.5793,A,2020yCat.1350....0G,Orion_V*,*|MIR|NIR|Opt|Or*|V*|X|Y*O,,,,,M6.7,,2.3622,0.2288,1.384,-0.05,0.198,0.172,90.0,,,,,,,5.648998294395504,12.58,11.92,23.23,23.12,20.94,18.396,16.572,0.298169,0.10015724543631623,0.055689584892635896
311,JW 788,10.28,0.005,9.89,0.005,9.5,0.03,8.95,0.078,4.76,M4,H97,L,JW 788,05 35 25.7,-05 30 38.1,314,V* V1537 Ori,83.8570171396,-5.5105998947,0.0,0.0,90.0,50,05 35 25.68411,-05 30 38.1596,A,2020yCat.1350....0G,YSO,*|EB*|Em*|NIR|TT?|V*|X|Y*?|Y*O,26.548,0.184,8.86e-05,6e-07,M4,,2.4733,0.0815,1.337,1.029,0.067,0.056,90.0,,,,19.03,17.877,,4.308998294395504,11.53,11.034,,,,,,0.244574,0.25000730202938626,0.055689584892635896
312,R01- 2012,11.13,0.004,10.71,0.004,10.42,0.011,9.53,0.025,7.33,,,,[R2001]  2012,05 35 25.7,-04 49 31.3,315,V* V1536 Ori,83.8570328891,-4.8253728528,0.0,0.0,90.0,31,05 35 25.68789,-04 49 31.3423,A,2020yCat.1350....0G,Orion_V*,*|Em*|G|MIR|NIR|Or*|TT*|V*|X|Y*O,31.771,0.048,0.000106,2e-07,M4.7,,2.5838,0.0715,1.304,-1.427,0.06,0.049,90.0,,,,,,,4.842998294395505,12.131,11.638,,,,,,0.185827,0.15343569266011503,0.055689584892635896
313,JW 789,12.07,0.011,11.87,0.013,11.58,0.07,10.87,0.155,3.21,M3,H97,L,JW 789,05 35 25.7,-05 29 35.4,316,V* V1538 Ori,83.8571638809,-5.4931805301,0.0,0.0,90.0,29,05 35 25.71933,-05 29 35.4499,A,2020yCat.1350....0G,Orion_V*,*|Em*|NIR|Or*|V*|Y*?|Y*O,,,,,M3M4M5III,,2.3658,0.14,2.482,0.297,0.113,0.095,90.0,,,,21.767,20.423,,5.847998294395504,13.111,12.706,,,,,,0.292923,0.0,0.0
314,CHS 10147,10.55,0.003,10.23,0.003,9.72,0.005,8.96,0.008,5.9,,,,[CHS2001] 10147,05 35 26.2,-05 45 08.5,317,V* V2446 Ori,83.8590518049,-5.7523821687,0.0,0.0,90.0,31,05 35 26.17243,-05 45 08.5758,A,2020yCat.1350....0G,Orion_V*,*|Em*|G|MIR|NIR|Or*|TT*|TT?|V*|Y*?|Y*O|cor,22.682,0.08,7.57e-05,3e-07,M2.9e,,2.5863,0.033,1.628,-0.679,0.028,0.026,90.0,0.35,0.35,0.0,,16.05,14.99,4.351998294395504,11.61,11.236,,,,,,0.418346,0.23809488409486543,0.055689584892635896
315,Par 2032,7.95,0.003,7.71,0.002,7.21,0.021,6.65,0.06,10.33,G5,H97,H,Parenago 2032,05 35 26.3,-05 25 39.7,318,V* AK Ori,83.8597882473,-5.4278390218,0.0,0.0,90.0,58,05 35 26.34918,-05 25 40.2205,A,2020yCat.1350....0G,Orion_V*,*|Em*|IR|NIR|Or*|Rad|V*|X|Y*?|Y*O,28.76,1.529,9.59e-05,5.1e-06,G5:,,2.5994,0.065,0.565,1.591,0.054,0.046,90.0,,,,12.859,12.082,,1.504998294395504,9.02,8.652,,,,,,0.90012,0.0,0.0
316,Par 2019,10.66,0.004,10.58,0.004,10.5,0.044,10.01,0.146,0.93,,,,Parenago 2019,05 35 26.6,-04 56 06.7,319,V* V563 Ori,83.8607914172,-4.9352122394,0.0,0.0,90.0,40,05 35 26.58994,-04 56 06.7641,A,2020yCat.1350....0G,TTau*,*|Em*|Er*|IR|NIR|Opt|Or*|TT*|V*|X|Y*O,33.923,0.157,0.0001132,5e-07,M0e,,2.5431,0.0266,2.265,-1.278,0.022,0.02,90.0,,,,,15.39,,3.7719982943955035,11.16,10.931,,,,,,0.163419,0.4211977580954585,0.055689584892635896
317,CHS 10241,11.0,0.003,11.23,0.006,11.24,0.013,11.07,0.023,9.04,,,,[CHS2001] 10241,05 35 26.8,-06 26 47.5,320,V* V801 Ori,83.8617926352,-6.4465595822,0.0,0.0,90.0,86,05 35 26.83023,-06 26 47.6145,A,2020yCat.1350....0G,TTau*,*|Er*|IR|NIR|Opt|Or*|TT*|V*|X|Y*?|Y*O,26.758,0.04,8.93e-05,1e-07,M0,,2.5983,0.0183,1.272,0.604,0.017,0.015,90.0,,,,,14.901,,3.9819982943955043,11.36,11.177,18.058,15.587,14.395,13.915,13.278,0.464938,0.34915906065498814,0.055689584892635896
318,JW 812,10.63,0.003,10.2,0.004,9.88,0.013,8.79,0.03,4.39,,,,JW 812,05 35 27.2,-05 30 24.7,321,JW  812,83.8633537636,-5.506887879,0.0,0.0,90.0,36,05 35 27.20490,-05 30 24.7964,A,2020yCat.1350....0G,YSO,*|Em*|G|Ir*|MIR|NIR|TT?|X|Y*?|Y*O,25.88,0.351,8.63e-05,1.2e-06,M4.4e,,2.4108,0.0799,1.377,1.023,0.062,0.052,90.0,,,,18.75,17.601,,4.090998294395504,11.38,11.046,,,,,,0.121019,0.31263559149390385,0.055689584892635896
319,CHS 10277,11.56,0.007,11.17,0.006,10.73,0.042,10.35,0.16,2.64,,,,[CHS2001] 10277,05 35 27.2,-04 55 18.6,322,V* V2462 Ori,83.8633711844,-4.9218451686,0.0,0.0,90.0,12,05 35 27.20908,-04 55 18.6426,A,2020yCat.1350....0G,Orion_V*,*|IR|MIR|NIR|Or*|V*|Y*O,,,,,,,2.8817,0.194,2.229,-0.005,0.162,0.147,90.0,,,,,,,5.921998294395504,12.847,12.239,,,,,,0.14229,0.0,0.0
320,Par 2048,9.78,0.002,9.81,0.002,9.82,0.017,9.79,0.089,4.62,K8V,H97,H,Parenago 2048,05 35 27.5,-05 35 19.5,323,V* V1539 Ori,83.8646290543,-5.5887640738,0.0,0.0,90.0,43,05 35 27.51097,-05 35 19.5507,A,2020yCat.1350....0G,Orion_V*,*|Em*|NIR|Or*|Rad|V*|X|Y*O,26.442,0.24,8.82e-05,8e-07,K8V,,1.9949,0.077,-0.185,0.334,0.058,0.051,90.0,,,,15.016,14.01,,2.7059982943955045,10.06,9.882,,,,,,0.171469,0.9034760160286305,0.055689584892635896
321,Par 2046,8.02,0.004,7.54,0.003,7.1,0.018,6.45,0.065,9.57,K6-K8,H97,H,Parenago 2046,05 35 28.1,-05 24 58.3,324,HH 527,83.8674166667,-5.4162222222,,,172.0,3,05 35 28.18   ,-05 24 58.4   ,D,2000AJ....119.2919B,HH,HH,,,,,,,,,,,,,,,,,,,,,,,,,,,,1.19882,0.0,0.0
322,R01- 2045,11.25,0.005,11.3,0.006,11.16,0.052,10.71,0.174,0.84,,,,[R2001]  2045,05 35 28.2,-05 00 49.6,325,V* V1544 Ori,83.8673759449,-5.0137866534,0.0,0.0,90.0,25,05 35 28.17023,-05 00 49.6320,A,2020yCat.1350....0G,TTau*,*|Em*|G|IR|NIR|Or*|TT*|TT?|V*|X|Y*O,39.172,0.252,0.0001307,8e-07,M2.8,,2.4455,0.0366,1.934,0.787,0.033,0.029,90.0,,,,,16.85,,4.410998294395505,11.77,11.544,,,,,,0.446036,0.22213654429975602,0.055689584892635896
323,R01- 2048,10.71,0.003,10.3,0.003,9.81,0.008,8.87,0.023,7.38,,,,[R2001]  2048,05 35 28.3,-05 59 13.3,326,V* V1546 Ori,83.8680146638,-5.9870359835,0.0,0.0,90.0,39,05 35 28.32352,-05 59 13.3295,A,2020yCat.1350....0G,TTau*,*|Em*|LP?|MIR|NIR|Or*|TT*|V*|X|Y*O,24.159,0.027,8.06e-05,1e-07,M2.7,,2.5813,0.0452,1.548,0.749,0.041,0.035,90.0,,,,,16.09,,4.231998294395504,11.517,11.093,,,,,,0.352107,0.27143283655987616,0.055689584892635896
324,R01- 2056,10.57,0.003,10.23,0.003,9.93,0.012,9.05,0.03,5.21,,,,[R2001]  2056,05 35 28.6,-04 47 26.5,327,V* V1547 Ori,83.8693709696,-4.7907234044,0.0,0.0,90.0,35,05 35 28.64903,-04 47 26.6043,A,2020yCat.1350....0G,TTau*,*|Em*|G|MIR|NIR|Or*|TT*|V*|X|Y*O,31.305,0.039,0.0001044,1e-07,M2.6,,2.4126,0.07,1.686,-0.724,0.061,0.049,90.0,,,,16.6,17.38,,4.443998294395504,11.68,11.199,,,,,,0.740299,0.21264209267219267,0.055689584892635896
325,JW 834,8.6,0.006,8.21,0.009,7.72,0.022,6.78,0.059,7.01,,,,JW 834,05 35 28.9,-05 16 18.5,328,V* V497 Ori,83.8705586184,-5.2717693084,0.0,0.0,90.0,41,05 35 28.93407,-05 16 18.3695,A,2020yCat.1350....0G,Orion_V*,*|Em*|IR|MIR|NIR|Or*|V*|X|Y*?|Y*O,30.323,0.026,0.0001012,1e-07,M0.25,,2.4928,0.0394,1.844,1.151,0.036,0.03,90.0,,,,16.616,15.593,,3.0709982943955048,10.13,9.387,,,,,,0.525329,0.7096094793414779,0.055689584892635896
326,Par 2070,10.3,0.003,10.33,0.003,10.4,0.012,10.44,0.047,5.7,,,,Parenago 2070,05 35 29.0,-05 49 48.6,329,V* V1549 Ori,83.8708750933,-5.8301759018,0.0,0.0,90.0,21,05 35 29.01002,-05 49 48.6332,A,2020yCat.1350....0G,Orion_V*,*|Em*|NIR|Or*|V*|X|Y*?|Y*O,27.084,0.024,9.03e-05,1e-07,,,2.8132,0.0438,1.757,0.645,0.039,0.034,90.0,,,,14.8,13.8,,3.2249982943955047,10.596,10.49,,,,,,0.153209,0.6419455926284845,0.055689584892635896
327,JW 836,9.3,0.009,8.99,0.008,8.34,0.044,7.26,0.081,12.2,M0,H97,H,JW 836,05 35 29.0,-05 29 10.5,330,[SRB2015] p101,83.87046975,-5.48639689,,,172.0,1,05 35 28.91274,-05 29 11.0288,E,2015MNRAS.449.1769S,YSO,Y*O|cor,,,,,,,,,,,,,,0.85,0.85,0.0,,,,,,,,,,,,1.406127,0.0,0.0
328,JW 843,11.18,0.004,11.15,0.006,11.16,0.016,10.7,0.054,0.84,M2,H97,H,JW 843,05 35 29.7,-05 31 12.4,331,V* V1552 Ori,83.8735916965,-5.5201165216,0.0,0.0,90.0,45,05 35 29.66201,-05 31 12.4195,A,2020yCat.1350....0G,Orion_V*,*|Em*|NIR|Or*|V*|X|Y*?|Y*O,32.69,1.311,0.000109,4.4e-06,M2,,2.4665,0.056,-0.349,-0.977,0.043,0.037,90.0,,,,17.586,16.456,,4.263998294395504,11.53,11.352,,,,,,0.567584,0.2625157247944442,0.055689584892635896
329,R01- 2073,11.53,0.004,11.45,0.007,11.35,0.014,11.48,0.02,6.19,,,,[R2001]  2073,05 35 30.2,-06 12 06.0,332,V* V800 Ori,83.8756658806,-6.2016648798,0.0,0.0,90.0,28,05 35 30.15981,-06 12 05.9936,A,2020yCat.1350....0G,Orion_V*,*|Em*|Er*|NIR|Opt|Or*|V*|X|Y*O,26.651,0.065,8.89e-05,2e-07,M1.8,,2.6583,0.0277,1.333,0.795,0.024,0.021,90.0,,,,,15.948,,4.418998294395504,11.8,11.636,19.33,16.804,15.392,14.868,13.871,0.599336,0.21986510115245803,0.055689584892635896
330,Par 2079,11.13,0.003,11.03,0.005,11.11,0.015,11.01,0.044,10.08,K8,R01,H,Parenago 2079,05 35 30.2,-05 51 17.0,333,V* V1553 Ori,83.8759944851,-5.8547174328,0.0,0.0,90.0,24,05 35 30.23868,-05 51 16.9828,A,2020yCat.1350....0G,Orion_V*,*|NIR|Or*|V*|X|Y*?|Y*O,28.43,0.61,9.48e-05,2e-06,K8,,2.6549,0.0215,1.07,0.351,0.02,0.018,90.0,,,,15.9,14.76,,4.0329982943955045,11.41,11.226,,,,,,0.577378,0.33252223196084846,0.055689584892635896
331,Par 2064,10.84,0.003,10.91,0.005,10.91,0.013,10.83,0.042,3.2,K7,R01,H,Parenago 2064,05 35 30.5,-04 51 29.0,334,V* V1741 Ori,83.8772285618,-4.858077482,0.0,0.0,90.0,29,05 35 30.53485,-04 51 29.0789,A,2020yCat.1350....0G,Orion_V*,*|NIR|Or*|V*|X|Y*O,28.746,0.037,9.59e-05,1e-07,K7.0,,2.5668,0.0201,1.402,-1.46,0.018,0.016,90.0,,,,15.9,14.94,,3.844998294395504,11.2,10.972,,,,,,0.52689,0.3949915947892526,0.055689584892635896
332,JW 863,10.25,0.003,9.94,0.003,9.5,0.013,8.87,0.038,7.91,M3.5,H97,L,JW 863,05 35 30.8,-05 30 36.2,335,V* V1555 Ori,83.8783416359,-5.5100715375,0.0,0.0,90.0,52,05 35 30.80199,-05 30 36.2575,A,2020yCat.1350....0G,TTau*,*|Em*|G|MIR|NIR|Or*|TT*|TT?|V*|X|Y*?|Y*O,26.0,0.198,8.67e-05,7e-07,M3.5,,2.4147,0.0629,1.217,0.749,0.051,0.043,90.0,,,,17.86,16.736,,4.219998294395504,11.51,11.032,,,,,,0.064772,0.2749425932350816,0.055689584892635896
333,Par 2066,10.11,0.004,9.78,0.004,9.41,0.027,8.38,0.05,7.61,M0,R01,H,Parenago 2066,05 35 30.9,-04 55 17.9,336,V* AL Ori,83.8787341115,-4.9216502819,0.0,0.0,90.0,59,05 35 30.89619,-04 55 17.9410,A,2020yCat.1350....0G,TTau*,*|Em*|IR|MIR|NIR|Or*|TT*|V*|X|Y*O,27.538,0.046,9.19e-05,2e-07,K7e,,2.5296,0.0183,1.905,-1.178,0.016,0.014,90.0,,,,16.25,14.1,,3.7779982943955037,11.069,10.673,,,,,,0.070213,0.41903875925452083,0.055689584892635896
334,R01- 2088,11.6,0.007,11.53,0.008,11.54,0.017,11.48,0.038,3.71,,,,[R2001]  2088,05 35 31.3,-05 58 33.4,337,V* V984 Ori,83.8802229836,-5.9759656957,0.0,0.0,90.0,16,05 35 31.25352,-05 58 33.4765,A,2020yCat.1350....0G,Orion_V*,*|Em*|Er*|G|NIR|Opt|Or*|Pu*|V*|X|Y*O,23.29,1.29,7.77e-05,4.3e-06,,,2.5731,0.03,1.464,0.767,0.028,0.023,90.0,,,,,,,4.563998294395503,11.915,11.728,,,,,,0.697677,0.18272984815912682,0.055689584892635896
335,R01- 2092,12.15,0.007,12.0,0.011,12.02,0.022,11.91,0.025,7.4,M3.5,R01,L,[R2001]  2092,05 35 31.5,-06 14 18.9,338,V* V1742 Ori,83.8812130161,-6.2385750833,0.0,0.0,90.0,23,05 35 31.49112,-06 14 18.8703,A,2020yCat.1350....0G,Orion_V*,*|Em*|G|NIR|Opt|Or*|V*|X|Y*?|Y*O,27.247,0.06,9.09e-05,2e-07,M3,,2.6863,0.0397,1.457,0.044,0.035,0.03,90.0,,,,,17.052,,4.958998294395505,12.39,12.21,20.13,17.793,16.383,15.184,14.503,0.135645,0.14463055648893078,0.055689584892635896
336,R01- 2093,6.54,0.001,5.7,0.002,5.07,0.001,4.02,0.001,12.91,,,,[R2001]  2093,05 35 31.5,-05 05 47.4,339,[TKT2002] I241,83.8810833333,-5.0964722222,,,172.0,1,05 35 31.46   ,-05 05 47.3   ,D,2002ApJ...566..974T,X,X,,,,,,,,,,,,,,,,,,,,,,,,,,,,0.605937,0.0,0.0
337,R01- 2094,9.89,0.003,9.83,0.003,9.72,0.023,9.27,0.078,3.91,,,,[R2001]  2094,05 35 31.5,-05 40 27.8,340,V* V1560 Ori,83.8814700997,-5.674410264,0.0,0.0,90.0,25,05 35 31.55282,-05 40 27.8770,A,2020yCat.1350....0G,Orion_V*,*|Em*|NIR|Or*|SB*|V*|X|Y*O,75.108,0.087,0.0002506,3e-07,K7,,2.4389,0.0894,0.202,0.345,0.077,0.067,90.0,,,,20.456,18.949,,4.491998294395504,11.07,10.408,,,,,,0.792222,0.19941188595993864,0.055689584892635896
338,CHS 10808,8.19,0.002,7.69,0.002,7.3,0.002,6.79,0.006,5.69,,,,[CHS2001] 10808,05 35 31.6,-05 00 14.1,341,V* V2504 Ori,83.881791,-5.003911,0.06,0.06,90.0,23,05 35 31.62984,-05 00 14.0796,C,2003yCat.2246....0C,Orion_V*,*|FIR|IR|MIR|NIR|Or*|V*|X|Y*O,31.01,0.886,0.0001034,3e-06,,,,,,,,,,,,,,,,6.431998294395504,11.964,10.129,,,,,,0.44636,0.0,0.0
339,JW 878,11.01,0.006,11.09,0.006,10.71,0.052,9.76,0.126,5.51,M6,H97,L,JW 878,05 35 31.7,-05 30 04.1,342,V* V1561 Ori,83.8820123237,-5.5011605621,0.0,0.0,90.0,43,05 35 31.68296,-05 30 04.1780,A,2020yCat.1350....0G,Orion_V*,*|Em*|NIR|Or*|TT?|V*|X|Y*?|Y*O,25.08,0.368,8.37e-05,1.2e-06,M6,,2.4415,0.0948,1.781,0.682,0.077,0.063,90.0,,,,19.673,18.503,,4.192998294395505,11.65,11.331,,,,,,0.266151,0.28282463228162796,0.055689584892635896
340,R01- 2096,11.83,0.006,11.57,0.006,11.7,0.03,11.15,0.051,10.67,M3.5,R01,L,[R2001]  2096,05 35 31.7,-04 41 07.7,343,V* V1743 Ori,83.882123777,-4.6854856372,0.0,0.0,90.0,31,05 35 31.70971,-04 41 07.7483,A,2020yCat.1350....0G,TTau*,*|Em*|G|LP?|MIR|NIR|Or*|TT*|V*|X|Y*O,32.386,0.058,0.000108,2e-07,M2.8,,2.4156,0.0826,1.83,0.412,0.074,0.06,90.0,,,,,18.27,,5.145998294395504,12.426,12.113,,,,,,0.152936,0.13016883398343768,0.055689584892635896
341,H97: 5156,12.54,0.01,12.27,0.012,11.87,0.038,10.75,0.053,4.36,,,,[H97b] 5156,05 35 31.9,-05 31 47.8,344,V* V2508 Ori,83.8830749746,-5.5299609442,0.0,0.0,90.0,26,05 35 31.93799,-05 31 47.8594,A,2020yCat.1350....0G,Orion_V*,*|EB?|NIR|Or*|V*|X|Y*?|Y*O,,,,,M8,,2.5546,0.2733,2.312,1.027,0.215,0.181,90.0,,,,,21.32,,6.490998294395505,14.052,13.551,,,,,,0.570357,0.0,0.0
342,JW 879,10.34,0.013,9.87,0.02,9.6,0.044,8.53,0.054,1.12,,,,JW 879,05 35 32.0,-05 16 21.0,345,V* V2509 Ori,83.8833210984,-5.272238146,0.0,0.0,90.0,38,05 35 31.99706,-05 16 20.0573,A,2020yCat.1350....0G,Orion_V*,*|Em*|IR|Ir*|NIR|Or*|V*|X|Y*?|Y*O,28.281,0.069,9.43e-05,2e-07,K7e,,2.5145,0.0889,1.154,1.899,0.076,0.064,90.0,,,,18.562,18.027,,4.719998294395504,11.76,11.229,,,,,,0.943694,0.16277688721947972,0.055689584892635896
343,CHS 10870,11.62,0.008,10.84,0.006,10.09,0.01,9.3,0.03,5.55,,,,[CHS2001] 10870,05 35 32.3,-04 46 48.4,346,V* V2514 Ori,83.8845704348,-4.7801267681,0.0,0.0,90.0,18,05 35 32.29690,-04 46 48.4564,A,2020yCat.1350....0G,Orion_V*,*|MIR|NIR|Or*|V*|Y*O,,,,,,,2.7034,0.3127,1.732,-1.314,0.265,0.21,90.0,,,,,,,7.545998294395504,14.267,12.97,,,,,,0.072926,0.0,0.0
344,JW 885,10.54,0.009,10.05,0.007,9.66,0.069,8.34,0.108,9.14,,,,JW 885,05 35 32.4,-05 15 06.9,347,V* V2516 Ori,83.885190101,-5.2519016066,0.0,0.0,90.0,32,05 35 32.44562,-05 15 06.8458,A,2020yCat.1350....0G,Orion_V*,*|IR|NIR|Or*|V*|X|Y*O,27.812,0.08,9.28e-05,3e-07,M0-M1,,2.2751,0.2651,1.315,0.728,0.215,0.221,90.0,,,,15.8,17.87,,5.919998294395505,12.204,11.418,,,,,,0.683644,0.0,0.0
345,Par 2097,10.37,0.009,10.53,0.009,10.03,0.09,9.06,0.195,1.1,M1.5,H97,H,Parenago 2097,05 35 32.5,-05 26 10.4,348,V* V1565 Ori,83.8855017186,-5.4362644745,0.0,0.0,90.0,43,05 35 32.52041,-05 26 10.5521,A,2020yCat.1350....0G,Orion_V*,*|Em*|NIR|Or*|Rad|TT?|V*|X|Y*O,27.59,1.679,9.2e-05,5.6e-06,M1.5,,2.3421,0.0793,2.153,-0.676,0.066,0.057,90.0,,,,16.373,15.264,,3.5409982943955036,10.88,10.569,,,,,,0.340655,0.5080995208654797,0.055689584892635896
346,Par 2081,9.98,0.002,9.83,0.002,9.66,0.009,8.51,0.024,5.05,K4,R01,H,Parenago 2081,05 35 33.0,-04 43 58.9,349,V* V1566 Ori,83.8875301494,-4.7330578993,0.0,0.0,90.0,35,05 35 33.00724,-04 43 59.0084,A,2020yCat.1350....0G,TTau*,*|Em*|MIR|NIR|Or*|TT*|V*|X|Y*O,31.86,0.029,0.0001063,1e-07,K4,,2.5109,0.0157,1.815,0.61,0.013,0.012,90.0,,,,15.0,14.17,,3.326998294395505,10.62,10.408,,,,,,0.153163,0.5973821494026995,0.055689584892635896
347,R01- 2115,11.9,0.006,11.72,0.008,11.58,0.033,10.94,0.085,2.81,,,,[R2001]  2115,05 35 33.2,-05 47 07.5,350,V* V1744 Ori,83.8881629094,-5.785398388,0.0,0.0,90.0,32,05 35 33.15910,-05 47 07.4342,A,2020yCat.1350....0G,Orion_V*,*|MIR|NIR|Or*|V*|X|Y*O,27.859,0.095,9.29e-05,3e-07,M3.9,,2.6156,0.0487,1.048,0.658,0.041,0.037,90.0,,,,,16.72,15.69,5.0009982943955045,12.382,12.149,,,,,,0.613938,0.14132425554379643,0.055689584892635896
348,CHS 11123,10.12,0.002,10.03,0.003,9.36,0.004,8.75,0.004,6.24,,,,[CHS2001] 11123,05 35 34.7,-06 02 47.2,351,V* V2536 Ori,83.8944081596,-6.0464910872,0.0,0.0,90.0,24,05 35 34.65796,-06 02 47.3679,A,2020yCat.1350....0G,Orion_V*,*|MIR|NIR|Or*|V*|Y*O,26.979,0.054,9e-05,2e-07,M1.3,,2.1391,0.1996,-0.07,-1.767,0.188,0.162,90.0,,,,,,,5.604998294395504,12.177,11.2,,,,,,0.649208,0.10250043835796956,0.055689584892635896
349,JW 906,10.86,0.004,10.69,0.005,0.0,0.0,9.86,0.078,10.66,M3,H97,L,JW 906,05 35 34.7,-05 34 38.1,352,V* V2539 Ori,83.8945718625,-5.5772750028,0.0,0.0,90.0,45,05 35 34.69725,-05 34 38.1900,A,2020yCat.1350....0G,TTau*,*|**|Em*|MIR|NIR|Or*|TT*|V*|X|Y*O,27.721,0.028,9.25e-05,1e-07,M3,,2.5116,0.0715,1.29,0.646,0.054,0.047,90.0,,,,17.898,16.793,,4.745998294395504,12.117,11.682,,,,,,0.098949,0.16069897248184123,0.055689584892635896
350,CHS 11149,13.33,0.011,13.12,0.012,12.62,0.022,11.48,0.022,7.38,,,,[CHS2001] 11149,05 35 34.9,-06 08 36.5,353,V* V2541 Ori,83.8955488212,-6.1434973585,0.0,0.0,90.0,11,05 35 34.93172,-06 08 36.5905,A,2020yCat.1350....0G,Orion_V*,*|MIR|NIR|Opt|Or*|V*|Y*O,,,,,M0.0,,2.1009,0.4068,1.631,0.599,0.408,0.347,90.0,,,,,19.901,,7.898998294395504,14.68,14.026,22.66,21.71,19.908,19.103,18.32,0.481602,0.0,0.0
351,JW 913,13.9,0.022,13.61,0.017,12.63,0.085,10.67,0.074,9.56,K1-K5,H97,H,JW 913,05 35 35.1,-05 33 49.2,354,V* V2542 Ori,83.8963939651,-5.5636621609,0.0,0.0,90.0,23,05 35 35.13455,-05 33 49.1838,A,2020yCat.1350....0G,Orion_V*,*|Em*|G|Ir*|NIR|Or*|TT?|V*|Y*O,,,,,K1-K5e,,1.8926,0.325,2.472,-1.44,0.251,0.213,90.0,,,,19.338,18.503,,7.626998294395504,14.968,14.406,,,,,,0.516088,0.0,0.0
352,H97: 5083,10.12,0.007,9.88,0.004,9.38,0.034,8.39,0.056,7.59,,,,[H97b] 5083,05 35 36.2,-05 20 20.4,355,V* V2550 Ori,83.9008968378,-5.3390109795,0.0,0.0,90.0,34,05 35 36.21524,-05 20 20.4395,A,2020yCat.1350....0G,Orion_V*,*|Ir*|NIR|Or*|V*|X|Y*?|Y*O,27.892,0.096,9.3e-05,3e-07,,,2.4888,0.2609,3.333,0.118,0.229,0.205,90.0,,,,,22.226,,6.0649982943955045,12.29,11.477,,,,,,0.231031,0.0,0.0
353,Par 2115,8.73,0.002,8.31,0.002,8.09,0.003,7.47,0.008,8.3,,,,Parenago 2115,05 35 36.4,-05 01 15.6,356,V* TV Ori A,83.9016728915,-5.0210374633,0.0,0.0,90.0,3,05 35 36.40149,-05 01 15.7349,A,2020yCat.1350....0G,Star,*|**|V*,24.28,9.88,8.1e-05,3.3e-05,,,2.5859,0.0456,1.057,0.254,0.039,0.035,90.0,,,,,,,,,,,,,,,0.136703,0.0,0.0
354,Par 2123,9.39,0.002,9.03,0.002,8.75,0.008,8.14,0.028,1.15,M1,H97,H,Parenago 2123,05 35 36.4,-05 34 11.1,357,V* V568 Ori,83.9018421154,-5.5697728622,0.0,0.0,90.0,55,05 35 36.44211,-05 34 11.1823,A,2020yCat.1350....0G,TTau*,*|Em*|MIR|NIR|Or*|Rad|TT*|TT?|V*|X|Y*O,27.465,0.02,9.16e-05,1e-07,M1,,2.5535,0.0345,1.815,0.297,0.025,0.021,90.0,,,,16.709,15.691,,3.6999982943955043,10.88,10.408,,,,,,0.633998,0.44798999995347105,0.055689584892635896
355,Par 2117,11.04,0.004,11.11,0.006,10.93,0.02,10.47,0.063,6.94,,,,Parenago 2117,05 35 36.6,-05 04 39.3,358,V* V1748 Ori,83.9024503,-5.0774803,0.115,0.078,90.0,17,05 35 36.58807,-05 04 38.9291,B,2012yCat.1322....0Z,TTau*,*|**|IR|MIR|NIR|Or*|TT*|V*|X|Y*O,,,,,M0.5e,,,,10.2,11.6,5.0,5.4,90.0,,,,17.38,15.73,15.73,4.051998294395505,11.617,11.336,,16.52,15.17,14.08,,0.411513,0.3257566303438293,0.055689584892635896
356,Par 2134,10.34,0.003,10.36,0.004,10.4,0.013,10.11,0.043,5.59,K7,H97,H,Parenago 2134,05 35 36.7,-05 37 41.5,359,V* V1568 Ori,83.9029382076,-5.6282211976,0.0,0.0,90.0,41,05 35 36.70517,-05 37 41.5963,A,2020yCat.1350....0G,Orion_V*,*|Em*|NIR|Or*|Rad|V*|X|Y*O,25.61,0.311,8.54e-05,1e-06,K7,,1.5979,0.7325,1.146,-2.947,0.648,0.552,90.0,,,,16.011,14.932,,3.414998294395504,10.77,10.54,,,,,,0.123416,0.5602141116756053,0.055689584892635896
357,R01- 2168,11.51,0.005,11.53,0.007,11.41,0.015,11.35,0.029,3.47,,,,[R2001]  2168,05 35 36.7,-05 58 56.3,360,V* V1567 Ori,83.9029745578,-5.982321568,0.001,0.001,90.0,21,05 35 36.71389,-05 58 56.3576,C,2020yCat.1350....0G,TTau*,*|Em*|NIR|Opt|Or*|TT*|V*|Y*O,27.508,0.093,9.18e-05,3e-07,K0e,,,,,,,,32767.0,,,,,16.83,,4.572998294395504,12.0,11.756,,,,,,0.21514,0.18086135568430126,0.055689584892635896
358,R01- 2171,10.84,0.003,11.08,0.004,11.14,0.013,10.94,0.027,5.75,,,,[R2001]  2171,05 35 36.8,-06 16 31.0,361,V* V805 Ori,83.9035006459,-6.2752730867,0.0,0.0,90.0,21,05 35 36.84016,-06 16 30.9831,A,2020yCat.1350....0G,TTau*,*|Er*|NIR|Opt|Or*|TT*|V*|X|Y*O,25.477,0.026,8.5e-05,1e-07,K4.2,,2.5559,0.0227,1.632,-1.441,0.02,0.017,90.0,,,,,14.816,,3.781998294395505,11.17,11.02,17.575,15.512,,13.941,13.248,0.598954,0.4179634134048073,0.055689584892635896
359,JW 925,11.23,0.005,11.01,0.005,10.81,0.032,10.43,0.155,4.71,,,,JW 925,05 35 37.2,-05 10 29.5,362,V* V1569 Ori,83.9048321478,-5.1748652644,0.0,0.0,90.0,36,05 35 37.15972,-05 10 29.5150,A,2020yCat.1350....0G,TTau*,*|IR|NIR|Or*|Rad|TT*|V*|X|Y*O,30.653,0.027,0.0001023,1e-07,M3,,1.4814,0.1515,0.452,0.922,0.146,0.123,90.0,,,,17.746,16.565,,4.404998294395504,11.78,11.532,,,,,,0.601991,0.22385551330425044,0.055689584892635896
360,R01- 2176,11.97,0.007,11.97,0.009,11.88,0.022,11.98,0.088,2.76,M3.5,R01,L,[R2001]  2176,05 35 37.3,-06 00 00.2,363,V* V1749 Ori,83.9056052505,-6.0000467641,0.0,0.0,90.0,27,05 35 37.34526,-06 00 00.1684,A,2020yCat.1350....0G,TTau*,*|Em*|G|NIR|Or*|TT*|V*|X|Y*O,29.412,0.082,9.81e-05,3e-07,M3.5,,2.6365,0.0485,1.083,0.976,0.041,0.036,90.0,,,,,17.26,,5.068998294395504,12.45,12.212,,,,,,0.675924,0.1363307161954459,0.055689584892635896
361,R01- 2178,11.55,0.005,11.24,0.005,10.92,0.016,9.93,0.031,9.04,,,,[R2001]  2178,05 35 37.5,-05 51 28.1,364,V* V1570 Ori,83.9061224749,-5.8578113643,0.0,0.0,90.0,14,05 35 37.46939,-05 51 28.1209,A,2020yCat.1350....0G,Orion_V*,*|Em*|G|MIR|NIR|Or*|V*|Y*O,12.4,1.0,4.14e-05,3.3e-06,,,2.6111,0.1222,0.096,0.524,0.107,0.09,90.0,,,,,,,5.334998294395504,12.58,12.343,,,,,,0.457172,0.11836346856845596,0.055689584892635896
362,Par 2121,11.81,0.006,11.75,0.008,11.68,0.018,11.54,0.059,15.45,M2.5,R01,L,Parenago 2121,05 35 38.0,-04 48 33.4,365,V* V1750 Ori,83.9084535913,-4.8092751852,0.0,0.0,90.0,28,05 35 38.02886,-04 48 33.3907,A,2020yCat.1350....0G,TTau*,*|NIR|Or*|TT*|V*|X|Y*O,31.386,0.045,0.0001047,2e-07,M1.7,,2.5739,0.0356,0.767,0.874,0.03,0.024,90.0,,,,16.5,16.25,,4.737998294395505,12.09,11.849,,,,,,0.431505,0.1611124224814569,0.055689584892635896
363,R01- 2188,9.74,0.002,9.46,0.002,9.19,0.009,8.4,0.026,6.09,,,,[R2001]  2188,05 35 38.5,-04 59 41.2,366,V* V1572 Ori,83.9105274533,-4.9947643881,0.0,0.0,90.0,32,05 35 38.52659,-04 59 41.1518,A,2020yCat.1350....0G,TTau*,*|Em*|IR|MIR|NIR|Or*|TT*|TT?|V*|X|Y*O,29.764,0.05,9.93e-05,2e-07,M1.8,,4.7457,0.4021,3.032,-1.537,0.364,0.325,90.0,,,,,17.29,,3.9529982943955044,10.87,10.348,,,,,,0.400231,0.3591687332821209,0.055689584892635896
364,Par 2144,8.0,0.003,7.64,0.002,7.06,0.01,6.29,0.029,5.15,K2,H97,H,Parenago 2144,05 35 38.9,-05 12 42.0,367,V* V426 Ori,83.9119062693,-5.2116591206,0.0,0.0,90.0,46,05 35 38.85750,-05 12 41.9728,A,2020yCat.1350....0G,TTau*,*|Em*|IR|MIR|NIR|Or*|Rad|TT*|TT?|V*|X|Y*O,27.96,0.039,9.33e-05,1e-07,K2,,0.5293,0.2538,-0.602,-0.996,0.226,0.197,90.0,,,,17.555,16.028,,2.6149982943955035,9.51,8.822,,,,,,0.635376,0.9584798101206484,0.055689584892635896
365,Par 2143,9.9,0.002,10.05,0.003,10.09,0.025,10.3,0.166,1.17,M2,H97,H,Parenago 2143,05 35 39.1,-05 08 56.4,368,V* V1576 Ori,83.9128175863,-5.1489943814,0.0,0.0,90.0,45,05 35 39.07622,-05 08 56.3798,A,2020yCat.1350....0G,Orion_V*,*|Em*|IR|NIR|Or*|V*|X|Y*O,33.116,0.078,0.0001105,3e-07,M3?II/III?e,,2.5707,0.0153,2.616,-0.312,0.015,0.013,90.0,,,,14.87,13.5,,2.794998294395505,10.16,9.999,,,,,,0.355825,0.8538197865643244,0.055689584892635896
366,Par 2136,10.4,0.003,10.5,0.004,10.39,0.009,10.44,0.043,1.69,,,,Parenago 2136,05 35 39.8,-04 44 04.9,369,V* V1577 Ori,83.9159530848,-4.7346204727,0.0,0.0,90.0,16,05 35 39.82874,-04 44 04.6337,A,2020yCat.1350....0G,TTau*,*|NIR|Or*|TT*|V*|X|Y*O,31.0,0.6,0.0001034,2e-06,K7e,,2.4962,0.0885,1.443,0.728,0.078,0.062,90.0,,,,16.0,15.22,,3.560998294395505,10.86,10.574,,,,,,0.505471,0.5003261683007455,0.055689584892635896
367,SMMV 3465,10.07,0.002,9.68,0.002,9.3,0.007,8.43,0.027,5.79,,,,SMMV 3465,05 35 40.0,-05 06 36.8,370,V* V1578 Ori,83.9165005095,-5.1102368882,0.001,0.001,90.0,25,05 35 39.96012,-05 06 36.8528,C,2020yCat.1350....0G,Orion_V*,*|Em*|G|IR|MIR|NIR|Or*|TT?|V*|X|Y*O,26.91,0.053,8.98e-05,2e-07,,,,,,,,,32767.0,,,,,,,4.573998294395505,11.41,10.801,,,,,,0.598123,0.18039722556766316,0.055689584892635896
368,Par 2137,10.06,0.002,9.75,0.002,9.48,0.004,8.67,0.003,11.02,K8,R01,H,Parenago 2137,05 35 40.0,-04 45 55.4,371,V* OO Ori,83.916755616,-4.7653902495,0.0,0.0,90.0,37,05 35 40.02135,-04 45 55.4049,A,2020yCat.1350....0G,TTau*,*|Em*|G|MIR|NIR|Or*|TT*|V*|X|Y*O,30.577,0.026,0.000102,1e-07,K8,,2.5532,0.0183,1.413,-0.701,0.016,0.013,90.0,,,,,14.58,,3.3889982943955044,10.77,10.422,,,,,,0.319148,0.5718491334887573,0.055689584892635896
369,CHS 11666,11.05,0.021,10.68,0.009,9.97,0.077,8.85,0.142,12.06,,,,[CHS2001] 11666,05 35 40.8,-05 12 47.9,372,V* V2569 Ori,83.9198346093,-5.2133173772,0.0,0.0,90.0,27,05 35 40.76031,-05 12 47.9426,A,2020yCat.1350....0G,Orion_V*,*|IR|NIR|Or*|V*|Y*O,29.787,0.046,9.94e-05,2e-07,M3.7,,2.217,0.1673,0.549,-1.216,0.144,0.128,90.0,,,,,21.745,,5.3969982943955035,12.268,11.677,,,,,,0.594469,0.11447499180364756,0.055689584892635896
370,Par 2145,10.19,0.002,10.23,0.003,10.21,0.007,9.94,0.027,5.5,,,,Parenago 2145,05 35 40.8,-04 48 30.5,373,V* V1751 Ori,83.9198322464,-4.8084984425,0.0,0.0,90.0,28,05 35 40.75974,-04 48 30.5944,A,2020yCat.1350....0G,TTau*,*|NIR|Or*|TT*|V*|X|Y*O,24.22,0.023,8.08e-05,1e-07,K0,,2.6614,0.014,0.746,0.039,0.013,0.011,90.0,,,,14.0,12.77,,2.8259982943955038,10.43,10.248,,,,,,0.609146,0.8364477014121275,0.055689584892635896
371,HBJM 10743,12.16,0.011,11.83,0.011,11.61,0.067,10.55,0.161,2.57,,,,[H97b] 10743,05 35 40.8,-05 11 11.9,374,2MASS J05354076-0511118,83.9198664578,-5.1866429481,0.0,0.0,90.0,19,05 35 40.76795,-05 11 11.9146,A,2020yCat.1350....0G,TTau*,*|Em*|G|IR|NIR|TT*|TT?|V*|X|Y*O,,,,,M5.2,,2.5757,0.0975,2.702,-0.762,0.088,0.079,90.0,,,,20.949,19.707,,5.687998294395504,13.057,12.735,,,,,,0.479006,0.0,0.0
372,Par 2155,11.53,0.006,11.5,0.008,11.14,0.053,10.03,0.132,5.47,,,,Parenago 2155,05 35 41.0,-05 06 25.3,375,V* V1579 Ori,83.9210230321,-5.1070317286,0.0,0.0,90.0,30,05 35 41.04553,-05 06 25.3142,A,2020yCat.1350....0G,TTau*,*|IR|NIR|Or*|TT*|V*|X|Y*O,27.378,0.038,9.13e-05,1e-07,M2.3,,2.5012,0.0398,0.881,1.129,0.037,0.034,90.0,,,,,16.71,,4.565998294395504,11.93,11.705,,,,,,0.680353,0.18226092307881614,0.055689584892635896
373,JW 956,11.62,0.008,11.34,0.008,11.04,0.04,10.25,0.092,2.82,,,,JW 956,05 35 41.3,-05 38 34.2,376,2MASS J05354130-0538329,83.9220851985,-5.6424940535,0.0,0.0,90.0,34,05 35 41.30045,-05 38 32.9786,A,2020yCat.1350....0G,YSO,*|Em*|MIR|NIR|TT?|V*|Y*O,29.297,0.058,9.77e-05,2e-07,M4.0e,,2.6015,0.084,1.142,-0.025,0.07,0.06,90.0,,,,19.608,18.323,,5.154998294395504,12.473,12.116,,,,,,1.221426,0.12983479205463097,0.055689584892635896
374,R01- 2222,12.42,0.008,12.33,0.01,12.3,0.039,12.02,0.151,3.17,,,,[R2001]  2222,05 35 41.7,-05 49 26.2,377,V* V1752 Ori,83.9237989214,-5.8239668673,0.0,0.0,90.0,10,05 35 41.71174,-05 49 26.2807,A,2020yCat.1350....0G,Orion_V*,*|IR|NIR|Or*|V*|X|Y*O,,,,,,,2.5828,0.0611,1.247,0.714,0.056,0.047,90.0,,,,,,,5.453998294395504,12.789,12.628,,,,,,0.192909,0.11099910746449455,0.055689584892635896
375,CHS 11859,10.14,0.003,10.25,0.004,10.2,0.026,10.33,0.111,3.34,K6-K,H97,H,[CHS2001] 11859,05 35 42.8,-05 11 54.8,378,V* V2579 Ori,83.9282013678,-5.1985462356,0.0,0.0,90.0,47,05 35 42.76833,-05 11 54.7664,A,2020yCat.1350....0G,Orion_V*,*|EB?|Em*|IR|NIR|Opt|Or*|Rad|V*|X|Y*O,26.49,0.044,8.84e-05,1e-07,K6-K7,,2.5247,0.0141,1.26,-0.523,0.012,0.011,90.0,,,,15.338,14.281,,3.1179982943955036,10.47,10.289,,,,,,0.47431,0.6880631098043808,0.055689584892635896
376,Par 2185,9.57,0.002,9.69,0.002,9.56,0.008,9.66,0.043,1.94,K6-K,H97,H,Parenago 2185,05 35 43.2,-05 36 27.4,379,V* OR Ori,83.930084157,-5.6076307901,0.0,0.0,90.0,45,05 35 43.22020,-05 36 27.4708,A,2020yCat.1350....0G,Orion_V*,*|Em*|Er*|NIR|Or*|Rad|V*|X|Y*O,28.491,0.046,9.5e-05,2e-07,K6-K8,,2.4832,0.0287,0.222,-0.72,0.026,0.022,90.0,,,,14.276,13.379,,2.4719982943955046,9.92,9.741,,,,,,0.309726,1.0513719168647366,0.055689584892635896
377,Par 2173,9.71,0.003,9.77,0.003,9.73,0.031,9.54,0.108,1.43,K5V,H97,H,Parenago 2173,05 35 43.2,-05 09 17.1,380,V* V569 Ori,83.9302200441,-5.1547125252,0.001,0.001,90.0,53,05 35 43.25281,-05 09 16.9651,C,2020yCat.1350....0G,Orion_V*,*|Em*|Er*|IR|MIR|NIR|Or*|Rad|TT?|V*|X|Y*O,32.871,0.07,0.0001097,2e-07,K8,,,,0.3,1.9,2.7,2.0,90.0,,,,15.05,13.71,13.53,2.6529982943955037,10.034,9.848,,14.38,13.09,12.52,,0.800406,0.936568654006576,0.055689584892635896
378,Par 2172,9.71,0.003,9.77,0.003,9.73,0.031,9.54,0.108,1.02,K5V,H97,H,Parenago 2172,05 35 43.2,-05 09 17.1,381,V* V569 Ori,83.9302200441,-5.1547125252,0.001,0.001,90.0,53,05 35 43.25281,-05 09 16.9651,C,2020yCat.1350....0G,Orion_V*,*|Em*|Er*|IR|MIR|NIR|Or*|Rad|TT?|V*|X|Y*O,32.871,0.07,0.0001097,2e-07,K8,,,,0.3,1.9,2.7,2.0,90.0,,,,15.05,13.71,13.53,2.6529982943955037,10.034,9.848,,14.38,13.09,12.52,,0.800406,0.936568654006576,0.055689584892635896
379,Par 2184,10.23,0.003,9.88,0.003,9.58,0.011,9.04,0.034,8.07,M1,H97,H,Parenago 2184,05 35 43.4,-05 32 44.1,382,V* V570 Ori,83.930814146,-5.5456020028,0.0,0.0,90.0,49,05 35 43.39540,-05 32 44.1672,A,2020yCat.1350....0G,TTau*,*|Em*|Er*|MIR|NIR|Or*|TT*|TT?|V*|X|Y*O,30.24,0.191,0.0001009,6e-07,M1,,2.7251,0.0683,0.782,-1.274,0.059,0.047,90.0,,,,16.707,15.606,,3.9719982943955046,11.29,11.004,,,,,,0.096145,0.3527662495698484,0.055689584892635896
380,R01- 2252,12.16,0.008,12.1,0.012,12.1,0.024,12.23,0.077,8.38,M3,R01,L,[R2001]  2252,05 35 44.0,-05 56 53.3,383,V* V1754 Ori,83.9333706633,-5.9481419369,0.0,0.0,90.0,12,05 35 44.00896,-05 56 53.3110,A,2020yCat.1350....0G,Orion_V*,*|MIR|NIR|Or*|V*|X|Y*O,26.6,0.4,8.87e-05,1.3e-06,,,2.5914,0.0454,1.173,-0.538,0.037,0.034,90.0,,,,,,,5.253998294395505,12.683,12.42,,,,,,0.134114,0.12364838752627612,0.055689584892635896
381,JW 974,10.97,0.004,10.92,0.005,10.54,0.012,9.92,0.034,4.07,M6,H97,L,JW 974,05 35 44.2,-05 36 39.8,384,2MASS J05354416-0536397,83.9340250418,-5.6110383197,0.0,0.0,90.0,34,05 35 44.16601,-05 36 39.7380,A,2020yCat.1350....0G,TTau*,*|Em*|G|LP?|MIR|NIR|TT*|TT?|V*|Y*O,32.373,0.034,0.000108,1e-07,M6,,,,-0.606,-2.015,0.32,0.269,90.0,,,,19.597,18.328,,4.329998294395503,11.78,11.413,,,,,,0.511186,0.24429205485716432,0.055689584892635896
382,HBJM 10772,11.1,0.004,11.06,0.006,11.1,0.018,10.9,0.058,2.76,,,,[H97b] 10772,05 35 44.5,-05 07 31.7,385,ISOY J053544.50-050731.7,83.9354050913,-5.1254720498,0.0,0.0,90.0,18,05 35 44.49722,-05 07 31.6994,A,2020yCat.1350....0G,Star,*|IR|NIR|X|Y*O,21.1,0.6,7.04e-05,2e-06,,,2.5862,0.0482,0.463,1.076,0.043,0.036,90.0,,,,16.5,16.03,,4.126998294395504,11.475,11.266,,,,,,0.041509,0.3008150080750705,0.055689584892635896
383,Par 2169,11.29,0.005,11.22,0.006,11.4,0.035,10.59,0.075,6.58,M1,R01,H,Parenago 2169,05 35 44.5,-04 44 15.9,386,V* V1756 Ori,83.9354510708,-4.7377648901,0.0,0.0,90.0,29,05 35 44.50826,-04 44 15.9536,A,2020yCat.1350....0G,TTau*,*|MIR|NIR|Opt|Or*|TT*|V*|X|Y*O,28.58,0.038,9.53e-05,1e-07,M0e,,2.5401,0.025,1.028,0.981,0.021,0.018,90.0,,,,16.4,,,4.269998294395505,11.63,11.448,,,,,,0.134569,0.26117010712515293,0.055689584892635896
384,Par 2180,11.15,0.004,11.11,0.006,11.08,0.011,10.95,0.024,7.61,M2.5,R01,L,Parenago 2180,05 35 44.6,-04 50 09.8,387,V* V1580 Ori,83.9359352705,-4.836059731,0.0,0.0,90.0,25,05 35 44.62446,-04 50 09.8150,A,2020yCat.1350....0G,Orion_V*,*|NIR|Opt|Or*|SB*|V*|X|Y*O,28.06,0.134,9.36e-05,4e-07,,,2.5573,0.0274,1.504,-0.999,0.025,0.02,90.0,,,,16.4,,,4.1789982943955035,11.51,11.291,,,,,,0.365976,0.28648169033563375,0.055689584892635896
385,CHS 12130,8.69,0.002,8.25,0.002,7.76,0.002,7.3,0.002,3.25,,,,[CHS2001] 12130,05 35 45.9,-06 25 59.2,388,V* V811 Ori,83.9414009911,-6.4331005623,0.0,0.0,90.0,25,05 35 45.93624,-06 25 59.1620,A,2020yCat.1350....0G,Orion_V*,*|Em*|G|MIR|NIR|Opt|Or*|V*|Y*O,25.983,0.117,8.67e-05,4e-07,M2.1,,2.4872,0.0709,1.736,-0.214,0.07,0.056,90.0,,,,16.6,,,3.9099982943955034,10.51,9.674,25.13,19.449,17.055,15.617,14.492,0.541478,0.37328233752136986,0.055689584892635896
386,Par 2210,10.75,0.004,10.92,0.005,10.83,0.034,10.65,0.168,1.1,,,,Parenago 2210,05 35 46.4,-05 41 00.8,389,V* V378 Ori,83.9434400182,-5.6835451391,0.0,0.0,90.0,30,05 35 46.42560,-05 41 00.7625,A,2020yCat.1350....0G,Orion_V*,*|Em*|Er*|NIR|Or*|TT?|V*|Y*O,26.081,0.866,8.7e-05,2.9e-06,M4.1e,,3.0932,0.1021,2.574,1.268,0.081,0.072,90.0,,,,17.818,16.577,,3.850998294395504,11.208,10.985,,,,,,0.384013,0.39296692495438396,0.055689584892635896
387,R01- 2295,12.46,0.008,12.52,0.013,12.49,0.027,12.22,0.063,4.15,M6,R01,L,[R2001]  2295,05 35 47.1,-06 11 45.3,390,V* V1757 Ori,83.9461421529,-6.1959105328,0.0,0.0,90.0,16,05 35 47.07412,-06 11 45.2779,A,2020yCat.1350....0G,Orion_V*,*|MIR|NIR|Opt|Or*|V*|X|Y*?|Y*O|ev,,,,,M5.0,,2.4908,0.1233,2.21,0.515,0.126,0.104,90.0,,,,,20.154,,5.812998294395504,13.327,13.011,22.68,20.8,19.327,17.121,15.783,0.386613,0.0,0.0
388,R01- 2297,12.24,0.007,12.05,0.01,12.06,0.026,11.96,0.078,4.36,,,,[R2001]  2297,05 35 47.4,-05 55 11.3,391,V* V1758 Ori,83.9473450495,-5.9197902341,0.0,0.0,90.0,8,05 35 47.36281,-05 55 11.2448,A,2020yCat.1350....0G,Orion_V*,*|NIR|Or*|V*,,,,,,,2.6402,0.0478,0.803,0.26,0.04,0.035,90.0,,,,,,,5.185998294395505,12.56,12.385,,,,,,0.557582,0.12784846541513625,0.055689584892635896
389,Par 2207,10.67,0.005,10.65,0.006,10.65,0.048,9.92,0.126,8.18,M1.5,H97,H,Parenago 2207,05 35 47.4,-05 13 18.6,392,V* V1124 Ori,83.9474481035,-5.2218385589,0.0,0.0,90.0,42,05 35 47.38754,-05 13 18.6188,A,2020yCat.1350....0G,Orion_V*,*|Em*|Er*|IR|NIR|Or*|Rad|V*|X|Y*O,27.344,0.028,9.12e-05,1e-07,M1.5,,2.3196,0.1603,0.869,0.212,0.141,0.117,90.0,,,,16.394,15.252,,3.565998294395504,10.94,10.764,,,,,,0.187001,0.4977615686638992,0.055689584892635896
390,JW 1000,10.12,0.005,9.6,0.004,9.27,0.037,8.19,0.065,7.48,M2,H97,H,JW 1000,05 35 47.6,-05 19 14.5,393,V* V1582 Ori,83.9485374314,-5.3206936195,0.0,0.0,90.0,40,05 35 47.64898,-05 19 14.4970,A,2020yCat.1350....0G,TTau*,*|Em*|G|MIR|NIR|Or*|TT*|TT?|V*|X|Y*O,29.817,0.047,9.95e-05,2e-07,M2e,,2.5474,0.0865,0.649,-1.52,0.073,0.065,90.0,,,,19.771,18.41,,4.883998294395504,11.73,11.002,,,,,,0.731593,0.15031384193678674,0.055689584892635896
391,JW 1002,10.29,0.002,10.01,0.003,9.89,0.006,9.26,0.019,3.94,M6,H97,L,JW 1002,05 35 47.6,-05 37 38.8,394,V* V2598 Ori,83.9485322381,-5.6274557045,0.0,0.0,90.0,40,05 35 47.64774,-05 37 38.8405,A,2020yCat.1350....0G,TTau*,*|Em*|G|MIR|NIR|Or*|TT*|TT?|V*|Y*O,27.902,0.061,9.31e-05,2e-07,M3.7e,,2.4836,0.0844,0.788,-0.717,0.073,0.068,90.0,,,,19.463,18.439,,4.878998294395505,11.93,11.301,,,,,,0.713758,0.1507005728345093,0.055689584892635896
392,R01- 2304,9.8,0.002,9.59,0.002,9.13,0.003,8.54,0.004,4.79,,,,[R2001]  2304,05 35 48.1,-05 53 57.4,395,V* V812 Ori,83.9505562794,-5.8992655057,0.0,0.0,90.0,31,05 35 48.13351,-05 53 57.3558,A,2020yCat.1350....0G,Orion_V*,*|Em*|Er*|MIR|NIR|Or*|V*|Y*O,25.139,0.075,8.39e-05,2e-07,M2.1,,2.5094,0.0385,0.36,0.592,0.035,0.03,90.0,,,,16.6,17.0,,4.737998294395505,11.619,11.003,,,,,,0.501892,0.1611124224814569,0.055689584892635896
393,R01- 2308,11.61,0.005,11.71,0.007,11.78,0.02,11.91,0.057,9.29,,,,[R2001]  2308,05 35 48.3,-06 17 59.4,396,V* V948 Ori,83.9511966554,-6.2998331957,0.0,0.0,90.0,27,05 35 48.28720,-06 17 59.3995,A,2020yCat.1350....0G,Orion_V*,*|Em*|G|NIR|Opt|Or*|TT*|V*|X|Y*?|Y*O,26.68,0.037,8.9e-05,1e-07,M2,,2.6266,0.03,1.325,0.563,0.027,0.024,90.0,,,,15.3,16.75,,4.712998294395504,12.1,11.9,19.7,17.466,16.083,15.297,14.236,0.190881,0.16319568332575815,0.055689584892635896
394,R01- 2318,11.09,0.004,11.15,0.005,11.11,0.021,10.92,0.076,0.93,,,,[R2001]  2318,05 35 48.9,-05 00 28.6,397,V* V1584 Ori,83.9535516848,-5.0079452132,0.0,0.0,90.0,19,05 35 48.85240,-05 00 28.6028,A,2020yCat.1350....0G,Orion_V*,*|IR|NIR|Opt|Or*|V*|X|Y*O,25.8,5.7,8.61e-05,1.9e-05,K8,,2.5664,0.0433,-0.177,-1.059,0.039,0.034,90.0,,,,,17.22,,4.536998294395504,11.646,11.284,,,,,,0.711215,0.1889368000672124,0.055689584892635896
395,Par 2215,11.19,0.005,10.75,0.005,10.55,0.014,9.97,0.036,2.66,M1,R01,H,Parenago 2215,05 35 49.0,-05 01 39.4,398,V* V1018 Ori,83.9540804796,-5.0276312802,0.0,0.0,90.0,39,05 35 48.97932,-05 01 39.4726,A,2020yCat.1350....0G,TTau*,*|Em*|IR|MIR|NIR|Or*|TT*|TT?|V*|X|Y*O,28.077,0.062,9.37e-05,2e-07,M2.8,,2.4699,0.0291,0.259,0.719,0.026,0.023,90.0,,,,17.75,16.31,,4.481998294395504,11.83,11.496,,,,,,0.317494,0.20199037722405214,0.055689584892635896
396,Par 2235,10.71,0.007,10.65,0.005,10.35,0.064,9.14,0.115,8.63,M0-M0,H97,H,Parenago 2235,05 35 49.5,-05 35 26.3,399,V* V947 Ori,83.9562327439,-5.5906561265,0.0,0.0,90.0,40,05 35 49.49586,-05 35 26.3621,A,2020yCat.1350....0G,TTau*,*|Em*|NIR|Or*|Rad|TT*|V*|X|Y*O,28.07,0.187,9.36e-05,6e-07,M0-M0.5,,2.5229,0.0427,1.138,-0.419,0.04,0.032,90.0,,,,15.783,14.782,,3.5379982943955035,10.99,10.786,,,,,,0.087598,0.5094067709583844,0.055689584892635896
397,R01- 2337,11.36,0.005,11.59,0.008,11.39,0.033,10.89,0.08,1.55,,,,[R2001]  2337,05 35 50.4,-04 42 08.2,400,V* V1759 Ori,83.9597966504,-4.7022754423,0.0,0.0,90.0,16,05 35 50.35120,-04 42 08.1916,A,2020yCat.1350....0G,Orion_V*,*|NIR|Or*|V*|X|Y*?|Y*O,37.82,6.79,0.0001262,2.26e-05,,,2.537,0.0585,1.213,-0.622,0.049,0.037,90.0,,,,,18.04,,4.799998294395504,12.03,11.661,,,,,,0.729643,0.1566223807384944,0.055689584892635896
398,R01- 2342,11.96,0.007,11.52,0.007,11.32,0.022,10.61,0.054,7.42,,,,[R2001]  2342,05 35 50.9,-04 43 23.1,401,V* V2609 Ori,83.9620177193,-4.7230996635,0.0,0.0,90.0,14,05 35 50.88425,-04 43 23.1588,A,2020yCat.1350....0G,Orion_V*,*|MIR|NIR|Or*|V*|X|Y*O,27.26,1.57,9.09e-05,5.2e-06,,,2.5162,0.124,1.498,-0.446,0.091,0.078,90.0,,,,,19.27,,5.785998294395505,12.962,12.802,,,,,,0.242638,0.0,0.0
399,Par 2243,9.58,0.002,9.25,0.002,8.92,0.004,7.94,0.006,4.98,,,,Parenago 2243,05 35 51.1,-05 07 08.9,402,V* V575 Ori,83.9628988815,-5.1191535672,0.0,0.0,90.0,39,05 35 51.09573,-05 07 08.9528,A,2020yCat.1350....0G,Orion_V*,*|Em*|Er*|IR|MIR|NIR|Or*|TT?|V*|X|Y*O,26.402,0.026,8.81e-05,1e-07,,,3.4133,0.1115,0.356,1.366,0.104,0.091,90.0,,,,16.02,14.49,14.28,2.8939982943955034,10.197,9.87,,15.2,13.87,12.9,,0.082819,0.7986418983147713,0.055689584892635896
400,R01- 2356,11.23,0.005,11.17,0.006,11.16,0.031,10.75,0.081,6.24,M2,R01,H,[R2001]  2356,05 35 52.2,-05 39 24.7,403,V* V1585 Ori,83.9675238548,-5.6568832099,0.0,0.0,90.0,26,05 35 52.20573,-05 39 24.7796,A,2020yCat.1350....0G,Orion_V*,*|Em*|NIR|Or*|V*|Y*O,28.7,0.2,9.57e-05,7e-07,M0.8e,,2.4791,0.0725,0.563,-0.083,0.062,0.051,90.0,,,,19.253,17.919,,4.778998294395505,11.89,11.459,,,,,,0.116758,0.15824045851244392,0.055689584892635896
401,Par 2258,9.62,0.003,9.43,0.002,9.09,0.006,8.19,0.024,7.75,K5-K6,H97,H,Parenago 2258,05 35 52.8,-05 12 59.0,404,V* OV Ori,83.9698388414,-5.216400058,0.0,0.0,90.0,56,05 35 52.76132,-05 12 59.0402,A,2020yCat.1350....0G,Orion_V*,*|Em*|G|IR|MIR|NIR|Opt|Or*|Rad|TT?|V*|X|Y*O,29.703,0.052,9.91e-05,2e-07,K5-K6,,2.5824,0.0211,0.778,-0.371,0.017,0.015,90.0,,,,16.378,15.239,,3.421998294395504,10.7,10.318,,,,,,0.579165,0.5573425350953937,0.055689584892635896
402,R01- 2366,11.54,0.006,11.44,0.007,11.32,0.027,11.02,0.098,6.62,,,,[R2001]  2366,05 35 53.6,-05 02 34.5,405,V* V1761 Ori,83.9731447457,-5.0429391736,0.0,0.0,90.0,25,05 35 53.55474,-05 02 34.5810,A,2020yCat.1350....0G,TTau*,*|IR|NIR|Or*|TT*|V*|X|Y*O,30.381,0.061,0.0001013,2e-07,M0.8,,2.5248,0.0604,1.977,-0.749,0.055,0.048,90.0,,,,,18.24,,5.040998294395504,12.03,11.632,,,,,,0.681124,0.13844882791842278,0.055689584892635896
403,Par 2255,10.01,0.002,9.71,0.002,9.25,0.004,8.67,0.006,5.66,,,,Parenago 2255,05 35 54.1,-04 47 19.4,406,V* AS Ori,83.9752368032,-4.7887354924,0.0,0.0,90.0,46,05 35 54.05683,-04 47 19.4478,A,2020yCat.1350....0G,TTau*,*|Em*|MIR|NIR|Or*|TT*|V*|X|Y*O,30.784,0.039,0.0001027,1e-07,,,2.555,0.031,1.15,-0.712,0.029,0.022,90.0,,,,,16.6,,4.304998294395505,11.57,11.039,,,,,,0.647014,0.25129540596580413,0.055689584892635896
404,JW 1025,11.54,0.008,11.26,0.008,10.85,0.066,9.41,0.101,4.52,M5.5,H97,L,JW 1025,05 35 54.2,-05 17 10.4,407,V* V2619 Ori,83.9756424156,-5.2862352923,0.0,0.0,90.0,25,05 35 54.15418,-05 17 10.4471,A,2020yCat.1350....0G,Orion_V*,*|Em*|G|NIR|Or*|V*|Y*O,,,,,M5.5,,2.3229,0.1194,-0.246,-1.37,0.11,0.094,90.0,,,,21.163,19.954,,5.579998294395503,12.826,12.267,,,,,,0.685996,0.10382581815467296,0.055689584892635896
405,HBJM 1026,9.54,0.004,9.06,0.003,8.85,0.03,7.9,0.064,4.21,M0.5,H97,H,[H97b] 1026,05 35 54.3,-05 26 44.5,408,V* OW Ori,83.9763720069,-5.4457011903,0.0,0.0,90.0,69,05 35 54.32928,-05 26 44.5243,A,2020yCat.1350....0G,TTau*,*|Em*|MIR|NIR|Or*|TT*|TT?|V*|X|Y*?|Y*O,25.497,0.047,8.51e-05,2e-07,M0.5e,,2.5001,0.0221,1.0,-0.27,0.018,0.015,90.0,,,,16.876,16.017,,3.8789982943955046,11.055,10.408,,,,,,0.437916,0.3839835749146387,0.055689584892635896
406,Par 2257,9.94,0.002,10.05,0.003,9.98,0.006,9.9,0.02,1.32,G6,R01,H,Parenago 2257,05 35 54.5,-04 48 04.9,409,V* V1762 Ori,83.9769778522,-4.8013848789,0.0,0.0,90.0,34,05 35 54.47468,-04 48 04.9856,A,2020yCat.1350....0G,Orion_V*,*|NIR|Or*|Q?|V*|X|Y*O,26.119,0.05,8.71e-05,2e-07,G6,,2.707,0.0166,1.226,0.889,0.015,0.012,90.0,,,,13.08,12.21,14.8,2.395998294395504,10.04,9.891,,,,,,0.387953,1.1039743981230947,0.055689584892635896
407,JW 1031,11.46,0.005,11.54,0.007,11.37,0.03,10.69,0.068,8.86,,,,JW 1031,05 35 55.0,-05 13 15.8,410,V* V1587 Ori,83.9790967688,-5.2210532148,0.0,0.0,90.0,16,05 35 54.98322,-05 13 15.7916,A,2020yCat.1350....0G,Orion_V*,*|Em*|IR|NIR|Or*|V*|Y*O,66.3,0.9,0.0002212,3e-06,,,1.3316,0.028,-3.454,-0.307,0.024,0.021,90.0,,,,17.509,16.236,,4.333998294395505,11.803,11.597,,,,,,0.25073,0.24303984908647883,0.055689584892635896
408,Par 2268,10.86,0.004,10.86,0.005,10.94,0.035,10.9,0.177,6.54,K6,R01,H,Parenago 2268,05 35 56.1,-04 56 55.1,411,V* V1588 Ori,83.9836575471,-4.9486752299,0.0,0.0,90.0,29,05 35 56.07781,-04 56 55.2308,A,2020yCat.1350....0G,TTau*,*|IR|NIR|Or*|TT*|V*|X|Y*?|Y*O,27.2,0.5,9.07e-05,1.7e-06,K4.5e,,2.6167,0.0164,1.178,0.987,0.015,0.013,90.0,,,,15.39,14.15,,3.653998294395505,11.137,10.921,,,,,,0.356466,0.46559385289664484,0.055689584892635896
409,R01- 2397,11.52,0.005,11.52,0.006,11.48,0.022,11.44,0.11,0.52,,,,[R2001]  2397,05 35 56.2,-05 52 28.5,412,V* V816 Ori,83.9840916355,-5.8745739635,0.0,0.0,90.0,17,05 35 56.18199,-05 52 28.4663,A,2020yCat.1350....0G,Orion_V*,*|Er*|NIR|Or*|TT*|V*|X|Y*O,28.72,1.18,9.58e-05,3.9e-06,M2.1e,,2.59,0.0361,1.552,0.665,0.036,0.027,90.0,,,,,15.7,,4.639998294395504,12.037,11.782,,,,,,0.270803,0.16830607865097114,0.055689584892635896
410,R01- 2400,10.0,0.002,9.64,0.002,9.46,0.008,8.9,0.023,4.88,,,,[R2001]  2400,05 35 56.9,-05 45 19.1,413,V* V1589 Ori,83.9870800471,-5.7553113062,0.0,0.0,90.0,28,05 35 56.89921,-05 45 19.1207,A,2020yCat.1350....0G,Orion_V*,*|Em*|MIR|NIR|Or*|TT?|V*|Y*O,26.263,0.025,8.76e-05,1e-07,M2.3,,3.9778,0.4556,3.087,-4.823,0.409,0.33,90.0,,,,,17.8,,4.486998294395503,11.45,10.823,,,,,,0.023815,0.20095500373992156,0.055689584892635896
411,R01- 2408,11.49,0.006,11.4,0.007,11.49,0.052,10.8,0.137,1.77,M2,R01,H,[R2001]  2408,05 35 57.5,-05 39 51.4,414,V* V1590 Ori,83.9896648969,-5.6642818336,0.0,0.0,90.0,25,05 35 57.51958,-05 39 51.4146,A,2020yCat.1350....0G,Orion_V*,*|Em*|NIR|Or*|TT?|V*|Y*O,30.84,1.126,0.0001029,3.8e-06,M2.1e,,2.5355,0.0485,0.616,-0.704,0.04,0.033,90.0,,,,18.824,17.513,,4.8149982943955045,11.996,11.712,,,,,,0.29256,0.15541968970834913,0.055689584892635896
412,R01- 2410,11.54,0.005,11.63,0.008,11.72,0.019,11.62,0.028,6.09,,,,[R2001]  2410,05 35 57.7,-06 11 24.7,415,V* V1763 Ori,83.9906060265,-6.1901980084,0.0,0.0,90.0,24,05 35 57.74545,-06 11 24.7128,A,2020yCat.1350....0G,TTau*,*|EB*|NIR|Opt|Or*|TT*|V*|X|Y*O,27.408,0.03,9.14e-05,1e-07,M1.3,,2.5749,0.0289,0.891,1.009,0.026,0.022,90.0,,,,,16.17,,4.752998294395503,12.12,11.886,19.51,16.951,15.523,14.975,14.059,0.677842,0.1602865834860858,0.055689584892635896
413,CHS 13140,12.24,0.007,12.3,0.011,12.34,0.026,12.44,0.054,2.27,,,,[CHS2001] 13140,05 35 58.3,-06 22 11.6,416,V* V2629 Ori,83.9928889604,-6.3699100554,0.0,0.0,90.0,9,05 35 58.29335,-06 22 11.6762,A,2020yCat.1350....0G,Orion_V*,*|Em*|G|NIR|Opt|Or*|V*|X|Y*O|smm,,,,,,,2.7957,0.115,0.276,0.027,0.103,0.09,90.0,,,,,,,5.7239982943955035,13.184,12.86,22.49,21.44,19.849,17.398,15.832,0.12503,0.0,0.0
414,HBJM 10874,13.11,0.01,12.56,0.01,12.33,0.038,11.5,0.084,2.8,,,,[H97b] 10874,05 35 58.8,-05 10 14.6,417,TKK  1364,83.9950857954,-5.1707418962,0.0,0.0,90.0,12,05 35 58.82059,-05 10 14.6708,A,2020yCat.1350....0G,YSO,*|Em*|G|IR|Ir*|NIR|TT?|Y*O,,,,,,,2.5687,0.1796,1.761,-0.537,0.135,0.121,90.0,,,,,,,7.2189982943955044,14.6,14.188,,,,,,0.315655,0.0,0.0
415,R01- 2424,12.77,0.009,12.38,0.011,12.2,0.024,11.32,0.034,13.94,,,,[R2001]  2424,05 35 58.9,-06 02 39.7,418,V* V654 Ori,83.995496567,-6.0443585666,0.0,0.0,90.0,22,05 35 58.91918,-06 02 39.6908,A,2020yCat.1350....0G,Orion_V*,*|Em*|Er*|MIR|NIR|Opt|Or*|V*|X|Y*O,32.36,0.94,0.0001079,3.1e-06,M4.7,,2.7931,0.1029,1.437,0.045,0.084,0.069,90.0,,,,,18.11,,6.5939982943955044,13.94,13.646,19.189,18.779,17.829,17.125,16.27,0.286189,0.0,0.0
416,R01- 2425,11.85,0.006,11.82,0.008,11.83,0.026,11.83,0.07,9.09,,,,[R2001]  2425,05 35 59.0,-05 59 08.5,419,V* V1591 Ori,83.9957313927,-5.9857000355,0.0,0.0,90.0,31,05 35 58.97553,-05 59 08.5201,A,2020yCat.1350....0G,TTau*,*|Em*|NIR|Opt|Or*|TT*|V*|X|Y*O,28.13,0.061,9.38e-05,2e-07,M3.0e,,2.5962,0.0379,1.245,0.502,0.032,0.027,90.0,,,,,16.63,,4.886998294395504,12.3,12.092,,,,,,0.36554,0.15031384193678674,0.055689584892635896
417,Par 2282,11.5,0.005,11.57,0.008,11.61,0.044,11.42,0.186,8.6,M1,R01,H,Parenago 2282,05 35 59.2,-04 58 46.2,420,V* V390 Ori,83.9968130357,-4.9795463799,0.0,0.0,90.0,45,05 35 59.23513,-04 58 46.3670,A,2020yCat.1350....0G,TTau*,*|Em*|Er*|IR|NIR|Opt|Or*|TT*|V*|X|Y*O,29.984,0.045,0.0001,2e-07,K3,,2.4921,0.0258,0.865,0.932,0.024,0.021,90.0,,,,,15.79,,4.481998294395504,11.84,11.621,,,,,,0.550854,0.20199037722405214,0.055689584892635896
418,JW 1044,11.07,0.007,10.9,0.005,10.42,0.044,9.38,0.094,2.98,M4.5,H97,L,JW 1044,05 35 59.5,-05 37 09.6,421,V* V1592 Ori,83.9978525165,-5.6193775205,0.0,0.0,90.0,41,05 35 59.48460,-05 37 09.7591,A,2020yCat.1350....0G,TTau*,*|Em*|G|MIR|NIR|Opt|Or*|TT*|V*|Y*O,28.42,0.043,9.48e-05,1e-07,M4.4e,,2.5684,0.0552,1.359,-0.225,0.049,0.039,90.0,,,,19.42,18.143,,4.692998294395505,11.96,11.657,,,,,,0.279511,0.1644585476697974,0.055689584892635896
419,Par 2307,8.78,0.003,8.44,0.002,8.17,0.002,7.51,0.002,9.21,,,,Parenago 2307,05 35 59.8,-06 16 06.6,422,V* V1178 Ori,83.9989661074,-6.2685237452,0.0,0.0,90.0,42,05 35 59.75187,-06 16 06.6855,A,2020yCat.1350....0G,TTau*,*|Em*|MIR|NIR|Opt|Or*|Rad|TT*|V*|V*?|X|Y*O,24.98,0.019,8.33e-05,1e-07,K7,,2.3496,0.0556,1.313,0.227,0.051,0.043,90.0,,,,,13.426,,2.4689982943955044,9.89,9.544,16.598,14.747,15.408,15.797,12.456,0.722769,1.054076910629851,0.055689584892635896
420,R01- 2434,12.08,0.008,12.29,0.013,12.03,0.037,11.84,0.126,1.01,,,,[R2001]  2434,05 35 59.9,-05 04 30.8,423,V* V1593 Ori,83.9997562867,-5.0752455773,0.0,0.0,90.0,12,05 35 59.94151,-05 04 30.8841,A,2020yCat.1350....0G,Orion_V*,*|Em*|G|IR|NIR|Or*|TT?|V*|X|Y*O,,,,,,,2.4858,0.0994,0.975,0.828,0.094,0.078,90.0,,,,,,,5.446998294395504,12.882,12.528,,,,,,0.625864,0.11157100430951983,0.055689584892635896
421,R01- 2436,11.83,0.007,11.79,0.009,11.85,0.029,11.74,0.096,7.96,M2.5,R01,L,[R2001]  2436,05 36 00.2,-04 43 46.0,424,V* V1594 Ori,84.000845642,-4.7294596379,0.0,0.0,90.0,21,05 36 00.20295,-04 43 46.0547,A,2020yCat.1350....0G,TTau*,*|NIR|Or*|TT*|V*|Y*O,30.439,0.048,0.0001015,2e-07,M1.9,,2.4879,0.0462,-0.086,-0.459,0.038,0.029,90.0,,,,,16.96,,4.9559982943955045,12.27,11.999,,,,,,0.070298,0.1450026652995924,0.055689584892635896
422,R01- 2437,9.8,0.002,9.91,0.003,9.72,0.005,9.7,0.008,9.47,K6,R01,H,[R2001]  2437,05 36 00.2,-06 03 29.5,425,V* V1764 Ori,84.0009045323,-6.0581719426,0.0,0.0,90.0,22,05 36 00.21709,-06 03 29.4190,A,2020yCat.1350....0G,TTau*,*|NIR|Opt|Or*|TT*|V*|Y*O,31.029,0.027,0.0001035,1e-07,K4.0,,2.4582,0.0244,1.093,-1.798,0.021,0.018,90.0,,,,,16.3,,3.374998294395505,10.5,10.124,21.35,17.659,15.521,14.319,13.442,0.267448,0.5777569505490494,0.055689584892635896
423,Par 2306,10.56,0.004,10.62,0.005,10.52,0.029,10.09,0.087,9.46,,,,Parenago 2306,05 36 00.8,-05 41 06.5,426,V* V1595 Ori,84.0033012977,-5.6851558133,0.0,0.0,90.0,23,05 36 00.79231,-05 41 06.5609,A,2020yCat.1350....0G,Orion_V*,*|Em*|NIR|Or*|V*|Y*O,26.07,0.224,8.7e-05,7e-07,M1.5,,2.5608,0.0275,0.256,-0.745,0.024,0.02,90.0,,,,16.204,15.118,,3.623998294395504,10.96,10.736,,,,,,0.129932,0.47648648693145756,0.055689584892635896
424,Par 2304,10.28,0.002,10.24,0.003,10.32,0.014,10.27,0.058,2.52,,,,Parenago 2304,05 36 02.6,-05 07 36.5,427,V* V1127 Ori,84.0109916055,-5.1268154829,0.0,0.0,90.0,12,05 36 02.63799,-05 07 36.5357,A,2020yCat.1350....0G,Orion_V*,*|Er*|IR|NIR|Or*|TT*|V*|X|Y*O,25.3,,8.44e-05,,K8.8,,2.266,0.0567,2.468,-1.09,0.05,0.042,90.0,,,,,,,3.281998294395505,10.639,10.451,,,,,,0.568625,0.6160888877272629,0.055689584892635896
425,JW 1051,12.15,0.008,11.92,0.009,11.86,0.054,11.1,0.103,2.25,M3,H97,L,JW 1051,05 36 02.8,-05 32 54.4,428,2MASS J05360282-0532543,84.0117742171,-5.5484512291,0.0,0.0,90.0,25,05 36 02.82581,-05 32 54.4244,A,2020yCat.1350....0G,TTau*,*|Em*|NIR|TT*|TT?|V*|Y*O,,,,,M3,,2.4132,0.1128,0.711,-0.169,0.106,0.088,90.0,,,,21.216,19.921,,5.6579982943955045,13.104,12.71,,,,,,0.386141,0.0,0.0
426,H97: 1053,11.76,0.008,11.54,0.009,11.26,0.051,10.22,0.089,1.05,M5,H97,L,[H97b] 1053,05 36 03.9,-05 30 18.8,429,V* V2636 Ori,84.0160648327,-5.5052272186,0.0,0.0,90.0,27,05 36 03.85556,-05 30 18.8180,A,2020yCat.1350....0G,Orion_V*,*|Em*|G|MIR|NIR|Or*|TT?|V*|Y*O,25.0,1.1,8.34e-05,3.7e-06,M5,,3.2229,0.2365,1.459,-0.348,0.225,0.179,90.0,,,,18.733,17.983,,5.478998294395504,12.854,12.497,,,,,,0.663771,0.10958215764314676,0.055689584892635896
427,Par 2318,10.34,0.002,10.43,0.003,10.37,0.009,10.22,0.031,1.1,M0,R01,H,Parenago 2318,05 36 04.5,-05 09 28.9,430,V* V655 Ori,84.0187939799,-5.1580158657,0.0,0.0,90.0,24,05 36 04.51056,-05 09 28.8571,A,2020yCat.1350....0G,Orion_V*,*|Em*|Er*|IR|MIR|NIR|Or*|Rad|V*|X|Y*O,28.9,,9.64e-05,,,,2.5635,0.0208,2.475,-0.07,0.018,0.016,90.0,,,,15.8,14.44,14.15,3.2429982943955036,10.555,10.398,,15.14,13.83,13.07,,0.163414,0.6337508898640422,0.055689584892635896
428,CHS 13694,10.74,0.003,10.64,0.004,10.76,0.009,10.54,0.016,2.54,,,,[CHS2001] 13694,05 36 05.2,-06 25 25.4,431,V* V822 Ori,84.0215101625,-6.4237179806,0.0,0.0,90.0,31,05 36 05.16244,-06 25 25.3847,A,2020yCat.1350....0G,TTau*,*|Em*|Er*|G|IR|MIR|NIR|Opt|Or*|TT*|V*|X|Y*?|Y*O,25.478,0.056,8.5e-05,2e-07,M1.5,,2.5094,0.0211,0.77,0.258,0.02,0.017,90.0,,,,,15.526,,3.7349982943955045,11.09,10.91,18.436,15.885,14.547,13.99,13.18,0.560086,0.4355049676434866,0.055689584892635896
429,Par 2332,9.56,0.002,9.58,0.002,9.51,0.007,9.46,0.03,4.46,K7,R01,H,Parenago 2332,05 36 07.3,-05 40 22.2,432,V* V1598 Ori,84.0304119622,-5.6728580594,0.0,0.0,90.0,35,05 36 07.29887,-05 40 22.2890,A,2020yCat.1350....0G,TTau*,*|Em*|NIR|Or*|Rad|TT*|TT?|V*|Y*O,22.77,0.272,7.6e-05,9e-07,M1,,2.5211,0.0214,4.54,-4.923,0.021,0.016,90.0,,,,16.998,15.666,,3.0999982943955047,10.26,9.895,,,,,,0.090595,0.6951715423272393,0.055689584892635896
430,H97: 5087,11.13,0.005,11.13,0.006,11.01,0.042,10.79,0.183,0.81,M4,H97,L,[H97b] 5087,05 36 08.7,-05 21 02.2,433,V* V1129 Ori,84.0362030153,-5.3506168767,0.0,0.0,90.0,34,05 36 08.68872,-05 21 02.2208,A,2020yCat.1350....0G,TTau*,*|Em*|Er*|G|NIR|Or*|TT*|TT?|V*|Y*O,30.233,0.237,0.0001009,8e-07,M4,,2.5896,0.032,1.706,-0.251,0.028,0.023,90.0,,,,,16.58,,4.247998294395504,11.59,11.356,,,,,,0.169682,0.26728021871715163,0.055689584892635896
431,R01- 2515,11.9,0.008,11.95,0.011,11.92,0.07,10.64,0.118,5.29,,,,[R2001]  2515,05 36 09.0,-05 44 48.0,434,V* V821 Ori,84.037448583,-5.7466662735,0.0,0.0,90.0,27,05 36 08.98766,-05 44 47.9986,A,2020yCat.1350....0G,Orion_V*,*|Em*|Er*|NIR|Or*|TT?|V*|Y*?|Y*O,26.817,0.063,8.95e-05,2e-07,M2.1,,2.6261,0.0391,1.076,0.307,0.037,0.028,90.0,,,,,,,4.906998294395505,12.28,12.069,,,,,,0.184176,0.14877681727797773,0.055689584892635896
432,R01- 2517,10.62,0.003,10.61,0.004,10.55,0.009,10.46,0.031,6.55,M1,R01,H,[R2001]  2517,05 36 09.2,-05 51 02.9,435,V* V1240 Ori,84.0382898636,-5.8508149658,0.0,0.0,90.0,11,05 36 09.18957,-05 51 02.9339,A,2020yCat.1350....0G,Orion_V*,*|Em*|NIR|Or*|V*|X|Y*O,25.8,,8.61e-05,,,,2.2505,0.1536,-0.151,-0.854,0.124,0.11,90.0,,,,,16.5,,3.9979982943955044,11.258,10.908,,,,,,0.159319,0.34381731879500865,0.055689584892635896
433,Par 2348,11.33,0.004,11.4,0.007,11.36,0.016,11.35,0.024,6.95,K8,R01,H,Parenago 2348,05 36 09.4,-05 46 26.6,436,Brun 960,84.0392691483,-5.7740680897,0.0,0.0,90.0,30,05 36 09.42460,-05 46 26.6451,A,2020yCat.1350....0G,Orion_V*,*|Er*|NIR|Or*|Rad|V*|X|Y*?|Y*O,27.849,0.05,9.29e-05,2e-07,K7,,2.6209,0.0242,1.14,0.362,0.021,0.018,90.0,,,,16.49,15.16,14.72,4.265998294395505,11.63,11.471,,,,,,0.369825,0.26251572479444424,0.055689584892635896
434,R01- 2524,10.65,0.003,10.77,0.004,10.73,0.008,10.59,0.016,1.8,,,,[R2001]  2524,05 36 09.5,-06 18 36.3,437,V* V825 Ori,84.0395495158,-6.3100999004,0.0,0.0,90.0,28,05 36 09.49188,-06 18 36.3596,A,2020yCat.1350....0G,Orion_V*,*|BY*|Er*|IR|NIR|Opt|Or*|Rad|TT*|V*|X|Y*?|Y*O,32.248,0.096,0.0001076,3e-07,M2,,2.6,0.0231,1.322,0.574,0.021,0.018,90.0,,,,,15.192,,3.6639982943955047,11.04,10.906,18.412,15.989,14.58,14.151,13.136,0.134905,0.4620185940611625,0.055689584892635896
435,R01- 2532,13.07,0.01,12.94,0.012,12.89,0.049,12.44,0.129,0.54,,,,[R2001]  2532,05 36 10.0,-05 05 35.4,438,V* V1599 Ori,84.0415816731,-5.0931902407,0.0,0.0,90.0,12,05 36 09.97960,-05 05 35.4849,A,2020yCat.1350....0G,Orion_V*,*|Em*|G|IR|NIR|Or*|TT*|V*|Y*O,,,,,M5.2,,2.5964,0.1061,1.166,-0.158,0.094,0.08,90.0,,,,,,,6.258998294395504,13.674,13.39,,,,,,0.316364,0.0,0.0
436,H97: 5073,10.18,0.003,10.14,0.003,10.02,0.015,10.08,0.076,0.86,K3,H97,H,[H97b] 5073,05 36 10.5,-05 19 44.9,439,V* V502 Ori,84.0437165313,-5.3291658525,0.0,0.0,90.0,47,05 36 10.49197,-05 19 44.9971,A,2020yCat.1350....0G,Orion_V*,*|Em*|Er*|MIR|NIR|Or*|Rad|TT?|V*|X|Y*O,27.188,0.049,9.07e-05,2e-07,K3,,2.5431,0.016,1.4,-0.135,0.014,0.012,90.0,,,,15.03,14.0,,3.4049982943955044,10.79,10.592,,,,,,0.154319,0.5645492412099481,0.055689584892635896
437,Par 2347,10.18,0.003,10.14,0.003,10.02,0.015,10.08,0.076,6.01,K3,H97,H,Parenago 2347,05 36 10.5,-05 19 44.9,440,V* V502 Ori,84.0437165313,-5.3291658525,0.0,0.0,90.0,47,05 36 10.49197,-05 19 44.9971,A,2020yCat.1350....0G,Orion_V*,*|Em*|Er*|MIR|NIR|Or*|Rad|TT?|V*|X|Y*O,27.188,0.049,9.07e-05,2e-07,K3,,2.5431,0.016,1.4,-0.135,0.014,0.012,90.0,,,,15.03,14.0,,3.4049982943955044,10.79,10.592,,,,,,0.154319,0.5645492412099481,0.055689584892635896
438,R01- 2553,11.26,0.004,11.28,0.005,11.37,0.02,11.2,0.05,0.34,K3,R01,H,[R2001]  2553,05 36 11.4,-05 38 51.6,441,V* V1601 Ori,84.0475165294,-5.6476723321,0.0,0.0,90.0,13,05 36 11.40397,-05 38 51.6204,A,2020yCat.1350....0G,Orion_V*,*|NIR|Or*|V*|Y*O,,,,,K3,,2.3356,0.0452,-1.412,1.328,0.041,0.033,90.0,,,,,,,4.877998294395503,11.984,11.537,,,,,,0.062631,0.1507005728345093,0.055689584892635896
439,R01- 2569,11.6,0.005,11.58,0.006,11.75,0.034,11.3,0.119,4.1,,,,[R2001]  2569,05 36 13.1,-04 55 13.8,442,V* V1603 Ori,84.0544619887,-4.9205063392,0.0,0.0,90.0,10,05 36 13.07088,-04 55 13.8228,A,2020yCat.1350....0G,Orion_V*,*|NIR|Or*|V*|Y*O,28.7,0.5,9.57e-05,1.7e-06,,,2.3723,0.0404,-1.675,1.461,0.035,0.029,90.0,,,,,,,5.001998294395504,12.18,11.866,,,,,,0.435829,0.14132425554379643,0.055689584892635896
440,Par 2363,11.03,0.004,11.04,0.005,11.14,0.038,10.89,0.142,0.82,M0,R01,H,Parenago 2363,05 36 14.7,-05 37 35.0,443,V* V827 Ori,84.0610952263,-5.6263973673,0.0,0.0,90.0,26,05 36 14.66285,-05 37 35.0305,A,2020yCat.1350....0G,Orion_V*,*|Er*|NIR|Or*|Rad|V*|X|Y*O,26.83,2.048,8.95e-05,6.8e-06,,,2.6124,0.0222,1.377,0.54,0.021,0.016,90.0,,,,15.9,,,4.002998294395503,11.36,11.173,,,,,,0.555341,0.34205496090371973,0.055689584892635896
441,R01- 2596,11.89,0.006,11.82,0.008,11.72,0.023,11.37,0.077,1.24,,,,[R2001]  2596,05 36 15.8,-04 55 20.2,444,V* V1604 Ori,84.0657643511,-4.9222713315,0.0,0.0,90.0,9,05 36 15.78344,-04 55 20.1768,A,2020yCat.1350....0G,Orion_V*,*|Em*|G|NIR|Or*|V*|Y*O,,,,,,,2.6553,0.0836,1.73,1.025,0.081,0.065,90.0,,,,,,,5.045998294395504,12.548,12.273,,,,,,0.248506,0.13809353769953073,0.055689584892635896
442,HBJM 11056,13.8,0.011,13.2,0.014,12.82,0.041,11.84,0.054,3.74,,,,[H97b] 11056,05 36 16.2,-05 07 47.3,445,2MASS J05361623-0507472,84.0675933886,-5.1298111408,0.001,0.001,90.0,9,05 36 16.22241,-05 07 47.3201,A,2020yCat.1350....0G,YSO,*|Ir*|MIR|NIR|Y*O,,,,,,,3.7059,0.8959,1.577,1.842,0.747,0.739,90.0,,,,,,,8.493998294395505,15.656,15.262,,,,,,0.335456,0.0,0.0
443,CHS 14574,12.37,0.009,12.27,0.012,12.12,0.027,11.73,0.045,2.05,,,,[CHS2001] 14574,05 36 16.3,-05 40 02.2,446,V* V1605 Ori,84.0681440689,-5.6672905431,0.0,0.0,90.0,11,05 36 16.35458,-05 40 02.2460,A,2020yCat.1350....0G,Orion_V*,*|Em*|G|MIR|NIR|Or*|V*|Y*O,,,,,,,2.6036,0.0739,1.011,0.572,0.068,0.053,90.0,,,,,,,5.838998294395504,13.228,12.928,,,,,,0.815942,0.0,0.0
444,Par 2368,8.86,0.002,8.61,0.002,8.14,0.002,6.8,0.003,7.41,K6,R01,H,Parenago 2368,05 36 17.0,-05 11 42.8,447,V* AZ Ori,84.0707525731,-5.1952229346,0.0,0.0,90.0,76,05 36 16.98062,-05 11 42.8026,A,2020yCat.1350....0G,Orion_V*,*|Em*|Er*|IR|MIR|NIR|Opt|Or*|Rad|V*|X|Y*O|cC*,26.105,0.027,8.71e-05,1e-07,K6e,,2.5403,0.0147,3.009,1.362,0.013,0.011,90.0,,,,14.86,13.43,12.59,2.270998294395504,9.608,9.276,,14.15,12.86,12.23,,0.289554,1.198584601088218,0.055689584892635896
445,CHS 14673,11.63,0.005,11.61,0.008,11.51,0.015,11.41,0.024,6.19,,,,[CHS2001] 14673,05 36 17.7,-06 28 36.3,448,V* V830 Ori,84.0737572648,-6.4767744878,0.0,0.0,90.0,21,05 36 17.70174,-06 28 36.3882,A,2020yCat.1350....0G,TTau*,*|Er*|NIR|Opt|Or*|RS*|TT*|V*|X|Y*?|Y*O,22.865,0.046,7.63e-05,2e-07,M2.1,,2.6474,0.0286,0.652,0.692,0.025,0.022,90.0,,,,,,,4.378998294395505,11.81,11.631,19.38,16.957,15.576,14.598,13.959,0.091906,0.23086544239918652,0.055689584892635896
446,HBJM 11082,11.83,0.006,11.79,0.009,11.75,0.023,11.77,0.056,1.5,,,,[H97b] 11082,05 36 18.8,-05 12 18.3,449,2MASS J05361878-0512182,84.0782805869,-5.2050894589,0.0,0.0,90.0,24,05 36 18.78734,-05 12 18.3221,A,2020yCat.1350....0G,TTau*,*|Em*|G|NIR|SB*|TT*|TT?|V*|Y*O,26.515,0.085,8.85e-05,3e-07,M4.6,,2.6387,0.0425,1.497,-0.051,0.039,0.033,90.0,,,,,,,4.894998294395505,12.3,12.05,,,,,,0.190386,0.14954335490479054,0.055689584892635896
447,R01- 2642,12.45,0.008,12.31,0.009,12.44,0.025,12.3,0.06,1.56,,,,[R2001]  2642,05 36 19.3,-05 00 28.4,450,V* V1606 Ori,84.0802751405,-5.0079044877,0.0,0.0,90.0,11,05 36 19.26603,-05 00 28.4562,A,2020yCat.1350....0G,Orion_V*,*|Em*|G|NIR|Or*|TT*|TT?|V*|Y*O,,,,,M5.5,,2.4033,0.0822,1.879,0.46,0.077,0.064,90.0,,,,,,,5.605998294395505,13.079,12.774,,,,,,0.510646,0.10250043835796956,0.055689584892635896
448,CHS 14797,10.86,0.003,10.57,0.004,10.2,0.006,9.4,0.007,3.65,,,,[CHS2001] 14797,05 36 19.4,-06 25 51.2,451,V* V2660 Ori,84.080767761,-6.4308994079,0.0,0.0,90.0,25,05 36 19.38426,-06 25 51.2379,A,2020yCat.1350....0G,TTau*,*|Em*|G|IR|MIR|NIR|Opt|Or*|TT*|V*|Y*O,25.553,0.085,8.52e-05,3e-07,M5,,2.022,0.218,1.265,-3.112,0.204,0.167,90.0,,,,,18.797,,4.799998294395504,12.273,11.686,20.94,19.71,18.056,16.185,14.816,0.237612,0.1566223807384944,0.055689584892635896
449,H97: 5002,11.84,0.006,11.54,0.007,11.24,0.018,10.32,0.039,3.94,,,,[H97b] 5002,05 36 19.9,-05 13 06.5,452,2MASS J05361987-0513064,84.0828169288,-5.2184843047,0.0,0.0,90.0,20,05 36 19.87606,-05 13 06.5435,A,2020yCat.1350....0G,YSO,*|Em*|G|MIR|NIR|TT?|V*|Y*O,26.4,0.9,8.81e-05,3e-06,M5,,2.6071,0.0697,1.276,-0.078,0.065,0.054,90.0,,,,,18.9,,5.535998294395505,12.923,12.555,,,,,,0.360204,0.10625483785389762,0.055689584892635896
450,Par 2378,10.56,0.003,10.63,0.004,10.72,0.01,10.52,0.023,10.18,K7,R01,H,Parenago 2378,05 36 20.6,-05 41 39.6,453,V* V1077 Ori,84.0856992494,-5.6943486255,0.0,0.0,90.0,20,05 36 20.56782,-05 41 39.6551,A,2020yCat.1350....0G,TTau*,*|Er*|NIR|Opt|Or*|TT*|V*|Y*O,26.239,0.287,8.75e-05,1e-06,K7,,2.5905,0.0156,1.198,1.84,0.016,0.012,90.0,,,,15.59,14.25,13.99,3.485998294395504,10.9,10.677,,,,,,0.483465,0.5307861219152646,0.055689584892635896
451,Par 2384,10.47,0.003,10.39,0.003,9.95,0.006,8.99,0.005,5.97,K7,R01,H,Parenago 2384,05 36 24.2,-05 44 48.6,454,V* V1607 Ori,84.1009800866,-5.7468610924,0.0,0.0,90.0,28,05 36 24.23522,-05 44 48.6999,A,2020yCat.1350....0G,TTau*,*|MIR|NIR|Or*|TT*|V*|Y*O,23.556,0.032,7.86e-05,1e-07,K7,,2.5837,0.0171,0.793,-0.22,0.016,0.013,90.0,,,,15.3,,,3.4389982943955033,10.87,10.659,,,,,,0.535071,0.5502278255849089,0.055689584892635896
452,H97: 5065,12.13,0.007,12.07,0.009,12.15,0.048,11.83,0.182,1.31,,,,[H97b] 5065,05 36 25.6,-05 18 42.0,455,V* V1608 Ori,84.1065525303,-5.3116915099,0.0,0.0,90.0,18,05 36 25.57261,-05 18 42.0894,A,2020yCat.1350....0G,Orion_V*,*|Em*|G|NIR|Or*|TT*|TT?|V*|Y*O,21.82,5.55,7.28e-05,1.85e-05,M5.5,,2.5163,0.0685,2.273,0.309,0.06,0.051,90.0,,,,,18.81,,5.322998294395504,12.778,12.483,,,,,,0.418788,0.11927940581045728,0.055689584892635896
453,R01- 2711,11.17,0.004,11.38,0.007,11.38,0.018,11.19,0.058,9.57,M0.5,R01,H,[R2001]  2711,05 36 25.8,-04 50 19.8,456,V* V1609 Ori,84.1075062572,-4.8388709066,0.0,0.0,90.0,14,05 36 25.80150,-04 50 19.9353,A,2020yCat.1350....0G,TTau*,*|Em*|NIR|Or*|TT*|V*|Y*?|Y*O,,,,,M0e,,2.6511,0.02,0.787,0.128,0.017,0.014,90.0,,,,,15.2,,4.145998294395504,11.481,11.347,,,,,,0.137113,0.2954527284244781,0.055689584892635896
454,R01- 2715,8.27,0.002,7.88,0.002,7.47,0.001,6.69,0.002,4.36,,,,[R2001]  2715,05 36 26.1,-06 08 03.8,457,V* V2679 Ori,84.108869628,-6.1343611527,0.0,0.0,90.0,31,05 36 26.12871,-06 08 03.7001,A,2020yCat.1350....0G,TTau*,*|Em*|MIR|NIR|Opt|Or*|TT*|V*|Y*?|Y*O,27.577,0.027,9.2e-05,1e-07,M0.0,,2.5853,0.0237,1.53,0.45,0.02,0.018,90.0,,,,,15.652,,3.273998294395504,10.39,9.854,18.31,16.101,14.412,16.119,12.831,0.439683,0.6192631410991564,0.055689584892635896
455,R01- 2722,11.09,0.003,11.11,0.005,10.51,0.008,9.86,0.02,2.21,,,,[R2001]  2722,05 36 26.9,-05 56 30.2,458,V* V1610 Ori,84.1119127747,-5.9417177646,0.0,0.0,90.0,19,05 36 26.85907,-05 56 30.1840,A,2020yCat.1350....0G,Orion_V*,*|Em*|G|MIR|NIR|Or*|V*|Y*O,29.557,0.152,9.86e-05,5e-07,M3.9,,2.4802,0.1431,0.799,-0.124,0.116,0.101,90.0,,,,,,,5.272998294395505,12.45,11.956,,,,,,0.610923,0.12238402878059396,0.055689584892635896
456,R01- 2724,12.5,0.01,12.11,0.011,11.75,0.02,11.03,0.037,2.64,M6,R01,L,[R2001]  2724,05 36 26.9,-04 55 06.2,459,V* V1611 Ori,84.1121572095,-4.9183878274,0.0,0.0,90.0,17,05 36 26.91773,-04 55 06.1962,A,2020yCat.1350....0G,Orion_V*,*|Em*|G|MIR|NIR|Or*|V*|Y*O,27.16,2.16,9.06e-05,7.2e-06,,,2.6333,0.0938,1.534,0.686,0.09,0.072,90.0,,,,,19.47,,5.886998294395504,13.373,13.056,,,,,,0.265002,0.0,0.0
457,Par 2390,10.76,0.003,10.73,0.004,10.8,0.01,10.7,0.017,5.08,,,,Parenago 2390,05 36 27.3,-05 46 42.4,460,V* V1241 Ori,84.1138570622,-5.7784609912,0.0,0.0,90.0,21,05 36 27.32569,-05 46 42.4596,A,2020yCat.1350....0G,TTau*,*|Em*|Er*|NIR|Or*|TT*|V*|Y*?|Y*O,26.19,0.305,8.74e-05,1e-06,K6,,2.6091,0.0202,1.101,0.704,0.019,0.015,90.0,,,,15.2,14.3,,3.6629982943955035,11.07,10.894,,,,,,0.388065,0.4620185940611625,0.055689584892635896
458,H97: 5146,10.3,0.002,10.1,0.003,9.82,0.006,9.11,0.016,5.88,M2.5,H97,H,[H97b] 5146,05 36 27.5,-05 30 55.6,461,V* V951 Ori,84.1147168883,-5.5154396352,0.0,0.0,90.0,39,05 36 27.53205,-05 30 55.5827,A,2020yCat.1350....0G,TTau*,*|Em*|MIR|NIR|Opt|Or*|TT*|TT?|V*|Y*O,26.767,0.016,8.93e-05,1e-07,M2.5,,0.9119,0.1568,-0.114,0.609,0.141,0.111,90.0,,,,16.0,15.51,,3.823998294395505,11.17,10.768,,,,,,0.478885,0.4021604417387734,0.055689584892635896
459,R01- 2751,11.52,0.005,11.54,0.007,11.33,0.016,10.95,0.029,5.66,,,,[R2001]  2751,05 36 29.3,-04 53 51.0,462,V* V836 Ori,84.1220082907,-4.8975227045,0.0,0.0,90.0,25,05 36 29.28199,-04 53 51.0817,A,2020yCat.1350....0G,TTau*,*|Em*|Er*|MIR|NIR|Opt|Or*|TT*|V*|Y*O,28.875,0.047,9.63e-05,2e-07,M3.7,,5.8708,0.6712,2.486,-4.062,0.586,0.458,90.0,,,,,17.1,,4.570998294395505,11.97,11.729,,,,,,0.281304,0.1813266799255413,0.055689584892635896
460,H97: 5079,10.8,0.004,10.64,0.004,10.8,0.013,10.74,0.047,5.06,M1,H97,H,[H97b] 5079,05 36 29.7,-05 20 06.8,463,V* V1612 Ori,84.1239330213,-5.335258913,0.0,0.0,90.0,32,05 36 29.74393,-05 20 06.9321,A,2020yCat.1350....0G,TTau*,*|Em*|NIR|Or*|Rad|TT*|V*|X|Y*O,29.097,0.409,9.71e-05,1.4e-06,M1,,2.5249,0.0225,1.461,0.19,0.02,0.017,90.0,,,,16.3,15.96,,4.095998294395503,11.44,11.123,,,,,,0.669188,0.31103306663070596,0.055689584892635896
461,H97: 5078,10.68,0.003,10.8,0.005,10.61,0.012,10.35,0.044,2.46,,,,[H97b] 5078,05 36 30.2,-05 20 06.0,464,V* V1613 Ori,84.1256521554,-5.3350238072,0.0,0.0,90.0,16,05 36 30.15652,-05 20 06.0857,A,2020yCat.1350....0G,Orion_V*,*|MIR|NIR|Or*|V*|Y*O,29.373,0.021,9.8e-05,1e-07,K8,,2.538,0.0224,1.581,0.203,0.019,0.017,90.0,,,,,,14.98,3.8249982943955043,11.059,10.837,,,,,,0.655046,0.4021604417387734,0.055689584892635896
