,recno,Name,SpT,e_SpT,ref1,AV,Imag,VmI,Vmag,l_V-I,Teff,logL*,Mass,e_M*,E_M*,Age,e_Age,E_Age,R*,e_R*,Per,n_Per,ref2,Cl,Acc,Notes,Simbad,_RA,_DE,Separation,Mass_calc,Mass_e
0,58,Parenago 1382,K7,1.0,H,0.24,13.17,1.68,6.524999294395505,,3970.0,-0.328,0.69,0.06,0.07,3.9,1.3,2.2,1.45,0.17,8.46,opt,H02,,N,g,Simbad,83.55371,-5.48006,1.2672835665955398,0.5041978643251775,0.05568971782550209
1,310,V1934 Ori,M3,1.0,H,0.49,16.49,2.74,10.654998294395503,,3360.0,-1.478,0.22,0.08,0.11,17.0,8.9,23.0,0.54,0.09,7.87,opt,R09,,,g,Simbad,83.55441,-5.56346,1.38079194166554,0.13185197939711457,0.05568971782550209
2,296,2MASS J05341487-0514183,M3.5,1.0,H13,0.59,14.81,2.61,8.744998294395502,,3260.0,-0.948,0.23,0.08,0.1,3.9,1.5,3.4,1.05,0.2,1.69,opt,H02,2.0,,,Simbad,83.562,-5.23844,1.376899726072958,0.25585625821747743,0.05568971782550209
3,345,2MASS J05341723-0529043,M5,1.0,H13,2.78,14.54,4.21,7.884998294395505,,2880.0,-0.158,0.16,0.04,0.08,0.05,0.04,0.15,3.35,0.76,3.11,opt,R09,,,g,Simbad,83.5718,-5.48453,1.2675424830520152,0.3403016366043042,0.05568971782550209
4,122,2MASS J05341726-0522368,M0.5,1.0,H13,,16.47,2.53,,,3700.0,-1.36,0.41,0.08,0.08,44.0,19.5,15.0,0.51,0.07,11.9,opt,R09,,,a,Simbad,83.57196,-5.37689,1.3351857724613814,0.0,0.0
5,472,2MASS J05341730-0522480,M7.5,1.0,H13,3.26,16.09,3.65,8.394998294395505,,2610.0,-0.98,,,,,,,1.58,0.23,2.03,opt,R09,3.0,,b,Simbad,83.57211,-5.38002,1.234728602241299,0.29168115133416955,0.05568971782550209
6,219,2MASS J05341743-0530352,M3,1.0,H13,,14.22,2.48,,,3360.0,-0.732,0.29,0.08,0.09,2.8,0.6,1.9,1.27,0.21,0.42,opt,R09,3.0,,,Simbad,83.57262,-5.50981,1.28471790621492,0.0,0.0
7,114,V1427 Ori,M1,1.0,H,0.0,12.87,1.94,6.724997294395504,,3630.0,-0.224,0.43,0.08,0.09,1.3,0.3,0.6,1.95,0.27,3.24,opt,Re01,3.0,N,,Simbad,83.57503,-5.55925,1.340599933728681,0.4752637175459289,0.05568971782550209
8,75,V1671 Ori,K8,1.0,H13,0.22,13.03,1.88,6.604998294395504,,3940.0,-0.217,0.63,0.04,0.08,2.3,0.7,1.4,1.68,0.2,6.29,opt,Re01,3.0,N,,Simbad,83.57721,-5.56672,1.3748010191974585,0.4926717393082925,0.05568971782550209
9,274,2MASS J05341908-0533113,M3.5,1.0,H,4.61,16.21,4.51,8.024997294395503,,3260.0,-0.335,0.25,0.04,0.12,1.1,0.9,0.4,2.13,0.4,0.76,opt,R09,,,"e,g",Simbad,83.57954,-5.55317,1.3713588667864214,0.32743501491281596,0.05568971782550209
10,415,2MASS J05342073-0532351,M5,1.0,H,0.0,14.96,2.94,9.814998294395503,,2880.0,-0.888,0.1,0.03,0.1,0.3,0.15,2.9,1.45,0.33,1.16,opt,H02,2.0,N,,Simbad,83.58637,-5.54309,1.3722193556915043,0.16530588173128863,0.05568971782550209
11,327,V1674 Ori,M4,1.0,H13,0.0,14.75,2.52,9.184998294395504,,3160.0,-0.904,0.19,0.09,0.13,3.0,2.6,2.5,1.18,0.25,2.54,opt,R09,,,g,Simbad,83.58667,-5.39144,1.296399586551718,0.2115521200339485,0.05568971782550209
12,311,2MASS J05342099-0524485,M3.5,1.0,H,0.0,14.86,2.7,9.474998294395503,,3260.0,-0.924,0.22,0.08,0.11,3.5,1.2,3.2,1.08,0.2,2.53,opt,H02,3.0,,,Simbad,83.58746,-5.41348,1.1507540804596537,0.1870048387992548,0.05568971782550209
13,478,2MASS J05342239-0522269,M5.5,1.0,H13,0.0,15.49,2.71,10.114998294395503,,2840.0,-1.028,,,,,,,1.27,0.22,4.46,opt,R09,3.0,,b,Simbad,83.59331,-5.37416,1.193577405254721,0.15264920347244804,0.05568971782550209
14,123,V1676 Ori,M0.5,1.0,H,3.09,13.48,3.08,5.384997294395504,,3700.0,0.179,0.41,0.04,0.18,0.6,0.4,0.2,2.99,0.41,21.45,opt,Re01,,,"d,g",Simbad,83.59937,-5.26111,0.7602465955664863,0.7566893214053997,0.05568971782550209
15,482,2MASS J05342396-0528347,M6,1.0,H13,2.44,16.09,3.33,8.894998294395505,,2800.0,-1.196,,,,,,,1.07,0.17,2.3,opt,R09,2.0,A,b,Simbad,83.59987,-5.47633,1.2486487153359105,0.2411735650657282,0.05568971782550209
16,348,2MASS J05342678-0519414,M4,1.0,H,1.23,16.74,3.39,10.814998294395503,,3160.0,-1.319,0.16,0.08,0.11,6.5,2.5,9.5,0.73,0.15,0.73,opt,R09,2.0,,,Simbad,83.61158,-5.32819,1.1455083433489397,0.1255694593614092,0.05568971782550209
17,229,V1116 Ori,M3,1.0,H,0.52,13.15,2.75,7.294997294395504,,3360.0,-0.136,0.29,0.07,0.12,0.7,0.6,0.5,2.53,0.42,1.66,opt,H02,3.0,,,Simbad,83.61275,-5.54142,1.2480450490702752,0.3970266962601697,0.05568971782550209
18,328,2MASS J05342712-0516487,M4,1.0,H13,0.0,15.44,3.11,10.464998294395505,,3160.0,-0.974,0.19,0.08,0.11,3.5,2.4,3.1,1.09,0.23,0.56,opt,R09,2.0,N,,Simbad,83.613,-5.28022,1.1731100786451196,0.13916215300447646,0.05568971782550209
19,329,2MASS J05342753-0528284,M4.5,1.0,H13,,13.94,3.06,,,3020.0,-0.526,0.19,0.09,0.07,0.5,0.42,1.5,1.99,0.39,1.57,opt,H02,3.0,,,Simbad,83.61473,-5.47457,1.162758378922825,0.0,0.0
20,3,V1963 Ori,G8,1.0,H,1.97,10.78,1.55,2.2749982943955036,,5210.0,1.004,2.53,0.28,0.22,2.2,0.6,0.9,3.9,0.47,3.37,MIR,M11,3.0,N,a,Simbad,83.61542,-5.53203,1.3902045287261149,0.0,0.0
21,45,2MASS J05342792-0526346,K6e,1.0,H13,2.12,14.18,2.27,6.2449992943955035,,4020.0,-0.295,0.76,0.15,0.13,4.3,1.9,3.0,1.47,0.19,0.84,opt,H02,2.0,A,,Simbad,83.61637,-5.44296,1.258359951744864,0.5530627452944912,0.05568971782550209
22,584,2MASS J05342821-0526397,M5.5,1.0,H,0.11,15.6,3.62,11.024998294395504,,2840.0,-1.072,,,,,,,1.2,0.21,0.71,opt,R09,,N,b,Simbad,83.61754,-5.44436,1.2803822395929338,0.11715315042644218,0.05568971782550209
23,506,2MASS J05342896-0523481,M5,1.0,H13,,15.96,,,,2880.0,,,,,,,,,,2.99,opt,R09,3.0,,c,Simbad,83.6207,-5.39671,1.2472800448998131,0.0,0.0
24,595,2MASS J05342945-0523374,M5.5,1.0,H,0.0,15.73,,,,2840.0,,,,,,,,,,1.79,opt,R09,3.0,,c,Simbad,83.62272,-5.39374,1.114209865007602,0.0,0.0
25,574,2MASS J05342999-0525173,M6.25,1.0,H,0.0,15.22,3.58,10.714998294395505,,2762.5,-0.82,,,,,,,1.7,0.26,1.74,opt,R09,2.0,,b,Simbad,83.62497,-5.42149,1.1141612325280448,0.1295016073510662,0.05568971782550209
26,44,IS Ori,K5.5,1.0,H,3.01,13.69,2.55,5.144998294395505,,4080.0,0.113,0.78,0.17,0.18,1.3,0.5,0.8,2.28,0.31,8.66,opt,H02,2.0,,,Simbad,83.62603,-5.19672,1.1675131378174348,0.8278946584833516,0.05568971782550209
27,480,2MASS J05343048-0521560,M5.5,2.0,H13,0.29,16.25,3.24,11.114997294395502,,2840.0,-1.332,,,,,,,0.89,0.28,0.72,opt,R09,2.0,,b,Simbad,83.627,-5.36557,1.1821860567362388,0.11359594728160012,0.05568971782550209
28,126,V1435 Ori,M1,1.0,H,1.75,14.07,2.66,6.894998294395505,,3630.0,-0.361,0.41,0.06,0.1,1.7,0.4,1.3,1.67,0.23,0.9,opt,R09,2.0,N,,Simbad,83.62975,-5.36553,0.9155661798544692,0.45145670070129706,0.05568971782550209
29,286,2MASS J05343128-0528548,M4,1.0,H,0.23,13.54,3.0,8.224999294395504,,3160.0,-0.283,0.24,0.09,0.12,0.5,0.43,0.9,2.41,0.5,3.14,opt,H02,,,g,Simbad,83.63037,-5.48189,1.3559824176666595,0.3078526177315459,0.05568971782550209
30,174,V1975 Ori,M2,1.0,H,1.1,14.42,2.66,7.894998294395505,,3490.0,-0.587,0.35,0.07,0.07,2.5,0.7,1.2,1.39,0.19,5.29,opt,R09,2.0,,,Simbad,83.632,-5.47414,1.2547316652098008,0.3394283475719861,0.05568971782550209
31,79,2MASS J05343190-0526368,K8,1.0,H13,0.0,13.79,2.67,8.374998294395505,,3940.0,-0.028,0.62,0.05,0.08,1.3,0.3,0.7,2.08,0.25,0.67,opt,H02,3.0,,,Simbad,83.63292,-5.44356,1.0978662173985156,0.29318396999651525,0.05568971782550209
32,262,V1978 Ori,M3.5,1.0,H13,2.9,15.74,3.68,8.434998294395504,,3260.0,-0.665,0.26,0.1,0.09,2.3,1.4,1.2,1.46,0.27,0.85,opt,H02,2.0,,,Simbad,83.63342,-5.46184,1.2631357686232805,0.28721875699467886,0.05568971782550209
33,368,2MASS J05343357-0522087,M4.5,1.0,H13,0.0,15.22,2.54,9.674998294395506,,3020.0,-1.044,0.13,0.06,0.09,3.1,2.8,1.9,1.1,0.22,2.28,opt,H02,2.0,,,Simbad,83.63987,-5.36911,0.8955941278697566,0.1718016080487099,0.05568971782550209
34,316,2MASS J05343569-0529520,M4,1.0,H13,0.0,14.66,2.83,9.404998294395503,,3160.0,-0.837,0.21,0.09,0.11,2.8,2.3,1.7,1.27,0.27,4.78,opt,R09,3.0,N,,Simbad,83.64871,-5.49778,1.2345160596733984,0.1923658831684281,0.05568971782550209
35,206,V759 Ori,M3,1.0,H13,,12.9,2.44,,,3360.0,-0.204,0.3,0.06,0.11,1.1,0.9,0.2,2.34,0.39,5.99,opt,H02,,,g,Simbad,83.65225,-5.60478,1.8038953693902744,0.0,0.0
36,250,V1992 Ori,M3.5e,1.0,H13,1.36,14.29,3.08,7.924996294395504,,3260.0,-0.459,0.27,0.1,0.08,1.5,1.3,0.5,1.85,0.35,2.72,opt,H02,2.0,A,,Simbad,83.65458,-5.51917,1.4197704071263662,0.3368219037988993,0.05568971782550209
37,392,2MASS J05343766-0526215,M5,1.0,H,1.16,15.63,3.73,10.114998294395503,,2880.0,-0.894,0.12,0.06,0.09,1.1,0.9,2.1,1.44,0.32,0.85,opt,R09,,,g,Simbad,83.65696,-5.43933,1.3991563225473884,0.15264920347244804,0.05568971782550209
38,226,V1438 Ori,M3,1.0,H,0.0,14.29,2.4,8.604998294395505,,3360.0,-0.76,0.29,0.09,0.08,3.1,0.8,2.1,1.23,0.2,5.52,opt,R09,,,g,Simbad,83.65876,-5.46126,1.298812788973908,0.2700415110642822,0.05568971782550209
39,493,2MASS J05343819-0535495,M5,1.0,H13,,15.42,3.02,,,2880.0,-1.072,,,,,,,1.17,0.26,1.46,opt,R09,,,b,Simbad,83.65912,-5.59711,1.7875939381930208,0.0,0.0
40,290,V1997 Ori,M3.5,1.0,H,0.46,14.48,2.89,8.824998294395504,,3260.0,-0.654,0.24,0.07,0.11,2.2,0.8,1.2,1.48,0.28,9.81,opt,H02,3.0,,,Simbad,83.65926,-5.40658,1.1138893911999412,0.24808751548161567,0.05568971782550209
41,588,2MASS J05343976-0517243,M5.5,1.0,H,0.39,15.8,3.73,11.054999294395506,,2840.0,-1.14,,,,,,,1.11,0.19,1.99,opt,R09,,N,b,Simbad,83.66571,-5.29008,1.0536986348860098,0.11595520831583915,0.05568971782550209
42,523,IW Ori,M1.5,1.0,H13,,13.8,,,,3560.0,,,,,,,,,,8.26,opt,R09,2.0,,c,Simbad,83.6661,-5.50186,1.341485062235889,0.0,0.0
43,352,2MASS J05344083-0528095,M5,1.0,H,0.93,14.58,3.64,9.204997294395506,,2880.0,-0.53,0.15,0.07,0.08,0.2,0.18,1.7,2.19,0.49,0.64,opt,R09,2.0,,e,Simbad,83.67014,-5.46931,1.309597949351761,0.20938890724578588,0.05568971782550209
44,420,2MASS J05344196-0521321,M4.7,1.0,D10,,16.27,2.33,,,2964.0,-1.444,,,,,,,0.72,0.15,1.17,opt,R09,,,b,Simbad,83.67484,-5.35892,1.4258377487311618,0.0,0.0
45,543,2MASS J05344248-0522462,M5,1.0,H13,,16.6,,,,2880.0,,,,,,,,,,2.68,opt,R09,,,c,Simbad,83.67702,-5.37953,1.3536051829958418,0.0,0.0
46,298,V2012 Ori,M4,1.0,H13,,13.52,2.86,,,3160.0,-0.362,0.23,0.09,0.13,0.9,0.81,0.6,2.2,0.46,6.15,MIR,M11,2.0,,,Simbad,83.67807,-5.4771,1.368707610260341,0.0,0.0
47,88,V1313 Ori,M0,1.0,H,1.17,13.82,2.25,6.8149982943955045,,3770.0,-0.433,0.52,0.1,0.13,3.1,1.2,2.3,1.43,0.19,7.4,opt,P09,3.0,,,Simbad,83.68086,-5.50195,1.3835374374463925,0.46320728608941186,0.05568971782550209
48,540,2MASS J05344346-0514426,M5.5,1.0,H13,,16.56,,,,2840.0,,,,,,,,,,2.01,opt,R09,,,c,Simbad,83.68109,-5.24518,1.3283221592307826,0.0,0.0
49,498,2MASS J05344384-0535366,M4.5,1.0,H13,,16.83,,,,3020.0,,,,,,,,,,0.71,opt,R09,3.0,,c,Simbad,83.68271,-5.59353,1.6481584928811095,0.0,0.0
50,364,2MASS J05344441-0526061,M5,1.0,H,1.57,15.27,3.89,9.504998294395504,,2880.0,-0.65,0.14,0.06,0.1,0.3,0.23,2.0,1.9,0.43,1.5,opt,H02,3.0,,,Simbad,83.68505,-5.43504,1.2958022830111549,0.18461764417237425,0.05568971782550209
51,333,2MASS J05344449-0524384,M4,1.0,H,0.21,15.61,2.99,10.304999294395506,,3160.0,-1.117,0.18,0.09,0.11,4.5,2.2,4.7,0.92,0.19,14.4,opt,P09,2.0,,,Simbad,83.68538,-5.41068,1.2561519452936458,0.14537573148033087,0.05568971782550209
52,130,V1118 Ori,M1e,1.0,H,0.0,14.04,1.85,7.804998294395505,,3630.0,-0.692,0.41,0.07,0.11,4.4,1.6,3.4,1.14,0.16,2.23,opt,P09,2.0,A,,Simbad,83.68644,-5.56172,1.45293658662716,0.3482630415195907,0.05568971782550209
53,14,V1444 Ori,K3,1.0,StE,1.57,11.11,1.61,3.0649982943955045,,4550.0,0.79,1.63,0.51,0.49,0.7,0.3,0.6,4.0,0.6,3.45,opt,H00,3.0,,,Simbad,83.68828,-5.4178,1.381018663367815,0.0,0.0
54,282,V1445 Ori,M4,1.0,H13,0.16,13.56,2.97,8.284998294395505,,3160.0,-0.309,0.24,0.09,0.09,0.8,0.72,0.6,2.33,0.49,6.33,opt,H02,,N,g,Simbad,83.68985,-5.48915,1.3226765573038006,0.3023648867901711,0.05568971782550209
55,96,V1446 Ori,M0,1.0,H13,0.94,13.61,2.16,6.744998294395504,,3770.0,-0.405,0.5,0.09,0.14,2.6,0.9,2.0,1.47,0.2,1.5,opt,H02,3.0,N,,Simbad,83.69129,-5.41551,1.2593624921793398,0.4728275844098906,0.05568971782550209
56,367,2MASS J05344609-0537312,M4.5,1.0,H13,0.14,15.54,3.18,10.494998294395502,,3020.0,-1.091,0.13,0.06,0.08,3.5,3.2,1.8,1.04,0.21,1.86,opt,R09,3.0,,,Simbad,83.69204,-5.62533,1.7204040589011973,0.137739159233678,0.05568971782550209
57,167,V1449 Ori,M2e,1.0,H,2.28,14.72,3.12,7.474998294395505,,3490.0,-0.42,0.36,0.06,0.08,1.7,0.3,0.6,1.69,0.23,7.4,opt,S99,2.0,A,,Simbad,83.69404,-5.39045,1.2259913192179106,0.37908186470899746,0.05568971782550209
58,475,2MASS J05344669-0521247,M5,1.0,H13,2.01,15.68,3.33,8.914998294395504,,2880.0,-1.164,,,,,,,1.05,0.24,2.43,opt,R09,3.0,,b,Simbad,83.69458,-5.35686,1.1958340418318285,0.23870746006979046,0.05568971782550209
59,275,2MASS J05344694-0516196,M3.5,1.0,H,2.15,15.78,3.55,9.094998294395504,,3260.0,-0.762,0.25,0.1,0.1,2.7,0.9,1.8,1.31,0.24,3.1,opt,R09,,,g,Simbad,83.69562,-5.27211,1.0279143807487612,0.22043077512400291,0.05568971782550209
60,479,2MASS J05344720-0518099,M4.5,1.0,H13,0.0,16.34,2.81,11.064998294395503,,3020.0,-1.492,,,,,,,0.66,0.13,6.54,opt,R09,3.0,,b,Simbad,83.69671,-5.30278,1.3994481742154383,0.1156576416844446,0.05568971782550209
61,299,V2033 Ori,M4,1.0,H,0.0,13.49,2.44,7.844998294395504,,3160.0,-0.4,0.23,0.1,0.12,1.1,1.01,0.6,2.1,0.44,16.67,opt,P09,2.0,N,d,Simbad,83.69956,-5.51294,1.4838620769707764,0.34470189987308447,0.05568971782550209
62,414,V2037 Ori,M4.5,1.0,H,0.91,16.71,3.48,11.194997294395504,,3020.0,-1.372,0.1,0.03,0.09,4.8,1.8,5.7,0.75,0.15,3.46,opt,H02,2.0,,,Simbad,83.70098,-5.50284,1.4891502109926125,0.11071425928065064,0.05568971782550209
63,197,2MASS J05344828-0532351,M2.5,1.0,H,4.28,15.16,4.05,6.844996294395504,,3425.0,-0.074,0.31,0.05,0.11,0.7,0.6,0.4,2.6,0.39,4.75,opt,H02,,,g,Simbad,83.70119,-5.54309,1.5136663199311446,0.45847078935906516,0.05568971782550209
64,441,2MASS J05344845-0531072,M3.7,1.0,D10,,16.07,,,,3220.0,,,,,,,,,,15.78,opt,P09,,,"c,d",Simbad,83.7019,-5.51869,1.3652858693249277,0.0,0.0
65,312,2MASS J05344877-0519073,M4,1.0,H,0.75,14.62,3.2,8.984998294395504,,3160.0,-0.59,0.22,0.08,0.12,1.9,1.7,0.6,1.69,0.35,2.3,opt,R09,3.0,,,Simbad,83.70321,-5.31871,1.208484525160295,0.23205492239726389,0.05568971782550209
66,254,2MASS J05344878-0517464,M3.5,1.0,H,2.44,14.99,3.66,8.124998294395505,,3260.0,-0.377,0.27,0.07,0.1,1.3,1.1,0.4,2.03,0.38,5.56,opt,R09,3.0,,,Simbad,83.70327,-5.29623,1.1224179634155946,0.31749287626319767,0.05568971782550209
67,198,2MASS J05344881-0533330,M2.5,1.0,H,2.21,15.21,3.24,8.155000294395505,,3425.0,-0.599,0.31,0.06,0.1,2.2,0.5,1.3,1.42,0.21,2.09,opt,H02,2.0,N,,Simbad,83.70342,-5.55918,1.5402187968729082,0.31505487326122356,0.05568971782550209
68,223,2MASS J05344892-0531315,M2.5,1.0,H,2.31,16.25,3.28,9.134999294395504,,3425.0,-0.99,0.29,0.07,0.08,6.0,2.1,4.5,0.91,0.14,0.77,opt,R09,,,g,Simbad,83.70387,-5.52543,1.3931830489523138,0.21650141180075821,0.05568971782550209
69,256,V2042 Ori,M3.5,1.0,H,1.13,14.83,3.15,8.764998294395506,,3260.0,-0.632,0.27,0.1,0.08,2.2,1.2,1.0,1.52,0.28,5.28,opt,P09,2.0,,,Simbad,83.704,-5.47136,1.3954595895550503,0.25389155799191715,0.05568971782550209
70,270,V2044 Ori,M3e,1.0,H,0.13,15.19,2.6,9.574998294395504,,3360.0,-1.045,0.26,0.08,0.1,6.0,2.4,5.5,0.89,0.15,1.78,opt,H02,2.0,A,,Simbad,83.70449,-5.44073,1.370232861368984,0.17947253545850858,0.05568971782550209
71,606,2MASS J05344907-0528089,M6,1.0,H,0.0,15.89,,,,2800.0,,,,,,,,,,0.72,opt,R09,,,c,Simbad,83.70446,-5.46915,1.3082906087234736,0.0,0.0
72,200,2MASS J05344929-0518555,M3,1.0,H,0.0,13.43,2.42,7.764998294395504,,3360.0,-0.416,0.31,0.09,0.09,1.5,0.7,0.5,1.83,0.3,1.7,opt,H02,3.0,N,,Simbad,83.7054,-5.31542,1.151221555536175,0.3518609735923497,0.05568971782550209
73,141,V2045 Ori,M1.75,1.0,H13,1.67,14.2,2.72,7.164998294395504,,3525.0,-0.442,0.38,0.07,0.07,1.9,0.5,0.9,1.61,0.22,14.73,MIR,M11,2.0,A,,Simbad,83.70653,-5.48427,1.4141927863240282,0.4136895550255281,0.05568971782550209
74,481,2MASS J05345009-0517121,M5.75,1.0,H13,1.92,16.04,3.13,9.165000294395503,,2820.0,-1.212,,,,,,,1.04,0.15,1.26,opt,R09,2.0,,b,Simbad,83.70871,-5.28672,1.0518805868946637,0.2137376811385927,0.05568971782550209
75,418,2MASS J05345021-0535389,M4.8,1.0,D10,,16.59,3.56,,,2936.0,-1.335,,,,,,,0.83,0.18,0.77,opt,R09,3.0,,b,Simbad,83.70921,-5.59417,1.2689993137994706,0.0,0.0
76,242,2MASS J05345045-0516296,M2.5,1.0,H,1.26,16.12,2.87,9.644999294395506,,3425.0,-1.194,0.28,0.07,0.08,10.5,4.6,9.0,0.72,0.11,3.0,opt,R09,,,g,Simbad,83.71022,-5.27492,1.0874048457376395,0.17402308518575094,0.05568971782550209
77,562,2MASS J05345046-0532538,M5.5,1.0,H,0.88,16.1,3.92,11.054999294395506,,2840.0,-1.141,,,,,,,1.11,0.19,0.86,opt,H02,3.0,,b,Simbad,83.71029,-5.5483,1.3852980736464264,0.11595520831583915,0.05568971782550209
78,149,V475 Ori,M1e,1.0,H,0.42,15.34,2.14,8.974998294395503,,3630.0,-1.193,0.38,0.08,0.12,20.0,9.0,23.0,0.64,0.09,8.73,opt,H00,2.0,A,,Simbad,83.71044,-5.39316,1.3269619466459868,0.23265195862029767,0.05568971782550209
79,67,Parenago 1622,K8,1.0,H,0.3,13.04,1.83,6.4849982943955045,,3940.0,-0.252,0.66,0.08,0.07,2.8,1.0,1.5,1.61,0.19,4.94,opt,H02,,N,g,Simbad,83.71041,-5.18627,1.0231219587356175,0.5120313697664315,0.05568971782550209
80,40,V1454 Ori,K5,1.0,H,0.33,12.12,1.44,5.144998294395505,,4140.0,0.092,0.82,0.18,0.3,1.5,0.6,1.5,2.16,0.32,2.34,opt,H02,,N,g,Simbad,83.7113,-5.40039,1.283337650374315,0.8278946584833516,0.05568971782550209
81,71,2MASS J05345073-0527010,K8e,1.0,H13,0.86,13.15,2.13,6.334998294395504,,3940.0,-0.109,0.64,0.06,0.06,1.7,0.5,0.8,1.9,0.23,9.01,opt,P09,,A,g,Simbad,83.71138,-5.4503,1.2968193792605316,0.5376494408788399,0.05568971782550209
82,346,V1455 Ori,M4.5,1.0,H,0.0,14.35,3.01,9.274998294395504,,3020.0,-0.696,0.16,0.06,0.09,1.5,1.4,1.1,1.64,0.32,0.43,opt,R09,3.0,,e,Simbad,83.71191,-5.49031,1.4100343442282628,0.20251006269618607,0.05568971782550209
83,393,2MASS J05345099-0517565,M5.5,1.0,H,0.0,14.82,3.09,9.824998294395504,,2840.0,-0.76,0.12,0.05,0.03,0.3,0.15,1.4,1.72,0.3,1.07,opt,H02,,,g,Simbad,83.71247,-5.29904,1.0943807609707858,0.16488167039062598,0.05568971782550209
84,232,V2061 Ori,M3,1.0,H,2.98,14.9,3.71,7.544999294395504,,3360.0,-0.236,0.29,0.06,0.13,1.1,0.9,0.3,2.25,0.37,7.64,opt,R09,2.0,A,,Simbad,83.71337,-5.28192,1.1805711763155244,0.37328233752136986,0.05568971782550209
85,19,V401 Ori,K2,1.0,H,3.06,13.56,2.19,4.604999294395505,,4760.0,0.228,1.51,0.13,0.11,5.5,2.6,3.7,1.91,0.28,6.63,opt,S99,2.0,,a,Simbad,83.71485,-5.42028,1.3130035829628084,1.0220712352574914,0.05568971782550209
86,272,V2064 Ori,M3.5,1.0,H13,0.59,14.66,2.94,8.924998294395506,,3260.0,-0.695,0.25,0.09,0.11,2.4,0.9,1.2,1.41,0.26,8.86,opt,P09,,,g,Simbad,83.71674,-5.40522,1.3600218458637463,0.23809488409486543,0.05568971782550209
87,241,2MASS J05345226-0512032,M3,1.0,H,0.01,14.43,2.55,8.884998294395503,,3360.0,-0.772,0.28,0.08,0.09,3.0,0.7,2.1,1.22,0.2,2.78,opt,H02,,,g,Simbad,83.71775,-5.20089,1.045799537981913,0.24179406194161834,0.05568971782550209
88,423,2MASS J05345236-0525006,M5.5,1.0,D10,,15.89,,,,2840.0,,,,,,,,,,1.21,opt,R09,3.0,,c,Simbad,83.71818,-5.41685,1.4326854163331606,0.0,0.0
89,154,KL Ori,M1.5,1.0,H,0.03,13.21,2.08,7.174998294395504,,3560.0,-0.352,0.37,0.05,0.1,1.5,0.2,0.8,1.76,0.24,2.03,opt,H02,3.0,N,,Simbad,83.71914,-5.40105,1.299301376077763,0.41156904214852047,0.05568971782550209
90,194,V1460 Ori,M3e,1.0,H,0.98,14.45,2.93,8.314998294395503,,3360.0,-0.543,0.32,0.09,0.06,2.0,0.5,0.8,1.58,0.26,3.69,opt,H02,2.0,A,,Simbad,83.71941,-5.4959,1.5280683458864126,0.2992730738142913,0.05568971782550209
91,541,2MASS J05345267-0521252,M4.5,1.0,H13,,16.12,,,,3020.0,,,,,,,,,,2.4,opt,H02,,,c,Simbad,83.7195,-5.357,1.197434165210392,0.0,0.0
92,108,V551 Ori,M0.5,1.0,H13,,13.83,2.81,,,3700.0,-0.129,0.44,0.07,0.13,1.1,0.2,0.5,2.1,0.29,8.9,opt,P09,2.0,,,Simbad,83.71983,-5.46516,1.1839248683994203,0.0,0.0
93,361,2MASS J05345284-0533483,M4.5,1.0,H13,1.08,15.05,3.13,9.014998294395506,,3020.0,-0.926,0.14,0.06,0.09,2.4,2.1,1.5,1.26,0.25,1.36,opt,H02,3.0,,,Simbad,83.72018,-5.56342,1.4217240187343296,0.2285047424579021,0.05568971782550209
94,292,V1461 Ori,M3.5e,1.0,H,0.0,14.69,2.5,9.104997294395504,,3260.0,-0.9,0.24,0.1,0.1,3.6,1.4,2.6,1.11,0.21,4.44,opt,S99,2.0,A,,Simbad,83.72051,-5.48309,1.3295729451969358,0.21986510115245803,0.05568971782550209
95,253,2MASS J05345343-0510279,M3.5,1.0,H,1.0,13.87,3.1,7.884997294395504,,3260.0,-0.279,0.27,0.09,0.11,1.1,1.01,0.3,2.28,0.43,4.58,opt,H02,3.0,N,,Simbad,83.72263,-5.17442,1.213062738675032,0.3403016366043042,0.05568971782550209
96,607,2MASS J05345389-0522206,M5.5,1.0,H,0.0,16.14,,,,2840.0,,,,,,,,,,2.35,opt,R09,,A,c,Simbad,83.72454,-5.37242,1.3695857647748413,0.0,0.0
97,496,V1462 Ori,M5.25,1.0,H13,2.96,15.79,3.7,8.444997294395504,,2860.0,-1.065,,,,,,,1.2,0.24,3.96,opt,P09,,,b,Simbad,83.72475,-5.46365,1.407969468464469,0.28648169033563375,0.05568971782550209
98,618,V1273 Ori,M5.3,1.0,P,0.0,15.88,3.18,10.974998294395503,,2856.0,-1.212,,,,,,,1.01,0.19,12.1,opt,G95,3.0,,b,Simbad,83.72547,-5.37404,1.278283753394002,0.11927940581045728,0.05568971782550209
99,80,V1463 Ori,K8,1.0,H13,4.97,15.36,3.73,6.034999294395504,,3940.0,0.006,0.62,0.05,0.07,1.2,0.3,0.6,2.17,0.26,1.37,opt,H00,3.0,N,,Simbad,83.72578,-5.48176,1.4005382771072532,0.5897563175450579,0.05568971782550209
100,378,2MASS J05345439-0517211,M5,1.0,H,0.0,14.8,3.27,9.984998294395504,,2880.0,-0.824,0.13,0.06,0.07,1.0,0.9,1.8,1.56,0.35,3.45,opt,R09,,,g,Simbad,83.72666,-5.28921,1.1715459365260017,0.15824045851244392,0.05568971782550209
101,247,V1464 Ori,M3e,1.0,H,1.8,15.55,3.25,8.914998294395504,,3360.0,-0.784,0.28,0.08,0.1,3.1,0.7,2.2,1.2,0.2,2.81,opt,P09,2.0,A,,Simbad,83.7277,-5.47173,1.4087659966251118,0.23870746006979046,0.05568971782550209
102,239,2MASS J05345483-0525125,M3e,1.0,H,1.65,15.44,3.19,8.894998294395505,,3360.0,-0.777,0.28,0.08,0.1,3.1,0.7,2.1,1.21,0.2,3.75,MIR,M11,,A,g,Simbad,83.72847,-5.42015,1.277184739803815,0.2411735650657282,0.05568971782550209
103,230,2MASS J05345506-0525294,M3,1.0,H,0.6,14.12,2.78,8.214998294395505,,3360.0,-0.505,0.29,0.06,0.1,1.7,0.4,0.8,1.65,0.27,4.52,opt,P09,3.0,N,,Simbad,83.72942,-5.42486,1.4370247997918686,0.30943875607837673,0.05568971782550209
104,207,V1466 Ori,M3,1.0,H13,0.59,13.87,2.46,7.654998294395504,,3360.0,-0.592,0.3,0.08,0.09,2.1,0.5,1.1,1.5,0.25,1.12,opt,H00,3.0,,,Simbad,83.73324,-5.52029,1.5485600541131603,0.36194810451003717,0.05568971782550209
105,11,KM Ori,K3,1.0,StE,1.21,10.15,1.56,2.414997294395505,,4550.0,1.143,2.08,0.85,0.57,0.4,0.2,0.2,6.0,0.9,17.4,opt,H00,3.0,,d,Simbad,83.73322,-5.38695,1.299603213020736,0.0,0.0
106,147,V478 Ori,M1.5,1.0,H,0.21,13.26,2.15,7.1149982943955035,,3560.0,-0.372,0.38,0.07,0.09,1.6,0.3,0.8,1.72,0.24,1.92,opt,S99,3.0,N,,Simbad,83.73323,-5.49067,1.3639629990887727,0.42011687177868345,0.05568971782550209
107,469,2MASS J05345636-0533404,M5.5,2.0,H13,0.0,15.32,2.88,10.114998294395503,,2840.0,-0.96,,,,,,,1.37,0.43,0.74,opt,R09,3.0,N,b,Simbad,83.73485,-5.56124,1.4449100770410843,0.15264920347244804,0.05568971782550209
108,370,2MASS J05345640-0538052,M5,1.0,H,0.0,14.25,2.81,8.974998294395503,,2880.0,-0.604,0.13,0.07,0.1,0.2,0.16,1.9,2.01,0.45,0.67,opt,H02,3.0,,e,Simbad,83.735,-5.63478,1.578116568564736,0.23265195862029767,0.05568971782550209
109,166,V2080 Ori,M2e,1.0,H,0.39,14.01,2.38,7.914997294395505,,3490.0,-0.598,0.36,0.07,0.06,2.7,0.9,1.1,1.37,0.19,6.52,opt,H02,2.0,,,Simbad,83.73547,-5.46419,1.358923524651591,0.33768848691293857,0.05568971782550209
110,400,2MASS J05345675-0526372,M5,1.0,H13,0.0,15.0,3.16,10.074998294395504,,2880.0,-0.904,0.11,0.05,0.09,0.5,0.4,2.5,1.42,0.32,0.92,opt,H02,3.0,,,Simbad,83.7365,-5.44368,1.4104191668889434,0.1542262340486992,0.05568971782550209
111,65,V1315 Ori,K7,1.0,H,3.83,14.91,3.08,6.074998294395504,,3970.0,-0.15,0.67,0.06,0.06,2.1,0.6,1.1,1.78,0.21,3.4,opt,R09,,N,g,Simbad,83.73682,-5.36011,1.1603875530434116,0.5837258017184691,0.05568971782550209
112,516,V1469 Ori,M3,1.0,H13,,15.95,,,,3360.0,,,,,,,,,,3.85,opt,H00,2.0,,c,Simbad,83.73722,-5.36841,1.2627737561451822,0.0,0.0
113,325,V1470 Ori,M4,1.0,H,0.13,14.94,2.96,9.684998294395504,,3160.0,-0.868,0.2,0.09,0.11,2.9,2.5,1.8,1.23,0.26,1.18,opt,R09,3.0,,,Simbad,83.73755,-5.38334,1.241450617411778,0.17092097783280943,0.05568971782550209
114,337,2MASS J05345714-0533294,M4.5,1.0,H13,1.9,15.08,3.65,8.744998294395502,,3020.0,-0.614,0.17,0.07,0.09,0.8,0.71,1.5,1.8,0.36,0.83,opt,R09,2.0,,e,Simbad,83.7381,-5.55819,1.3058340877920571,0.25585625821747743,0.05568971782550209
115,405,2MASS J05345737-0514334,M4.5,1.0,H,0.83,16.16,3.45,10.694998294395505,,3020.0,-1.17,0.11,0.05,0.09,3.8,1.8,2.8,0.95,0.19,0.59,opt,R09,,,g,Simbad,83.73906,-5.24264,1.2634992695188736,0.13016883398343768,0.05568971782550209
116,285,V402 Ori,M3.5,1.0,H13,0.0,14.07,2.41,8.394998294395505,,3260.0,-0.652,0.24,0.08,0.12,2.2,0.8,1.0,1.48,0.28,9.19,opt,H00,2.0,,,Simbad,83.74077,-5.38087,1.43151882525909,0.29168115133416955,0.05568971782550209
117,243,V1473 Ori,M3,1.0,H,1.88,15.16,3.28,8.474999294395504,,3360.0,-0.609,0.28,0.06,0.11,2.1,0.4,1.3,1.47,0.24,1.36,opt,H02,3.0,,,Simbad,83.74135,-5.49612,1.5311455659491373,0.283552289977892,0.05568971782550209
118,137,V2089 Ori,M1.5,1.0,H13,2.84,14.53,2.9,6.504998294395504,,3560.0,-0.443,0.38,0.06,0.09,1.9,0.4,1.1,1.58,0.22,8.85,opt,R09,,,g,Simbad,83.74179,-5.2938,1.1904202657851626,0.5080995208654797,0.05568971782550209
119,365,2MASS J05345819-0511536,M5,1.0,H13,0.0,14.45,2.94,9.304998294395505,,2880.0,-0.684,0.13,0.07,0.1,0.3,0.24,2.1,1.83,0.41,0.73,opt,R09,,,"e,g",Simbad,83.74247,-5.19824,1.2381589097149188,0.19992493743064932,0.05568971782550209
120,403,2MASS J05345827-0525332,M6,1.0,H13,0.44,14.49,3.45,9.414998294395504,,2800.0,-0.556,0.11,0.02,0.07,0.1,0.06,0.4,2.24,0.35,1.51,opt,H02,3.0,,,Simbad,83.74282,-5.42591,1.4886871190471789,0.19137984344999617,0.05568971782550209
121,502,2MASS J05345837-0521166,M3,1.0,H13,0.0,15.73,,,,3360.0,,,,,,,,,,1.5,opt,R09,3.0,N,c,Simbad,83.74324,-5.35462,1.313051365769912,0.0,0.0
122,193,V1474 Ori,M2.5,1.0,H,4.9,16.13,4.29,7.4349972943955045,,3425.0,-0.312,0.32,0.07,0.09,1.3,0.3,0.4,1.98,0.3,5.85,opt,P09,2.0,,,Simbad,83.74387,-5.54718,1.3657340797846145,0.3829981883972262,0.05568971782550209
123,564,2MASS J05345869-0512261,M5.5,1.0,H,0.0,16.05,3.33,11.294998294395503,,2840.0,-1.252,,,,,,,0.98,0.17,1.8,opt,H02,3.0,,b,Simbad,83.74455,-5.20727,1.2260269150206864,0.10625483785389761,0.05568971782550209
124,61,V2094 Ori,K6,1.0,H13,3.95,14.27,2.85,5.084999294395503,,4020.0,0.031,0.68,0.08,0.15,1.3,0.4,0.8,2.14,0.28,14.41,opt,H02,,N,g,Simbad,83.74497,-5.3549,1.2423884825923324,0.8472633711030118,0.05568971782550209
125,245,V1475 Ori,M3,1.0,H,0.0,14.32,2.38,8.614998294395503,,3360.0,-0.772,0.28,0.08,0.09,3.0,0.7,2.1,1.22,0.2,6.58,opt,R09,3.0,,,Simbad,83.74543,-5.46759,1.4490951456899397,0.26934852500568957,0.05568971782550209
126,377,2MASS J05345918-0523078,M4.75,1.0,H,0.39,15.24,3.43,10.194998294395505,,2950.0,-0.867,0.13,0.06,0.09,1.8,1.65,1.5,1.41,0.3,2.89,opt,R09,,,g,Simbad,83.74662,-5.38551,1.3632501706291065,0.14954335490479054,0.05568971782550209
127,182,V1318 Ori,M2.5,1.0,H,1.03,14.18,2.78,7.844999294395505,,3425.0,-0.474,0.34,0.08,0.06,1.8,0.4,0.6,1.64,0.25,8.63,opt,H02,,,g,Simbad,83.74816,-5.40006,1.3528931740050474,0.34470189987308447,0.05568971782550209
128,110,V1477 Ori,M1,1.0,H13,0.18,13.73,2.3,7.7649962943955035,,3630.0,-0.449,0.43,0.07,0.1,2.3,0.7,1.3,1.51,0.21,8.93,opt,P09,2.0,,,Simbad,83.74844,-5.42777,1.355805706691356,0.3518609735923497,0.05568971782550209
129,487,V2099 Ori,M5.5,2.0,H13,,17.32,1.9,,,2840.0,-1.76,,,,,,,0.55,0.17,7.29,MIR,M11,2.0,,b,Simbad,83.75091,-5.40253,1.3379886664992846,0.0,0.0
130,597,2MASS J05350023-0515590,K5.5,1.0,H,0.0,17.07,,,,4080.0,,,,,,,,,,1.25,opt,R09,2.0,,c,Simbad,83.751,-5.26639,1.6187714228156704,0.0,0.0
131,41,V2102 Ori,K6e,1.0,H,0.48,13.8,1.63,6.8649992943955045,,4020.0,-0.543,0.79,0.15,0.07,11.0,5.0,8.0,1.1,0.14,,,,2.0,,"a,f",Simbad,83.75195,-5.42064,1.5129681090064566,0.4561207343461758,0.05568971782550209
132,94,KW Ori,M0,1.0,H,1.76,13.85,2.48,6.4849982943955045,,3770.0,-0.301,0.51,0.09,0.11,2.0,0.6,1.4,1.66,0.23,7.29,opt,S99,2.0,,,Simbad,83.75343,-5.63555,1.5775916133474464,0.5120313697664315,0.05568971782550209
133,483,V2106 Ori,M5,1.0,H13,3.67,15.85,3.81,7.904998294395504,,2880.0,-0.932,,,,,,,1.38,0.31,3.11,opt,H02,2.0,,b,Simbad,83.75355,-5.5183,1.6226069296625454,0.3385572995918755,0.05568971782550209
134,190,2MASS J05350101-0524103,M2.5,1.0,H,1.51,13.41,2.97,6.784997294395504,,3425.0,-0.048,0.32,0.07,0.1,0.7,0.6,0.3,2.68,0.4,1.92,opt,H02,3.0,N,,Simbad,83.75423,-5.40289,1.3290070988787726,0.4667917434327709,0.05568971782550209
135,408,V2107 Ori,M4.5,1.0,H,0.0,15.88,2.9,10.694998294395505,,3020.0,-1.308,0.11,0.05,0.09,4.6,1.8,4.5,0.81,0.16,3.98,MIR,M11,,A,g,Simbad,83.75448,-5.38448,1.2770450781307154,0.13016883398343768,0.05568971782550209
136,596,2MASS J05350121-0521444,M6,1.0,H,0.0,16.6,,,,2800.0,,,,,,,,,,8.2,opt,R09,3.0,,c,Simbad,83.75508,-5.36233,1.2127827723672897,0.0,0.0
137,505,2MASS J05350132-0518212,M4.5,1.0,H13,,15.7,,,,3020.0,,,,,,,,,,2.74,opt,R09,3.0,,c,Simbad,83.7555,-5.30591,1.345381463620451,0.0,0.0
138,148,KV Ori,M1.5,1.0,H,0.24,13.74,2.16,7.574998294395504,,3560.0,-0.564,0.38,0.06,0.08,2.6,0.7,1.5,1.38,0.19,2.83,opt,Re01,3.0,N,,Simbad,83.75594,-5.15906,1.133478759170955,0.3704159316033153,0.05568971782550209
139,191,V1479 Ori,M2.5,1.0,H,0.59,14.04,2.61,7.974998294395503,,3425.0,-0.524,0.32,0.06,0.09,1.9,0.4,1.1,1.55,0.23,5.46,opt,H02,3.0,N,,Simbad,83.75619,-5.47244,1.5009830718544297,0.3316689065961191,0.05568971782550209
140,476,2MASS J05350158-0525339,M5,1.0,H13,0.0,15.59,2.89,10.394998294395505,,2880.0,-1.14,,,,,,,1.08,0.24,2.71,opt,R09,3.0,,b,Simbad,83.75659,-5.42611,1.4185806268111232,0.14168785782760615,0.05568971782550209
141,387,2MASS J05350160-0524101,M5,1.0,H13,0.88,15.11,3.62,9.764998294395506,,2880.0,-0.755,0.12,0.05,0.1,0.3,0.15,2.3,1.69,0.38,0.81,opt,R09,3.0,,e,Simbad,83.7567,-5.40282,1.5006554073986234,0.16744336601362644,0.05568971782550209
142,227,2MASS J05350161-0533380,M3,1.0,H,3.7,16.01,3.99,8.214998294395505,,3360.0,-0.506,0.29,0.06,0.1,1.7,0.4,0.8,1.65,0.27,6.69,opt,P09,,N,g,Simbad,83.75673,-5.56057,1.4595416997157775,0.30943875607837673,0.05568971782550209
143,455,2MASS J05350171-0527099,M4.9,1.0,D10,,16.15,,,,2908.0,,,,,,,,,,3.37,opt,R09,,,c,Simbad,83.75715,-5.45276,1.4926259732288647,0.0,0.0
144,354,2MASS J05350182-0530193,M4.5,1.0,H,0.0,14.98,2.99,9.884998294395503,,3020.0,-0.948,0.15,0.07,0.08,2.7,2.5,1.4,1.23,0.24,3.78,opt,R09,3.0,,,Simbad,83.75762,-5.50537,1.561490600362297,0.16235916583635,0.05568971782550209
145,388,V2120 Ori,M5,1.0,H13,2.62,15.52,4.3,9.114998294395503,,2880.0,-0.494,0.12,0.03,0.12,0.1,0.08,1.6,2.28,0.51,1.69,opt,R09,2.0,,,Simbad,83.75863,-5.30629,1.2191030293085117,0.21873810441653704,0.05568971782550209
146,163,JW 222,M2,1.0,H,1.59,14.14,2.85,7.3149982943955045,,3490.0,-0.356,0.36,0.07,0.07,1.5,0.3,0.5,1.81,0.25,5.17,opt,H00,2.0,N,,Simbad,83.7591,-5.48607,1.5392703448984246,0.3949915947892526,0.05568971782550209
147,5,V403 Ori,K3,1.0,H,4.03,11.33,2.66,1.874997294395504,,4550.0,1.357,2.51,1.02,0.49,0.3,0.1,0.1,7.68,1.15,6.09,MIR,M11,3.0,N,a,Simbad,83.75992,-5.26333,1.2185265487079089,0.0,0.0
148,477,2MASS J05350270-0532249,M6,1.0,H13,,16.27,4.25,,,2800.0,-1.174,,,,,,,1.1,0.17,2.73,opt,R09,3.0,,b,Simbad,83.76125,-5.54026,1.5498658834386796,0.0,0.0
149,484,V2124 Ori,M5.5,1.0,H13,1.03,16.66,3.68,11.224998294395503,,2840.0,-1.496,,,,,,,0.74,0.13,3.22,opt,H02,2.0,,b,Simbad,83.76152,-5.53412,1.505131995348693,0.10930094566496638,0.05568971782550209
150,153,V2128 Ori,M1.5,1.0,H,0.88,14.17,2.41,7.6149982943955035,,3560.0,-0.605,0.37,0.06,0.09,2.8,0.8,1.9,1.31,0.18,7.75,opt,H02,,N,g,Simbad,83.76315,-5.30831,1.2880500752351092,0.3666282669840486,0.05568971782550209
151,611,V2129 Ori,M6,1.0,H,0.0,15.57,,,,2800.0,,,,,,,,,,5.53,NIR,C01,,,c,Simbad,83.76343,-5.29814,1.3945594756789517,0.0,0.0
152,409,2MASS J05350343-0526100,M4.5,1.0,H,0.0,15.95,2.88,10.744998294395502,,3020.0,-1.336,0.11,0.05,0.09,4.8,1.8,4.6,0.78,0.16,3.96,MIR,M11,3.0,,,Simbad,83.7643,-5.43613,1.4171846933052403,0.12817739687723836,0.05568971782550209
153,601,2MASS J05350370-0522457,M5.5,1.0,H,0.0,16.53,,,,2840.0,,,,,,,,,,5.11,MIR,M11,2.0,A,c,Simbad,83.76542,-5.37936,1.4154774311311822,0.0,0.0
154,317,V2136 Ori,M4,1.0,H13,0.8,15.32,3.22,9.654998294395503,,3160.0,-0.857,0.21,0.09,0.11,2.9,2.3,1.9,1.24,0.26,5.22,opt,H02,2.0,,,Simbad,83.76651,-5.31661,1.3912149323043843,0.17357650357897603,0.05568971782550209
155,140,V1482 Ori,M1.5,1.0,H13,0.34,13.58,2.36,7.514997294395505,,3560.0,-0.4,0.38,0.06,0.1,1.7,0.3,0.9,1.66,0.23,10.15,opt,H00,2.0,N,,Simbad,83.76694,-5.44366,1.498594600753398,0.3761709246745875,0.05568971782550209
156,500,2MASS J05350416-0520156,M4,1.0,H13,,16.54,,,,3160.0,,,,,,,,,,1.24,opt,R09,3.0,,c,Simbad,83.76734,-5.33768,1.3740170851084803,0.0,0.0
157,335,2MASS J05350416-0522243,M4,1.0,H13,0.0,15.47,2.91,10.294999294395504,,3160.0,-1.111,0.17,0.08,0.12,4.3,2.3,4.8,0.93,0.19,2.48,opt,R09,3.0,A,,Simbad,83.76737,-5.37343,1.5115049596967765,0.14574975749428976,0.05568971782550209
158,179,V1322 Ori,M2e,1.0,H,1.21,13.95,2.7,7.354998294395504,,3490.0,-0.374,0.35,0.06,0.08,1.5,0.2,0.6,1.78,0.25,8.73,opt,H00,2.0,A,,Simbad,83.76748,-5.44107,1.485756945474759,0.3909526332845051,0.05568971782550209
159,125,V2138 Ori,M1,1.0,H,3.11,15.69,3.19,7.684997794395505,,3630.0,-0.678,0.41,0.06,0.11,4.2,1.5,3.5,1.16,0.16,13.33,opt,R09,3.0,,,Simbad,83.7675,-5.25594,1.3458464379772548,0.3591687332821208,0.05568971782550209
160,18,V2140 Ori,K2,1.0,H,3.47,13.64,2.35,4.434997794395505,,4760.0,0.296,1.58,0.12,0.12,4.3,1.9,3.2,2.06,0.3,3.82,opt,H02,,N,a,Simbad,83.76875,-5.39904,1.382512656999821,1.0926857779218853,0.05568971782550209
161,210,V1483 Ori,M3,1.0,H,1.16,14.02,3.0,7.774999294395505,,3360.0,-0.328,0.3,0.07,0.09,1.3,0.8,0.4,2.03,0.34,2.71,opt,H02,,,g,Simbad,83.76876,-5.43456,1.4354725629324576,0.3509580207526128,0.05568971782550209
162,32,Parenago 1726,K4.5,1.0,H,1.02,12.62,1.71,5.224997294395504,,4235.0,0.106,0.95,0.25,0.33,1.9,0.9,2.3,2.1,0.32,9.23,opt,P09,2.0,N,,Simbad,83.7689,-5.49395,1.6324604794722457,0.8006966624955978,0.05568971782550209
163,213,V1323 Ori,M3,1.0,H,1.7,14.35,3.21,7.775000294395504,,3360.0,-0.328,0.3,0.07,0.09,1.3,0.8,0.4,2.03,0.34,0.96,opt,R09,2.0,N,,Simbad,83.7692,-5.43974,1.561222896343018,0.3509580207526128,0.05568971782550209
164,185,2MASS J05350461-0524424,M2,1.0,H,0.0,14.68,2.12,8.714998294395505,,3490.0,-0.928,0.33,0.06,0.07,6.3,2.3,3.7,0.94,0.13,0.84,opt,R09,3.0,N,,Simbad,83.76922,-5.4118,1.4601468660236625,0.2591646022688198,0.05568971782550209
165,105,V2143 Ori,M0.5,1.0,H,1.29,13.69,2.38,6.6949982943955035,,3700.0,-0.342,0.46,0.08,0.1,1.9,0.5,1.2,1.64,0.22,10.98,opt,H02,2.0,N,,Simbad,83.76981,-5.44389,1.490391209859281,0.4801737032995592,0.05568971782550209
166,357,V2145 Ori,M4.5,1.0,H,0.0,14.51,2.64,9.064998294395503,,3020.0,-0.76,0.15,0.06,0.1,1.7,1.51,1.2,1.52,0.3,5.22,opt,H02,2.0,,,Simbad,83.77008,-5.37742,1.4938413809168305,0.22385551330425044,0.05568971782550209
167,401,V2148 Ori,M5,1.0,H13,0.04,14.9,3.14,9.914996294395506,,2880.0,-0.864,0.11,0.04,0.09,0.4,0.3,2.6,1.49,0.33,7.75,opt,H02,2.0,,,Simbad,83.7711,-5.61217,1.2539858958440429,0.1611124224814569,0.05568971782550209
168,98,V387 Ori,M0,1.0,H,0.22,12.74,1.88,6.3149982943955045,,3770.0,-0.188,0.49,0.07,0.14,1.4,0.3,0.9,1.89,0.26,8.25,NIR,C01,2.0,,,Simbad,83.7722,-5.57459,1.374472341117059,0.5418099572273222,0.05568971782550209
169,89,V2150 Ori,M0,1.0,H,2.3,14.3,2.69,6.604998294395504,,3770.0,-0.35,0.52,0.1,0.11,2.4,0.9,1.7,1.57,0.21,6.54,opt,P09,2.0,,,Simbad,83.77239,-5.40293,1.4357310237095484,0.4926717393082925,0.05568971782550209
170,34,V2151 Ori,K5,1.0,StE,0.43,12.88,1.61,5.974997294395504,,4140.0,-0.106,0.86,0.2,0.25,3.0,1.4,3.1,1.72,0.25,9.8,opt,H02,,N,g,Simbad,83.77252,-5.45475,1.4947281468532383,0.6020048980004077,0.05568971782550209
171,549,V2154 Ori,M6,1.0,H13,0.0,17.49,,,,2800.0,,,,,,,,,,3.56,MIR,M11,,,c,Simbad,83.77271,-5.37514,1.409190177083267,0.0,0.0
172,144,V2155 Ori,M1.5e,1.0,H,0.6,14.07,2.3,7.6849972943955045,,3560.0,-0.634,0.38,0.06,0.08,3.2,1.0,1.9,1.27,0.18,2.98,opt,P09,,A,g,Simbad,83.7729,-5.46451,1.5234998701301108,0.3591687332821208,0.05568971782550209
173,593,V1324 Ori,M2,1.0,H,0.13,13.01,2.28,7.074998294395504,,3490.0,,,,,,,,,,0.95,opt,H02,3.0,,c,Simbad,83.77369,-5.41829,1.2805202250461591,0.4255491842939247,0.05568971782550209
174,521,V2157 Ori,M3,1.0,H13,,16.27,,,,3360.0,,,,,,,,,,5.99,opt,R09,2.0,,c,Simbad,83.77387,-5.19308,1.3371285808987547,0.0,0.0
175,31,V480 Ori,K4.5,4.0,H,1.61,13.66,1.94,5.904999294395504,,4235.0,-0.166,0.98,0.59,0.24,4.9,3.9,22.6,1.53,0.56,6.76,opt,H02,2.0,A,a,Simbad,83.77385,-5.40514,1.3445331043873463,0.6192631410991564,0.05568971782550209
176,240,V1484 Ori,M3,1.0,H,0.31,13.44,2.67,7.714998294395505,,3360.0,-0.301,0.28,0.04,0.12,1.2,0.9,0.3,2.09,0.35,1.99,opt,H02,,N,g,Simbad,83.77389,-5.4406,1.4384351812464908,0.3564107046288066,0.05568971782550209
177,307,V408 Ori,M4e,1.0,H13,1.44,14.6,3.11,8.184998294395504,,3160.0,-0.638,0.22,0.08,0.11,2.1,1.8,0.7,1.6,0.33,3.08,opt,P09,2.0,A,,Simbad,83.77401,-5.5655,1.4308486276374297,0.3118332996333996,0.05568971782550209
178,267,2MASS J05350584-0527016,M3.5,1.0,H,0.85,13.96,3.04,8.064998294395503,,3260.0,-0.352,0.26,0.07,0.12,1.2,1.0,0.4,2.09,0.39,3.15,opt,P09,3.0,N,,Simbad,83.77437,-5.45046,1.4302143545007815,0.3232551706196343,0.05568971782550209
179,68,V2162 Ori,K8,1.0,H,3.48,15.17,3.07,6.674998294395504,,3940.0,-0.33,0.66,0.08,0.08,3.6,1.3,1.9,1.47,0.18,7.39,opt,P09,2.0,,,Simbad,83.77453,-5.4525,1.528715527880229,0.4826476855887318,0.05568971782550209
180,592,V2163 Ori,M4.5,1.0,H,0.0,16.26,,,,3020.0,,,,,,,,,,0.78,opt,H02,3.0,,c,Simbad,83.77542,-5.24028,1.3692749940883453,0.0,0.0
181,610,JW 285,M4,1.0,H,0.0,15.06,,,,3160.0,,,,,,,,,,4.82,opt,H02,,,c,Simbad,83.77562,-5.33212,1.343073490430795,0.0,0.0
182,33,2MASS J05350627-0522027,K5,1.0,H,3.77,14.91,2.78,5.834998294395504,,4140.0,-0.188,0.88,0.22,0.2,4.1,2.1,4.3,1.57,0.23,3.81,opt,R09,,N,a,Simbad,83.77616,-5.36742,1.3771547286710275,0.6370161425559265,0.05568971782550209
183,436,2MASS J05350642-0527048,M4.7,1.0,D10,,15.48,,,,2964.0,,,,,,,,,,3.1,opt,R09,2.0,,c,Simbad,83.77676,-5.45134,1.4689027628424822,0.0,0.0
184,356,V2166 Ori,M4.5,1.0,H,0.96,15.41,3.5,9.864998294395503,,3020.0,-0.839,0.15,0.06,0.1,2.2,2.01,1.2,1.39,0.28,2.57,opt,H02,2.0,,,Simbad,83.77691,-5.51924,1.5666395343161843,0.16319568332575815,0.05568971782550209
185,590,JW 288,M5,1.0,H,0.0,15.44,2.73,10.084998294395506,,2880.0,-1.08,,,,,,,1.16,0.26,3.3,opt,R09,,,b,Simbad,83.77692,-5.35522,1.3830653707620215,0.15383045552693128,0.05568971782550209
186,112,Parenago 1754,M1,1.0,H,0.24,12.86,2.07,6.604998294395504,,3630.0,-0.22,0.43,0.09,0.08,1.3,0.3,0.6,1.96,0.27,1.91,opt,H02,,N,g,Simbad,83.77712,-5.4115,1.3794362311620387,0.4926717393082925,0.05568971782550209
187,399,V2167 Ori,M4.5,1.0,H13,0.0,15.8,1.65,9.364998294395503,,3020.0,-1.276,0.11,0.05,0.09,4.4,1.9,3.9,0.84,0.17,4.95,opt,R09,,,g,Simbad,83.77725,-5.41707,1.384370481818889,0.1953545891886893,0.05568971782550209
188,306,V2168 Ori,M3:,1.0,H13,,17.0,2.86,,,3360.0,-1.607,0.22,0.09,0.09,26.5,16.5,32.5,0.46,0.08,2.39,opt,P09,2.0,,,Simbad,83.77736,-5.54765,1.5049834557678838,0.0,0.0
189,330,2MASS J05350660-0526509,M4.5e,1.0,H,0.47,14.3,3.31,9.054999294395506,,3020.0,-0.514,0.19,0.09,0.08,0.4,0.32,1.6,2.02,0.4,,,,2.0,A,f,Simbad,83.7775,-5.44748,1.5479621058173596,0.225008876288193,0.05568971782550209
190,515,V2170 Ori,M3.5,1.0,H13,,15.43,,,,3260.0,,,,,,,,,,2.76,opt,H02,2.0,,c,Simbad,83.77879,-5.43351,1.3747712922308708,0.0,0.0
191,513,2MASS J05350713-0518305,M5,1.0,H13,0.0,16.91,,,,2880.0,,,,,,,,,,1.9,opt,R09,2.0,,c,Simbad,83.77972,-5.30849,1.3470399511339202,0.0,0.0
192,344,2MASS J05350727-0522266,M4.5,1.0,H13,0.6,14.3,2.78,8.394998294395505,,3020.0,-0.676,0.16,0.06,0.11,1.2,1.1,1.3,1.68,0.33,2.74,opt,R09,,,g,Simbad,83.78032,-5.37407,1.5087858847851827,0.29168115133416955,0.05568971782550209
193,512,[H97b] 302,M5.5,1.0,H13,,14.88,,,,2840.0,,,,,,,,,,0.77,opt,R09,2.0,,c,Simbad,83.78071,-5.37469,1.2118461903030169,0.0,0.0
194,567,2MASS J05350744-0526401,M5,1.0,H,0.0,15.07,3.26,10.244998294395502,,2880.0,-0.932,,,,,,,1.38,0.31,3.03,opt,H02,3.0,,b,Simbad,83.78103,-5.44449,1.4916310578459828,0.14763437171694038,0.05568971782550209
195,76,V2174 Ori,K8.5,2.0,H13,,15.23,3.02,,,3910.0,-0.42,0.63,0.17,0.25,4.4,2.3,5.6,1.34,0.21,7.92,opt,H02,2.0,,,Simbad,83.78137,-5.18737,1.343378105848101,0.0,0.0
196,268,V1275 Ori,M3.5,1.0,H,1.08,14.94,3.13,8.904998294395503,,3260.0,-0.688,0.26,0.1,0.09,2.4,1.0,1.1,1.42,0.27,6.14,opt,E93,3.0,,,Simbad,83.78269,-5.48817,1.4802738848205068,0.23993734422306234,0.05568971782550209
197,288,2MASS J05350786-0517053,M3,1.0,H,0.0,15.48,2.47,9.864997294395502,,3360.0,-1.236,0.24,0.08,0.11,9.5,4.4,10.5,0.71,0.12,1.39,opt,R09,3.0,N,,Simbad,83.78276,-5.28481,1.532480575847069,0.16319568332575815,0.05568971782550209
198,295,V2178 Ori,M3.5,1.0,H13,0.0,14.77,2.03,8.714999294395506,,3260.0,-0.932,0.23,0.08,0.11,3.7,1.3,3.2,1.07,0.2,0.72,opt,R09,,,g,Simbad,83.78312,-5.35479,1.5106860190102709,0.2591646022688198,0.05568971782550209
199,93,LN Ori,M0,1.0,H,1.3,14.55,2.3,7.464998294395505,,3770.0,-0.694,0.51,0.11,0.15,7.0,2.9,7.0,1.06,0.14,6.87,MIR,M11,2.0,,,Simbad,83.78341,-5.54564,1.4057424430220835,0.38005717521906285,0.05568971782550209
200,287,V1485 Ori,M3.5,1.0,H,0.36,14.83,2.85,9.234998294395504,,3260.0,-0.819,0.24,0.09,0.1,3.0,0.9,2.1,1.22,0.23,8.93,opt,R09,,,g,Simbad,83.78342,-5.61294,1.3559476347617383,0.20671597066556133,0.05568971782550209
201,508,2MASS J05350803-0536140,M5.5,1.0,H13,,15.24,,,,2840.0,,,,,,,,,,4.03,opt,H02,3.0,,c,Simbad,83.7835,-5.60392,1.357197598992727,0.0,0.0
202,407,2MASS J05350825-0529121,M4.5,1.0,H,0.5,15.95,3.32,10.684998294395504,,3020.0,-1.168,0.11,0.05,0.09,3.8,1.8,2.7,0.95,0.19,3.43,opt,R09,,,g,Simbad,83.78439,-5.4867,1.48431643022979,0.13050373534297502,0.05568971782550209
203,558,V2181 Ori,M5.5e,1.0,H13,,14.83,,,,2840.0,,,,,,,,,,8.13,opt,R09,,,c,Simbad,83.78457,-5.40969,1.4906580918848131,0.0,0.0
204,517,2MASS J05350834-0516204,M5,1.0,H13,,16.78,,,,2880.0,,,,,,,,,,4.12,opt,R09,2.0,,c,Simbad,83.78479,-5.27234,1.472440233550237,0.0,0.0
205,28,V1397 Ori,K2,1.0,H,3.52,14.73,2.37,5.494996294395504,,4760.0,-0.127,1.11,0.13,0.13,16.0,6.6,10.0,1.27,0.18,5.41,opt,H00,,,a,Simbad,83.78496,-5.47482,1.5601330404625935,0.7262108934667123,0.05568971782550209
206,178,V2184 Ori,M2,1.0,H,2.1,13.92,3.05,6.784997294395504,,3490.0,-0.144,0.35,0.06,0.08,1.0,0.6,0.2,2.32,0.32,11.37,opt,P09,2.0,,,Simbad,83.78555,-5.42166,1.4475272523517202,0.4667917434327709,0.05568971782550209
207,612,V2186 Ori,M4.5,1.0,H,0.0,15.99,,,,3020.0,,,,,,,,,,6.25,opt,P09,,A,c,Simbad,83.78582,-5.43874,1.512117864991799,0.0,0.0
208,30,LM Ori,K4,1.0,H,1.13,12.86,1.64,5.284998294395503,,4330.0,0.023,1.09,0.3,0.23,3.3,1.7,3.7,1.83,0.28,18.83,opt,Rh01,2.0,,"a,d",Simbad,83.78688,-5.53031,1.6242348804144289,0.7844054370861645,0.05568971782550209
209,538,V2188 Ori,M4,1.0,H13,,16.5,,,,3160.0,,,,,,,,,,1.23,opt,R09,,,c,Simbad,83.78712,-5.32589,1.3954548565159133,0.0,0.0
210,353,2MASS J05350904-0520172,M4,1.0,H,0.0,15.92,1.56,9.394998294395505,,3160.0,-1.372,0.15,0.07,0.12,6.9,2.9,12.6,0.69,0.14,1.16,opt,R09,2.0,A,,Simbad,83.78771,-5.33813,1.5067547552756388,0.19286080652166263,0.05568971782550209
211,20,V356 Ori,K3,1.0,StE,0.85,11.78,1.42,4.264997294395505,,4550.0,0.403,1.44,0.37,0.29,1.8,0.8,2.0,2.56,0.38,1.57,opt,H00,,N,a,Simbad,83.78773,-5.49977,1.491562003878092,1.1772188259659713,0.05568971782550209
212,616,2MASS J05350947-0520588,M6,1.0,Luc01,,16.17,,,,2800.0,,,,,,,,,,3.17,opt,R09,2.0,,c,Simbad,83.7895,-5.34967,1.7462242999806512,0.0,0.0
213,402,2MASS J05350959-0527599,M5.5,2.0,H13,0.0,14.7,1.92,8.534997294395504,,2840.0,-0.712,0.11,0.06,0.15,0.2,0.17,2.4,1.82,0.58,7.14,opt,R09,2.0,N,,Simbad,83.79,-5.46667,1.5721463311175772,0.27707019361383173,0.05568971782550209
214,131,V484 Ori,M1e,1.0,H,0.95,13.64,2.35,6.954998294395503,,3630.0,-0.382,0.41,0.05,0.11,1.8,0.4,1.4,1.63,0.23,5.27,opt,H00,2.0,A,,Simbad,83.78997,-5.47301,1.4212296967454652,0.4434091066175272,0.05568971782550209
215,152,V2191 Ori,M1e,1.0,H,0.0,15.57,1.31,8.794998294395503,,3630.0,-1.304,0.37,0.08,0.11,28.0,13.0,31.0,0.56,0.08,8.01,opt,R09,2.0,A,a,Simbad,83.79022,-5.43982,1.6246290130888434,0.2512954059658042,0.05568971782550209
216,217,[H97b] 332,M3,1.0,H13,0.0,14.25,2.07,8.234998294395504,,3360.0,-0.744,0.29,0.09,0.09,2.9,0.6,1.8,1.26,0.21,,,,,,f,Simbad,83.79033,-5.35689,1.1857903944650126,0.3070626000363092,0.05568971782550209
217,82,V1326 Ori,K8,1.0,H,0.12,11.71,1.76,5.264998294395504,,3940.0,0.236,0.61,0.09,0.1,0.7,0.1,0.2,2.82,0.34,19.5,opt,H00,3.0,N,d,Simbad,83.79063,-5.39076,1.2317005696088297,0.7904754362281722,0.05568971782550209
218,204,2MASS J05350985-0519339,M3,1.0,E,1.9,14.42,3.45,7.884999294395504,,3360.0,-0.207,0.3,0.06,0.11,1.1,0.9,0.2,2.33,0.39,7.35,opt,R09,2.0,,,Simbad,83.79105,-5.32611,1.3852679017135583,0.3403016366043042,0.05568971782550209
219,528,2MASS J05351014-0522326,M2,1.0,H13,,14.0,,,,3490.0,,,,,,,,,,,,,,,"c,f",Simbad,83.79227,-5.37574,1.4569392773648813,0.0,0.0
220,318,V2199 Ori,M3.5,1.0,H,0.0,15.25,1.94,9.104998294395505,,3260.0,-1.124,0.21,0.08,0.1,5.5,1.9,6.0,0.86,0.16,,,,,,f,Simbad,83.79246,-5.33919,1.508407814486565,0.21986510115245803,0.05568971782550209
221,619,[H97b] 3056,M6.25,0.25,RRL,,16.76,,,,2762.5,,,,,,,,,,3.86,opt,R09,2.0,,c,Simbad,83.79242,-5.35008,1.258704668224104,0.0,0.0
222,363,2MASS J05351029-0519563,M4.5,1.0,H,0.47,15.33,3.31,10.084998294395506,,3020.0,-0.926,0.14,0.06,0.09,2.4,2.1,1.5,1.26,0.25,2.66,opt,R09,,,g,Simbad,83.79291,-5.33231,1.4000882984879892,0.15383045552693128,0.05568971782550209
223,507,2MASS J05351047-0526003,M5.5,1.0,H13,,15.73,,,,2840.0,,,,,,,,,,3.12,opt,P09,3.0,,c,Simbad,83.79365,-5.43342,1.339814897449967,0.0,0.0
224,497,V2202 Ori,K9,2.0,H13,,16.53,1.92,,,3880.0,-1.656,,,,,,,0.33,0.06,9.25,opt,P09,,,b,Simbad,83.79393,-5.40458,1.231881879424036,0.0,0.0
225,382,2MASS J05351057-0533136,M5,1.0,H,1.16,14.92,3.73,9.404998294395503,,2880.0,-0.61,0.13,0.07,0.1,0.2,0.16,2.0,1.99,0.45,1.65,opt,R09,3.0,N,,Simbad,83.79407,-5.55378,1.4963626628886035,0.1923658831684281,0.05568971782550209
226,39,V1227 Ori,K5,1.0,StE,0.42,12.53,1.75,5.774998294395504,,4140.0,0.121,0.83,0.21,0.26,1.4,0.5,1.4,2.23,0.33,7.33,opt,C96,,,g,Simbad,83.79408,-5.36562,1.36818633121099,0.6519192253005995,0.05568971782550209
227,47,LQ Ori,K8,1.0,H,0.99,10.36,2.1,3.384997294395504,,3940.0,0.989,0.75,0.11,0.08,0.03,0.02,0.03,6.72,0.8,8.0,opt,H00,3.0,N,,Simbad,83.79471,-5.39572,1.4003076458385328,0.0,0.0
228,550,2MASS J05351083-0525569,M6.5,1.0,H13,,17.35,,,,2725.0,,,,,,,,,,4.26,opt,H02,,,c,Simbad,83.79516,-5.4325,1.3852497774525503,0.0,0.0
229,443,2MASS J05351091-0522463,M2.7,1.0,D10,,15.03,,,,3399.0,,,,,,,,,,,,,2.0,A,"c,f",Simbad,83.79549,-5.37955,1.3542230803502096,0.0,0.0
230,600,V2207 Ori,M3e,1.0,H,0.0,13.71,,,,3360.0,,,,,,,,,,4.69,opt,H02,2.0,A,c,Simbad,83.7956,-5.4135,1.5988558315150572,0.0,0.0
231,331,V1488 Ori,M4.5,1.0,H,0.27,13.91,3.23,8.784997294395504,,3020.0,-0.408,0.19,0.07,0.09,0.2,0.13,1.3,2.28,0.45,2.73,opt,H00,3.0,,,Simbad,83.79635,-5.58323,1.436713477879488,0.25194194454595426,0.05568971782550209
232,121,V2214 Ori,M1,1.0,H,3.34,14.87,3.28,6.724997294395504,,3630.0,-0.294,0.42,0.09,0.1,1.5,0.3,0.8,1.8,0.25,4.03,opt,H02,2.0,,,Simbad,83.79673,-5.28915,1.5866079194298963,0.4752637175459289,0.05568971782550209
233,349,2MASS J05351133-0514015,M4.5,1.0,H,3.06,16.52,4.32,9.694998294395505,,3020.0,-0.772,0.16,0.07,0.08,2.1,1.91,0.8,1.5,0.3,1.71,opt,R09,2.0,,,Simbad,83.79725,-5.23378,1.433645462676442,0.17048235691748292,0.05568971782550209
234,113,2MASS J05351138-0519121,M1,1.0,H,,13.7,2.12,,,3630.0,-0.55,0.43,0.09,0.1,3.1,1.1,1.8,1.34,0.19,2.94,opt,H02,,,g,Simbad,83.79742,-5.32003,1.5171798763329591,0.0,0.0
235,27,LU Ori,K4,1.0,StE,2.23,11.7,1.96,3.344998294395504,,4330.0,0.687,1.11,0.33,0.48,0.5,0.1,0.4,3.93,0.6,4.08,opt,H00,3.0,,,Simbad,83.7979,-5.43398,1.52087762481255,0.0,0.0
236,1,LT Ori,G8,1.0,StE,3.11,10.94,1.85,1.594998294395504,,5210.0,1.128,2.73,0.21,0.27,1.8,0.5,0.6,4.49,0.54,0.5,opt,G95,,,"a,e",Simbad,83.79845,-5.2827,1.4773565982519103,0.0,0.0
237,334,2MASS J05351165-0524213,M4.75,1.0,H,2.0,14.99,3.98,8.884998294395503,,2950.0,-0.424,0.18,0.08,0.09,0.2,0.17,1.2,2.35,0.49,4.03,opt,R09,3.0,A,,Simbad,83.79855,-5.40594,1.5922999424262163,0.24179406194161834,0.05568971782550209
238,433,2MASS J05351172-0523518,M4.4,1.0,D10,,15.29,,,,3048.0,,,,,,,,,,1.14,opt,R09,2.0,,c,Simbad,83.79875,-5.39758,1.2399524175127743,0.0,0.0
239,398,2MASS J05351178-0521555,M5.5,1.0,H13,,14.7,1.48,,,2840.0,-0.712,0.11,0.03,0.05,0.2,0.12,1.5,1.82,0.32,3.95,opt,R09,,,g,Simbad,83.79908,-5.36544,1.5048190718314962,0.0,0.0
240,556,2MASS J05351185-0517259,M3.5,1.0,H13,,16.21,,,,3260.0,,,,,,,,,,6.85,opt,R09,,,c,Simbad,83.79937,-5.29056,1.4886460114089877,0.0,0.0
241,102,Parenago 1801,M0.5,1.0,H,,12.45,1.87,,,3700.0,-0.064,0.46,0.09,0.1,1.0,0.2,0.4,2.26,0.31,3.06,opt,P09,,,g,Simbad,83.79953,-5.53202,1.4932892823291222,0.0,0.0
242,578,[OW94] 121-925,M4.5,1.0,H,,15.52,5.4,,,3020.0,0.302,,,,,,,5.17,1.02,6.45,opt,R09,2.0,,b,Simbad,83.80033,-5.3235,1.4837401602493492,0.0,0.0
243,527,V2224 Ori,M1.5,2.0,H13,,15.97,,,,3560.0,,,,,,,,,,,,,,,"c,f",Simbad,83.80054,-5.40939,1.2491687094286037,0.0,0.0
244,417,V1276 Ori,M5.4,1.0,P,0.75,15.21,3.87,10.244998294395502,,2848.0,-0.782,0.1,0.03,0.06,0.2,0.1,2.1,1.67,0.3,5.59,opt,P09,2.0,,,Simbad,83.80067,-5.5056,1.5680243482719791,0.14763437171694038,0.05568971782550209
245,107,LW Ori,M0.5,1.0,H,0.6,13.25,2.11,6.674997294395505,,3700.0,-0.334,0.45,0.06,0.13,1.8,0.5,1.4,1.66,0.23,7.75,opt,P09,2.0,,,Simbad,83.80087,-5.50914,1.55252608873145,0.4826476855887318,0.05568971782550209
246,614,V1228 Ori,K1,1.0,H,0.81,12.89,2.11,6.104998294395504,,4920.0,,,,,,,,,,9.03,opt,H00,,,c,Simbad,83.80115,-5.39666,1.6035192856905378,0.5777569505490493,0.05568971782550209
247,613,V2225 Ori,M3,1.0,H,0.0,16.1,,,,3360.0,,,,,,,,,,7.44,opt,H02,,,c,Simbad,83.80287,-5.3265,1.486538631016298,0.0,0.0
248,609,JW 392,M6.25,1.0,H,0.0,15.21,,,,2762.5,,,,,,,,,,3.9,opt,P09,,,c,Simbad,83.80295,-5.45295,1.640335644319777,0.0,0.0
249,202,V1492 Ori,M3,1.0,H,1.31,14.57,3.06,8.234998294395504,,3360.0,-0.51,0.31,0.09,0.09,1.8,0.5,0.7,1.64,0.27,7.11,opt,S99,3.0,,,Simbad,83.80295,-5.27042,1.4763235867431506,0.3070626000363092,0.05568971782550209
250,50,2MASS J05351273-0516527,K8,1.0,H13,4.91,14.05,3.5,4.554997294395504,,3940.0,0.386,0.72,0.19,0.0,0.6,0.2,0.1,3.35,0.4,1.08,opt,R09,3.0,N,,Simbad,83.80308,-5.28133,1.491177003230591,1.043298514022833,0.05568971782550209
251,258,2MASS J05351278-0520390,M3,1.0,H13,0.0,15.05,2.55,9.514998294395506,,3360.0,-1.02,0.26,0.08,0.09,5.6,2.1,4.4,0.91,0.15,2.42,opt,R09,,,g,Simbad,83.80321,-5.34417,1.216011225589199,0.18367132080734228,0.05568971782550209
252,38,V485 Ori,K5,1.0,H,2.65,13.57,2.62,5.454997294395504,,4140.0,0.248,0.83,0.2,0.25,1.0,0.3,0.8,2.59,0.38,9.08,opt,E93,3.0,N,,Simbad,83.80341,-5.25667,1.4822799026788047,0.7374937198886039,0.05568971782550209
253,53,V2230 Ori,K6,1.0,D10,,15.1,3.1,,,4020.0,-0.145,0.71,0.11,0.16,2.3,0.8,1.8,1.75,0.23,4.85,opt,R09,3.0,,,Simbad,83.80421,-5.31782,1.5173591003135205,0.0,0.0
254,63,2MASS J05351304-0520302,K6,1.0,H,6.15,14.98,3.84,4.584998294395504,,4020.0,0.364,0.68,0.12,0.18,0.6,0.1,0.2,3.14,0.41,4.48,opt,R09,3.0,,,Simbad,83.80435,-5.34174,1.5722737060955687,1.0299803741131948,0.05568971782550209
255,579,V2231 Ori,M5.5,1.0,H,0.39,15.27,3.73,10.524998294395504,,2840.0,-0.928,,,,,,,1.42,0.25,6.71,opt,R09,2.0,A,b,Simbad,83.80433,-5.56766,1.3784515044335286,0.13668147098676844,0.05568971782550209
256,323,2MASS J05351304-0522151,M4.5,1.0,H,0.4,14.21,3.28,9.004998294395504,,3020.0,-0.496,0.2,0.09,0.07,0.5,0.42,1.4,2.06,0.41,0.86,opt,R09,,N,"e,g",Simbad,83.80425,-5.37092,1.0420783849344075,0.22968205950368814,0.05568971782550209
257,385,V2232 Ori,M5,1.0,H13,3.69,15.64,3.82,7.684998294395504,,2880.0,-0.842,0.12,0.05,0.08,0.5,0.3,2.4,1.53,0.34,6.58,opt,R09,,A,g,Simbad,83.8045,-5.35372,0.8387652608503712,0.3591687332821208,0.05568971782550209
258,4,V2235 Ori,K1,1.0,H,4.42,12.51,2.59,2.594998294395504,,4920.0,0.917,2.47,0.27,0.2,1.4,0.5,0.8,3.96,0.52,17.91,opt,H02,2.0,A,"a,d",Simbad,83.805,-5.4154,1.4410648043221508,0.0,0.0
259,499,2MASS J05351331-0537158,M5.5,1.0,H13,,15.92,,,,2840.0,,,,,,,,,,0.87,opt,R09,3.0,,c,Simbad,83.8055,-5.62106,1.3589079631978178,0.0,0.0
260,127,V1327 Ori,M1,1.0,H,3.67,13.88,3.41,5.534999294395504,,3630.0,0.183,0.41,0.07,0.14,0.6,0.51,0.2,3.12,0.43,2.26,opt,S99,2.0,N,,Simbad,83.80607,-5.28621,1.4649589440236856,0.7151006816293707,0.05568971782550209
261,289,V1493 Ori,M3.5,1.0,H,0.02,14.09,2.72,8.704997294395506,,3260.0,-0.604,0.24,0.07,0.12,2.0,1.4,0.9,1.57,0.29,2.11,opt,P09,3.0,N,,Simbad,83.80617,-5.51337,1.560379784215733,0.25983138689757995,0.05568971782550209
262,201,2MASS J05351351-0517173,M3,1.0,H,2.37,15.35,3.47,8.364998294395503,,3360.0,-0.566,0.31,0.09,0.08,2.0,0.5,1.0,1.54,0.26,3.03,opt,R09,3.0,N,,Simbad,83.8063,-5.28815,1.5282067156016976,0.2946945315792435,0.05568971782550209
263,150,[FW2011] J053513.515-052219.340,M1.4,1.0,P,1.34,13.54,2.59,6.704997294395504,,3574.0,-0.228,0.38,0.07,0.1,1.2,0.2,0.5,2.01,0.28,,,,,,f,Simbad,83.80629,-5.37211,1.3899205221063853,0.4777124022860872,0.05568971782550209
264,224,2MASS J05351352-0527286,M3,1.0,H,1.26,14.25,3.04,7.944998294395505,,3360.0,-0.395,0.29,0.06,0.09,1.4,0.6,0.5,1.88,0.31,2.05,opt,R09,,N,g,Simbad,83.80637,-5.45796,1.5383596598115017,0.3350954033939768,0.05568971782550209
265,384,2MASS J05351356-0527573,M5,1.0,H13,,14.83,3.19,,,2880.0,-0.836,0.12,0.05,0.09,0.5,0.35,2.4,1.54,0.35,4.9,opt,P09,,,g,Simbad,83.80652,-5.46592,1.4688095413549769,0.0,0.0
266,103,V1494 Ori,M0.5,1.0,H,1.44,13.95,2.44,6.864997294395504,,3700.0,-0.408,0.46,0.07,0.1,2.3,0.7,1.6,1.52,0.21,7.37,opt,P09,,,g,Simbad,83.80672,-5.40717,1.645331115286094,0.4561207343461758,0.05568971782550209
267,42,V488 Ori,K5e,1.0,H,0.38,11.48,1.46,4.474997294395504,,4140.0,0.36,0.79,0.18,0.32,0.7,0.1,0.6,2.94,0.43,8.84,opt,P09,2.0,A,,Simbad,83.80668,-5.516,1.4719871583296504,1.0759689115493494,0.05568971782550209
268,168,2MASS J05351359-0520314,M2:,1.0,H13,5.16,16.42,4.24,7.414998294395504,,3490.0,-0.401,0.35,0.06,0.09,1.6,0.3,0.6,1.72,0.24,0.77,opt,R09,,N,g,Simbad,83.80654,-5.34206,0.9868051795862256,0.38497149665706815,0.05568971782550209
269,208,V1495 Ori,M3,1.0,H13,,14.43,3.27,,,3360.0,-0.323,0.3,0.07,0.1,1.3,0.8,0.3,2.04,0.34,5.94,opt,P09,2.0,,,Simbad,83.8069,-5.47953,1.4850038828919905,0.0,0.0
270,156,2MASS J05351374-0522219,M2e,1.0,H13,,13.6,3.26,,,3490.0,0.116,0.36,0.07,0.09,0.4,0.35,0.4,3.12,0.43,,,,,,f,Simbad,83.80712,-5.37283,1.1740146599886794,0.0,0.0
271,389,V2247 Ori,M5,1.0,H13,,15.69,3.85,,,2880.0,-0.843,0.12,0.05,0.08,0.5,0.3,2.4,1.52,0.34,2.47,opt,R09,2.0,,,Simbad,83.80732,-5.58192,1.4578137893344505,0.0,0.0
272,138,2MASS J05351379-0519254,M1,1.0,H13,,15.19,2.02,,,3630.0,-1.152,0.38,0.07,0.13,17.5,7.5,20.5,0.67,0.09,3.5,opt,R09,3.0,,,Simbad,83.80747,-5.32374,1.542086465175803,0.0,0.0
273,260,2MASS J05351380-0530244,M3.5,1.0,H13,0.54,13.97,2.59,7.934997294395503,,3260.0,-0.612,0.26,0.09,0.1,2.1,1.4,0.9,1.55,0.29,1.41,opt,P09,3.0,N,,Simbad,83.80752,-5.50679,1.509317411772498,0.33595754452820287,0.05568971782550209
274,551,2MASS J05351382-0527368,M3,1.0,H13,,14.77,,,,3360.0,,,,,,,,,,4.41,opt,R09,,,c,Simbad,83.80759,-5.46025,1.4195712554949973,0.0,0.0
275,49,V2252 Ori,K6,1.0,StE,2.69,12.69,1.75,3.664998294395504,,4020.0,-0.024,0.73,0.14,0.12,1.7,0.6,0.9,2.01,0.26,,,,,N,f,Simbad,83.80855,-5.33112,1.5380625273426307,0.0,0.0
276,532,2MASS J05351404-0525499,M6,1.0,H13,0.0,14.94,,,,2800.0,,,,,,,,,,0.73,opt,R09,,,c,Simbad,83.80851,-5.43055,1.421052698675066,0.0,0.0
277,215,Parenago 1822,M3.1,1.0,P,1.83,13.04,3.26,6.384997294395504,,3340.0,0.212,0.3,0.08,0.09,0.05,0.03,0.35,3.81,0.65,,,,,,f,Simbad,83.80862,-5.37683,1.3762518886306163,0.5294240076938913,0.05568971782550209
278,530,2MASS J05351405-0525203,M6,1.0,H13,,15.4,,,,2800.0,,,,,,,,,,,,,,,"c,f",Simbad,83.80857,-5.42231,1.1979022715230452,0.0,0.0
279,109,V1329 Ori,M1,1.0,H,3.47,14.97,3.33,6.744997294395505,,3630.0,-0.303,0.44,0.09,0.08,1.6,0.4,0.7,1.78,0.25,8.26,opt,R09,,,g,Simbad,83.81023,-5.29041,1.591995815326674,0.4728275844098906,0.05568971782550209
280,236,V1498 Ori,M3,1.0,H13,,14.82,3.33,,,3360.0,-0.442,0.28,0.06,0.1,1.5,0.5,0.7,1.78,0.3,2.6,opt,P09,2.0,,,Simbad,83.81019,-5.54625,1.505837936687341,0.0,0.0
281,56,V2260 Ori,K5,1.0,P,2.97,16.03,2.47,7.4449982943955035,,4140.0,-0.829,0.71,0.06,0.05,38.0,16.0,21.0,0.75,0.11,7.56,NIR,C01,2.0,N,a,Simbad,83.81019,-5.5553,1.4995617133538448,0.38201533059888443,0.05568971782550209
282,566,2MASS J05351450-0529032,M4.5,1.0,H,0.0,16.19,2.98,11.084998294395506,,3020.0,-1.432,,,,,,,0.7,0.14,2.86,opt,P09,3.0,,b,Simbad,83.81043,-5.48424,1.6036061408597797,0.11476951568632249,0.05568971782550209
283,228,[H97b] 20123,M3,1.0,H,1.88,15.33,3.28,8.644999294395506,,3360.0,-0.677,0.29,0.09,0.09,2.5,0.5,1.5,1.36,0.23,7.25,opt,R09,,A,g,Simbad,83.81037,-5.36856,1.3191323528748742,0.265910178940527,0.05568971782550209
284,322,2MASS J05351463-0516461,M4,1.0,H13,,15.53,3.45,,,3160.0,-0.798,0.2,0.08,0.12,2.6,2.3,1.4,1.33,0.28,2.99,opt,R09,,,g,Simbad,83.81097,-5.27949,1.5421960213867485,0.0,0.0
285,134,2MASS J05351465-0523018,M1.5,2.0,H,4.11,15.45,3.67,6.924996294395504,,3560.0,-0.331,0.39,0.14,0.19,1.5,0.4,1.6,1.8,0.37,0.9,opt,R09,,,g,Simbad,83.81092,-5.38394,0.4076554942294179,0.44684035883669176,0.05568971782550209
286,605,[BOM2000] d147-323,M3e,1.0,H,0.0,12.2,,,,3360.0,,,,,,,,,,,,,,A,"c,f",Simbad,83.81138,-5.38963,0.8038186042362016,0.0,0.0
287,25,V1330 Ori,K4,1.0,H,2.31,11.86,2.1,3.5649982943955045,,4330.0,0.71,1.15,0.35,0.4,0.5,0.1,0.3,4.03,0.62,8.67,opt,H00,3.0,,,Simbad,83.81208,-5.37756,1.3897252829776514,0.0,0.0
288,279,V1500 Ori,M3.5,1.0,P,0.44,14.45,2.88,8.804998294395505,,3260.0,-0.648,0.25,0.09,0.11,2.2,0.9,1.0,1.49,0.28,6.12,opt,S99,2.0,,,Simbad,83.81215,-5.61088,1.048281954076824,0.25000730202938626,0.05568971782550209
289,582,[H97b] 20076,M6,1.0,H,0.58,15.62,4.16,11.114997294395502,,2800.0,-0.971,,,,,,,1.39,0.22,,,,3.0,,"b,f",Simbad,83.81242,-5.37539,0.1166136194383456,0.11359594728160012,0.05568971782550209
290,320,2MASS J05351527-0520290,M4,1.0,H,2.41,16.0,3.85,9.354998294395505,,3160.0,-0.736,0.21,0.08,0.12,2.4,2.1,1.1,1.43,0.3,2.59,opt,R09,,A,g,Simbad,83.81354,-5.34142,0.8901538976561268,0.1958572019532738,0.05568971782550209
291,265,2MASS J05351532-0513379,M3.5,1.0,H,2.13,15.4,3.54,8.724996294395504,,3260.0,-0.616,0.26,0.09,0.1,2.1,1.4,0.9,1.54,0.29,0.75,opt,R09,3.0,,,Simbad,83.81386,-5.22721,1.4463945075559534,0.25783616196932596,0.05568971782550209
292,13,V1331 Ori,K3e,1.0,Sta,,12.54,2.63,,,4550.0,0.854,1.65,0.49,0.58,0.6,0.2,0.5,4.3,0.65,10.7,opt,H00,,N,g,Simbad,83.81393,-5.37098,1.5716782721192026,0.0,0.0
293,192,2MASS J05351547-0527227,M2.5,1.0,H,2.28,14.25,3.27,7.154999294395504,,3425.0,-0.197,0.32,0.06,0.1,1.1,0.7,0.2,2.26,0.34,6.54,MIR,M11,3.0,N,,Simbad,83.81447,-5.45631,1.5852703002510595,0.4147539049944468,0.05568971782550209
294,273,2MASS J05351548-0535118,M3.5,1.0,H13,,14.79,3.14,,,3260.0,-0.622,0.25,0.08,0.1,2.1,1.3,1.0,1.53,0.29,5.76,MIR,M11,3.0,,,Simbad,83.81454,-5.58664,1.367433091844911,0.0,0.0
295,341,2MASS J05351559-0534466,M5,1.0,H,1.21,14.9,3.75,9.354997294395504,,2880.0,-0.589,0.17,0.09,0.06,0.5,0.44,1.6,2.04,0.46,2.57,opt,R09,3.0,N,,Simbad,83.81496,-5.57964,1.4031428274005489,0.1958572019532738,0.05568971782550209
296,43,2MASS J05351561-0524030,K5,1.0,StE,,12.44,2.07,,,4140.0,0.357,0.79,0.19,0.28,0.7,0.1,0.5,2.93,0.43,,,,,,f,Simbad,83.81507,-5.40085,1.5110349533371183,0.0,0.0
297,12,V348 Ori,K3,1.0,StE,2.39,10.97,1.8,2.294998294395505,,4550.0,0.964,1.76,0.59,0.63,0.5,0.2,0.4,4.88,0.73,8.71,opt,H00,2.0,N,,Simbad,83.81513,-5.38233,1.5348854258742373,0.0,0.0
298,81,V2274 Ori,K8e,1.0,H,1.71,13.26,2.38,5.844998294395504,,3940.0,0.003,0.62,0.07,0.07,1.2,0.3,0.5,2.16,0.26,,,,,A,f,Simbad,83.81532,-5.42589,1.524371870682031,0.6353814186790309,0.05568971782550209
299,340,2MASS J05351569-0528155,M4.5,1.0,H,1.78,15.43,3.82,9.384998294395503,,3020.0,-0.648,0.17,0.07,0.09,1.4,1.32,1.0,1.73,0.34,4.38,opt,P09,3.0,,,Simbad,83.81539,-5.47098,1.6281980648103644,0.19385447655467666,0.05568971782550209
300,218,V1502 Ori,M3,1.0,H13,1.08,14.26,2.49,7.584998294395504,,3360.0,-0.742,0.29,0.09,0.09,2.9,0.7,2.0,1.26,0.21,9.67,opt,H00,,,g,Simbad,83.81547,-5.44122,1.4639076286247026,0.3694653626501568,0.05568971782550209
301,151,V1504 Ori,M1.5,1.0,H13,,13.81,2.08,,,3560.0,-0.592,0.37,0.05,0.1,2.7,0.7,1.8,1.33,0.19,7.42,opt,H00,2.0,,,Simbad,83.81572,-5.54979,1.5922629597968438,0.0,0.0
302,111,MN Ori,M1,1.0,H13,0.07,13.25,1.82,6.914998294395504,,3630.0,-0.376,0.43,0.09,0.09,1.9,0.5,1.1,1.64,0.23,9.69,opt,P09,2.0,N,,Simbad,83.81582,-5.55343,1.5072304864549564,0.4491425988932652,0.05568971782550209
303,372,2MASS J05351587-0520404,M5,1.0,H,2.11,15.03,4.1,8.934997294395503,,2880.0,-0.423,0.13,0.04,0.1,0.09,0.07,1.21,2.47,0.56,1.18,opt,R09,3.0,A,e,Simbad,83.81614,-5.34457,1.564540956756866,0.2368744441259577,0.05568971782550209
304,165,V2277 Ori,M2.5,1.0,H,0.49,13.48,2.57,7.474997294395504,,3425.0,-0.325,0.36,0.1,0.05,1.4,0.5,0.3,1.95,0.29,4.25,opt,P09,2.0,,,Simbad,83.81622,-5.48129,1.5512076075196184,0.37908186470899746,0.05568971782550209
305,263,2MASS J05351596-0516575,M3.5,1.0,H13,,14.86,3.74,,,3260.0,-0.275,0.26,0.07,0.12,1.0,0.9,0.4,2.29,0.43,4.37,opt,R09,2.0,,,Simbad,83.8165,-5.28265,1.4984416962716856,0.0,0.0
306,22,AC Ori,K3.5,3.0,LR,4.33,12.33,2.16,2.0749982943955043,,4450.5,0.605,1.3,0.69,0.76,0.8,0.4,2.6,3.38,0.88,,,,,A,f,Simbad,83.81662,-5.39803,1.5255920380265258,0.0,0.0
307,355,V1505 Ori,M4.5,1.0,H,0.24,15.04,3.22,9.934998294395504,,3020.0,-0.866,0.15,0.06,0.09,2.3,2.12,1.2,1.35,0.27,5.95,opt,P09,3.0,,,Simbad,83.81775,-5.51686,1.3953607434144868,0.1602865834860858,0.05568971782550209
308,324,MAX 103,M4.5,1.0,H,3.86,15.02,4.63,7.705000294395504,,3020.0,0.022,0.2,0.05,0.08,0.04,0.03,0.06,3.75,0.74,7.87,opt,R09,,,g,Simbad,83.8178,-5.35254,0.7864361625597096,0.3573276862585955,0.05568971782550209
309,205,[H97b] 20028,M3e,1.0,H13,2.24,14.15,2.94,6.764998294395504,,3360.0,-0.417,0.3,0.08,0.08,1.5,0.7,0.5,1.83,0.3,,,,2.0,A,f,Simbad,83.81783,-5.38042,1.1518542515336478,0.46919677831504175,0.05568971782550209
310,522,V2292 Ori,M0.5,1.0,H13,,16.3,,,,3700.0,,,,,,,,,,7.46,opt,R09,2.0,,c,Simbad,83.8197,-5.33886,1.4952686110937297,0.0,0.0
311,319,2MASS J05351671-0522309,M4,1.0,H,0.41,15.03,3.07,9.604998294395505,,3160.0,-0.835,0.21,0.09,0.11,2.8,2.3,1.7,1.27,0.27,0.86,opt,R09,,A,g,Simbad,83.8195,-5.37547,0.7504177823515387,0.17718149381985293,0.05568971782550209
312,381,2MASS J05351678-0516533,M4.5,1.0,H,1.6,15.82,3.75,9.884998294395503,,3020.0,-0.847,0.13,0.04,0.12,1.5,1.32,1.9,1.38,0.27,3.47,opt,R09,3.0,N,,Simbad,83.81995,-5.28148,1.6167336414012974,0.16235916583635,0.05568971782550209
313,531,2MASS J05351676-0517167,M6.5,2.0,H13,,16.39,,,,2725.0,,,,,,,,,,0.49,opt,R09,,,c,Simbad,83.81983,-5.288,1.2586725297748096,0.0,0.0
314,351,V2297 Ori,M4.5e,1.0,H13,1.72,14.47,3.05,7.714998294395505,,3020.0,-0.744,0.15,0.06,0.1,1.6,1.41,1.2,1.55,0.31,18.17,opt,P09,,,"d,g",Simbad,83.82062,-5.42971,1.6590577551988093,0.3564107046288066,0.05568971782550209
315,92,[H97b] 20033,M0:,1.0,H13,,15.53,3.62,,,3770.0,-0.262,0.51,0.09,0.12,1.8,0.5,1.2,1.74,0.24,1.26,opt,R09,2.0,,,Simbad,83.82046,-5.38028,0.9924471736843378,0.0,0.0
316,143,[H97b] 534,M2e,1.0,H,0.0,12.66,1.43,6.004998294395504,,3490.0,-0.12,0.38,0.1,0.07,1.0,0.6,0.2,2.38,0.33,,,,2.0,A,f,Simbad,83.82071,-5.39361,1.401380099153309,0.5958491350910973,0.05568971782550209
317,17,V1333 Ori,K3,1.0,StE,3.16,12.44,2.16,3.3549982943955037,,4550.0,0.601,1.54,0.45,0.4,1.1,0.5,1.1,3.21,0.48,9.23,opt,H00,,N,a,Simbad,83.82083,-5.37581,1.4943646422387251,0.0,0.0
318,15,V2299 Ori,K3,1.0,StE,2.47,11.5,1.89,2.834998294395504,,4550.0,0.808,1.66,0.51,0.48,0.7,0.3,0.6,4.08,0.61,,,,2.0,N,f,Simbad,83.82108,-5.39283,1.5535800805312836,0.0,0.0
319,524,V2298 Ori,M0,1.0,H13,,17.05,,,,3770.0,,,,,,,,,,9.86,opt,P09,2.0,,c,Simbad,83.8211,-5.48281,1.5808223778047334,0.0,0.0
320,24,AE Ori,K4,1.0,StE,2.76,10.82,2.22,2.1949982943955035,,4330.0,1.201,1.26,0.2,0.91,0.2,0.17,0.1,7.1,1.09,3.42,opt,H00,3.0,N,,Simbad,83.82171,-5.35883,1.543916456600654,0.0,0.0
321,211,V2302 Ori,M3,1.0,H,0.0,13.34,2.2,7.454998294395503,,3360.0,-0.38,0.3,0.07,0.08,1.4,0.8,0.5,1.91,0.32,5.73,NIR,C01,,,g,Simbad,83.82177,-5.34104,1.5811225285504953,0.3810349950303625,0.05568971782550209
322,36,2MASS J05351738-0524001,K5,3.0,H,6.08,15.22,3.57,4.624999294395504,,4140.0,0.181,0.83,0.45,0.68,1.2,1.0,5.7,2.39,0.77,,,,,,f,Simbad,83.82242,-5.40006,1.8469113193612152,1.0142228300613905,0.05568971782550209
323,373,[PMD2009] 13,M5,1.0,H,2.39,15.68,4.21,9.414998294395504,,2880.0,-0.614,0.13,0.07,0.1,0.2,0.16,2.0,1.98,0.45,,,,2.0,,f,Simbad,83.82232,-5.40381,0.5495613055797318,0.19137984344999617,0.05568971782550209
324,283,2MASS J05351743-0530253,M3.5,1.0,H13,,14.31,2.49,,,3260.0,-0.748,0.24,0.09,0.11,2.6,1.0,1.7,1.33,0.25,1.52,opt,R09,3.0,,,Simbad,83.82266,-5.50705,1.5395168053046642,0.0,0.0
325,8,V1509 Ori,K2.5,1.0,H,8.0,14.67,4.21,2.794999294395504,,4655.0,1.011,2.11,0.59,0.52,0.6,0.2,0.4,4.92,0.71,6.99,opt,R09,3.0,N,a,Simbad,83.823,-5.29448,1.671581090336278,0.0,0.0
326,419,[H97b] 20012,M5.9,1.0,D10,,15.73,2.56,,,2808.0,-1.068,,,,,,,1.24,0.19,,,,,A,"b,f",Simbad,83.82354,-5.39458,1.064953667492293,0.0,0.0
327,313,V2311 Ori,M4,1.0,H,0.1,14.5,2.95,9.264998294395506,,3160.0,-0.698,0.22,0.09,0.11,2.3,2.0,1.0,1.49,0.31,9.89,opt,P09,3.0,,,Simbad,83.82367,-5.53401,1.561390171422788,0.20355344825655072,0.05568971782550209
328,376,2MASS J05351768-0524539,M5.5e,1.0,H,1.52,14.69,4.17,9.254998294395504,,2840.0,-0.421,0.13,0.03,0.07,0.09,0.06,0.21,2.55,0.44,2.27,opt,H00,,A,g,Simbad,83.8237,-5.41499,1.4705075047100504,0.20460220961608844,0.05568971782550209
329,583,[PMD2009] 50,M6.5e,1.0,H,0.0,15.62,4.05,11.584998294395506,,2725.0,-0.952,,,,,,,1.5,0.21,,,,2.0,A,"b,f",Simbad,83.82387,-5.41226,1.9399733846906488,0.0,0.0
330,155,V2316 Ori,M1.5,2.0,H,2.55,16.22,3.54,9.124998294395505,,3560.0,-0.72,0.37,0.12,0.24,4.0,1.7,7.0,1.15,0.24,4.14,opt,P09,2.0,A,,Simbad,83.82442,-5.51134,1.558291549019243,0.21761688450302272,0.05568971782550209
331,66,[H97b] 20017,K8,1.0,H,1.84,14.41,2.43,6.914998294395504,,3940.0,-0.425,0.67,0.08,0.08,5.1,1.9,3.0,1.32,0.16,4.38,opt,R09,,A,g,Simbad,83.82417,-5.38436,1.1839984468131597,0.4491425988932652,0.05568971782550209
332,622,MT Ori,K2,1.0,StE,1.36,9.66,1.73,1.9449982943955035,,4760.0,1.501,,,,,,,8.26,1.19,8.53,opt,E93,,A,b,Simbad,83.82475,-5.37931,1.5450053456389496,0.0,0.0
333,536,2MASS J05351793-0520494,M1.5e,1.0,H13,0.0,15.92,,,,3560.0,,,,,,,,,,0.9,opt,R09,,,c,Simbad,83.82475,-5.34706,1.4012457292608025,0.0,0.0
334,231,V1511 Ori,M3,1.0,H,1.42,15.02,3.1,8.614998294395503,,3360.0,-0.665,0.29,0.08,0.09,2.4,0.5,1.4,1.37,0.23,2.81,opt,S99,2.0,A,,Simbad,83.82479,-5.58769,1.347630047098745,0.26934852500568957,0.05568971782550209
335,216,V1335 Ori,M3,1.0,Sta,4.33,14.97,3.4,5.954999294395504,,3360.0,-0.458,0.3,0.08,0.1,1.6,0.4,0.7,1.74,0.29,6.12,opt,S99,,,g,Simbad,83.82492,-5.26075,1.6647590406787538,0.6066634190171932,0.05568971782550209
336,570,2MASS J05351797-0530315,M5.5,1.0,H,0.0,15.3,3.58,10.794999294395504,,2840.0,-0.952,,,,,,,1.38,0.24,4.36,opt,R09,3.0,,b,Simbad,83.82492,-5.50877,1.5714261689125113,0.12621642652430543,0.05568971782550209
337,157,V1512 Ori,M2,1.0,H13,0.55,13.07,2.28,6.714997294395504,,3490.0,-0.284,0.36,0.07,0.07,1.3,0.2,0.4,1.97,0.27,2.01,opt,H00,,,g,Simbad,83.82499,-5.49294,1.5020497756441702,0.47648648693145756,0.05568971782550209
338,142,V2323 Ori,M1e,1.0,H,,15.56,2.11,,,3630.0,-1.3,0.38,0.09,0.09,29.5,14.0,29.5,0.57,0.08,,,,2.0,A,"a,f",Simbad,83.82542,-5.4736,1.5681018872460355,0.0,0.0
339,188,MAX 150,M2,1.0,H,3.75,14.96,3.69,6.8149982943955045,,3490.0,-0.16,0.32,0.03,0.11,1.0,0.5,0.3,2.27,0.32,,,,,A,f,Simbad,83.82597,-5.38767,1.729534395454476,0.46320728608941186,0.05568971782550209
340,187,2MASS J05351829-0528461,M2.5,1.0,Sta,,13.99,2.8,,,3425.0,-0.386,0.33,0.07,0.08,1.5,0.3,0.5,1.82,0.27,5.09,opt,P09,,,g,Simbad,83.82621,-5.47949,1.538080584370538,0.0,0.0
341,238,V1336 Ori,M3,1.0,H,2.55,15.92,3.54,8.824998294395504,,3360.0,-0.751,0.28,0.07,0.1,2.9,0.6,1.9,1.24,0.21,,,,,,f,Simbad,83.82633,-5.40133,1.3819571048935286,0.24808751548161567,0.05568971782550209
342,489,V1513 Ori,K1,1.0,H13,,15.78,2.3,,,4920.0,-0.572,,,,,,,0.71,0.09,11.05,opt,S99,2.0,,b,Simbad,83.82628,-5.52836,1.2358942771827095,0.0,0.0
343,2,V1229 Ori,K0,1.0,H,3.21,11.3,2.12,2.124998294395505,,5030.0,1.119,2.86,0.18,0.13,1.2,0.3,0.5,4.77,0.58,14.3,opt,H00,3.0,,a,Simbad,83.82657,-5.37705,1.781052981759466,0.0,0.0
344,195,2MASS J05351836-0524267,M2.5,1.0,H,4.03,15.16,3.95,6.994998294395504,,3425.0,-0.136,0.31,0.04,0.12,0.9,0.7,0.3,2.42,0.36,,,,,,f,Simbad,83.82652,-5.40743,1.3367121979113086,0.43774880475783284,0.05568971782550209
345,186,2MASS J05351853-0518205,M2.5,1.0,H,0.51,14.37,2.58,8.354998294395505,,3425.0,-0.675,0.33,0.08,0.06,2.9,0.9,1.5,1.3,0.2,7.92,opt,H02,3.0,,,Simbad,83.82725,-5.30572,1.6519094797591547,0.2954527284244781,0.05568971782550209
346,10,AF Ori,G8,3.0,H13,3.67,13.06,2.52,3.8249982943955043,,5210.0,0.698,2.0,0.3,0.23,4.2,2.0,3.4,2.74,0.44,,,,2.0,A,"a,f",Simbad,83.82776,-5.3872,1.725555063096327,0.0,0.0
347,23,MU Ori,K3,1.0,StE,0.41,12.52,1.25,5.274999294395505,,4550.0,0.001,1.28,0.17,0.09,6.9,3.6,5.1,1.61,0.24,2.22,opt,H02,3.0,N,a,Simbad,83.82873,-5.27056,1.5989649255408491,0.7884469019676165,0.05568971782550209
348,203,V2343 Ori,M3.3,1.0,P,1.8,13.68,3.33,7.124998294395505,,3300.0,-0.03,0.31,0.1,0.06,0.3,0.25,0.6,2.95,0.52,5.62,opt,H02,,,g,Simbad,83.829,-5.35217,1.653988136704423,0.41903875925452083,0.05568971782550209
349,64,2MASS J05351894-0522187,K7,1.0,H,5.24,14.99,3.63,5.294997294395504,,3970.0,0.161,0.67,0.08,0.05,0.9,0.2,0.3,2.54,0.3,,,,3.0,A,f,Simbad,83.82896,-5.37186,0.78587707953735,0.7823924797817757,0.05568971782550209
350,26,V1337 Ori,K0,2.0,H,2.46,13.64,1.86,4.954998294395503,,5030.0,0.02,1.14,0.11,0.19,17.5,8.0,9.5,1.34,0.21,,,,2.0,N,"a,f",Simbad,83.82946,-5.39711,1.8368878860072173,0.8896538467134357,0.05568971782550209
351,525,V2346 Ori,M6,1.0,H13,,17.19,,,,2800.0,,,,,,,,,,11.88,opt,P09,2.0,,c,Simbad,83.83004,-5.51751,1.5338766687645,0.0,0.0
352,37,2MASS J05351921-0522506,K5,1.0,H,3.82,14.23,2.8,5.124997294395504,,4140.0,0.097,0.83,0.19,0.28,1.5,0.6,1.4,2.17,0.32,2.27,opt,H02,3.0,,,Simbad,83.83005,-5.38074,0.9269468815787232,0.8343011921827279,0.05568971782550209
353,235,V1731 Ori,M3.4,1.0,D10,,13.91,2.74,,,3280.0,-0.505,0.28,0.08,0.1,1.7,1.2,0.6,1.73,0.32,5.82,opt,Re01,3.0,,,Simbad,83.83121,-5.61439,1.3716456032386963,0.0,0.0
354,91,V2354 Ori,M0,1.0,H13,2.25,14.41,2.59,6.664998294395504,,3770.0,-0.457,0.51,0.1,0.14,3.2,1.2,2.7,1.39,0.19,8.09,opt,H02,3.0,A,,Simbad,83.83165,-5.39919,1.442961215239632,0.48388945261648125,0.05568971782550209
355,95,V2356 Ori,M0.5,1.0,P,0.2,12.89,2.46,7.064999294395504,,3700.0,0.028,0.51,0.15,0.05,0.9,0.2,0.2,2.52,0.34,3.77,opt,P09,2.0,A,,Simbad,83.83191,-5.40739,1.547089365907647,0.4277417265716057,0.05568971782550209
356,585,2MASS J05351966-0535356,M5,1.0,H,0.0,15.4,3.01,10.324998294395504,,2880.0,-1.064,,,,,,,1.18,0.27,1.63,opt,H02,,N,b,Simbad,83.83196,-5.59325,1.3614951285103714,0.14425940259152326,0.05568971782550209
357,411,V1514 Ori,M5.5,1.0,H13,,14.39,3.5,,,2840.0,-0.588,0.1,0.01,0.08,0.08,0.03,0.92,2.1,0.36,2.26,opt,S99,3.0,,,Simbad,83.83248,-5.51045,1.6814050747567015,0.0,0.0
358,184,2MASS J05351981-0522216,M2.1,1.0,D10,,15.44,2.88,,,3477.0,-0.87,0.33,0.06,0.07,5.2,1.9,3.0,1.01,0.14,10.0,opt,R09,,,g,Simbad,83.83258,-5.37267,1.508063791768938,0.0,0.0
359,57,MLLA 151,K7,1.0,H13,0.0,14.39,1.07,7.374998294395505,,3970.0,-0.828,0.69,0.05,0.03,26.5,10.5,12.5,0.81,0.1,,,,3.0,N,"a,f",Simbad,83.83266,-5.41333,1.5421449636314026,0.38894866658264177,0.05568971782550209
360,518,V2360 Ori,M3e,1.0,H13,,16.19,,,,3360.0,,,,,,,,,,4.23,MIR,M11,2.0,,c,Simbad,83.83275,-5.51772,1.5386948955671669,0.0,0.0
361,413,2MASS J05351986-0530321,M5.5,1.0,H,1.11,15.32,4.01,10.134998294395503,,2840.0,-0.773,0.1,0.03,0.06,0.2,0.1,1.9,1.7,0.29,3.78,opt,H02,,,g,Simbad,83.83278,-5.50894,1.4962181935034664,0.15186674571470185,0.05568971782550209
362,261,V1515 Ori,M3.5,1.0,H13,,13.62,2.53,,,3260.0,-0.472,0.26,0.07,0.1,1.5,1.2,0.6,1.82,0.34,5.24,opt,H00,3.0,,,Simbad,83.8331,-5.56486,1.4302380322808668,0.0,0.0
363,544,V2362 Ori,M5e,1.0,H13,,17.03,,,,2880.0,,,,,,,,,,2.79,MIR,M11,,,c,Simbad,83.83342,-5.48664,1.5532870134834018,0.0,0.0
364,99,V1516 Ori,M0.3,1.0,P,1.6,13.4,2.46,6.174997294395505,,3728.0,-0.161,0.49,0.09,0.09,1.3,0.3,0.7,2.0,0.27,11.68,opt,H02,2.0,,,Simbad,83.83351,-5.4271,1.5664584060482083,0.5660017264371805,0.05568971782550209
365,554,V2363 Ori,M2,2.0,H13,,16.28,,,,3490.0,,,,,,,,,,5.38,opt,H02,,,c,Simbad,83.83368,-5.34554,1.5462477937052792,0.0,0.0
366,587,2MASS J05352016-0528416,M5,1.0,H,0.0,15.96,2.85,10.724998294395503,,2880.0,-1.288,,,,,,,0.91,0.21,1.99,opt,R09,,,b,Simbad,83.83403,-5.47824,1.5177371457545732,0.1291692776729143,0.05568971782550209
367,246,2MASS J05352016-0534572,M3,1.0,H,2.06,15.67,3.35,8.874999294395503,,3360.0,-0.769,0.28,0.07,0.1,3.0,0.7,2.1,1.22,0.2,1.94,opt,H02,2.0,,,Simbad,83.83401,-5.58256,1.39328139304997,0.24303984908647883,0.05568971782550209
368,620,2MASS J05352017-0523085,M2,1.0,SHC-ir,,,,,,3490.0,,,,,,,,,,9.02,MIR,M11,,,c,Simbad,83.83408,-5.38569,1.503048386375078,0.0,0.0
369,221,2MASS J05352012-0522281,M3,1.0,H13,,16.85,4.96,,,3360.0,-0.236,0.29,0.06,0.13,1.1,0.9,0.3,2.25,0.37,3.51,opt,R09,2.0,,,Simbad,83.83408,-5.37453,1.021650481904954,0.0,0.0
370,350,2MASS J05352024-0513593,M4.5,1.0,H,2.5,15.88,4.1,9.394998294395505,,3020.0,-0.653,0.16,0.06,0.11,0.7,0.61,1.7,1.72,0.34,4.12,opt,H02,2.0,,,Simbad,83.83436,-5.23316,1.5969851932880232,0.19286080652166263,0.05568971782550209
371,575,V1518 Ori,M6,1.0,H,0.0,15.69,3.84,11.444997294395504,,2800.0,-1.036,,,,,,,1.29,0.2,1.81,opt,H02,2.0,,b,Simbad,83.83449,-5.53801,1.491036851842688,0.0,0.0
372,106,MY Ori,M0.5e,1.0,H13,0.0,13.65,2.31,7.874997294395504,,3700.0,-0.369,0.45,0.07,0.12,2.0,0.6,1.5,1.59,0.22,8.2,opt,P09,2.0,A,,Simbad,83.83456,-5.51098,1.49820820302643,0.34117717245466045,0.05568971782550209
373,565,2MASS J05352035-0526173,M5.5,1.0,H,0.0,16.62,1.37,9.905000294395505,,2840.0,-1.48,,,,,,,0.75,0.13,2.14,opt,H02,3.0,A,b,Simbad,83.8348,-5.43816,1.414281342394556,0.16152693621470784,0.05568971782550209
374,129,V2367 Ori,M1,1.0,H,4.42,15.06,3.7,6.254998294395504,,3630.0,-0.108,0.41,0.08,0.1,1.0,0.2,0.3,2.23,0.31,5.81,opt,R09,2.0,,,Simbad,83.83508,-5.28733,1.639659906026141,0.5516434643457749,0.05568971782550209
375,526,2MASS J05352052-0520522,M3.5,1.0,H13,,15.5,,,,3260.0,,,,,,,,,,,,,3.0,,"c,f",Simbad,83.83554,-5.34777,1.6375478490191022,0.0,0.0
376,454,V1521 Ori,M3,1.0,D10,,15.37,,,,3360.0,,,,,,,,,,3.32,opt,S99,,,c,Simbad,83.83571,-5.34533,1.650200226902896,0.0,0.0
377,598,2MASS J05352062-0524464,M2e,1.0,H,0.0,13.58,,,,3490.0,,,,,,,,,,3.2,opt,P09,2.0,A,c,Simbad,83.83595,-5.41289,1.657860978869717,0.0,0.0
378,360,2MASS J05352063-0522455,M4.5,1.0,H13,4.37,16.12,3.68,7.344999294395505,,3020.0,-1.011,0.14,0.07,0.08,3.0,2.6,1.6,1.14,0.23,5.41,opt,R09,,N,g,Simbad,83.83598,-5.37931,1.5415831124785446,0.39195848518003906,0.05568971782550209
379,394,2MASS J05352074-0537536,M4.5,1.0,H,0.29,15.81,3.24,10.674998294395506,,3020.0,-1.161,0.12,0.06,0.09,3.9,2.4,2.5,0.96,0.19,3.38,opt,R09,2.0,,,Simbad,83.83644,-5.63158,1.1521268978189163,0.13083949834440614,0.05568971782550209
380,362,2MASS J05352083-0521300,M4.5,1.0,H,0.0,14.57,2.36,8.844998294395504,,3020.0,-0.784,0.14,0.05,0.11,1.4,1.21,1.6,1.48,0.29,4.23,opt,R09,,N,g,Simbad,83.83681,-5.35836,1.5833969848728766,0.24618247082481823,0.05568971782550209
381,48,V493 Ori,K5.5,1.0,P,3.69,14.05,2.88,5.154998294395504,,4080.0,0.175,0.74,0.13,0.22,1.0,0.3,0.8,2.44,0.33,7.2,opt,E93,,N,g,Simbad,83.83747,-5.27711,1.5455182617768086,0.8236509901025743,0.05568971782550209
382,35,MZ Ori,K5,1.0,H13,1.33,13.07,1.83,5.4849982943955045,,4140.0,-0.045,0.83,0.2,0.29,2.3,1.0,2.6,1.85,0.27,1.44,opt,H02,2.0,N,,Simbad,83.83745,-5.52269,1.3933980220986455,0.729952524622886,0.05568971782550209
383,70,V1522 Ori,K8,1.0,H,1.71,14.0,2.38,6.584999294395503,,3940.0,-0.293,0.65,0.08,0.07,3.1,1.0,1.7,1.54,0.18,7.01,opt,H02,,N,g,Simbad,83.83762,-5.46921,1.5696078481698363,0.49521011479418237,0.05568971782550209
384,555,V1339 Ori,M0,1.0,H13,0.0,15.02,,,,3770.0,,,,,,,,,,6.11,opt,P09,,,c,Simbad,83.83817,-5.43249,1.7130740542107592,0.0,0.0
385,183,2MASS J05352121-0533175,M2,1.0,H,3.46,16.24,3.58,8.274998294395504,,3490.0,-0.741,0.34,0.05,0.08,3.7,1.2,2.0,1.16,0.16,3.16,opt,R09,2.0,,,Simbad,83.83837,-5.55487,1.361963182465125,0.3031428181010966,0.05568971782550209
386,503,2MASS J05352126-0527386,M5,1.0,H13,,15.85,,,,2880.0,,,,,,,,,,1.67,opt,R09,3.0,,c,Simbad,83.8386,-5.46073,1.5831694292575471,0.0,0.0
387,189,V2375 Ori,M3,1.0,H,3.01,15.32,3.72,7.944997294395504,,3360.0,-0.398,0.32,0.09,0.06,1.5,0.7,0.4,1.87,0.31,7.92,opt,H02,,A,g,Simbad,83.8385,-5.38319,1.2235285186337517,0.3350954033939768,0.05568971782550209
388,29,V377 Ori,K4,1.0,StE,2.16,12.33,1.84,3.924998294395504,,4330.0,0.36,1.11,0.32,0.36,1.2,0.5,1.1,2.7,0.41,13.0,opt,H02,3.0,,,Simbad,83.83871,-5.41591,1.6866067685058206,0.0,0.0
389,46,V1523 Ori,K6,1.0,H,1.05,11.76,1.85,4.474998294395505,,4020.0,0.411,0.76,0.2,0.11,0.6,0.1,0.1,3.31,0.43,11.5,opt,H02,,N,g,Simbad,83.83912,-5.44555,1.5185994696576928,1.0759689115493494,0.05568971782550209
390,608,V2379 Ori,M5.5,1.0,H,0.0,16.87,,,,2840.0,,,,,,,,,,2.67,NIR,C01,,,c,Simbad,83.84011,-5.45405,1.6540268891799232,0.0,0.0
391,430,[H97b] 20399,M3.5,1.0,D10,,16.4,,,,3260.0,,,,,,,,,,6.87,opt,R09,3.0,,c,Simbad,83.84008,-5.28858,1.3388272924725686,0.0,0.0
392,172,V1282 Ori,M2,1.0,H,0.64,14.62,2.63,8.524998294395504,,3490.0,-0.686,0.35,0.06,0.06,3.3,1.1,1.7,1.24,0.17,2.95,opt,R09,,,g,Simbad,83.84053,-5.44565,1.6324145097734954,0.278497732746333,0.05568971782550209
393,52,V2383 Ori,K6,2.0,H,3.97,14.74,2.99,5.674997294395505,,4020.0,-0.07,0.72,0.26,0.39,1.9,0.9,3.2,1.9,0.36,7.46,NIR,C01,,A,g,Simbad,83.84071,-5.39422,1.4003108636166337,0.6775365162539947,0.05568971782550209
394,161,2MASS J05352184-0522082,M2,1.0,H,,14.9,3.03,,,3490.0,-0.548,0.36,0.07,0.07,2.3,0.6,1.0,1.45,0.2,0.79,opt,R09,,,g,Simbad,83.84104,-5.36897,1.6592339761479398,0.0,0.0
395,21,V494 Ori,K3,1.0,H,2.54,14.95,2.97,7.294998294395505,,4550.0,0.396,1.46,0.4,0.27,1.9,0.9,1.9,2.54,0.38,,,,2.0,,"a,f",Simbad,83.84088,-5.39832,1.2575012240375083,0.3970266962601697,0.05568971782550209
396,447,[H97b] 20416,M4.2,1.0,D10,,14.06,3.28,,,3104.0,,,,,,,,,,0.47,opt,R09,,,c,Simbad,83.84112,-5.28425,1.181217121913599,0.0,0.0
397,293,V1281 Ori,M4,1.0,H,3.69,15.64,4.35,8.214998294395505,,3160.0,-0.28,0.24,0.09,0.12,0.5,0.43,0.9,2.41,0.51,6.29,opt,S99,2.0,,,Simbad,83.84128,-5.25031,1.6041287257354249,0.30943875607837673,0.05568971782550209
398,164,2MASS J05352193-0514276,M2.5,1.0,H,0.28,13.24,2.49,7.3649982943955035,,3425.0,-0.279,0.36,0.1,0.06,1.3,0.5,0.2,2.06,0.31,1.26,opt,H02,3.0,N,,Simbad,83.84138,-5.24101,1.6650721696164763,0.38994936262671437,0.05568971782550209
399,266,2MASS J05352192-0528273,M3.5,1.0,H,3.54,15.07,4.09,7.534998294395503,,3260.0,-0.141,0.26,0.07,0.1,0.2,0.14,0.9,2.67,0.5,1.59,opt,R09,3.0,N,,Simbad,83.84137,-5.47425,1.5513658704531583,0.37424272687496196,0.05568971782550209
400,60,V1525 Ori,K8,1.0,H13,,14.7,2.41,,,3940.0,-0.554,0.68,0.08,0.08,8.2,3.1,5.3,1.14,0.14,1.38,opt,R09,,,a,Simbad,83.84193,-5.47091,1.607002991835867,0.0,0.0
401,343,2MASS J05352207-0528556,M3.8,1.0,D10,,16.53,3.11,,,3200.0,-1.381,0.16,0.07,0.12,7.7,3.2,12.3,0.66,0.13,1.34,opt,R09,3.0,,,Simbad,83.84196,-5.48211,1.3886073127398728,0.0,0.0
402,594,2MASS J05352223-0528364,M6,1.0,H,0.0,16.37,,,,2800.0,,,,,,,,,,1.62,opt,R09,3.0,,c,Simbad,83.84263,-5.4768,1.5533620267681894,0.0,0.0
403,383,2MASS J05352225-0518087,M5,1.0,H13,,15.67,3.91,,,2880.0,-0.798,0.12,0.05,0.1,0.4,0.25,2.3,1.61,0.36,2.7,opt,R09,,,g,Simbad,83.84271,-5.30243,1.432311889814702,0.0,0.0
404,576,V2386 Ori,M6,1.0,H,0.0,15.29,3.46,10.664998294395504,,2800.0,-0.876,,,,,,,1.55,0.24,4.46,opt,E93,2.0,,b,Simbad,83.84284,-5.52135,1.5545657856249495,0.13151361814606122,0.05568971782550209
405,297,V1526 Ori,M4,1.0,H13,0.0,14.49,3.06,9.464998294395505,,3160.0,-0.625,0.23,0.11,0.1,2.1,1.9,0.5,1.62,0.34,6.85,opt,S99,3.0,,,Simbad,83.84283,-5.59075,1.3437458034710312,0.1874859691346614,0.05568971782550209
406,97,V1231 Ori,M0.1,1.0,P,0.0,12.65,1.17,5.7349982943955045,,3756.0,-0.152,0.5,0.09,0.11,1.3,0.3,0.7,1.98,0.27,7.81,opt,P09,,A,g,Simbad,83.843,-5.40394,1.7069417099223494,0.6620478140154391,0.05568971782550209
407,358,V1340 Ori,M4.5e,1.0,H,0.0,14.44,2.88,9.234998294395504,,3020.0,-0.732,0.15,0.06,0.11,1.4,1.38,1.4,1.57,0.31,3.95,opt,H02,2.0,A,,Simbad,83.84324,-5.45788,1.6679730211375416,0.20671597066556133,0.05568971782550209
408,90,V1527 Ori,M0,1.0,E,0.74,13.12,2.08,6.374998294395505,,3770.0,-0.259,0.51,0.08,0.13,1.8,0.5,1.1,1.74,0.24,2.45,opt,H00,,A,g,Simbad,83.84396,-5.39547,1.8184560575822848,0.5307861219152645,0.05568971782550209
409,510,V1341 Ori,M4.5,1.0,H13,0.0,16.12,,,,3020.0,,,,,,,,,,4.58,opt,H02,3.0,,c,Simbad,83.84446,-5.25239,1.6733233872886133,0.0,0.0
410,132,V2392 Ori,M1,1.0,H13,,15.99,3.03,,,3630.0,-0.898,0.4,0.07,0.12,8.3,3.1,7.7,0.9,0.13,5.29,opt,R09,,,g,Simbad,83.84454,-5.27056,1.259627981619774,0.0,0.0
411,175,V1528 Ori,M2,1.0,H,0.54,13.87,2.44,7.684997794395505,,3490.0,-0.504,0.35,0.06,0.07,2.0,0.4,0.9,1.53,0.21,6.03,opt,H00,2.0,,,Simbad,83.84498,-5.52701,1.480987423428429,0.3591687332821208,0.05568971782550209
412,118,V2400 Ori,M1,1.0,H,0.88,13.58,2.32,6.934997794395505,,3630.0,-0.377,0.43,0.09,0.09,1.9,0.5,1.1,1.64,0.23,13.87,opt,H02,2.0,,,Simbad,83.84542,-5.5414,1.4192062788949271,0.4456936679525015,0.05568971782550209
413,136,V2401 Ori,M1,1.0,H13,,17.21,3.11,,,3630.0,-1.336,0.38,0.09,0.09,33.0,16.0,26.0,0.54,0.08,5.62,opt,H02,,,a,Simbad,83.84554,-5.22778,1.5657745909011114,0.0,0.0
414,54,2MASS J05352296-0522415,K6,2.0,H,6.28,15.35,3.89,4.874997294395504,,4020.0,0.248,0.71,0.28,0.41,0.8,0.3,0.9,2.75,0.52,2.0,opt,R09,,,g,Simbad,83.84571,-5.37822,1.657657384664157,0.9175129344457188,0.05568971782550209
415,326,V2403 Ori,M4,1.0,H,0.0,14.85,2.72,9.484998294395504,,3160.0,-0.944,0.2,0.1,0.11,3.4,3.0,2.6,1.12,0.24,2.94,MIR,M11,3.0,N,,Simbad,83.846,-5.49486,1.5397225298249788,0.18604627901953766,0.05568971782550209
416,546,2MASS J05352321-0528339,M7.75,2.0,H13,,15.92,,,,2590.0,,,,,,,,,,2.92,opt,R09,,,c,Simbad,83.84671,-5.47609,1.5526099073338535,0.0,0.0
417,533,2MASS J05352323-0525544,M2:,1.0,H13,,16.64,,,,3490.0,,,,,,,,,,0.79,opt,R09,,,c,Simbad,83.8468,-5.43179,1.4532762169051507,0.0,0.0
418,269,V1530 Ori,M3.5,1.0,H,0.92,14.73,3.07,8.794998294395503,,3260.0,-0.641,0.26,0.09,0.1,2.2,1.0,0.9,1.5,0.28,5.21,opt,H02,2.0,,,Simbad,83.84712,-5.46947,1.521431805940471,0.2512954059658042,0.05568971782550209
419,104,V1531 Ori,M0.5,1.0,H,1.16,13.14,2.33,6.224998294395505,,3700.0,-0.153,0.46,0.06,0.11,1.2,0.2,0.6,2.04,0.28,3.32,opt,S99,3.0,N,,Simbad,83.84747,-5.31407,1.6898910583694051,0.5573425350953936,0.05568971782550209
420,534,V2409 Ori,M6.5,1.0,H13,,16.87,,,,2725.0,,,,,,,,,,0.79,opt,R09,,,c,Simbad,83.84783,-5.2565,1.3911212679041287,0.0,0.0
421,100,V2410 Ori,M0.5,1.0,H13,1.22,13.87,2.27,6.834997294395505,,3700.0,-0.482,0.47,0.09,0.1,3.0,1.1,1.8,1.4,0.19,11.68,opt,H02,,N,g,Simbad,83.84802,-5.31587,1.5795306870439327,0.4596503535140614,0.05568971782550209
422,366,2MASS J05352350-0534233,M4.5,1.0,H13,,15.36,2.96,,,3020.0,-1.1,0.13,0.06,0.09,3.6,2.1,1.9,1.03,0.2,1.68,opt,R09,,,g,Simbad,83.84792,-5.57317,1.3104326531239012,0.0,0.0
423,529,V1342 Ori,M3.25,1.0,H13,,15.63,,,,3310.0,,,,,,,,,,,,,,,"c,f",Simbad,83.84831,-5.42401,1.6135366413444,0.0,0.0
424,209,V2411 Ori,M3,1.0,H,3.21,14.73,3.8,7.234997294395503,,3360.0,-0.112,0.3,0.08,0.11,0.7,0.61,0.4,2.6,0.43,,,,2.0,A,f,Simbad,83.8486,-5.44079,1.7169705421629846,0.40319512934078117,0.05568971782550209
425,181,V2413 Ori,M2e,1.0,H,0.69,14.64,2.5,8.364997294395502,,3490.0,-0.775,0.34,0.06,0.07,4.1,1.4,2.4,1.12,0.16,6.63,opt,H02,,A,g,Simbad,83.849,-5.31108,1.6514835757697135,0.2946945315792435,0.05568971782550209
426,252,V2414 Ori,M3.5,1.0,H,1.77,15.11,3.4,8.654998294395503,,3260.0,-0.588,0.27,0.1,0.09,2.0,1.1,0.8,1.59,0.3,11.1,opt,R09,,,g,Simbad,83.84985,-5.31878,1.7129851890616052,0.2652277947910774,0.05568971782550209
427,145,2MASS J05352398-0525098,M1,1.0,H,0.0,15.09,1.16,8.164998294395504,,3630.0,-1.112,0.38,0.08,0.12,15.0,5.6,17.0,0.7,0.1,5.92,opt,R09,,A,g,Simbad,83.84994,-5.41939,1.4892245989856592,0.31343994750929544,0.05568971782550209
428,321,2MASS J05352411-0521556,M4.5,1.0,H,3.86,16.1,4.63,8.784997294395504,,3020.0,-0.41,0.21,0.09,0.07,0.4,0.33,1.1,2.28,0.45,6.88,opt,H02,,,g,Simbad,83.8505,-5.36544,1.0782189921382266,0.25194194454595426,0.05568971782550209
429,177,V2420 Ori,M2,1.0,H,0.46,13.4,2.41,7.264997294395505,,3490.0,-0.335,0.35,0.06,0.08,1.4,0.2,0.5,1.86,0.26,8.55,NIR,C01,2.0,,,Simbad,83.851,-5.49921,1.530435509949711,0.4000990254304078,0.05568971782550209
430,591,2MASS J05352431-0528441,M6.5,1.0,H,0.0,15.11,3.79,10.814998294395503,,2725.0,-0.748,,,,,,,1.9,0.27,5.19,opt,R09,,,b,Simbad,83.85129,-5.47892,1.5379702224510667,0.1255694593614092,0.05568971782550209
431,395,V1283 Ori,M5.3,1.0,P,1.39,14.1,3.45,8.075000294395503,,2856.0,-0.5,0.12,0.03,0.09,0.1,0.07,0.8,2.29,0.44,2.51,opt,E93,2.0,A,,Simbad,83.85191,-5.44206,1.6664069875610883,0.3224256265775923,0.05568971782550209
432,539,2MASS J05352445-0524010,M2,2.0,H13,,15.24,,,,3490.0,,,,,,,,,,1.46,opt,R09,,,c,Simbad,83.85187,-5.40028,1.2114839866283942,0.0,0.0
433,604,V2425 Ori,M1e,1.0,H,,14.82,,,,3630.0,,,,,,,,,,,,,3.0,,"c,f",Simbad,83.85217,-5.41711,1.8426768639002449,0.0,0.0
434,557,2MASS J05352461-0511582,M3.5,1.0,H13,,13.6,,,,3260.0,,,,,,,,,,6.88,opt,H02,,,c,Simbad,83.85257,-5.19951,1.296741213445736,0.0,0.0
435,86,V1400 Ori,M0e,1.0,H13,2.15,14.13,2.63,6.524999294395505,,3770.0,-0.32,0.52,0.1,0.11,2.2,0.8,1.4,1.62,0.22,,,,,A,f,Simbad,83.85287,-5.40992,1.5040164574908728,0.5041978643251775,0.05568971782550209
436,552,V2430 Ori,M3,1.0,H13,,15.26,,,,3360.0,,,,,,,,,,4.94,opt,H02,,,c,Simbad,83.8537,-5.41949,1.6490379507631876,0.0,0.0
437,225,2MASS J05352512-0522252,M2,1.0,H,0.0,16.25,1.19,9.354998294395505,,3490.0,-1.556,0.29,0.07,0.07,39.0,19.0,20.0,0.46,0.06,4.66,opt,R09,,A,g,Simbad,83.85471,-5.37369,1.7774085246782236,0.1958572019532738,0.05568971782550209
438,390,2MASS J05352522-0529516,M5,1.0,H13,,14.87,3.11,,,2880.0,-0.852,0.12,0.05,0.09,0.6,0.35,2.3,1.51,0.34,2.47,opt,H00,2.0,,,Simbad,83.85508,-5.49767,1.3801653073698328,0.0,0.0
439,303,V1533 Ori,M4,1.0,H,2.59,15.11,3.92,8.354997294395504,,3160.0,-0.337,0.23,0.09,0.11,0.6,0.51,0.9,2.26,0.47,1.72,opt,H02,3.0,,,Simbad,83.85516,-5.55585,1.3414154043065931,0.2954527284244781,0.05568971782550209
440,452,V2436 Ori,M3.8,1.0,D10,,15.17,,,,3200.0,,,,,,,,,,2.62,opt,H02,,,c,Simbad,83.85561,-5.42488,1.3416512196832098,0.0,0.0
441,458,V496 Ori,M0,1.0,D10,,15.85,3.92,,,3770.0,,,,,,,,,,4.39,opt,S99,,,c,Simbad,83.85596,-5.36431,0.7216941251287746,0.0,0.0
442,379,2MASS J05352547-0534028,M5,1.0,H,,14.17,3.04,,,2880.0,-0.696,0.13,0.07,0.09,0.3,0.23,2.2,1.81,0.41,7.44,opt,H02,,N,g,Simbad,83.85612,-5.56746,1.5258319983856847,0.0,0.0
443,602,V417 Ori,M0.5,1.0,H,0.0,12.7,,,,3700.0,,,,,,,,,,9.0,opt,H00,2.0,,c,Simbad,83.85693,-5.5058,1.608056209788622,0.0,0.0
444,62,V2441 Ori,K8e,1.0,H,1.1,14.18,2.14,7.134997294395504,,3940.0,-0.514,0.68,0.07,0.08,7.1,2.7,3.9,1.19,0.14,0.84,opt,R09,,A,a,Simbad,83.85712,-5.38594,1.6461027762617295,0.4179634134048073,0.05568971782550209
445,304,V1538 Ori,M4,1.0,H,3.72,16.05,4.16,8.404998294395503,,3160.0,-0.563,0.23,0.1,0.12,1.8,1.6,0.5,1.74,0.36,3.21,opt,S99,2.0,,,Simbad,83.85715,-5.49315,1.6147240788908144,0.29018603590311565,0.05568971782550209
446,77,V1285 Ori,K8,1.0,H,2.17,13.64,2.64,6.024999294395505,,3940.0,0.014,0.63,0.08,0.07,1.2,0.3,0.5,2.19,0.26,10.3,opt,E93,,N,g,Simbad,83.85837,-5.42994,1.6649536494041366,0.5927948985304557,0.05568971782550209
447,7,V1232 Ori,G6,1.0,H,1.15,10.59,1.19,2.544999294395504,,5390.0,0.914,2.2,0.25,0.14,3.7,0.9,1.5,3.28,0.4,1.55,opt,H00,3.0,N,a,Simbad,83.85917,-5.46019,1.5750368382353257,0.0,0.0
448,504,2MASS J05353120-0519319,M5.5,1.0,H13,,17.16,,,,2840.0,,,,,,,,,,2.31,opt,H02,3.0,,c,Simbad,83.88003,-5.32555,1.471411474452662,0.0,0.0
449,87,2MASS J05352630-0527439,M0,1.0,H13,0.0,13.96,2.34,8.214998294395505,,3770.0,-0.433,0.52,0.1,0.13,3.1,1.2,2.3,1.43,0.19,10.36,opt,H02,3.0,,,Simbad,83.8596,-5.4622,1.6036052236749292,0.30943875607837673,0.05568971782550209
450,6,AK Ori,K2,1.0,StE,1.7,10.61,1.36,2.184997794395505,,4760.0,0.89,2.21,0.49,0.34,1.0,0.4,0.8,4.09,0.59,10.33,opt,G95,2.0,,a,Simbad,83.85976,-5.42782,1.588965214699791,0.0,0.0
451,485,2MASS J05352645-0530164,M6,1.0,H13,,14.93,3.64,,,2800.0,-0.732,,,,,,,1.83,0.29,3.7,MIR,M11,2.0,,b,Simbad,83.86021,-5.50458,1.543564275984546,0.0,0.0
452,547,V2454 Ori,M3.5,1.0,H13,,15.03,,,,3260.0,,,,,,,,,,3.03,NIR,C01,,,c,Simbad,83.86139,-5.2792,1.330715563616128,0.0,0.0
453,535,V2456 Ori,M3.5,1.0,H13,0.0,15.32,,,,3260.0,,,,,,,,,,0.85,opt,R09,,N,c,Simbad,83.86236,-5.40016,1.7570008422365064,0.0,0.0
454,520,V2459 Ori,M5.5,1.0,H13,,15.22,,,,2840.0,,,,,,,,,,5.68,opt,R09,2.0,,c,Simbad,83.86274,-5.26243,1.761222357622957,0.0,0.0
455,369,2MASS J05352720-0530247,M5,1.0,H13,,14.04,3.41,,,2880.0,-0.458,0.13,0.04,0.1,0.1,0.07,1.3,2.37,0.53,4.39,opt,S99,2.0,,,Simbad,83.86334,-5.50687,1.4027951575871784,0.0,0.0
456,603,V1345 Ori,M0,1.0,H,1.97,13.38,2.56,5.884998294395505,,3770.0,,,,,,,,,,11.1,opt,H00,2.0,,c,Simbad,83.86445,-5.2861,1.794967738250297,0.6240552123386317,0.05568971782550209
457,212,V1287 Ori,M3,1.0,H,0.37,13.77,2.69,8.004998294395504,,3360.0,-0.421,0.3,0.08,0.08,1.5,0.5,0.6,1.82,0.3,6.42,opt,H00,,,g,Simbad,83.86457,-5.4572,1.6441389331370837,0.3291220469643065,0.05568971782550209
458,83,V1539 Ori,K8V,1.0,D,0.27,12.13,1.82,5.594997294395505,,3940.0,0.106,0.6,0.05,0.1,0.9,0.2,0.4,2.43,0.29,4.62,opt,S99,3.0,,,Simbad,83.86462,-5.58875,1.1790985022964813,0.6987532505129153,0.05568971782550209
459,342,V1540 Ori,M4.5,1.0,P,0.0,13.75,3.04,8.704998294395503,,3020.0,-0.456,0.17,0.06,0.1,0.2,0.13,1.4,2.16,0.43,2.23,opt,H00,3.0,,,Simbad,83.86479,-5.47525,1.5133127427294495,0.25983138689757995,0.05568971782550209
460,509,2MASS J05352769-0528514,M7,1.0,H13,,16.83,,,,2650.0,,,,,,,,,,4.16,opt,H02,3.0,,c,Simbad,83.86541,-5.48096,1.3620320587807102,0.0,0.0
461,119,V1541 Ori,M1,1.0,H,3.8,15.23,3.46,6.8049962943955045,,3630.0,-0.326,0.42,0.07,0.11,1.6,0.3,0.8,1.74,0.24,3.53,opt,R09,3.0,N,,Simbad,83.86557,-5.30129,1.7489075014090172,0.4643990364117562,0.05568971782550209
462,380,V1542 Ori,M5,1.0,H,0.0,13.88,3.28,9.074998294395504,,2880.0,-0.456,0.13,0.04,0.1,0.1,0.07,1.3,2.38,0.54,9.0,opt,E93,,,g,Simbad,83.86621,-5.46722,1.6707562993936176,0.22270806229229168,0.05568971782550209
463,255,V1347 Ori,M3.5,1.0,H,0.36,13.16,2.85,7.564999294395504,,3260.0,-0.151,0.27,0.08,0.1,0.3,0.23,0.9,2.64,0.49,5.76,opt,H02,3.0,N,,Simbad,83.86638,-5.28257,1.6770405142795093,0.3713689462020635,0.05568971782550209
464,300,2MASS J05352804-0517202,M4,1.0,H,0.64,14.16,3.16,8.594998294395504,,3160.0,-0.431,0.23,0.1,0.12,1.2,1.11,0.5,2.03,0.42,,,,,,f,Simbad,83.86685,-5.28896,1.718996937441299,0.27143283655987616,0.05568971782550209
465,615,V2471 Ori,M3e,1.0,H,0.0,15.75,,,,3360.0,,,,,,,,,,9.35,opt,R09,,A,c,Simbad,83.86721,-5.38511,1.6580586311106096,0.0,0.0
466,173,V1543 Ori,M2,1.0,H,3.82,15.74,3.72,7.554997294395504,,3490.0,-0.453,0.35,0.05,0.08,1.8,0.4,0.9,1.62,0.23,6.4,opt,H02,,,g,Simbad,83.86736,-5.19377,1.6093000786382872,0.37232441273861444,0.05568971782550209
467,572,2MASS J05352835-0517544,M1,1.0,H,0.57,16.34,2.2,9.884999294395504,,3630.0,-1.556,,,,,,,0.42,0.06,6.76,opt,H02,3.0,,b,Simbad,83.86813,-5.29847,1.682998265382753,0.16235916583635,0.05568971782550209
468,302,V1545 Ori,M4,1.0,H,0.0,13.9,2.87,8.684998294395504,,3160.0,-0.508,0.23,0.11,0.1,1.5,1.4,0.6,1.86,0.39,1.14,opt,H02,3.0,,,Simbad,83.86814,-5.30641,1.7159014959522585,0.2618420515627735,0.05568971782550209
469,133,V1288 Ori,M1.5,1.0,H,0.75,13.0,2.36,6.524998294395504,,3560.0,-0.168,0.4,0.1,0.08,1.1,0.2,0.3,2.17,0.3,9.23,opt,H00,,N,g,Simbad,83.86825,-5.41761,1.813089863832393,0.5041978643251775,0.05568971782550209
470,196,2MASS J05352841-0519021,M3,1.0,H,3.01,15.52,3.72,8.144998294395505,,3360.0,-0.478,0.31,0.09,0.09,1.7,0.4,0.7,1.7,0.28,3.23,opt,R09,,,g,Simbad,83.8684,-5.31725,1.7418380609306194,0.3158654536601959,0.05568971782550209
471,72,V497 Ori,K8e,1.0,H13,,12.99,2.24,,,3940.0,0.024,0.64,0.08,0.07,1.2,0.3,0.5,2.21,0.26,7.01,opt,H02,2.0,,,Simbad,83.87055,-5.2718,1.6929777173332348,0.0,0.0
472,233,V1548 Ori,M3,1.0,H,0.0,14.06,2.52,8.494998294395502,,3360.0,-0.643,0.29,0.08,0.09,2.3,0.5,1.3,1.41,0.23,8.85,opt,H02,2.0,,,Simbad,83.87042,-5.58522,1.21844725705141,0.2813749140873865,0.05568971782550209
473,85,V1550 Ori,M0,1.0,H,1.04,13.43,2.2,6.504998294395504,,3770.0,-0.308,0.53,0.12,0.09,2.2,0.8,1.4,1.65,0.23,12.2,opt,H00,2.0,,,Simbad,83.87122,-5.4862,1.5639790147443189,0.5080995208654797,0.05568971782550209
474,301,2MASS J05352934-0525462,M4,1.0,H,0.08,13.54,2.94,8.314998294395503,,3160.0,-0.32,0.23,0.09,0.13,0.4,0.33,1.0,2.3,0.48,7.75,opt,H02,,,g,Simbad,83.87226,-5.42952,1.6972477893912217,0.2992730738142913,0.05568971782550209
475,115,V1289 Ori,M1,1.0,H,1.07,13.3,2.21,6.354999294395505,,3630.0,-0.334,0.43,0.08,0.09,1.7,0.4,0.9,1.72,0.24,10.6,opt,H02,3.0,N,,Simbad,83.87274,-5.27595,1.767876126971407,0.5348935275403243,0.05568971782550209
476,545,2MASS J05352948-0525372,M6,1.0,H13,,16.05,,,,2800.0,,,,,,,,,,2.86,opt,R09,,,c,Simbad,83.87283,-5.427,1.230577058271752,0.0,0.0
477,124,V1290 Ori,M1,1.0,H,4.42,13.5,3.7,4.694999294395505,,3630.0,0.516,0.41,0.06,0.1,0.04,0.03,0.16,4.58,0.64,7.52,opt,H02,3.0,N,,Simbad,83.87326,-5.4158,1.698491726428891,0.9859574562714498,0.05568971782550209
478,171,V1552 Ori,M2,1.0,H,0.57,13.77,2.45,7.565000294395505,,3490.0,-0.458,0.35,0.06,0.08,1.8,0.4,0.9,1.61,0.22,0.84,opt,H02,,,g,Simbad,83.87358,-5.5201,1.4025970204902714,0.3713689462020635,0.05568971782550209
479,237,2MASS J05352980-0516064,M3.5,1.0,H13,,13.89,3.4,,,3260.0,-0.1,0.28,0.09,0.1,0.2,0.15,0.9,2.8,0.52,13.87,opt,H02,3.0,,,Simbad,83.8742,-5.26846,1.2585446344640758,0.0,0.0
480,169,2MASS J05352986-0523484,M2e,1.0,H13,0.23,14.12,2.32,8.124999294395503,,3490.0,-0.679,0.35,0.07,0.07,3.2,1.0,1.7,1.25,0.17,5.13,opt,R09,,A,g,Simbad,83.87442,-5.39678,1.6795100397293123,0.31749287626319767,0.05568971782550209
481,294,V2485 Ori,M4e,1.0,H,0.87,14.41,3.25,8.704997294395506,,3160.0,-0.475,0.24,0.12,0.11,1.4,1.31,0.5,1.93,0.4,4.69,opt,H02,2.0,A,,Simbad,83.87495,-5.20763,1.7688963694273447,0.25983138689757995,0.05568971782550209
482,617,V1291 Ori,M5.6,1.0,P,1.29,15.71,4.08,10.414998294395504,,2832.0,-0.913,,,,,,,1.45,0.24,2.87,opt,R09,3.0,,b,Simbad,83.87542,-5.15263,1.673758910867293,0.1409615863436173,0.05568971782550209
483,347,V2486 Ori,M4.5,1.0,H,2.58,16.08,4.13,9.544998294395503,,3020.0,-0.714,0.16,0.07,0.1,1.7,1.68,1.0,1.61,0.32,5.46,opt,H02,,,g,Simbad,83.87562,-5.2385,1.7836628200722957,0.1817932013636544,0.05568971782550209
484,276,V1554 Ori,M3.5,1.0,H,0.05,13.8,2.73,8.394999294395506,,3260.0,-0.482,0.25,0.06,0.1,1.5,1.1,0.7,1.8,0.34,4.94,opt,H02,,N,g,Simbad,83.87617,-5.431,1.6780643750088378,0.29168115133416955,0.05568971782550209
485,74,V1348 Ori,K8e,1.0,H,1.1,13.41,2.14,6.3649982943955035,,3940.0,-0.206,0.64,0.06,0.07,2.3,0.8,1.1,1.7,0.2,7.78,opt,E93,2.0,A,,Simbad,83.87676,-5.42739,1.7022990350111735,0.5321517406153261,0.05568971782550209
486,397,V2488 Ori,M4.5,1.0,H13,1.08,16.04,3.13,10.005000294395503,,3020.0,-1.322,0.11,0.05,0.09,4.7,1.7,4.3,0.8,0.16,3.9,opt,H02,,,g,Simbad,83.87688,-5.46978,1.6710143141714071,0.15742934078935197,0.05568971782550209
487,199,V1292 Ori,M2.5,1.0,H,0.28,14.05,2.34,8.024997294395503,,3425.0,-0.672,0.31,0.06,0.09,2.6,0.6,1.7,1.31,0.2,7.08,opt,H02,2.0,,,Simbad,83.87704,-5.47517,1.5379792470731632,0.32743501491281596,0.05568971782550209
488,542,2MASS J05353063-0515162,M5.5,1.0,H13,,15.69,,,,2840.0,,,,,,,,,,2.59,opt,R09,,,c,Simbad,83.87765,-5.25451,1.73656672381678,0.0,0.0
489,251,V1293 Ori,M3.5,1.0,H,0.51,13.93,2.91,8.244998294395502,,3260.0,-0.421,0.27,0.09,0.09,1.4,1.2,0.5,1.93,0.36,6.33,opt,H02,,N,g,Simbad,83.87776,-5.45465,1.5621708470593292,0.3062746097006688,0.05568971782550209
490,501,2MASS J05353071-0524312,M3,1.0,H13,0.0,14.98,,,,3360.0,,,,,,,,,,1.38,opt,R09,3.0,A,c,Simbad,83.87797,-5.40867,1.5626587834166157,0.0,0.0
491,332,V1555 Ori,M4.5,1.0,H13,0.0,14.04,2.62,8.574998294395504,,3020.0,-0.572,0.18,0.08,0.08,0.7,0.62,1.5,1.89,0.37,7.91,opt,H00,2.0,,,Simbad,83.87833,-5.51006,1.5331490892197726,0.27353327723396353,0.05568971782550209
492,280,2MASS J05353092-0525236,M3.5,1.0,H13,,14.27,1.97,,,3260.0,-0.732,0.24,0.09,0.11,2.5,1.1,1.6,1.35,0.25,0.65,opt,R09,,,g,Simbad,83.87885,-5.42323,1.4704372404686803,0.0,0.0
493,375,JW 865,M5,1.0,H,0.83,14.34,3.6,9.024998294395504,,2880.0,-0.459,0.13,0.04,0.1,0.1,0.07,1.3,2.37,0.53,1.58,opt,R09,,N,g,Simbad,83.87901,-5.42888,1.6966602590373008,0.22791834890595686,0.05568971782550209
494,568,V2495 Ori,M6e,1.0,H,0.0,15.46,3.8,11.174998294395506,,2800.0,-0.944,,,,,,,1.43,0.22,3.49,opt,H02,3.0,A,b,Simbad,83.87927,-5.31258,1.7354214710523468,0.11128468851227456,0.05568971782550209
495,244,V1557 Ori,M3,1.0,H,0.0,14.45,2.46,8.824998294395504,,3360.0,-0.824,0.28,0.08,0.09,3.5,1.0,2.6,1.14,0.19,3.7,opt,H02,3.0,,,Simbad,83.88,-5.20779,1.6583865841365102,0.24808751548161567,0.05568971782550209
496,16,V1294 Ori,K3,1.0,StE,3.09,11.82,2.13,2.7749982943955036,,4550.0,0.83,1.6,0.41,0.57,0.6,0.2,0.6,4.18,0.63,6.76,opt,H00,3.0,,,Simbad,83.8804,-5.25919,1.740419181064899,0.0,0.0
497,486,V1559 Ori,M5.5,1.0,H13,0.0,15.18,3.24,10.334998294395506,,2840.0,-0.904,,,,,,,1.46,0.25,4.19,opt,H00,2.0,,b,Simbad,83.88088,-5.47121,1.6770890615115106,0.14388920115685183,0.05568971782550209
498,314,2MASS J05353156-0516369,M3.5e,1.0,H13,,15.18,2.47,,,3260.0,-1.096,0.21,0.09,0.12,5.1,1.8,5.4,0.89,0.17,3.83,opt,R09,2.0,,,Simbad,83.88151,-5.27693,1.8776496466183776,0.0,0.0
499,404,V1561 Ori,M6.5,1.0,H13,0.0,14.44,3.74,10.094998294395504,,2725.0,-0.48,0.11,0.02,0.02,0.07,0.04,0.03,2.59,0.37,5.54,opt,H02,2.0,,,Simbad,83.88202,-5.50114,1.590323752159234,0.15343569266011503,0.05568971782550209
500,553,2MASS J05353175-0516399,M5.5e,1.0,H13,,15.88,,,,2840.0,,,,,,,,,,5.18,opt,R09,,,c,Simbad,83.8823,-5.27775,1.674789438818344,0.0,0.0
501,315,V1562 Ori,M4,1.0,H13,0.0,14.17,2.74,8.824998294395504,,3160.0,-0.672,0.21,0.09,0.13,2.2,2.0,0.9,1.54,0.32,1.58,opt,H02,3.0,,,Simbad,83.88245,-5.4928,1.506884610599157,0.24808751548161567,0.05568971782550209
502,519,V2508 Ori,M8,1.0,H13,,17.02,,,,2570.0,,,,,,,,,,4.36,opt,H02,2.0,,c,Simbad,83.88307,-5.52994,1.5241331812766308,0.0,0.0
503,158,2MASS J05353242-0514247,M2.25,1.0,H13,,14.91,3.44,,,3457.5,-0.323,0.36,0.09,0.06,1.4,0.3,0.3,1.92,0.28,2.7,opt,R09,,,g,Simbad,83.88509,-5.24022,1.8366296669527,0.0,0.0
504,488,V2516 Ori,M0.5,1.0,H13,,16.33,1.54,,,3700.0,-1.616,,,,,,,0.38,0.05,9.1,opt,R09,2.0,,b,Simbad,83.88518,-5.25192,1.8815298606796251,0.0,0.0
505,162,2MASS J05353280-0517384,M1.5,2.0,H,2.67,15.84,3.11,8.194998294395505,,3560.0,-0.836,0.36,0.12,0.26,5.5,2.5,12.5,1.01,0.21,1.04,opt,H02,3.0,,,Simbad,83.8867,-5.29402,1.7803745517855114,0.31103306663070596,0.05568971782550209
506,59,2MASS J05353291-0516052,K7,3.0,H,2.0,13.99,2.22,6.124997294395504,,3970.0,-0.319,0.69,0.27,0.34,3.8,2.3,8.7,1.46,0.31,8.56,opt,E93,3.0,,,Simbad,83.88715,-5.26812,1.7455717622486548,0.5747954519118786,0.05568971782550209
507,386,2MASS J05353311-0517340,M5,1.0,H13,,14.65,3.3,,,2880.0,-0.764,0.12,0.05,0.09,0.3,0.15,2.4,1.67,0.38,8.66,opt,H02,,,g,Simbad,83.88796,-5.29278,1.6596220206408925,0.0,0.0
508,69,V2524 Ori,K8.5,2.0,H,4.89,17.13,3.62,7.774999294395505,,3910.0,-0.806,0.65,0.19,0.09,18.5,10.8,26.5,0.86,0.13,6.99,opt,R09,,,a,Simbad,83.8885,-5.33271,1.3763626342677502,0.3509580207526128,0.05568971782550209
509,461,V2527 Ori,M1.8,1.0,D10,,15.72,,,,3518.0,,,,,,,,,,6.29,NIR,C01,,,c,Simbad,83.88997,-5.25645,1.836977613744224,0.0,0.0
510,277,V804 Ori,M3.5,1.0,H,0.18,14.62,2.78,9.134998294395503,,3260.0,-0.778,0.25,0.1,0.09,2.8,0.9,1.9,1.28,0.24,5.32,opt,H02,3.0,,,Simbad,83.89104,-5.63908,1.0366016044631328,0.21650141180075821,0.05568971782550209
511,128,V2532 Ori,M1,1.0,H,4.57,16.77,3.76,7.874999294395504,,3630.0,-0.754,0.41,0.07,0.11,5.4,2.1,4.3,1.06,0.15,3.01,opt,R09,2.0,,,Simbad,83.89287,-5.556,1.354988170009368,0.34117717245466045,0.05568971782550209
512,548,2MASS J05353437-0526596,M7,1.0,H13,,15.32,,,,2650.0,,,,,,,,,,3.21,opt,R09,,,c,Simbad,83.89324,-5.44992,1.7992475871753475,0.0,0.0
513,470,2MASS J05353449-0513077,M6,1.0,H13,,15.87,3.32,,,2800.0,-1.108,,,,,,,1.19,0.19,1.41,opt,H02,3.0,,b,Simbad,83.89375,-5.21881,1.3493989010803409,0.0,0.0
514,444,2MASS J05353461-0515528,M4.3,1.0,D10,,15.59,,,,3076.0,,,,,,,,,,,,,,,"c,f",Simbad,83.89425,-5.26467,1.802660766739942,0.0,0.0
515,421,2MASS J05353464-0527151,M4.7,1.0,D10,,16.33,,,,2964.0,,,,,,,,,,0.43,opt,R09,3.0,,c,Simbad,83.89437,-5.45421,1.658992944754672,0.0,0.0
516,234,V2539 Ori,M3,1.0,H,0.0,14.17,2.45,8.534998294395505,,3360.0,-0.712,0.29,0.09,0.09,2.7,0.6,1.8,1.3,0.22,10.66,opt,H02,2.0,N,,Simbad,83.89452,-5.57725,1.1195504974213275,0.27707019361383173,0.05568971782550209
517,160,2MASS J05353512-0527548,M2,1.0,H13,2.92,15.89,3.52,8.404998294395503,,3490.0,-0.638,0.36,0.07,0.06,3.0,1.0,1.3,1.31,0.18,1.37,opt,R09,3.0,N,,Simbad,83.89633,-5.46524,1.6899238526569105,0.29018603590311565,0.05568971782550209
518,581,V2542 Ori,K3,2.0,H,1.28,16.96,1.59,9.184997294395503,,4550.0,-1.563,,,,,,,0.27,0.06,9.56,opt,H02,2.0,A,b,Simbad,83.89642,-5.56367,1.3691133587694544,0.2115521200339485,0.05568971782550209
519,146,V425 Ori,M1.5,1.0,H,0.06,13.18,2.09,7.124998294395505,,3560.0,-0.34,0.38,0.06,0.08,1.5,0.3,0.7,1.78,0.25,7.71,opt,E93,,,g,Simbad,83.89836,-5.26201,1.7425073122015406,0.41903875925452083,0.05568971782550209
520,259,V2547 Ori,M3,1.0,H13,,15.1,2.41,,,3360.0,-1.084,0.26,0.08,0.1,6.8,2.9,5.7,0.85,0.14,0.76,opt,R09,2.0,,,Simbad,83.89834,-5.65227,1.145586513764942,0.0,0.0
521,116,V568 Ori,M1,1.0,H,0.37,13.16,2.12,6.824998294395504,,3630.0,-0.334,0.43,0.08,0.09,1.7,0.4,0.9,1.72,0.24,1.15,opt,H02,2.0,,,Simbad,83.90184,-5.56976,1.2237315850254604,0.46083295247875117,0.05568971782550209
522,559,2MASS J05353650-0520094,M3.5,1.0,H13,,16.49,,,,3260.0,,,,,,,,,,9.87,MIR,M11,,,c,Simbad,83.90209,-5.33596,1.42989709103272,0.0,0.0
523,309,2MASS J05353679-0537464,M4,1.0,H,0.0,13.96,2.29,8.164998294395504,,3160.0,-0.588,0.22,0.08,0.11,1.9,1.7,0.7,1.69,0.35,1.99,opt,R09,,,g,Simbad,83.90329,-5.62958,0.989024175595116,0.31343994750929544,0.05568971782550209
524,248,V1569 Ori,M3,1.0,Sta,,13.92,2.45,,,3360.0,-0.612,0.28,0.06,0.1,2.1,0.4,1.2,1.46,0.24,4.71,opt,S99,,,g,Simbad,83.90484,-5.17487,1.6806019649683523,0.0,0.0
525,284,V1350 Ori,M3.5,1.0,H13,2.87,14.08,2.56,5.684997794395505,,3260.0,-0.656,0.24,0.08,0.12,2.2,1.4,1.2,1.47,0.28,2.88,opt,H00,3.0,N,,Simbad,83.90658,-5.45458,1.6715935800375006,0.6757978081638902,0.05568971782550209
526,561,2MASS J05353761-0519441,M5.5,1.0,H,0.62,15.86,3.82,10.974998294395503,,2840.0,-1.107,,,,,,,1.16,0.2,0.81,opt,H02,3.0,,b,Simbad,83.90672,-5.32894,1.8413566393842,0.11927940581045728,0.05568971782550209
527,305,V1571 Ori,M4,1.0,H,0.0,13.65,2.48,8.044998294395503,,3160.0,-0.464,0.23,0.09,0.11,1.3,1.2,0.6,1.95,0.41,5.98,opt,H00,2.0,,,Simbad,83.90847,-5.47265,1.591394793459375,0.3249206670045905,0.05568971782550209
528,278,2MASS J05353812-0528336,M3e,1.0,H,0.67,15.76,2.81,9.814998294395503,,3360.0,-1.142,0.25,0.08,0.1,7.6,3.2,6.9,0.79,0.13,2.51,opt,R09,2.0,A,,Simbad,83.90885,-5.476,1.5986989932975002,0.16530588173128863,0.05568971782550209
529,291,2MASS J05353834-0528346,M3.5,1.0,H,0.69,14.81,2.98,9.014998294395506,,3260.0,-0.73,0.24,0.09,0.11,2.5,1.1,1.6,1.35,0.25,9.98,opt,R09,2.0,,,Simbad,83.90979,-5.47629,1.6682616463638804,0.2285047424579021,0.05568971782550209
530,9,V426 Ori,K2,1.0,H,4.36,12.59,2.7,2.844998294395504,,4760.0,0.935,2.26,0.57,0.34,0.9,0.4,0.7,4.31,0.62,5.15,opt,H02,2.0,N,a,Simbad,83.9119,-5.21166,1.7516151076664257,0.0,0.0
531,84,2MASS J05353901-0521017,K9,2.0,H,3.96,15.53,3.42,6.904999294395504,,3880.0,-0.32,0.59,0.15,0.31,2.8,1.3,4.9,1.53,0.26,1.69,opt,R09,3.0,N,,Simbad,83.91255,-5.35048,1.8252246302269888,0.4502981632660292,0.05568971782550209
532,264,2MASS J05353907-0520257,M3,1.0,H,2.24,16.36,3.42,9.454998294395503,,3360.0,-1.001,0.26,0.08,0.1,5.3,1.9,4.5,0.93,0.16,4.51,MIR,M11,3.0,,,Simbad,83.91282,-5.34049,1.7503284443886629,0.18845194657974051,0.05568971782550209
533,492,2MASS J05353984-0515493,M5.5,1.0,H13,,15.96,3.86,,,2840.0,-1.122,,,,,,,1.14,0.2,0.76,opt,R09,,,b,Simbad,83.916,-5.26369,1.3699845943781177,0.0,0.0
534,249,2MASS J05354082-0532018,M3.6,1.0,D10,,13.86,2.66,,,3240.0,-0.564,0.27,0.1,0.09,1.9,1.4,0.6,1.65,0.32,2.57,opt,H02,3.0,,,Simbad,83.92012,-5.53386,1.3542159386151755,0.0,0.0
535,514,2MASS J05354123-0538294,M5,1.0,H13,,14.9,,,,2880.0,,,,,,,,,,2.58,opt,R09,2.0,,c,Simbad,83.9218,-5.64152,1.149619226316468,0.0,0.0
536,511,2MASS J05354130-0538329,M4.5,1.0,H13,,14.8,,,,3020.0,,,,,,,,,,0.73,opt,R09,2.0,,c,Simbad,83.92209,-5.64249,0.9783392872549198,0.0,0.0
537,78,V2573 Ori,K7,2.0,H,5.1,14.38,3.7,4.894998294395505,,3970.0,0.449,0.63,0.13,0.26,0.5,0.3,0.2,3.54,0.51,8.21,MIR,M11,2.0,N,,Simbad,83.92506,-5.16986,1.8787922746196672,0.9104674242759904,0.05568971782550209
538,495,2MASS J05354205-0512595,M5.5,1.0,H13,,15.74,3.87,,,2840.0,-1.028,,,,,,,1.27,0.22,3.24,opt,R09,,,b,Simbad,83.92525,-5.21653,1.648459430958544,0.0,0.0
539,55,OQ Ori,K6,1.0,H,1.35,13.26,1.97,5.794998294395505,,4020.0,-0.114,0.71,0.1,0.14,2.1,0.7,1.5,1.81,0.23,9.56,opt,H02,,N,g,Simbad,83.92698,-5.45918,1.604721380572986,0.6469131884816507,0.05568971782550209
540,471,2MASS J05354257-0533489,M5.5,1.0,H13,2.05,16.12,3.71,9.695001294395505,,2840.0,-1.28,,,,,,,0.95,0.16,1.63,opt,R09,3.0,,b,Simbad,83.92742,-5.56358,1.20820566221049,0.17048235691748292,0.05568971782550209
541,371,2MASS J05354261-0526083,M5.5,1.0,H,0.03,14.65,3.59,10.124998294395505,,2840.0,-0.692,0.13,0.07,0.04,0.3,0.23,1.2,1.86,0.32,0.7,opt,R09,3.0,,e,Simbad,83.92758,-5.43566,1.66904297964453,0.15225747195885675,0.05568971782550209
542,281,2MASS J05354267-0525450,M3.5,1.0,H13,1.56,15.44,3.32,9.114998294395503,,3260.0,-0.769,0.24,0.09,0.11,2.7,0.9,1.9,1.29,0.24,2.12,opt,H02,,,g,Simbad,83.9278,-5.42919,1.6931715662131472,0.21873810441653704,0.05568971782550209
543,117,V570 Ori,M1,1.0,H,0.11,13.31,2.02,7.134998294395505,,3630.0,-0.4,0.43,0.08,0.09,2.0,0.6,1.2,1.59,0.22,8.07,opt,H02,2.0,N,,Simbad,83.93082,-5.54558,1.158850514889298,0.4179634134048073,0.05568971782550209
544,586,2MASS J05354359-0532118,M5,1.0,H,0.18,15.98,3.35,11.064998294395503,,2880.0,-1.271,,,,,,,0.93,0.21,1.86,opt,R09,,,b,Simbad,83.93167,-5.53661,1.367023061094871,0.1156576416844446,0.05568971782550209
545,159,AP Ori,M1.75,1.0,H13,0.37,13.51,2.12,7.174998294395504,,3525.0,-0.466,0.36,0.05,0.09,1.9,0.4,1.1,1.57,0.22,6.94,NIR,C01,2.0,A,,Simbad,83.93908,-5.46966,1.5031843988366411,0.41156904214852047,0.05568971782550209
546,139,V2590 Ori,M1.5,1.0,H13,0.62,13.68,2.47,7.4449982943955035,,3560.0,-0.372,0.38,0.07,0.09,1.6,0.3,0.8,1.72,0.24,9.71,MIR,M11,2.0,,,Simbad,83.94265,-5.30237,1.8938159445998923,0.38201533059888443,0.05568971782550209
547,537,2MASS J05354658-0535386,M5,1.0,H13,,17.5,,,,2880.0,,,,,,,,,,1.15,opt,R09,,,c,Simbad,83.94412,-5.59406,1.6953795932982434,0.0,0.0
548,339,2MASS J05354661-0522243,M4.5,1.0,H,0.0,14.05,2.88,8.844998294395504,,3020.0,-0.576,0.17,0.07,0.08,0.4,0.32,1.8,1.88,0.37,2.16,opt,H02,3.0,,,Simbad,83.94422,-5.37342,1.6954709993232049,0.24618247082481823,0.05568971782550209
549,412,2MASS J05354723-0517434,M5,1.0,H,0.0,14.96,3.22,10.094998294395504,,2880.0,-0.888,0.1,0.04,0.1,0.3,0.2,2.9,1.45,0.33,2.7,opt,R09,,,g,Simbad,83.94679,-5.29539,1.6391374142955952,0.15343569266011503,0.05568971782550209
550,135,V1124 Ori,M1.5,1.0,H,0.11,12.99,2.11,6.904998294395504,,3560.0,-0.264,0.39,0.09,0.08,1.3,0.2,0.5,1.94,0.27,8.18,opt,S99,3.0,,,Simbad,83.94746,-5.22183,1.8183629027976005,0.4502981632660292,0.05568971782550209
551,170,V427 Ori,M2,1.0,H13,0.0,13.25,2.32,7.4849982943955045,,3490.0,-0.331,0.35,0.06,0.08,1.4,0.2,0.5,1.87,0.26,4.91,opt,H02,3.0,,,Simbad,83.94782,-5.38042,1.754816170594237,0.3781090570607462,0.05568971782550209
552,416,V2598 Ori,M6e,1.0,H,0.0,14.57,3.08,9.564998294395503,,2800.0,-0.588,0.1,0.01,0.07,0.08,0.02,0.42,2.16,0.34,3.94,opt,H02,2.0,A,,Simbad,83.94854,-5.62745,0.9162112838478096,0.17993428651123997,0.05568971782550209
553,120,V1583 Ori,M1,1.0,H,0.31,13.75,2.1,7.454998294395503,,3630.0,-0.576,0.42,0.07,0.1,3.2,1.1,2.3,1.3,0.18,6.53,opt,S99,3.0,N,,Simbad,83.95067,-5.53214,1.2092758400575356,0.3810349950303625,0.05568971782550209
554,474,2MASS J05354975-0532291,M5,1.0,H13,3.33,16.25,3.68,8.514998294395506,,2880.0,-1.173,,,,,,,1.04,0.23,2.21,opt,R09,3.0,,b,Simbad,83.95733,-5.54142,1.1860217009614555,0.27921425809630035,0.05568971782550209
555,257,V364 Ori,M3e,1.0,H,0.0,14.56,2.3,8.774998294395504,,3360.0,-0.868,0.27,0.07,0.1,3.8,1.1,2.9,1.09,0.18,2.0,opt,R09,2.0,A,,Simbad,83.95911,-5.35472,1.7595315119584116,0.2532400162737963,0.05568971782550209
556,589,2MASS J05355096-0533133,M5.5,1.0,H,0.0,15.34,3.03,10.284998294395505,,2840.0,-0.968,,,,,,,1.36,0.23,2.5,opt,R09,,,b,Simbad,83.96233,-5.55369,1.5743451724682804,0.14612474581095003,0.05568971782550209
557,359,2MASS J05355176-0517394,M4.5,1.0,H13,,14.92,2.87,,,3020.0,-0.924,0.14,0.06,0.1,2.4,2.2,1.5,1.26,0.25,1.25,opt,R09,,,g,Simbad,83.96571,-5.29431,1.660543226427261,0.0,0.0
558,51,AQ Ori,K6,1.0,H,0.0,12.65,1.4,5.964997294395504,,4020.0,-0.12,0.72,0.14,0.15,2.2,0.8,1.6,1.8,0.23,4.91,opt,H02,,N,g,Simbad,83.96675,-5.47978,1.2092197843514565,0.6035537499999128,0.05568971782550209
559,577,V2619 Ori,M5.5,1.0,H,1.11,15.93,4.01,10.744998294395502,,2840.0,-1.017,,,,,,,1.28,0.22,4.52,opt,H02,2.0,,b,Simbad,83.97564,-5.28622,1.7054483049106748,0.12817739687723836,0.05568971782550209
560,599,OW Ori,M0.5e,1.0,H,,,,,,3700.0,,,,,,,,,,4.21,opt,H02,2.0,,c,Simbad,83.97639,-5.44569,1.1317268707731294,0.0,0.0
561,176,OX Ori,M2,1.0,H,0.0,13.67,2.18,7.764998294395504,,3490.0,-0.524,0.35,0.05,0.08,2.1,0.5,1.1,1.5,0.21,8.45,MIR,M11,2.0,N,,Simbad,83.97762,-5.4521,1.333344356295435,0.3518609735923497,0.05568971782550209
562,560,2MASS J05355498-0522355,M5.5,1.0,H,0.83,16.17,3.9,11.154998294395503,,2840.0,-1.181,,,,,,,1.06,0.18,0.46,opt,R09,3.0,,b,Simbad,83.97912,-5.37653,1.7763411033788326,0.11214584771879073,0.05568971782550209
563,222,2MASS J05355641-0516318,M3,1.0,H,0.0,14.09,2.35,8.354998294395505,,3360.0,-0.68,0.29,0.09,0.09,2.5,0.5,1.5,1.35,0.22,0.7,opt,H02,,N,g,Simbad,83.98504,-5.27553,1.6621767568413413,0.2954527284244781,0.05568971782550209
564,563,2MASS J05355768-0517465,M5,1.0,H,0.0,15.4,2.92,10.234998294395504,,2880.0,-1.064,,,,,,,1.18,0.27,1.32,opt,H02,3.0,,b,Simbad,83.99033,-5.29628,1.7902650836697374,0.14801420881226798,0.05568971782550209
565,580,V2630 Ori,M5.5,1.0,H,0.0,15.98,2.7,10.594998294395504,,2840.0,-1.224,,,,,,,1.01,0.17,8.31,MIR,M11,2.0,,b,Simbad,83.9956,-5.5483,1.625192714029594,0.13390050691206104,0.05568971782550209
566,271,2MASS J05355995-0530033,M3.5,1.0,H13,4.08,16.34,3.97,8.144998294395505,,3260.0,-0.724,0.25,0.1,0.1,2.5,0.7,1.5,1.36,0.25,5.43,opt,R09,,,g,Simbad,83.99979,-5.50094,1.709367052388585,0.3158654536601959,0.05568971782550209
567,336,[H97b] 1047,M4.5,1.0,H13,0.0,14.15,2.84,8.904998294395503,,3020.0,-0.616,0.17,0.07,0.09,0.8,0.72,1.5,1.8,0.36,1.43,opt,R09,3.0,,,Simbad,84.00121,-5.57322,1.4697339270662266,0.23993734422306234,0.05568971782550209
568,406,V1596 Ori,M5.5,1.0,H,0.0,14.96,3.18,10.054998294395505,,2840.0,-0.816,0.11,0.04,0.04,0.3,0.15,1.8,1.62,0.28,1.18,opt,H02,,,g,Simbad,84.0058,-5.31963,1.679298767114314,0.1550208485162146,0.05568971782550209
569,571,2MASS J05360276-0515269,M6,1.0,H,0.35,15.16,4.07,10.794998294395503,,2800.0,-0.824,,,,,,,1.65,0.26,4.88,opt,H02,3.0,,b,Simbad,84.0115,-5.25749,1.353112601006592,0.12621642652430543,0.05568971782550209
570,214,2MASS J05360282-0532543,M3,1.0,H,3.49,15.85,3.91,8.184998294395504,,3360.0,-0.492,0.3,0.06,0.1,1.7,0.4,0.7,1.68,0.28,2.25,opt,H02,2.0,,,Simbad,84.01179,-5.54844,1.7243567948529697,0.3118332996333996,0.05568971782550209
571,374,2MASS J05360335-0524232,M4.5,1.0,H,0.0,15.38,3.1,10.394998294395505,,3020.0,-1.077,0.13,0.06,0.09,3.4,2.4,1.8,1.06,0.21,1.22,opt,R09,,,g,Simbad,84.014,-5.40644,1.6762719229414038,0.14168785782760615,0.05568971782550209
572,569,2MASS J05360348-0524359,M6,1.0,H,0.02,16.5,3.94,12.334998294395506,,2800.0,-1.36,,,,,,,0.89,0.14,3.56,opt,H02,3.0,,b,Simbad,84.0145,-5.41,1.346365353671092,0.0,0.0
573,573,V2636 Ori,M5,1.0,H,0.0,15.07,2.69,9.674998294395506,,2880.0,-0.932,,,,,,,1.38,0.31,1.05,opt,H02,2.0,,b,Simbad,84.01609,-5.50522,1.7345918934137907,0.1718016080487099,0.05568971782550209
574,391,V1767 Ori,M4.5,1.0,H,0.35,15.96,3.26,10.784997294395504,,3020.0,-1.209,0.12,0.06,0.09,4.2,2.7,2.8,0.91,0.18,20.78,opt,Re01,3.0,,d,Simbad,84.024,-5.3155,1.5096656448247423,0.1265411590393429,0.05568971782550209
575,308,V1129 Ori,M4,1.0,H,0.0,13.84,2.74,8.494998294395502,,3160.0,-0.54,0.22,0.07,0.13,1.6,1.4,0.6,1.79,0.37,0.81,opt,H02,,,g,Simbad,84.0362,-5.3506,1.6337624416797658,0.2813749140873865,0.05568971782550209
576,473,V1600 Ori,M6.5,1.0,H13,3.7,15.58,3.99,7.784998294395503,,2725.0,-0.936,,,,,,,1.53,0.22,2.11,opt,R09,3.0,,b,Simbad,84.04192,-5.45881,1.855728223226354,0.35005738508895384,0.05568971782550209
577,220,V1602 Ori,M3,1.0,H13,4.77,16.02,4.57,7.7349982943955045,,3360.0,-0.148,0.29,0.06,0.13,0.8,0.7,0.4,2.49,0.41,7.29,opt,H02,3.0,,,Simbad,84.05063,-5.55825,1.5793374206461634,0.354583794861597,0.05568971782550209
578,410,2MASS J05361649-0522413,M4.5,1.0,H13,0.7,16.49,3.4,11.104997294395504,,3020.0,-1.334,0.1,0.04,0.1,4.5,2.0,5.3,0.79,0.16,1.65,opt,R09,,,g,Simbad,84.06875,-5.37814,1.8306865004598507,0.11418122373419487,0.05568971782550209
579,491,2MASS J05361693-0513483,M5.25,1.0,H13,2.16,16.53,4.12,10.405000294395505,,2860.0,-1.099,,,,,,,1.15,0.23,0.56,opt,R09,,,b,Simbad,84.07054,-5.23011,1.3168698385944415,0.14132425554379643,0.05568971782550209
580,494,2MASS J05361925-0531083,M5,2.0,H13,3.21,16.14,3.32,8.164998294395504,,2880.0,-1.354,,,,,,,0.85,0.3,1.64,opt,R09,,,b,Simbad,84.08012,-5.51892,1.3369358304402374,0.31343994750929544,0.05568971782550209
581,73,2MASS J05362100-0527340,K8,1.0,H,5.81,16.12,3.98,6.204999294395504,,3940.0,-0.142,0.64,0.06,0.08,1.9,0.6,0.9,1.83,0.22,6.58,opt,R09,,,g,Simbad,84.08752,-5.45947,1.7405880856106408,0.5602141116756053,0.05568971782550209
582,396,2MASS J05362516-0519133,M5.5,1.0,H13,3.52,15.26,3.92,7.574998294395504,,2840.0,-0.805,0.11,0.04,0.04,0.3,0.15,1.6,1.64,0.28,1.22,opt,R09,,,g,Simbad,84.10485,-5.32037,1.4339703193456232,0.3704159316033153,0.05568971782550209
583,490,V1770 Ori,M5.5,2.0,H13,4.8,16.27,3.94,7.324999294395504,,2840.0,-1.196,,,,,,,1.04,0.33,43.34,opt,Re01,,,"b,d",Simbad,84.10549,-5.28389,0.2077541481657874,0.3939779592656938,0.05568971782550209
584,180,V951 Ori,M2.5,1.0,H13,0.0,13.21,2.3,7.424998294395504,,3425.0,-0.336,0.34,0.09,0.07,1.4,0.3,0.3,1.93,0.29,5.88,opt,S99,2.0,,,Simbad,84.11473,-5.51543,1.7407539325423729,0.3839835749146387,0.05568971782550209
585,101,V1612 Ori,M0.5,1.0,H13,0.67,13.72,2.24,7.204998294395503,,3700.0,-0.441,0.47,0.09,0.09,2.6,0.9,1.7,1.47,0.2,5.06,opt,S99,3.0,N,,Simbad,84.12393,-5.33523,1.5846168050359568,0.4073605690070335,0.05568971782550209
