,recno,ID,m_ID,Parenago,Mem,Rproj,Imag,l_V-I,V-I,logT,SpT,AV,log(L),R,Mass,log(age),Simbad,RAJ2000,DEJ2000,Mass_calc,Mass_e
0,1,3132,,,,17.67,,,,,,,,,,,Simbad,05 34 11.42,-05 30 19.44,0.0,0.0
1,2,3157,,,,19.34,7.084998294395504,,2.33,3.562,M1(H),0.9,-0.83,0.97,0.42,6.67,Simbad,05 34 11.60,-05 33 55.63,0.12784846541513625,0.055689584892635896
2,3,3126,,1382.0,,16.8,5.084998294395504,,1.68,3.602,K7(H),0.24,-0.21,1.63,0.51,6.02,Simbad,05 34 12.81,-05 28 47.81,0.3909526332845051,0.055689584892635896
3,4,3153,,,,18.98,8.404998294395503,,2.74,3.526,M3(H),0.49,-1.39,0.6,0.19,6.83,Simbad,05 34 12.97,-05 33 48.05,0.0,0.0
4,5,3156,,1386.0,,19.0,5.714998294395505,,1.61,,,,,,,,Simbad,05 34 13.12,-05 33 53.25,0.2707362800532897,0.055689584892635896
5,6,3035,,,,16.69,8.384998294395503,,2.5,,G:(H),,,,,,Simbad,05 34 13.60,-05 17 43.49,0.0,0.0
6,7,3118,,1393.0,70.0,16.26,2.9949982943955042,,1.04,3.748,G6(H)K0(WSH),0.81,0.75,2.53,2.01,6.51,Simbad,05 34 14.39,-05 28 16.30,1.2297815479451109,0.055689584892635896
7,8,3007,,,,17.88,6.724998294395505,,2.61,3.535,M2.5(H),0.59,-0.72,1.24,0.26,6.16,Simbad,05 34 14.80,-05 14 17.70,0.14801420881226798,0.055689584892635896
8,9,3024,,1392.0,,17.14,5.344998294395504,,2.04,3.562,M1(H),0.16,-0.31,1.75,0.34,5.84,Simbad,05 34 14.87,-05 15 48.96,0.3403016366043042,0.055689584892635896
9,10,3078,,,,15.36,8.094998294395504,,2.62,,,,,,,,Simbad,05 34 15.01,-05 22 59.67,0.0,0.0
10,11,3043,,,,16.1,8.614998294395503,,2.96,3.679,K2-K4:(H),4.8,-0.55,0.77,0.84,7.57,Simbad,05 34 15.24,-05 18 19.94,0.0,0.0
11,12,3146,,1396.0,,17.68,6.794998294395505,,2.6,,,,,,,,Simbad,05 34 15.59,-05 32 23.72,0.14388920115685183,0.055689584892635896
12,13,3139,,,,16.67,7.674998294395504,,3.82,,,,,,,,Simbad,05 34 16.88,-05 30 52.92,0.0,0.0
13,14,3127,,,,15.87,6.454998294395503,,4.21,3.5,M4.5(H),2.78,0.07,3.6,0.14,3.45,Simbad,05 34 17.15,-05 29 03.98,0.16361555692025756,0.055689584892635896
14,15,3074,,,,14.83,8.384998294395503,,2.53,,early-M::(H),,,,,,Simbad,05 34 17.19,-05 22 36.22,0.0,0.0
15,16,3076,,,,14.81,8.004998294395504,,3.65,3.535,M2.5(H),3.26,-0.58,1.45,0.27,6.02,Simbad,05 34 17.23,-05 22 47.60,0.0,0.0
16,17,3135,,,,16.43,6.134998294395505,,2.48,,,,,,,,Simbad,05 34 17.35,-05 30 34.80,0.19788061766087728,0.055689584892635896
17,18,3143,,1411.0,,17.07,5.254998294395504,,2.55,,,,,,,,Simbad,05 34 17.40,-05 31 58.26,0.3582470271197387,0.055689584892635896
18,19,3151,,1417.0,,17.81,4.784998294395503,,1.94,3.562,M1(H),0.0,-0.13,2.17,0.28,5.49,Simbad,05 34 17.92,-05 33 32.98,0.46559385289664484,0.055689584892635896
19,20,3124,,,,15.48,7.274998294395504,,3.8,3.555,M1.5(H),4.44,-0.04,2.49,0.25,4.92,Simbad,05 34 18.04,-05 28 33.11,0.11805972181025816,0.055689584892635896
20,21,3147,,,,17.16,8.464998294395505,,3.54,,G:(H),,,,,,Simbad,05 34 18.21,-05 32 28.11,0.0,0.0
21,22,3141,,,,16.55,7.474998294395505,,3.87,,,,,,,,Simbad,05 34 18.23,-05 31 15.96,0.10762876383557718,0.055689584892635896
22,23,3158,,1418.0,,17.97,4.9449982943955035,,1.88,3.58,M0(H),0.22,-0.15,1.94,0.36,5.75,Simbad,05 34 18.44,-05 33 59.93,0.42445713125808243,0.055689584892635896
23,24,3149,,,,17.38,8.124998294395505,,4.51,3.518,M3.5(H),4.61,-0.25,2.32,0.19,4.79,Simbad,05 34 19.00,-05 33 11.11,0.0,0.0
24,25,3114,,1498.0,85.0,14.76,2.4349982943955037,,0.79,3.745,G6(H),0.14,0.81,2.74,2.13,6.44,Simbad,05 34 19.39,-05 27 11.57,0.0,0.0
25,26,3131,,1424.0,,15.84,4.584998294395504,,1.99,3.643,K5e(H),1.74,0.32,2.51,0.65,5.63,Simbad,05 34 19.47,-05 30 19.52,0.5199865810137587,0.055689584892635896
26,27,3148,,,,16.71,6.874998294395505,,2.94,3.494,M5(H),0.0,-0.74,1.46,0.14,5.35,Simbad,05 34 20.64,-05 32 34.77,0.13952019258131768,0.055689584892635896
27,28,3136,,,,15.77,,,,,,,,,,,Simbad,05 34 20.67,-05 30 45.61,0.0,0.0
28,29,3137,,1428.0,,15.79,,,,3.544,M2(B),,,,,,Simbad,05 34 20.67,-05 30 48.34,0.0,0.0
29,30,3081,,,,13.92,6.664998294395504,,2.52,3.526,M3(H),0.0,-0.82,1.16,0.22,6.19,Simbad,05 34 20.72,-05 23 28.71,0.15147702216024034,0.055689584892635896
30,31,3088,,,,13.95,6.774998294395504,,2.7,3.518,M3.5(H),0.0,-0.83,1.18,0.19,6.16,Simbad,05 34 20.92,-05 24 48.06,0.14500266529959244,0.055689584892635896
31,32,3017,,,,15.76,8.464998294395505,,,3.5,M4.5(H),0.0,-1.42,0.65,0.12,6.5,Simbad,05 34 21.83,-05 15 29.99,0.0,0.0
32,33,3160,,,,17.71,8.004998294395504,,3.84,3.494,M5(H),1.44,-0.85,1.3,0.13,5.61,Simbad,05 34 22.25,-05 34 47.06,0.0,0.0
33,34,3068,,,,13.56,7.404998294395504,,2.71,3.448,M7(H),0.0,-0.56,2.23,0.07,3.28,Simbad,05 34 22.32,-05 22 26.54,0.11128468851227458,0.055689584892635896
34,35,3033,,,,14.5,8.174998294395506,,2.75,3.79,F2-G0(H),5.68,-0.09,0.79,1.18,,Simbad,05 34 23.60,-05 17 23.30,0.0,0.0
35,36,3020,,,,15.25,5.394998294395505,,3.08,3.571,M0.5(H),3.09,0.37,3.69,0.23,4.07,Simbad,05 34 23.80,-05 15 39.78,0.3299688197102012,0.055689584892635896
36,37,3123,,,,14.12,8.004998294395504,,3.33,3.535,M2.5(H),2.44,-0.79,1.15,0.26,6.23,Simbad,05 34 23.89,-05 28 34.37,0.0,0.0
37,38,3067,,,,12.98,5.754998294395504,,1.59,3.562,M1(H),0.0,-0.51,1.39,0.39,6.13,Simbad,05 34 24.70,-05 22 09.97,0.26386827544290314,0.055689584892635896
38,39,3066,,1455.0,97.0,12.96,1.9949982943955042,,0.76,3.771,G0:(WSH)G0IV-V(Petal)G0-1IV(M)G0V(vA),0.37,1.06,3.27,2.37,6.44,Simbad,05 34 24.83,-05 22 05.09,0.0,0.0
39,40,3144,,,,15.58,7.874998294395505,,3.77,3.494,M5(H),1.26,-0.84,1.31,0.13,5.58,Simbad,05 34 25.12,-05 32 13.41,0.0,0.0
40,41,3065,,,,12.79,7.494998294395504,,3.72,3.544,M2(H),3.82,-0.26,2.02,0.25,5.48,Simbad,05 34 25.59,-05 21 57.11,0.10680229096343506,0.055689584892635896
41,42,3109,,,,12.97,5.0649982943955045,,2.43,3.688,K2-K3e(H),3.57,0.57,2.7,1.23,5.86,Simbad,05 34 26.07,-05 26 29.94,0.3949915947892526,0.055689584892635896
42,43,3085,,1459.0,,12.61,3.4549982943955033,,1.9,3.602,K7(H),0.8,0.58,4.05,0.31,4.14,Simbad,05 34 26.10,-05 24 18.63,0.9584798101206484,0.055689584892635896
43,44,3080,,,,12.5,6.304998294395505,,3.3,3.509,M4(H),1.0,-0.36,2.12,0.17,4.9,Simbad,05 34 26.43,-05 23 23.56,0.17491969828159168,0.055689584892635896
44,45,3051,,,,12.96,8.654998294395503,,3.39,3.509,M4(H),1.23,-1.24,0.77,0.15,6.44,Simbad,05 34 26.71,-05 19 40.99,0.0,0.0
45,46,3122,,1465.0,,13.45,5.714998294395505,,2.23,,,,,,,,Simbad,05 34 26.72,-05 28 31.88,0.2707362800532897,0.055689584892635896
46,47,3039,,,,13.47,8.234998294395504,,,3.451,M6-M7.5(H),0.0,-0.92,1.44,0.06,3.98,Simbad,05 34 26.91,-05 18 02.76,0.0,0.0
47,48,3145,,1471.0,,15.35,5.0649982943955045,,2.75,3.526,M3(H),0.52,-0.05,2.8,0.18,4.43,Simbad,05 34 26.98,-05 32 28.75,0.3949915947892526,0.055689584892635896
48,49,3029,,,,13.98,7.354998294395504,,3.11,3.494,M5(H),0.0,-0.94,1.17,0.13,6.0,Simbad,05 34 27.05,-05 16 48.26,0.11388820953838107,0.055689584892635896
49,50,3086,,1469.0,0.0,12.33,2.504998294395504,,1.5,3.722,G9IV-V(Petal),1.66,1.13,4.44,2.67,5.82,Simbad,05 34 27.26,-05 24 21.91,0.0,0.0
50,51,3120,,,,13.26,5.854998294395504,,3.06,,,,,,,,Simbad,05 34 27.46,-05 28 28.15,0.24618247082481823,0.055689584892635896
51,52,3142,,1470.0,,14.89,2.6949982943955035,,1.55,3.736,G8(H)K2(S),1.97,1.14,4.2,2.92,6.03,Simbad,05 34 27.61,-05 31 55.00,0.0,0.0
52,53,3110,,,,12.55,6.094998294395504,,2.27,3.623,K6e(H),2.12,-0.18,1.55,0.67,6.23,Simbad,05 34 27.85,-05 26 34.21,0.20460220961608844,0.055689584892635896
53,54,1,,,,12.51,7.514998294395504,,3.62,3.483,M5.5(H),0.11,-0.9,1.29,0.11,5.29,Simbad,05 34 28.13,-05 26 39.22,0.10571019090988754,0.055689584892635896
54,55,2,,1477.0,97.0,12.1,4.144998294395505,,1.61,3.643,K5Ve(D),0.77,0.26,2.33,0.67,5.71,Simbad,05 34 28.45,-05 24 57.72,0.6620478140154391,0.055689584892635896
55,56,3133,,,,13.95,8.654998294395503,,3.25,,,,,,,,Simbad,05 34 28.50,-05 30 32.14,0.0,0.0
56,57,3082,,,,11.89,7.874998294395505,,,,,,,,,,Simbad,05 34 28.89,-05 23 47.71,0.0,0.0
57,58,3,,1482.0,0.0,14.96,4.924998294395504,,2.5,3.58,K8-M0(H),1.81,0.24,3.05,0.27,4.59,Simbad,05 34 29.01,-05 14 14.41,0.42994556540869017,0.055689584892635896
58,59,5,,1484.0,1.0,11.82,2.884998294395505,,1.04,3.708,K1(WSH),0.29,0.64,2.69,1.73,6.1,Simbad,05 34 29.18,-05 23 56.52,0.0,0.0
59,60,4,,1483.0,0.0,14.67,4.704998294395503,,2.35,3.661,K4(H),2.96,0.56,3.04,0.8,5.52,Simbad,05 34 29.21,-05 14 39.61,0.4863825794317657,0.055689584892635896
60,61,3152,,,,15.64,7.274998294395504,,2.51,,,,,,,,Simbad,05 34 29.27,-05 33 39.63,0.11805972181025816,0.055689584892635896
61,62,7,,,96.0,12.04,7.644998294395505,,3.12,3.5,M4.5(H),0.0,-1.09,0.95,0.13,6.23,Simbad,05 34 29.30,-05 25 51.52,0.0,0.0
62,63,8,,,99.0,11.76,7.644998294395505,,,3.483,M5.5(H),0.0,-0.98,1.18,0.1,5.43,Simbad,05 34 29.38,-05 23 37.22,0.0,0.0
63,64,6,,,96.0,15.08,7.574998294395504,,2.92,3.633,K5-K6:(H),3.96,-0.33,1.24,0.86,6.69,Simbad,05 34 29.43,-05 13 55.01,0.10276415383508312,0.055689584892635896
64,65,9,,,0.0,11.74,6.654998294395504,,4.2,3.695,K2-K5(H),8.21,1.06,4.63,1.61,5.43,Simbad,05 34 29.46,-05 23 43.22,0.15186674571470185,0.055689584892635896
65,66,11,,,99.0,11.78,7.134998294395505,,3.58,3.465,M6-M6.5(H),0.0,-0.62,1.92,0.11,4.49,Simbad,05 34 29.92,-05 25 17.12,0.12524722044199446,0.055689584892635896
66,67,10,,1481.0,,16.36,5.604998294395504,,2.55,3.633,K5-K6e(H),3.01,0.23,2.36,0.59,5.66,Simbad,05 34 30.17,-05 11 48.01,0.29018603590311565,0.055689584892635896
67,68,12,,,0.0,13.18,7.744998294395504,,2.99,3.518,M3.5(H),0.72,-1.04,0.92,0.18,6.33,Simbad,05 34 30.24,-05 17 00.92,0.0,0.0
68,69,14,,1492.0,0.0,12.24,2.1049982943955037,,0.6,3.771,G0IV-V(Petal)G0V(vA),0.0,0.93,2.8,2.08,6.53,Simbad,05 34 30.24,-05 27 26.72,0.0,0.0
69,70,3063,,,,11.59,8.164998294395504,,3.24,3.5,M4.5(H),0.29,-1.23,0.81,0.13,6.35,Simbad,05 34 30.41,-05 21 55.50,0.0,0.0
70,71,13,,,17.0,16.81,7.474998294395505,,3.02,3.518,M3.5(H),0.79,-0.92,1.07,0.19,6.23,Simbad,05 34 30.54,-05 11 04.91,0.10762876383557718,0.055689584892635896
71,72,15,,,99.0,11.43,5.9849982943955045,,2.66,3.562,M1(H),1.75,-0.18,2.04,0.3,5.7,Simbad,05 34 31.08,-05 21 55.72,0.22385551330425044,0.055689584892635896
72,73,17,,,99.0,12.58,5.454998294395503,,3.0,3.509,M4(H),0.23,-0.2,2.53,0.16,4.39,Simbad,05 34 31.20,-05 28 54.52,0.3183097292121724,0.055689584892635896
73,74,3022,,,,13.58,8.444998294395505,,,,,,,,,,Simbad,05 34 31.27,-05 15 49.68,0.0,0.0
74,75,16,,,0.0,15.64,3.764998294395504,,3.28,3.719,G8-K2(H),6.18,1.73,8.96,3.93,,Simbad,05 34 31.45,-05 12 29.81,0.8110500541177226,0.055689584892635896
75,76,18,,,99.0,12.3,6.334998294395504,,2.66,3.544,M2(H),1.1,-0.46,1.6,0.29,5.91,Simbad,05 34 31.60,-05 28 26.52,0.17048235691748292,0.055689584892635896
76,77,21,,1497.0,95.0,16.37,5.704998294395503,,2.07,,,,,,,,Simbad,05 34 31.71,-05 35 20.32,0.27283133053348313,0.055689584892635896
77,78,20,,,99.0,11.6,5.704998294395503,,2.67,3.518,M3.5(H),0.0,-0.4,1.93,0.2,5.28,Simbad,05 34 31.83,-05 26 36.52,0.27283133053348313,0.055689584892635896
78,79,3115,,,,11.93,7.654998294395504,,3.68,3.526,M3(H),2.9,-0.5,1.66,0.23,5.87,Simbad,05 34 31.94,-05 27 42.25,0.0,0.0
79,80,19,,,84.0,16.32,7.3149982943955045,,4.55,3.483,M5.5(H),2.49,-0.23,2.75,0.16,4.05,Simbad,05 34 31.99,-05 11 24.71,0.11595520831583915,0.055689584892635896
80,81,22,,,99.0,11.18,5.8149982943955045,,2.38,3.555,M1.5(H),0.8,-0.34,1.75,0.32,5.83,Simbad,05 34 32.60,-05 21 07.32,0.2532400162737963,0.055689584892635896
81,82,23,,1509.0,0.0,10.73,3.914998294395504,,1.08,3.74,G7V(S),0.82,0.38,1.71,1.5,6.83,Simbad,05 34 33.49,-05 23 08.88,0.7470298671694803,0.055689584892635896
82,83,25,,,99.0,10.8,7.134998294395505,,2.54,3.5,M4.5(H),0.0,-0.88,1.21,0.14,6.05,Simbad,05 34 33.51,-05 22 08.62,0.12524722044199446,0.055689584892635896
83,84,24,,1508.0,28.0,13.84,5.414998294395504,,2.08,3.562,M1(H),0.26,-0.31,1.75,0.34,5.84,Simbad,05 34 33.62,-05 14 36.12,0.3265947444687076,0.055689584892635896
84,85,26,,,99.0,11.36,7.1149982943955035,,3.55,3.471,M6(H),0.0,-0.67,1.77,0.12,4.66,Simbad,05 34 33.75,-05 27 17.72,0.12621642652430543,0.055689584892635896
85,86,28,,1516.0,68.0,15.66,5.334998294395504,,2.28,,,,,,,,Simbad,05 34 33.84,-05 34 51.42,0.34205496090371973,0.055689584892635896
86,87,27,,1510.0,93.0,11.76,3.004998294395504,,1.31,3.695,K2(WSH),0.8,0.72,3.1,1.41,5.79,Simbad,05 34 33.87,-05 28 24.22,1.2234778654454088,0.055689584892635896
87,88,29,,1518.0,97.0,13.57,3.5649982943955045,,1.6,3.695,K2IV(D),1.54,0.67,2.95,1.4,5.84,Simbad,05 34 35.05,-05 32 10.22,0.9034760160286305,0.055689584892635896
88,89,30,,,84.0,15.21,6.654998294395504,,3.27,3.509,M4(H),0.93,-0.52,1.77,0.18,5.31,Simbad,05 34 35.09,-05 34 32.32,0.15186674571470185,0.055689584892635896
89,90,33,,,98.0,16.14,6.604998294395504,,2.64,,,,,,,,Simbad,05 34 35.56,-05 35 52.52,0.1550208485162146,0.055689584892635896
90,91,32,,,99.0,12.09,6.574998294395504,,2.83,3.509,M4(H),0.0,-0.71,1.41,0.17,5.99,Simbad,05 34 35.61,-05 29 51.72,0.15662238073849444,0.055689584892635896
91,92,34,,,1.0,16.83,7.294998294395505,,3.19,,,,,,,,Simbad,05 34 35.68,-05 36 46.22,0.11685250961145867,0.055689584892635896
92,93,31,,,99.0,12.89,6.0649982943955045,,2.44,3.526,M2.5-3(H),0.0,-0.58,1.52,0.23,5.97,Simbad,05 34 35.88,-05 15 24.02,0.20938890724578588,0.055689584892635896
93,94,35,,1524.0,33.0,16.33,4.8149982943955045,,2.44,,,,,,,,Simbad,05 34 36.42,-05 36 17.42,0.4572942522257717,0.055689584892635896
94,95,36,,,99.0,12.54,6.204998294395503,,3.08,3.526,M3e(H),1.36,-0.3,2.1,0.21,5.15,Simbad,05 34 37.01,-05 31 08.52,0.18845194657974051,0.055689584892635896
95,96,37,,1527.0,92.0,15.08,4.8649982943955035,,1.68,3.679,K2-K5e(H),1.51,0.14,1.73,1.15,6.38,Simbad,05 34 37.35,-05 34 51.92,0.4445499197299528,0.055689584892635896
96,97,38,,,99.0,10.15,7.544998294395505,,3.73,3.494,M5(H),1.16,-0.73,1.48,0.14,5.32,Simbad,05 34 37.58,-05 26 21.22,0.1043607563104038,0.055689584892635896
97,98,39,,,99.0,10.51,6.204998294395503,,2.4,3.526,M3(H),0.0,-0.63,1.43,0.23,6.03,Simbad,05 34 38.02,-05 27 40.12,0.18845194657974051,0.055689584892635896
98,99,41,,,96.0,15.72,7.334998294395504,,3.02,,,,,,,,Simbad,05 34 38.07,-05 35 49.82,0.11476951568632249,0.055689584892635896
99,100,40,,,99.0,9.62,6.394998294395505,,2.89,3.518,M3.5(H),0.46,-0.57,1.6,0.21,5.91,Simbad,05 34 38.15,-05 24 23.42,0.16701366941700335,0.055689584892635896
100,101,42,,,0.0,9.64,8.324998294395504,,,,G:(H),,,,,,Simbad,05 34 38.67,-05 21 24.62,0.0,0.0
101,102,3154,,,,14.17,8.014998294395506,,,,,,,,,,Simbad,05 34 39.03,-05 34 01.96,0.0,0.0
102,103,3113,,,,10.03,8.134998294395503,,3.05,,,,,,,,Simbad,05 34 39.46,-05 27 17.16,0.0,0.0
103,104,43,,,99.0,10.95,7.714998294395505,,3.73,3.483,M5.5(H),0.39,-0.91,1.27,0.11,5.31,Simbad,05 34 39.70,-05 17 24.22,0.0,0.0
104,105,45,,1540.0,0.0,9.24,1.8049982943955047,,1.49,3.661,K4(WSH)K1IV-V(Petal)K1(D)K4V(vA),0.75,1.19,6.23,0.94,4.52,Simbad,05 34 39.70,-05 24 25.22,0.0,0.0
105,106,47,,1542.0,98.0,11.36,5.714998294395505,,,,,,,,,,Simbad,05 34 39.78,-05 30 06.22,0.2707362800532897,0.055689584892635896
106,107,46,,1541.0,97.0,9.74,3.0349982943955034,,1.27,3.708,K1(WSH)K0IV(D)K3III-IVe(W),0.88,0.73,2.96,1.77,5.99,Simbad,05 34 39.80,-05 26 41.62,1.2047600268868217,0.055689584892635896
107,108,49,,,99.0,11.32,5.914998294395504,,,,,,,,,,Simbad,05 34 39.90,-05 30 03.92,0.2362665720741045,0.055689584892635896
108,109,48,,,99.0,9.51,7.414998294395504,,4.6,3.471,M6(H),1.71,-0.37,2.49,0.14,4.33,Simbad,05 34 39.92,-05 26 03.62,0.11071425928065064,0.055689584892635896
109,110,44,,1539.0,90.0,16.1,1.7149982943955049,,0.94,4.053,B8(WSH)A0(Par)B8V(Her)B8V(vA),2.63,2.24,3.45,3.87,,Simbad,05 34 39.93,-05 10 06.81,0.0,0.0
110,111,51,,,99.0,9.5,6.3649982943955035,,2.37,3.555,M1.5(H),0.77,-0.57,1.35,0.36,6.14,Simbad,05 34 40.74,-05 26 38.32,0.16873910038769335,0.055689584892635896
111,112,52,,,99.0,10.11,6.494998294395504,,3.64,3.494,M5(H),0.93,-0.37,2.25,0.15,4.53,Simbad,05 34 40.75,-05 28 09.12,0.1611124224814569,0.055689584892635896
112,113,50,,1552.0,98.0,8.93,3.5649982943955045,,1.75,3.602,K1e(H)G-Ke(Par)K7.3(P),0.42,0.44,3.46,0.34,4.55,Simbad,05 34 40.79,-05 22 42.12,0.9034760160286305,0.055689584892635896
113,114,53,,,99.0,9.27,7.764998294395504,,2.8,3.58,M0(H),2.58,-0.71,1.02,0.56,6.77,Simbad,05 34 40.86,-05 25 59.62,0.0,0.0
114,115,56,,,88.0,14.07,8.174998294395506,,3.77,3.509,M4(H),2.21,-0.81,1.26,0.17,6.08,Simbad,05 34 41.48,-05 34 24.82,0.0,0.0
115,116,54,,,99.0,8.74,7.184998294395504,,3.58,3.494,M5(H),0.77,-0.68,1.57,0.14,5.23,Simbad,05 34 41.54,-05 23 57.22,0.12269890121487802,0.055689584892635896
116,117,57,,,97.0,16.01,7.714998294395505,,3.11,,,,,,,,Simbad,05 34 41.61,-05 36 49.12,0.0,0.0
117,118,55,,,95.0,9.37,6.3149982943955045,,2.67,3.526,M3(H),0.31,-0.6,1.48,0.23,6.0,Simbad,05 34 41.63,-05 26 52.62,0.17357650357897603,0.055689584892635896
118,119,58,,,0.0,14.1,8.044998294395503,,3.85,,,,,,,,Simbad,05 34 41.74,-05 34 29.52,0.0,0.0
119,120,3062,,,,8.81,8.484998294395504,,,3.494,M5(H),0.0,-1.39,0.69,0.11,6.42,Simbad,05 34 41.74,-05 21 49.21,0.0,0.0
120,121,3060,,,,8.83,8.184998294395504,,2.33,,,,,,,,Simbad,05 34 41.87,-05 21 31.71,0.0,0.0
121,122,59,,,88.0,13.71,7.294998294395505,,3.83,3.5,M4.5(H),1.81,-0.51,1.86,0.16,5.06,Simbad,05 34 42.33,-05 12 38.02,0.11685250961145867,0.055689584892635896
122,123,60,,1563.0,58.0,13.96,3.6549982943955044,,2.41,3.708,K0-K1(H)M1e:(GCVS)M1(B),3.8,1.19,5.06,2.22,5.52,Simbad,05 34 42.35,-05 12 18.61,0.8604269378241711,0.055689584892635896
123,124,3073,,,,8.52,8.514998294395506,,,,,,,,,,Simbad,05 34 42.40,-05 22 45.83,0.0,0.0
124,125,61,,,46.0,9.94,5.434998294395504,,2.86,,,,,,,,Simbad,05 34 42.65,-05 28 37.12,0.3224256265775923,0.055689584892635896
125,126,62,,,99.0,8.62,6.504998294395504,,3.05,3.695,early-K:(H),5.26,0.4,2.17,1.38,6.21,Simbad,05 34 42.78,-05 25 16.02,0.16069897248184123,0.055689584892635896
126,127,63,,1569.0,99.0,8.99,4.664998294395504,,2.06,3.623,K6(H),1.58,0.26,2.57,0.5,5.55,Simbad,05 34 42.89,-05 20 06.82,0.4964842027277221,0.055689584892635896
127,128,65,,,99.0,10.67,5.7349982943955045,,2.25,3.58,M0(H),1.17,-0.24,1.75,0.39,5.85,Simbad,05 34 43.32,-05 30 06.52,0.26728021871715163,0.055689584892635896
128,129,3008,,,,11.98,8.474998294395503,,,,,,,,,,Simbad,05 34 43.38,-05 14 42.12,0.0,0.0
129,130,64,,1575.0,0.0,9.58,2.3549982943955037,,0.56,3.836,"F1V(vA)F0-F2III,V(LDW)",0.51,1.04,2.36,1.86,6.78,Simbad,05 34 43.54,-05 18 27.22,0.0,0.0
130,131,67,,,0.0,8.44,8.534998294395505,,,,,,,,,,Simbad,05 34 43.67,-05 25 26.22,0.0,0.0
131,132,68,,,84.0,14.71,8.744998294395502,,,,,,,,,,Simbad,05 34 43.74,-05 35 36.72,0.0,0.0
132,133,66,,,0.0,13.26,8.234998294395504,,3.13,3.67,K2-K5(H),5.1,-0.33,1.05,0.98,7.1,Simbad,05 34 43.78,-05 12 55.42,0.0,0.0
133,134,69,,,0.0,11.68,7.804998294395505,,2.53,,,,,,,,Simbad,05 34 44.27,-05 14 54.17,0.0,0.0
134,135,72,,1588.0,0.0,12.0,5.034998294395503,,1.99,,,,,,,,Simbad,05 34 44.30,-05 32 17.74,0.4011284093732897,0.055689584892635896
135,136,70,,,99.0,8.47,7.184998294395504,,3.89,3.494,M5(H),1.57,-0.49,1.96,0.14,4.82,Simbad,05 34 44.33,-05 26 05.72,0.12269890121487802,0.055689584892635896
136,137,71,,,99.0,8.1,7.524998294395504,,2.99,3.509,M4(H),0.21,-1.04,0.97,0.16,6.26,Simbad,05 34 44.41,-05 24 38.12,0.10516833574740582,0.055689584892635896
137,138,73,,,99.0,13.02,5.954998294395503,,1.85,3.562,M1e(H),0.0,-0.59,1.27,0.41,6.28,Simbad,05 34 44.65,-05 33 41.92,0.22909264469661786,0.055689584892635896
138,139,75,,1587.0,99.0,8.01,3.0249982943955036,,1.61,3.695,K2(WSH)K2(Sam),1.57,0.89,3.82,1.5,5.59,Simbad,05 34 45.10,-05 25 03.62,1.2109672701172192,0.055689584892635896
139,140,74,,1586.0,0.0,14.82,5.834998294395504,,2.22,3.526,M3e(H),0.0,-0.49,1.7,0.23,5.84,Simbad,05 34 45.12,-05 10 47.42,0.25000730202938626,0.055689584892635896
140,141,3026,,,,10.46,8.314998294395503,,,3.494,M5(H),0.0,-1.32,0.75,0.11,6.38,Simbad,05 34 45.18,-05 16 25.38,0.0,0.0
141,142,76,,,99.0,9.77,5.474998294395505,,2.97,3.509,M4(H),0.16,-0.23,2.45,0.16,4.48,Simbad,05 34 45.48,-05 29 20.52,0.31505487326122356,0.055689584892635896
142,143,77,,1595.0,99.0,7.8,5.524998294395504,,2.16,3.58,M0(H),0.94,-0.21,1.81,0.38,5.81,Simbad,05 34 45.83,-05 24 55.42,0.3047046903109209,0.055689584892635896
143,144,79,,,98.0,16.07,7.454998294395503,,3.18,3.5,M4.5(H),0.14,-0.98,1.08,0.14,6.13,Simbad,05 34 45.98,-05 37 31.72,0.10874068481250816,0.055689584892635896
144,145,82,,,16.0,17.48,4.284998294395503,,2.05,,,,,,,,Simbad,05 34 46.17,-05 39 08.42,0.6145078678004886,0.055689584892635896
145,146,78,,,0.0,8.77,7.274998294395504,,2.63,3.562,M1:(H),1.67,-0.71,1.1,0.42,6.49,Simbad,05 34 46.27,-05 18 53.32,0.11805972181025816,0.055689584892635896
146,147,81,,1600.0,97.0,7.61,4.824998294395504,,2.04,3.58,M0(H),0.63,-0.01,2.3,0.32,5.52,Simbad,05 34 46.32,-05 24 31.52,0.4549502279722068,0.055689584892635896
147,148,83,,,99.0,7.48,6.634998294395505,,3.12,3.544,M2e(H),2.28,-0.29,1.95,0.26,5.64,Simbad,05 34 46.49,-05 23 25.32,0.15304194284185593,0.055689584892635896
148,149,80,,1594.0,0.0,14.73,5.494998294395504,,2.07,3.695,K2(H),2.75,0.19,1.7,1.34,6.52,Simbad,05 34 46.58,-05 10 40.52,0.31103306663070596,0.055689584892635896
149,150,84,,,99.0,7.7,7.594998294395504,,3.33,3.526,M3(H),2.01,-0.7,1.32,0.23,6.09,Simbad,05 34 46.62,-05 21 24.52,0.10171334549666944,0.055689584892635896
150,151,86,,,99.0,7.91,7.744998294395504,,2.81,,,,,,,,Simbad,05 34 46.69,-05 26 04.52,0.0,0.0
151,152,85,,,99.0,7.66,6.6949982943955035,,2.61,3.535,M2.5(H),0.59,-0.71,1.25,0.26,6.15,Simbad,05 34 46.71,-05 21 29.02,0.14954335490479054,0.055689584892635896
152,153,88,,1606.0,65.0,13.89,5.014998294395504,,2.48,3.555,M1.5(H),1.06,0.04,2.72,0.24,4.7,Simbad,05 34 46.82,-05 35 07.62,0.4063151919684083,0.055689584892635896
153,154,87,,,99.0,10.21,7.6949982943955035,,3.55,3.518,M3.5(H),2.15,-0.67,1.41,0.2,6.04,Simbad,05 34 46.88,-05 16 19.62,0.0,0.0
154,155,3161,,,,13.81,7.784998294395503,,3.06,,,,,,,,Simbad,05 34 46.89,-05 35 03.00,0.0,0.0
155,156,1605,,1605.0,99.0,13.14,-0.5150017056044955,,0.41,3.993,A0(WSH)B9(Par)A0(S)B9.5V+A0.5(LA)A0V(vA)A0-1V(J),1.0,2.55,6.47,4.47,,Simbad,05 34 46.90,-05 34 14.82,0.0,0.0
156,157,3038,,,,8.99,8.254998294395504,,2.81,3.494,M5(H),0.0,-1.3,0.77,0.11,6.36,Simbad,05 34 47.12,-05 18 09.64,0.0,0.0
157,158,89,,,,15.8,8.014998294395506,,,,,,,,,,Simbad,05 34 47.48,-05 37 25.32,0.0,0.0
158,159,91,,1604.0,99.0,10.29,5.404998294395504,,2.44,3.509,M4(H),0.0,-0.24,2.43,0.16,4.51,Simbad,05 34 47.80,-05 30 46.12,0.3282774472239819,0.055689584892635896
159,160,93,,,88.0,14.27,7.474998294395505,,,3.5,M4.5(H),0.0,-1.02,1.03,0.14,6.17,Simbad,05 34 47.81,-05 35 43.82,0.10762876383557718,0.055689584892635896
160,161,90,,,99.0,7.15,7.524998294395504,,3.85,3.526,M3(H),3.34,-0.35,1.99,0.22,5.28,Simbad,05 34 47.85,-05 23 40.12,0.10516833574740582,0.055689584892635896
161,162,92,,,99.0,7.13,8.204998294395503,,,3.518,M3.5(H),0.0,-1.4,0.61,0.17,6.71,Simbad,05 34 48.04,-05 22 38.32,0.0,0.0
162,163,3130,,,,9.8,8.624998294395505,,3.48,3.5,M4.5(H),0.91,-1.26,0.78,0.13,6.37,Simbad,05 34 48.14,-05 30 09.78,0.0,0.0
163,164,94,,,99.0,11.59,7.074998294395504,,4.05,3.535,M2.5(H),4.28,0.04,2.97,0.19,4.34,Simbad,05 34 48.19,-05 32 34.62,0.12817739687723836,0.055689584892635896
164,165,95,,1612.0,95.0,15.68,4.764998294395504,,1.77,3.591,K8(H),0.15,-0.12,1.93,0.4,5.77,Simbad,05 34 48.20,-05 37 23.12,0.47040393854026324,0.055689584892635896
165,166,96,,,99.0,10.44,7.9849982943955045,,,,,,,,,,Simbad,05 34 48.37,-05 31 06.82,0.0,0.0
166,167,98,,,99.0,8.13,6.534998294395503,,3.2,3.509,M4(H),0.75,-0.51,1.78,0.18,5.3,Simbad,05 34 48.69,-05 19 07.22,0.15905575532920044,0.055689584892635896
167,168,97,,,99.0,8.91,6.904998294395504,,3.66,3.518,M3.5(H),2.44,-0.29,2.2,0.2,4.97,Simbad,05 34 48.71,-05 17 46.32,0.137739159233678,0.055689584892635896
168,169,100,,,99.0,12.3,7.124998294395505,,3.24,3.535,M2.5(H),2.21,-0.49,1.62,0.26,5.9,Simbad,05 34 48.72,-05 33 32.72,0.1255694593614092,0.055689584892635896
169,170,99,,,99.0,6.92,4.974998294395505,,2.51,3.562,M1(H),1.36,0.13,2.92,0.24,4.57,Simbad,05 34 48.75,-05 23 17.52,0.4168908271296461,0.055689584892635896
170,171,101,,,99.0,10.86,6.144998294395505,,1.22,,mid-G:e(H),,,,,,Simbad,05 34 48.79,-05 31 45.42,0.19636110785149885,0.055689584892635896
171,172,103,,,99.0,10.67,8.164998294395504,,3.28,3.535,M2.5(H),2.31,-0.88,1.03,0.26,6.33,Simbad,05 34 48.84,-05 31 31.12,0.0,0.0
172,173,102,,,99.0,8.45,6.744998294395504,,3.15,3.518,M3.5(H),1.13,-0.54,1.64,0.21,5.88,Simbad,05 34 48.87,-05 28 16.52,0.14687761926208237,0.055689584892635896
173,174,104,,,99.0,7.51,7.104998294395504,,2.6,3.526,M3e(H),0.13,-0.96,0.98,0.21,6.33,Simbad,05 34 48.99,-05 26 26.22,0.1265411590393429,0.055689584892635896
174,175,105,,,99.0,8.35,7.804998294395505,,,3.471,M6(H),0.0,-0.94,1.29,0.09,4.97,Simbad,05 34 48.99,-05 28 08.42,0.0,0.0
175,176,106,,,99.0,8.13,5.344998294395504,,2.42,3.526,M3(H),0.0,-0.29,2.12,0.21,5.13,Simbad,05 34 49.22,-05 18 55.32,0.3403016366043042,0.055689584892635896
176,177,107,,,99.0,8.8,6.1149982943955035,,2.72,3.555,M1.5e(H),1.67,-0.25,1.95,0.29,5.72,Simbad,05 34 49.48,-05 29 02.82,0.20095500373992156,0.055689584892635896
177,178,108,,1623.0,92.0,8.09,1.2049982943955033,,0.9,3.94,A3(WSH)A3:(H)A2(Par)A2Vp(LA)A5V:(vA)A6-7V(J)Am(M)A2(T),2.07,2.01,4.46,3.59,,Simbad,05 34 49.91,-05 18 44.42,0.0,0.0
178,179,109,,,99.0,9.03,7.954998294395503,,3.13,3.535,M2.5(H),1.92,-0.89,1.02,0.26,6.34,Simbad,05 34 50.02,-05 17 12.22,0.0,0.0
179,180,110,,,99.0,7.4,8.534998294395505,,,3.483,M4-M7(H),0.0,-1.33,0.78,0.09,6.32,Simbad,05 34 50.06,-05 19 59.92,0.0,0.0
180,181,3165,,,,13.92,8.504998294395504,,3.56,,,,,,,,Simbad,05 34 50.13,-05 35 38.60,0.0,0.0
181,182,113,,,99.0,7.19,6.1149982943955035,,2.23,3.623,K6e(H),2.02,-0.21,1.49,0.69,6.3,Simbad,05 34 50.36,-05 20 20.22,0.20095500373992156,0.055689584892635896
182,183,112,,,99.0,9.47,8.034998294395505,,2.87,3.535,M2.5(H),1.26,-1.09,0.81,0.25,6.58,Simbad,05 34 50.38,-05 16 29.72,0.0,0.0
183,184,115,,,99.0,11.53,8.014998294395506,,3.92,3.483,M5.5(H),0.88,-0.91,1.27,0.11,5.31,Simbad,05 34 50.38,-05 32 53.52,0.0,0.0
184,185,114,,,99.0,6.5,7.254998294395504,,2.14,3.562,M1e(H),0.42,-1.01,0.78,0.41,6.96,Simbad,05 34 50.42,-05 23 35.02,0.11897330855534234,0.055689584892635896
185,186,111,,1622.0,98.0,13.82,4.954998294395503,,1.83,3.591,K8(H),0.3,-0.15,1.84,0.42,5.82,Simbad,05 34 50.43,-05 11 10.52,0.42228142534132335,0.055689584892635896
186,187,116,,1633.0,99.0,6.48,4.034998294395503,,1.44,3.643,K5(H),0.33,0.2,2.17,0.69,5.8,Simbad,05 34 50.63,-05 24 01.02,0.6987532505129153,0.055689584892635896
187,188,117,,,99.0,7.39,5.0649982943955045,,2.13,3.58,M0e(H),0.86,-0.05,2.19,0.33,5.59,Simbad,05 34 50.65,-05 27 00.62,0.3949915947892526,0.055689584892635896
188,189,120,,,99.0,8.8,6.264998294395504,,3.01,3.5,M4.5(H),0.0,-0.54,1.8,0.16,5.13,Simbad,05 34 50.77,-05 29 24.62,0.18039722556766316,0.055689584892635896
189,190,118,,,99.0,8.38,6.7349982943955045,,3.09,3.483,M5.5(H),0.0,-0.61,1.79,0.13,4.76,Simbad,05 34 50.92,-05 17 56.42,0.14725550936734935,0.055689584892635896
190,191,119,,,0.0,12.56,7.944998294395505,,3.23,,G:(H),,,,,,Simbad,05 34 51.06,-05 12 31.82,0.0,0.0
191,192,121,,,99.0,9.04,6.8149982943955045,,3.71,3.526,M3(H),2.98,-0.15,2.49,0.2,4.72,Simbad,05 34 51.13,-05 16 54.82,0.14278428721830652,0.055689584892635896
192,193,122,,,98.0,11.7,6.354998294395504,,3.02,3.494,M5(H),0.0,-0.54,1.85,0.14,4.95,Simbad,05 34 51.36,-05 13 29.52,0.16917323621266467,0.055689584892635896
193,194,123,,1642.0,99.0,6.5,5.474998294395505,,2.19,3.695,K2(H),3.06,0.28,1.88,1.37,6.4,Simbad,05 34 51.48,-05 25 12.62,0.31505487326122356,0.055689584892635896
194,195,124,,,99.0,6.41,5.854998294395504,,2.76,3.518,M3.5(H),0.13,-0.43,1.87,0.2,5.38,Simbad,05 34 51.72,-05 21 38.92,0.24618247082481823,0.055689584892635896
195,196,125,,1641.0,99.0,6.19,6.574998294395504,,2.94,3.518,M3.5(H),0.59,-0.61,1.53,0.2,5.98,Simbad,05 34 51.93,-05 24 18.42,0.15662238073849444,0.055689584892635896
196,197,127,,,99.0,6.26,6.1949982943955035,,2.94,3.518,M3.5e(H),0.59,-0.45,1.82,0.2,5.46,Simbad,05 34 51.95,-05 24 42.62,0.18991025257810012,0.055689584892635896
197,198,128,,,97.0,6.14,4.554998294395505,,2.82,3.535,M2.5(H),1.13,0.28,3.9,0.15,3.64,Simbad,05 34 52.08,-05 22 31.72,0.5294240076938914,0.055689584892635896
198,199,129,,1649.0,0.0,11.5,1.1049982943955037,,1.03,3.708,"K:(Par)K1III(vA)K0-K2III,IV(LDW)K0-2III,IV(Her)",0.27,1.35,6.06,2.45,5.39,Simbad,05 34 52.11,-05 33 08.22,0.0,0.0
199,200,126,,,99.0,12.84,6.344998294395504,,2.55,3.526,M3(H),0.01,-0.69,1.34,0.23,6.08,Simbad,05 34 52.19,-05 12 03.22,0.1700448616001363,0.055689584892635896
200,201,132,,,99.0,9.06,6.474998294395505,,3.01,,,,,,,,Simbad,05 34 52.25,-05 30 07.52,0.16235916583635,0.055689584892635896
201,202,130,,,99.0,6.25,7.804998294395505,,,,,,,,,,Simbad,05 34 52.27,-05 25 00.32,0.0,0.0
202,203,133,,,99.0,6.01,5.124998294395505,,2.08,3.555,M1.5(H),0.03,-0.25,1.94,0.29,5.73,Simbad,05 34 52.51,-05 24 03.42,0.3829981883972262,0.055689584892635896
203,204,131,,,99.0,9.8,7.854998294395504,,,,,,,,,,Simbad,05 34 52.52,-05 15 36.72,0.0,0.0
204,205,135,,,99.0,8.73,6.3649982943955035,,2.93,3.526,M3e(H),0.98,-0.46,1.75,0.23,5.77,Simbad,05 34 52.56,-05 29 44.82,0.16873910038769335,0.055689584892635896
205,206,134,,,99.0,6.27,8.034998294395505,,,,,,,,,,Simbad,05 34 52.60,-05 21 25.12,0.0,0.0
206,207,136,,,99.0,7.47,5.744998294395504,,2.81,,,,,,,,Simbad,05 34 52.68,-05 27 54.52,0.265910178940527,0.055689584892635896
207,208,137,,,99.0,7.45,5.514998294395504,,,,,,,,,,Simbad,05 34 52.68,-05 27 52.52,0.3070626000363092,0.055689584892635896
208,209,139,,,99.0,11.99,6.964998294395505,,3.13,3.518,M3.5(H),1.08,-0.65,1.46,0.2,6.02,Simbad,05 34 52.75,-05 33 48.02,0.134245009205239,0.055689584892635896
209,210,138,,,99.0,8.13,6.604998294395504,,2.5,3.518,M3.5e(H),0.0,-0.76,1.28,0.2,6.11,Simbad,05 34 52.84,-05 28 58.62,0.1550208485162146,0.055689584892635896
210,211,140,,,99.0,14.14,5.784998294395503,,3.1,3.518,M3.5(H),1.0,-0.19,2.47,0.17,4.57,Simbad,05 34 53.35,-05 10 27.92,0.2584995287564358,0.055689584892635896
211,212,141,,,96.0,6.57,7.344998294395504,,2.84,,G:(H),,,,,,Simbad,05 34 53.52,-05 26 36.72,0.11447499180364756,0.055689584892635896
212,213,143,,,99.0,5.75,8.054998294395505,,,3.483,M5.5(H),0.0,-1.14,0.97,0.1,6.02,Simbad,05 34 53.80,-05 22 20.42,0.0,0.0
213,214,144,,,99.0,7.18,7.704998294395503,,3.7,3.526,M3(H),2.96,-0.51,1.64,0.23,5.88,Simbad,05 34 53.85,-05 27 48.72,0.0,0.0
214,215,145,,,99.0,5.67,7.794998294395505,,3.18,3.483,M5.3(P),0.0,-1.04,1.1,0.1,5.58,Simbad,05 34 54.03,-05 22 26.22,0.0,0.0
215,216,148,,,99.0,7.85,7.274998294395504,,3.73,3.58,M0(H),4.97,0.07,2.51,0.3,5.12,Simbad,05 34 54.10,-05 28 53.82,0.11805972181025816,0.055689584892635896
216,217,146,,,99.0,5.84,5.394998294395505,,2.27,3.544,M2(H),0.1,-0.33,1.87,0.27,5.73,Simbad,05 34 54.17,-05 21 35.12,0.3299688197102012,0.055689584892635896
217,218,147,,,99.0,8.17,6.714998294395505,,3.27,3.494,M5(H),0.0,-0.68,1.57,0.14,5.23,Simbad,05 34 54.32,-05 17 21.12,0.14839502316118028,0.055689584892635896
218,219,149,,,99.0,7.35,7.464998294395505,,3.25,3.526,M3e(H),1.8,-0.7,1.33,0.23,6.09,Simbad,05 34 54.56,-05 28 17.72,0.10818329577621665,0.055689584892635896
219,220,151,,,99.0,5.72,7.354998294395504,,3.19,3.526,M3e(H),1.65,-0.69,1.34,0.23,6.08,Simbad,05 34 54.75,-05 25 12.22,0.11388820953838107,0.055689584892635896
220,221,150,,,99.0,8.33,5.924998294395504,,2.87,3.623,K4-K6e(H),3.66,0.27,2.58,0.5,5.54,Simbad,05 34 54.86,-05 17 01.62,0.2344522995185676,0.055689584892635896
221,222,3111,,,,6.47,8.084998294395506,,3.85,3.483,M5.5e(H),0.7,-0.98,1.17,0.1,5.44,Simbad,05 34 54.91,-05 26 58.44,0.0,0.0
222,223,152,,,99.0,5.76,6.034998294395503,,2.78,3.526,M3(H),0.6,-0.42,1.83,0.22,5.61,Simbad,05 34 54.97,-05 25 29.02,0.2148389143673849,0.055689584892635896
223,224,153,,1660.0,98.0,8.77,0.8449982943955039,,-0.01,4.025,B8(WSH)B9(Par)B8.5V(LA)B9V(vA)B8-9V(J)B8V(M)B8-9(S)B9n(T),0.13,1.89,2.63,3.08,,Simbad,05 34 55.20,-05 30 21.52,0.0,0.0
224,225,156,,,29.0,13.76,7.374998294395505,,3.4,3.571,M0.5(H),3.91,-0.22,1.86,0.35,5.78,Simbad,05 34 55.45,-05 36 06.12,0.11272365287378783,0.055689584892635896
225,226,155,,,99.0,8.14,6.844998294395504,,3.26,3.5,M4.5(H),0.35,-0.69,1.52,0.15,5.44,Simbad,05 34 55.51,-05 29 37.02,0.14096158634361733,0.055689584892635896
226,227,3046,,,,6.31,8.324998294395504,,,3.494,M5(H),0.0,-1.32,0.75,0.11,6.38,Simbad,05 34 55.74,-05 19 45.07,0.0,0.0
227,228,154,,,0.0,15.88,6.644998294395505,,2.72,3.719,G8-K1(H),4.75,0.23,1.59,1.44,6.77,Simbad,05 34 55.81,-05 08 21.12,0.15264920347244804,0.055689584892635896
228,229,159,,,99.0,9.36,5.784998294395503,,2.46,3.544,M2(H),0.59,-0.37,1.79,0.28,5.79,Simbad,05 34 55.88,-05 31 12.52,0.2584995287564358,0.055689584892635896
229,230,157,,1659.0,99.0,5.13,2.0649982943955045,,1.56,3.679,K2(WSH)K2-K4(P)K0(vA)K0(vA)K1(CK)K4III(Ham),1.21,1.19,5.76,1.34,5.15,Simbad,05 34 55.89,-05 23 12.62,0.0,0.0
230,231,158,,,99.0,7.94,5.174998294395504,,2.15,3.555,M1.5(H),0.21,-0.23,1.99,0.28,5.69,Simbad,05 34 55.89,-05 29 25.92,0.37328233752136986,0.055689584892635896
231,232,162,,,99.0,11.46,7.2349982943955045,,2.88,3.471,M5-M6(H),0.0,-0.71,1.68,0.11,4.71,Simbad,05 34 56.27,-05 33 40.12,0.11989396494897386,0.055689584892635896
232,233,166,,,99.0,15.55,6.164998294395504,,2.81,3.494,M5(H),0.0,-0.46,2.02,0.14,4.76,Simbad,05 34 56.30,-05 38 05.72,0.19385447655467666,0.055689584892635896
233,234,165,,1667.0,97.0,9.62,3.6449982943955046,,1.82,3.897,A7(?),4.2,1.49,2.97,2.3,6.65,Simbad,05 34 56.39,-05 31 35.62,0.8648600856427139,0.055689584892635896
234,235,164,,,99.0,6.7,5.924998294395504,,2.38,3.544,M2e(H),0.39,-0.47,1.58,0.3,5.93,Simbad,05 34 56.43,-05 27 50.52,0.2344522995185676,0.055689584892635896
235,236,160,,,99.0,13.14,7.384998294395505,,3.28,3.535,M2.5(H),2.31,-0.57,1.48,0.27,6.0,Simbad,05 34 56.54,-05 11 12.42,0.11243437912618026,0.055689584892635896
236,237,168,,,99.0,5.9,6.914998294395504,,3.16,3.483,M5.5(H),0.0,-0.68,1.64,0.12,4.89,Simbad,05 34 56.67,-05 26 36.82,0.13703312820805735,0.055689584892635896
237,238,161,,,97.0,13.57,7.094998294395504,,3.02,3.509,M4(H),0.28,-0.85,1.21,0.17,6.11,Simbad,05 34 56.70,-05 10 43.72,0.12719313265673068,0.055689584892635896
238,239,163,,1665.0,99.0,12.81,3.764998294395504,,1.3,3.643,K5(H)K6(CK),0.0,0.22,2.24,0.68,5.76,Simbad,05 34 56.74,-05 11 33.02,0.8110500541177226,0.055689584892635896
239,240,167,,,99.0,5.22,6.824998294395504,,3.08,3.602,K7(H),3.83,-0.03,2.01,0.44,5.73,Simbad,05 34 56.76,-05 21 36.22,0.14241787125492958,0.055689584892635896
240,241,169,,,99.0,5.05,7.8649982943955035,,,,,,,,,,Simbad,05 34 56.85,-05 22 06.02,0.0,0.0
241,242,171,,,99.0,4.89,6.854998294395504,,2.96,3.509,M4(H),0.13,-0.79,1.29,0.17,6.06,Simbad,05 34 56.93,-05 22 59.82,0.14059984783257048,0.055689584892635896
242,243,173,,,99.0,11.21,6.994998294395504,,3.65,3.509,M4(H),1.9,-0.41,1.99,0.18,5.07,Simbad,05 34 57.06,-05 33 29.12,0.13253131576972157,0.055689584892635896
243,244,170,,,2.0,15.74,5.644998294395505,,2.42,3.719,late-G/early-K(H),3.98,0.44,2.03,1.69,6.51,Simbad,05 34 57.13,-05 08 23.72,0.283552289977892,0.055689584892635896
244,245,172,,,99.0,10.03,8.074998294395504,,3.45,3.5,M4.5(H),0.83,-1.06,0.99,0.14,6.2,Simbad,05 34 57.29,-05 14 33.42,0.0,0.0
245,246,174,,,99.0,8.73,6.054998294395505,,2.4,3.535,M2.5(H),0.05,-0.59,1.44,0.27,6.02,Simbad,05 34 57.36,-05 30 41.52,0.2115521200339485,0.055689584892635896
246,247,176,,1673.0,99.0,4.71,3.4949982943955042,,1.89,3.591,K8(H),0.45,0.47,3.77,0.18,3.9,Simbad,05 34 57.68,-05 23 51.82,0.936568654006576,0.055689584892635896
247,248,175,,,99.0,4.71,5.9849982943955045,,2.41,3.526,M3(H),0.0,-0.55,1.58,0.23,5.93,Simbad,05 34 57.69,-05 22 50.92,0.22385551330425044,0.055689584892635896
248,249,179,,,99.0,7.07,8.564998294395503,,,3.483,M5.5(H),0.0,-1.34,0.77,0.09,6.32,Simbad,05 34 57.78,-05 28 41.52,0.0,0.0
249,250,181,,,99.0,7.89,7.074998294395504,,3.28,3.526,M3(H),1.88,-0.52,1.62,0.23,5.9,Simbad,05 34 57.83,-05 29 45.42,0.12817739687723836,0.055689584892635896
250,251,177,,,99.0,7.37,6.4449982943955035,,2.9,3.58,M0(H),2.84,-0.12,2.02,0.35,5.71,Simbad,05 34 57.95,-05 17 37.62,0.16403651077516443,0.055689584892635896
251,252,182,,,48.0,7.8,8.474998294395503,,,,,,,,,,Simbad,05 34 57.96,-05 29 40.02,0.0,0.0
252,253,178,,,17.0,14.65,5.9449982943955035,,2.58,3.544,M2(H),0.9,-0.36,1.81,0.27,5.77,Simbad,05 34 58.11,-05 09 27.42,0.23086544239918652,0.055689584892635896
253,254,180,,,99.0,12.36,6.3649982943955035,,2.94,3.494,M5(H),0.0,-0.54,1.84,0.14,4.96,Simbad,05 34 58.11,-05 11 53.72,0.16873910038769335,0.055689584892635896
254,255,183,,,99.0,5.05,6.404998294395504,,3.45,3.494,M5(H),0.44,-0.45,2.05,0.15,4.73,Simbad,05 34 58.18,-05 25 32.92,0.16615758148262658,0.055689584892635896
255,256,184,,,99.0,4.99,7.644998294395505,,,3.555,M1.5(H),0.0,-1.27,0.6,0.35,7.18,Simbad,05 34 58.29,-05 21 16.52,0.0,0.0
256,257,186,,,99.0,10.46,8.044998294395503,,4.29,3.535,M2.5(H),4.9,-0.2,2.26,0.23,5.04,Simbad,05 34 58.44,-05 32 49.52,0.0,0.0
257,258,185,,,99.0,11.81,7.964998294395505,,3.33,3.483,M5.5(H),0.0,-1.1,1.01,0.1,5.89,Simbad,05 34 58.61,-05 12 26.12,0.0,0.0
258,259,187,,,99.0,4.89,6.184998294395504,,2.85,3.643,K5(H),3.95,0.22,2.23,0.68,5.77,Simbad,05 34 58.71,-05 21 17.52,0.19137984344999617,0.055689584892635896
259,260,188,,,99.0,6.42,6.2349982943955045,,2.38,3.526,M3(H),0.0,-0.65,1.41,0.23,6.04,Simbad,05 34 58.81,-05 28 02.92,0.18414387459125517,0.055689584892635896
260,261,5010,,,,10.59,8.824998294395504,,3.79,,late-G::(H),,,,,,Simbad,05 34 58.83,-05 13 44.79,0.0,0.0
261,262,189,,,99.0,4.34,7.154998294395504,,3.43,3.494,M4.5IV-M5V(H),0.39,-0.76,1.43,0.14,5.39,Simbad,05 34 59.10,-05 23 07.52,0.12396651293172012,0.055689584892635896
262,263,190,,,99.0,4.3,7.244998294395504,,,3.471,M6(H),0.0,-0.72,1.67,0.11,4.72,Simbad,05 34 59.22,-05 23 32.32,0.11958629059960592,0.055689584892635896
263,264,191,,,99.0,4.28,6.094998294395504,,2.78,3.535,M4(Eetal)M2.5(H),1.03,-0.37,1.87,0.24,5.67,Simbad,05 34 59.47,-05 23 59.92,0.20460220961608844,0.055689584892635896
264,265,192,,1686.0,99.0,4.8,5.644998294395505,,2.3,3.544,M2(H),0.18,-0.41,1.7,0.29,5.86,Simbad,05 34 59.54,-05 25 39.52,0.283552289977892,0.055689584892635896
265,266,195,,,27.0,13.92,5.854998294395504,,3.38,,,,,,,,Simbad,05 34 59.79,-05 36 39.42,0.24618247082481823,0.055689584892635896
266,267,193,,1684.0,99.0,4.11,3.2749982943955036,,1.58,3.719,K0-K2e(H)K0e(Par)K6(CK)K0e(J),1.83,0.87,3.3,2.2,6.03,Simbad,05 35 00.03,-05 23 01.62,1.054076910629851,0.055689584892635896
267,268,197,,1685.0,99.0,4.51,1.8049982943955047,,0.27,4.025,B9(WSH)A0(Par)A1Vn+Am(LA)B9V(vA)A0V(J)A0(T),0.85,1.69,2.07,2.51,6.69,Simbad,05 35 00.03,-05 25 15.82,0.0,0.0
268,269,5106,,,,4.14,9.234998294395504,,1.9,,>M2(H),,,,,,Simbad,05 35 00.13,-05 24 08.89,0.0,0.0
269,270,5038,,,,8.45,8.984998294395504,,,3.633,K5-K6:(H),0.0,-1.86,0.21,,,Simbad,05 35 00.14,-05 15 58.38,0.0,0.0
270,271,196,,,95.0,6.09,6.344998294395504,,2.72,3.58,M0(H),2.38,-0.19,1.86,0.38,5.79,Simbad,05 35 00.16,-05 18 50.72,0.1700448616001363,0.055689584892635896
271,272,194,,,99.0,14.22,7.684998294395504,,2.99,3.483,M5.5(H),0.0,-0.99,1.15,0.1,5.46,Simbad,05 35 00.31,-05 09 44.12,0.0,0.0
272,273,198,,,99.0,4.42,5.714998294395505,,1.63,3.623,K6e(H),0.48,-0.43,1.16,0.82,6.77,Simbad,05 35 00.37,-05 25 13.92,0.2707362800532897,0.055689584892635896
273,274,203,,1695.0,98.0,15.28,5.764998294395504,,2.48,3.58,MO(H),1.76,-0.11,2.04,0.35,5.7,Simbad,05 35 00.72,-05 38 08.32,0.26251572479444424,0.055689584892635896
274,275,200,,,99.0,8.65,7.764998294395504,,3.81,3.535,M2.5(H),3.67,-0.39,1.82,0.25,5.74,Simbad,05 35 00.75,-05 31 05.32,0.0,0.0
275,276,199,,,99.0,14.27,6.744998294395504,,3.48,3.509,M4(H),1.46,-0.42,1.97,0.18,5.08,Simbad,05 35 00.77,-05 09 38.92,0.14687761926208237,0.055689584892635896
276,277,201,,,99.0,3.95,5.324998294395504,,2.97,3.535,M2.5(H),1.51,0.06,3.05,0.19,4.27,Simbad,05 35 00.93,-05 24 10.02,0.34381731879500865,0.055689584892635896
277,278,5084,,,,4.84,8.904998294395503,,,,,,,,,,Simbad,05 35 00.97,-05 20 27.19,0.0,0.0
278,279,202,,,,3.87,7.794998294395505,,2.9,3.5,M4.5(H),0.0,-1.15,0.89,0.13,6.29,Simbad,05 35 01.00,-05 23 03.52,0.0,0.0
279,280,209,,,0.0,7.58,6.094998294395504,,2.61,,,,,,,,Simbad,05 35 01.06,-05 29 54.46,0.20460220961608844,0.055689584892635896
280,281,206,,1694.0,99.0,3.9,4.744998294395504,,2.08,,,,,,,,Simbad,05 35 01.09,-05 24 06.42,0.4752637175459289,0.055689584892635896
281,282,205,,,99.0,4.16,8.514998294395506,,,3.471,M6(H),0.0,-1.23,0.93,0.07,5.38,Simbad,05 35 01.14,-05 21 44.12,0.0,0.0
282,283,208,,,96.0,4.9,6.184998294395504,,2.52,3.535,M2.5(H),0.36,-0.56,1.48,0.27,5.99,Simbad,05 35 01.21,-05 20 16.62,0.19137984344999617,0.055689584892635896
283,284,207,,,99.0,6.3,7.6149982943955035,,,,,,,,,,Simbad,05 35 01.23,-05 18 21.22,0.10067328213228492,0.055689584892635896
284,285,210,,,93.0,4.84,5.994998294395504,,2.6,3.591,K6-K8(H),2.27,-0.09,1.99,0.39,5.73,Simbad,05 35 01.25,-05 20 22.02,0.22213654429975602,0.055689584892635896
285,286,204,,1693.0,98.0,14.34,5.654998294395504,,2.16,3.555,M1.5(H),0.24,-0.41,1.61,0.33,5.92,Simbad,05 35 01.35,-05 09 32.52,0.2813749140873865,0.055689584892635896
286,287,211,,,99.0,6.22,5.954998294395503,,2.61,3.535,M2.5(H),0.59,-0.42,1.76,0.25,5.79,Simbad,05 35 01.39,-05 28 20.32,0.22909264469661786,0.055689584892635896
287,288,213,,,99.0,4.32,7.504998294395504,,2.89,3.494,M5(H),0.0,-1.0,1.09,0.13,6.07,Simbad,05 35 01.49,-05 25 33.62,0.10625483785389761,0.055689584892635896
288,289,212,,,99.0,3.81,7.024998294395504,,3.62,3.494,M5(H),0.88,-0.59,1.74,0.14,5.06,Simbad,05 35 01.51,-05 24 09.82,0.13083949834440614,0.055689584892635896
289,290,216,,,99.0,10.91,7.924998294395506,,3.99,3.526,M3(H),3.7,-0.42,1.83,0.22,5.61,Simbad,05 35 01.52,-05 33 37.72,0.0,0.0
290,291,214,,,99.0,4.91,8.664998294395504,,,,,,,,,,Simbad,05 35 01.58,-05 26 36.02,0.0,0.0
291,292,215,,,99.0,5.29,8.064998294395503,,,,,,,,,,Simbad,05 35 01.62,-05 27 09.52,0.0,0.0
292,293,218,,,99.0,7.85,6.894998294395505,,2.99,3.5,M4.5(H),0.0,-0.79,1.35,0.15,5.88,Simbad,05 35 01.73,-05 30 18.82,0.13844882791842278,0.055689584892635896
293,294,217,,,99.0,6.02,7.574998294395504,,3.85,3.526,M3(H),3.34,-0.37,1.94,0.22,5.35,Simbad,05 35 01.92,-05 18 34.02,0.10276415383508312,0.055689584892635896
294,295,219,,,99.0,6.16,7.434998294395504,,4.3,3.494,M5(H),2.62,-0.33,2.35,0.15,4.43,Simbad,05 35 01.99,-05 18 22.52,0.10986409312994998,0.055689584892635896
295,296,220,,1704.0,99.0,4.83,4.584998294395504,,2.25,3.555,M1.5(H),0.47,0.07,2.81,0.24,4.62,Simbad,05 35 01.99,-05 26 35.82,0.5199865810137587,0.055689584892635896
296,297,3013,,,,8.55,6.044998294395505,,2.37,3.526,M3(H),0.0,-0.57,1.54,0.23,5.96,Simbad,05 35 02.02,-05 15 36.99,0.21318918312196844,0.055689584892635896
297,298,222,,,98.0,6.8,6.054998294395505,,2.85,3.544,M2(H),1.59,-0.23,2.09,0.25,5.33,Simbad,05 35 02.09,-05 29 09.22,0.2115521200339485,0.055689584892635896
298,299,3138,,,,8.56,8.534998294395505,,,,,,,,,,Simbad,05 35 02.22,-05 31 10.25,0.0,0.0
299,300,221,,1703.0,98.0,8.36,3.2449982943955042,,2.66,3.679,K3(H),4.03,1.41,7.39,1.52,4.98,Simbad,05 35 02.30,-05 15 47.82,1.0704536503964313,0.055689584892635896
300,301,223,b,,,4.37,,,,,,,,,,,Simbad,05 35 02.30,-05 20 48.15,0.0,0.0
301,302,223,a,,99.0,4.38,5.554998294395505,,2.42,3.643,K5(H),2.85,0.2,2.18,0.68,5.79,Simbad,05 35 02.34,-05 20 46.32,0.2992730738142913,0.055689584892635896
302,303,225,,,99.0,10.39,5.284998294395503,,2.3,3.555,M1.5(H),0.6,-0.18,2.11,0.27,5.49,Simbad,05 35 02.40,-05 33 09.52,0.3518609735923497,0.055689584892635896
303,304,227,,,99.0,9.67,8.184998294395504,,4.25,,,,,,,,Simbad,05 35 02.60,-05 32 24.52,0.0,0.0
304,305,224,,,99.0,5.01,7.294998294395505,,3.07,3.562,M1e(H),2.8,-0.45,1.5,0.37,6.02,Simbad,05 35 02.65,-05 19 44.42,0.11685250961145867,0.055689584892635896
305,306,228,,,99.0,9.32,8.574998294395504,,3.68,3.494,M5e(H),1.03,-1.17,0.89,0.12,6.26,Simbad,05 35 02.67,-05 32 02.32,0.0,0.0
306,307,226,,,99.0,3.63,7.594998294395504,,2.35,,G:(H),,,,,,Simbad,05 35 02.75,-05 22 07.92,0.10171334549666944,0.055689584892635896
307,308,232,,1727.0,79.0,7.45,3.6149982943955035,,1.86,3.695,K1-K2(Sam),2.21,0.82,3.48,1.45,5.67,Simbad,05 35 02.91,-05 30 00.92,0.8805567477198654,0.055689584892635896
308,309,230,,,99.0,3.44,6.494998294395504,,,3.471,M6(H),0.0,-0.42,2.36,0.14,4.38,Simbad,05 35 03.00,-05 22 37.52,0.1611124224814569,0.055689584892635896
309,310,229,,,99.0,5.91,6.084998294395504,,2.41,3.555,M1.5(H),0.88,-0.43,1.58,0.33,5.94,Simbad,05 35 03.07,-05 18 29.82,0.2061854919062213,0.055689584892635896
310,311,231,,,99.0,6.42,7.4849982943955045,,,3.471,M6(H),0.0,-0.81,1.49,0.1,4.82,Simbad,05 35 03.13,-05 17 53.22,0.10735256469660899,0.055689584892635896
311,312,5042,,,,7.74,9.314998294395503,,,,,,,,,,Simbad,05 35 03.23,-05 16 22.21,0.0,0.0
312,313,234,,,99.0,4.29,7.8649982943955035,,2.88,3.5,M4.5(H),0.0,-1.18,0.86,0.13,6.31,Simbad,05 35 03.34,-05 26 09.72,0.0,0.0
313,314,233,,,99.0,3.27,8.514998294395506,,1.87,3.518,M3.5e(H),0.0,-1.53,0.53,0.16,6.87,Simbad,05 35 03.35,-05 23 32.52,0.0,0.0
314,315,235,,,,6.86,5.604998294395504,,2.49,,,,,,,,Simbad,05 35 03.47,-05 29 25.67,0.29018603590311565,0.055689584892635896
315,316,5100,,,,3.26,8.444998294395505,,,3.483,M5.5e(H),0.0,-1.3,0.81,0.09,6.28,Simbad,05 35 03.61,-05 22 45.29,0.0,0.0
316,317,236,,,,3.52,8.494998294395502,,,,,,,,,,Simbad,05 35 03.69,-05 24 53.72,0.0,0.0
317,318,239,,1725.0,99.0,6.49,4.644998294395505,,2.25,3.555,M1.5(H)M4:(Eetal),0.47,0.05,2.73,0.24,4.69,Simbad,05 35 03.83,-05 29 02.92,0.5016134189340066,0.055689584892635896
318,319,237,,,99.0,5.39,7.2349982943955045,,3.22,3.509,M4(H),0.8,-0.78,1.31,0.17,6.05,Simbad,05 35 03.87,-05 18 59.62,0.11989396494897386,0.055689584892635896
319,320,243,,,99.0,4.49,5.494998294395504,,2.36,3.544,M2(H),0.34,-0.31,1.9,0.26,5.71,Simbad,05 35 03.97,-05 26 36.72,0.31103306663070596,0.055689584892635896
320,321,241,,,99.0,4.39,8.454998294395503,,,,,,,,,,Simbad,05 35 04.07,-05 20 15.52,0.0,0.0
321,322,244,,,99.0,3.24,7.384998294395505,,2.91,3.494,M5(H),0.0,-0.95,1.15,0.13,6.01,Simbad,05 35 04.07,-05 22 24.02,0.11243437912618026,0.055689584892635896
322,323,245,,,99.0,4.36,5.8649982943955035,,2.7,3.544,M2e(H),1.21,-0.25,2.05,0.25,5.42,Simbad,05 35 04.10,-05 26 27.42,0.24492057505506556,0.055689584892635896
323,324,240,,,99.0,8.59,7.604998294395504,,3.19,3.562,M1(H),3.11,-0.5,1.42,0.38,6.1,Simbad,05 35 04.11,-05 15 21.32,0.10119197758619393,0.055689584892635896
324,325,238,,1724.0,42.0,15.47,1.0349982943955034,,1.43,3.719,K0V(vA),1.44,1.67,8.31,3.75,,Simbad,05 35 04.22,-05 08 12.72,0.0,0.0
325,326,248,,,99.0,3.04,4.644998294395505,,2.17,3.571,M0.5-M2e(H)M1.2(P)M3(Eetal)K4-M0(Sam),0.75,0.1,2.7,0.27,4.82,Simbad,05 35 04.28,-05 23 13.62,0.5016134189340066,0.055689584892635896
326,327,242,,,0.0,15.4,6.1149982943955035,,,,,,,,,,Simbad,05 35 04.31,-05 08 16.62,0.20095500373992156,0.055689584892635896
327,328,249,,1737.0,99.0,3.05,5.554998294395505,,2.35,3.695,"K2(H)M0,M4(Sam)",3.47,0.35,2.03,1.38,6.3,Simbad,05 35 04.41,-05 23 56.22,0.2992730738142913,0.055689584892635896
328,329,250,,,99.0,4.03,5.934998294395504,,3.0,3.526,M3(H),1.16,-0.24,2.24,0.21,5.0,Simbad,05 35 04.41,-05 26 04.02,0.23265195862029767,0.055689584892635896
329,330,252,,1726.0,99.0,6.93,4.534998294395503,,1.71,3.643,K4-K5(H),1.02,0.17,2.1,0.69,5.85,Simbad,05 35 04.43,-05 29 37.82,0.5362697138677195,0.055689584892635896
330,331,255,,1738.0,0.0,5.87,5.854998294395504,,1.42,,,,,,,,Simbad,05 35 04.49,-05 28 26.07,0.24618247082481823,0.055689584892635896
331,332,254,,,99.0,4.22,6.264998294395504,,3.21,3.526,M3(H),1.7,-0.24,2.24,0.21,5.0,Simbad,05 35 04.51,-05 26 22.52,0.18039722556766316,0.055689584892635896
332,333,251,,,99.0,3.25,6.594998294395504,,2.12,3.544,M2(H),0.0,-0.83,1.04,0.3,6.38,Simbad,05 35 04.52,-05 24 42.02,0.15541968970834913,0.055689584892635896
333,334,246,,,0.0,13.81,5.914998294395504,,,,,,,,,,Simbad,05 35 04.53,-05 09 53.32,0.2362665720741045,0.055689584892635896
334,335,247,,,97.0,13.77,5.414998294395504,,,,,,,,,,Simbad,05 35 04.53,-05 09 55.72,0.3265947444687076,0.055689584892635896
335,336,256,,,99.0,6.89,5.994998294395504,,1.13,3.518,M3.5(H),0.0,-0.52,1.69,0.21,5.82,Simbad,05 35 04.57,-05 29 35.72,0.22213654429975602,0.055689584892635896
336,337,3084,,,,3.19,8.474998294395503,,,,,,,,,,Simbad,05 35 04.60,-05 24 35.60,0.0,0.0
337,338,258,,,99.0,4.38,5.604998294395504,,2.38,3.571,M0.5(H),1.29,-0.15,2.02,0.33,5.71,Simbad,05 35 04.66,-05 26 37.52,0.29018603590311565,0.055689584892635896
338,339,253,,,99.0,6.39,6.134998294395505,,3.13,3.643,K5(H),4.66,0.41,2.79,0.63,5.52,Simbad,05 35 04.67,-05 17 42.12,0.19788061766087728,0.055689584892635896
339,340,257,,,99.0,3.01,6.424998294395504,,2.64,3.5,M4.5(H),0.0,-0.6,1.67,0.15,5.26,Simbad,05 35 04.72,-05 22 38.52,0.16530588173128863,0.055689584892635896
340,341,259,,,97.0,3.79,8.294998294395503,,,3.518,M3.5(H),0.0,-1.44,0.59,0.16,6.76,Simbad,05 35 04.77,-05 20 57.32,0.0,0.0
341,342,263,,,99.0,13.66,6.8149982943955045,,3.14,3.5,M4.5(H),0.04,-0.75,1.41,0.15,5.65,Simbad,05 35 04.98,-05 36 43.82,0.14278428721830652,0.055689584892635896
342,343,261,,,99.0,4.11,6.144998294395505,,2.75,,,,,,,,Simbad,05 35 05.04,-05 20 24.22,0.19636110785149885,0.055689584892635896
343,344,262,,,99.0,3.89,7.554998294395505,,2.62,3.5,M4.5(H),0.0,-1.05,0.99,0.14,6.2,Simbad,05 35 05.10,-05 26 03.22,0.10382581815467296,0.055689584892635896
344,345,260,,1736.0,97.0,8.99,1.344998294395504,,1.63,3.761,F8(WSH)G5(S),2.48,1.83,8.25,4.13,,Simbad,05 35 05.11,-05 14 50.22,0.0,0.0
345,346,5112,,,,3.26,9.474998294395503,,,,,,,,,,Simbad,05 35 05.20,-05 25 02.57,0.0,0.0
346,347,271,,1748.0,99.0,11.44,4.654998294395504,,1.88,3.58,M0(H),0.22,-0.04,2.21,0.33,5.57,Simbad,05 35 05.24,-05 34 28.12,0.4990422210364341,0.055689584892635896
347,348,265,,,99.0,2.89,6.214998294395505,,2.69,3.58,M0(H),2.3,-0.16,1.93,0.37,5.75,Simbad,05 35 05.28,-05 24 10.22,0.1870048387992548,0.055689584892635896
348,349,268,,1747.0,99.0,4.79,4.794998294395505,,1.61,3.623,K5-K6(H),0.43,-0.07,1.75,0.62,6.01,Simbad,05 35 05.31,-05 27 16.62,0.46320728608941186,0.055689584892635896
349,350,266,,,99.0,2.91,8.124998294395505,,,,,,,,,,Simbad,05 35 05.32,-05 24 14.72,0.0,0.0
350,351,267,,,97.0,3.4,6.414998294395504,,,,,,,,,,Simbad,05 35 05.35,-05 25 21.52,0.16573118449261148,0.055689584892635896
351,352,5096,,,,2.9,9.404998294395503,,,3.46,M6.5(H),0.0,-1.48,0.73,0.05,5.2,Simbad,05 35 05.36,-05 22 30.10,0.0,0.0
352,353,270,,,99.0,3.76,7.914998294395504,,,3.518,M3.5(H),0.0,-1.29,0.7,0.17,6.59,Simbad,05 35 05.37,-05 25 55.32,0.0,0.0
353,354,272,,,99.0,5.26,5.9849982943955045,,2.3,3.555,M1.5e(H),0.6,-0.46,1.53,0.34,5.98,Simbad,05 35 05.40,-05 27 51.72,0.22385551330425044,0.055689584892635896
354,355,264,,,99.0,11.85,7.914998294395504,,,3.661,K3-K5(H),0.0,-1.44,0.3,,,Simbad,05 35 05.52,-05 11 50.62,0.0,0.0
355,356,277,,,99.0,6.58,7.334998294395504,,2.26,3.571,M0.5(H),0.98,-0.92,0.84,0.49,6.98,Simbad,05 35 05.52,-05 29 21.82,0.11476951568632249,0.055689584892635896
356,357,3040,,,,5.67,7.4449982943955035,,,,,,,,,,Simbad,05 35 05.52,-05 18 24.39,0.1093009456649664,0.055689584892635896
357,358,273,,1746.0,99.0,3.34,2.094998294395504,,1.34,3.702,K0(WSH)K0-K3e(H)A0V+K1V(?)A0V(vA)K0:e(J)K4eIV(W)K3(CK),0.98,1.12,4.81,1.89,5.48,Simbad,05 35 05.55,-05 25 19.02,0.0,0.0
358,359,274,,,,2.73,7.414998294395504,,,,<M0e(H),,,,,,Simbad,05 35 05.60,-05 23 44.32,0.11071425928065064,0.055689584892635896
359,360,275,a,1745.0,99.0,3.21,4.924998294395504,,2.28,3.544,M2(H),0.13,-0.13,2.33,0.24,5.01,Simbad,05 35 05.60,-05 25 05.92,0.42994556540869017,0.055689584892635896
360,361,276,,,99.0,2.75,5.874998294395505,,3.04,3.5,M4-4.5(H),0.0,-0.38,2.15,0.15,4.73,Simbad,05 35 05.62,-05 23 53.72,0.24303984908647883,0.055689584892635896
361,362,269,,,99.0,12.1,8.184998294395504,,,,,,,,,,Simbad,05 35 05.64,-05 11 34.92,0.0,0.0
362,363,278,,,99.0,2.85,5.574998294395504,,1.94,3.643,K2-K7e(H),1.61,-0.11,1.53,0.83,6.36,Simbad,05 35 05.64,-05 24 18.02,0.2954527284244781,0.055689584892635896
363,364,280,,,99.0,4.07,5.354998294395504,,2.67,3.526,M3(H),0.31,-0.22,2.31,0.21,4.92,Simbad,05 35 05.64,-05 26 25.82,0.3385572995918755,0.055689584892635896
364,365,275,b,,,3.18,,,,,,,,,,,Simbad,05 35 05.65,-05 25 03.74,0.0,0.0
365,366,284,,,99.0,10.88,6.514998294395504,,3.11,3.526,M3e(H),1.44,-0.41,1.86,0.22,5.52,Simbad,05 35 05.67,-05 33 55.42,0.15987525277142067,0.055689584892635896
366,367,3162,,,,12.28,8.424998294395506,,3.94,,,,,,,,Simbad,05 35 05.68,-05 35 21.65,0.0,0.0
367,368,279,,,,2.68,8.134998294395503,,,3.483,M5.5e(H),0.0,-1.17,0.94,0.1,6.07,Simbad,05 35 05.70,-05 23 15.62,0.0,0.0
368,369,281,,,99.0,4.51,5.874998294395505,,3.04,3.518,M3.5(H),0.85,-0.26,2.27,0.19,4.87,Simbad,05 35 05.76,-05 27 01.12,0.24303984908647883,0.055689584892635896
369,370,283,,,99.0,4.61,7.084998294395504,,3.07,3.591,K8(H),3.48,-0.23,1.69,0.45,5.93,Simbad,05 35 05.79,-05 27 08.52,0.12784846541513625,0.055689584892635896
370,371,282,,,99.0,9.33,8.174998294395506,,,3.5,M4.5(H),0.0,-1.3,0.75,0.12,6.41,Simbad,05 35 06.01,-05 14 24.82,0.0,0.0
371,372,285,,,99.0,4.31,6.974998294395505,,,3.509,M4(H),0.0,-0.87,1.18,0.17,6.12,Simbad,05 35 06.06,-05 19 55.42,0.13355688868772642,0.055689584892635896
372,373,1744,,1744.0,99.0,11.42,-0.035001705604495115,,-0.16,4.195,B5(WSH)B5(Par)B4V(LA)B3V(vA)B3-5V(J),0.06,2.69,3.03,4.81,,Simbad,05 35 06.08,-05 12 15.22,0.0,0.0
373,374,3064,,,,2.83,8.114998294395503,,,,,,,,,,Simbad,05 35 06.09,-05 22 12.18,0.0,0.0
374,375,286,,,99.0,2.88,6.824998294395504,,2.78,3.643,K5(H),3.77,-0.08,1.58,0.82,6.31,Simbad,05 35 06.19,-05 22 02.32,0.14241787125492958,0.055689584892635896
375,376,290,,,99.0,4.47,7.394998294395505,,,,,,,,,,Simbad,05 35 06.33,-05 27 04.32,0.11185805674661059,0.055689584892635896
376,377,287,,,99.0,2.81,7.554998294395505,,,3.518,M3.5e(H),0.0,-1.14,0.82,0.18,6.44,Simbad,05 35 06.35,-05 22 07.22,0.10382581815467296,0.055689584892635896
377,378,289,,,,2.52,8.514998294395506,,,,,,,,,,Simbad,05 35 06.35,-05 23 14.82,0.0,0.0
378,379,295,,1755.0,0.0,10.51,5.844998294395504,,1.78,3.571,M0.5e(H)M2(Eetal),0.0,-0.56,1.26,0.45,6.33,Simbad,05 35 06.35,-05 33 34.82,0.24808751548161567,0.055689584892635896
379,380,294,,,99.0,8.17,7.324998294395504,,3.5,3.5,M4.5(H),0.96,-0.73,1.45,0.15,5.57,Simbad,05 35 06.36,-05 31 08.72,0.11536083867463642,0.055689584892635896
380,381,288,,,99.0,3.25,7.354998294395504,,2.73,3.494,M5(H),0.0,-0.94,1.17,0.13,6.0,Simbad,05 35 06.37,-05 21 18.52,0.11388820953838107,0.055689584892635896
381,382,291,,1754.0,99.0,2.82,4.774998294395504,,2.07,3.562,M1(H)K4-M0(Sam),0.24,-0.06,2.33,0.27,5.18,Simbad,05 35 06.42,-05 24 41.02,0.4679927159291239,0.055689584892635896
382,383,292,,,99.0,2.98,7.714998294395505,,1.65,3.509,M4(H),0.0,-1.17,0.84,0.15,6.37,Simbad,05 35 06.45,-05 25 01.12,0.0,0.0
383,384,5159,,,,9.8,8.914998294395504,,2.86,,,,,,,,Simbad,05 35 06.47,-05 32 51.10,0.0,0.0
384,385,296,,,99.0,4.26,6.214998294395505,,3.31,3.5,M4.5e(H),0.47,-0.4,2.1,0.16,4.78,Simbad,05 35 06.50,-05 26 50.52,0.1870048387992548,0.055689584892635896
385,386,297,,,99.0,3.91,8.634998294395503,,,3.483,M5.5(H),0.0,-1.37,0.75,0.09,6.34,Simbad,05 35 06.69,-05 20 18.82,0.0,0.0
386,387,293,,,99.0,12.96,6.434998294395504,,3.34,3.494,M5(H),0.16,-0.53,1.87,0.14,4.93,Simbad,05 35 06.74,-05 10 38.42,0.1644585476697974,0.055689584892635896
387,388,298,,,99.0,2.7,7.964998294395505,,,3.471,M6(H),0.0,-1.01,1.2,0.09,5.05,Simbad,05 35 06.80,-05 22 09.02,0.0,0.0
388,389,299,,,22.0,3.56,7.344998294395504,,,,,,,,,,Simbad,05 35 06.82,-05 26 00.32,0.11447499180364756,0.055689584892635896
389,390,5064,,,,5.41,8.824998294395504,,,3.471,M6(H),0.0,-1.35,0.81,0.07,5.59,Simbad,05 35 07.05,-05 18 30.03,0.0,0.0
390,391,300,,,99.0,2.49,6.214998294395505,,2.78,3.526,M2-M4:(H),0.6,-0.49,1.68,0.23,5.85,Simbad,05 35 07.18,-05 22 26.22,0.1870048387992548,0.055689584892635896
391,392,5138,,,,6.7,9.524998294395504,,,,,,,,,,Simbad,05 35 07.25,-05 29 40.50,0.0,0.0
392,393,302,,,99.0,2.45,6.794998294395505,,,,,,,,,,Simbad,05 35 07.29,-05 22 28.72,0.14388920115685183,0.055689584892635896
393,394,303,,,99.0,3.32,6.994998294395504,,,,,,,,,,Simbad,05 35 07.30,-05 25 47.62,0.13253131576972157,0.055689584892635896
394,395,304,,,99.0,3.99,6.9849982943955045,,3.26,3.494,M5(H),0.0,-0.79,1.39,0.13,5.44,Simbad,05 35 07.35,-05 26 39.82,0.1332141522635195,0.055689584892635896
395,396,301,,,99.0,12.34,7.144998294395505,,3.02,,,,,,,,Simbad,05 35 07.44,-05 11 14.32,0.1246052212894167,0.055689584892635896
396,397,5075,,,,4.2,9.344998294395504,,,,,,,,,,Simbad,05 35 07.44,-05 19 49.84,0.0,0.0
397,398,308,,1763.0,0.0,13.14,4.464998294395505,,2.54,3.526,M3(H)M4(Eetal)M2(B),0.0,0.06,3.18,0.16,4.09,Simbad,05 35 07.52,-05 36 19.32,0.5573425350953937,0.055689584892635896
398,399,305,,,99.0,2.31,6.494998294395504,,2.39,3.518,M3-M3.5(H),0.0,-0.72,1.34,0.2,6.07,Simbad,05 35 07.54,-05 24 00.32,0.1611124224814569,0.055689584892635896
399,400,310,,,98.0,13.78,5.754998294395504,,3.57,3.5,M4.5(H),1.14,-0.05,3.14,0.15,3.8,Simbad,05 35 07.59,-05 36 58.72,0.26386827544290314,0.055689584892635896
400,401,306,,,99.0,2.66,7.9849982943955045,,,3.509,M4(H),0.0,-1.27,0.74,0.15,6.47,Simbad,05 35 07.61,-05 24 52.42,0.0,0.0
401,402,311,,,99.0,6.29,6.854998294395504,,3.13,3.518,M3.5(H)M3.8(P)M5(Eetal),1.08,-0.6,1.54,0.2,5.97,Simbad,05 35 07.75,-05 29 17.02,0.14059984783257048,0.055689584892635896
402,403,307,,,99.0,6.65,7.394998294395505,,2.47,3.526,M3(H),0.0,-1.11,0.83,0.21,6.49,Simbad,05 35 07.76,-05 17 05.22,0.11185805674661059,0.055689584892635896
403,404,312,,,96.0,9.58,7.414998294395504,,,,,,,,,,Simbad,05 35 07.77,-05 32 42.32,0.11071425928065064,0.055689584892635896
404,405,309,,,99.0,2.99,6.684998294395504,,2.03,3.518,M3-M4(H),0.0,-0.79,1.23,0.19,6.13,Simbad,05 35 07.85,-05 21 16.92,0.15031384193678674,0.055689584892635896
405,406,313,,1766.0,99.0,9.59,6.464998294395505,,2.3,3.58,M0(H),1.3,-0.5,1.3,0.5,6.33,Simbad,05 35 07.93,-05 32 43.82,0.16277688721947972,0.055689584892635896
406,407,315,,,99.0,13.57,6.744998294395504,,2.85,3.518,M3.5(H),0.36,-0.73,1.32,0.2,6.09,Simbad,05 35 07.93,-05 36 46.62,0.14687761926208237,0.055689584892635896
407,408,316,,,99.0,13.03,7.154998294395504,,,,,,,,,,Simbad,05 35 07.95,-05 36 13.92,0.12396651293172012,0.055689584892635896
408,409,314,,,,2.18,7.764998294395504,,,,,,,,,,Simbad,05 35 08.13,-05 24 02.82,0.0,0.0
409,410,321,,1767.0,95.0,13.86,5.374998294395505,,2.09,3.58,MOe(H),0.76,-0.19,1.85,0.38,5.8,Simbad,05 35 08.13,-05 37 04.72,0.3342354747039939,0.055689584892635896
410,411,318,,,99.0,6.17,7.8649982943955035,,3.32,3.5,M4.5(H),0.5,-1.05,0.99,0.14,6.2,Simbad,05 35 08.16,-05 29 11.62,0.0,0.0
411,412,317,,,99.0,2.38,6.744998294395504,,,,,,,,,,Simbad,05 35 08.20,-05 24 34.52,0.14687761926208237,0.055689584892635896
412,413,319,,,99.0,5.0,6.5649982943955045,,3.26,,,,,,,,Simbad,05 35 08.25,-05 27 56.52,0.1570253423894375,0.055689584892635896
413,414,3025,,,,7.33,8.694998294395505,,,,M4::(H),,,,,,Simbad,05 35 08.26,-05 16 19.81,0.0,0.0
414,415,320,,,99.0,5.49,6.644998294395505,,2.37,3.695,K2(H),3.52,-0.08,1.25,1.16,6.94,Simbad,05 35 08.29,-05 28 28.92,0.15264920347244804,0.055689584892635896
415,416,322,,,99.0,2.39,6.914998294395504,,,3.5,M4.5(H),0.0,-0.8,1.33,0.15,5.9,Simbad,05 35 08.43,-05 24 41.22,0.13703312820805735,0.055689584892635896
416,417,323,,,99.0,2.76,5.834998294395504,,3.05,3.544,M2(H),2.1,-0.02,2.67,0.22,4.67,Simbad,05 35 08.44,-05 25 17.52,0.25000730202938626,0.055689584892635896
417,418,324,,,99.0,3.54,7.904998294395504,,,3.5,M4.5(H),0.0,-1.19,0.85,0.13,6.32,Simbad,05 35 08.50,-05 26 19.02,0.0,0.0
418,419,326,,,99.0,5.97,7.154998294395504,,3.26,3.585,"K6-K8,M0(H)",3.86,-0.16,1.89,0.39,5.78,Simbad,05 35 08.59,-05 29 01.22,0.12396651293172012,0.055689584892635896
419,420,3072,,,,1.99,7.434998294395504,,,,,,,,,,Simbad,05 35 08.64,-05 22 56.25,0.10986409312994998,0.055689584892635896
420,421,328,,1765.0,99.0,8.65,4.774998294395504,,1.64,3.661,K4(H),1.13,0.09,1.77,0.94,6.23,Simbad,05 35 08.75,-05 31 48.52,0.4679927159291239,0.055689584892635896
421,422,3045,,,,4.27,8.414998294395504,,,,,,,,,,Simbad,05 35 08.82,-05 19 32.77,0.0,0.0
422,423,325,,,0.0,13.1,7.6949982943955035,,2.32,3.526,M3(H),0.0,-1.23,0.72,0.2,6.63,Simbad,05 35 08.85,-05 10 25.02,0.0,0.0
423,424,327,,,99.0,3.61,7.834998294395504,,1.56,3.509,M4(H),0.0,-1.21,0.79,0.15,6.41,Simbad,05 35 08.95,-05 20 17.12,0.0,0.0
424,425,330,,1773.0,99.0,6.86,3.6949982943955035,,1.42,3.679,K1-K4(H)K1IV-Ve(Par)K3(CK)K3(D)K3-K5.5(P)K6(Eetal),0.85,0.45,2.46,1.07,5.89,Simbad,05 35 08.96,-05 29 58.72,0.842920421500308,0.055689584892635896
425,426,329,,,,6.77,9.224998294395503,,,,,,,,,,Simbad,05 35 09.09,-05 16 51.25,0.0,0.0
426,427,3134,,,,7.81,8.144998294395505,,,,,,,,,,Simbad,05 35 09.12,-05 30 58.03,0.0,0.0
427,428,3166,,,,6.72,6.834998294395504,,2.21,3.544,M2(H),0.0,-0.93,0.93,0.29,6.51,Simbad,05 35 09.16,-05 16 54.39,0.14168785782760615,0.055689584892635896
428,429,331,,,,2.98,8.084998294395506,,,,,,,,,,Simbad,05 35 09.37,-05 20 58.22,0.0,0.0
429,430,5127,,,,4.76,6.854998294395504,,,,,,,,,,Simbad,05 35 09.41,-05 27 48.46,0.14059984783257048,0.055689584892635896
430,431,333,,,99.0,4.93,6.6149982943955035,,1.92,3.483,M5-M6(H),0.0,-0.56,1.89,0.13,4.67,Simbad,05 35 09.50,-05 27 59.52,0.1542262340486992,0.055689584892635896
431,432,334,,,99.0,5.29,5.554998294395505,,2.35,3.562,M1e(H),0.95,-0.2,1.99,0.3,5.72,Simbad,05 35 09.50,-05 28 22.52,0.2992730738142913,0.055689584892635896
432,433,335,,,99.0,3.46,7.4849982943955045,,1.31,3.562,M1e(H),0.0,-1.21,0.63,0.4,7.24,Simbad,05 35 09.55,-05 26 22.82,0.10735256469660899,0.055689584892635896
433,434,9001,,,,1.79,10.924998294395506,>,5.49,,,,,,,,Simbad,05 35 09.58,-05 23 55.42,0.0,0.0
434,435,332,,,99.0,2.6,6.164998294395504,,2.07,3.518,M3.5(H),0.0,-0.59,1.56,0.2,5.94,Simbad,05 35 09.60,-05 21 24.72,0.19385447655467666,0.055689584892635896
435,436,336,,,99.0,2.55,6.804998294395505,,,,,,,,,,Simbad,05 35 09.67,-05 21 27.92,0.14351994974068716,0.055689584892635896
436,437,337,,1771.0,99.0,1.69,3.624998294395505,,1.76,3.591,K8(H)K4-M0(Sam),0.12,0.34,3.23,0.25,4.42,Simbad,05 35 09.67,-05 23 26.52,0.8760431410798315,0.055689584892635896
437,438,338,,,99.0,4.16,6.334998294395504,,3.45,3.518,M3.5-M4(H)M3(Eetal),1.9,-0.19,2.46,0.17,4.57,Simbad,05 35 09.76,-05 19 33.82,0.17048235691748292,0.055689584892635896
438,439,1772,,1772.0,99.0,4.8,-0.04500170560449668,,0.33,4.294,B2.5(WSH)B2Vp(Par)B2(LA)B2Vp(vA)B1-2V(J)B1.5pV(S)B3(T),1.47,3.27,3.72,7.15,,Simbad,05 35 09.79,-05 27 52.92,0.0,0.0
439,440,9002,,,,1.67,7.964998294395505,,4.22,,,,,,,,Simbad,05 35 09.82,-05 23 38.02,0.0,0.0
440,441,9003,,,,1.75,11.734998294395504,>,2.18,,,,,,,,Simbad,05 35 09.84,-05 23 58.52,0.0,0.0
441,442,5023,,,,8.71,9.194998294395505,,,,,,,,,,Simbad,05 35 09.85,-05 14 49.45,0.0,0.0
442,443,5050,,,,6.47,9.264998294395506,,,,,,,,,,Simbad,05 35 09.98,-05 17 06.30,0.0,0.0
443,444,3044,,,,4.63,9.284998294395505,,,,,,,,,,Simbad,05 35 09.99,-05 19 02.23,0.0,0.0
444,445,340,,,99.0,1.8,5.914998294395504,,,,,,,,,,Simbad,05 35 10.05,-05 22 32.32,0.2362665720741045,0.055689584892635896
445,446,5129,,,,4.85,6.414998294395504,,,,,,,,,,Simbad,05 35 10.06,-05 27 57.43,0.16573118449261148,0.055689584892635896
446,447,339,,,99.0,3.41,7.164998294395504,,1.94,3.518,M3.5(H),0.0,-0.99,0.99,0.18,6.28,Simbad,05 35 10.09,-05 20 20.92,0.12364838752627612,0.055689584892635896
447,448,3056,,,,2.85,8.674998294395506,,,,,,,,,,Simbad,05 35 10.10,-05 20 59.93,0.0,0.0
448,449,341,,,99.0,1.58,6.284998294395503,,,3.633,K4-K7(H),0.0,-0.78,0.74,0.76,7.54,Simbad,05 35 10.11,-05 23 21.12,0.17763735042814585,0.055689584892635896
449,450,342,,,96.0,2.12,7.394998294395505,,,,,,,,,,Simbad,05 35 10.17,-05 21 56.72,0.11185805674661059,0.055689584892635896
450,451,3047,,,,3.78,7.244998294395504,,3.31,3.5,M4.5(H),0.47,-0.81,1.31,0.15,5.95,Simbad,05 35 10.21,-05 19 55.85,0.11958629059960592,0.055689584892635896
451,452,343,,,99.0,2.66,5.854998294395504,,2.21,3.602,K7(H),1.6,-0.19,1.68,0.5,5.98,Simbad,05 35 10.22,-05 21 12.72,0.24618247082481823,0.055689584892635896
452,453,344,,,,3.83,7.624998294395505,,,,,,,,,,Simbad,05 35 10.31,-05 19 51.72,0.10015724543631623,0.055689584892635896
453,454,5142,,,,6.92,9.024998294395504,,,,,,,,,,Simbad,05 35 10.31,-05 30 07.51,0.0,0.0
454,455,351,,1786.0,35.0,15.12,3.414998294395504,,,3.753,G4-G6(H),0.0,0.39,1.63,1.38,6.99,Simbad,05 35 10.34,-05 38 24.92,0.9783863659638493,0.055689584892635896
455,456,3104,,,,3.02,7.644998294395505,,,,,,,,,,Simbad,05 35 10.39,-05 25 59.93,0.0,0.0
456,457,345,,1783.0,81.0,1.63,4.294998294395505,,2.38,3.571,M0.5(H)M0-M2(Sam),1.29,0.37,3.69,0.23,4.06,Simbad,05 35 10.40,-05 22 45.22,0.6113579892723421,0.055689584892635896
457,458,348,,1785.0,99.0,3.28,3.0749982943955043,,1.53,3.719,K0(WSH)<M0(Sam),1.7,0.92,3.49,2.26,5.98,Simbad,05 35 10.41,-05 26 17.82,1.1772188259659713,0.055689584892635896
458,459,349,,,99.0,1.73,8.444998294395505,,1.92,,K:(H),,,,,,Simbad,05 35 10.47,-05 24 15.92,0.0,0.0
459,460,353,,,99.0,9.96,6.834998294395504,,3.73,3.494,M5(H),1.16,-0.44,2.06,0.15,4.72,Simbad,05 35 10.48,-05 33 13.22,0.14168785782760615,0.055689584892635896
460,461,347,,1782.0,99.0,2.07,4.4449982943955035,,1.75,3.602,K3-K7(H)M0(H)M2(Eetal)K2-K4(Sam),0.42,0.09,2.31,0.41,5.59,Simbad,05 35 10.49,-05 21 55.92,0.5645492412099481,0.055689584892635896
461,462,350,,,,1.61,5.514998294395504,,,,,,,,,,Simbad,05 35 10.50,-05 22 44.12,0.3070626000363092,0.055689584892635896
462,463,352,,1784.0,99.0,1.49,2.2749982943955036,,2.1,3.591,K8(H)M0.1(P)M1(Eetal)K2V(HT)K5IV(Ham)K2-K3(Sam),0.99,1.09,7.68,,,Simbad,05 35 10.64,-05 23 44.22,0.0,0.0
463,464,354,,,99.0,3.41,6.514998294395504,,2.01,3.518,M3.5(H),0.0,-0.73,1.33,0.2,6.08,Simbad,05 35 10.64,-05 26 27.72,0.15987525277142067,0.055689584892635896
464,465,346,,,82.0,12.88,7.904998294395504,,,,,,,,,,Simbad,05 35 10.70,-05 10 34.52,0.0,0.0
465,466,3102,,,,2.93,9.264998294395506,,,,,,,,,,Simbad,05 35 10.75,-05 25 56.58,0.0,0.0
466,467,357,,,99.0,4.84,6.224998294395505,,3.02,3.5,M4.5(H),0.0,-0.52,1.83,0.16,5.09,Simbad,05 35 10.79,-05 28 00.32,0.1855688432464024,0.055689584892635896
467,468,355,,,99.0,1.52,6.9449982943955035,,,,mid-K::(H),,,,,,Simbad,05 35 10.83,-05 22 46.03,0.1352838432726335,0.055689584892635896
468,469,356,,,99.0,1.99,5.624998294395505,,,3.526,M3e(H),0.0,-0.4,1.87,0.22,5.5,Simbad,05 35 10.84,-05 24 48.22,0.28648169033563375,0.055689584892635896
469,470,362,,,99.0,11.69,5.824998294395504,,3.23,3.5,M4.5(H),0.27,-0.29,2.38,0.15,4.48,Simbad,05 35 11.03,-05 34 59.32,0.25194194454595426,0.055689584892635896
470,471,363,,1802.0,98.0,13.54,4.644998294395505,,2.51,3.544,M2(H),0.72,0.12,3.13,0.2,4.27,Simbad,05 35 11.05,-05 36 51.12,0.5016134189340066,0.055689584892635896
471,472,3098,,,,2.54,8.854998294395505,,,,,,,,,,Simbad,05 35 11.05,-05 25 31.80,0.0,0.0
472,473,359,,,99.0,4.01,6.7349982943955045,,2.57,,,,,,,,Simbad,05 35 11.07,-05 19 35.62,0.14725550936734935,0.055689584892635896
473,474,358,,,99.0,6.17,6.784998294395503,,3.28,3.562,M1(H),3.34,-0.11,2.21,0.28,5.4,Simbad,05 35 11.11,-05 17 20.72,0.14463055648893083,0.055689584892635896
474,475,360,,,,3.96,7.414998294395504,,,,,,,,,,Simbad,05 35 11.16,-05 19 38.32,0.11071425928065064,0.055689584892635896
475,476,3005,,,,9.45,8.434998294395504,,4.32,3.5,M4.5(H),3.06,-0.66,1.57,0.15,5.38,Simbad,05 35 11.25,-05 14 01.11,0.0,0.0
476,477,361,,,99.0,4.37,5.6149982943955035,,2.12,,,,,,,,Simbad,05 35 11.28,-05 19 11.92,0.288698584217703,0.055689584892635896
477,478,365,,1800.0,99.0,2.94,3.6149982943955035,,1.96,3.679,K2-K3(Sam),2.23,0.82,3.76,1.11,5.45,Simbad,05 35 11.40,-05 26 01.82,0.8805567477198654,0.055689584892635896
478,479,364,,1799.0,99.0,6.53,2.8549982943955037,,1.85,3.766,G0-G2(WSH)K0:IV-V(W),3.11,1.38,4.82,3.04,,Simbad,05 35 11.53,-05 16 57.52,0.0,0.0
479,480,3070,,,,1.33,5.924998294395504,,,,,,,,,,Simbad,05 35 11.53,-05 22 51.40,0.2344522995185676,0.055689584892635896
480,481,366,,,98.0,1.56,6.904998294395504,,3.98,3.497,M4.5-M5e(H),2.0,-0.29,2.43,0.15,4.4,Simbad,05 35 11.55,-05 24 20.92,0.137739159233678,0.055689584892635896
481,482,371,,,99.0,7.73,6.754998294395504,,3.25,,,,,,,,Simbad,05 35 11.56,-05 31 00.72,0.14612474581095003,0.055689584892635896
482,483,368,,,99.0,1.29,7.204998294395503,,,,,,,,,,Simbad,05 35 11.62,-05 23 51.62,0.12144425138126287,0.055689584892635896
483,484,3071,,,,1.27,5.454998294395503,,,,,,,,,,Simbad,05 35 11.63,-05 22 56.11,0.3183097292121724,0.055689584892635896
484,485,9008,,,,1.23,6.094998294395504,,3.69,3.5,M4.5(H),1.45,-0.12,2.92,0.15,3.97,Simbad,05 35 11.63,-05 23 40.32,0.20460220961608844,0.055689584892635896
485,486,369,,,99.0,1.87,6.6149982943955035,,1.48,,,,,,,,Simbad,05 35 11.68,-05 21 55.32,0.1542262340486992,0.055689584892635896
486,487,367,,,99.0,6.06,8.124998294395505,,,,,,,,,,Simbad,05 35 11.75,-05 17 25.82,0.0,0.0
487,488,370,,,99.0,4.11,5.774998294395504,,3.18,3.679,K0-K3(H),5.36,0.72,3.35,1.09,5.56,Simbad,05 35 11.77,-05 19 26.02,0.2604998870451156,0.055689584892635896
488,489,375,,1801.0,98.0,8.62,4.3649982943955035,,1.87,,,,,,,,Simbad,05 35 11.79,-05 31 54.92,0.5897563175450579,0.055689584892635896
489,490,3058,,,,2.6,7.294998294395505,,1.62,,<=K7(H),,,,,,Simbad,05 35 11.79,-05 21 02.84,0.11685250961145867,0.055689584892635896
490,491,373,,,99.0,3.05,5.394998294395505,,3.37,3.679,K2-K3(H)<K7(P)K3(Eetal),5.85,0.99,4.58,1.18,5.29,Simbad,05 35 11.87,-05 20 32.82,0.3299688197102012,0.055689584892635896
491,492,9009,,,,1.23,8.324998294395504,,4.97,,,,,,,,Simbad,05 35 11.91,-05 22 53.42,0.0,0.0
492,493,372,,,0.0,9.21,7.154998294395504,,2.39,,,,,,,,Simbad,05 35 11.95,-05 14 14.14,0.12396651293172012,0.055689584892635896
493,494,5132,,,,4.88,8.854998294395505,,,,,,,,,,Simbad,05 35 11.96,-05 28 07.88,0.0,0.0
494,495,374,,,99.0,4.12,7.434998294395504,,5.4,,,,,,,,Simbad,05 35 11.98,-05 19 24.52,0.10986409312994998,0.055689584892635896
495,496,376,,,91.0,1.61,7.884998294395505,,,,,,,,,,Simbad,05 35 12.05,-05 24 33.42,0.0,0.0
496,497,380,,,99.0,8.33,5.754998294395504,,3.11,,,,,,,,Simbad,05 35 12.05,-05 31 38.32,0.26386827544290314,0.055689584892635896
497,498,379,,,99.0,7.04,7.124998294395505,,3.87,3.483,M5.4(P),0.75,-0.58,1.84,0.13,4.71,Simbad,05 35 12.06,-05 30 19.72,0.1255694593614092,0.055689584892635896
498,499,381,,1809.0,99.0,7.24,5.164998294395504,,2.11,3.571,M0.5(H),0.6,-0.14,2.04,0.32,5.7,Simbad,05 35 12.11,-05 30 32.42,0.37520558714029506,0.055689584892635896
499,500,378,a,1808.0,99.0,1.14,4.804998294395505,,2.11,3.58,K1(H)M0(Sam),0.81,0.05,2.44,0.31,5.27,Simbad,05 35 12.17,-05 23 47.72,0.46083295247875117,0.055689584892635896
500,501,378,b,1808.0,,1.14,5.404998294395504,,2.32,,,,,,,,Simbad,05 35 12.17,-05 23 47.72,0.3282774472239819,0.055689584892635896
501,502,377,a,,83.0,2.83,7.214998294395505,,4.27,,,,,,,,Simbad,05 35 12.19,-05 20 45.22,0.12113259865508845,0.055689584892635896
502,503,377,b,,,2.83,8.224998294395503,,4.65,,,,,,,,Simbad,05 35 12.20,-05 20 45.22,0.0,0.0
503,504,384,,1810.0,0.0,13.32,4.874998294395505,,1.11,3.679,K2.5-K3(P),0.05,-0.22,1.14,1.06,7.0,Simbad,05 35 12.23,-05 36 39.42,0.44227122108308486,0.055689584892635896
504,505,9015,,,,2.78,10.024998294395504,,,,,,,,,,Simbad,05 35 12.31,-05 20 47.32,0.0,0.0
505,506,9016,,,,2.11,10.964998294395505,>,3.15,,,,,,,,Simbad,05 35 12.33,-05 21 31.72,0.0,0.0
506,507,9017,,,,2.11,11.544998294395503,>,2.37,,,,,,,,Simbad,05 35 12.33,-05 21 31.52,0.0,0.0
507,508,382,,,99.0,2.84,7.154998294395504,,2.88,3.5,M4.5(H),0.0,-0.89,1.2,0.14,6.06,Simbad,05 35 12.50,-05 20 42.72,0.12396651293172012,0.055689584892635896
508,509,385,,1807.0,99.0,1.04,2.9349982943955037,,1.62,3.708,K1V(HT)<K7(P)<M0(Sam),1.78,0.99,3.99,1.95,5.7,Simbad,05 35 12.50,-05 23 43.62,1.2715546627506302,0.055689584892635896
509,510,5074,,,,3.75,,,,,,,,,,,Simbad,05 35 12.52,-05 19 44.99,0.0,0.0
510,511,9018,,,,1.04,9.674998294395506,,4.97,,,,,,,,Simbad,05 35 12.52,-05 23 01.32,0.0,0.0
511,512,387,,,99.0,3.91,8.014998294395506,,,3.54,M2-2.5(H),0.0,-1.4,0.56,0.25,7.08,Simbad,05 35 12.59,-05 19 35.22,0.0,0.0
512,513,392,,,99.0,3.91,7.124998294395505,,,3.465,M6-M6.5(H),0.0,-0.62,1.93,0.11,4.48,Simbad,05 35 12.60,-05 27 10.32,0.1255694593614092,0.055689584892635896
513,514,383,,,99.0,7.22,6.4849982943955045,,3.06,3.526,M3(H),1.31,-0.43,1.82,0.22,5.64,Simbad,05 35 12.61,-05 16 13.32,0.16152693621470784,0.055689584892635896
514,515,386,,,99.0,6.57,5.964998294395505,,3.5,3.602,K6-K8(H),4.91,0.57,4.04,0.31,4.15,Simbad,05 35 12.64,-05 16 52.62,0.2273334601691593,0.055689584892635896
515,516,389,,,52.0,2.95,7.764998294395504,,3.64,3.488,M4.5-M6(H),0.52,-0.93,1.21,0.12,5.54,Simbad,05 35 12.67,-05 20 34.72,0.0,0.0
516,517,390,,,99.0,2.88,6.964998294395505,,2.55,3.494,M5(H),0.0,-0.78,1.4,0.13,5.42,Simbad,05 35 12.69,-05 20 38.82,0.134245009205239,0.055689584892635896
517,518,388,,,99.0,8.03,5.4849982943955045,,2.62,3.602,K5(H)M0.3(P)M1(Eetal),2.65,0.22,2.67,0.38,5.4,Simbad,05 35 12.72,-05 15 23.82,0.31263559149390385,0.055689584892635896
518,519,391,,1806.0,99.0,2.81,4.884998294395505,,1.66,3.562,M1e(H)M0.0(P)K0(Sam),0.0,-0.17,2.07,0.29,5.64,Simbad,05 35 12.72,-05 20 43.32,0.44000420271618723,0.055689584892635896
519,520,398,,,99.0,15.79,6.454998294395503,,2.44,3.58,M0(H),1.66,-0.41,1.44,0.46,6.14,Simbad,05 35 12.75,-05 39 08.32,0.16361555692025756,0.055689584892635896
520,521,9024,,,,2.47,11.054998294395505,>,4.26,,,,,,,,Simbad,05 35 12.78,-05 21 04.42,0.0,0.0
521,522,397,,,99.0,5.52,7.704998294395503,,,,,,,,,,Simbad,05 35 12.84,-05 28 49.52,0.0,0.0
522,523,393,,,99.0,4.4,7.014998294395504,,3.1,,,,,,,,Simbad,05 35 12.91,-05 19 03.92,0.13151361814606122,0.055689584892635896
523,524,395,,,99.0,1.62,7.2349982943955045,,4.05,3.544,M2(H),4.67,0.05,2.88,0.21,4.48,Simbad,05 35 12.92,-05 22 00.42,0.11989396494897386,0.055689584892635896
524,525,9025,,,,2.65,11.244998294395502,,,,,,,,,,Simbad,05 35 12.93,-05 20 52.32,0.0,0.0
525,526,394,,,99.0,3.0,6.894998294395505,,3.84,3.623,K6(H),6.15,0.49,3.32,0.47,5.07,Simbad,05 35 12.94,-05 20 30.02,0.13844882791842278,0.055689584892635896
526,527,402,,,99.0,10.71,7.184998294395504,,3.73,3.483,M5.5(H),0.39,-0.7,1.62,0.12,4.92,Simbad,05 35 12.95,-05 34 03.22,0.12269890121487802,0.055689584892635896
527,528,9029,,,,1.42,6.124998294395505,,3.28,3.5,M4.5(H),0.4,-0.38,2.15,0.15,4.73,Simbad,05 35 12.96,-05 22 14.78,0.19941188595993867,0.055689584892635896
528,529,9028,,,,1.72,9.114998294395503,,3.92,,,,,,,,Simbad,05 35 12.99,-05 21 52.72,0.0,0.0
529,530,9030,,,,0.98,8.374998294395505,,3.99,3.544,M2:(H),4.52,-0.44,1.63,0.29,5.89,Simbad,05 35 13.03,-05 22 52.62,0.0,0.0
530,531,9032,,,,2.32,7.554998294395505,,3.82,3.535,M2.5e(H),3.69,-0.3,2.02,0.23,5.34,Simbad,05 35 13.03,-05 21 13.01,0.10382581815467296,0.055689584892635896
531,532,9031,,,99.0,1.03,7.5649982943955045,,,,K:(H),,,,,,Simbad,05 35 13.05,-05 22 46.52,0.10329362201462479,0.055689584892635896
532,533,399,a,,99.0,1.32,7.204998294395503,,3.19,,,,,,,,Simbad,05 35 13.08,-05 22 21.42,0.12144425138126287,0.055689584892635896
533,534,399,b,,,1.32,8.684998294395504,,3.88,,,,,,,,Simbad,05 35 13.08,-05 22 21.12,0.0,0.0
534,535,410,,,99.0,12.95,7.914998294395504,,,,,,,,,,Simbad,05 35 13.10,-05 36 17.92,0.0,0.0
535,536,400,,,99.0,2.63,6.494998294395504,,3.16,3.585,K8-M0(H),3.61,0.05,2.38,0.34,5.49,Simbad,05 35 13.11,-05 20 52.52,0.1611124224814569,0.055689584892635896
536,537,401,,,99.0,1.75,4.424998294395504,,2.59,3.719,K0-K2e(H)<M0(Sam),4.42,1.04,4.02,2.42,5.85,Simbad,05 35 13.11,-05 24 54.92,0.5703816425257414,0.055689584892635896
537,538,405,,,99.0,4.59,6.3149982943955045,,3.67,,,,,,,,Simbad,05 35 13.15,-05 27 53.72,0.17357650357897603,0.055689584892635896
538,539,9036,,,,2.8,10.864998294395503,>,2.25,,,,,,,,Simbad,05 35 13.18,-05 20 41.42,0.0,0.0
539,540,9037,,,,0.95,9.174998294395506,>,3.74,,,,,,,,Simbad,05 35 13.21,-05 23 52.72,0.0,0.0
540,541,396,,1805.0,99.0,14.07,5.334998294395504,,2.26,,,,,,,,Simbad,05 35 13.22,-05 09 19.42,0.34205496090371973,0.055689584892635896
541,542,403,,,,3.17,8.044998294395503,,4.89,3.535,M2.5(H),6.44,0.17,3.48,0.17,3.94,Simbad,05 35 13.22,-05 20 18.32,0.0,0.0
542,543,414,,,99.0,13.91,7.834998294395504,,,,,,,,,,Simbad,05 35 13.23,-05 37 16.02,0.0,0.0
543,544,9038,,,,0.9,7.804998294395505,,4.75,,cont(H),,,,,,Simbad,05 35 13.23,-05 22 57.32,0.0,0.0
544,545,404,,,99.0,1.23,6.5649982943955045,,3.38,3.494,M4.5-M5.5(H),0.26,-0.56,1.81,0.14,5.0,Simbad,05 35 13.25,-05 22 26.02,0.1570253423894375,0.055689584892635896
545,546,9040,,,,0.93,9.594998294395504,>,4.72,,,,,,,,Simbad,05 35 13.27,-05 23 52.82,0.0,0.0
546,547,409,,1824.0,98.0,0.82,4.464998294395505,,1.91,,<M0(Sam),,,,,,Simbad,05 35 13.34,-05 23 39.72,0.5573425350953937,0.055689584892635896
547,548,406,,,99.0,6.25,5.794998294395505,,3.41,3.562,M1(H),3.67,0.37,3.83,0.21,3.91,Simbad,05 35 13.36,-05 17 10.12,0.25717449752765703,0.055689584892635896
548,549,416,,,99.0,7.46,6.004998294395504,,2.72,3.518,M3.5(H),0.02,-0.52,1.7,0.21,5.81,Simbad,05 35 13.38,-05 30 47.72,0.2204307751240029,0.055689584892635896
549,550,9043,,,,2.37,9.394998294395505,,,,,,,,,,Simbad,05 35 13.39,-05 21 07.52,0.0,0.0
550,551,407,,,99.0,5.91,7.434998294395504,,3.47,3.623,K6(H),5.2,0.04,1.98,0.57,5.83,Simbad,05 35 13.40,-05 17 31.12,0.10986409312994998,0.055689584892635896
551,552,408,,,99.0,6.14,7.264998294395504,,3.47,3.526,M3(H),2.37,-0.48,1.71,0.23,5.83,Simbad,05 35 13.41,-05 17 17.22,0.11836346856845596,0.055689584892635896
552,553,411,,1820.0,99.0,1.29,5.454998294395503,,2.59,3.555,M1.4(P),1.34,-0.06,2.41,0.26,5.01,Simbad,05 35 13.42,-05 22 19.22,0.3183097292121724,0.055689584892635896
553,554,415,,,99.0,4.16,6.164998294395504,,3.04,3.526,M3(H),1.26,-0.31,2.08,0.21,5.18,Simbad,05 35 13.43,-05 27 28.22,0.19385447655467666,0.055689584892635896
554,555,412,,,99.0,0.75,5.894998294395505,,2.83,,cont+emis(H),,,,,,Simbad,05 35 13.44,-05 23 30.62,0.239321612094224,0.055689584892635896
555,556,9045,,,,0.8,7.824998294395504,,4.17,,late-K:(H),,,,,,Simbad,05 35 13.46,-05 23 03.92,0.0,0.0
556,557,418,,,99.0,4.63,6.744998294395504,,3.19,,,,,,,,Simbad,05 35 13.47,-05 27 56.92,0.14687761926208237,0.055689584892635896
557,558,426,,,93.0,11.78,8.734998294395504,,3.9,3.562,M1(H),4.93,-0.5,1.41,0.38,6.11,Simbad,05 35 13.49,-05 35 07.82,0.0,0.0
558,559,417,,,98.0,1.27,5.8649982943955035,,2.44,3.571,M0.5(H),1.44,-0.22,1.87,0.35,5.78,Simbad,05 35 13.51,-05 24 25.22,0.24492057505506556,0.055689584892635896
559,560,421,,1827.0,99.0,7.61,3.3949982943955046,,1.46,3.643,K5e(H)F8-G0III-IV(?),0.38,0.47,2.96,0.62,5.47,Simbad,05 35 13.51,-05 30 57.12,0.9884941502130529,0.055689584892635896
560,561,9047,,,,2.95,8.334998294395506,,4.24,3.544,M2:(H)late-K(H),5.16,-0.27,1.99,0.25,5.54,Simbad,05 35 13.51,-05 20 30.99,0.0,0.0
561,562,413,,,0.0,3.54,6.494998294395504,,,3.643,K5(H),0.0,-0.87,0.64,0.72,7.78,Simbad,05 35 13.52,-05 19 54.52,0.1611124224814569,0.055689584892635896
562,563,422,,,99.0,5.44,6.344998294395504,,3.27,,,,,,,,Simbad,05 35 13.56,-05 28 45.92,0.1700448616001363,0.055689584892635896
563,564,9048,,,,2.14,8.184998294395504,,3.42,3.526,M3(H),2.24,-0.88,1.08,0.22,6.25,Simbad,05 35 13.56,-05 21 21.42,0.0,0.0
564,565,9049,,,,2.14,9.804998294395505,,2.22,,,,,,,,Simbad,05 35 13.58,-05 21 21.22,0.0,0.0
565,566,420,,1821.0,99.0,1.23,5.514998294395504,,3.26,,,,,,,,Simbad,05 35 13.64,-05 22 21.62,0.3070626000363092,0.055689584892635896
566,567,430,,,99.0,11.56,7.604998294395504,,3.85,,,,,,,,Simbad,05 35 13.66,-05 34 54.72,0.10119197758619393,0.055689584892635896
567,568,419,,,99.0,4.01,7.104998294395504,,2.02,,,,,,,,Simbad,05 35 13.69,-05 19 25.32,0.1265411590393429,0.055689584892635896
568,569,433,,1846.0,93.0,15.81,3.8549982943955037,,1.59,3.661,K2-K4(P),1.01,0.43,2.6,0.82,5.69,Simbad,05 35 13.69,-05 39 10.52,0.7724049140276525,0.055689584892635896
569,570,423,,1819.0,99.0,1.43,4.214998294395505,,2.1,3.544,"K2e(H)M0,M4(Sam)",0.0,0.12,3.12,0.2,4.28,Simbad,05 35 13.70,-05 22 06.72,0.6386550722878804,0.055689584892635896
570,571,428,,,99.0,7.06,5.884998294395505,,2.59,3.535,M2.5(H),0.54,-0.4,1.79,0.25,5.76,Simbad,05 35 13.71,-05 30 23.92,0.2411735650657282,0.055689584892635896
571,572,424,,,94.0,1.49,7.524998294395504,,3.81,,,,,,,,Simbad,05 35 13.73,-05 22 02.62,0.10516833574740582,0.055689584892635896
572,573,427,,,99.0,4.29,6.684998294395504,,,,,,,,,,Simbad,05 35 13.73,-05 27 36.52,0.15031384193678674,0.055689584892635896
573,574,425,,,99.0,4.54,8.274998294395504,,,,,,,,,,Simbad,05 35 13.80,-05 18 53.02,0.0,0.0
574,575,9053,,,,2.08,8.284998294395505,,5.22,,,,,,,,Simbad,05 35 13.92,-05 21 23.62,0.0,0.0
575,576,429,,,99.0,3.57,4.604998294395504,,1.75,3.753,late-G(H),2.69,0.57,2.01,1.62,6.81,Simbad,05 35 13.95,-05 19 51.82,0.5146694912037327,0.055689584892635896
576,577,431,,1823.0,97.0,0.67,4.424998294395504,,2.77,,<M0(Sam),,,,,,Simbad,05 35 13.95,-05 23 38.02,0.5703816425257414,0.055689584892635896
577,578,3099,,,,2.53,6.854998294395504,,,3.5,M4.5(H),0.0,-0.77,1.37,0.15,5.8,Simbad,05 35 13.95,-05 25 49.64,0.14059984783257048,0.055689584892635896
578,579,434,,,98.0,3.27,7.494998294395504,,,,,,,,,,Simbad,05 35 13.97,-05 26 35.32,0.10680229096343506,0.055689584892635896
579,580,432,,1822.0,99.0,0.98,4.954998294395503,,3.26,3.526,M3.1(P),1.83,0.31,4.25,0.13,3.34,Simbad,05 35 13.98,-05 22 36.22,0.42228142534132335,0.055689584892635896
580,581,3093,,,,2.05,7.3149982943955045,,,,,,,,,,Simbad,05 35 13.98,-05 25 19.97,0.11595520831583915,0.055689584892635896
581,582,5176,,,,0.69,,,,,,,,,,,Simbad,05 35 14.08,-05 23 00.59,0.0,0.0
582,583,438,,,99.0,5.37,8.714998294395505,,,,,,,,,,Simbad,05 35 14.10,-05 28 43.02,0.0,0.0
583,584,9056,,,,3.03,11.404998294395503,,,,,,,,,,Simbad,05 35 14.10,-05 20 23.82,0.0,0.0
584,585,435,a,,,3.36,7.6149982943955035,,3.6,,,,,,,,Simbad,05 35 14.13,-05 20 03.90,0.10067328213228492,0.055689584892635896
585,586,437,,1826.0,99.0,1.17,3.754998294395504,,2.07,3.602,"K7(H)K4,M0-M1(Sam)",1.24,0.56,3.99,0.31,4.18,Simbad,05 35 14.18,-05 24 24.22,0.8152287991338106,0.055689584892635896
586,587,435,b,,,3.35,11.114998294395503,,,,,,,,,,Simbad,05 35 14.22,-05 20 04.02,0.0,0.0
587,588,436,a,,,1.42,8.884998294395503,,3.96,,,,,,,,Simbad,05 35 14.23,-05 22 04.02,0.0,0.0
588,589,436,b,,,1.42,9.434998294395504,,3.79,,,,,,,,Simbad,05 35 14.25,-05 22 03.92,0.0,0.0
589,590,3091,,,,1.95,,,,,,,,,,,Simbad,05 35 14.26,-05 25 15.18,0.0,0.0
590,591,9061,,,,0.59,9.264998294395506,>,4.35,,mid-M:(H),,,,,,Simbad,05 35 14.26,-05 23 07.72,0.0,0.0
591,592,441,,1843.0,95.0,0.56,4.524998294395504,,2.58,3.562,M1(H),1.54,0.36,3.78,0.21,3.94,Simbad,05 35 14.29,-05 23 33.32,0.539032717683238,0.055689584892635896
592,593,9062,,,,0.71,9.564998294395503,,,,,,,,,,Simbad,05 35 14.29,-05 22 54.12,0.0,0.0
593,594,9063,,,,0.93,10.294998294395503,>,4.92,,,,,,,,Simbad,05 35 14.32,-05 22 36.42,0.0,0.0
594,595,9064,,,,0.69,9.964998294395505,,,,cont(H),,,,,,Simbad,05 35 14.32,-05 22 55.72,0.0,0.0
595,596,439,,,99.0,5.98,6.884998294395505,,3.33,3.562,M1(H),3.47,-0.12,2.19,0.28,5.45,Simbad,05 35 14.35,-05 17 25.22,0.1388050322361332,0.055689584892635896
596,597,447,,,99.0,9.41,6.7349982943955045,,3.33,,,,,,,,Simbad,05 35 14.35,-05 32 46.02,0.14725550936734935,0.055689584892635896
597,598,449,,,99.0,9.95,7.944998294395505,,2.47,3.643,K5(P)K4-M0:(H),2.97,-0.72,0.75,0.78,7.54,Simbad,05 35 14.35,-05 33 18.62,0.0,0.0
598,599,443,,,99.0,1.73,5.874998294395505,,0.95,3.544,M2(H),0.0,-0.55,1.45,0.3,6.01,Simbad,05 35 14.36,-05 25 01.72,0.24303984908647883,0.055689584892635896
599,600,446,,,99.0,5.69,8.104998294395505,,2.98,3.5,M4.5(H),0.0,-1.27,0.77,0.13,6.38,Simbad,05 35 14.40,-05 29 02.82,0.0,0.0
600,601,442,,,99.0,1.37,7.244998294395504,,3.28,3.526,M3(H),1.88,-0.59,1.5,0.23,5.99,Simbad,05 35 14.41,-05 22 06.22,0.11958629059960592,0.055689584892635896
601,602,444,,,99.0,6.63,7.4449982943955035,,3.45,,,,,,,,Simbad,05 35 14.53,-05 16 46.02,0.1093009456649664,0.055689584892635896
602,603,448,,1839.0,99.0,0.94,4.014998294395504,,2.48,3.602,"K7(P)K3-K4,M0-M1.5(Sam)",2.29,0.71,4.76,0.28,3.72,Simbad,05 35 14.55,-05 22 33.42,0.7059721236956545,0.055689584892635896
603,604,9066,,,,1.44,9.134998294395503,>,5.28,,K:(H),,,,,,Simbad,05 35 14.55,-05 22 00.52,0.0,0.0
604,605,440,,,99.0,14.52,6.384998294395505,,3.09,3.518,M3.5(H),0.97,-0.44,1.86,0.2,5.4,Simbad,05 35 14.57,-05 08 51.82,0.16744336601362644,0.055689584892635896
605,606,445,b,,,2.7,7.944998294395505,,5.65,,,,,,,,Simbad,05 35 14.57,-05 20 42.82,0.0,0.0
606,607,445,a,,26.0,2.71,6.584998294395504,,4.25,,cont(H),,,,,,Simbad,05 35 14.58,-05 20 42.42,0.1558195570482442,0.055689584892635896
607,608,460,,1876.0,95.0,15.82,3.594998294395504,,1.58,3.695,K0-K3(P),1.49,0.65,2.87,1.4,5.87,Simbad,05 35 14.60,-05 39 11.42,0.8896538467134357,0.055689584892635896
608,609,9069,,,,0.57,7.3649982943955035,,3.67,3.555,M0.5-M2.5(H),4.11,-0.15,2.17,0.27,5.34,Simbad,05 35 14.60,-05 23 01.92,0.11330443503421073,0.055689584892635896
609,610,450,,,,2.93,8.154998294395503,,4.4,,,,,,,,Simbad,05 35 14.64,-05 20 28.62,0.0,0.0
610,611,458,,,99.0,10.91,8.294998294395503,,4.03,3.526,M3e(H),3.8,-0.54,1.59,0.23,5.92,Simbad,05 35 14.66,-05 34 16.52,0.0,0.0
611,612,451,,,98.0,0.43,4.1149982943955035,,,3.526,M3e(H),0.0,0.2,3.74,0.14,3.67,Simbad,05 35 14.68,-05 23 22.42,0.6723337662584171,0.055689584892635896
612,613,9071,,,,2.3,9.664998294395504,,5.06,,M:(H),,,,,,Simbad,05 35 14.68,-05 21 06.72,0.0,0.0
613,614,453,,,99.0,0.57,4.214998294395505,,,,,,,,,,Simbad,05 35 14.74,-05 23 45.72,0.6386550722878804,0.055689584892635896
614,615,9073,,,,0.51,9.744998294395502,,2.31,,,,,,,,Simbad,05 35 14.74,-05 23 04.82,0.0,0.0
615,616,452,,,99.0,0.95,6.524998294395504,,2.96,,,,,,,,Simbad,05 35 14.75,-05 22 31.32,0.15946497762206333,0.055689584892635896
616,617,9074,,,,1.07,10.124998294395505,>,3.89,,,,,,,,Simbad,05 35 14.77,-05 22 23.52,0.0,0.0
617,618,465,,,97.0,14.73,6.624998294395505,,2.41,,,,,,,,Simbad,05 35 14.79,-05 38 05.82,0.15383045552693128,0.055689584892635896
618,619,454,,1840.0,99.0,0.83,3.7749982943955036,,2.1,3.661,K4(H)K7(Eetal)K4-M0(Sam),2.31,0.78,3.9,0.81,5.31,Simbad,05 35 14.81,-05 22 38.82,0.8068927287447186,0.055689584892635896
619,620,9075,,,,0.49,8.294998294395503,,4.82,,,,,,,,Simbad,05 35 14.81,-05 23 05.12,0.0,0.0
620,621,9077,,,,0.9,6.3149982943955045,,3.78,3.509,M4(H),2.23,-0.06,2.99,0.14,3.9,Simbad,05 35 14.82,-05 24 11.12,0.17357650357897603,0.055689584892635896
621,622,455,,,98.0,0.4,5.914998294395504,,,,,,,,,,Simbad,05 35 14.84,-05 23 28.42,0.2362665720741045,0.055689584892635896
622,623,456,,1844.0,4.0,0.48,4.094998294395504,,2.41,,,,,,,,Simbad,05 35 14.84,-05 23 38.92,0.6775365162539947,0.055689584892635896
623,624,466,,,99.0,13.28,6.3649982943955035,,2.88,3.518,M3.5(P),0.44,-0.56,1.61,0.21,5.9,Simbad,05 35 14.85,-05 36 38.81,0.16873910038769335,0.055689584892635896
624,625,9079,,,,0.91,7.204998294395503,,3.31,,,,,,,,Simbad,05 35 14.85,-05 24 12.22,0.12144425138126287,0.055689584892635896
625,626,9080,,,,0.92,6.774998294395504,,3.28,3.483,M5.5(H),0.0,-0.63,1.75,0.13,4.79,Simbad,05 35 14.85,-05 24 12.32,0.14500266529959244,0.055689584892635896
626,627,457,,1837.0,79.0,1.43,4.4449982943955035,,1.96,3.661,K3-K4(Sam),1.96,0.42,2.59,0.82,5.69,Simbad,05 35 14.88,-05 21 59.62,0.5645492412099481,0.055689584892635896
627,628,9081,,,,1.09,11.664998294395504,>,3.05,,,,,,,,Simbad,05 35 14.89,-05 22 21.42,0.0,0.0
628,629,459,,,,0.41,4.414998294395504,,,,,,,,,,Simbad,05 35 14.90,-05 23 31.92,0.5733204000461579,0.055689584892635896
629,630,9083,,,,1.63,10.064998294395503,>,4.95,,,,,,,,Simbad,05 35 14.94,-05 21 47.52,0.0,0.0
630,631,9084,,,,2.52,10.614998294395503,>,3.8,,,,,,,,Simbad,05 35 14.94,-05 20 52.72,0.0,0.0
631,632,9085,,,,0.51,9.494998294395502,,3.1,,<M0(H),,,,,,Simbad,05 35 14.98,-05 23 01.02,0.0,0.0
632,633,9086,,,,0.92,7.534998294395503,,4.16,3.471,M6(H),0.58,-0.69,1.72,0.11,4.69,Simbad,05 35 14.98,-05 22 31.52,0.1046292580561838,0.055689584892635896
633,634,464,,1845.0,99.0,0.51,4.914998294395504,,,,,,,,,,Simbad,05 35 15.07,-05 23 45.72,0.43216075900804857,0.055689584892635896
634,635,461,,,,3.15,8.734998294395504,,5.36,,,,,,,,Simbad,05 35 15.09,-05 20 14.42,0.0,0.0
635,636,463,,1841.0,99.0,0.58,4.034998294395503,,2.14,,,,,,,,Simbad,05 35 15.09,-05 22 54.12,0.6987532505129153,0.055689584892635896
636,637,9087,,,,2.59,10.814998294395503,,,,,,,,,,Simbad,05 35 15.09,-05 20 48.32,0.0,0.0
637,638,467,,1838.0,99.0,1.03,4.974998294395505,,2.15,3.602,K7(H),1.44,0.12,2.41,0.4,5.55,Simbad,05 35 15.12,-05 22 23.66,0.4168908271296461,0.055689584892635896
638,639,9088,,,,2.54,10.264998294395506,,2.4,,,,,,,,Simbad,05 35 15.12,-05 20 51.52,0.0,0.0
639,640,468,,1842.0,99.0,0.54,3.414998294395504,,1.66,3.745,G6-G8(H),2.37,0.96,3.26,2.39,6.34,Simbad,05 35 15.15,-05 22 56.42,0.9783863659638493,0.055689584892635896
640,641,5034,,,,7.59,9.424998294395506,,,,,,,,,,Simbad,05 35 15.18,-05 15 47.58,0.0,0.0
641,642,9092,,,,2.91,7.914998294395504,,3.85,3.509,M4(H),2.41,-0.66,1.5,0.18,5.88,Simbad,05 35 15.19,-05 20 29.12,0.0,0.0
642,643,9093,,,,1.48,9.964998294395505,>,5.55,,,,,,,,Simbad,05 35 15.19,-05 21 55.82,0.0,0.0
643,644,462,,,99.0,9.75,7.3149982943955045,,3.54,3.518,M3.5(H),2.13,-0.53,1.67,0.21,5.85,Simbad,05 35 15.23,-05 13 37.82,0.11595520831583915,0.055689584892635896
644,645,469,,,99.0,4.35,6.424998294395504,,2.88,3.494,M4.5-M5.5(H),0.0,-0.56,1.79,0.14,5.01,Simbad,05 35 15.24,-05 19 01.92,0.16530588173128863,0.055689584892635896
645,646,470,,,99.0,1.16,4.454998294395503,,2.63,,late-K:(H)<=K5(P),,,,,,Simbad,05 35 15.24,-05 22 15.22,0.5616554433822106,0.055689584892635896
646,647,472,a,,99.0,0.99,6.754998294395504,,3.28,,,,,,,,Simbad,05 35 15.25,-05 22 25.82,0.14612474581095003,0.055689584892635896
647,648,472,b,,,0.99,6.994998294395504,,3.36,,,,,,,,Simbad,05 35 15.25,-05 22 25.72,0.13253131576972157,0.055689584892635896
648,649,9096,,,,0.99,7.214998294395505,,4.43,,,,,,,,Simbad,05 35 15.29,-05 22 25.42,0.12113259865508845,0.055689584892635896
649,650,473,,,98.0,2.17,6.684998294395504,,3.86,3.535,M2-M3e(H),3.8,0.07,3.1,0.18,4.23,Simbad,05 35 15.30,-05 21 13.62,0.15031384193678674,0.055689584892635896
650,651,5177,,,,0.33,,,,,,,,,,,Simbad,05 35 15.30,-05 23 33.06,0.0,0.0
651,652,475,,1868.0,99.0,0.46,4.854998294395504,,,,,,,,,,Simbad,05 35 15.32,-05 23 45.12,0.44798999995347105,0.055689584892635896
652,653,471,,,96.0,5.74,7.414998294395504,,,,,,,,,,Simbad,05 35 15.33,-05 17 38.82,0.11071425928065064,0.055689584892635896
653,654,3103,,,,2.62,,,,,,,,,,,Simbad,05 35 15.33,-05 25 59.21,0.0,0.0
654,655,477,,,99.0,4.0,6.164998294395504,,3.27,3.535,M2.5(H),2.28,-0.09,2.57,0.21,4.71,Simbad,05 35 15.37,-05 27 22.32,0.19385447655467666,0.055689584892635896
655,656,476,,1861.0,99.0,0.63,5.254998294395504,,2.7,3.544,M2(H),1.21,0.0,2.71,0.22,4.63,Simbad,05 35 15.38,-05 22 48.32,0.3582470271197387,0.055689584892635896
656,657,474,,,99.0,5.77,8.004998294395504,,3.68,3.505,M4-M4.5(H),1.74,-0.84,1.24,0.16,6.06,Simbad,05 35 15.40,-05 17 36.62,0.0,0.0
657,658,483,,,99.0,11.82,6.704998294395503,,3.14,,,,,,,,Simbad,05 35 15.40,-05 35 11.62,0.14915959368342957,0.055689584892635896
658,659,5178,,,,0.34,,,,,,,,,,,Simbad,05 35 15.44,-05 23 36.87,0.0,0.0
659,660,478,,1872.0,99.0,1.87,3.464998294395505,,2.28,3.58,"M0.4(P)K4,K7-M1(Sam)",1.25,0.69,5.1,0.2,3.36,Simbad,05 35 15.45,-05 25 13.82,0.9535667811233676,0.055689584892635896
660,661,491,,,99.0,11.4,6.8149982943955045,,3.75,3.494,M5(H),1.21,-0.43,2.11,0.15,4.67,Simbad,05 35 15.50,-05 34 46.32,0.14278428721830652,0.055689584892635896
661,662,480,,1871.0,99.0,0.7,4.354998294395504,,2.07,,<M0(Sam),,,,,,Simbad,05 35 15.52,-05 24 02.62,0.5927948985304557,0.055689584892635896
662,663,479,,1862.0,99.0,0.49,2.884998294395505,,1.8,3.719,G8-K1(H),2.39,1.16,4.63,2.62,5.75,Simbad,05 35 15.53,-05 22 56.12,0.0,0.0
663,664,9104,,,,0.45,7.884998294395505,,4.18,,,,,,,,Simbad,05 35 15.53,-05 22 58.82,0.0,0.0
664,665,482,,,99.0,2.18,5.174998294395504,,2.38,3.591,K8e(H)<M0(Sam),1.71,0.1,2.47,0.35,5.48,Simbad,05 35 15.58,-05 25 32.72,0.37328233752136986,0.055689584892635896
665,666,486,,,99.0,4.88,7.344998294395504,,3.82,3.5,M4.5(H),1.78,-0.53,1.81,0.16,5.12,Simbad,05 35 15.59,-05 28 15.02,0.11447499180364756,0.055689584892635896
666,667,3032,,,,5.6,8.484998294395504,,,,,,,,,,Simbad,05 35 15.59,-05 17 46.86,0.0,0.0
667,668,9108,,,,1.81,6.494998294395504,,3.16,3.555,M1.5(H),2.8,-0.12,2.25,0.26,5.22,Simbad,05 35 15.61,-05 25 10.42,0.1611124224814569,0.055689584892635896
668,669,485,,,99.0,3.1,6.174998294395504,,2.49,3.555,M1.5(H),1.08,-0.42,1.61,0.33,5.92,Simbad,05 35 15.62,-05 26 27.92,0.1923658831684281,0.055689584892635896
669,670,481,,,99.0,1.73,6.604998294395504,,2.99,3.526,M3(H),1.13,-0.52,1.63,0.23,5.89,Simbad,05 35 15.65,-05 21 39.52,0.1550208485162146,0.055689584892635896
670,671,484,a,,99.0,1.05,7.6949982943955035,,3.18,,,,,,,,Simbad,05 35 15.65,-05 24 24.22,0.0,0.0
671,672,498,,1873.0,99.0,9.61,5.724998294395505,,2.08,,,,,,,,Simbad,05 35 15.67,-05 32 58.82,0.26934852500568957,0.055689584892635896
672,673,484,b,,,1.04,8.794998294395503,,5.91,,,,,,,,Simbad,05 35 15.68,-05 24 24.22,0.0,0.0
673,674,9110,,,,0.83,8.364998294395503,,4.69,,,,,,,,Simbad,05 35 15.69,-05 24 11.02,0.0,0.0
674,675,488,a,1866.0,99.0,0.18,4.1149982943955035,,,3.695,mid-Ke(H)K1(CK),0.0,0.08,1.49,1.29,6.71,Simbad,05 35 15.70,-05 23 22.02,0.6723337662584171,0.055689584892635896
675,676,489,,,96.0,0.19,5.6149982943955035,,,,,,,,,,Simbad,05 35 15.70,-05 23 26.02,0.288698584217703,0.055689584892635896
676,677,501,,1874.0,99.0,9.82,5.164998294395504,,1.82,3.58,M0(H),0.07,-0.28,1.67,0.41,5.91,Simbad,05 35 15.70,-05 33 11.92,0.37520558714029506,0.055689584892635896
677,678,1864,,1864.0,,0.28,0.31499829439550453,,,4.14,B5-B8+G0-G5(Par),0.0,2.42,2.83,4.13,,Simbad,05 35 15.71,-05 23 09.57,0.0,0.0
678,679,492,,1860.0,99.0,0.64,5.744998294395504,,3.28,3.526,M3e(H),1.88,0.01,2.99,0.17,4.25,Simbad,05 35 15.74,-05 22 45.42,0.265910178940527,0.055689584892635896
679,680,1865,,1865.0,99.0,0.22,-1.7750017056044962,,0.42,4.471,O9(WSH)B2(Par)B0.5V(LA)O9V(vA)B1(J)B1(S)B1.5(T),1.89,4.5,6.75,18.91,,Simbad,05 35 15.75,-05 23 14.15,0.0,0.0
680,681,490,,,99.0,2.71,6.9449982943955035,,4.1,3.494,M5(H),2.11,-0.26,2.55,0.15,4.26,Simbad,05 35 15.77,-05 20 40.22,0.1352838432726335,0.055689584892635896
681,682,494,,,0.0,0.38,5.474998294395505,,2.36,3.602,K7(H),1.98,0.06,2.23,0.41,5.63,Simbad,05 35 15.77,-05 23 01.72,0.31505487326122356,0.055689584892635896
682,683,502,,,99.0,5.5,5.394998294395505,,2.57,3.535,M2.5(H),0.49,-0.22,2.21,0.23,5.09,Simbad,05 35 15.79,-05 28 52.42,0.3299688197102012,0.055689584892635896
683,684,9114,,,,2.02,10.894998294395505,,,,,,,,,,Simbad,05 35 15.79,-05 21 21.82,0.0,0.0
684,685,9116,,,,1.15,10.794998294395503,>,3.82,3.471,M5.5-M7(H),0.0,-2.14,0.33,0.04,6.74,Simbad,05 35 15.81,-05 24 30.72,0.0,0.0
685,686,9118,,,99.0,0.93,8.404998294395503,,2.3,,cont+emis(H),,,,,,Simbad,05 35 15.83,-05 24 17.42,0.0,0.0
686,687,496,,,0.0,1.04,6.154998294395504,,2.77,3.602,K7e(H),3.03,0.04,2.19,0.42,5.64,Simbad,05 35 15.84,-05 22 20.72,0.1953545891886893,0.055689584892635896
687,688,9119,,,,0.82,8.084998294395506,,4.43,3.535,M2.5:e(H),5.26,-0.13,2.45,0.22,4.83,Simbad,05 35 15.84,-05 22 33.82,0.0,0.0
688,689,487,,1858.0,99.0,8.4,4.704998294395503,,1.78,3.623,K6(H),0.87,0.07,2.06,0.56,5.78,Simbad,05 35 15.85,-05 14 58.82,0.4863825794317657,0.055689584892635896
689,690,499,,1869.0,99.0,0.47,3.3649982943955035,,2.34,3.719,K0:e(H)G5:(HT),3.78,1.3,5.48,2.84,5.62,Simbad,05 35 15.85,-05 23 49.42,1.0038519588279415,0.055689584892635896
690,691,493,,,99.0,6.42,6.774998294395504,,3.74,,,,,,,,Simbad,05 35 15.86,-05 16 57.42,0.14500266529959244,0.055689584892635896
691,692,503,,1870.0,99.0,0.52,4.244998294395504,,2.16,3.806,F2-F7e(H),4.33,1.18,3.17,1.98,6.71,Simbad,05 35 15.89,-05 23 52.52,0.6288843662740405,0.055689584892635896
692,693,497,,,99.0,2.22,5.544998294395505,,3.44,,<=K5(P),,,,,,Simbad,05 35 15.90,-05 21 09.62,0.3008150080750705,0.055689584892635896
693,694,500,,,99.0,1.6,6.724998294395505,,3.71,3.483,M5.5(H),0.34,-0.52,1.97,0.13,4.6,Simbad,05 35 15.90,-05 21 46.72,0.14801420881226798,0.055689584892635896
694,695,9122,,,,3.03,8.164998294395504,,4.89,3.555,M1.5(H),7.24,0.29,3.62,0.2,3.99,Simbad,05 35 15.91,-05 20 20.67,0.0,0.0
695,696,514,,1898.0,0.0,15.87,2.3249982943955043,,0.94,3.736,G6(H)G8IV-V(Petal),0.41,0.91,3.21,2.36,6.27,Simbad,05 35 15.92,-05 39 14.82,0.0,0.0
696,697,504,a,1859.0,,2.77,5.4849982943955045,,2.41,,,,,,,,Simbad,05 35 15.96,-05 20 36.42,0.31263559149390385,0.055689584892635896
697,698,504,b,1859.0,99.0,2.77,5.554998294395505,,2.19,3.661,K2-K4(Sam),2.55,0.12,1.83,0.92,6.17,Simbad,05 35 15.96,-05 20 36.32,0.2992730738142913,0.055689584892635896
698,699,9124,,,,2.47,7.394998294395505,,4.07,3.509,M4(H),2.98,-0.31,2.24,0.17,4.75,Simbad,05 35 15.96,-05 25 50.52,0.11185805674661059,0.055689584892635896
699,700,1863,b,1863.0,,0.29,2.914998294395504,,,,,,,,,,Simbad,05 35 15.97,-05 23 06.20,1.284691191058126,0.055689584892635896
700,701,505,,,93.0,0.81,6.4449982943955035,,3.69,3.544,M2(H),3.75,0.14,3.2,0.2,4.21,Simbad,05 35 16.01,-05 24 10.62,0.16403651077516443,0.055689584892635896
701,702,1863,a,1863.0,99.0,0.29,-0.785001705604496,,-0.04,4.272,B4(Par)B3V(LA)B0V(vA)B3(J)B3(S)B6n(T),0.49,3.28,4.15,7.18,,Simbad,05 35 16.03,-05 23 06.38,0.0,0.0
702,703,3016,,,,7.58,8.684998294395504,,3.79,,,,,,,,Simbad,05 35 16.04,-05 15 47.90,0.0,0.0
703,704,495,,,99.0,14.06,6.454998294395503,,3.02,,,,,,,,Simbad,05 35 16.06,-05 09 18.92,0.16361555692025756,0.055689584892635896
704,705,506,,,,2.2,7.794998294395505,,4.63,,,,,,,,Simbad,05 35 16.08,-05 21 10.42,0.0,0.0
705,706,9128,,,,0.46,9.344998294395504,>,4.47,,,,,,,,Simbad,05 35 16.08,-05 22 55.22,0.0,0.0
706,707,507,,,95.0,1.84,6.804998294395505,,3.19,3.526,M3e(H),1.65,-0.47,1.72,0.23,5.8,Simbad,05 35 16.09,-05 21 32.22,0.14351994974068716,0.055689584892635896
707,708,509,a,,99.0,1.55,6.974998294395505,,3.42,,,,,,,,Simbad,05 35 16.09,-05 24 55.42,0.13355688868772642,0.055689584892635896
708,709,509,b,,,1.54,7.584998294395504,,3.64,,,,,,,,Simbad,05 35 16.12,-05 24 55.02,0.10223739963291663,0.055689584892635896
709,710,9132,,,,0.76,6.744998294395504,,4.16,3.518,M3.5(H),3.72,0.09,3.4,0.11,3.42,Simbad,05 35 16.13,-05 22 37.32,0.14687761926208237,0.055689584892635896
710,711,3117,,,,5.18,8.604998294395505,,,,,,,,,,Simbad,05 35 16.16,-05 28 33.42,0.0,0.0
711,712,517,,,99.0,7.63,6.954998294395503,,3.22,3.5,M4.5(H),0.24,-0.75,1.4,0.15,5.67,Simbad,05 35 16.17,-05 31 00.32,0.1349366751021871,0.055689584892635896
712,713,518,,,99.0,8.65,6.964998294395505,,3.61,3.483,M5.5(H),0.08,-0.68,1.64,0.12,4.89,Simbad,05 35 16.18,-05 32 01.72,0.134245009205239,0.055689584892635896
713,714,512,,,99.0,0.11,4.214998294395505,,,,cont(H),,,,,,Simbad,05 35 16.19,-05 23 16.52,0.6386550722878804,0.055689584892635896
714,715,5056,,,,5.65,9.074998294395504,,,,,,,,,,Simbad,05 35 16.20,-05 17 43.83,0.0,0.0
715,716,510,,,95.0,2.96,7.1949982943955035,,3.93,3.494,M5(H),1.67,-0.46,2.01,0.14,4.77,Simbad,05 35 16.21,-05 20 25.02,0.12206996437840219,0.055689584892635896
716,717,511,b,,,1.21,9.904998294395503,,,3.544,M1.5-M2e(H),0.0,-2.16,0.23,0.22,8.19,Simbad,05 35 16.21,-05 22 09.82,0.0,0.0
717,718,508,,,99.0,7.74,6.184998294395504,,2.84,3.571,K7-M1(H),2.47,-0.1,2.15,0.31,5.58,Simbad,05 35 16.22,-05 15 37.92,0.19137984344999617,0.055689584892635896
718,719,9135,,,,2.23,6.934998294395504,,4.63,3.5,M4.5(H),3.86,0.14,3.91,0.14,3.25,Simbad,05 35 16.22,-05 21 09.02,0.13598086151825553,0.055689584892635896
719,720,511,a,,99.0,1.22,7.584998294395504,,3.8,,,,,,,,Simbad,05 35 16.23,-05 22 09.52,0.10223739963291663,0.055689584892635896
720,721,513,,,99.0,0.57,6.0649982943955045,,2.94,3.555,M1.5e(H),2.24,-0.09,2.34,0.26,5.1,Simbad,05 35 16.24,-05 22 48.52,0.20938890724578588,0.055689584892635896
721,722,516,,,99.0,1.78,6.254998294395504,,2.95,3.555,M1.5(H),2.26,-0.16,2.16,0.27,5.38,Simbad,05 35 16.26,-05 25 09.32,0.1817932013636544,0.055689584892635896
722,723,515,,1895.0,99.0,0.67,3.8149982943955045,,2.16,3.602,K4-K7(H)<M0(Sam),1.47,0.59,4.14,0.3,4.08,Simbad,05 35 16.27,-05 24 02.72,0.7904754362281722,0.055689584892635896
723,724,9138,,,,0.98,9.404998294395503,>,3.51,,cont+emis(H),,,,,,Simbad,05 35 16.27,-05 22 23.72,0.0,0.0
724,725,9140,,,99.0,1.02,7.794998294395505,,4.02,,>=M2(H),,,,,,Simbad,05 35 16.28,-05 22 21.32,0.0,0.0
725,726,9142,,,,1.53,7.964998294395505,,4.27,3.535,M2.5(H),4.85,-0.18,2.31,0.22,4.99,Simbad,05 35 16.31,-05 21 50.72,0.0,0.0
726,727,519,a,,99.0,0.8,6.214998294395505,,3.47,3.509,M4(H),1.44,-0.22,2.5,0.16,4.42,Simbad,05 35 16.41,-05 22 34.81,0.1870048387992548,0.055689584892635896
727,728,1891,,1891.0,92.0,0.0,-3.275001705604496,,0.33,4.603,O7(WSH)<09(H)O7(Par)O6:(LA)O7V(vA)O6(J)O9(T)O6(S),1.74,5.4,10.38,45.7,,Simbad,05 35 16.41,-05 23 22.55,0.0,0.0
728,729,519,b,,,0.79,9.424998294395506,,2.36,,,,,,,,Simbad,05 35 16.44,-05 22 35.32,0.0,0.0
729,730,9145,,,,2.7,9.994998294395502,,5.05,,,,,,,,Simbad,05 35 16.46,-05 20 40.42,0.0,0.0
730,731,521,,,86.0,0.71,6.2349982943955045,,4.16,3.58,M0(H),6.07,0.76,5.52,0.19,3.17,Simbad,05 35 16.48,-05 24 05.42,0.18414387459125517,0.055689584892635896
731,732,520,,,99.0,3.78,6.9449982943955035,,2.81,3.58,M0e(H),2.61,-0.37,1.5,0.44,6.07,Simbad,05 35 16.50,-05 19 35.52,0.1352838432726335,0.055689584892635896
732,733,527,,1897.0,99.0,9.42,4.924998294395504,,2.09,3.571,M0.5(H),0.55,-0.06,2.24,0.3,5.49,Simbad,05 35 16.51,-05 32 47.72,0.42994556540869017,0.055689584892635896
733,734,9147,,,99.0,1.92,6.534998294395503,,3.14,3.544,M2(H),2.34,-0.24,2.07,0.25,5.38,Simbad,05 35 16.52,-05 25 17.82,0.15905575532920044,0.055689584892635896
734,735,9148,,,,2.12,9.144998294395505,,4.91,,G-K:(H),,,,,,Simbad,05 35 16.52,-05 21 15.42,0.0,0.0
735,736,522,,,,5.99,9.134998294395503,,,,,,,,,,Simbad,05 35 16.53,-05 17 23.02,0.0,0.0
736,737,9149,,,,1.86,11.174998294395506,,,,,,,,,,Simbad,05 35 16.56,-05 21 30.82,0.0,0.0
737,738,3052,,,,3.05,8.214998294395505,,,,,,,,,,Simbad,05 35 16.63,-05 20 19.59,0.0,0.0
738,739,524,,1890.0,99.0,0.12,4.1149982943955035,,,,,,,,,,Simbad,05 35 16.65,-05 23 16.22,0.6723337662584171,0.055689584892635896
739,740,9151,,,,0.86,6.9449982943955035,,3.07,3.509,M4(H),0.41,-0.76,1.34,0.17,6.03,Simbad,05 35 16.65,-05 22 31.09,0.1352838432726335,0.055689584892635896
740,741,523,,,99.0,6.49,7.7349982943955045,,3.75,3.5,M4.5(H),1.6,-0.73,1.43,0.15,5.6,Simbad,05 35 16.68,-05 16 53.22,0.0,0.0
741,742,3031,,,,6.1,8.304998294395505,,,,,,,,,,Simbad,05 35 16.68,-05 17 16.37,0.0,0.0
742,743,526,b,1896.0,,0.69,5.3149982943955045,,2.18,,,,,,,,Simbad,05 35 16.69,-05 24 03.92,0.34647789549606456,0.055689584892635896
743,744,526,a,1896.0,98.0,0.69,3.7849982943955034,,1.9,3.623,K6(H)K6(Eetal)K4III(Ham)K2-K3(Sam),1.17,0.52,3.43,0.47,4.95,Simbad,05 35 16.70,-05 24 04.02,0.8027567132208039,0.055689584892635896
744,745,1892,,1892.0,,0.1,1.1149982943955035,,,4.053,B8(Par),0.0,1.84,2.17,2.63,6.67,Simbad,05 35 16.72,-05 23 25.98,0.0,0.0
745,746,529,,1886.0,99.0,1.01,4.3149982943955045,,2.5,3.58,M0(Sam),1.81,0.49,4.04,0.23,3.91,Simbad,05 35 16.78,-05 22 22.12,0.6051065869213419,0.055689584892635896
746,747,525,,,99.0,6.33,9.044998294395503,,,3.526,>=M3e(H),0.0,-1.77,0.39,0.17,7.29,Simbad,05 35 16.79,-05 17 02.92,0.0,0.0
747,748,9153,,,,0.29,8.334998294395506,,4.21,,,,,,,,Simbad,05 35 16.81,-05 23 06.42,0.0,0.0
748,749,535,,,99.0,2.4,6.384998294395505,,3.05,3.535,M2.5(H),1.72,-0.31,1.98,0.23,5.4,Simbad,05 35 16.84,-05 25 46.62,0.16744336601362644,0.055689584892635896
749,750,3055,,,,2.39,6.854998294395504,,,,,,,,,,Simbad,05 35 16.85,-05 20 59.56,0.14059984783257048,0.055689584892635896
750,751,9155,,,,1.23,9.704998294395503,,,,,,,,,,Simbad,05 35 16.86,-05 22 09.12,0.0,0.0
751,752,532,,,99.0,0.58,7.4449982943955035,,3.62,,,,,,,,Simbad,05 35 16.87,-05 22 48.22,0.1093009456649664,0.055689584892635896
752,753,533,,1888.0,99.0,0.38,4.534998294395503,,2.44,3.58,M0(H),1.66,0.36,3.5,0.25,4.26,Simbad,05 35 16.87,-05 23 00.62,0.5362697138677195,0.055689584892635896
753,754,531,,1885.0,99.0,1.63,1.8149982943955045,,0.65,3.975,A0(WSH)A2V(Par)A2:V(GS)A2(T),1.56,1.71,2.69,2.49,6.66,Simbad,05 35 16.88,-05 21 45.02,0.0,0.0
754,755,534,,1894.0,99.0,0.26,4.574998294395504,,1.43,3.544,M2e(H),0.0,-0.03,2.64,0.22,4.7,Simbad,05 35 16.88,-05 23 36.62,0.5240104160758072,0.055689584892635896
755,756,528,,,99.0,7.64,6.884998294395505,,3.97,,,,,,,,Simbad,05 35 16.90,-05 15 44.12,0.1388050322361332,0.055689584892635896
756,757,536,,1887.0,99.0,0.84,4.354998294395504,,2.16,3.708,K0-K2(H)<M0(Sam),3.16,0.76,3.06,1.79,5.96,Simbad,05 35 16.90,-05 22 32.72,0.5927948985304557,0.055689584892635896
757,758,9158,,,,1.04,8.354998294395505,,4.43,3.602,K7(H),7.29,0.2,2.63,0.39,5.46,Simbad,05 35 16.91,-05 22 20.62,0.0,0.0
758,759,5081,,,,3.18,8.334998294395506,,,,,,,,,,Simbad,05 35 16.93,-05 20 11.75,0.0,0.0
759,760,537,,,90.0,0.31,5.264998294395504,,,3.591,K8e(H),0.0,-0.35,1.47,0.51,6.17,Simbad,05 35 16.95,-05 23 39.32,0.35549607617606416,0.055689584892635896
760,761,538,,1893.0,99.0,0.23,3.414998294395504,,1.89,3.708,K0-K2(H),2.47,0.96,3.88,1.93,5.73,Simbad,05 35 16.96,-05 23 33.72,0.9783863659638493,0.055689584892635896
761,762,543,,,99.0,5.59,8.964998294395505,,,,,,,,,,Simbad,05 35 16.96,-05 28 57.82,0.0,0.0
762,763,9163,,,,1.99,7.744998294395504,,4.05,3.518,M3.5(H),3.44,-0.38,1.98,0.2,5.22,Simbad,05 35 17.00,-05 21 23.72,0.0,0.0
763,764,539,,,99.0,0.57,5.964998294395505,,,,,,,,,,Simbad,05 35 17.01,-05 22 49.82,0.2273334601691593,0.055689584892635896
764,765,540,,,99.0,1.6,6.464998294395505,,4.08,3.494,M5(H),2.06,-0.08,3.14,0.15,3.81,Simbad,05 35 17.01,-05 24 58.12,0.16277688721947972,0.055689584892635896
765,766,530,,,99.0,10.72,7.214998294395505,,3.44,3.494,M5(H),0.41,-0.78,1.4,0.13,5.42,Simbad,05 35 17.04,-05 12 39.22,0.12113259865508845,0.055689584892635896
766,767,546,,,99.0,3.38,7.204998294395503,,,,,,,,,,Simbad,05 35 17.06,-05 26 45.22,0.12144425138126287,0.055689584892635896
767,768,544,,1884.0,99.0,1.86,2.7349982943955045,,2.22,3.67,K4-K7(H)K5:III(HT)K7(Eetal)K4III(Ham)K3(Sam),2.76,1.3,6.84,1.19,4.8,Simbad,05 35 17.11,-05 21 31.42,0.0,0.0
768,769,542,,,99.0,2.92,5.254998294395504,,2.2,3.526,M3(H),0.0,-0.25,2.21,0.21,5.03,Simbad,05 35 17.12,-05 20 27.52,0.3582470271197387,0.055689584892635896
769,770,1889,,1889.0,99.0,0.21,-1.785001705604496,,0.4,4.42,B1(Par)B0.5V(LA)B0Vp(vA)B1(J)B1(S)B1.5(T),1.79,4.35,7.21,16.63,,Simbad,05 35 17.15,-05 23 16.79,0.0,0.0
770,771,9171,,,,1.04,7.004998294395504,,3.17,3.562,M0.5-M1.5(H),3.06,-0.27,1.84,0.32,5.79,Simbad,05 35 17.18,-05 24 24.12,0.13185197939711457,0.055689584892635896
771,772,548,,1909.0,99.0,0.81,5.824998294395504,,2.38,,<=K5(H)<=K5(P)<M0(Sam)cont+emis(CK),,,,,,Simbad,05 35 17.25,-05 22 35.32,0.25194194454595426,0.055689584892635896
772,773,547,,,97.0,3.14,6.804998294395505,,2.67,3.571,M0.5(H),2.03,-0.45,1.43,0.42,6.12,Simbad,05 35 17.26,-05 20 14.72,0.14351994974068716,0.055689584892635896
773,774,549,,,99.0,0.66,7.134998294395505,,3.57,3.661,K2-K7(H)-PCygni-Paschen-lines,6.08,0.35,2.39,0.84,5.79,Simbad,05 35 17.26,-05 23 59.82,0.12524722044199446,0.055689584892635896
774,775,541,,,99.0,10.89,7.414998294395504,,3.36,3.471,M6(H),0.0,-0.79,1.54,0.1,4.79,Simbad,05 35 17.27,-05 12 29.42,0.11071425928065064,0.055689584892635896
775,776,551,b,,,2.37,6.274998294395504,,2.56,,,,,,,,Simbad,05 35 17.28,-05 25 44.22,0.17901196936078953,0.055689584892635896
776,777,551,a,,99.0,2.37,5.784998294395503,,2.73,3.562,M1(H)<M0(Sam),1.93,-0.05,2.36,0.27,5.14,Simbad,05 35 17.29,-05 25 44.22,0.2584995287564358,0.055689584892635896
777,778,555,,,99.0,7.4,8.354998294395505,,3.32,3.509,M4(H),1.05,-1.16,0.84,0.15,6.37,Simbad,05 35 17.31,-05 30 46.32,0.0,0.0
778,779,9175,,,,0.38,8.554998294395505,,,3.494,M4-M6(H),0.0,-1.42,0.67,0.11,6.44,Simbad,05 35 17.32,-05 23 04.22,0.0,0.0
779,780,9176,,,99.0,0.88,7.594998294395504,,4.21,3.494,M5(H),2.39,-0.45,2.05,0.15,4.73,Simbad,05 35 17.32,-05 24 13.72,0.10171334549666944,0.055689584892635896
780,781,9178,,,99.0,0.39,9.674998294395506,,,,,,,,,,Simbad,05 35 17.33,-05 23 41.12,0.0,0.0
781,782,556,,,99.0,7.04,6.224998294395505,,2.49,,,,,,,,Simbad,05 35 17.34,-05 30 24.92,0.1855688432464024,0.055689584892635896
782,783,5047,,,,6.44,8.924998294395506,,,,,,,,,,Simbad,05 35 17.35,-05 16 56.45,0.0,0.0
783,784,545,,,99.0,13.56,7.164998294395504,,3.42,3.494,M5(H),0.36,-0.77,1.41,0.13,5.41,Simbad,05 35 17.37,-05 09 49.02,0.12364838752627612,0.055689584892635896
784,785,9179,,,,0.94,7.384998294395505,,4.32,3.494,M5e(H),2.67,-0.3,2.44,0.15,4.35,Simbad,05 35 17.40,-05 24 17.22,0.11243437912618026,0.055689584892635896
785,786,550,,,99.0,5.72,6.584998294395504,,4.21,3.679,K2-K3(H),8.0,1.04,4.85,1.22,5.26,Simbad,05 35 17.41,-05 17 39.82,0.1558195570482442,0.055689584892635896
786,787,9180,,,,0.25,5.1949982943955035,,2.54,3.591,K7-K8e(H),2.12,0.19,2.75,0.32,4.96,Simbad,05 35 17.41,-05 23 20.52,0.3694653626501568,0.055689584892635896
787,788,9181,,,99.0,0.59,7.414998294395504,,3.21,,,,,,,,Simbad,05 35 17.43,-05 22 50.72,0.11071425928065064,0.055689584892635896
788,789,557,,,99.0,2.35,6.094998294395504,,2.68,3.591,K8(H),2.48,-0.08,2.01,0.39,5.72,Simbad,05 35 17.44,-05 25 42.42,0.20460220961608844,0.055689584892635896
789,790,554,,,93.0,0.26,5.714998294395505,,,,,,,,,,Simbad,05 35 17.45,-05 23 24.32,0.2707362800532897,0.055689584892635896
790,791,552,a,1908.0,99.0,1.65,6.414998294395504,,2.65,,,,,,,,Simbad,05 35 17.49,-05 21 44.82,0.16573118449261148,0.055689584892635896
791,792,552,b,1908.0,,1.64,7.874998294395505,,3.25,,,,,,,,Simbad,05 35 17.50,-05 21 45.22,0.0,0.0
792,793,553,a,1911.0,99.0,0.52,4.324998294395504,,2.5,3.67,K3-K4(H),3.48,0.84,4.02,0.95,5.33,Simbad,05 35 17.50,-05 22 56.22,0.6020048980004077,0.055689584892635896
793,794,553,b,1911.0,,0.52,6.844998294395504,,1.92,,,,,,,,Simbad,05 35 17.53,-05 22 56.32,0.14096158634361733,0.055689584892635896
794,795,558,,,98.0,0.42,7.644998294395505,,2.56,,<K6(H),,,,,,Simbad,05 35 17.58,-05 23 40.72,0.0,0.0
795,796,565,,,99.0,8.66,6.414998294395504,,2.95,3.509,M4(H),0.1,-0.62,1.57,0.18,5.73,Simbad,05 35 17.58,-05 32 02.02,0.16573118449261148,0.055689584892635896
796,797,559,,,99.0,1.55,6.604998294395504,,4.17,3.483,M5.5e(H),1.52,-0.19,2.91,0.16,3.97,Simbad,05 35 17.59,-05 24 53.82,0.1550208485162146,0.055689584892635896
797,798,9187,,,,1.29,8.124998294395505,,4.34,,>=M2(H),,,,,,Simbad,05 35 17.59,-05 22 07.22,0.0,0.0
798,799,9188,,,,0.6,7.844998294395504,,3.73,,,,,,,,Simbad,05 35 17.60,-05 22 51.02,0.0,0.0
799,800,9189,,,,1.83,8.294998294395503,,2.33,,,,,,,,Simbad,05 35 17.60,-05 25 10.92,0.0,0.0
800,801,9191,,,,2.32,11.044998294395503,,,,,,,,,,Simbad,05 35 17.63,-05 25 40.32,0.0,0.0
801,802,9192,,,99.0,1.37,7.534998294395503,,4.05,3.46,M6.5e(H),0.0,-0.73,1.72,0.1,4.52,Simbad,05 35 17.64,-05 24 42.72,0.1046292580561838,0.055689584892635896
802,803,9194,,,,0.34,8.254998294395504,,,,,,,,,,Simbad,05 35 17.67,-05 23 14.22,0.0,0.0
803,804,9195,,,,0.45,9.344998294395504,,,,,,,,,,Simbad,05 35 17.69,-05 23 41.92,0.0,0.0
804,805,9196,,,,0.48,7.464998294395505,,4.38,,,,,,,,Simbad,05 35 17.70,-05 23 43.62,0.10818329577621665,0.055689584892635896
805,806,562,,1912.0,17.0,0.35,4.924998294395504,,2.67,3.58,M0(H),2.25,0.35,3.45,0.25,4.29,Simbad,05 35 17.71,-05 23 15.12,0.42994556540869017,0.055689584892635896
806,807,9197,,,,0.92,11.084998294395506,,,,,,,,,,Simbad,05 35 17.71,-05 22 31.02,0.0,0.0
807,808,9198,,,,1.34,8.654998294395503,,4.91,,,,,,,,Simbad,05 35 17.72,-05 24 40.72,0.0,0.0
808,809,9199,,,,1.17,7.284998294395503,,4.69,,,,,,,,Simbad,05 35 17.72,-05 24 30.12,0.11745456473700515,0.055689584892635896
809,810,561,,1907.0,99.0,2.5,4.914998294395504,,2.33,,<M0(Sam),,,,,,Simbad,05 35 17.74,-05 20 53.92,0.43216075900804857,0.055689584892635896
810,811,571,,,99.0,7.31,8.134998294395503,,3.54,3.526,M0-M3e(H),2.55,-0.78,1.2,0.22,6.17,Simbad,05 35 17.76,-05 30 40.42,0.0,0.0
811,812,560,,,98.0,7.84,6.084998294395504,,3.37,,,,,,,,Simbad,05 35 17.81,-05 15 32.62,0.2061854919062213,0.055689584892635896
812,813,9201,,,,0.48,6.324998294395504,,2.43,3.591,K8(H),1.84,-0.33,1.51,0.49,6.12,Simbad,05 35 17.81,-05 23 02.52,0.172243623163584,0.055689584892635896
813,814,569,,,92.0,2.0,6.634998294395505,,4.21,3.518,M3.5(H),3.85,0.16,3.71,0.09,3.11,Simbad,05 35 17.83,-05 25 20.62,0.15304194284185593,0.055689584892635896
814,815,567,,1910.0,99.0,0.72,1.5749982943955043,,1.73,3.661,late-G(H)K3-4(HT)K4III(Ham)K2-K3(Sam),1.36,1.43,8.23,1.04,3.77,Simbad,05 35 17.84,-05 22 45.12,0.0,0.0
815,816,3054,,,,2.58,7.834998294395504,,,3.509,M4(H),0.0,-1.21,0.79,0.15,6.41,Simbad,05 35 17.85,-05 20 49.02,0.0,0.0
816,817,579,,,99.0,11.89,6.934998294395504,,3.1,3.526,M3(H),1.42,-0.58,1.52,0.23,5.98,Simbad,05 35 17.86,-05 35 15.52,0.13598086151825553,0.055689584892635896
817,818,563,,,99.0,7.74,6.884998294395505,,3.4,3.591,K7-M0(H),4.33,0.06,2.35,0.36,5.54,Simbad,05 35 17.87,-05 15 38.52,0.1388050322361332,0.055689584892635896
818,819,564,,,99.0,6.64,8.144998294395505,,,,,,,,,,Simbad,05 35 17.87,-05 16 44.92,0.0,0.0
819,820,570,a,,99.0,2.22,6.644998294395505,,3.12,,cont(H),,,,,,Simbad,05 35 17.87,-05 25 34.12,0.15264920347244804,0.055689584892635896
820,821,570,b,,,2.22,7.1949982943955035,,3.53,,,,,,,,Simbad,05 35 17.87,-05 25 33.92,0.12206996437840219,0.055689584892635896
821,822,573,,,99.0,3.48,7.804998294395505,,2.83,3.5,M4.5(H),0.0,-1.15,0.89,0.13,6.29,Simbad,05 35 17.87,-05 26 50.32,0.0,0.0
822,823,577,,,99.0,7.15,7.214998294395505,,3.58,3.483,M5.5(H),0.0,-0.8,1.43,0.11,5.11,Simbad,05 35 17.88,-05 30 31.12,0.12113259865508845,0.055689584892635896
823,824,9204,,,,1.77,7.834998294395504,,4.56,3.58,M0(H),7.1,0.37,3.52,0.25,4.24,Simbad,05 35 17.88,-05 25 06.72,0.0,0.0
824,825,9206,,,,0.42,8.094998294395504,,4.75,,,,,,,,Simbad,05 35 17.89,-05 23 34.92,0.0,0.0
825,826,9208,,,,0.42,7.844998294395504,,4.19,,,,,,,,Simbad,05 35 17.89,-05 23 34.82,0.0,0.0
826,827,566,,,0.0,7.17,6.844998294395504,,3.74,,,,,,,,Simbad,05 35 17.90,-05 16 13.12,0.14096158634361733,0.055689584892635896
827,828,576,,,99.0,6.21,4.9849982943955045,,2.28,3.555,M1.5(H),0.55,-0.07,2.39,0.26,5.03,Simbad,05 35 17.90,-05 29 34.22,0.4136895550255281,0.055689584892635896
828,829,9209,,,,1.34,7.214998294395505,,3.76,,cont+emis(H),,,,,,Simbad,05 35 17.94,-05 22 05.32,0.12113259865508845,0.055689584892635896
829,830,575,,,94.0,0.75,6.214998294395505,,3.6,,,,,,,,Simbad,05 35 17.96,-05 24 00.82,0.1870048387992548,0.055689584892635896
830,831,9210,,,,0.78,7.5649982943955045,,5.53,,,,,,,,Simbad,05 35 17.97,-05 24 03.02,0.10329362201462479,0.055689584892635896
831,832,9211,,,99.0,0.41,8.824998294395504,>,2.49,,,,,,,,Simbad,05 35 17.97,-05 23 30.22,0.0,0.0
832,833,568,,,99.0,7.62,7.384998294395505,,3.47,3.518,M3.5(H),1.95,-0.6,1.54,0.2,5.97,Simbad,05 35 17.98,-05 15 46.02,0.11243437912618026,0.055689584892635896
833,834,580,,,99.0,5.05,7.474998294395505,,2.11,,M1::e(H),,,,,,Simbad,05 35 18.00,-05 28 24.52,0.10762876383557718,0.055689584892635896
834,835,574,,,99.0,6.82,6.7349982943955045,,2.88,3.5,M4.5(H),0.0,-0.72,1.45,0.15,5.57,Simbad,05 35 18.10,-05 16 33.92,0.14725550936734935,0.055689584892635896
835,836,581,,1913.0,99.0,0.47,3.4949982943955042,,2.35,,<M0(Sam),,,,,,Simbad,05 35 18.10,-05 23 35.42,0.936568654006576,0.055689584892635896
836,837,9213,,,,1.2,7.354998294395504,,4.2,,,,,,,,Simbad,05 35 18.11,-05 24 29.92,0.11388820953838107,0.055689584892635896
837,838,572,,,81.0,10.27,5.834998294395504,,3.28,,,,,,,,Simbad,05 35 18.12,-05 13 07.02,0.25000730202938626,0.055689584892635896
838,839,582,,,99.0,0.44,6.874998294395505,,3.69,3.544,M2(H),3.75,-0.03,2.62,0.22,4.71,Simbad,05 35 18.12,-05 23 15.22,0.13952019258131768,0.055689584892635896
839,840,583,,,0.0,2.24,6.394998294395505,,1.7,3.562,M1(H),0.0,-0.77,1.03,0.42,6.58,Simbad,05 35 18.12,-05 25 34.64,0.16701366941700335,0.055689584892635896
840,841,9214,,,99.0,0.45,9.284998294395505,,3.63,,,,,,,,Simbad,05 35 18.12,-05 23 30.92,0.0,0.0
841,842,3083,,,99.0,0.94,7.094998294395504,,,,,,,,,,Simbad,05 35 18.13,-05 24 12.55,0.12719313265673068,0.055689584892635896
842,843,9215,,,,0.58,10.824998294395504,,,,,,,,,,Simbad,05 35 18.13,-05 23 45.72,0.0,0.0
843,844,590,,,99.0,6.53,7.124998294395505,,3.77,3.518,M3.5(H),2.72,-0.31,2.16,0.2,5.03,Simbad,05 35 18.16,-05 29 53.42,0.1255694593614092,0.055689584892635896
844,845,591,,,99.0,5.41,5.904998294395504,,2.8,,,,,,,,Simbad,05 35 18.19,-05 28 45.82,0.23748388012495833,0.055689584892635896
845,846,9219,,,,1.34,8.104998294395505,,3.44,3.535,M2.5(H),2.72,-0.76,1.19,0.26,6.2,Simbad,05 35 18.19,-05 24 38.42,0.0,0.0
846,847,9220,,,,0.52,7.504998294395504,,4.6,3.509,M4(H),4.34,-0.02,3.12,0.14,3.78,Simbad,05 35 18.22,-05 23 06.82,0.10625483785389761,0.055689584892635896
847,848,588,,,99.0,0.83,7.834998294395504,,3.54,3.526,M3(H),2.55,-0.66,1.38,0.23,6.06,Simbad,05 35 18.23,-05 24 04.42,0.0,0.0
848,849,3140,,,,8.33,7.6949982943955035,,2.3,,,,,,,,Simbad,05 35 18.23,-05 31 41.65,0.0,0.0
849,850,9221,,,,1.35,8.634998294395503,,3.89,,,,,,,,Simbad,05 35 18.24,-05 24 38.52,0.0,0.0
850,851,584,,,99.0,3.14,7.204998294395503,,3.03,3.5,M4.5(H),0.0,-0.91,1.17,0.14,6.07,Simbad,05 35 18.26,-05 20 16.32,0.12144425138126287,0.055689584892635896
851,852,589,,1925.0,99.0,0.89,3.214998294395505,,2.12,3.719,K0(H)G8-K0:(HT)K1IV(Ham)M0(Eetal),3.21,1.23,5.01,2.73,5.69,Simbad,05 35 18.26,-05 22 37.02,1.087084828527687,0.055689584892635896
852,853,9222,,,,1.16,8.044998294395503,,3.84,,,,,,,,Simbad,05 35 18.26,-05 24 26.42,0.0,0.0
853,854,586,,,91.0,3.08,7.914998294395504,,,,,,,,,,Simbad,05 35 18.28,-05 20 19.92,0.0,0.0
854,855,9224,,,99.0,1.16,7.074998294395504,,3.95,3.535,M2.5(H),4.03,-0.03,2.76,0.2,4.53,Simbad,05 35 18.28,-05 24 26.32,0.12817739687723836,0.055689584892635896
855,856,9225,,,,1.71,8.124998294395505,,3.42,3.562,M1e(H),3.7,-0.56,1.32,0.4,6.22,Simbad,05 35 18.29,-05 21 43.92,0.0,0.0
856,857,585,,1906.0,99.0,6.77,3.424998294395504,,1.37,3.602,K7(H)K2.5-K7.1(P),0.0,0.39,3.28,0.35,4.69,Simbad,05 35 18.35,-05 16 37.52,0.9733712988380017,0.055689584892635896
857,858,578,,,99.0,14.88,7.3649982943955035,,3.07,3.5,M4.5(H),0.0,-0.98,1.09,0.14,6.13,Simbad,05 35 18.36,-05 08 30.52,0.11330443503421073,0.055689584892635896
858,859,9227,,,99.0,2.01,7.914998294395504,,4.16,,,,,,,,Simbad,05 35 18.37,-05 25 19.32,0.0,0.0
859,860,9228,,,,0.89,5.824998294395504,,3.14,3.526,M3e(H),1.52,-0.11,2.61,0.19,4.61,Simbad,05 35 18.40,-05 24 07.02,0.25194194454595426,0.055689584892635896
860,861,594,,,98.0,2.71,7.344998294395504,,,3.518,M3.5(H),0.0,-1.06,0.91,0.18,6.35,Simbad,05 35 18.41,-05 20 42.62,0.11447499180364756,0.055689584892635896
861,862,9229,,,,0.76,11.044998294395503,,,,,,,,,,Simbad,05 35 18.41,-05 23 57.22,0.0,0.0
862,863,587,,,99.0,9.75,6.2349982943955045,,3.73,3.544,M2e(H),3.85,0.25,3.63,0.18,3.9,Simbad,05 35 18.42,-05 13 38.22,0.18414387459125517,0.055689584892635896
863,864,592,,,99.0,5.06,6.284998294395503,,2.58,3.535,M2.5(H)M4(Eetal),0.51,-0.57,1.48,0.27,6.0,Simbad,05 35 18.43,-05 18 20.42,0.17763735042814585,0.055689584892635896
864,865,9230,,,,0.52,7.8649982943955035,,5.1,3.58,M0(H),8.48,0.69,5.13,0.2,3.35,Simbad,05 35 18.43,-05 23 28.82,0.0,0.0
865,866,593,,,99.0,6.81,5.6149982943955035,,,3.602,K7(H),0.0,-0.48,1.2,0.67,6.62,Simbad,05 35 18.48,-05 16 35.12,0.288698584217703,0.055689584892635896
866,867,9231,,,,1.01,9.784998294395505,>,5.93,,cont(H),,,,,,Simbad,05 35 18.54,-05 22 31.12,0.0,0.0
867,868,596,,1927.0,99.0,0.56,4.974998294395505,,2.52,3.679,K2-K5e(H),3.67,0.63,3.01,1.07,5.66,Simbad,05 35 18.55,-05 23 13.52,0.4168908271296461,0.055689584892635896
868,869,595,,1922.0,99.0,2.87,2.4749982943955047,,1.67,3.719,F8:np(HT)G0::(P)K0(Sam),2.06,1.24,5.09,2.75,5.68,Simbad,05 35 18.57,-05 20 33.52,0.0,0.0
869,870,5057,,,,5.38,,,,,,,,,,,Simbad,05 35 18.59,-05 18 01.24,0.0,0.0
870,871,9232,,,,0.78,7.4449982943955035,,3.54,,cont(H),,,,,,Simbad,05 35 18.59,-05 23 55.92,0.1093009456649664,0.055689584892635896
871,872,598,a,1926.0,99.0,0.7,4.964998294395505,,2.7,3.633,"K1-K5,K6(H)",3.4,0.58,3.53,0.54,5.15,Simbad,05 35 18.62,-05 22 56.44,0.41903875925452083,0.055689584892635896
872,873,598,b,1926.0,,0.72,8.604998294395505,,,,,,,,,,Simbad,05 35 18.63,-05 22 55.42,0.0,0.0
873,874,600,,,99.0,1.46,6.134998294395505,,3.23,,,,,,,,Simbad,05 35 18.64,-05 22 01.82,0.19788061766087728,0.055689584892635896
874,875,5058,,,,5.36,,,,,,,,,,,Simbad,05 35 18.69,-05 18 02.50,0.0,0.0
875,876,599,,,99.0,5.92,6.644998294395505,,4.47,3.867,A8-F0(H),10.78,1.86,5.24,3.54,,Simbad,05 35 18.70,-05 17 28.92,0.15264920347244804,0.055689584892635896
876,877,604,,,99.0,0.59,7.214998294395505,,3.54,3.58,M0e(H),4.48,-0.02,2.25,0.33,5.55,Simbad,05 35 18.73,-05 23 28.72,0.12113259865508845,0.055689584892635896
877,878,597,,,0.0,8.64,5.934998294395504,,2.74,,,,,,,,Simbad,05 35 18.75,-05 14 45.08,0.23265195862029767,0.055689584892635896
878,879,603,,1924.0,99.0,1.79,5.334998294395504,,2.21,,,,,,,,Simbad,05 35 18.75,-05 21 40.92,0.34205496090371973,0.055689584892635896
879,880,611,,,,14.19,7.514998294395504,,,,,,,,,,Simbad,05 35 18.75,-05 37 33.52,0.10571019090988754,0.055689584892635896
880,881,602,,,,2.93,6.414998294395504,,,,B::(H),,,,,,Simbad,05 35 18.76,-05 20 30.52,0.16573118449261148,0.055689584892635896
881,882,601,,1921.0,98.0,7.17,4.434998294395504,,1.25,3.679,K3-K4(H)K2.5-K5(P)K5(Eetal)K2V(Ham),0.41,0.05,1.55,1.17,6.55,Simbad,05 35 18.79,-05 16 13.72,0.5674579486516963,0.055689584892635896
882,883,9238,,,,1.08,7.494998294395504,,4.81,3.58,M0(H),7.74,0.66,4.93,0.2,3.44,Simbad,05 35 18.79,-05 24 16.92,0.10680229096343506,0.055689584892635896
883,884,9239,,,,1.16,9.454998294395503,,,,,,,,,,Simbad,05 35 18.80,-05 22 23.12,0.0,0.0
884,885,9241,,,,1.16,8.684998294395504,,3.54,,,,,,,,Simbad,05 35 18.81,-05 22 23.32,0.0,0.0
885,886,606,,,99.0,2.33,5.594998294395504,,3.33,3.522,M3.3(P),1.8,0.06,3.25,0.14,3.87,Simbad,05 35 18.85,-05 21 07.62,0.2924315952856431,0.055689584892635896
886,887,605,,,97.0,2.59,7.1949982943955035,,2.04,3.602,K7(H),1.16,-0.83,0.8,0.71,7.33,Simbad,05 35 18.86,-05 20 51.81,0.12206996437840219,0.055689584892635896
887,888,614,,1942.0,0.0,14.25,4.774998294395504,,2.08,3.562,M1(H),0.26,-0.06,2.35,0.27,5.15,Simbad,05 35 18.90,-05 37 36.82,0.4679927159291239,0.055689584892635896
888,889,9243,,,,1.24,6.904998294395504,,3.63,3.602,K7(H),5.24,0.28,2.88,0.37,5.06,Simbad,05 35 18.90,-05 22 18.47,0.137739159233678,0.055689584892635896
889,890,607,,,99.0,0.77,5.554998294395505,,1.86,3.713,G8-K2(H)<=K5(P),2.46,0.11,1.42,1.31,6.86,Simbad,05 35 18.95,-05 23 49.22,0.2992730738142913,0.055689584892635896
890,891,9245,,,,1.8,7.524998294395504,,3.72,3.602,K7(H),5.47,0.09,2.31,0.41,5.59,Simbad,05 35 18.99,-05 25 03.42,0.10516833574740582,0.055689584892635896
891,892,610,,1928.0,99.0,0.65,5.804998294395505,,2.7,3.591,K8(H),2.53,0.05,2.33,0.36,5.55,Simbad,05 35 19.01,-05 23 26.62,0.25519967464538285,0.055689584892635896
892,893,608,,1923.0,99.0,2.81,3.164998294395504,,0.64,3.917,A5(WSH)A4-A7(H)B-A(HT)B5(P),1.29,1.0,1.54,1.78,7.23,Simbad,05 35 19.03,-05 20 38.52,1.1153796419215196,0.055689584892635896
893,894,609,,,,2.86,4.914998294395504,,,3.526,M3(H),0.0,-0.12,2.59,0.19,4.62,Simbad,05 35 19.05,-05 20 35.42,0.43216075900804857,0.055689584892635896
894,895,9246,,,,0.71,10.064998294395503,,,,,,,,,,Simbad,05 35 19.05,-05 23 06.42,0.0,0.0
895,896,9248,,,,1.78,10.214998294395505,,,,,,,,,,Simbad,05 35 19.07,-05 21 43.42,0.0,0.0
896,897,9249,,,,1.04,9.134998294395503,>,5.18,,,,,,,,Simbad,05 35 19.09,-05 22 34.92,0.0,0.0
897,898,5147,,,,7.7,9.104998294395505,,,,,,,,,,Simbad,05 35 19.11,-05 31 02.66,0.0,0.0
898,899,615,,,99.0,4.2,8.244998294395502,,,3.471,M6(H),0.0,-1.12,1.05,0.08,5.21,Simbad,05 35 19.13,-05 27 31.52,0.0,0.0
899,900,9250,,,,0.87,6.144998294395505,,2.8,3.643,K5(H),3.82,0.2,2.19,0.68,5.79,Simbad,05 35 19.15,-05 22 50.62,0.19636110785149885,0.055689584892635896
900,901,612,,,99.0,6.67,6.6149982943955035,,2.52,3.518,M3.5e(H),0.0,-0.77,1.27,0.2,6.11,Simbad,05 35 19.19,-05 16 44.52,0.1542262340486992,0.055689584892635896
901,902,613,,1936.0,99.0,3.32,5.1149982943955035,,2.06,3.695,K2(Sam),2.72,0.34,2.02,1.38,6.31,Simbad,05 35 19.19,-05 20 07.72,0.38497149665706815,0.055689584892635896
902,903,5040,,,,7.26,8.644998294395505,,2.92,,,,,,,,Simbad,05 35 19.23,-05 16 09.22,0.0,0.0
903,904,5041,,,,7.28,,,,,,,,,,,Simbad,05 35 19.32,-05 16 08.04,0.0,0.0
904,905,616,,,95.0,2.42,7.664998294395504,,4.43,3.518,M3.5(H),4.41,-0.11,2.71,0.15,4.24,Simbad,05 35 19.39,-05 21 04.42,0.0,0.0
905,906,617,,,,1.27,8.494998294395502,,4.41,3.471,>=M6(H),1.22,-0.92,1.32,0.09,4.94,Simbad,05 35 19.40,-05 22 21.12,0.0,0.0
906,907,618,,,2.0,13.5,5.824998294395504,,2.74,,,,,,,,Simbad,05 35 19.41,-05 36 51.14,0.25194194454595426,0.055689584892635896
907,908,621,,,97.0,4.28,8.284998294395505,,,,,,,,,,Simbad,05 35 19.47,-05 27 35.32,0.0,0.0
908,909,620,,,99.0,0.96,6.324998294395504,,2.59,3.591,K8(H),2.25,-0.23,1.69,0.45,5.93,Simbad,05 35 19.50,-05 23 56.92,0.172243623163584,0.055689584892635896
909,910,622,,1940.0,99.0,1.32,4.804998294395505,,2.46,3.535,M0-M2.5e(H)M0.5(P)<M0(Sam),0.2,-0.05,2.68,0.2,4.6,Simbad,05 35 19.56,-05 24 26.12,0.46083295247875117,0.055689584892635896
910,911,626,,,99.0,12.24,7.3149982943955045,,3.01,3.494,M5(H),0.0,-0.92,1.19,0.13,5.95,Simbad,05 35 19.58,-05 35 35.52,0.11595520831583915,0.055689584892635896
911,912,619,,,98.0,9.32,7.824998294395504,,3.46,3.509,M4(H),1.41,-0.87,1.18,0.17,6.12,Simbad,05 35 19.68,-05 14 05.22,0.0,0.0
912,913,628,,,99.0,7.29,6.304998294395505,,3.5,,,,,,,,Simbad,05 35 19.69,-05 30 37.02,0.17491969828159168,0.055689584892635896
913,914,623,,,,2.39,6.414998294395504,,,,,,,,,,Simbad,05 35 19.70,-05 21 08.02,0.16573118449261148,0.055689584892635896
914,915,624,,,98.0,1.31,7.354998294395504,,2.88,,late-M(H),,,,,,Simbad,05 35 19.72,-05 22 21.33,0.11388820953838107,0.055689584892635896
915,916,625,,,99.0,1.64,6.304998294395505,,1.07,3.562,M1(H)M6-M6.5(H),0.0,-0.73,1.08,0.42,6.52,Simbad,05 35 19.74,-05 24 47.52,0.17491969828159168,0.055689584892635896
916,917,633,,,98.0,7.73,8.104998294395505,,,,,,,,,,Simbad,05 35 19.76,-05 31 03.42,0.0,0.0
917,918,632,,,99.0,7.2,7.2349982943955045,,4.01,3.483,M5.5(H),1.11,-0.54,1.94,0.13,4.63,Simbad,05 35 19.77,-05 30 31.82,0.11989396494897386,0.055689584892635896
918,919,9256,,,,1.08,7.254998294395504,,4.26,3.544,M2(H),5.21,0.17,3.32,0.19,4.12,Simbad,05 35 19.83,-05 24 02.05,0.11897330855534234,0.055689584892635896
919,920,639,,1941.0,99.0,10.55,5.534998294395503,,2.53,,,,,,,,Simbad,05 35 19.85,-05 33 53.22,0.30314281810109667,0.055689584892635896
920,921,630,,,,1.28,8.294998294395503,,4.31,3.494,M5(H),2.65,-0.67,1.59,0.14,5.21,Simbad,05 35 19.89,-05 22 25.82,0.0,0.0
921,922,5066,,,,4.69,9.224998294395503,,,,,,,,,,Simbad,05 35 19.89,-05 18 46.17,0.0,0.0
922,923,638,,,99.0,5.88,8.944998294395505,,,,,,,,,,Simbad,05 35 19.92,-05 29 11.52,0.0,0.0
923,924,9257,,,,1.2,10.224998294395503,,,,,,,,,,Simbad,05 35 19.93,-05 22 33.22,0.0,0.0
924,925,631,,1938.0,99.0,2.45,4.804998294395505,,2.2,3.602,K7(H)<M0(Sam),1.57,0.22,2.7,0.38,5.37,Simbad,05 35 19.94,-05 21 05.72,0.46083295247875117,0.055689584892635896
925,926,636,,,99.0,2.41,5.3149982943955045,,2.46,3.575,M0.3(P),1.6,0.04,2.47,0.29,5.11,Simbad,05 35 19.94,-05 25 37.22,0.34647789549606456,0.055689584892635896
926,927,634,,,99.0,2.79,8.194998294395505,,,,,,,,,,Simbad,05 35 19.98,-05 20 43.82,0.0,0.0
927,928,627,,,,10.2,7.714998294395505,,,,,,,,,,Simbad,05 35 20.02,-05 13 12.82,0.0,0.0
928,929,637,,1939.0,99.0,2.03,4.874998294395505,,2.19,,<M0(Sam),,,,,,Simbad,05 35 20.03,-05 21 33.32,0.44227122108308486,0.055689584892635896
929,930,629,,,99.0,10.16,5.394998294395505,,4.34,3.643,early-Ke(H)K5-M0e(H),7.77,1.47,9.37,0.62,1.99,Simbad,05 35 20.04,-05 13 15.52,0.3299688197102012,0.055689584892635896
930,931,641,,1962.0,99.0,3.39,3.424998294395504,,1.74,3.719,mid-G--early-K(H),2.24,0.91,3.46,2.24,5.99,Simbad,05 35 20.06,-05 26 38.72,0.9733712988380017,0.055689584892635896
931,932,642,,,99.0,5.39,7.874998294395505,,2.85,3.494,M5(H),0.0,-1.14,0.92,0.12,6.23,Simbad,05 35 20.07,-05 28 41.22,0.0,0.0
932,933,646,,,99.0,11.61,7.584998294395504,,3.35,3.526,M3(H),2.06,-0.68,1.35,0.23,6.08,Simbad,05 35 20.07,-05 34 57.02,0.10223739963291663,0.055689584892635896
933,934,3075,,,,0.95,,,,,,,,,,,Simbad,05 35 20.08,-05 23 08.23,0.0,0.0
934,935,9260,,,99.0,2.37,8.824998294395504,,1.76,,M:(H),,,,,,Simbad,05 35 20.08,-05 25 33.82,0.0,0.0
935,936,640,,1937.0,99.0,2.6,1.6449982943955046,,2.47,3.771,K0(Par)G0nV(HT)G5-K3:(GS)F7-G2(Sam),4.75,2.27,13.15,5.05,,Simbad,05 35 20.11,-05 20 56.72,0.0,0.0
936,937,9261,,,,1.29,8.764998294395506,,4.96,,,,,,,,Simbad,05 35 20.12,-05 22 28.82,0.0,0.0
937,938,635,,,99.0,9.44,7.794998294395505,,4.1,3.5,M4.5(H),2.5,-0.54,1.8,0.16,5.13,Simbad,05 35 20.14,-05 13 59.22,0.0,0.0
938,939,644,,,99.0,1.93,5.414998294395504,,,,,,,,,,Simbad,05 35 20.17,-05 25 03.92,0.3265947444687076,0.055689584892635896
939,940,649,,,98.0,8.95,7.604998294395504,,3.84,3.471,M6(H),0.0,-0.86,1.41,0.1,4.88,Simbad,05 35 20.18,-05 32 16.52,0.10119197758619393,0.055689584892635896
940,941,647,,1963.0,99.0,7.34,5.5649982943955045,,2.31,3.494,M5e(H),0.0,-0.22,2.66,0.15,4.17,Simbad,05 35 20.20,-05 30 39.02,0.2977390432857088,0.055689584892635896
941,942,654,,,99.0,13.32,7.244998294395504,,4.0,3.494,>=M5(H),1.85,-0.44,2.07,0.15,4.71,Simbad,05 35 20.24,-05 36 39.42,0.11958629059960592,0.055689584892635896
942,943,5152,,,,7.95,9.344998294395504,,,,,,,,,,Simbad,05 35 20.24,-05 31 15.79,0.0,0.0
943,944,5119,,,,3.06,8.534998294395505,,1.37,3.483,M5.5(H),0.0,-1.33,0.78,0.09,6.32,Simbad,05 35 20.26,-05 26 17.04,0.0,0.0
944,945,645,,1959.0,99.0,1.51,5.404998294395504,,3.03,,mid-K(H),,,,,,Simbad,05 35 20.29,-05 22 13.42,0.3282774472239819,0.055689584892635896
945,946,643,,,99.0,6.22,6.974998294395505,,3.7,3.562,M1(H),4.42,0.08,2.74,0.25,4.73,Simbad,05 35 20.31,-05 17 14.22,0.13355688868772642,0.055689584892635896
946,947,648,b,1960.0,,0.99,6.534998294395503,,4.47,,,,,,,,Simbad,05 35 20.35,-05 23 29.52,0.15905575532920044,0.055689584892635896
947,948,653,,,99.0,5.89,7.394998294395505,,3.32,3.465,M6-M6.5(H),0.0,-0.73,1.7,0.11,4.59,Simbad,05 35 20.37,-05 29 10.72,0.11185805674661059,0.055689584892635896
948,949,648,a,1960.0,99.0,1.0,5.0649982943955045,,2.58,3.58,M0(H),2.02,0.24,3.03,0.27,4.6,Simbad,05 35 20.39,-05 23 29.72,0.3949915947892526,0.055689584892635896
949,950,650,,,98.0,2.7,7.414998294395504,,,,,,,,,,Simbad,05 35 20.42,-05 20 52.02,0.11071425928065064,0.055689584892635896
950,951,9264,,,,1.01,8.834998294395506,,5.43,,,,,,,,Simbad,05 35 20.43,-05 23 31.02,0.0,0.0
951,952,652,,,99.0,1.4,7.034998294395503,,3.37,,cont(H),,,,,,Simbad,05 35 20.44,-05 24 20.62,0.13016883398343768,0.055689584892635896
952,953,9266,,,,1.01,9.564998294395503,,,,,,,,,,Simbad,05 35 20.44,-05 23 22.92,0.0,0.0
953,954,651,,,99.0,2.84,7.284998294395503,,,,,,,,,,Simbad,05 35 20.46,-05 20 43.12,0.11745456473700515,0.055689584892635896
954,955,5091,,,,1.97,,,,,,,,,,,Simbad,05 35 20.46,-05 21 40.95,0.0,0.0
955,956,656,,,,1.12,9.184998294395504,,4.24,,M:(H),,,,,,Simbad,05 35 20.51,-05 22 55.12,0.0,0.0
956,957,658,,,99.0,1.73,5.494998294395504,,,3.544,M2e(H),0.0,-0.4,1.73,0.29,5.83,Simbad,05 35 20.52,-05 24 46.02,0.31103306663070596,0.055689584892635896
957,958,657,,,,1.21,8.034998294395505,,3.68,3.562,M1(H),4.37,-0.36,1.66,0.35,5.9,Simbad,05 35 20.54,-05 22 44.92,0.0,0.0
958,959,659,,,84.0,1.15,5.9449982943955035,,4.15,,,,,,,,Simbad,05 35 20.56,-05 23 52.72,0.23086544239918652,0.055689584892635896
959,960,660,,1956.0,99.0,1.95,0.8149982943955045,,0.72,4.272,B3(WSH)B1(H)B8IV-V(Par)B2:Vshell(LA)B8(GS)B0Vp(J)B2(S)B8(T),2.44,3.11,3.43,6.41,,Simbad,05 35 20.61,-05 21 44.02,0.0,0.0
960,961,9270,,,,1.36,8.094998294395504,,4.49,,,,,,,,Simbad,05 35 20.62,-05 22 31.16,0.0,0.0
961,962,3106,,,,3.07,7.894998294395505,,,,,,,,,,Simbad,05 35 20.64,-05 26 15.45,0.0,0.0
962,963,655,,,99.0,7.63,4.374998294395505,,3.26,,K0-K5:(H),,,,,,Simbad,05 35 20.65,-05 15 49.12,0.5852276248401038,0.055689584892635896
963,964,661,,1958.0,99.0,1.81,5.394998294395505,,1.57,3.58,MO(H),0.0,-0.39,1.48,0.45,6.11,Simbad,05 35 20.66,-05 21 54.72,0.3299688197102012,0.055689584892635896
964,965,667,,,99.0,14.56,7.724998294395505,,3.24,3.5,M4.5(H),0.29,-1.05,1.0,0.14,6.2,Simbad,05 35 20.67,-05 37 53.92,0.0,0.0
965,966,662,,,95.0,2.29,6.304998294395505,,1.78,3.623,K7(H),0.87,-0.57,0.99,0.83,7.07,Simbad,05 35 20.71,-05 21 21.52,0.17491969828159168,0.055689584892635896
966,967,663,,,99.0,2.17,6.4849982943955045,,2.36,3.5,M4.5(H),0.0,-0.62,1.63,0.15,5.31,Simbad,05 35 20.73,-05 21 29.82,0.16152693621470784,0.055689584892635896
967,968,665,,1957.0,9.0,1.89,5.6149982943955035,,1.82,,M:e(H),,,,,,Simbad,05 35 20.82,-05 21 50.52,0.288698584217703,0.055689584892635896
968,969,9271,,,,1.11,7.664998294395504,,3.65,3.58,M0(H),4.76,-0.13,1.98,0.36,5.73,Simbad,05 35 20.84,-05 23 21.72,0.0,0.0
969,970,664,,,99.0,6.84,5.964998294395505,,2.88,3.623,<=K7(H)K5.5(P)K7:(Eetal),3.69,0.26,2.55,0.51,5.55,Simbad,05 35 20.89,-05 16 37.42,0.2273334601691593,0.055689584892635896
970,971,673,,1976.0,99.0,8.06,4.9849982943955045,,1.83,3.643,K5(H),1.33,0.06,1.86,0.75,6.04,Simbad,05 35 20.90,-05 31 21.22,0.4136895550255281,0.055689584892635896
971,972,675,,,0.0,10.34,8.654998294395503,,3.05,,,,,,,,Simbad,05 35 20.91,-05 33 39.02,0.0,0.0
972,973,9272,,,,1.25,7.8649982943955035,,5.07,,,,,,,,Simbad,05 35 20.92,-05 23 55.32,0.0,0.0
973,974,672,,,98.0,4.9,5.914998294395504,,2.38,3.591,K8(H),1.71,-0.19,1.76,0.44,5.87,Simbad,05 35 20.93,-05 28 08.62,0.2362665720741045,0.055689584892635896
974,975,669,,1961.0,99.0,1.21,2.674998294395504,,1.67,3.708,G8(H)<=K5(P)K3(CK)K1-K2(Sam),1.91,1.12,4.66,2.13,5.58,Simbad,05 35 20.94,-05 23 48.62,0.0,0.0
975,976,9274,,,,1.51,8.934998294395504,,4.99,3.526,M3:(H),6.26,-0.2,2.36,0.2,4.86,Simbad,05 35 20.98,-05 22 23.32,0.0,0.0
976,977,9275,,,,1.49,9.134998294395503,,4.37,,cont+emis(H),,,,,,Simbad,05 35 21.00,-05 22 25.72,0.0,0.0
977,978,668,,,99.0,5.15,6.994998294395504,,3.48,,,,,,,,Simbad,05 35 21.05,-05 18 21.22,0.13253131576972157,0.055689584892635896
978,979,674,,,99.0,2.82,6.934998294395504,,,3.571,M0.5(H),0.0,-1.0,0.76,0.49,7.11,Simbad,05 35 21.05,-05 25 56.52,0.13598086151825553,0.055689584892635896
979,980,9276,,,,1.33,8.504998294395504,,4.23,,,,,,,,Simbad,05 35 21.10,-05 23 59.82,0.0,0.0
980,981,9277,,,,1.19,8.004998294395504,,4.48,3.471,M6(H),1.4,-0.68,1.74,0.11,4.67,Simbad,05 35 21.10,-05 23 33.12,0.0,0.0
981,982,682,,,99.0,9.98,8.154998294395503,,3.58,3.544,M2(H),3.46,-0.61,1.34,0.3,6.1,Simbad,05 35 21.12,-05 33 17.22,0.0,0.0
982,983,666,,1953.0,95.0,14.16,0.9649982943955049,,0.83,3.771,"G1(WSH)G0(Par)F9IV(vA)K2Ve(D)F8-G0III-IV,V(LDW,J,M)G0III(W)",0.55,1.52,5.52,3.39,,Simbad,05 35 21.16,-05 09 15.82,0.0,0.0
983,984,680,,,99.0,4.42,7.764998294395504,,,,,,,,,,Simbad,05 35 21.16,-05 27 38.32,0.0,0.0
984,985,9278,,,,1.82,7.804998294395505,,3.7,,,,,,,,Simbad,05 35 21.16,-05 21 59.42,0.0,0.0
985,986,9280,,,99.0,1.25,7.2349982943955045,,3.72,3.526,M3(H),3.01,-0.31,2.07,0.21,5.19,Simbad,05 35 21.16,-05 22 59.22,0.11989396494897386,0.055689584892635896
986,987,678,,1974.0,99.0,1.97,4.244998294395504,,1.84,3.695,K1-K2(Sam),2.16,0.55,2.57,1.38,6.0,Simbad,05 35 21.18,-05 24 56.92,0.6288843662740405,0.055689584892635896
987,988,681,,,99.0,1.26,8.304998294395505,,3.99,,,,,,,,Simbad,05 35 21.20,-05 23 45.72,0.0,0.0
988,989,670,,1955.0,70.0,11.23,1.5649982943955045,,1.33,3.761,G8:(WSH)G0-2IV-III(M)G0-G2III(LDW)G6IV(SBB),1.71,1.55,6.01,3.52,,Simbad,05 35 21.21,-05 12 12.42,0.0,0.0
989,990,679,,1991.0,99.0,1.45,6.394998294395505,,2.38,3.571,M0.5(H)K7:(P),1.29,-0.47,1.4,0.43,6.15,Simbad,05 35 21.22,-05 24 11.22,0.16701366941700335,0.055689584892635896
990,991,681,,,99.0,1.27,5.774998294395504,,2.4,3.602,K7(P),2.09,-0.04,2.0,0.44,5.74,Simbad,05 35 21.25,-05 23 45.22,0.2604998870451156,0.055689584892635896
991,992,9283,,,,1.64,8.744998294395502,,,3.555,M1.5(H),0.0,-1.71,0.36,0.34,7.81,Simbad,05 35 21.27,-05 22 16.12,0.0,0.0
992,993,671,,,99.0,13.73,7.834998294395504,,2.9,3.544,M2(H),1.72,-0.91,0.96,0.29,6.49,Simbad,05 35 21.28,-05 09 42.12,0.0,0.0
993,994,683,,1975.0,99.0,3.57,3.674998294395504,,1.85,3.623,K6(H),1.05,0.53,3.48,0.47,4.92,Simbad,05 35 21.29,-05 26 43.62,0.8516286967340694,0.055689584892635896
994,995,685,,,99.0,1.25,7.134998294395505,,4.56,3.518,M3.5(H),4.74,0.18,3.79,0.09,3.03,Simbad,05 35 21.39,-05 23 16.42,0.12524722044199446,0.055689584892635896
995,996,684,,,,2.61,7.494998294395504,,,,M:e(H),,,,,,Simbad,05 35 21.46,-05 21 05.48,0.10680229096343506,0.055689584892635896
996,997,676,,,99.0,13.79,6.9849982943955045,,1.59,3.643,K5(H),0.72,-0.89,0.62,0.69,7.82,Simbad,05 35 21.47,-05 09 38.72,0.1332141522635195,0.055689584892635896
997,998,677,,,99.0,13.61,6.634998294395505,,2.62,3.526,M3(H),0.19,-0.76,1.24,0.22,6.14,Simbad,05 35 21.47,-05 09 49.52,0.15304194284185593,0.055689584892635896
998,999,688,,,99.0,3.8,6.6949982943955035,,3.26,,,,,,,,Simbad,05 35 21.52,-05 26 57.22,0.14954335490479054,0.055689584892635896
999,1000,689,,,99.0,4.07,8.784998294395505,,,3.483,M5.5(H),0.0,-1.43,0.69,0.08,6.38,Simbad,05 35 21.52,-05 27 14.12,0.0,0.0
1000,1001,686,,,99.0,6.19,8.314998294395503,,,,,,,,,,Simbad,05 35 21.53,-05 17 19.02,0.0,0.0
1001,1002,700,,1978.0,99.0,11.66,5.584998294395504,,2.44,,,,,,,,Simbad,05 35 21.53,-05 34 58.12,0.2939382804342878,0.055689584892635896
1002,1003,690,,,94.0,2.43,5.354998294395504,,1.77,3.58,M0(H),0.0,-0.37,1.5,0.45,6.08,Simbad,05 35 21.56,-05 25 26.02,0.3385572995918755,0.055689584892635896
1003,1004,9285,,,,1.29,8.874998294395505,,5.21,3.483,M5.5(H),4.18,-0.45,2.16,0.14,4.45,Simbad,05 35 21.56,-05 23 25.72,0.0,0.0
1004,1005,687,a,,54.0,2.06,6.574998294395504,,3.01,,,,,,,,Simbad,05 35 21.59,-05 21 46.70,0.15662238073849444,0.055689584892635896
1005,1006,687,b,,,2.06,9.234998294395504,,,3.562,M1:(H),0.0,-1.91,0.28,0.33,8.33,Simbad,05 35 21.60,-05 21 46.52,0.0,0.0
1006,1007,701,,1977.0,99.0,11.47,4.334998294395504,,1.26,3.722,G8-K0e(H)K6(CK),1.05,0.25,1.61,1.45,6.77,Simbad,05 35 21.61,-05 34 46.52,0.598919107888659,0.055689584892635896
1007,1008,695,,,98.0,3.6,6.534998294395503,,2.63,3.535,M2.8(P)M2(H),0.64,-0.64,1.37,0.27,6.07,Simbad,05 35 21.62,-05 26 44.02,0.15905575532920044,0.055689584892635896
1008,1009,9287,,,,1.37,8.974998294395503,,5.24,,<M2(H),,,,,,Simbad,05 35 21.62,-05 23 48.02,0.0,0.0
1009,1010,693,,,99.0,1.33,6.784998294395503,,4.06,3.555,M1.5(H),5.11,0.32,3.76,0.2,3.9,Simbad,05 35 21.68,-05 23 10.42,0.14463055648893083,0.055689584892635896
1010,1011,694,,,99.0,1.35,6.654998294395504,,2.99,3.623,K5-K7(H),3.97,0.05,2.01,0.57,5.81,Simbad,05 35 21.68,-05 23 38.82,0.15186674571470185,0.055689584892635896
1011,1012,698,,1973.0,99.0,1.42,3.7449982943955042,,1.44,3.722,G6-K3(H),1.51,0.6,2.4,1.9,6.36,Simbad,05 35 21.70,-05 23 53.62,0.8194290741526661,0.055689584892635896
1012,1013,697,,,99.0,1.82,6.8149982943955045,,3.03,,,,,,,,Simbad,05 35 21.74,-05 22 08.02,0.14278428721830652,0.055689584892635896
1013,1014,9292,,,,1.45,6.8649982943955035,,2.97,3.562,M1(H),2.54,-0.34,1.7,0.34,5.87,Simbad,05 35 21.78,-05 23 55.12,0.1398791533305885,0.055689584892635896
1014,1015,9293,,,,1.51,8.474998294395503,,5.49,,,,,,,,Simbad,05 35 21.78,-05 22 40.92,0.0,0.0
1015,1016,696,a,,99.0,6.46,5.974998294395505,,3.28,,,,,,,,Simbad,05 35 21.79,-05 17 03.20,0.22558778428230222,0.055689584892635896
1016,1017,699,,,,2.33,7.6149982943955035,,,,,,,,,,Simbad,05 35 21.79,-05 21 28.32,0.10067328213228492,0.055689584892635896
1017,1018,9294,,,,1.37,9.004998294395504,,4.45,,,,,,,,Simbad,05 35 21.79,-05 23 06.42,0.0,0.0
1018,1019,691,,,98.0,8.47,7.554998294395505,,4.35,3.509,M4(H),3.69,-0.2,2.54,0.16,4.37,Simbad,05 35 21.80,-05 15 01.02,0.10382581815467296,0.055689584892635896
1019,1020,692,,,99.0,9.02,5.154998294395504,,2.49,3.535,M2-3(H),0.28,-0.17,2.33,0.22,4.95,Simbad,05 35 21.82,-05 14 27.52,0.37713874585141377,0.055689584892635896
1020,1021,702,,,99.0,5.25,6.9849982943955045,,4.09,3.518,M3.5(H),3.54,-0.05,2.9,0.14,4.0,Simbad,05 35 21.83,-05 28 26.82,0.1332141522635195,0.055689584892635896
1021,1022,9296,,,,1.38,11.314998294395503,>,4.4,,,,,,,,Simbad,05 35 21.84,-05 23 07.32,0.0,0.0
1022,1023,696,b,,,6.45,,,,,,,,,,,Simbad,05 35 21.91,-05 17 04.56,0.0,0.0
1023,1024,704,,,99.0,5.06,6.6149982943955035,,2.41,,,,,,,,Simbad,05 35 21.96,-05 28 14.82,0.1542262340486992,0.055689584892635896
1024,1025,3116,,,,4.99,8.394998294395505,,2.21,,,,,,,,Simbad,05 35 21.97,-05 28 10.08,0.0,0.0
1025,1026,3121,,,,5.72,8.444998294395505,,3.11,,,,,,,,Simbad,05 35 21.98,-05 28 55.27,0.0,0.0
1026,1027,5179,,,99.0,1.82,,,,,,,,,,,Simbad,05 35 22.00,-05 24 32.43,0.0,0.0
1027,1028,9297,,,,1.62,7.584998294395504,,4.19,3.602,K7(H),6.68,0.36,3.15,0.36,4.79,Simbad,05 35 22.01,-05 22 33.89,0.10223739963291663,0.055689584892635896
1028,1029,707,,1992.0,99.0,1.75,3.9349982943955037,,1.89,,<K7(P),,,,,,Simbad,05 35 22.08,-05 24 24.52,0.7393911606344615,0.055689584892635896
1029,1030,9298,,,,1.84,8.574998294395504,,3.62,3.494,M5(H),0.88,-1.21,0.85,0.12,6.3,Simbad,05 35 22.09,-05 22 12.72,0.0,0.0
1030,1031,709,,1994.0,99.0,3.54,4.834998294395504,,2.21,3.571,M0.5(H),0.85,0.05,2.55,0.28,4.96,Simbad,05 35 22.10,-05 26 36.92,0.452618218848232,0.055689584892635896
1031,1032,711,,,99.0,5.42,8.284998294395505,,,3.471,M6(H),0.0,-1.13,1.03,0.08,5.23,Simbad,05 35 22.13,-05 28 36.12,0.0,0.0
1032,1033,706,,1972.0,99.0,3.23,3.7249982943955047,,1.34,3.679,K3(WSH)K2-K4(Sam),0.64,0.39,2.29,1.08,5.99,Simbad,05 35 22.15,-05 20 29.02,0.8300246848360121,0.055689584892635896
1033,1034,3034,,,,5.43,7.584998294395504,,3.91,,,,,,,,Simbad,05 35 22.16,-05 18 08.27,0.10223739963291663,0.055689584892635896
1034,1035,715,,,99.0,8.03,7.204998294395503,,3.46,3.471,M6(H)M5(Eetal),0.0,-0.7,1.7,0.11,4.7,Simbad,05 35 22.18,-05 31 16.52,0.12144425138126287,0.055689584892635896
1035,1036,719,,,99.0,12.15,6.404998294395504,,3.06,3.494,M4-M6(H),0.0,-0.56,1.81,0.14,5.0,Simbad,05 35 22.19,-05 35 26.52,0.16615758148262658,0.055689584892635896
1036,1037,9299,,,,1.8,,,,,,,,,,,Simbad,05 35 22.20,-05 22 18.12,0.0,0.0
1037,1038,710,,,99.0,1.68,4.5649982943955045,,1.17,3.562,M0.5-M1.5(H)M0.1(P),0.0,-0.04,2.4,0.27,5.07,Simbad,05 35 22.21,-05 24 13.72,0.5267102567372287,0.055689584892635896
1038,1039,9300,,,,2.22,11.514998294395506,,,,,,,,,,Simbad,05 35 22.22,-05 21 41.72,0.0,0.0
1039,1040,722,,,98.0,10.65,6.424998294395504,,3.16,,,,,,,,Simbad,05 35 22.25,-05 33 55.62,0.16530588173128863,0.055689584892635896
1040,1041,716,,,99.0,4.34,6.354998294395504,,2.88,3.5,M4.5e(H),0.0,-0.57,1.73,0.15,5.2,Simbad,05 35 22.27,-05 27 27.92,0.16917323621266467,0.055689584892635896
1041,1042,703,,,98.0,15.37,5.8149982943955045,,,,,,,,,,Simbad,05 35 22.30,-05 08 04.72,0.2532400162737963,0.055689584892635896
1042,1043,713,,,99.0,2.31,5.584998294395504,,,,,,,,,,Simbad,05 35 22.30,-05 25 09.02,0.2939382804342878,0.055689584892635896
1043,1044,712,,,99.0,2.01,6.034998294395503,,2.61,3.679,K2-K4(H)<K7(P),3.9,0.26,1.97,1.12,6.19,Simbad,05 35 22.34,-05 22 00.72,0.2148389143673849,0.055689584892635896
1044,1045,705,,1971.0,98.0,14.27,4.164998294395504,,1.36,,late-K::(H),,,,,,Simbad,05 35 22.35,-05 09 10.72,0.6552780860759438,0.055689584892635896
1045,1046,718,,,99.0,2.8,6.844998294395504,,,,,,,,,,Simbad,05 35 22.36,-05 25 44.72,0.14096158634361733,0.055689584892635896
1046,1047,720,,,,3.18,6.914998294395504,,,,,,,,,,Simbad,05 35 22.39,-05 26 11.22,0.13703312820805735,0.055689584892635896
1047,1048,721,,1990.0,99.0,1.54,5.034998294395503,,2.08,3.58,<=K7(H)M0(Eetal)<M0(Sam),0.74,-0.06,2.14,0.34,5.62,Simbad,05 35 22.43,-05 23 43.42,0.4011284093732897,0.055689584892635896
1048,1049,9302,,,,1.54,11.234998294395504,,,,,,,,,,Simbad,05 35 22.43,-05 23 01.92,0.0,0.0
1049,1050,708,,,98.0,15.44,5.914998294395504,,,,,,,,,,Simbad,05 35 22.45,-05 08 00.42,0.2362665720741045,0.055689584892635896
1050,1051,714,,,98.0,9.31,5.644998294395505,,3.1,,,,,,,,Simbad,05 35 22.51,-05 14 11.22,0.283552289977892,0.055689584892635896
1051,1052,5007,,,,10.03,8.734998294395504,,3.8,,,,,,,,Simbad,05 35 22.51,-05 13 27.93,0.0,0.0
1052,1053,725,,,0.0,13.66,8.004998294395504,,3.34,,,,,,,,Simbad,05 35 22.53,-05 36 56.92,0.0,0.0
1053,1054,717,,,99.0,8.38,8.034998294395505,,,3.535,M2.5(H),0.0,-1.39,0.57,0.23,6.98,Simbad,05 35 22.56,-05 15 08.32,0.0,0.0
1054,1055,9303,,,,2.33,9.974998294395503,>,4.44,,,,,,,,Simbad,05 35 22.56,-05 21 37.32,0.0,0.0
1055,1056,3023,,,,7.32,7.904998294395504,,3.03,,,,,,,,Simbad,05 35 22.61,-05 16 13.60,0.0,0.0
1056,1057,3089,,,,2.47,5.784998294395503,,,,,,,,,,Simbad,05 35 22.64,-05 25 17.31,0.2584995287564358,0.055689584892635896
1057,1058,9304,,,,2.31,9.934998294395504,,,,,,,,,,Simbad,05 35 22.65,-05 21 40.32,0.0,0.0
1058,1059,723,,,99.0,1.58,6.634998294395505,,3.17,3.58,K7-M1(H),3.53,-0.02,2.25,0.33,5.55,Simbad,05 35 22.69,-05 23 13.02,0.15304194284185593,0.055689584892635896
1059,1060,9305,,,,2.12,10.104998294395505,,,,,,,,,,Simbad,05 35 22.69,-05 21 56.92,0.0,0.0
1060,1061,727,,,99.0,8.39,5.784998294395503,,2.44,3.544,M2(H),0.54,-0.38,1.76,0.28,5.81,Simbad,05 35 22.70,-05 31 36.82,0.2584995287564358,0.055689584892635896
1061,1062,724,,,99.0,2.88,6.674998294395504,,,,,,,,,,Simbad,05 35 22.72,-05 25 47.32,0.1507005728345093,0.055689584892635896
1062,1063,9307,,,,1.84,9.194998294395505,,4.75,,K:(H),,,,,,Simbad,05 35 22.80,-05 22 27.92,0.0,0.0
1063,1064,728,,1995.0,99.0,9.24,5.494998294395504,,2.32,3.562,M1(H),0.88,-0.2,2.0,0.3,5.72,Simbad,05 35 22.81,-05 32 28.62,0.31103306663070596,0.055689584892635896
1064,1065,1993,,1993.0,80.0,2.25,-3.115001705604496,,0.1,4.543,B0(WSH)B0-B2(H)O9.5V(Par)O9.5(LA)O9(S)O9V(vA)O9V(J),1.12,5.03,8.93,31.21,,Simbad,05 35 22.83,-05 24 57.27,0.0,0.0
1065,1066,5008,,,,9.85,9.124998294395505,,3.11,,,,,,,,Simbad,05 35 22.83,-05 13 39.52,0.0,0.0
1066,1067,726,,,99.0,1.75,7.264998294395504,,3.89,3.623,K5-K7(H),6.28,0.37,2.9,0.48,5.41,Simbad,05 35 22.86,-05 22 41.42,0.11836346856845596,0.055689584892635896
1067,1068,729,,,99.0,6.52,6.764998294395504,,2.72,3.509,M4(H),0.0,-0.79,1.3,0.17,6.06,Simbad,05 35 22.94,-05 29 41.12,0.14574975749428976,0.055689584892635896
1068,1069,3105,,,,3.31,9.134998294395503,,,,,,,,,,Simbad,05 35 23.01,-05 26 14.75,0.0,0.0
1069,1070,5009,,,,9.8,8.934998294395504,,,,,,,,,,Simbad,05 35 23.02,-05 13 43.08,0.0,0.0
1070,1071,730,,,93.0,2.45,7.744998294395504,,,,,,,,,,Simbad,05 35 23.11,-05 21 35.42,0.0,0.0
1071,1072,734,,,99.0,5.45,7.834998294395504,,,,,,,,,,Simbad,05 35 23.11,-05 28 33.52,0.0,0.0
1072,1073,3100,,,,3.03,8.554998294395505,,,,,,,,,,Simbad,05 35 23.14,-05 25 53.97,0.0,0.0
1073,1074,9309,,,,1.9,9.644998294395505,,4.94,,,,,,,,Simbad,05 35 23.14,-05 22 29.22,0.0,0.0
1074,1075,735,,,99.0,5.08,6.644998294395505,,3.07,3.518,M3.5(H),0.92,-0.55,1.62,0.21,5.89,Simbad,05 35 23.21,-05 28 09.72,0.15264920347244804,0.055689584892635896
1075,1076,732,,,99.0,2.59,7.054998294395505,,3.19,3.591,K5-M0.5e(H),3.79,-0.14,1.86,0.42,5.8,Simbad,05 35 23.22,-05 21 25.12,0.12916927767291433,0.055689584892635896
1076,1077,733,,1989.0,99.0,4.85,5.054998294395505,,2.33,3.571,M0.5(H),1.16,0.04,2.51,0.28,5.0,Simbad,05 35 23.28,-05 18 50.52,0.3970266962601697,0.055689584892635896
1077,1078,731,,1988.0,88.0,12.64,4.184998294395504,,1.74,3.591,K8(H)K5.5-M0(P)M0:(Eetal),0.07,0.1,2.46,0.35,5.49,Simbad,05 35 23.33,-05 10 51.52,0.6485775815602023,0.055689584892635896
1078,1079,5027,,,,8.18,8.784998294395505,,,,,,,,,,Simbad,05 35 23.39,-05 15 23.00,0.0,0.0
1079,1080,736,,,99.0,4.76,5.784998294395503,,2.27,3.58,M0(H),1.22,-0.25,1.74,0.39,5.86,Simbad,05 35 23.42,-05 18 56.92,0.2584995287564358,0.055689584892635896
1080,1081,3155,,,,11.14,7.274998294395504,,2.96,,,,,,,,Simbad,05 35 23.42,-05 34 22.90,0.11805972181025816,0.055689584892635896
1081,1082,737,,,99.0,2.71,7.544998294395505,,,,,,,,,,Simbad,05 35 23.49,-05 25 26.02,0.1043607563104038,0.055689584892635896
1082,1083,738,,,99.0,1.79,5.754998294395504,,1.86,3.643,K5(H),1.41,-0.23,1.33,0.9,6.62,Simbad,05 35 23.54,-05 23 31.62,0.26386827544290314,0.055689584892635896
1083,1084,741,,,99.0,2.38,5.1149982943955035,,,,,,,,,,Simbad,05 35 23.55,-05 24 57.12,0.38497149665706815,0.055689584892635896
1084,1085,743,,,99.0,3.55,6.644998294395505,,3.8,3.526,M3(H),3.21,-0.03,2.88,0.18,4.35,Simbad,05 35 23.55,-05 26 26.62,0.15264920347244804,0.055689584892635896
1085,1086,740,,,99.0,1.83,5.8649982943955035,,,3.562,M1(H),0.0,-0.56,1.32,0.4,6.21,Simbad,05 35 23.56,-05 23 46.02,0.24492057505506556,0.055689584892635896
1086,1087,742,,,98.0,1.8,7.034998294395503,,,,,,,,,,Simbad,05 35 23.61,-05 23 19.52,0.13016883398343768,0.055689584892635896
1087,1088,739,,,99.0,5.05,6.554998294395505,,2.5,3.544,M2e(H),0.69,-0.65,1.29,0.3,6.14,Simbad,05 35 23.65,-05 18 39.72,0.15783437860560937,0.055689584892635896
1088,1089,9311,,,,2.14,9.334998294395506,,,,,,,,,,Simbad,05 35 23.66,-05 22 13.72,0.0,0.0
1089,1090,5131,,,,5.03,9.184998294395504,,1.6,,,,,,,,Simbad,05 35 23.67,-05 28 03.90,0.0,0.0
1090,1091,745,,,,2.03,6.3649982943955035,,,,,,,,,,Simbad,05 35 23.68,-05 24 16.62,0.16873910038769335,0.055689584892635896
1091,1092,744,,,99.0,1.83,5.3649982943955035,,1.75,3.562,M1e(H),0.0,-0.36,1.66,0.35,5.9,Simbad,05 35 23.69,-05 23 33.82,0.33595754452820287,0.055689584892635896
1092,1093,747,,2001.0,98.0,7.63,3.0349982943955034,,1.22,3.708,K0(WSH)K1(Sam)K3(S)G8(S),0.75,0.7,2.85,1.75,6.03,Simbad,05 35 23.73,-05 30 46.92,1.2047600268868217,0.055689584892635896
1093,1094,9312,,,,2.77,9.724998294395503,,,,,,,,,,Simbad,05 35 23.83,-05 21 18.72,0.0,0.0
1094,1095,746,,,99.0,4.64,7.024998294395504,,3.4,3.518,M3.5(H),1.77,-0.5,1.73,0.2,5.74,Simbad,05 35 23.85,-05 19 07.42,0.13083949834440614,0.055689584892635896
1095,1096,9313,,,,1.9,11.634998294395503,,,,,,,,,,Simbad,05 35 23.86,-05 23 01.02,0.0,0.0
1096,1097,3041,,,,5.09,8.304998294395505,,,,,,,,,,Simbad,05 35 23.87,-05 18 38.51,0.0,0.0
1097,1098,3087,,,99.0,2.58,7.004998294395504,,1.16,3.562,M1(H),0.0,-1.01,0.78,0.41,6.96,Simbad,05 35 23.89,-05 25 09.38,0.13185197939711457,0.055689584892635896
1098,1099,748,b,,,2.64,7.924998294395506,,4.61,,,,,,,,Simbad,05 35 24.01,-05 21 32.82,0.0,0.0
1099,1100,748,a,,99.0,2.64,6.684998294395504,,3.14,3.526,M3(H),1.52,-0.45,1.76,0.23,5.76,Simbad,05 35 24.03,-05 21 32.92,0.15031384193678674,0.055689584892635896
1100,1101,9316,,,,2.4,8.014998294395506,,4.63,3.5,M4.5(H),3.86,-0.29,2.38,0.15,4.48,Simbad,05 35 24.05,-05 21 55.32,0.0,0.0
1101,1102,750,,2012.0,99.0,2.73,4.784998294395503,,1.98,3.643,K4-K5e(H)K0-K2(Sam),1.72,0.24,2.27,0.67,5.75,Simbad,05 35 24.14,-05 25 18.32,0.46559385289664484,0.055689584892635896
1102,1103,753,,,99.0,6.85,5.3149982943955045,,2.41,3.544,M2(H),0.46,-0.21,2.14,0.25,5.25,Simbad,05 35 24.14,-05 29 56.82,0.34647789549606456,0.055689584892635896
1103,1104,755,,,99.0,5.7,7.024998294395504,,3.79,3.46,M6.5(H),0.0,-0.53,2.18,0.11,4.36,Simbad,05 35 24.21,-05 28 43.72,0.13083949834440614,0.055689584892635896
1104,1105,3101,,,,3.27,7.244998294395504,,,,,,,,,,Simbad,05 35 24.24,-05 25 59.95,0.11958629059960592,0.055689584892635896
1105,1106,9317,,,,2.14,10.134998294395503,>,4.28,,,,,,,,Simbad,05 35 24.30,-05 22 33.42,0.0,0.0
1106,1107,756,,2011.0,99.0,2.36,4.764998294395504,,2.15,3.58,M0e(H),0.92,0.09,2.55,0.3,5.03,Simbad,05 35 24.32,-05 24 39.42,0.47040393854026324,0.055689584892635896
1107,1108,758,,,99.0,3.72,6.014998294395504,,3.45,3.509,M4-M4.5e(H)M5.3(P)M4(Eetal),1.39,-0.15,2.7,0.15,4.2,Simbad,05 35 24.35,-05 26 31.02,0.2181767742112429,0.055689584892635896
1108,1109,749,,,99.0,11.58,5.914998294395504,,,,,,,,,,Simbad,05 35 24.37,-05 11 58.02,0.2362665720741045,0.055689584892635896
1109,1110,751,,,99.0,6.68,5.424998294395504,,2.47,3.562,M1e(H),1.26,-0.07,2.31,0.27,5.22,Simbad,05 35 24.37,-05 16 59.72,0.3249206670045905,0.055689584892635896
1110,1111,757,,,,2.09,7.154998294395504,,,,,,,,,,Simbad,05 35 24.37,-05 24 00.72,0.12396651293172012,0.055689584892635896
1111,1112,759,,,99.0,2.59,6.7349982943955045,,,,,,,,,,Simbad,05 35 24.40,-05 25 01.22,0.14725550936734935,0.055689584892635896
1112,1113,760,b,,,4.67,,,,,,,,,,,Simbad,05 35 24.40,-05 19 09.13,0.0,0.0
1113,1114,752,,,99.0,12.06,6.8149982943955045,,4.0,3.623,K6e(H),6.56,0.62,3.86,0.46,4.66,Simbad,05 35 24.49,-05 11 29.42,0.14278428721830652,0.055689584892635896
1114,1115,754,,,96.0,11.58,5.514998294395504,,,,,,,,,,Simbad,05 35 24.53,-05 11 58.22,0.3070626000363092,0.055689584892635896
1115,1116,760,a,,99.0,4.68,6.264998294395504,,3.51,3.518,M3.5e(H),2.05,-0.13,2.66,0.16,4.3,Simbad,05 35 24.53,-05 19 09.42,0.18039722556766316,0.055689584892635896
1116,1117,761,,,98.0,2.14,8.514998294395506,,5.73,,,,,,,,Simbad,05 35 24.56,-05 22 42.32,0.0,0.0
1117,1118,762,,2010.0,99.0,2.38,6.044998294395505,,2.63,3.58,M0e(H),2.15,-0.12,2.0,0.36,5.72,Simbad,05 35 24.59,-05 24 35.42,0.21318918312196844,0.055689584892635896
1118,1119,763,,,99.0,5.44,8.364998294395503,,2.54,3.494,M5(H),0.0,-1.34,0.73,0.11,6.39,Simbad,05 35 24.59,-05 28 25.12,0.0,0.0
1119,1120,9319,,,,2.74,10.544998294395503,,,,,,,,,,Simbad,05 35 24.66,-05 21 34.12,0.0,0.0
1120,1121,9320,,,,2.52,9.334998294395506,,,3.623,K6(H),0.0,-1.99,0.19,,,Simbad,05 35 24.75,-05 21 57.42,0.0,0.0
1121,1122,764,,,98.0,2.75,7.174998294395504,,,,,,,,,,Simbad,05 35 24.78,-05 25 09.82,0.12301458376017786,0.055689584892635896
1122,1123,772,,,73.0,11.56,8.654998294395503,,3.11,,K:(H),,,,,,Simbad,05 35 24.85,-05 34 44.52,0.0,0.0
1123,1124,768,,2009.0,99.0,2.2,5.414998294395504,,2.18,,cont+emis(H),,,,,,Simbad,05 35 24.97,-05 23 53.52,0.3265947444687076,0.055689584892635896
1124,1125,769,,2008.0,96.0,2.18,4.244998294395504,,1.9,3.661,K2-K4(Sam),1.8,0.47,2.72,0.82,5.64,Simbad,05 35 24.98,-05 23 46.32,0.6288843662740405,0.055689584892635896
1125,1126,766,b,,,2.18,5.784998294395503,,2.98,,,,,,,,Simbad,05 35 25.00,-05 22 59.12,0.2584995287564358,0.055689584892635896
1126,1127,766,a,,99.0,2.18,5.554998294395505,,2.73,,<M0(Sam),,,,,,Simbad,05 35 25.01,-05 22 59.12,0.2992730738142913,0.055689584892635896
1127,1128,770,,,99.0,2.36,8.164998294395504,,1.19,3.544,M1.5-M2.5(H),0.0,-1.46,0.51,0.27,7.24,Simbad,05 35 25.02,-05 22 24.62,0.0,0.0
1128,1129,773,,,99.0,2.68,6.414998294395504,,,,,,,,,,Simbad,05 35 25.10,-05 24 56.82,0.16573118449261148,0.055689584892635896
1129,1130,767,,,99.0,8.08,5.804998294395505,,2.43,3.535,M2.5e(H),0.13,-0.47,1.66,0.26,5.88,Simbad,05 35 25.12,-05 15 35.62,0.25519967464538285,0.055689584892635896
1130,1131,765,,2005.0,97.0,14.09,5.164998294395504,,2.67,3.522,M3-3.5(H),0.11,-0.18,2.46,0.19,4.69,Simbad,05 35 25.13,-05 09 27.42,0.37520558714029506,0.055689584892635896
1131,1132,3128,,,,6.83,6.784998294395503,,3.11,,,,,,,,Simbad,05 35 25.13,-05 29 51.25,0.14463055648893083,0.055689584892635896
1132,1133,778,,,99.0,10.21,7.024998294395504,,3.92,3.509,M4(H),2.59,-0.26,2.38,0.16,4.57,Simbad,05 35 25.15,-05 33 20.82,0.13083949834440614,0.055689584892635896
1133,1134,775,,,99.0,2.35,6.9849982943955045,,,3.562,M1:(H),0.0,-1.01,0.79,0.41,6.95,Simbad,05 35 25.25,-05 24 11.02,0.1332141522635195,0.055689584892635896
1134,1135,3095,,,,3.06,7.084998294395504,,,,,,,,,,Simbad,05 35 25.26,-05 25 29.20,0.12784846541513625,0.055689584892635896
1135,1136,771,,2007.0,96.0,12.77,4.414998294395504,,1.37,3.679,K3(H),0.72,0.13,1.7,1.15,6.41,Simbad,05 35 25.30,-05 10 47.92,0.5733204000461579,0.055689584892635896
1136,1137,3079,,,,2.24,7.184998294395504,,,,,,,,,,Simbad,05 35 25.33,-05 23 32.95,0.12269890121487802,0.055689584892635896
1137,1138,776,a,,99.0,2.7,6.1149982943955035,,2.51,,,,,,,,Simbad,05 35 25.35,-05 21 51.22,0.20095500373992156,0.055689584892635896
1138,1139,777,,,80.0,2.87,7.0649982943955045,,3.31,3.623,K6(H),4.79,0.09,2.09,0.55,5.76,Simbad,05 35 25.37,-05 21 34.72,0.12883780082599164,0.055689584892635896
1139,1140,781,,,99.0,10.89,6.394998294395505,,3.06,3.494,M5(H),0.0,-0.55,1.82,0.14,4.99,Simbad,05 35 25.37,-05 34 02.22,0.16701366941700335,0.055689584892635896
1140,1141,776,b,,,2.71,7.764998294395504,,3.92,,,,,,,,Simbad,05 35 25.39,-05 21 51.12,0.0,0.0
1141,1142,9326,,,,2.28,11.994998294395502,,,,,,,,,,Simbad,05 35 25.42,-05 23 00.72,0.0,0.0
1142,1143,783,,,95.0,10.93,6.084998294395504,,3.04,,,,,,,,Simbad,05 35 25.44,-05 34 04.32,0.2061854919062213,0.055689584892635896
1143,1144,784,,,,7.31,4.764998294395504,,1.98,,,,,,,,Simbad,05 35 25.51,-05 30 19.32,0.47040393854026324,0.055689584892635896
1144,1145,774,,,75.0,15.6,5.6149982943955035,,,3.518,M3.5(H),0.0,-0.37,2.02,0.2,5.18,Simbad,05 35 25.55,-05 07 56.92,0.288698584217703,0.055689584892635896
1145,1146,5059,,,,5.78,9.394998294395505,,,,,,,,,,Simbad,05 35 25.55,-05 18 03.90,0.0,0.0
1146,1147,787,,2022.0,99.0,7.33,4.6149982943955035,,,3.571,M0.5(H),0.0,-0.07,2.22,0.3,5.52,Simbad,05 35 25.56,-05 30 20.42,0.5107173843742902,0.055689584892635896
1147,1148,788,,,99.0,7.61,6.404998294395504,,3.48,3.509,M4(H),1.46,-0.28,2.31,0.17,4.66,Simbad,05 35 25.58,-05 30 37.72,0.16615758148262658,0.055689584892635896
1148,1149,782,,,99.0,2.31,6.094998294395504,,2.14,3.591,K8e(H),1.1,-0.41,1.36,0.54,6.3,Simbad,05 35 25.60,-05 23 09.12,0.20460220961608844,0.055689584892635896
1149,1150,789,,,99.0,6.62,7.964998294395505,,4.16,3.518,"M3,M4,M5III(H)",3.72,-0.4,1.94,0.2,5.27,Simbad,05 35 25.61,-05 29 35.02,0.0,0.0
1150,1151,779,,2006.0,95.0,13.75,4.404998294395504,,1.34,3.661,K0IV-V(Par)K0-K4(P)K0(GS),0.37,0.05,1.69,0.95,6.3,Simbad,05 35 25.63,-05 09 49.22,0.5762742988248476,0.055689584892635896
1151,1152,786,,,89.0,4.04,5.8149982943955045,,2.39,3.571,M0(H)M1.0(P)M0(Eetal),1.31,-0.23,1.85,0.35,5.79,Simbad,05 35 25.63,-05 26 41.32,0.2532400162737963,0.055689584892635896
1152,1153,780,,,97.0,15.61,4.8149982943955045,,,3.555,M1.5(H),0.0,-0.14,2.22,0.26,5.27,Simbad,05 35 25.75,-05 07 56.22,0.4572942522257717,0.055689584892635896
1153,1154,792,,,99.0,3.38,5.554998294395505,,2.64,3.58,K8(H)M0.1(P),2.17,0.08,2.53,0.3,5.09,Simbad,05 35 25.90,-05 25 47.42,0.2992730738142913,0.055689584892635896
1154,1155,785,,,98.0,14.94,6.414998294395504,,,,,,,,,,Simbad,05 35 25.95,-05 08 37.72,0.16573118449261148,0.055689584892635896
1155,1156,791,,,99.0,3.13,6.334998294395504,,,,,,,,,,Simbad,05 35 25.95,-05 21 20.82,0.17048235691748292,0.055689584892635896
1156,1157,793,,,99.0,4.07,6.544998294395505,,3.02,,,,,,,,Simbad,05 35 26.06,-05 20 05.92,0.15824045851244392,0.055689584892635896
1157,1158,3069,,,,2.45,8.574998294395504,,,,,,,,,,Simbad,05 35 26.07,-05 22 56.66,0.0,0.0
1158,1159,796,,,99.0,7.33,6.5649982943955045,,2.87,3.535,M2.5e(H),1.26,-0.5,1.6,0.26,5.91,Simbad,05 35 26.08,-05 30 17.72,0.1570253423894375,0.055689584892635896
1159,1160,795,,2033.0,99.0,4.87,2.504998294395504,,1.19,3.744,G6(H)K1:(WSH)K0-K3(P)K0(Eetal)G3IV-V(Petal)G5IV(Ham),1.15,1.02,3.53,2.51,6.29,Simbad,05 35 26.10,-05 27 36.22,0.0,0.0
1160,1161,3090,,,,3.11,6.9849982943955045,,2.34,3.509,M4(H),0.0,-0.87,1.17,0.16,6.13,Simbad,05 35 26.10,-05 25 20.04,0.1332141522635195,0.055689584892635896
1161,1250,5071,,,,5.32,9.074998294395504,,,,,,,,,,Simbad,05 35 31.11,-05 19 31.74,0.0,0.0
1162,1162,790,,2020.0,79.0,14.92,2.794998294395505,,1.06,3.719,G8(H)K2:(WSH)K0-K5.5(P)K2(Eetal)K1eIII-IV(W),0.49,0.73,2.83,2.04,6.18,Simbad,05 35 26.19,-05 08 39.72,0.0,0.0
1163,1163,798,,,99.0,4.99,5.874998294395505,,2.34,3.518,M3.5(H),0.0,-0.47,1.79,0.2,5.56,Simbad,05 35 26.20,-05 27 43.52,0.24303984908647883,0.055689584892635896
1164,1164,794,,2021.0,0.0,8.55,2.7749982943955036,,0.81,3.722,G9IV-V(Petal),0.0,0.62,2.46,1.93,6.34,Simbad,05 35 26.23,-05 15 11.01,0.0,0.0
1165,1165,799,,2032.0,99.0,3.36,2.5249982943955036,,1.36,3.753,"G5(Par)G0III(HB)G-K:(GS)K1,M3(Sam)",1.7,1.16,3.95,2.68,6.3,Simbad,05 35 26.24,-05 25 39.72,0.0,0.0
1166,1166,800,,,99.0,2.5,8.164998294395504,,1.82,3.652,K4-K5(H),1.45,-1.19,0.42,,,Simbad,05 35 26.31,-05 23 01.92,0.0,0.0
1167,1167,2031,,2031.0,99.0,2.97,-1.6750017056044957,,0.0,4.383,B1(WSH)B2-B5(H)B1V(Par)B0.5V(LA)B1V(vA)B1V(J)B1(S)B2(T),0.73,3.96,5.44,11.96,,Simbad,05 35 26.32,-05 25 00.31,0.0,0.0
1168,1168,3021,,,,7.59,8.504998294395504,,,,,,,,,,Simbad,05 35 26.32,-05 16 12.00,0.0,0.0
1169,1169,3096,,,99.0,3.28,7.844998294395504,,1.61,,,,,,,,Simbad,05 35 26.33,-05 25 31.11,0.0,0.0
1170,1170,802,,,99.0,7.33,6.844998294395504,,3.64,,,,,,,,Simbad,05 35 26.35,-05 30 16.12,0.14096158634361733,0.055689584892635896
1171,1171,797,,,98.0,5.98,8.214998294395505,,,,,,,,,,Simbad,05 35 26.38,-05 17 56.32,0.0,0.0
1172,1172,801,,,99.0,6.04,7.754998294395504,,,,,,,,,,Simbad,05 35 26.46,-05 17 53.02,0.0,0.0
1173,1173,3027,,,,7.11,6.9449982943955035,,,,,,,,,,Simbad,05 35 26.65,-05 16 44.66,0.1352838432726335,0.055689584892635896
1174,1174,803,,2029.0,70.0,12.53,2.254998294395504,,1.92,3.757,G3:IV-V(Petal),3.18,1.63,6.69,3.71,,Simbad,05 35 26.75,-05 11 07.12,0.0,0.0
1175,1175,806,,,0.0,2.97,7.104998294395504,,,3.46,M6.5(H),0.0,-0.56,2.1,0.11,4.39,Simbad,05 35 26.83,-05 24 47.82,0.1265411590393429,0.055689584892635896
1176,1176,807,,,99.0,2.68,7.2349982943955045,,,3.471,M6(H),0.0,-0.71,1.68,0.11,4.71,Simbad,05 35 26.85,-05 24 00.32,0.11989396494897386,0.055689584892635896
1177,1177,804,,2030.0,0.0,10.47,2.964998294395505,,0.76,3.757,G3IV-V(Petal),0.2,0.62,2.09,1.65,6.81,Simbad,05 35 26.88,-05 13 14.00,1.2488881351185321,0.055689584892635896
1178,1178,805,,,99.0,8.07,7.134998294395505,,,,,,,,,,Simbad,05 35 26.94,-05 15 44.62,0.12524722044199446,0.055689584892635896
1179,1179,809,,,99.0,8.62,8.294998294395503,,2.22,,cont(H),,,,,,Simbad,05 35 27.02,-05 31 34.92,0.0,0.0
1180,1180,812,,,99.0,7.52,5.954998294395503,,3.41,,,,,,,,Simbad,05 35 27.11,-05 30 24.42,0.22909264469661786,0.055689584892635896
1181,1181,810,,,99.0,2.7,5.524998294395504,,2.67,3.661,K4(Sam),3.78,0.44,2.63,0.82,5.68,Simbad,05 35 27.19,-05 23 36.32,0.3047046903109209,0.055689584892635896
1182,1182,813,,2047.0,99.0,4.12,4.284998294395503,,1.75,3.58,K8(H)M0.1(P)M0(Eetal)K5IV(Ham),0.0,0.05,2.46,0.31,5.22,Simbad,05 35 27.33,-05 26 27.82,0.6145078678004886,0.055689584892635896
1183,1183,811,a,,99.0,6.79,5.294998294395505,,2.56,3.58,M0(H),1.97,0.13,2.69,0.29,4.89,Simbad,05 35 27.35,-05 17 09.62,0.35005738508895384,0.055689584892635896
1184,1184,808,,,99.0,13.92,6.204998294395503,,3.7,,,,,,,,Simbad,05 35 27.36,-05 09 43.92,0.18845194657974051,0.055689584892635896
1185,1185,811,b,,,6.76,,,,,,,,,,,Simbad,05 35 27.37,-05 17 11.44,0.0,0.0
1186,1186,814,,,,5.88,9.014998294395506,,,,,,,,,,Simbad,05 35 27.39,-05 28 34.67,0.0,0.0
1187,1187,815,,,99.0,4.89,5.684998294395504,,2.69,3.526,M3(H)M3.2(P),0.37,-0.34,2.01,0.22,5.25,Simbad,05 35 27.39,-05 27 25.52,0.2763591704060692,0.055689584892635896
1188,1188,818,,2048.0,98.0,12.26,4.044998294395505,,1.82,3.591,K8V(D),0.27,0.2,2.78,0.32,4.93,Simbad,05 35 27.43,-05 35 19.42,0.6951715423272393,0.055689584892635896
1189,1189,5013,,,,9.84,8.874998294395505,,,,,,,,,,Simbad,05 35 27.43,-05 13 55.94,0.0,0.0
1190,1190,817,,,99.0,5.83,5.664998294395504,,3.04,3.5,M4.5(P),0.0,-0.3,2.37,0.15,4.49,Simbad,05 35 27.45,-05 28 30.62,0.27993262693911086,0.055689584892635896
1191,1191,3119,,,,6.15,8.744998294395502,,,,,,,,,,Simbad,05 35 27.61,-05 28 51.12,0.0,0.0
1192,1192,816,,,99.0,6.0,7.144998294395505,,3.46,3.562,M1(H),3.8,-0.14,2.13,0.29,5.55,Simbad,05 35 27.62,-05 18 04.52,0.1246052212894167,0.055689584892635896
1193,1193,3077,,,,2.82,7.914998294395504,,,,,,,,,,Simbad,05 35 27.68,-05 23 32.44,0.0,0.0
1194,1194,823,,,99.0,5.45,5.794998294395505,,3.28,3.494,M5(H),0.0,-0.31,2.4,0.15,4.39,Simbad,05 35 27.78,-05 28 01.72,0.25717449752765703,0.055689584892635896
1195,1195,819,,,99.0,7.03,5.074998294395504,,2.85,3.518,M3.5(H),0.36,-0.06,2.86,0.14,4.04,Simbad,05 35 27.82,-05 16 57.02,0.39296692495438396,0.055689584892635896
1196,1196,824,,,99.0,6.77,7.784998294395503,,1.99,,Ke(H),,,,,,Simbad,05 35 27.87,-05 29 30.72,0.0,0.0
1197,1197,821,,,99.0,6.69,6.074998294395504,,3.16,3.509,M4(H),0.64,-0.35,2.13,0.17,4.89,Simbad,05 35 27.93,-05 17 20.02,0.2077810261794337,0.055689584892635896
1198,1198,825,,,99.0,2.91,7.664998294395504,,,3.526,M3e(H),0.0,-1.22,0.73,0.2,6.62,Simbad,05 35 28.02,-05 23 06.22,0.0,0.0
1199,1199,820,,2045.0,98.0,13.47,4.9449982943955035,,2.7,3.544,M2e(H),1.21,0.12,3.13,0.2,4.27,Simbad,05 35 28.04,-05 10 13.52,0.42445713125808243,0.055689584892635896
1200,1200,822,,,99.0,12.11,7.654998294395504,,3.72,3.544,M2(H),3.82,-0.33,1.87,0.27,5.73,Simbad,05 35 28.06,-05 11 37.32,0.0,0.0
1201,1201,5035,,,,8.08,9.084998294395506,,,,,,,,,,Simbad,05 35 28.07,-05 15 50.58,0.0,0.0
1202,1202,826,,2046.0,91.0,3.33,5.894998294395505,,1.38,3.602,K6-K8e(H),0.0,-0.6,1.05,0.73,6.87,Simbad,05 35 28.10,-05 24 57.82,0.239321612094224,0.055689584892635896
1203,1203,832,,,99.0,14.26,7.514998294395504,,3.56,,,,,,,,Simbad,05 35 28.21,-05 37 19.82,0.10571019090988754,0.055689584892635896
1204,1204,827,,,98.0,6.22,8.254998294395504,,2.2,3.562,M1(H),0.57,-1.38,0.51,0.41,7.5,Simbad,05 35 28.24,-05 17 54.22,0.0,0.0
1205,1205,828,,,99.0,5.81,5.8149982943955045,,2.87,3.509,M4(H),0.0,-0.41,2.01,0.18,5.05,Simbad,05 35 28.24,-05 18 22.82,0.2532400162737963,0.055689584892635896
1206,1206,830,,,99.0,3.4,4.914998294395504,,2.36,3.555,M1.5(H)M4(Eetal),0.75,0.01,2.61,0.25,4.8,Simbad,05 35 28.26,-05 25 03.12,0.43216075900804857,0.055689584892635896
1207,1207,829,,,99.0,5.26,7.434998294395504,,3.72,3.526,M3(H),3.01,-0.39,1.89,0.22,5.45,Simbad,05 35 28.30,-05 19 01.92,0.10986409312994998,0.055689584892635896
1208,1208,831,,2058.0,99.0,4.19,1.3849982943955048,,0.0,3.993,A0(WSH)A0(Par)B9.5V(LA)A0V(vA)A0V(J)A0V(M)A0n(T),0.0,1.54,2.04,2.4,6.72,Simbad,05 35 28.32,-05 26 19.82,0.0,0.0
1209,1209,833,,,93.0,8.61,8.344998294395504,,2.9,,G:(H),,,,,,Simbad,05 35 28.49,-05 31 26.12,0.0,0.0
1210,1210,834,,,99.0,7.72,4.904998294395504,,2.24,,,,,,,,Simbad,05 35 28.82,-05 16 18.22,0.434387365872428,0.055689584892635896
1211,1211,835,,,99.0,12.14,5.974998294395505,,2.52,3.526,M3(H),0.0,-0.54,1.59,0.23,5.92,Simbad,05 35 28.82,-05 35 06.62,0.22558778428230222,0.055689584892635896
1212,1212,836,,,99.0,6.59,5.344998294395504,,2.2,3.58,M0(H),1.04,-0.11,2.03,0.35,5.71,Simbad,05 35 28.99,-05 29 10.02,0.3403016366043042,0.055689584892635896
1213,1213,838,,,99.0,4.0,5.454998294395503,,2.94,3.509,M4(H),0.08,-0.24,2.42,0.16,4.52,Simbad,05 35 29.23,-05 25 46.02,0.3183097292121724,0.055689584892635896
1214,1214,837,,,99.0,7.55,5.214998294395505,,2.21,3.58,M0(H)M1(Eetal),1.07,-0.06,2.17,0.34,5.61,Simbad,05 35 29.34,-05 16 33.22,0.36568741801344173,0.055689584892635896
1215,1215,3042,,,,5.64,7.974998294395503,,3.62,,,,,,,,Simbad,05 35 29.37,-05 18 45.31,0.0,0.0
1216,1216,3097,,,,3.94,7.964998294395505,,,,,,,,,,Simbad,05 35 29.40,-05 25 36.86,0.0,0.0
1217,1217,839,,,99.0,3.62,5.414998294395504,,3.7,3.562,M1(H),4.42,0.7,5.62,0.15,2.97,Simbad,05 35 29.47,-05 24 56.62,0.3265947444687076,0.055689584892635896
1218,1218,843,,,98.0,8.49,5.684998294395504,,2.45,3.544,M2(H),0.57,-0.33,1.86,0.27,5.74,Simbad,05 35 29.57,-05 31 11.92,0.2763591704060692,0.055689584892635896
1219,1219,3129,,,,7.76,8.844998294395504,,2.64,,,,,,,,Simbad,05 35 29.59,-05 30 24.32,0.0,0.0
1220,1220,3019,,,,8.0,5.804998294395505,,3.4,,,,,,,,Simbad,05 35 29.73,-05 16 05.98,0.25519967464538285,0.055689584892635896
1221,1221,844,,,99.0,3.38,5.9849982943955045,,2.8,3.555,M1.5(H),1.88,-0.15,2.19,0.27,5.3,Simbad,05 35 29.74,-05 23 55.22,0.22385551330425044,0.055689584892635896
1222,1222,847,,2069.0,97.0,10.08,2.754998294395504,,1.25,3.679,K3(WSH)G8(S),0.41,0.72,3.35,1.09,5.56,Simbad,05 35 29.74,-05 32 53.12,0.0,0.0
1223,1223,845,,,99.0,3.36,6.034998294395503,,2.32,3.544,M2e(H),0.23,-0.55,1.44,0.3,6.02,Simbad,05 35 29.75,-05 23 48.12,0.2148389143673849,0.055689584892635896
1224,1224,840,,,99.0,11.69,6.224998294395505,,2.98,3.494,M5(H),0.0,-0.48,1.97,0.14,4.82,Simbad,05 35 29.78,-05 12 10.22,0.1855688432464024,0.055689584892635896
1225,1225,841,,,99.0,11.43,6.324998294395504,,3.25,3.509,M4e(H),0.87,-0.4,2.03,0.18,5.02,Simbad,05 35 29.87,-05 12 27.32,0.172243623163584,0.055689584892635896
1226,1226,842,,,99.0,14.62,7.624998294395505,,4.08,3.483,M5.6(P),1.29,-0.65,1.7,0.12,4.84,Simbad,05 35 29.99,-05 09 09.22,0.10015724543631623,0.055689584892635896
1227,1227,846,,,99.0,9.69,7.9949982943955025,,4.13,3.5,M4.5(H),2.58,-0.6,1.67,0.15,5.26,Simbad,05 35 30.03,-05 14 18.42,0.0,0.0
1228,1228,848,,,99.0,4.24,5.714998294395505,,2.73,3.518,M3.5(H),0.05,-0.4,1.95,0.2,5.26,Simbad,05 35 30.17,-05 25 51.32,0.2707362800532897,0.055689584892635896
1229,1229,5012,,,,10.11,8.704998294395503,,,,,,,,,,Simbad,05 35 30.19,-05 13 52.21,0.0,0.0
1230,1230,849,,,99.0,5.47,6.3649982943955035,,2.55,3.526,M3(H),0.01,-0.7,1.33,0.23,6.09,Simbad,05 35 30.23,-05 27 36.72,0.16873910038769335,0.055689584892635896
1231,1231,850,,2077.0,99.0,4.15,5.324998294395504,,2.14,3.591,K8e(H),1.1,-0.11,1.94,0.4,5.76,Simbad,05 35 30.31,-05 25 38.32,0.34381731879500865,0.055689584892635896
1232,1232,853,,,99.0,5.94,7.954998294395503,,3.13,3.518,M3.5(H),1.08,-1.04,0.93,0.18,6.33,Simbad,05 35 30.34,-05 28 11.02,0.0,0.0
1233,1233,856,,,99.0,11.79,5.994998294395504,,3.15,,,,,,,,Simbad,05 35 30.34,-05 34 38.42,0.22213654429975602,0.055689584892635896
1234,1234,852,,2076.0,99.0,3.63,4.394998294395505,,1.89,,,,,,,,Simbad,05 35 30.37,-05 24 22.82,0.5792434168735895,0.055689584892635896
1235,1235,855,,,99.0,6.21,5.964998294395505,,2.34,3.544,M2.5(H)M1.8(P),0.28,-0.51,1.51,0.3,5.97,Simbad,05 35 30.39,-05 28 30.22,0.2273334601691593,0.055689584892635896
1236,1236,5051,,,,7.06,8.944998294395505,,,,,,,,,,Simbad,05 35 30.44,-05 17 14.95,0.0,0.0
1237,1237,858,,,0.0,9.24,7.514998294395504,,2.43,,,,,,,,Simbad,05 35 30.46,-05 31 55.52,0.10571019090988754,0.055689584892635896
1238,1238,851,,,99.0,8.84,7.604998294395504,,,,,,,,,,Simbad,05 35 30.52,-05 15 16.12,0.10119197758619393,0.055689584892635896
1239,1239,860,,,99.0,5.26,5.844998294395504,,2.91,3.518,M3.5(H)M3.7(P)M4:(Eetal),0.51,-0.33,2.09,0.2,5.1,Simbad,05 35 30.56,-05 27 16.42,0.24808751548161567,0.055689584892635896
1240,1240,857,,,99.0,3.97,7.394998294395505,,,3.526,M3(H),0.0,-1.11,0.83,0.21,6.49,Simbad,05 35 30.57,-05 25 10.82,0.11185805674661059,0.055689584892635896
1241,1241,854,,,99.0,6.34,6.684998294395504,,2.86,,,,,,,,Simbad,05 35 30.59,-05 18 06.92,0.15031384193678674,0.055689584892635896
1242,1242,859,,,99.0,3.73,6.894998294395505,,,3.494,M5(H),0.0,-0.75,1.44,0.14,5.37,Simbad,05 35 30.61,-05 24 30.92,0.13844882791842278,0.055689584892635896
1243,1243,863,,,99.0,8.06,5.954998294395503,,2.62,3.518,M3.5(H),0.0,-0.5,1.72,0.21,5.75,Simbad,05 35 30.70,-05 30 35.82,0.22909264469661786,0.055689584892635896
1244,1244,861,,,99.0,6.22,5.304998294395505,,3.0,,,,,,,,Simbad,05 35 30.79,-05 18 17.82,0.3482630415195907,0.055689584892635896
1245,1245,3092,,,,4.13,6.184998294395504,,1.97,,,,,,,,Simbad,05 35 30.83,-05 25 23.19,0.19137984344999617,0.055689584892635896
1246,1246,865,,,99.0,4.31,6.254998294395504,,3.6,3.494,M5(H),0.83,-0.29,2.45,0.15,4.35,Simbad,05 35 30.85,-05 25 43.72,0.1817932013636544,0.055689584892635896
1247,1247,862,,,99.0,5.88,7.374998294395505,,3.8,3.471,M6e(H),0.0,-0.77,1.57,0.11,4.77,Simbad,05 35 30.91,-05 18 45.02,0.11272365287378783,0.055689584892635896
1248,1248,3061,,,,3.87,8.744998294395502,,,,,,,,,,Simbad,05 35 30.91,-05 22 00.91,0.0,0.0
1249,1249,864,,,99.0,11.51,6.3649982943955035,,2.46,3.526,M3(H),0.0,-0.7,1.33,0.23,6.09,Simbad,05 35 31.09,-05 12 27.82,0.16873910038769335,0.055689584892635896
1250,1251,868,,,99.0,3.69,5.104998294395504,,1.96,3.661,K3-K5(H),1.96,0.16,1.91,0.91,6.11,Simbad,05 35 31.13,-05 23 39.72,0.3869549719245,0.055689584892635896
1251,1252,867,,2075.0,99.0,5.78,4.104998294395504,,1.93,3.591,K8Ve(D)M1:(B),0.56,0.25,2.93,0.3,4.75,Simbad,05 35 31.15,-05 18 55.72,0.6757978081638902,0.055689584892635896
1252,1253,866,,2073.0,98.0,8.65,3.7349982943955045,,2.13,3.708,K1IV(Ham),3.09,0.99,3.98,1.95,5.7,Simbad,05 35 31.18,-05 15 32.92,0.8257700982479599,0.055689584892635896
1253,1254,5126,,,,5.7,9.544998294395503,,,,,,,,,,Simbad,05 35 31.20,-05 27 43.00,0.0,0.0
1254,1255,869,,,99.0,4.83,7.974998294395503,,4.31,3.555,M1.5(H),5.75,0.0,2.6,0.25,4.81,Simbad,05 35 31.27,-05 20 17.02,0.0,0.0
1255,1256,873,,2086.0,76.0,10.45,1.2049982943955033,,0.57,3.806,"F5(WSH)A8(Par)F6(S)F2III-IV(vA)F4-8III,V(J)A8(T)",0.25,1.4,4.09,2.66,6.44,Simbad,05 35 31.28,-05 33 08.62,0.0,0.0
1256,1257,2074,,2074.0,99.0,8.23,-1.7750017056044962,,0.53,4.383,B2(WSH)B0-B2(H)B1V(Par)B0.5V(LA)B1V(vA)B1V(J)B1(S)B1.5(T),2.09,4.33,8.34,16.31,,Simbad,05 35 31.28,-05 16 02.28,0.0,0.0
1257,1258,872,,,99.0,6.15,7.094998294395504,,3.24,3.494,M5(H),0.0,-0.83,1.32,0.13,5.56,Simbad,05 35 31.30,-05 28 16.12,0.12719313265673068,0.055689584892635896
1258,1259,2085,,2085.0,99.0,4.19,-0.055001705604496465,,0.21,4.14,B5(WSH)B5(Par)B5V(LA)B4V(vA)B3-4V(J)B5V(S)B6n(T),0.92,2.79,4.34,4.86,,Simbad,05 35 31.35,-05 25 15.92,0.0,0.0
1259,1260,870,,,,7.74,7.094998294395504,,2.47,,,,,,,,Simbad,05 35 31.44,-05 16 36.52,0.12719313265673068,0.055689584892635896
1260,1261,3010,,,,8.83,7.084998294395504,,2.01,,,,,,,,Simbad,05 35 31.46,-05 15 23.23,0.12784846541513625,0.055689584892635896
1261,1262,871,,,99.0,7.44,7.334998294395504,,,,,,,,,,Simbad,05 35 31.51,-05 16 58.02,0.11476951568632249,0.055689584892635896
1262,1263,3011,,,,8.84,,,,,,,,,,,Simbad,05 35 31.55,-05 15 23.22,0.0,0.0
1263,1264,878,,,99.0,7.69,6.354998294395504,,3.74,3.471,M6(H),0.0,-0.36,2.51,0.14,4.32,Simbad,05 35 31.58,-05 30 03.82,0.16917323621266467,0.055689584892635896
1264,1265,875,,,99.0,7.72,7.794998294395505,,,,,,,,,,Simbad,05 35 31.64,-05 16 39.82,0.0,0.0
1265,1266,874,,,81.0,9.32,6.404998294395504,,,,,,,,,,Simbad,05 35 31.66,-05 14 52.22,0.16615758148262658,0.055689584892635896
1266,1267,880,,,99.0,7.27,6.084998294395504,,2.74,3.509,M4(H),0.0,-0.51,1.77,0.18,5.31,Simbad,05 35 31.69,-05 29 33.72,0.2061854919062213,0.055689584892635896
1267,1268,876,,2084.0,13.0,14.44,2.8149982943955045,,1.64,3.661,K3(WSH)K6(CK)K4-M0eIV(W),1.13,0.88,4.36,0.84,5.19,Simbad,05 35 31.84,-05 09 27.62,0.0,0.0
1268,1269,5156,,,,9.25,8.934998294395504,,,,,,,,,,Simbad,05 35 31.84,-05 31 47.30,0.0,0.0
1269,1270,877,,,98.0,8.33,5.434998294395504,,,,,,,,,,Simbad,05 35 31.85,-05 15 59.52,0.3224256265775923,0.055689584892635896
1270,1271,879,,,0.0,8.04,6.3149982943955045,,2.29,,<=M1(H),,,,,,Simbad,05 35 31.90,-05 16 19.74,0.17357650357897603,0.055689584892635896
1271,1272,881,,,99.0,12.07,6.774998294395504,,3.35,,,,,,,,Simbad,05 35 32.06,-05 11 57.72,0.14500266529959244,0.055689584892635896
1272,1273,882,,,,8.3,6.0649982943955045,,,,,,,,,,Simbad,05 35 32.06,-05 16 03.42,0.20938890724578588,0.055689584892635896
1273,1274,886,,,99.0,6.73,5.924998294395504,,3.38,,,,,,,,Simbad,05 35 32.06,-05 28 51.12,0.2344522995185676,0.055689584892635896
1274,1275,5043,,,,7.98,8.734998294395504,,,,,,,,,,Simbad,05 35 32.21,-05 16 26.53,0.0,0.0
1275,1276,883,,,99.0,6.57,5.174998294395504,,2.62,,,,,,,,Simbad,05 35 32.22,-05 18 07.72,0.37328233752136986,0.055689584892635896
1276,1277,887,,2100.0,97.0,8.75,2.214998294395505,,1.42,3.771,<K0(WSH)F9IV-V(M)G9:e:IV-V(Petal)M1(B),2.06,1.39,4.75,2.97,6.32,Simbad,05 35 32.28,-05 31 10.82,0.0,0.0
1277,1278,884,,,99.0,9.81,6.824998294395504,,3.44,,,,,,,,Simbad,05 35 32.30,-05 14 24.52,0.14241787125492958,0.055689584892635896
1278,1279,885,,,,9.17,8.244998294395502,,1.54,,,,,,,,Simbad,05 35 32.32,-05 15 06.52,0.0,0.0
1279,1280,889,,2098.0,0.0,6.92,5.254998294395504,,1.09,,,,,,,,Simbad,05 35 32.40,-05 29 01.72,0.3582470271197387,0.055689584892635896
1280,1281,890,,2097.0,99.0,4.88,4.934998294395504,,2.11,3.555,M1.5(H),0.11,-0.16,2.16,0.27,5.36,Simbad,05 35 32.41,-05 26 10.12,0.42664404698884734,0.055689584892635896
1281,1282,3014,,,,8.54,8.004998294395504,,,,,,,,,,Simbad,05 35 32.55,-05 15 51.00,0.0,0.0
1282,1283,888,,,,7.91,7.414998294395504,,,,,,,,,,Simbad,05 35 32.58,-05 16 34.62,0.11071425928065064,0.055689584892635896
1283,1284,891,,,99.0,7.04,7.754998294395504,,3.11,3.555,M0-M3(H),2.67,-0.66,1.21,0.37,6.29,Simbad,05 35 32.69,-05 17 38.22,0.0,0.0
1284,1285,5060,,,,6.49,9.484998294395504,,,,,,,,,,Simbad,05 35 32.74,-05 18 19.53,0.0,0.0
1285,1286,895,,2099.0,99.0,8.08,5.704998294395503,,2.05,,,,,,,,Simbad,05 35 32.77,-05 30 21.02,0.27283133053348313,0.055689584892635896
1286,1287,892,,,99.0,8.36,5.904998294395504,,2.22,3.623,late-K:(H),2.0,-0.13,1.63,0.65,6.14,Simbad,05 35 32.80,-05 16 05.02,0.23748388012495833,0.055689584892635896
1287,1288,894,,,99.0,7.14,6.5649982943955045,,3.3,,,,,,,,Simbad,05 35 33.00,-05 17 33.82,0.1570253423894375,0.055689584892635896
1288,1289,893,,,99.0,10.1,5.9849982943955045,,2.94,,,,,,,,Simbad,05 35 33.05,-05 14 10.42,0.22385551330425044,0.055689584892635896
1289,1290,3018,,,,8.4,6.254998294395504,,,,,,,,,,Simbad,05 35 33.11,-05 16 05.09,0.1817932013636544,0.055689584892635896
1290,1291,5076,,,,5.4,9.044998294395503,,3.62,3.591,K7-M0(H),4.89,-0.67,1.02,0.66,6.87,Simbad,05 35 33.15,-05 19 57.46,0.0,0.0
1291,1292,896,,,99.0,9.06,7.634998294395505,,,,,,,,,,Simbad,05 35 33.47,-05 15 23.12,0.0,0.0
1292,1293,898,,,99.0,6.94,5.994998294395504,,3.3,3.494,M5(H),0.06,-0.38,2.22,0.15,4.56,Simbad,05 35 33.52,-05 28 50.32,0.22213654429975602,0.055689584892635896
1293,1294,899,,,44.0,10.02,6.464998294395505,,2.18,,,,,,,,Simbad,05 35 33.71,-05 32 25.12,0.16277688721947972,0.055689584892635896
1294,1295,897,,,95.0,7.56,9.264998294395506,,,,,,,,,,Simbad,05 35 33.72,-05 17 10.82,0.0,0.0
1295,1296,900,,,99.0,15.6,6.534998294395503,,2.78,3.518,M3.5(H),0.18,-0.69,1.39,0.2,6.05,Simbad,05 35 33.79,-05 38 21.22,0.15905575532920044,0.055689584892635896
1296,1297,901,,,99.0,5.91,5.404998294395504,,2.75,,,,,,,,Simbad,05 35 34.11,-05 27 18.02,0.3282774472239819,0.055689584892635896
1297,1298,904,,,99.0,10.93,8.684998294395504,,3.76,3.562,M1(H),4.57,-0.57,1.3,0.4,6.24,Simbad,05 35 34.20,-05 33 21.32,0.0,0.0
1298,1299,902,,,84.0,5.74,7.2349982943955045,,,,,,,,,,Simbad,05 35 34.26,-05 26 59.32,0.11989396494897386,0.055689584892635896
1299,1300,5105,,,,4.49,9.094998294395504,,,,,,,,,,Simbad,05 35 34.37,-05 23 31.45,0.0,0.0
1300,1301,3002,,,,11.19,7.784998294395503,,3.32,,,,,,,,Simbad,05 35 34.41,-05 13 07.60,0.0,0.0
1301,1302,903,,,99.0,8.76,7.504998294395504,,,,,,,,,,Simbad,05 35 34.50,-05 15 52.62,0.10625483785389761,0.055689584892635896
1302,1303,905,,,99.0,5.96,8.244998294395502,,,,,,,,,,Simbad,05 35 34.54,-05 27 14.82,0.0,0.0
1303,1304,906,,,99.0,12.14,6.084998294395504,,2.45,3.526,M3(H),0.0,-0.58,1.51,0.23,5.98,Simbad,05 35 34.61,-05 34 38.02,0.2061854919062213,0.055689584892635896
1304,1305,907,,2112.0,99.0,7.45,4.684998294395504,,1.6,3.679,K1-K4(H),1.31,0.17,1.78,1.14,6.34,Simbad,05 35 34.81,-05 29 14.02,0.49140743499649364,0.055689584892635896
1305,1306,910,,,99.0,6.49,7.804998294395505,,3.52,3.535,M2.5(H),2.92,-0.59,1.45,0.27,6.02,Simbad,05 35 35.01,-05 27 54.42,0.0,0.0
1306,1307,909,,,,5.06,6.3649982943955035,,2.74,,,,,,,,Simbad,05 35 35.03,-05 21 23.32,0.16873910038769335,0.055689584892635896
1307,1308,913,,,98.0,11.43,8.874998294395505,,1.59,3.679,K1-K5e(H),1.28,-1.52,0.26,,,Simbad,05 35 35.05,-05 33 49.02,0.0,0.0
1308,1309,3159,,,,12.56,8.724998294395503,,2.87,,K:(H),,,,,,Simbad,05 35 35.08,-05 35 02.18,0.0,0.0
1309,1310,912,,,99.0,5.86,5.824998294395504,,2.54,3.526,M3(H),0.0,-0.48,1.7,0.23,5.83,Simbad,05 35 35.11,-05 26 54.72,0.25194194454595426,0.055689584892635896
1310,1311,911,,2111.0,99.0,5.07,4.604998294395504,,1.62,3.661,K4(CK),1.08,0.15,1.88,0.91,6.13,Simbad,05 35 35.17,-05 21 26.92,0.5146694912037327,0.055689584892635896
1311,1312,908,,,99.0,13.07,6.284998294395503,,3.05,3.5,M4.5(H),0.0,-0.55,1.78,0.15,5.14,Simbad,05 35 35.23,-05 11 11.22,0.17763735042814585,0.055689584892635896
1312,1313,914,,,99.0,9.02,5.094998294395504,,2.09,3.555,M1-M2(H)M3(Eetal),0.06,-0.23,1.98,0.28,5.7,Simbad,05 35 35.49,-05 15 43.12,0.38894866658264177,0.055689584892635896
1313,1314,916,,,99.0,7.85,6.414998294395504,,3.0,,,,,,,,Simbad,05 35 35.52,-05 29 36.22,0.16573118449261148,0.055689584892635896
1314,1315,918,,,97.0,16.48,7.014998294395504,,2.41,,,,,,,,Simbad,05 35 35.55,-05 39 09.02,0.13151361814606122,0.055689584892635896
1315,1316,5085,,,,5.57,9.064998294395503,,,,,,,,,,Simbad,05 35 35.60,-05 20 32.89,0.0,0.0
1316,1317,915,,2118.0,85.0,12.04,1.7149982943955049,,0.08,3.993,A1(WSH)B9(Par)A0Vn(?)A0:V+shell(LA)A0V(J)A0(S),0.15,1.45,1.82,2.32,6.9,Simbad,05 35 35.67,-05 12 20.32,0.0,0.0
1317,1318,5086,,,,5.61,9.514998294395506,,2.5,,early-K(H),,,,,,Simbad,05 35 35.83,-05 20 33.67,0.0,0.0
1318,1319,917,,2119.0,99.0,11.99,4.914998294395504,,,3.695,G6-K2e(H),0.0,-0.24,1.03,1.0,7.21,Simbad,05 35 35.89,-05 12 25.02,0.43216075900804857,0.055689584892635896
1319,1320,919,,,97.0,16.1,6.354998294395504,,2.93,3.526,M3(H),0.98,-0.45,1.76,0.23,5.75,Simbad,05 35 35.90,-05 38 43.42,0.16917323621266467,0.055689584892635896
1320,1321,5025,,,,9.7,8.314998294395503,,,,,,,,,,Simbad,05 35 36.07,-05 15 00.86,0.0,0.0
1321,1322,5083,,,,5.79,9.364998294395503,,,,,,,,,,Simbad,05 35 36.12,-05 20 20.13,0.0,0.0
1322,1323,922,,,93.0,10.75,8.594998294395504,,3.6,3.555,M1.5(H),3.93,-0.69,1.17,0.37,6.33,Simbad,05 35 36.25,-05 32 54.52,0.0,0.0
1323,1324,921,,2122.0,99.0,9.63,6.2349982943955045,,2.79,,,,,,,,Simbad,05 35 36.26,-05 31 37.52,0.18414387459125517,0.055689584892635896
1324,1325,923,,2123.0,98.0,11.9,5.074998294395504,,2.12,3.562,M1(H),0.37,-0.15,2.11,0.29,5.59,Simbad,05 35 36.36,-05 34 11.02,0.39296692495438396,0.055689584892635896
1325,1326,3049,,,,5.95,8.404998294395503,,,,,,,,,,Simbad,05 35 36.41,-05 20 09.04,0.0,0.0
1326,1327,924,,,99.0,12.03,8.544998294395503,,1.96,,K:(H),,,,,,Simbad,05 35 36.45,-05 34 19.12,0.0,0.0
1327,1328,5067,,,,6.78,8.904998294395503,,,,,,,,,,Simbad,05 35 36.57,-05 18 50.77,0.0,0.0
1328,1329,920,,,99.0,14.3,6.9449982943955035,,2.55,,,,,,,,Simbad,05 35 36.61,-05 10 00.12,0.1352838432726335,0.055689584892635896
1329,1330,926,,2134.0,96.0,15.19,4.664998294395504,,1.93,3.602,K7(H),0.88,0.11,2.37,0.4,5.57,Simbad,05 35 36.64,-05 37 41.92,0.4964842027277221,0.055689584892635896
1330,1331,927,,,99.0,15.28,5.874998294395505,,2.29,3.509,M4(H),0.0,-0.43,1.95,0.18,5.1,Simbad,05 35 36.73,-05 37 46.92,0.24303984908647883,0.055689584892635896
1331,1332,925,,,93.0,13.88,5.834998294395504,,2.45,,,,,,,,Simbad,05 35 37.05,-05 10 29.32,0.25000730202938626,0.055689584892635896
1332,1333,928,,2133.0,0.0,6.18,3.6149982943955035,,1.9,,,,,,,,Simbad,05 35 37.29,-05 26 40.96,0.8805567477198654,0.055689584892635896
1333,1334,930,,,99.0,6.55,5.994998294395504,,2.56,3.623,K5-K7(H),2.87,0.04,2.0,0.57,5.82,Simbad,05 35 37.47,-05 27 16.12,0.22213654429975602,0.055689584892635896
1334,1335,929,,,99.0,6.41,7.774998294395504,,3.82,3.483,M5.5(H),0.62,-0.88,1.32,0.11,5.25,Simbad,05 35 37.49,-05 19 44.02,0.0,0.0
1335,1336,933,,,98.0,7.33,5.5649982943955045,,2.48,3.509,M4(H),0.0,-0.31,2.25,0.17,4.73,Simbad,05 35 37.93,-05 28 21.12,0.2977390432857088,0.055689584892635896
1336,1337,931,,,,7.49,7.684998294395504,,3.04,,,,,,,,Simbad,05 35 37.99,-05 18 10.82,0.0,0.0
1337,1338,934,,,99.0,7.48,7.674998294395504,,2.81,3.526,M3e(H),0.67,-1.06,0.88,0.21,6.44,Simbad,05 35 38.02,-05 28 33.22,0.0,0.0
1338,1339,932,,,94.0,10.56,5.154998294395504,,2.86,3.522,M3-3.5(H),0.6,-0.05,2.84,0.17,4.27,Simbad,05 35 38.09,-05 14 18.72,0.37713874585141377,0.055689584892635896
1339,1340,936,,,99.0,7.54,6.724998294395505,,2.98,3.518,M3.5(H),0.69,-0.64,1.47,0.2,6.02,Simbad,05 35 38.24,-05 28 34.32,0.14801420881226798,0.055689584892635896
1340,1341,939,,,99.0,6.96,8.264998294395506,,2.56,3.5,M4.5(H),0.0,-1.34,0.72,0.12,6.43,Simbad,05 35 38.49,-05 27 36.62,0.0,0.0
1341,1342,935,,,99.0,14.53,7.204998294395503,,4.03,,,,,,,,Simbad,05 35 38.51,-05 09 56.32,0.12144425138126287,0.055689584892635896
1342,1343,937,,,99.0,8.46,7.514998294395504,,3.68,3.471,M6(H),0.0,-0.83,1.47,0.1,4.84,Simbad,05 35 38.60,-05 16 59.02,0.10571019090988754,0.055689584892635896
1343,1344,938,,2144.0,99.0,12.05,4.504998294395504,,2.7,3.695,K2(H),4.36,0.99,4.23,1.55,5.5,Simbad,05 35 38.74,-05 12 41.72,0.5460026690827088,0.055689584892635896
1344,1345,943,,,32.0,14.32,7.524998294395504,,3.75,3.494,M5(H),1.21,-0.71,1.52,0.14,5.29,Simbad,05 35 38.83,-05 36 33.32,0.10516833574740582,0.055689584892635896
1345,1346,941,,,99.0,6.09,7.4449982943955035,,3.42,3.571,K8-M0.5(H),3.96,-0.24,1.83,0.35,5.8,Simbad,05 35 38.89,-05 21 01.62,0.1093009456649664,0.055689584892635896
1346,1347,940,,2143.0,95.0,15.51,3.924998294395504,,1.63,3.535,"M2II-III(?)M3:eII,III?(W)",0.0,0.25,3.8,0.16,3.71,Simbad,05 35 38.96,-05 08 55.92,0.7432007000232504,0.055689584892635896
1347,1348,942,,,99.0,6.36,8.274998294395504,,3.42,3.526,M3(H),2.24,-0.92,1.03,0.22,6.28,Simbad,05 35 38.96,-05 20 25.62,0.0,0.0
1348,1349,944,,,99.0,7.3,6.024998294395504,,2.77,3.509,M4(H),0.0,-0.49,1.82,0.18,5.25,Simbad,05 35 39.54,-05 27 50.02,0.21650141180075821,0.055689584892635896
1349,1350,3012,,,,9.55,7.874998294395505,,3.86,,,,,,,,Simbad,05 35 39.75,-05 15 49.02,0.0,0.0
1350,1351,5121,,,,6.97,9.294998294395503,,,,,,,,,,Simbad,05 35 39.86,-05 27 08.99,0.0,0.0
1351,1352,946,,,0.0,6.45,7.934998294395504,,2.62,3.518,M3.5(H),0.0,-1.3,0.69,0.17,6.59,Simbad,05 35 39.94,-05 26 00.86,0.0,0.0
1352,1353,947,,,64.0,7.47,6.274998294395504,,2.66,3.544,M2:(H),1.1,-0.44,1.65,0.29,5.89,Simbad,05 35 39.96,-05 27 58.72,0.17901196936078953,0.055689584892635896
1353,1354,945,,2149.0,99.0,8.35,4.424998294395504,,2.4,4.111,B6(H),6.48,2.29,2.79,3.91,,Simbad,05 35 40.06,-05 17 29.12,0.5703816425257414,0.055689584892635896
1354,1355,950,,2157.0,0.0,7.02,4.154998294395504,,0.91,,,,,,,,Simbad,05 35 40.39,-05 27 01.82,0.6586542525929666,0.055689584892635896
1355,1356,948,,,0.0,12.6,6.774998294395504,,2.74,,<=K4(H),,,,,,Simbad,05 35 40.50,-05 12 18.62,0.14500266529959244,0.055689584892635896
1356,1357,949,,2148.0,90.0,15.58,4.1949982943955035,,2.55,3.562,late-K:(H)M0-M4(Her)M1(B),1.47,0.47,4.3,0.19,3.62,Simbad,05 35 40.66,-05 09 01.12,0.6452530666027193,0.055689584892635896
1357,1358,952,,,99.0,10.58,5.774998294395504,,2.66,,,,,,,,Simbad,05 35 40.74,-05 32 01.62,0.2604998870451156,0.055689584892635896
1358,1359,951,,,99.0,6.24,7.184998294395504,,2.77,3.509,M4e(H),0.0,-0.95,1.07,0.16,6.19,Simbad,05 35 40.79,-05 22 02.12,0.12269890121487802,0.055689584892635896
1359,1360,955,,,98.0,16.35,6.8149982943955045,,,,,,,,,,Simbad,05 35 41.18,-05 38 30.32,0.14278428721830652,0.055689584892635896
1360,1361,954,,2166.0,99.0,7.64,6.494998294395504,,2.38,3.526,M3(H),0.0,-0.75,1.25,0.23,6.13,Simbad,05 35 41.21,-05 27 50.12,0.1611124224814569,0.055689584892635896
1361,1362,953,,2156.0,26.0,12.11,4.624998294395505,,2.34,3.544,M2(H),0.28,0.02,2.8,0.22,4.55,Simbad,05 35 41.25,-05 12 58.92,0.5080995208654797,0.055689584892635896
1362,1363,956,,,98.0,16.41,6.714998294395505,,,,,,,,,,Simbad,05 35 41.26,-05 38 33.72,0.14839502316118028,0.055689584892635896
1363,1364,5039,,,,9.61,9.074998294395504,,2.5,,K:(H),,,,,,Simbad,05 35 41.46,-05 16 05.15,0.0,0.0
1364,1365,959,,2167.0,97.0,7.99,2.1149982943955035,,1.1,3.719,K0(WSH)K1eIV(Par)K1eIV-V(GS)K0-1eIV(J),0.59,1.03,3.99,2.41,5.86,Simbad,05 35 41.87,-05 28 12.42,0.0,0.0
1365,1366,957,,,99.0,14.65,6.294998294395505,,3.7,3.591,K6-K8(H),5.1,0.48,3.82,0.18,3.85,Simbad,05 35 41.89,-05 10 11.22,0.17627328708693393,0.055689584892635896
1366,1367,3001,,,,12.19,7.654998294395504,,3.87,,,,,,,,Simbad,05 35 41.95,-05 12 59.64,0.0,0.0
1367,1368,958,,,0.0,7.19,7.604998294395504,,3.03,3.509,M4(H),0.31,-1.05,0.96,0.16,6.26,Simbad,05 35 42.00,-05 20 05.25,0.10119197758619393,0.055689584892635896
1368,1369,960,,,99.0,10.46,7.164998294395504,,2.9,3.571,M0.5e(H),2.62,-0.45,1.43,0.42,6.12,Simbad,05 35 42.17,-05 15 07.72,0.12364838752627612,0.055689584892635896
1369,1370,962,,2175.0,99.0,7.71,5.174998294395504,,1.97,3.623,K6(H),1.35,0.0,1.9,0.58,5.89,Simbad,05 35 42.37,-05 27 32.72,0.37328233752136986,0.055689584892635896
1370,1371,966,,,99.0,12.31,8.034998294395505,,3.71,3.509,M4(H),2.05,-0.79,1.29,0.17,6.06,Simbad,05 35 42.50,-05 33 48.82,0.0,0.0
1371,1372,964,,,99.0,7.08,6.5649982943955045,,3.59,3.483,M5.5(H),0.03,-0.54,1.95,0.13,4.62,Simbad,05 35 42.51,-05 26 08.02,0.1570253423894375,0.055689584892635896
1372,1373,3107,,,,7.26,8.524998294395504,,,,,,,,,,Simbad,05 35 42.52,-05 26 33.27,0.0,0.0
1373,1374,965,,,99.0,6.95,7.354998294395504,,3.32,3.518,M3.5(H),1.56,-0.68,1.4,0.2,6.05,Simbad,05 35 42.56,-05 25 44.82,0.11388820953838107,0.055689584892635896
1374,1375,961,,2173.0,98.0,13.21,4.214998294395505,,1.71,3.612,K6-K7(H),0.5,0.19,2.47,0.45,5.56,Simbad,05 35 42.65,-05 11 54.52,0.6386550722878804,0.055689584892635896
1375,1376,969,,,99.0,6.63,6.344998294395504,,2.54,3.544,M2e(H),0.8,-0.54,1.46,0.3,6.0,Simbad,05 35 42.88,-05 23 02.22,0.1700448616001363,0.055689584892635896
1376,1377,963,,2164.0,0.0,7.34,2.0649982943955045,,1.04,3.661,K1-K2V(W)K3(S)K4IV(SBB)K5V(vA),0.0,0.9,4.48,0.84,5.16,Simbad,05 35 42.91,-05 20 13.34,0.0,0.0
1377,1378,967,,2174.0,0.0,11.69,2.624998294395505,,0.77,3.761,F8IV-V(Petal)K0V(vA),0.28,0.78,2.46,1.85,6.68,Simbad,05 35 42.94,-05 13 45.22,0.0,0.0
1378,1379,968,,2172.0,1.0,15.6,3.9749982943955047,,1.85,3.643,K5Ve(W),1.38,0.48,3.0,0.62,5.45,Simbad,05 35 43.13,-05 09 16.72,0.7224884413711444,0.055689584892635896
1379,1380,971,,2185.0,83.0,14.7,3.414998294395504,,1.51,3.602,K6-K8(H),0.0,0.4,3.3,0.35,4.68,Simbad,05 35 43.17,-05 36 27.72,0.9783863659638493,0.055689584892635896
1380,1381,972,,2184.0,99.0,11.52,5.224998294395505,,2.02,3.562,M1(H),0.11,-0.28,1.83,0.33,5.8,Simbad,05 35 43.32,-05 32 43.92,0.36381295715399536,0.055689584892635896
1381,1382,973,,,99.0,11.12,7.894998294395505,,3.35,3.494,M5(H),0.18,-1.11,0.96,0.12,6.19,Simbad,05 35 43.51,-05 32 11.62,0.0,0.0
1382,1383,3030,,,,9.03,8.334998294395506,,2.78,,<=K4(H),,,,,,Simbad,05 35 43.57,-05 17 25.38,0.0,0.0
1383,1384,5109,,,,6.88,9.454998294395503,,,,late-K::(H),,,,,,Simbad,05 35 43.67,-05 24 17.70,0.0,0.0
1384,1385,970,,,99.0,15.03,7.574998294395504,,3.94,3.448,M6.5-M7.5(H),0.0,-0.63,2.06,0.07,3.37,Simbad,05 35 43.68,-05 09 58.52,0.10276415383508312,0.055689584892635896
1385,1386,5021,,,,11.07,8.644998294395505,,3.06,,,,,,,,Simbad,05 35 43.69,-05 14 39.03,0.0,0.0
1386,1387,974,,,99.0,14.99,6.404998294395504,,3.83,3.471,M6(H),0.0,-0.38,2.46,0.14,4.34,Simbad,05 35 44.12,-05 36 40.12,0.16615758148262658,0.055689584892635896
1387,1388,976,,,0.0,15.8,6.914998294395504,,2.43,,,,,,,,Simbad,05 35 44.25,-05 37 33.82,0.13703312820805735,0.055689584892635896
1388,1389,975,,2194.0,0.0,11.31,3.5549982943955047,,1.1,3.679,K3:(S),0.03,0.31,2.08,1.11,6.12,Simbad,05 35 44.44,-05 32 15.36,0.9081309641171821,0.055689584892635896
1389,1390,979,,,99.0,14.93,6.634998294395505,,3.54,,,,,,,,Simbad,05 35 44.47,-05 36 33.62,0.15304194284185593,0.055689584892635896
1390,1391,978,,,0.0,11.84,7.9849982943955045,,2.44,,>M4(H),,,,,,Simbad,05 35 44.48,-05 32 54.85,0.0,0.0
1391,1392,980,,,99.0,7.18,5.454998294395503,,2.74,3.509,M4(H),0.0,-0.26,2.37,0.16,4.58,Simbad,05 35 44.73,-05 24 34.22,0.3183097292121724,0.055689584892635896
1392,1393,977,,,98.0,10.73,8.404998294395503,,2.64,,K:(H),,,,,,Simbad,05 35 44.84,-05 15 20.02,0.0,0.0
1393,1394,982,,2200.0,99.0,8.67,5.424998294395504,,2.12,3.562,M1e(H),0.37,-0.29,1.79,0.33,5.82,Simbad,05 35 45.28,-05 28 10.52,0.3249206670045905,0.055689584892635896
1394,1395,981,,2199.0,99.0,7.73,4.834998294395504,,2.0,3.58,M0(H),0.53,-0.04,2.22,0.33,5.57,Simbad,05 35 45.30,-05 20 36.62,0.452618218848232,0.055689584892635896
1395,1396,984,,,95.0,8.82,5.6949982943955035,,2.57,3.526,M3(H),0.06,-0.41,1.84,0.22,5.58,Simbad,05 35 45.47,-05 28 22.62,0.2742370299190035,0.055689584892635896
1396,1397,983,,2198.0,0.0,8.92,7.374998294395505,,3.73,,,,,,,,Simbad,05 35 45.52,-05 18 13.48,0.11272365287378783,0.055689584892635896
1397,1398,986,,,0.0,12.98,7.964998294395505,,2.15,,,,,,,,Simbad,05 35 45.52,-05 34 07.74,0.0,0.0
1398,1399,3004,,,,12.19,7.684998294395504,,3.96,,,,,,,,Simbad,05 35 45.52,-05 13 36.08,0.0,0.0
1399,1400,987,,,99.0,9.24,7.074998294395504,,4.33,3.509,M4(H),3.64,-0.02,3.13,0.14,3.77,Simbad,05 35 45.93,-05 17 49.42,0.12817739687723836,0.055689584892635896
1400,1401,985,,,99.0,14.54,4.914998294395504,,1.58,3.602,K7e(H),0.0,-0.2,1.65,0.5,6.0,Simbad,05 35 46.00,-05 10 51.32,0.43216075900804857,0.055689584892635896
1401,1402,5167,,,,13.44,9.884998294395503,,1.61,,,,,,,,Simbad,05 35 46.03,-05 34 35.52,0.0,0.0
1402,1403,989,,,99.0,9.09,5.594998294395504,,2.47,3.544,M2(H),0.62,-0.28,1.97,0.25,5.59,Simbad,05 35 46.11,-05 18 08.32,0.2924315952856431,0.055689584892635896
1403,1404,988,,,99.0,10.71,6.744998294395504,,3.12,3.544,M2e(H),2.28,-0.34,1.85,0.27,5.75,Simbad,05 35 46.12,-05 15 39.62,0.14687761926208237,0.055689584892635896
1404,1405,5169,,,,13.59,9.374998294395505,,1.86,,,,,,,,Simbad,05 35 46.28,-05 34 43.79,0.0,0.0
1405,1406,5166,,,,13.37,9.354998294395505,,2.63,,,,,,,,Simbad,05 35 46.34,-05 34 27.38,0.0,0.0
1406,1407,5174,,,,14.07,8.854998294395505,,2.15,,K:(H),,,,,,Simbad,05 35 46.38,-05 35 17.02,0.0,0.0
1407,1408,5175,,,,14.38,9.414998294395504,,,,,,,,,,Simbad,05 35 46.48,-05 35 38.13,0.0,0.0
1408,1409,990,,,99.0,7.58,5.964998294395505,,2.88,3.5,M4.5(H),0.0,-0.42,2.07,0.16,4.83,Simbad,05 35 46.50,-05 22 24.12,0.2273334601691593,0.055689584892635896
1409,1410,991,,,0.0,10.05,6.464998294395505,,2.41,3.695,early-K(H),3.62,0.02,1.39,1.24,6.79,Simbad,05 35 46.72,-05 16 46.74,0.16277688721947972,0.055689584892635896
1410,1411,992,,2208.0,0.0,9.36,1.1149982943955035,,4.17,3.611,K3-M0I(H)M0(Petal)M2:(B)K3-K5(HP)M0-M1(HP),6.78,2.96,60.71,,,Simbad,05 35 46.90,-05 17 56.52,0.0,0.0
1411,1412,993,,,99.0,9.53,6.874998294395505,,3.22,3.494,M5(H),0.0,-0.74,1.46,0.14,5.35,Simbad,05 35 47.12,-05 17 43.32,0.13952019258131768,0.055689584892635896
1412,1413,995,,2207.0,98.0,12.69,4.904998294395504,,2.11,3.555,M1.5(H),0.11,-0.14,2.19,0.26,5.3,Simbad,05 35 47.27,-05 13 18.32,0.434387365872428,0.055689584892635896
1413,1414,994,,2205.0,19.0,15.04,4.674998294395504,,1.69,3.602,K5-K7(H),0.26,-0.04,1.99,0.44,5.75,Simbad,05 35 47.31,-05 10 28.12,0.4939392964512026,0.055689584892635896
1414,1415,998,,2209.0,99.0,7.76,5.164998294395504,,2.32,3.535,M2.5(H),0.0,-0.24,2.15,0.23,5.17,Simbad,05 35 47.36,-05 22 49.32,0.37520558714029506,0.055689584892635896
1415,1416,996,,2206.0,0.0,13.52,5.654998294395504,,1.26,3.602,late-K:(H),0.0,-0.5,1.18,0.68,6.66,Simbad,05 35 47.39,-05 12 17.32,0.2813749140873865,0.055689584892635896
1416,1417,997,,2217.0,0.0,10.06,3.2449982943955042,,1.2,3.806,F2-F7(H),1.87,0.98,2.52,1.83,6.77,Simbad,05 35 47.40,-05 16 57.82,1.0704536503964313,0.055689584892635896
1417,1418,1001,,,98.0,13.64,8.294998294395503,,2.43,3.591,"K8,K2-K6:(H)",1.84,-1.11,0.61,0.67,7.65,Simbad,05 35 47.41,-05 34 35.70,0.0,0.0
1418,1419,1000,,,77.0,8.81,7.274998294395504,,2.91,3.544,M2e(H),1.75,-0.68,1.25,0.3,6.18,Simbad,05 35 47.53,-05 19 14.22,0.11805972181025816,0.055689584892635896
1419,1420,1002,,,99.0,16.27,6.4849982943955045,,3.08,3.471,M6e(H),0.0,-0.41,2.37,0.14,4.38,Simbad,05 35 47.61,-05 37 39.52,0.16152693621470784,0.055689584892635896
1420,1421,999,,2216.0,10.0,15.06,2.8049982943955047,,1.19,3.695,K2:(WSH),0.49,0.72,3.12,1.41,5.78,Simbad,05 35 47.68,-05 10 30.32,0.0,0.0
1421,1422,3003,,,,12.76,8.154998294395503,,3.59,3.535,M2.5:(H),3.1,-0.68,1.3,0.26,6.12,Simbad,05 35 47.72,-05 13 17.69,0.0,0.0
1422,1423,1004,,,99.0,11.65,5.664998294395504,,2.1,3.562,M1(H),0.31,-0.4,1.58,0.36,5.95,Simbad,05 35 48.08,-05 31 55.62,0.27993262693911086,0.055689584892635896
1423,1424,1003,,,6.0,14.56,6.674998294395504,,2.61,,,,,,,,Simbad,05 35 48.14,-05 11 10.02,0.1507005728345093,0.055689584892635896
1424,1425,1005,,,98.0,11.34,8.734998294395504,,2.39,,K:(H),,,,,,Simbad,05 35 48.46,-05 15 21.02,0.0,0.0
1425,1426,1006,,,99.0,8.95,6.644998294395505,,2.92,3.518,M3.5(H),0.54,-0.65,1.46,0.2,6.02,Simbad,05 35 48.61,-05 19 27.22,0.15264920347244804,0.055689584892635896
1426,1427,1007,,,99.0,11.23,6.414998294395504,,2.5,3.526,M3(H),0.0,-0.72,1.3,0.23,6.11,Simbad,05 35 48.92,-05 15 37.62,0.16573118449261148,0.055689584892635896
1427,1428,5036,,,,11.06,9.364998294395503,,1.99,,GK:(H),,,,,,Simbad,05 35 48.93,-05 15 52.69,0.0,0.0
1428,1429,5173,,,,14.46,8.864998294395503,,2.49,,,,,,,,Simbad,05 35 49.37,-05 35 15.72,0.0,0.0
1429,1430,1008,,2235.0,92.0,14.6,4.634998294395505,,1.71,3.571,M0-M0.5(H),0.0,-0.08,2.2,0.3,5.54,Simbad,05 35 49.39,-05 35 25.81,0.5041978643251775,0.055689584892635896
1430,1431,1012,,,99.0,12.33,8.164998294395504,,3.68,3.535,M2.5(H),3.33,-0.63,1.38,0.27,6.07,Simbad,05 35 49.68,-05 32 29.02,0.0,0.0
1431,1432,5026,,,,11.67,9.204998294395503,,1.97,3.591,K7-M0:(H),0.66,-1.77,0.29,,,Simbad,05 35 49.75,-05 15 12.66,0.0,0.0
1432,1433,1010,,,,9.66,6.9849982943955045,,2.92,,,,,,,,Simbad,05 35 49.78,-05 18 30.65,0.1332141522635195,0.055689584892635896
1433,1434,5052,,,,10.35,8.574998294395504,,2.0,3.544,M2(H),0.0,-1.63,0.42,0.26,7.47,Simbad,05 35 49.93,-05 17 17.91,0.0,0.0
1434,1435,1009,,,97.0,15.99,7.584998294395504,,3.04,,GK(H),,,,,,Simbad,05 35 49.96,-05 09 46.02,0.10223739963291663,0.055689584892635896
1435,1436,1011,,,99.0,15.38,7.004998294395504,,3.5,3.494,M5III(H),0.57,-0.66,1.61,0.14,5.19,Simbad,05 35 50.00,-05 10 29.12,0.13185197939711457,0.055689584892635896
1436,1437,1013,,2234.0,99.0,8.67,6.474998294395505,,2.3,3.526,M3e(H),0.0,-0.74,1.26,0.23,6.13,Simbad,05 35 50.07,-05 21 16.72,0.16235916583635,0.055689584892635896
1437,1438,5168,,,,14.05,9.244998294395502,,,,,,,,,,Simbad,05 35 50.22,-05 34 36.12,0.0,0.0
1438,1439,1015,,2247.0,92.0,9.95,1.5149982943955038,,0.7,3.94,A3(WSH)A3ea(Par)A5(CK)A3V(vA)B8-A3Vp(J)B8-A3V(GS)A0:(T),1.56,1.76,3.35,2.52,6.62,Simbad,05 35 50.36,-05 28 34.62,0.0,0.0
1439,1440,1016,,2246.0,88.0,10.99,4.874998294395505,,1.92,3.643,K5(CK),1.56,0.16,2.08,0.7,5.86,Simbad,05 35 50.66,-05 16 29.02,0.44227122108308486,0.055689584892635896
1440,1441,1014,,,8.0,16.32,3.414998294395504,,,3.509,M4(H),0.0,0.55,6.06,,,Simbad,05 35 50.70,-05 09 29.62,0.9783863659638493,0.055689584892635896
1441,1442,1018,,,99.0,13.07,7.254998294395504,,3.03,3.483,M5.5(H),0.0,-0.82,1.41,0.11,5.15,Simbad,05 35 50.86,-05 33 12.75,0.11897330855534234,0.055689584892635896
1442,1443,1017,,2245.0,78.0,11.92,5.144998294395505,,1.85,3.602,K7(GCVS),0.68,-0.13,1.8,0.48,5.88,Simbad,05 35 50.92,-05 15 08.92,0.37908186470899746,0.055689584892635896
1443,1444,1019,,,1.0,10.51,6.834998294395504,,2.87,,,,,,,,Simbad,05 35 51.66,-05 17 39.32,0.14168785782760615,0.055689584892635896
1444,1445,5029,,,,11.83,8.084998294395506,,2.43,3.494,>M5(H),0.0,-1.23,0.83,0.12,6.31,Simbad,05 35 51.75,-05 15 30.57,0.0,0.0
1445,1446,5016,,,,12.7,8.564998294395503,,2.5,,K:(H),,,,,,Simbad,05 35 51.83,-05 14 16.60,0.0,0.0
1446,1447,1020,,2253.0,99.0,10.4,4.5649982943955045,,1.4,3.623,K6(H)K0(Par)K0:(J)K0:(GS),0.0,-0.08,1.72,0.62,6.04,Simbad,05 35 51.94,-05 28 47.02,0.5267102567372287,0.055689584892635896
1447,1448,5004,,,,13.47,7.7349982943955045,,3.36,3.494,M5(H),0.21,-1.04,1.04,0.12,6.11,Simbad,05 35 52.17,-05 13 18.30,0.0,0.0
1448,1449,5001,,,,13.75,6.524998294395504,,3.15,3.509,M4(H),0.62,-0.54,1.72,0.18,5.38,Simbad,05 35 52.23,-05 12 56.56,0.15946497762206333,0.055689584892635896
1449,1450,1022,,,99.0,10.09,7.544998294395505,,2.81,3.5,M4.5(H),0.0,-1.05,1.0,0.14,6.2,Simbad,05 35 52.39,-05 27 57.22,0.1043607563104038,0.055689584892635896
1450,1451,1021,,2258.0,36.0,13.79,4.914998294395504,,1.91,3.633,K5-K6(H),1.37,0.11,2.04,0.63,5.83,Simbad,05 35 52.65,-05 12 58.72,0.43216075900804857,0.055689584892635896
1451,1452,5097,,,,9.12,9.104998294395505,,,,K:(H),,,,,,Simbad,05 35 52.72,-05 22 31.14,0.0,0.0
1452,1453,1023,,,0.0,9.95,7.584998294395504,,2.82,3.535,M2.5(H),1.13,-0.94,0.97,0.25,6.4,Simbad,05 35 53.04,-05 19 29.73,0.10223739963291663,0.055689584892635896
1453,1454,1024,,,97.0,12.05,7.784998294395503,,3.02,3.687,K2-K3(H),5.07,-0.16,1.18,1.1,6.98,Simbad,05 35 53.53,-05 15 41.42,0.0,0.0
1454,1455,5125,,,,10.28,8.764998294395506,,3.81,3.494,M5(H),1.36,-1.17,0.9,0.12,6.25,Simbad,05 35 53.84,-05 27 37.69,0.0,0.0
1455,1456,1025,,,99.0,11.27,7.844998294395504,,4.01,3.483,M5.5 (H),1.11,-0.78,1.46,0.11,5.08,Simbad,05 35 54.04,-05 17 10.22,0.0,0.0
1456,1457,2271,,2271.0,99.0,17.15,-0.9750017056044955,,-0.01,4.111,B6(WSH)B6Veb(Par)B7eV+shell(LA)B5V(vA)B5Vne(J),0.3,2.94,5.92,5.72,,Simbad,05 35 54.10,-05 37 42.50,0.0,0.0
1457,1458,1026,a,2269.0,98.0,10.04,5.684998294395504,,2.24,3.571,M0.5e(H),0.93,-0.27,1.76,0.36,5.84,Simbad,05 35 54.24,-05 26 44.32,0.2763591704060692,0.055689584892635896
1458,1459,1026,b,,,10.08,,,,,,,,,,,Simbad,05 35 54.39,-05 26 45.24,0.0,0.0
1459,1460,1028,,,99.0,9.61,8.344998294395504,,3.52,3.633,K5-K6:(H),5.5,-0.26,1.34,0.82,6.55,Simbad,05 35 54.45,-05 21 57.52,0.0,0.0
1460,1461,1030,,2270.0,99.0,10.24,5.584998294395504,,2.18,3.544,M2(H),0.0,-0.43,1.66,0.29,5.88,Simbad,05 35 54.54,-05 27 07.42,0.2939382804342878,0.055689584892635896
1461,1462,1029,,,98.0,9.63,7.774998294395504,,3.53,3.708,K0-K2(H),6.68,0.25,1.7,1.45,6.62,Simbad,05 35 54.56,-05 22 00.72,0.0,0.0
1462,1463,1027,,,73.0,15.7,6.514998294395504,,1.84,3.771,F7-G4(H),3.14,-0.07,0.89,1.08,4.21,Simbad,05 35 54.65,-05 10 55.22,0.15987525277142067,0.055689584892635896
1463,1464,1032,,,99.0,9.65,8.084998294395506,,3.9,3.483,M5.5(H),0.83,-0.95,1.21,0.11,5.39,Simbad,05 35 54.87,-05 22 35.42,0.0,0.0
1464,1465,1031,,,0.0,13.96,5.874998294395505,,2.11,,F6/K3composite?(H),,,,,,Simbad,05 35 54.88,-05 13 15.42,0.24303984908647883,0.055689584892635896
1465,1466,1033,,,80.0,13.56,6.634998294395505,,2.04,3.917,A0-A5(H),4.88,0.49,0.86,1.5,,Simbad,05 35 55.33,-05 13 55.52,0.15304194284185593,0.055689584892635896
1466,1467,1034,,,99.0,9.74,6.894998294395505,,3.11,3.494,M5(H),0.0,-0.75,1.44,0.14,5.37,Simbad,05 35 55.34,-05 23 42.92,0.13844882791842278,0.055689584892635896
1467,1468,1035,,,98.0,12.1,6.004998294395504,,2.35,3.526,M3(H),0.0,-0.55,1.57,0.23,5.94,Simbad,05 35 56.30,-05 16 31.62,0.2204307751240029,0.055689584892635896
1468,1469,1037,,2278.0,0.0,10.27,5.844998294395504,,1.26,3.643,K5(H),0.0,-0.61,0.86,0.82,7.34,Simbad,05 35 56.64,-05 25 26.12,0.24808751548161567,0.055689584892635896
1469,1470,1036,,,95.0,10.62,7.684998294395504,,3.74,3.471,M6(H),0.0,-0.89,1.36,0.09,4.91,Simbad,05 35 56.65,-05 19 57.72,0.0,0.0
1470,1471,5115,,,,10.38,9.034998294395505,,2.79,,K:(H),,,,,,Simbad,05 35 57.26,-05 25 15.01,0.0,0.0
1471,1472,1038,,,99.0,10.37,7.104998294395504,,2.93,3.494,M5(H),0.0,-0.84,1.31,0.13,5.58,Simbad,05 35 57.30,-05 25 08.52,0.1265411590393429,0.055689584892635896
1472,1473,1039,,,99.0,11.71,7.3149982943955045,,2.92,3.494,M5(H),0.0,-0.92,1.19,0.13,5.95,Simbad,05 35 57.56,-05 17 46.42,0.11595520831583915,0.055689584892635896
1473,1474,1040,,2280.0,99.0,10.3,5.4849982943955045,,2.66,3.518,M3.5(H),0.0,-0.31,2.14,0.2,5.05,Simbad,05 35 57.62,-05 23 09.22,0.31263559149390385,0.055689584892635896
1474,1475,1041,,2279.0,0.0,14.75,2.7349982943955045,,2.37,3.761,G0-5(Her),4.38,1.74,7.42,3.92,,Simbad,05 35 57.98,-05 12 54.72,0.0,0.0
1475,1476,5103,,,,10.42,8.404998294395503,,,,,,,,,,Simbad,05 35 58.08,-05 23 26.66,0.0,0.0
1476,1477,2284,,2284.0,97.0,10.55,0.9849982943955045,,-0.08,4.053,B9.5(WSH)B8V(Par)B9.5pV(LA)B8V(vA)B9V(J)B8(S),0.01,1.89,2.31,2.98,,Simbad,05 35 58.45,-05 22 30.62,0.0,0.0
1477,1478,1042,,,99.0,14.25,7.894998294395505,,2.7,3.483,M5.5(H),0.0,-1.08,1.05,0.1,5.71,Simbad,05 35 58.84,-05 32 53.40,0.0,0.0
1478,1479,5160,,,,14.38,9.274998294395504,,3.17,,late-M(H),,,,,,Simbad,05 35 59.15,-05 32 59.58,0.0,0.0
1479,1480,1044,,,87.0,17.5,6.544998294395505,,3.3,3.5,M4.5(H),0.45,-0.54,1.8,0.16,5.13,Simbad,05 35 59.47,-05 37 10.71,0.15824045851244392,0.055689584892635896
1480,1481,1043,,2291.0,,12.51,5.8149982943955045,,,3.708,K0-K2e(H),0.0,-0.6,0.64,0.8,6.28,Simbad,05 35 59.53,-05 29 43.52,0.2532400162737963,0.055689584892635896
1481,1482,1045,,2291.0,,12.53,5.8149982943955045,,,,,,,,,,Simbad,05 35 59.64,-05 29 43.52,0.2532400162737963,0.055689584892635896
1482,1483,5141,,,,12.74,8.254998294395504,,3.97,3.535,M2-M3(H),4.08,-0.49,1.63,0.26,5.9,Simbad,05 35 59.84,-05 30 02.89,0.0,0.0
1483,1484,1047,,2296.0,99.0,15.52,6.0649982943955045,,2.84,3.509,M4(H),0.0,-0.51,1.79,0.18,5.29,Simbad,05 36 00.20,-05 34 23.01,0.20938890724578588,0.055689584892635896
1484,1485,1046,,2295.0,0.0,11.02,5.474998294395505,,1.54,3.602,K7(H),0.0,-0.43,1.28,0.64,6.49,Simbad,05 36 00.48,-05 23 29.42,0.31505487326122356,0.055689584892635896
1485,1486,5014,,,,14.39,7.784998294395503,,2.27,,,,,,,,Simbad,05 36 00.54,-05 14 07.96,0.0,0.0
1486,1487,1048,,,99.0,11.98,6.874998294395505,,3.18,3.483,M5.5(H),0.0,-0.67,1.68,0.12,4.86,Simbad,05 36 01.28,-05 19 10.52,0.13952019258131768,0.055689584892635896
1487,1488,1050,,,0.0,15.0,7.704998294395503,,2.89,3.917,A2-A7(H),7.06,0.59,0.97,1.56,,Simbad,05 36 01.72,-05 33 12.22,0.0,0.0
1488,1489,1049,,2305.0,95.0,12.72,3.7049982943955033,,1.57,3.612,K6-K7(H),0.14,0.3,2.83,0.42,5.38,Simbad,05 36 01.75,-05 17 36.32,0.8385997332296705,0.055689584892635896
1489,1490,5028,,,,14.02,7.074998294395504,,4.07,3.471,M6(H),0.35,-0.57,1.99,0.12,4.54,Simbad,05 36 02.67,-05 15 26.81,0.12817739687723836,0.055689584892635896
1490,1491,1051,,,99.0,14.99,7.764998294395504,,3.91,3.526,M3(H),3.49,-0.41,1.86,0.22,5.52,Simbad,05 36 02.72,-05 32 53.84,0.0,0.0
1491,1492,5110,,,,11.75,7.294998294395505,,3.1,3.5,M4.5(H),0.0,-0.95,1.12,0.14,6.11,Simbad,05 36 03.25,-05 24 22.85,0.11685250961145867,0.055689584892635896
1492,1493,1052,,,98.0,11.81,8.414998294395504,,3.94,3.471,M6(H),0.02,-1.18,0.98,0.07,5.3,Simbad,05 36 03.39,-05 24 35.92,0.0,0.0
1493,1494,1053,,,99.0,13.71,6.9849982943955045,,2.69,3.494,M5(H),0.0,-0.79,1.39,0.13,5.44,Simbad,05 36 03.75,-05 30 18.31,0.1332141522635195,0.055689584892635896
1494,1495,5015,,,,14.96,9.234998294395504,,2.39,,K:(H),,,,,,Simbad,05 36 03.87,-05 14 15.46,0.0,0.0
1495,1496,5090,,,,12.3,6.754998294395504,,4.22,,,,,,,,Simbad,05 36 05.08,-05 21 34.15,0.14612474581095003,0.055689584892635896
1496,1497,5068,,,,13.09,7.874998294395505,,3.26,3.5,M4.5(H),0.35,-1.1,0.95,0.13,6.24,Simbad,05 36 05.66,-05 18 55.58,0.0,0.0
1497,1498,5130,,,,13.17,8.294998294395503,,3.49,3.67,K3-K4(H),6.02,-0.13,1.32,1.09,6.75,Simbad,05 36 05.70,-05 28 02.31,0.0,0.0
1498,1499,5048,,,,13.99,9.164998294395504,,3.45,,K:(H),,,,,,Simbad,05 36 06.23,-05 17 00.54,0.0,0.0
1499,1500,5053,,,,13.85,9.034998294395505,,3.42,3.567,K8-M2(H),3.85,-0.89,0.88,0.46,6.85,Simbad,05 36 06.24,-05 17 19.90,0.0,0.0
1500,1501,5165,,,,16.7,6.5649982943955045,,2.39,3.544,M2e(H),0.41,-0.72,1.19,0.3,6.23,Simbad,05 36 06.94,-05 34 17.87,0.1570253423894375,0.055689584892635896
1501,1502,5151,,,,14.92,7.934998294395504,,3.13,,K:(H),,,,,,Simbad,05 36 07.14,-05 31 14.27,0.0,0.0
1502,1503,5145,,,,14.55,6.7349982943955045,,3.32,3.518,M3.5(H),1.56,-0.43,1.87,0.2,5.38,Simbad,05 36 07.27,-05 30 26.97,0.14725550936734935,0.055689584892635896
1503,1504,5150,,,,15.02,8.404998294395503,,3.36,3.5,M4.5(H),0.6,-1.25,0.8,0.13,6.36,Simbad,05 36 07.73,-05 31 11.40,0.0,0.0
1504,1505,5033,,,,15.06,9.304998294395505,,1.94,,K:(H),,,,,,Simbad,05 36 08.29,-05 15 43.43,0.0,0.0
1505,1506,5087,,,,13.25,5.754998294395504,,2.74,3.509,M4(H),0.0,-0.38,2.06,0.18,4.98,Simbad,05 36 08.58,-05 21 01.90,0.26386827544290314,0.055689584892635896
1506,1507,5024,,,,15.56,8.984998294395504,,2.13,,G:(H),,,,,,Simbad,05 36 08.64,-05 14 54.21,0.0,0.0
1507,1508,5149,,,,15.31,8.024998294395504,,2.9,3.526,M3e(H),0.9,-1.14,0.8,0.21,6.53,Simbad,05 36 09.15,-05 31 09.15,0.0,0.0
1508,1509,5107,,,,13.21,7.0649982943955045,,3.29,3.518,M3.5(H),1.49,-0.58,1.57,0.2,5.94,Simbad,05 36 09.16,-05 24 12.67,0.12883780082599164,0.055689584892635896
1509,1510,5120,,,,13.63,8.824998294395504,,3.01,,K:(H),,,,,,Simbad,05 36 09.29,-05 26 42.32,0.0,0.0
1510,1511,5128,,2343.0,0.0,14.01,3.8049982943955047,,0.78,,,,,,,,Simbad,05 36 09.53,-05 27 50.68,0.7945481753553175,0.055689584892635896
1511,1512,5123,,,,14.01,7.494998294395504,,3.99,3.526,M3(H),3.7,-0.25,2.23,0.21,5.01,Simbad,05 36 09.94,-05 27 31.28,0.10680229096343506,0.055689584892635896
1512,1513,5094,,,,13.46,5.174998294395504,,2.94,3.5,M4.5(H),0.0,-0.1,2.97,0.15,3.93,Simbad,05 36 09.99,-05 22 04.57,0.37328233752136986,0.055689584892635896
1513,1514,5073,,2347.0,68.0,13.97,4.404998294395504,,1.46,3.679,K3(H)K1e:(GCVS),0.95,0.19,1.82,1.14,6.3,Simbad,05 36 10.38,-05 19 44.62,0.5762742988248476,0.055689584892635896
1514,1515,5003,,,,16.9,7.604998294395504,,2.06,3.708,K1(H),2.91,-0.61,0.64,0.8,6.14,Simbad,05 36 10.65,-05 13 17.21,0.10119197758619393,0.055689584892635896
1515,1516,5072,,,,14.18,7.6949982943955035,,2.73,3.535,M2.5(H),0.9,-1.04,0.86,0.25,6.52,Simbad,05 36 11.20,-05 19 41.90,0.0,0.0
1516,1517,5046,,,,15.27,7.594998294395504,,2.19,3.555,M1.5:(H),0.31,-1.17,0.67,0.35,7.05,Simbad,05 36 11.71,-05 16 54.07,0.10171334549666944,0.055689584892635896
1517,1518,5037,,,,15.73,6.434998294395504,,3.04,,,,,,,,Simbad,05 36 11.79,-05 15 54.83,0.1644585476697974,0.055689584892635896
1518,1519,5162,,,,17.2,7.934998294395504,,4.57,3.518,M3.5(H),4.77,-0.13,2.64,0.16,4.33,Simbad,05 36 12.05,-05 33 29.24,0.0,0.0
1519,1520,5088,,,,14.3,8.184998294395504,,2.83,,K:(H),,,,,,Simbad,05 36 12.97,-05 21 16.04,0.0,0.0
1520,1521,5136,,,,15.24,8.524998294395504,,2.8,3.58,M0(H),2.58,-1.01,0.72,0.58,7.31,Simbad,05 36 13.53,-05 28 41.95,0.0,0.0
1521,1522,5032,,,,16.36,7.324998294395504,,2.41,,,,,,,,Simbad,05 36 14.09,-05 15 38.23,0.11536083867463642,0.055689584892635896
1522,1523,5161,,,,17.63,7.4449982943955035,,3.11,,,,,,,,Simbad,05 36 14.46,-05 33 23.48,0.1093009456649664,0.055689584892635896
1523,1524,5116,,2362.0,,14.72,5.044998294395505,,1.78,3.58,M0(H),0.0,-0.25,1.74,0.4,5.86,Simbad,05 36 14.48,-05 25 49.11,0.3990722831136912,0.055689584892635896
1524,1525,5030,,,,16.57,5.254998294395504,,2.67,,,,,,,,Simbad,05 36 14.84,-05 15 33.29,0.3582470271197387,0.055689584892635896
1525,1526,5163,,,,18.14,4.7349982943955045,,4.59,3.509,M4(H),4.31,1.08,11.08,,,Simbad,05 36 15.10,-05 34 02.71,0.4777124022860872,0.055689584892635896
1526,1527,5089,,,,14.95,7.304998294395505,,2.54,,K:(H),,,,,,Simbad,05 36 15.72,-05 21 26.46,0.11655264030709446,0.055689584892635896
1527,1528,5069,,,,15.56,8.504998294395504,,2.83,3.687,K1-K4(H),4.58,-0.56,0.74,0.86,7.64,Simbad,05 36 16.08,-05 18 55.91,0.0,0.0
1528,1529,5134,,,,15.74,9.154998294395503,,3.09,,K:(H),,,,,,Simbad,05 36 16.27,-05 28 14.79,0.0,0.0
1529,1530,5099,,,,15.01,8.404998294395503,,3.4,3.5,M4.5(H),0.7,-1.22,0.82,0.13,6.34,Simbad,05 36 16.38,-05 22 40.93,0.0,0.0
1530,1531,5011,,,,17.89,8.444998294395505,,4.12,3.494,M5-5.5(H),2.16,-0.85,1.3,0.13,5.61,Simbad,05 36 16.85,-05 13 47.83,0.0,0.0
1531,1532,5019,,,,17.86,9.184998294395504,,2.54,3.679,K1-K5(H),3.72,-1.04,0.44,,,Simbad,05 36 18.27,-05 14 26.79,0.0,0.0
1532,1533,5061,,,,16.38,7.784998294395503,,3.29,3.5,M4.5(H),0.42,-1.04,1.01,0.14,6.19,Simbad,05 36 18.91,-05 18 28.32,0.0,0.0
1533,1534,5148,,,,17.5,8.054998294395505,,3.32,3.555,M1.5(H),3.21,-0.65,1.23,0.37,6.27,Simbad,05 36 19.14,-05 31 07.94,0.0,0.0
1534,1535,5020,,,,18.07,5.804998294395505,,2.32,3.555,M1.5(H),0.65,-0.37,1.69,0.32,5.87,Simbad,05 36 19.67,-05 14 38.17,0.25519967464538285,0.055689584892635896
1535,1536,5002,,,,18.89,7.494998294395504,,3.32,,,,,,,,Simbad,05 36 19.79,-05 13 05.83,0.10680229096343506,0.055689584892635896
1536,1537,5137,,,,17.11,8.294998294395503,,2.5,,G:(H),,,,,,Simbad,05 36 20.25,-05 29 32.47,0.0,0.0
1537,1538,5124,,,,16.65,8.034998294395505,,3.98,3.591,K8(H),5.81,-0.04,2.1,0.38,5.67,Simbad,05 36 20.89,-05 27 33.79,0.0,0.0
1538,1539,5082,,,,16.5,5.874998294395505,,2.48,3.526,M3(H),0.0,-0.5,1.66,0.23,5.87,Simbad,05 36 21.20,-05 20 13.93,0.24303984908647883,0.055689584892635896
1539,1540,5101,,,,16.26,8.884998294395503,,2.43,,K:(H),,,,,,Simbad,05 36 21.46,-05 23 07.47,0.0,0.0
1540,1541,5054,,,,17.34,6.754998294395504,,3.04,3.623,K5-K7(H),4.1,0.04,1.99,0.57,5.82,Simbad,05 36 21.73,-05 17 32.34,0.14612474581095003,0.055689584892635896
1541,1542,5122,,,,16.91,9.284998294395505,,3.17,,,,,,,,Simbad,05 36 22.13,-05 27 22.36,0.0,0.0
1542,1543,5114,,,,16.65,9.164998294395504,,3.96,,M:(H),,,,,,Simbad,05 36 22.64,-05 25 10.21,0.0,0.0
1543,1544,5102,,,,16.72,7.424998294395504,,3.59,3.494,M5(H),0.8,-0.77,1.42,0.13,5.4,Simbad,05 36 23.28,-05 23 19.01,0.1101467539868356,0.055689584892635896
1544,1545,5095,,,,16.77,9.364998294395503,,2.53,,GK:(H),,,,,,Simbad,05 36 23.37,-05 22 19.52,0.0,0.0
1545,1546,5017,,,,19.03,6.224998294395505,,1.59,,,,,,,,Simbad,05 36 23.38,-05 14 20.37,0.1855688432464024,0.055689584892635896
1546,1547,5005,,,,19.55,7.634998294395505,,1.89,,,,,,,,Simbad,05 36 23.52,-05 13 19.77,0.0,0.0
1547,1548,5006,,,,19.6,6.344998294395504,,1.99,,,,,,,,Simbad,05 36 23.83,-05 13 22.52,0.1700448616001363,0.055689584892635896
1548,1549,5172,,,,20.63,8.774998294395504,,2.98,,,,,,,,Simbad,05 36 24.08,-05 35 11.27,0.0,0.0
1549,1550,5170,,,,20.47,6.524998294395504,,3.13,,,,,,,,Simbad,05 36 24.28,-05 34 49.78,0.15946497762206333,0.055689584892635896
1550,1551,5154,,,,18.82,9.214998294395505,,3.09,,K:(H),,,,,,Simbad,05 36 24.53,-05 31 23.41,0.0,0.0
1551,1552,5104,,,,17.12,7.554998294395505,,3.47,3.555,M1.5(H),3.6,-0.36,1.72,0.32,5.85,Simbad,05 36 24.90,-05 23 31.83,0.10382581815467296,0.055689584892635896
1552,1553,5070,,,,17.66,7.174998294395504,,3.92,3.526,M3(H),3.52,-0.16,2.46,0.2,4.76,Simbad,05 36 25.07,-05 19 13.04,0.12301458376017786,0.055689584892635896
1553,1554,5049,,,,18.36,8.184998294395504,,3.94,3.555,M1.5(H),4.8,-0.31,1.81,0.31,5.8,Simbad,05 36 25.31,-05 17 01.83,0.0,0.0
1554,1555,5065,,,,17.89,7.214998294395505,,3.51,,,,,,,,Simbad,05 36 25.48,-05 18 41.70,0.12113259865508845,0.055689584892635896
1555,1556,5139,,,,18.48,8.914998294395504,,3.11,,K:(H),,,,,,Simbad,05 36 25.82,-05 29 43.80,0.0,0.0
1556,1557,5045,,,,18.6,6.9849982943955045,,3.07,3.5,M4.5(H),0.0,-0.82,1.29,0.14,5.98,Simbad,05 36 26.14,-05 16 53.46,0.1332141522635195,0.055689584892635896
1557,1558,5062,,,,18.11,8.094998294395504,,4.0,3.5,M4.5(H),2.24,-0.72,1.45,0.15,5.56,Simbad,05 36 26.18,-05 18 29.79,0.0,0.0
1558,1559,5113,,,,17.68,5.824998294395504,,3.1,3.652,K3-K4(H),4.74,0.55,3.13,0.7,5.45,Simbad,05 36 26.79,-05 25 05.15,0.25194194454595426,0.055689584892635896
1559,1560,5164,,,,20.67,8.114998294395503,,3.44,3.471,>=M6(H),0.0,-1.07,1.12,0.08,5.14,Simbad,05 36 26.86,-05 34 12.00,0.0,0.0
1560,1561,5055,,,,18.55,8.864998294395503,,2.97,,,,,,,,Simbad,05 36 26.97,-05 17 38.77,0.0,0.0
1561,1562,5111,,2387.0,98.0,17.7,1.1549982943955044,,-0.02,4.01,A0(WSH)B9V(J)B9.5V(LA),0.08,1.72,2.3,2.52,6.68,Simbad,05 36 27.08,-05 24 30.20,0.0,0.0
1562,1563,5146,,,,19.29,5.124998294395505,,2.3,3.535,M2.5(H),0.0,-0.23,2.19,0.23,5.12,Simbad,05 36 27.42,-05 30 55.28,0.3829981883972262,0.055689584892635896
1563,1564,5135,,,,18.65,6.994998294395504,,2.52,3.535,M2.5(H),0.36,-0.89,1.02,0.26,6.34,Simbad,05 36 28.02,-05 28 36.22,0.13253131576972157,0.055689584892635896
1564,1565,5108,,,,17.94,6.414998294395504,,2.43,3.736,G6-K0(H),4.23,0.21,1.43,1.31,6.99,Simbad,05 36 28.08,-05 24 17.21,0.16573118449261148,0.055689584892635896
1565,1566,5092,,,,18.04,,,,,,,,,,,Simbad,05 36 28.25,-05 21 41.75,0.0,0.0
1566,1567,5063,,,,18.61,8.434998294395504,,3.76,3.544,M2(H),3.93,-0.61,1.35,0.3,6.1,Simbad,05 36 28.27,-05 18 30.86,0.0,0.0
1567,1568,5093,,,,18.06,,,,,,,,,,,Simbad,05 36 28.34,-05 21 41.75,0.0,0.0
1568,1569,5018,,,,20.16,7.474998294395505,,1.64,,,,,,,,Simbad,05 36 28.62,-05 14 24.66,0.10762876383557718,0.055689584892635896
1569,1570,5022,,,,20.07,5.4449982943955035,,3.08,3.509,M4.5(H),0.44,-0.15,2.69,0.15,4.21,Simbad,05 36 28.82,-05 14 42.87,0.3207729194093079,0.055689584892635896
1570,1571,5079,,2395.0,,18.6,5.634998294395505,,2.24,3.562,M1(H),0.67,-0.3,1.77,0.33,5.83,Simbad,05 36 29.64,-05 20 06.46,0.285013226590287,0.055689584892635896
1571,1572,5153,,,,20.01,8.224998294395503,,2.25,,K:(H),,,,,,Simbad,05 36 29.88,-05 31 19.75,0.0,0.0
1572,1573,5078,,2395.0,,18.7,5.404998294395504,,2.17,,,,,,,,Simbad,05 36 30.05,-05 20 05.64,0.3282774472239819,0.055689584892635896
1573,1574,5118,,2401.0,,18.63,5.394998294395505,,1.93,3.571,M0.5(H),0.14,-0.35,1.61,0.39,5.95,Simbad,05 36 30.06,-05 26 12.01,0.3299688197102012,0.055689584892635896
1574,1575,5044,,,,19.85,8.304998294395505,,3.56,3.509,M4(H),1.67,-1.0,1.02,0.16,6.22,Simbad,05 36 30.83,-05 16 27.79,0.0,0.0
1575,1576,5117,,,,18.93,8.234998294395504,,,3.494,M5(H),0.0,-1.29,0.78,0.11,6.35,Simbad,05 36 31.41,-05 25 59.47,0.0,0.0
