,recno,[IHA2007],RAJ2000,DEJ2000,Per,Vmag,Icmag,Kmag,SNR,RV,l_vsini,vsini,Mm,logL,amp,tc,logR,W(Ca)1,W(Ca)2,logR'1,Mass,I07,single,PSS,Mass_calc,Mass_e
0,1,1-1-1470,07 57 08.92,-61 29 18.60,8.803,9.669990748440748,15.45,13.47,26,0.56,<,8.0,,-1.23,0.016,52,-0.77,0.45,0.5,-4.47,0.57,1,1,0.998258,0.49533973406485976,0.054546516370542725
1,2,1-1-1667,07 57 16.58,-61 31 38.70,1.347,7.889990748440747,14.5,12.72,44,0.16,,22.0,,-0.88,0.01,35,-1.41,0.42,0.59,-4.49,0.7,1,1,0.998258,0.66888598593164,0.054546516370542725
2,3,1-1-1880,07 57 24.78,-61 25 56.57,,10.989990748440748,16.46,14.24,14,2.82,<,8.0,*,-1.62,,81,,0.07,0.01,-5.27,0.43,0,1,0.999442,0.35454694905559503,0.054546516370542725
3,4,1-1-194,07 56 22.57,-61 27 01.49,,11.599990748440748,16.62,13.99,13,30.38,<,8.0,*,-1.63,,82,,0.08,0.02,-5.25,0.4,0,1,0.998613,0.28500712052549837,0.054546516370542725
4,5,1-1-1949,07 57 28.44,-61 30 08.22,,12.579990748440748,17.68,15.4,5,10.0,,16.8,*,-2.06,,135,,0.1,0.03,-5.17,0.25,0,1,0.999956,0.19393548774001276,0.054546516370542725
5,6,1-1-2241,07 57 37.82,-61 26 53.31,,12.239990748440748,17.24,14.92,7,0.1,,20.9,,-1.87,,108,,0.34,0.22,-4.65,0.31,0,1,0.999975,0.22385551817396168,0.054546516370542725
6,7,1-1-2403,07 57 43.35,-61 30 44.59,,12.179990748440746,17.24,15.0,7,3.42,,20.6,,-1.88,,110,,0.16,0.13,-4.96,0.31,0,1,0.999966,0.22966165063543353,0.054546516370542725
7,8,1-1-2490,07 57 47.14,-61 30 37.50,0.968,11.829990748440748,16.94,14.69,10,1.43,,25.6,,-1.77,0.018,96,-2.0,0.29,0.28,-4.7,0.35,1,1,0.999442,0.2631233664522434,0.054546516370542725
8,9,1-1-251,07 56 24.19,-61 27 25.90,,10.319990748440746,15.93,13.94,20,5.97,<,8.0,*,-1.41,,64,,-0.03,0.0,,0.5,0,1,0.998613,0.429781603766682,0.054546516370542725
9,10,1-1-2695,07 57 56.09,-61 32 28.57,,12.509990748440748,17.52,14.95,6,2.24,,44.7,,-1.98,,123,,0.41,0.52,-4.56,0.27,0,1,0.999934,0.19878211830722767,0.054546516370542725
10,11,1-1-2698,07 57 56.15,-61 29 38.17,,9.989990748440748,15.51,13.35,25,13.6,<,8.0,*,-1.24,,52,,0.05,0.05,-5.42,0.56,0,1,0.996487,0.46318128673289766,0.054546516370542725
11,12,1-1-3201,07 58 16.47,-61 31 20.67,,8.899990748440745,14.79,12.77,33,12.87,<,8.0,*,-0.97,,39,,0.08,0.09,-5.24,0.66,0,1,0.998258,0.5702931356242382,0.054546516370542725
12,13,1-1-3254,07 58 19.38,-61 32 50.38,,9.189990748440747,15.15,13.15,25,0.52,<,8.0,,-1.12,,46,,0.26,0.38,-4.7,0.61,0,1,0.999146,0.5418972683082744,0.054546516370542725
13,14,1-1-3264,07 58 20.21,-61 33 53.80,1.32,11.499990748440746,16.72,14.32,11,2.5,,24.1,,-1.7,0.016,89,-1.83,0.63,0.5,-4.35,0.39,1,1,0.999442,0.2946322186704259,0.054546516370542725
14,15,1-1-3449,07 58 25.36,-61 29 01.88,,11.029990748440747,16.41,14.22,12,19.28,<,8.0,*,-1.59,,79,,0.0,-0.03,-6.66,0.43,0,1,0.99885,0.34981709721343973,0.054546516370542725
15,16,1-1-351,07 56 28.22,-61 27 46.60,2.318,10.909990748440746,16.31,14.17,16,1.4,,14.4,,-1.55,0.016,75,-1.51,0.49,0.46,-4.45,0.45,1,1,0.999324,0.36390292582803885,0.054546516370542725
16,17,1-1-3651,07 58 32.96,-61 32 35.29,,10.329990748440748,16.04,13.82,15,10.19,<,8.0,*,-1.46,,68,,0.06,0.03,-5.32,0.49,0,1,0.998613,0.4287383229958113,0.054546516370542725
17,18,1-1-3695,07 58 34.29,-61 27 08.00,9.606,8.979990748440747,14.94,12.97,33,1.77,<,8.0,*,-1.04,0.015,42,-0.64,0.31,0.37,-4.62,0.64,1,1,0.999442,0.5620559169806989,0.054546516370542725
18,19,1-1-3971,07 58 43.53,-61 33 40.48,,11.539990748440745,16.6,14.18,10,16.6,<,8.0,*,-1.63,,82,,0.11,-0.05,-5.11,0.41,0,1,0.999697,0.2908325352178944,0.054546516370542725
19,20,1-1-958,07 56 49.99,-61 32 19.90,6.291,10.429990748440746,15.95,13.63,19,1.06,<,8.0,,-1.41,0.015,64,-1.01,0.41,0.47,-4.52,0.5,1,1,0.996487,0.4181801998404465,0.054546516370542725
20,21,1-1-998,07 56 51.49,-61 30 40.05,,11.189990748440747,16.52,14.37,14,0.16,,33.2,,-1.63,,82,,0.39,0.37,-4.54,0.42,0,1,0.99885,0.33019570806388726,0.054546516370542725
21,22,1-2-126,07 56 19.96,-61 19 29.50,0.869,12.159990748440746,17.27,14.81,7,0.32,<,8.0,,-1.9,0.021,112,-2.11,0.83,0.78,-4.24,0.3,1,1,0.999938,0.23146499027775388,0.054546516370542725
22,23,1-2-1835,07 57 21.32,-61 16 48.64,,7.709990748440747,13.9,12.12,45,11.01,<,8.0,*,-0.67,,27,,0.12,0.16,-4.99,0.78,0,1,0.998258,0.6863727223612669,0.054546516370542725
23,24,1-2-1929,07 57 24.32,-61 17 29.60,1.244,10.429990748440746,15.92,13.55,20,1.18,,24.2,,-1.4,0.016,63,-1.71,0.36,0.5,-4.58,0.5,1,1,0.999146,0.4181801998404465,0.054546516370542725
24,25,1-2-2281,07 57 36.33,-61 21 29.30,10.374,9.309990748440745,15.23,13.25,26,0.12,<,8.0,,-1.15,0.015,48,-0.66,0.32,0.33,-4.62,0.6,1,1,0.999019,0.5307085070922511,0.054546516370542725
25,26,1-2-2473,07 57 43.60,-61 17 27.61,,11.599990748440748,16.93,14.5,10,7.78,<,8.0,*,-1.79,,99,,0.06,-0.07,-5.38,0.36,0,1,0.999617,0.28500712052549837,0.054546516370542725
26,27,1-2-2479,07 57 43.86,-61 23 14.03,,8.259990748440748,14.81,12.99,36,106.67,<,8.0,*,-1.01,,40,,-0.14,-0.15,,0.66,0,1,0.999994,0.6322321002483733,0.054546516370542725
27,28,1-2-2491,07 57 44.72,-61 23 32.70,1.739,10.619990748440747,16.12,14.02,18,0.91,,10.7,,-1.48,0.006,69,-1.6,0.51,0.51,-4.43,0.48,1,1,0.997667,0.3990459416414148,0.054546516370542725
28,29,1-2-2564,07 57 46.96,-61 18 55.33,,7.979990748440747,14.58,12.73,39,6.8,<,8.0,*,-0.92,,36,,0.5,0.61,-4.42,0.69,0,1,0.999442,0.6602564582289732,0.054546516370542725
29,30,1-2-2597,07 57 48.84,-61 21 50.72,,11.929990748440746,17.09,14.85,8,11.76,<,8.0,*,-1.83,,104,,0.22,0.29,-4.82,0.33,0,1,0.999762,0.2533361717929834,0.054546516370542725
30,31,1-2-271,07 56 24.97,-61 21 39.24,,10.309990748440745,15.96,13.7,18,0.64,,11.3,,-1.43,,65,,0.49,0.61,-4.44,0.5,0,1,0.998258,0.43081496843868655,0.054546516370542725
31,32,1-2-2802,07 57 54.11,-61 18 09.73,,11.909990748440746,17.01,14.65,7,0.41,<,8.0,,-1.79,,99,,0.33,0.42,-4.65,0.34,0,1,0.999488,0.25526087669049286,0.054546516370542725
32,33,1-2-2824,07 57 56.96,-61 18 43.90,2.076,11.109990748440746,16.53,14.15,13,0.69,,15.3,,-1.64,0.01,83,-1.6,0.46,0.41,-4.47,0.42,1,1,0.999245,0.34016973792404215,0.054546516370542725
33,34,1-2-2994,07 58 02.87,-61 24 36.14,,9.149990748440745,15.12,13.12,31,5.74,<,8.0,*,-1.11,,45,,0.07,0.11,-5.25,0.62,0,1,0.999245,0.5459991377513449,0.054546516370542725
34,35,1-2-31,07 56 16.53,-61 17 12.77,,12.459990748440747,17.4,14.93,12,1.09,,13.6,,-1.93,,116,,0.32,0.28,-4.67,0.28,0,1,0.99989,0.20296193373658872,0.054546516370542725
35,36,1-2-3412,07 58 15.90,-61 18 29.08,,10.159990748440746,15.87,13.82,18,10.33,<,8.0,*,-1.4,,63,,-0.02,0.02,,0.51,0,1,0.999146,0.44571380414156136,0.054546516370542725
36,37,1-2-3472,07 58 18.25,-61 21 09.00,4.432,9.519990748440746,15.37,13.42,23,0.98,<,8.0,,-1.21,0.021,50,-1.06,0.46,0.57,-4.46,0.58,1,1,0.998258,0.5105102404693375,0.054546516370542725
37,38,1-2-3503,07 58 19.17,-61 23 52.24,,8.289990748440745,14.67,12.77,36,0.13,<,8.0,,-0.97,,38,,0.43,0.5,-4.46,0.68,0,1,0.999245,0.6291913380885246,0.054546516370542725
38,39,1-2-3572,07 58 21.56,-61 17 15.91,,11.299990748440747,16.65,14.43,10,42.37,<,8.0,*,-1.68,,87,,0.11,0.11,-5.11,0.4,0,1,0.999245,0.3173142239737823,0.054546516370542725
39,40,1-2-369,07 56 28.62,-61 17 11.80,0.275,9.139990748440747,15.0,12.86,40,18.12,,105.1,*,-1.06,0.023,42,-2.19,0.88,1.38,-4.17,0.63,1,1,0.992964,0.5471959256690996,0.054546516370542725
40,41,1-2-4076,07 58 40.52,-61 16 46.90,,10.349990748440748,15.65,13.48,23,60.75,,13.7,*,-1.28,,55,,0.1,0.01,-5.16,0.54,0,1,0.998613,0.4266215607106022,0.054546516370542725
41,42,1-2-4256,07 58 47.02,-61 23 46.60,0.808,12.539990748440745,17.57,14.93,6,2.5,,30.9,,-2.0,0.017,127,-2.2,0.18,0.38,-4.92,0.26,1,1,0.999989,0.1967848731565174,0.054546516370542725
42,43,1-2-463,07 56 32.23,-61 21 46.47,,9.939990748440747,15.57,13.37,26,3.75,,9.7,*,-1.27,,54,,0.19,0.21,-4.85,0.55,0,1,0.998613,0.4680244248434095,0.054546516370542725
43,44,1-2-619,07 56 38.03,-61 23 59.93,,11.519990748440746,16.73,14.31,13,0.15,,19.5,,-1.7,,89,,0.37,0.39,-4.58,0.39,0,1,0.999442,0.2924865947781526,0.054546516370542725
44,45,1-2-752,07 56 42.49,-61 17 48.59,,9.879990748440745,15.39,13.2,27,31.35,<,8.0,*,-1.19,,50,,0.03,0.0,-5.64,0.58,0,1,0.997667,0.4740919120827457,0.054546516370542725
45,46,1-2-816,07 56 45.30,-61 24 21.22,,11.039990748440745,16.31,13.99,15,9.88,<,8.0,*,-1.54,,74,,0.07,0.04,-5.31,0.45,0,1,0.999019,0.34830536854895,0.054546516370542725
46,47,1-2-836,07 56 46.03,-61 17 09.30,1.271,11.739990748440748,16.99,14.45,16,0.34,,19.2,,-1.81,0.027,101,-1.9,0.37,0.4,-4.57,0.35,1,1,0.999591,0.27148887841265146,0.054546516370542725
47,48,1-3-118,07 56 19.66,-61 12 05.80,0.639,12.579990748440748,17.61,15.12,10,1.47,,33.3,,-2.02,0.038,129,-2.3,0.44,0.45,-4.53,0.25,1,1,0.999951,0.19393548774001276,0.054546516370542725
48,49,1-3-1198,07 56 54.17,-61 16 04.97,,12.089990748440746,17.29,14.93,12,16.11,,10.6,*,-1.92,,115,,0.02,-0.03,-5.96,0.3,0,1,0.999862,0.23811629086538358,0.054546516370542725
49,50,1-3-1523,07 57 04.55,-61 09 14.10,,12.429990748440746,17.52,15.34,9,12.05,<,8.0,*,-1.99,,125,,-0.01,-0.09,,0.27,0,1,0.999958,0.20567191430818685,0.054546516370542725
50,51,1-3-1638,07 57 03.73,-61 09 44.37,,11.729990748440747,17.04,14.65,16,29.98,<,8.0,*,-1.84,,104,,0.04,-0.01,-5.59,0.34,0,1,0.999874,0.2726973955336162,0.054546516370542725
51,52,1-3-1683,07 57 09.42,-61 14 23.80,0.77,13.199990748440745,18.04,15.04,7,2.22,,17.6,,-2.17,0.019,153,-2.3,0.12,0.33,-5.13,0.2,1,1,0.999976,0.15621174086141734,0.054546516370542725
52,53,1-3-1740,07 57 10.65,-61 11 16.00,,8.639990748440747,14.82,12.96,39,0.78,<,8.0,,-1.04,,42,,0.31,0.38,-4.58,0.66,0,1,0.999617,0.5954975172935018,0.054546516370542725
53,54,1-3-1747,07 57 11.17,-61 13 06.36,,12.019990748440746,17.03,14.6,13,21.21,<,8.0,*,-1.79,,99,,0.16,0.07,-4.98,0.34,0,1,0.999527,0.24491303335153583,0.054546516370542725
54,55,1-3-1888,07 57 09.67,-61 08 53.16,,8.159990748440746,14.57,12.61,57,0.0,<,8.0,,-0.93,,37,,0.24,0.33,-4.71,0.69,0,1,0.998258,0.6420623645190251,0.054546516370542725
55,56,1-3-1904,07 57 15.88,-61 15 44.80,,13.829990748440748,18.38,15.43,5,0.67,,36.1,,-2.26,,170,,0.17,0.15,-5.01,0.17,0,1,0.999993,0.12916908972856334,0.054546516370542725
56,57,1-3-1918,07 57 16.40,-61 07 46.42,,8.599990748440748,14.85,12.95,41,0.62,<,8.0,,-1.05,,42,,0.27,0.36,-4.65,0.65,0,1,0.99885,0.5989342646289735,0.054546516370542725
57,58,1-3-1944,07 57 17.63,-61 15 31.00,,13.099990748440748,17.85,15.07,8,2.21,,55.6,,-2.08,,138,,0.3,0.36,-4.73,0.23,0,1,0.999992,0.16152794982701643,0.054546516370542725
58,59,1-3-2082,07 57 22.07,-61 09 18.17,,9.029990748440747,14.67,12.6,44,4.65,<,8.0,*,-0.91,,36,,0.02,-0.02,-5.74,0.68,0,1,0.997667,0.5573851528425369,0.054546516370542725
59,60,1-3-2128,07 57 23.80,-61 08 51.10,0.634,12.589990748440746,17.55,15.04,10,1.75,,19.9,,-1.99,0.023,124,-2.29,0.27,0.36,-4.75,0.26,1,1,0.999978,0.19335734618585815,0.054546516370542725
60,61,1-3-2179,07 57 25.28,-61 15 31.11,,11.859990748440746,16.81,14.64,13,47.24,<,8.0,*,-1.69,,88,,0.01,0.01,-6.03,0.37,0,1,0.999884,0.2600017849594575,0.054546516370542725
61,62,1-3-2213,07 57 26.10,-61 11 55.72,,12.979990748440747,17.94,15.1,6,1.13,<,8.0,,-2.15,,149,,0.31,0.31,-4.68,0.22,0,1,0.999985,0.16791463337828727,0.054546516370542725
62,63,1-3-2266,07 57 27.39,-61 13 30.95,,11.899990748440745,17.07,14.59,10,43.73,,10.6,*,-1.83,,103,,-0.04,0.0,,0.33,0,1,0.999781,0.2564415784200618,0.054546516370542725
63,64,1-3-232,07 56 22.81,-61 12 36.00,1.192,10.889990748440747,16.29,14.04,24,0.34,,9.2,,-1.54,0.007,74,-1.79,0.47,0.51,-4.46,0.45,1,1,0.998258,0.36658590069076963,0.054546516370542725
64,65,1-3-2379,07 57 32.93,-61 07 25.10,0.681,12.129990748440745,17.13,14.72,11,1.86,,26.6,,-1.83,0.022,103,-2.18,0.37,0.32,-4.61,0.32,1,1,0.99989,0.23443343475612968,0.054546516370542725
65,66,1-3-2588,07 57 33.66,-61 15 18.40,0.393,9.349990748440748,15.04,12.89,31,1.9,,55.9,,-1.06,0.014,43,-2.04,0.65,0.7,-4.31,0.63,1,1,0.996487,0.5267057083872942,0.054546516370542725
66,67,1-3-2668,07 57 42.51,-61 09 44.70,0.539,12.549990748440747,17.53,14.8,8,0.22,,31.5,,-1.98,0.025,123,-2.36,0.31,0.41,-4.68,0.26,1,1,0.999958,0.19592730094543565,0.054546516370542725
67,68,1-3-2945,07 57 52.94,-61 15 35.99,,12.179990748440746,17.28,14.96,7,0.27,<,8.0,,-1.9,,112,,0.18,0.35,-4.92,0.3,0,1,0.999911,0.22966165063543353,0.054546516370542725
68,69,1-3-3005,07 57 55.36,-61 15 12.30,0.297,12.039990748440745,17.15,14.7,7,6.48,,53.0,,-1.85,0.012,106,-2.55,0.39,0.41,-4.57,0.32,1,1,0.999899,0.24302315061598978,0.054546516370542725
69,70,1-3-4292,07 58 39.61,-61 13 24.45,,13.069990748440746,17.92,15.58,5,2.63,,29.0,,-2.12,,145,,-0.19,0.12,,0.22,0,1,0.999979,0.16318872505854154,0.054546516370542725
70,71,1-3-4335,07 58 40.90,-61 14 54.40,,11.639990748440747,16.92,14.58,9,7.8,<,8.0,*,-1.78,,98,,0.01,0.43,-6.08,0.36,0,1,0.99982,0.28128045706127736,0.054546516370542725
71,72,1-3-4380,07 58 41.83,-61 12 02.07,,9.549990748440747,15.13,13.01,37,18.6,<,8.0,*,-1.09,,44,,0.26,0.29,-4.72,0.61,0,1,0.996487,0.5070859233615863,0.054546516370542725
72,73,1-3-4503,07 58 46.35,-61 14 31.95,,11.729990748440747,17.01,14.85,11,21.05,<,8.0,*,-1.82,,102,,-0.04,0.04,,0.34,0,1,0.999527,0.2726973955336162,0.054546516370542725
73,74,1-3-461,07 56 27.54,-61 09 05.00,0.42,12.719990748440745,17.71,15.22,9,0.53,,46.3,,-2.06,0.049,134,-2.5,0.33,0.25,-4.65,0.24,1,1,0.999983,0.18466868401305794,0.054546516370542725
74,75,1-3-470,07 56 27.73,-61 09 16.57,,10.539990748440745,15.94,13.8,29,25.3,<,8.0,*,-1.4,,63,,0.04,0.0,-5.52,0.5,0,1,0.992964,0.40733520405782725,0.054546516370542725
75,76,1-3-664,07 56 35.06,-61 10 08.60,2.561,9.819990748440746,15.57,13.41,32,0.02,,9.3,,-1.28,0.024,55,-1.33,0.48,0.55,-4.44,0.55,1,1,0.998258,0.4802053705192626,0.054546516370542725
76,77,1-3-699,07 56 36.59,-61 13 17.60,1.59,11.319990748440746,16.62,14.33,20,0.57,,14.8,,-1.67,0.01,86,-1.73,0.46,0.48,-4.48,0.4,1,1,0.999324,0.31490239728277303,0.054546516370542725
77,78,1-3-927,07 56 45.57,-61 14 31.30,1.36,10.889990748440747,16.33,14.17,22,0.92,<,8.0,,-1.56,0.008,76,-1.75,0.39,0.45,-4.54,0.45,1,1,0.999146,0.36658590069076963,0.054546516370542725
78,79,1-4-1142,07 56 54.83,-61 05 26.21,,9.119990748440747,15.11,13.16,38,34.23,<,8.0,*,-1.11,,45,,0.07,0.08,-5.27,0.62,0,1,0.999245,0.5488167945106303,0.054546516370542725
79,80,1-4-1225,07 56 58.33,-61 02 08.10,0.741,12.689990748440747,17.68,15.0,8,1.26,<,8.0,,-2.04,0.021,132,-2.25,0.25,0.09,-4.77,0.25,1,1,0.999949,0.18663947171445625,0.054546516370542725
80,81,1-4-1313,07 57 01.29,-61 01 10.10,3.532,10.889990748440747,16.31,13.97,18,0.62,<,8.0,,-1.55,0.009,75,-1.33,0.36,0.41,-4.58,0.45,1,1,0.999389,0.36658590069076963,0.054546516370542725
81,82,1-4-1401,07 57 02.76,-61 05 20.20,0.352,11.709990748440747,16.78,14.38,16,0.61,,51.7,,-1.7,0.024,89,-2.4,0.41,0.48,-4.56,0.38,1,1,0.999813,0.27433164651523867,0.054546516370542725
82,83,1-4-155,07 56 23.06,-61 00 01.20,,12.309990748440745,17.38,14.88,8,8.95,<,8.0,*,-1.94,,117,,0.05,-0.04,-5.46,0.29,0,1,0.999958,0.21709897444925497,0.054546516370542725
83,84,1-4-1609,07 57 10.37,-61 01 13.50,0.742,10.789990748440745,16.19,13.83,22,1.39,,26.8,,-1.5,0.015,71,-1.98,0.45,0.5,-4.48,0.47,1,1,0.997667,0.37829809954542487,0.054546516370542725
84,85,1-4-1930,07 57 21.55,-61 03 56.50,6.065,11.189990748440747,16.55,14.26,18,0.96,<,8.0,,-1.64,0.015,84,-1.14,0.83,0.79,-4.22,0.41,1,1,0.999324,0.33019570806388726,0.054546516370542725
85,86,1-4-2288,07 57 37.23,-61 04 22.86,,9.319990748440746,14.82,12.75,35,1.39,<,8.0,,-0.96,,38,,0.04,0.01,-5.57,0.66,0,1,0.996487,0.5294443798360379,0.054546516370542725
86,87,1-4-2755,07 57 54.32,-61 05 29.60,2.741,11.719990748440745,16.95,14.51,9,0.28,,8.4,,-1.79,0.014,99,-1.56,0.3,0.29,-4.67,0.35,1,1,0.999712,0.2735312080466967,0.054546516370542725
87,88,1-4-2793,07 57 55.65,-61 04 17.20,0.595,11.879990748440745,17.03,14.63,5,2.08,,32.1,,-1.81,0.009,101,-2.23,0.26,0.35,-4.75,0.34,1,1,0.999896,0.2583705235556262,0.054546516370542725
88,89,1-4-2846,07 57 57.76,-61 02 03.80,0.918,11.359990748440746,16.65,14.32,16,0.02,,31.1,,-1.68,0.012,87,-1.98,0.45,0.36,-4.48,0.4,1,1,0.999488,0.31008728281845604,0.054546516370542725
89,90,1-4-3146,07 58 06.99,-60 58 32.21,,11.669990748440748,16.85,14.34,15,2.88,,41.9,,-1.74,,94,,0.34,0.38,-4.63,0.37,0,1,0.999838,0.278411818612557,0.054546516370542725
90,91,1-4-3259,07 58 10.51,-61 04 10.97,,12.799990748440747,17.76,14.99,6,0.86,,26.4,,-2.08,,137,,0.2,0.1,-4.87,0.24,0,1,0.999978,0.1794698696685195,0.054546516370542725
91,92,1-4-3317,07 58 12.62,-61 04 29.70,0.599,11.719990748440745,16.87,14.67,13,0.27,,43.7,,-1.75,0.025,94,-2.2,0.3,0.37,-4.68,0.37,1,1,0.999826,0.2735312080466967,0.054546516370542725
92,93,1-4-3373,07 58 11.90,-61 01 41.90,0.148,11.189990748440747,16.33,13.82,18,16.09,,125.9,,-1.53,0.013,73,-2.69,0.55,0.47,-4.42,0.45,1,1,0.996487,0.33019570806388726,0.054546516370542725
93,94,1-4-3379,07 58 14.39,-61 00 00.90,6.422,10.029990748440747,15.69,13.48,28,10.4,,10.1,*,-1.32,0.011,58,-0.95,0.47,0.46,-4.45,0.54,1,1,0.998613,0.4587608584332756,0.054546516370542725
94,95,1-4-3439,07 58 16.00,-61 05 53.40,0.704,11.729990748440747,16.72,14.34,13,1.09,,31.2,,-1.66,0.017,85,-2.08,0.28,0.2,-4.72,0.39,1,1,0.999762,0.2726973955336162,0.054546516370542725
95,96,1-4-3464,07 58 16.53,-60 58 24.37,,10.939990748440747,16.26,14.0,23,17.44,,19.7,*,-1.52,,73,,0.21,0.28,-4.82,0.46,0,1,0.997667,0.36026429781868635,0.054546516370542725
96,97,1-4-3531,07 58 18.77,-61 03 07.75,,12.509990748440748,17.53,15.03,8,1.74,,22.4,,-1.99,,124,,0.16,0.21,-4.98,0.26,0,1,0.999948,0.19878211830722767,0.054546516370542725
97,98,1-4-355,07 56 28.90,-61 02 01.10,2.392,9.869990748440747,15.46,13.22,31,0.89,,9.0,,-1.23,0.014,52,-1.33,0.42,0.48,-4.51,0.57,1,1,0.999019,0.4752625700298379,0.054546516370542725
98,99,1-4-3693,07 58 24.23,-60 58 53.04,,10.309990748440745,15.89,13.71,25,27.76,<,8.0,*,-1.39,,63,,0.09,0.03,-5.16,0.51,0,1,0.92974,0.43081496843868655,0.054546516370542725
99,100,1-4-3776,07 58 27.23,-61 02 45.40,0.639,12.059990748440745,17.03,14.53,12,2.55,,25.0,,-1.78,0.011,98,-2.19,0.2,0.29,-4.88,0.34,1,1,0.99979,0.24113755314686625,0.054546516370542725
100,101,1-4-3820,07 58 28.72,-61 03 18.26,,9.049990748440747,15.15,13.26,34,10.75,<,8.0,*,-1.16,,48,,0.11,0.13,-5.06,0.61,0,1,0.999862,0.5558188972009895,0.054546516370542725
101,102,1-4-3893,07 58 31.27,-61 04 33.80,1.036,11.089990748440746,16.24,13.74,21,3.17,,34.6,*,-1.49,0.019,70,-1.83,0.41,0.4,-4.54,0.46,1,1,0.999245,0.34222672447851604,0.054546516370542725
102,103,1-4-3936,07 58 32.59,-60 59 45.95,,8.859990748440746,15.02,13.09,38,0.76,<,8.0,,-1.12,,46,,0.52,0.64,-4.36,0.63,0,1,0.999561,0.5736378704396468,0.054546516370542725
103,104,1-4-3974,07 58 34.23,-60 59 50.30,0.362,12.859990748440746,17.73,15.35,8,2.08,,40.1,,-2.05,0.021,134,-2.57,0.24,0.22,-4.81,0.24,1,1,0.999827,0.17540165266470717,0.054546516370542725
104,105,1-4-401,07 56 29.76,-60 59 59.79,,9.289990748440745,15.16,13.0,34,0.05,,23.0,,-1.12,,46,,0.28,0.3,-4.67,0.61,0,1,0.998258,0.532244669612402,0.054546516370542725
105,106,1-4-4038,07 58 36.78,-61 03 54.80,0.269,10.709990748440747,16.06,13.78,23,0.26,,84.7,,-1.45,0.023,66,-2.39,0.57,0.63,-4.38,0.48,1,1,0.997667,0.3879946691454768,0.054546516370542725
106,107,1-4-4069,07 58 38.22,-61 03 31.20,0.446,12.519990748440746,17.55,,9,0.52,,40.5,,-2.0,0.023,126,-2.45,0.41,0.33,-4.56,0.26,1,1,0.999959,0.19792704647142484,0.054546516370542725
107,108,1-4-470,07 56 31.38,-60 59 32.93,,9.299990748440747,14.99,12.81,37,0.52,<,8.0,,-1.04,,42,,0.38,0.38,-4.54,0.63,0,1,0.992964,0.5317768140040451,0.054546516370542725
108,109,1-4-559,07 56 34.98,-60 59 29.01,,10.489990748440748,16.03,13.95,20,9.05,<,8.0,*,-1.45,,67,,0.02,-0.01,-5.83,0.49,0,1,0.998258,0.4125016910532498,0.054546516370542725
109,110,1-4-673,07 56 39.05,-61 03 46.60,,9.389990748440747,15.37,13.34,35,0.89,<,8.0,,-1.21,,51,,0.4,0.47,-4.51,0.58,0,1,0.999527,0.5226872946282197,0.054546516370542725
110,111,1-4-679,07 56 39.13,-61 06 46.61,,10.999990748440746,16.36,14.09,19,1.09,,9.2,,-1.56,,76,,0.37,0.42,-4.57,0.44,0,1,0.999932,0.3534282433804298,0.054546516370542725
111,112,1-4-778,07 56 42.61,-61 05 48.36,,11.309990748440745,16.55,14.32,20,26.23,<,8.0,*,-1.63,,82,,0.13,0.12,-5.02,0.41,0,1,0.99885,0.31587689359952537,0.054546516370542725
112,113,1-4-891,07 56 46.88,-60 59 25.30,1.999,10.949990748440745,16.36,14.13,15,1.1,<,8.0,,-1.57,0.011,77,-1.58,0.41,0.45,-4.52,0.44,1,1,0.999019,0.3591801969299604,0.054546516370542725
113,114,1-4-917,07 56 47.21,-61 01 23.55,,10.759990748440748,16.27,14.07,21,0.64,<,8.0,,-1.54,,74,,0.39,0.48,-4.55,0.45,0,1,0.998613,0.3820290846466362,0.054546516370542725
114,115,1-5-1156,07 59 28.03,-61 26 01.00,0.895,11.549990748440747,16.76,14.35,13,1.73,,23.4,,-1.71,0.009,90,-2.0,0.17,0.07,-4.91,0.38,1,1,0.999726,0.28958586534708125,0.054546516370542725
115,116,1-5-121,07 58 52.91,-61 30 44.40,,10.949990748440745,16.47,14.22,10,24.24,,16.0,*,-1.63,,82,,0.0,-0.06,-6.65,0.42,0,1,0.999324,0.3591801969299604,0.054546516370542725
116,117,1-5-1336,07 59 35.64,-61 26 30.50,,11.469990748440745,16.73,14.36,15,13.85,<,8.0,*,-1.71,,90,,-0.03,-0.08,,0.39,0,1,0.997667,0.2975386015352732,0.054546516370542725
117,118,1-5-176,07 58 54.20,-61 30 33.74,,8.989990748440748,15.16,13.19,24,17.57,<,8.0,*,-1.18,,49,,0.13,0.09,-4.97,0.61,0,1,0.997298,0.56158648506698,0.054546516370542725
118,119,1-5-2025,08 00 02.88,-61 25 58.51,,8.479990748440747,14.42,13.01,59,26.94,<,8.0,*,-0.83,,33,,-0.06,-0.06,,0.71,0,1,0.999989,0.6111261984498341,0.054546516370542725
119,120,1-5-2081,08 00 04.93,-61 25 49.01,,8.649990748440745,14.88,13.94,35,52.84,<,8.0,*,-1.06,,43,,0.01,0.02,-6.04,0.65,0,1,0.999994,0.5943053116094942,0.054546516370542725
120,121,1-5-230,07 58 56.29,-61 31 12.50,0.375,9.699990748440745,15.5,13.4,19,2.69,,53.0,,-1.25,0.025,53,-2.15,0.55,0.66,-4.38,0.56,1,1,0.997667,0.4926390454539827,0.054546516370542725
121,122,1-5-2323,08 00 14.23,-61 27 10.50,5.716,9.259990748440748,15.1,13.23,39,1.32,<,8.0,,-1.1,0.024,45,-0.89,0.45,0.53,-4.47,0.62,1,1,0.99885,0.5350843416772331,0.054546516370542725
122,123,1-5-2593,08 00 24.53,-61 25 53.96,,12.799990748440747,17.57,14.81,8,9.2,,11.0,*,-1.97,,121,,0.2,0.36,-4.9,0.26,0,1,0.999972,0.1794698696685195,0.054546516370542725
123,124,1-5-2756,08 00 31.01,-61 25 57.11,,12.979990748440747,17.91,15.27,7,0.99,,21.0,,-2.13,,146,,0.26,0.47,-4.77,0.22,0,1,0.999964,0.16791463337828727,0.054546516370542725
124,125,1-5-283,07 58 57.97,-61 32 39.40,0.698,9.799990748440747,15.5,13.25,19,3.16,,24.9,*,-1.25,0.007,53,-1.88,0.67,0.8,-4.3,0.56,1,1,0.992964,0.4825533133543008,0.054546516370542725
125,126,1-5-2858,08 00 33.84,-61 25 58.40,,9.429990748440746,15.21,13.28,36,11.17,<,8.0,*,-1.14,,47,,0.02,0.0,-5.74,0.6,0,1,0.999619,0.5187410278227673,0.054546516370542725
126,127,1-5-925,07 59 19.07,-61 27 59.70,1.314,11.259990748440748,16.58,14.49,7,1.98,,35.0,,-1.65,0.008,85,-1.81,0.22,0.41,-4.8,0.41,1,1,0.99885,0.3217825922204149,0.054546516370542725
127,128,1-6-1056,07 59 25.20,-61 23 10.37,,12.579990748440748,17.63,14.96,8,1.77,,24.6,,-2.03,,131,,0.3,0.1,-4.69,0.25,0,1,0.999937,0.19393548774001276,0.054546516370542725
128,129,1-6-1146,07 59 27.62,-61 17 42.93,,11.079990748440748,16.48,14.25,17,8.21,<,8.0,*,-1.62,,81,,0.03,0.0,-5.69,0.42,0,1,0.997667,0.34374824811427446,0.054546516370542725
129,130,1-6-1165,07 59 29.02,-61 22 14.85,,12.149990748440745,17.13,14.68,8,0.66,,35.7,,-1.82,,103,,0.25,0.18,-4.79,0.32,0,1,0.999926,0.2325710399567782,0.054546516370542725
130,131,1-6-1250,07 59 32.09,-61 19 10.20,,12.559990748440745,17.64,15.05,7,50.14,,47.9,*,-2.04,,132,,0.28,0.37,-4.71,0.25,0,1,0.999949,0.19535428019799728,0.054546516370542725
131,132,1-6-1371,07 59 36.07,-61 21 06.80,0.941,12.209990748440747,17.28,14.59,11,1.82,,25.8,,-1.9,0.026,112,-2.07,0.13,0.16,-5.04,0.3,1,1,0.999915,0.22674848144363113,0.054546516370542725
132,133,1-6-1450,07 59 38.51,-61 16 44.25,,12.559990748440745,17.34,14.95,10,0.82,,20.9,,-1.88,,109,,0.16,0.11,-4.99,0.29,0,1,0.999219,0.19535428019799728,0.054546516370542725
133,134,1-6-1655,07 59 44.93,-61 19 03.83,,11.489990748440748,16.57,14.15,18,14.41,<,8.0,*,-1.62,,81,,0.06,0.03,-5.37,0.41,0,1,0.999527,0.29545259031158916,0.054546516370542725
134,135,1-6-1682,07 59 45.85,-61 17 55.63,,9.729990748440747,15.43,13.31,34,0.7,<,8.0,,-1.22,,51,,0.04,0.08,-5.54,0.57,0,1,0.992964,0.48920085196654267,0.054546516370542725
135,136,1-6-189,07 58 55.13,-61 18 34.40,12.232,9.969990748440745,15.77,13.65,20,0.63,<,8.0,,-1.36,0.014,60,-0.69,0.26,0.26,-4.71,0.52,1,1,0.992964,0.46534930422140686,0.054546516370542725
136,137,1-6-215,07 58 56.18,-61 23 16.22,,10.239990748440748,15.8,13.64,20,1.53,<,8.0,,-1.36,,60,,0.04,0.01,-5.5,0.52,0,1,0.810485,0.43774266276437335,0.054546516370542725
137,138,1-6-2353,08 00 09.53,-61 22 32.62,,12.989990748440748,17.94,15.32,6,3.81,,25.7,,-2.15,,149,,-0.04,0.22,,0.22,0,1,0.999966,0.16744322841865744,0.054546516370542725
138,139,1-6-2526,08 00 15.08,-61 23 37.80,2.315,8.369990748440747,14.46,12.42,58,8.86,,36.4,*,-0.88,0.024,35,-1.17,0.51,0.61,-4.39,0.7,1,1,0.992964,0.6213070247968981,0.054546516370542725
139,140,1-6-2689,08 00 20.46,-61 18 53.32,,11.349990748440748,16.63,14.26,16,39.77,<,8.0,*,-1.67,,86,,-0.01,-0.07,,0.4,0,1,0.999389,0.31105138933789417,0.054546516370542725
140,141,1-6-2837,08 00 24.76,-61 18 05.70,8.698,9.459990748440747,15.3,13.32,32,1.11,<,8.0,,-1.18,0.012,49,-0.75,0.36,0.46,-4.56,0.59,1,1,0.997667,0.515996269596533,0.054546516370542725
141,142,1-6-2926,08 00 27.50,-61 18 13.06,,12.329990748440748,17.3,14.7,10,2.66,,26.9,,-1.89,,111,,0.06,0.14,-5.38,0.3,0,1,0.99994,0.21535589902248847,0.054546516370542725
142,143,1-6-3083,08 00 32.04,-61 16 34.00,0.488,12.889990748440747,17.82,14.96,7,2.0,,46.5,,-2.1,0.03,141,-2.46,0.73,0.59,-4.32,0.23,1,1,0.999973,0.17354688105599078,0.054546516370542725
143,144,1-6-3124,08 00 33.56,-61 17 27.57,,9.829990748440748,15.4,13.23,27,24.47,,41.3,*,-1.2,,50,,0.08,0.05,-5.25,0.58,0,1,0.998613,0.47909120046155407,0.054546516370542725
144,145,1-6-3322,08 00 40.87,-61 17 48.34,,8.399990748440745,14.54,12.56,52,41.68,<,8.0,*,-0.92,,36,,0.04,0.03,-5.48,0.69,0,1,0.998258,0.619008582853781,0.054546516370542725
145,146,1-6-3339,08 00 42.16,-61 25 03.80,0.499,12.599990748440748,17.57,14.99,9,0.39,,31.9,,-2.0,0.046,126,-2.4,0.23,0.18,-4.82,0.26,1,1,0.999982,0.1927985717289121,0.054546516370542725
146,147,1-6-34,07 58 49.60,-61 25 10.56,,8.499990748440746,14.84,13.86,32,2.71,<,8.0,*,-1.04,,42,,-0.03,-0.01,,0.65,0,1,0.99999,0.6085351517516465,0.054546516370542725
147,148,1-6-3404,08 00 44.81,-61 25 08.60,1.467,10.359990748440746,15.92,13.67,23,0.63,,16.8,,-1.41,0.019,63,-1.64,0.57,0.59,-4.37,0.5,1,1,0.998613,0.4255455573352563,0.054546516370542725
148,149,1-6-3423,08 00 45.00,-61 18 58.59,,12.999990748440746,17.86,15.11,6,5.8,,14.6,*,-2.1,,141,,0.12,0.03,-5.1,0.22,0,1,0.999989,0.1669802450613259,0.054546516370542725
149,150,1-6-3435,08 00 45.65,-61 23 51.90,1.415,10.849990748440748,16.28,14.02,20,0.23,,20.8,,-1.54,0.007,74,-1.72,0.69,0.66,-4.3,0.45,1,1,0.996487,0.37135408368068606,0.054546516370542725
150,151,1-6-3564,08 00 49.54,-61 21 43.60,0.635,12.579990748440748,17.57,15.02,7,0.54,,32.6,,-2.0,0.011,126,-2.3,0.23,0.37,-4.81,0.26,1,1,0.999932,0.19393548774001276,0.054546516370542725
151,152,1-6-3599,08 00 50.46,-61 20 53.83,,8.709990748440747,14.84,12.9,45,95.35,<,8.0,*,-1.04,,42,,0.05,0.03,-5.36,0.65,0,1,0.999442,0.5882762748956936,0.054546516370542725
152,153,1-6-3648,08 00 52.40,-61 17 51.64,,12.029990748440747,16.98,14.37,11,13.24,<,8.0,*,-1.76,,96,,0.04,-0.03,-5.6,0.35,0,1,0.999781,0.24378662821462013,0.054546516370542725
153,154,1-6-4071,08 01 07.05,-61 25 04.30,0.793,11.889990748440747,17.0,14.46,11,0.3,,25.5,,-1.79,0.025,99,-2.1,0.14,0.34,-5.03,0.35,1,1,0.999904,0.25720026480476915,0.054546516370542725
154,155,1-6-41,07 58 49.08,-61 18 12.50,,8.359990748440746,14.48,13.38,41,48.14,<,8.0,*,-0.89,,35,,-0.01,-0.01,,0.7,0,1,0.999972,0.6224860464161707,0.054546516370542725
155,156,1-6-4112,08 01 08.19,-61 23 29.50,2.391,10.829990748440748,16.27,13.94,17,1.02,<,8.0,,-1.53,0.007,74,-1.49,0.49,0.53,-4.44,0.45,1,1,0.998258,0.3734856220551624,0.054546516370542725
156,157,1-6-4160,08 01 09.85,-61 23 51.70,1.225,10.879990748440745,16.17,13.78,18,0.59,,12.6,,-1.48,0.012,69,-1.75,0.32,0.36,-4.64,0.47,1,1,0.992964,0.3675882187657751,0.054546516370542725
157,158,1-6-59,07 58 50.93,-61 24 48.82,,12.589990748440746,17.68,15.19,5,13.91,<,8.0,*,-2.06,,135,,0.07,-0.06,-5.34,0.25,0,1,0.999986,0.19335734618585815,0.054546516370542725
158,159,1-6-610,07 59 09.96,-61 22 42.33,,12.699990748440745,17.65,15.33,7,0.08,,37.4,,-2.03,,130,,0.55,0.22,-4.44,0.25,0,1,0.999983,0.18604968283686804,0.054546516370542725
159,160,1-6-612,07 59 09.80,-61 18 45.92,,12.929990748440746,17.97,14.83,5,16.88,,26.6,*,-2.17,,153,,0.25,0.07,-4.78,0.21,0,1,0.999997,0.17089295634931828,0.054546516370542725
160,161,1-6-697,07 59 12.88,-61 19 10.00,2.223,10.339990748440746,15.92,13.53,16,0.03,,13.6,,-1.41,0.011,64,-1.46,0.56,0.61,-4.38,0.5,1,1,0.992964,0.42768520705433116,0.054546516370542725
161,162,1-6-88,07 58 51.35,-61 19 45.99,,8.209990748440747,14.11,13.04,63,34.9,<,8.0,*,-0.7,,28,,-0.04,-0.02,,0.75,0,1,0.999981,0.6371389490727012,0.054546516370542725
162,163,1-6-91,07 58 52.18,-61 23 59.20,2.237,10.959990748440747,16.36,14.05,17,0.63,,11.4,,-1.57,0.018,77,-1.53,0.56,0.66,-4.39,0.44,1,1,0.998258,0.35818356278026964,0.054546516370542725
163,164,1-7-105,07 58 50.90,-61 11 44.30,0.762,10.289990748440745,15.78,13.45,26,0.02,,16.6,,-1.34,0.005,59,-1.89,0.5,0.58,-4.43,0.52,1,1,0.996487,0.43238571813896387,0.054546516370542725
164,165,1-7-1184,07 59 24.05,-61 11 28.00,0.581,12.579990748440748,17.49,14.6,9,0.68,,28.7,,-1.96,0.045,120,-2.31,0.1,0.32,-5.18,0.27,1,1,0.999978,0.19393548774001276,0.054546516370542725
165,166,1-7-1246,07 59 26.54,-61 15 30.51,,12.309990748440745,17.38,14.86,10,0.93,,30.4,,-1.94,,117,,0.33,0.38,-4.65,0.29,0,1,0.999901,0.21709897444925497,0.054546516370542725
166,167,1-7-1315,07 59 27.53,-61 09 02.21,,11.949990748440745,17.07,14.69,10,0.85,,24.4,,-1.82,,102,,0.24,0.4,-4.79,0.33,0,1,0.999712,0.25141998459670944,0.054546516370542725
167,168,1-7-1678,07 59 40.72,-61 15 54.03,,12.229990748440747,17.1,14.45,13,0.93,,37.0,,-1.8,,100,,0.25,0.28,-4.8,0.33,0,1,0.99998,0.2249302679498716,0.054546516370542725
168,169,1-7-1773,07 59 41.78,-61 11 18.09,,8.249990748440746,14.49,12.56,53,8.96,<,8.0,*,-0.91,,36,,0.12,0.13,-5.01,0.7,0,1,0.996487,0.6336704017473411,0.054546516370542725
169,170,1-7-1862,07 59 45.39,-61 11 06.40,1.415,10.859990748440746,16.27,13.88,13,0.93,,10.2,,-1.53,0.01,73,-1.72,0.56,0.64,-4.39,0.45,1,1,0.998613,0.37026286089658683,0.054546516370542725
170,171,1-7-1959,07 59 48.65,-61 11 50.35,,12.539990748440745,17.38,14.84,9,2.46,,23.9,,-1.9,,113,,0.24,0.26,-4.81,0.29,0,1,0.99998,0.1967848731565174,0.054546516370542725
171,172,1-7-1986,07 59 49.49,-61 10 26.79,,12.179990748440746,17.24,14.78,9,1.76,,8.9,,-1.88,,110,,0.31,0.31,-4.68,0.31,0,1,0.999887,0.22966165063543353,0.054546516370542725
172,173,1-7-2049,07 59 51.44,-61 08 01.60,2.805,10.199990748440745,15.74,13.52,25,0.19,,16.3,,-1.33,0.01,58,-1.32,0.49,0.52,-4.44,0.53,1,1,0.997667,0.4419928709080363,0.054546516370542725
173,174,1-7-2545,08 00 09.34,-61 13 28.40,1.749,10.309990748440745,15.87,13.53,26,1.35,,9.1,,-1.38,0.011,62,-1.55,0.5,0.57,-4.43,0.51,1,1,0.998258,0.43081496843868655,0.054546516370542725
174,175,1-7-2921,08 00 22.05,-61 13 58.20,0.749,11.889990748440747,17.03,14.58,11,0.94,,26.4,,-1.81,0.01,101,-2.13,0.32,0.29,-4.65,0.34,1,1,0.99979,0.25720026480476915,0.054546516370542725
175,176,1-7-2945,08 00 22.90,-61 14 25.01,,12.419990748440748,17.44,14.93,8,0.45,,9.3,,-1.95,,119,,0.26,0.36,-4.75,0.28,0,1,0.999982,0.20671205169924184,0.054546516370542725
176,177,1-7-3076,08 00 27.20,-61 09 30.10,0.545,12.399990748440745,17.52,15.09,5,3.0,,24.7,,-2.0,0.022,126,-2.36,0.1,0.29,-5.16,0.27,1,1,0.999966,0.20870731974827383,0.054546516370542725
177,178,1-7-3212,08 00 32.34,-61 13 14.10,6.795,9.469990748440745,15.25,13.12,33,1.02,,10.9,,-1.15,0.006,48,-0.85,0.35,0.46,-4.57,0.6,1,1,0.996487,0.5148357510796298,0.054546516370542725
178,179,1-7-3219,08 00 33.01,-61 15 10.70,0.863,11.889990748440747,17.01,14.51,13,0.9,,19.1,,-1.8,0.011,100,-2.06,0.43,0.35,-4.53,0.34,1,1,0.999661,0.25720026480476915,0.054546516370542725
179,180,1-7-3292,08 00 35.55,-61 11 38.69,,12.869990748440747,17.85,15.05,5,2.13,,16.8,,-2.12,,144,,0.06,0.03,-5.43,0.23,0,1,0.999948,0.17488039058728513,0.054546516370542725
180,181,1-7-3688,08 00 47.13,-61 11 49.60,0.308,12.329990748440748,17.29,14.93,7,0.7,,29.1,,-1.88,0.021,110,-2.55,0.45,0.26,-4.53,0.3,1,1,0.999937,0.21535589902248847,0.054546516370542725
181,182,1-7-3741,08 00 49.32,-61 12 15.70,0.916,9.989990748440748,15.59,13.28,24,1.42,,29.7,,-1.28,0.015,55,-1.78,0.66,0.73,-4.31,0.55,1,1,0.99885,0.46318128673289766,0.054546516370542725
182,183,1-7-3757,08 00 50.02,-61 13 54.45,,8.509990748440748,14.34,12.38,48,31.66,<,8.0,*,-0.79,,31,,0.07,0.03,-5.25,0.72,0,2,0.585271,0.6081107556713071,0.054546516370542725
183,184,1-7-3787,08 00 50.94,-61 11 46.67,,9.069990748440746,14.88,12.86,30,22.28,<,8.0,*,-1.01,,40,,0.05,0.06,-5.4,0.65,0,1,0.996487,0.5533815763012809,0.054546516370542725
184,185,1-7-3887,08 00 53.19,-61 07 18.50,4.584,11.379990748440745,16.68,14.35,7,0.07,,10.9,,-1.69,0.013,88,-1.28,0.06,0.18,-5.35,0.39,1,1,0.999488,0.307684252134134,0.054546516370542725
185,186,1-7-4606,08 01 18.72,-61 13 35.64,,11.229990748440747,16.54,14.3,10,0.59,,17.9,,-1.64,,83,,0.42,0.37,-4.52,0.41,0,1,0.999661,0.32569387822042223,0.054546516370542725
186,187,1-7-533,07 59 02.95,-61 08 32.82,,12.059990748440745,17.26,12.96,9,0.55,,26.5,,-1.91,,113,,0.46,0.29,-4.49,0.3,0,1,0.999926,0.24113755314686625,0.054546516370542725
187,188,1-7-698,07 59 08.19,-61 12 30.95,,12.969990748440745,17.93,15.34,6,2.01,,21.1,,-2.14,,148,,1.73,1.92,-3.94,0.22,0,1,0.999982,0.16861675816939395,0.054546516370542725
188,189,1-7-907,07 59 15.05,-61 11 26.53,,12.209990748440747,17.16,14.67,12,5.59,<,8.0,*,-1.83,,104,,0.05,0.11,-5.46,0.32,0,1,0.99996,0.22674848144363113,0.054546516370542725
189,190,1-8-1118,07 59 24.44,-61 00 18.17,,7.779990748440747,14.2,12.2,53,2.67,<,8.0,*,-0.78,,31,,0.11,0.15,-5.06,0.74,0,1,0.992964,0.6794245973614446,0.054546516370542725
190,191,1-8-1232,07 59 28.77,-61 05 23.90,1.184,12.349990748440748,17.39,15.21,9,0.39,,20.3,,-1.94,0.028,117,-1.99,0.25,0.27,-4.77,0.28,1,1,0.999884,0.21326309385907155,0.054546516370542725
191,192,1-8-1419,07 59 33.96,-60 59 07.50,1.465,11.089990748440746,16.48,14.09,17,0.05,,17.2,,-1.62,0.015,81,-1.74,0.32,0.4,-4.64,0.42,2,1,0.999324,0.34222672447851604,0.054546516370542725
192,193,1-8-1620,07 59 40.66,-60 59 34.50,,12.549990748440747,17.53,14.91,7,4.3,,41.7,,-1.98,,123,,0.34,0.27,-4.64,0.26,0,1,0.99998,0.19592730094543565,0.054546516370542725
193,194,1-8-1621,07 59 40.92,-61 01 26.57,,10.489990748440748,15.86,13.73,21,20.71,<,8.0,*,-1.37,,61,,0.02,-0.04,-5.91,0.51,0,1,0.992964,0.4125016910532498,0.054546516370542725
194,195,1-8-1630,07 59 41.26,-61 02 06.19,,12.349990748440748,17.37,14.98,9,36.86,<,8.0,*,-1.93,,116,,0.09,-0.06,-5.22,0.29,0,1,0.99989,0.21326309385907155,0.054546516370542725
195,196,1-8-175,07 58 52.73,-61 02 02.10,4.073,10.559990748440745,16.06,13.77,23,1.45,,10.1,,-1.46,0.016,67,-1.22,0.56,0.6,-4.38,0.48,1,1,0.998258,0.4052638028548657,0.054546516370542725
196,197,1-8-1946,07 59 52.47,-61 02 00.90,8.198,8.999990748440746,15.1,13.15,27,0.52,<,8.0,,-1.14,0.013,47,-0.76,0.32,0.37,-4.58,0.62,1,1,0.999019,0.5602662816610156,0.054546516370542725
197,198,1-8-1964,07 59 54.16,-61 06 17.70,0.482,12.459990748440747,17.42,14.89,8,0.14,,30.3,,-1.94,0.017,117,-2.39,0.26,0.37,-4.76,0.28,1,1,0.999973,0.20296193373658872,0.054546516370542725
198,199,1-8-1974,07 59 53.64,-61 00 41.70,0.63,11.559990748440745,16.81,14.49,10,0.92,,31.9,,-1.74,0.015,93,-2.17,0.36,0.32,-4.59,0.37,1,1,0.999389,0.2887142236848983,0.054546516370542725
199,200,1-8-2018,07 59 55.83,-61 02 49.90,6.488,9.469990748440745,15.39,13.49,24,0.45,<,8.0,,-1.22,0.006,51,-0.9,0.23,0.31,-4.76,0.58,1,1,0.996487,0.5148357510796298,0.054546516370542725
200,201,1-8-2316,08 00 07.45,-60 59 51.12,,12.409990748440746,17.55,15.13,6,18.09,<,8.0,*,-2.01,,128,,-0.01,-0.16,,0.26,0,1,0.999926,0.20772856363222836,0.054546516370542725
201,202,1-8-2812,08 00 24.25,-61 00 15.74,,9.079990748440748,15.01,13.02,20,24.32,<,8.0,*,-1.06,,43,,0.06,0.06,-5.33,0.63,0,1,0.998258,0.5529431528294246,0.054546516370542725
202,203,1-8-310,07 58 57.72,-61 06 21.85,,8.779990748440747,14.82,13.48,36,349.24,<,8.0,*,-1.01,,40,,0.01,-0.04,-6.15,0.66,0,1,0.99999,0.5819649611003717,0.054546516370542725
203,204,1-8-3126,08 00 37.02,-61 03 07.77,,9.089990748440746,14.87,12.79,19,0.31,,13.1,,-1.0,,40,,0.57,0.57,-4.37,0.65,0,1,0.896753,0.5516565362008776,0.054546516370542725
204,205,1-8-3156,08 00 38.67,-61 06 24.51,,10.939990748440747,16.29,14.1,11,0.46,,9.9,,-1.54,,74,,0.47,0.49,-4.47,0.45,0,1,0.999389,0.36026429781868635,0.054546516370542725
205,206,1-8-355,07 58 58.97,-61 06 10.26,,8.729990748440747,14.79,13.76,33,23.51,<,8.0,*,-1.0,,40,,-0.05,-0.05,,0.66,0,1,0.999987,0.5866722958807536,0.054546516370542725
206,207,1-8-3644,08 00 44.50,-60 58 16.19,,7.869990748440747,14.05,12.35,41,0.05,<,8.0,,-0.74,,29,,0.48,0.58,-4.4,0.76,0,1,0.92198,0.6706610922432011,0.054546516370542725
207,208,1-8-3730,08 00 59.16,-61 06 24.30,0.36,9.889990748440747,15.43,13.38,19,3.6,,62.0,,-1.21,0.014,51,-2.15,0.47,0.55,-4.46,0.57,1,1,0.997667,0.47299473286931415,0.054546516370542725
208,209,1-8-39,07 58 48.77,-60 58 50.50,,11.149990748440745,16.52,14.38,15,1.43,<,8.0,,-1.63,,83,,0.05,-0.02,-5.42,0.42,0,1,0.999019,0.33511181335305695,0.054546516370542725
209,210,1-8-421,07 59 00.77,-61 01 13.29,,12.589990748440746,17.64,15.36,7,1.41,,32.1,,-2.04,,131,,0.18,0.31,-4.91,0.25,0,1,0.999938,0.19335734618585815,0.054546516370542725
210,211,1-8-441,07 59 01.32,-61 02 09.70,,11.199990748440745,16.56,14.44,17,5.69,<,8.0,*,-1.65,,84,,0.05,-0.04,-5.43,0.41,0,1,0.99885,0.3291271870772032,0.054546516370542725
211,212,1-8-475,07 59 03.06,-61 06 24.40,5.065,9.959990748440747,15.69,13.51,24,0.17,<,8.0,,-1.33,0.011,58,-1.06,0.48,0.51,-4.44,0.54,1,1,0.998613,0.465865965824983,0.054546516370542725
212,213,1-8-555,07 59 05.79,-61 01 51.97,,12.889990748440747,17.92,15.29,6,33.2,<,8.0,*,-2.15,,149,,0.25,-0.02,-4.78,0.22,0,1,0.999985,0.17354688105599078,0.054546516370542725
213,214,1-8-587,07 59 07.15,-61 05 03.90,0.505,9.739990748440748,15.51,13.5,29,2.13,,26.5,*,-1.26,0.015,54,-2.03,0.41,0.66,-4.51,0.56,1,1,0.996487,0.48869598374404544,0.054546516370542725
214,215,1-8-617,07 59 07.49,-61 00 30.20,,9.919990748440748,15.69,13.24,23,4.95,<,8.0,*,-1.33,,58,,0.15,0.13,-4.95,0.54,0,1,0.999019,0.47034060392591914,0.054546516370542725
215,216,1-8-688,07 59 10.34,-61 02 55.70,5.229,9.099990748440748,15.1,13.2,35,0.03,<,8.0,,-1.11,0.004,45,-0.94,0.32,0.32,-4.61,0.62,1,1,0.999245,0.5504963676824145,0.054546516370542725
216,217,1-8-770,07 59 13.31,-61 05 47.84,,8.639990748440747,14.7,13.99,40,71.17,<,8.0,*,-0.97,,38,,0.04,0.02,-5.55,0.67,0,1,0.999988,0.5954975172935018,0.054546516370542725
217,218,1-8-862,07 59 15.57,-60 59 17.30,1.545,12.109990748440746,17.18,15.02,10,0.61,,21.4,,-1.86,0.041,107,-1.84,0.28,0.33,-4.73,0.32,2,1,0.999751,0.2362664850635426,0.054546516370542725
218,219,1-8-946,07 59 19.29,-61 02 51.90,1.142,12.099990748440748,17.18,14.71,11,0.41,,19.0,,-1.86,0.015,107,-1.97,0.29,0.25,-4.71,0.32,1,1,0.999939,0.23735842123573195,0.054546516370542725
219,220,2-1-1063,07 59 21.09,-60 50 52.74,,11.389990748440747,16.33,13.84,19,0.23,,30.2,,-1.5,,71,,0.43,0.49,-4.55,0.45,0,1,0.999442,0.30627817637505383,0.054546516370542725
220,221,2-1-1237,07 59 26.93,-60 56 00.49,,11.329990748440748,16.6,14.42,15,0.29,,9.6,,-1.66,,85,,0.2,0.24,-4.85,0.41,0,1,0.999442,0.31345783751945383,0.054546516370542725
221,222,2-1-1265,07 59 27.46,-60 51 39.10,0.586,12.569990748440746,17.57,15.23,7,0.21,,28.1,,-2.0,0.015,126,-2.33,0.21,0.41,-4.86,0.26,1,1,0.99995,0.19478903889895488,0.054546516370542725
222,223,2-1-144,07 58 53.58,-60 54 24.20,1.603,8.829990748440748,14.72,12.67,44,0.8,,42.3,,-0.95,0.023,37,-1.37,0.57,0.69,-4.36,0.67,1,2,1e-06,0.576541385489477,0.054546516370542725
223,224,2-1-1776,07 59 44.71,-60 58 30.30,2.716,9.869990748440747,15.58,13.54,26,0.87,<,8.0,,-1.28,0.024,55,-1.31,0.55,0.59,-4.38,0.55,1,1,0.999245,0.4752625700298379,0.054546516370542725
224,225,2-1-1843,07 59 46.58,-60 51 21.30,1.647,10.879990748440745,16.24,14.02,15,1.01,,9.9,,-1.52,0.009,72,-1.64,0.38,0.39,-4.56,0.46,1,1,0.998613,0.3675882187657751,0.054546516370542725
225,226,2-1-2066,07 59 56.29,-60 57 27.62,,11.709990748440747,16.85,14.65,11,29.4,<,8.0,*,-1.74,,93,,0.08,-0.06,-5.23,0.37,0,1,0.99968,0.27433164651523867,0.054546516370542725
226,227,2-1-2166,07 59 59.62,-60 51 47.50,0.321,12.869990748440747,17.77,15.72,5,7.07,,45.5,,-2.07,0.016,137,-2.63,0.11,0.3,-5.16,0.23,1,1,0.99999,0.17488039058728513,0.054546516370542725
227,228,2-1-2213,08 00 01.44,-60 55 17.70,1.025,12.019990748440746,17.1,14.77,7,1.44,<,8.0,,-1.83,0.017,103,-2.0,0.21,0.46,-4.84,0.33,1,1,0.999893,0.24491303335153583,0.054546516370542725
228,229,2-1-228,07 58 55.49,-60 55 59.60,1.051,9.469990748440745,15.31,13.26,27,1.52,,26.6,,-1.18,0.025,49,-1.67,0.93,1.03,-4.15,0.59,1,1,0.998258,0.5148357510796298,0.054546516370542725
229,230,2-1-2573,08 00 13.25,-60 55 16.48,,12.119990748440747,17.01,14.55,9,4.01,,43.3,,-1.76,,96,,0.15,0.28,-5.01,0.34,0,1,0.999904,0.23519565965543038,0.054546516370542725
230,231,2-1-2586,08 00 13.07,-60 53 12.90,1.3,8.519990748440746,14.53,12.49,33,21.54,,23.1,*,-0.88,0.008,35,-1.43,0.27,0.27,-4.67,0.69,1,1,0.992964,0.606714080750317,0.054546516370542725
231,232,2-1-259,07 58 56.58,-60 52 15.90,0.959,9.579990748440748,15.29,13.24,32,0.14,,28.7,,-1.17,0.022,48,-1.7,0.46,0.56,-4.47,0.59,1,1,0.992964,0.5042772549385236,0.054546516370542725
232,233,2-1-2681,08 00 15.95,-60 53 29.20,1.904,11.659990748440746,16.85,14.62,8,0.09,,19.8,,-1.74,0.01,94,-1.69,0.25,0.32,-4.75,0.37,1,1,0.999901,0.27921509174768566,0.054546516370542725
233,234,2-1-2752,08 00 16.98,-60 51 12.45,,11.749990748440746,17.06,14.87,6,38.1,<,8.0,*,-1.84,,105,,0.17,-0.16,-4.91,0.34,0,1,0.999772,0.2707167740397581,0.054546516370542725
234,235,2-1-304,07 58 58.18,-60 56 32.90,7.835,8.639990748440747,14.9,13.06,37,0.01,<,8.0,,-1.07,0.008,43,-0.74,0.29,0.41,-4.61,0.65,1,1,0.999488,0.5954975172935018,0.054546516370542725
235,236,2-1-4131,08 01 05.46,-60 53 14.35,,13.079990748440748,17.93,15.27,5,4.72,,12.7,*,-2.13,,146,,0.61,0.44,-4.41,0.22,0,2,,0.16270200274730248,0.054546516370542725
236,237,2-1-4208,08 01 08.39,-60 54 13.20,5.72,10.859990748440746,16.3,14.04,21,0.42,<,8.0,,-1.55,0.005,75,-1.12,0.33,0.34,-4.61,0.45,1,1,0.999019,0.37026286089658683,0.054546516370542725
237,238,2-1-4379,08 01 15.19,-60 56 11.10,0.267,10.869990748440747,16.27,14.03,17,2.0,,57.9,,-1.53,0.007,73,-2.44,0.35,0.48,-4.59,0.45,1,1,0.998613,0.3686832212666427,0.054546516370542725
238,239,2-1-641,07 59 08.80,-60 57 02.70,6.575,9.369990748440747,15.25,13.27,31,0.47,<,8.0,,-1.16,0.013,48,-0.86,0.36,0.46,-4.57,0.6,1,1,0.999146,0.525016338030411,0.054546516370542725
239,240,2-1-683,07 59 09.59,-60 50 51.50,0.761,9.639990748440747,15.36,13.35,30,0.71,,28.1,,-1.19,0.031,50,-1.82,0.52,0.57,-4.41,0.58,1,1,0.996487,0.49884934418170845,0.054546516370542725
240,241,2-1-833,07 59 14.87,-60 57 31.43,,9.819990748440746,15.54,13.46,24,1.72,<,8.0,*,-1.27,,54,,0.18,0.17,-4.88,0.56,0,1,0.999245,0.4802053705192626,0.054546516370542725
241,242,2-1-912,07 59 17.09,-60 54 12.50,0.481,12.579990748440748,17.48,15.01,8,3.86,,44.2,,-1.95,0.032,119,-2.39,0.36,0.31,-4.64,0.27,1,1,0.999931,0.19393548774001276,0.054546516370542725
242,243,2-1-943,07 59 18.48,-60 55 06.11,,10.049990748440747,15.62,13.5,26,21.12,,11.7,*,-1.29,,55,,0.03,0.0,-5.67,0.55,0,1,0.992964,0.45717936448084623,0.054546516370542725
243,244,2-2-1247,07 59 36.56,-60 47 23.31,,10.399990748440745,15.97,,15,1.61,,8.0,,-1.43,,65,,0.37,0.39,-4.56,0.5,0,1,0.99979,0.42127925315980114,0.054546516370542725
244,245,2-2-1299,07 59 39.16,-60 50 15.39,,13.039990748440745,17.94,15.52,5,1.24,<,8.0,,-2.14,,148,,0.21,0.31,-4.87,0.22,0,1,0.999962,0.1648383385436039,0.054546516370542725
245,246,2-2-1311,07 59 39.14,-60 45 37.30,0.367,10.729990748440747,16.08,13.83,9,7.24,,44.1,,-1.45,0.024,67,-2.26,0.43,0.45,-4.51,0.48,1,1,0.999146,0.3858761749799837,0.054546516370542725
246,247,2-2-1402,07 59 42.35,-60 50 27.86,,8.239990748440748,14.6,12.89,41,1.61,<,8.0,*,-0.94,,37,,0.27,0.33,-4.67,0.68,0,1,0.999019,0.6341013736349048,0.054546516370542725
247,248,2-2-169,07 58 56.42,-60 47 22.80,0.452,9.179990748440746,15.2,13.13,18,3.1,,55.3,,-1.16,0.024,48,-2.02,0.53,0.56,-4.38,0.6,1,1,0.999389,0.5431797927615492,0.054546516370542725
248,249,2-2-19,07 58 50.90,-60 48 36.04,,12.219990748440745,17.29,,7,1.19,,21.3,,-1.9,,112,,0.36,0.25,-4.61,0.3,0,1,0.999848,0.22566715885585772,0.054546516370542725
249,250,2-2-1907,08 00 02.42,-60 48 44.73,,11.419990748440748,16.69,14.51,10,2.2,,21.0,,-1.69,,88,,0.29,0.37,-4.68,0.39,0,1,0.999245,0.3025441000331882,0.054546516370542725
250,251,2-2-2153,08 00 11.63,-60 48 32.40,6.784,9.069990748440746,15.05,13.08,20,1.94,<,8.0,*,-1.08,0.015,44,-0.81,0.37,0.48,-4.55,0.63,1,1,0.999389,0.5533815763012809,0.054546516370542725
251,252,2-2-2387,08 00 18.18,-60 48 17.20,2.247,10.439990748440747,15.98,13.88,11,0.09,,9.6,,-1.43,0.009,65,-1.46,0.48,0.5,-4.45,0.49,1,1,0.99885,0.4171588283438684,0.054546516370542725
252,253,2-2-3180,08 00 42.27,-60 46 50.69,,10.729990748440747,16.27,14.2,15,13.37,<,8.0,*,-1.54,,74,,-0.02,0.02,,0.45,0,1,0.999146,0.3858761749799837,0.054546516370542725
253,254,2-2-3311,08 00 47.43,-60 46 21.43,,12.579990748440748,17.6,15.12,9,0.93,,55.4,,-2.02,,128,,0.16,0.48,-4.96,0.26,0,1,0.999963,0.19393548774001276,0.054546516370542725
254,255,2-2-3336,08 00 48.53,-60 48 12.13,,13.329990748440748,18.17,15.42,6,1.93,,13.8,,-2.22,,162,,0.21,0.31,-4.88,0.19,0,1,0.999992,0.1494560141810743,0.054546516370542725
255,256,2-2-3494,08 00 52.80,-60 49 09.26,,7.709990748440747,14.27,12.45,57,7.38,<,8.0,*,-0.8,,31,,0.05,0.11,-5.38,0.73,0,1,0.999751,0.6863727223612669,0.054546516370542725
256,257,2-2-3759,08 01 03.29,-60 48 15.96,,12.369990748440747,17.29,14.75,12,2.3,,40.4,,-1.88,,110,,0.4,0.4,-4.58,0.3,0,1,0.989704,0.211526506827507,0.054546516370542725
257,258,2-2-3845,08 01 04.95,-60 41 55.99,,11.549990748440747,16.92,14.64,10,2.6,<,8.0,*,-1.79,,99,,0.03,-0.01,-5.61,0.36,0,1,0.999019,0.28958586534708125,0.054546516370542725
258,259,2-2-3933,08 01 07.66,-60 43 35.20,8.677,10.019990748440746,15.78,13.62,27,70.99,<,8.0,*,-1.36,0.016,60,-0.84,0.69,0.4,-4.28,0.52,1,1,0.998258,0.4598058812156644,0.054546516370542725
259,260,2-2-4051,08 01 12.71,-60 48 25.30,10.033,10.149990748440745,15.79,13.64,27,1.09,<,8.0,,-1.36,0.018,60,-0.78,0.56,0.59,-4.38,0.52,1,1,0.999324,0.44683916766229537,0.054546516370542725
260,261,2-2-464,07 59 06.93,-60 46 50.78,,8.359990748440746,14.8,13.19,32,33.03,<,8.0,*,-1.02,,41,,0.14,0.16,-4.94,0.66,0,1,0.99982,0.6224860464161707,0.054546516370542725
261,262,2-2-511,07 59 09.08,-60 47 57.00,0.392,11.629990748440745,16.64,14.3,10,1.15,,40.3,,-1.63,0.041,83,-2.32,0.42,0.16,-4.55,0.4,1,1,0.999826,0.28209824410390977,0.054546516370542725
262,263,2-2-745,07 59 17.98,-60 45 18.82,,9.689990748440747,15.3,13.09,21,0.12,,14.8,,-1.16,,48,,0.46,0.52,-4.47,0.59,0,1,0.996487,0.49376676669824066,0.054546516370542725
263,264,2-2-90,07 58 54.31,-60 50 05.75,,11.119990748440747,16.44,14.22,14,53.42,<,8.0,*,-1.6,,79,,0.06,-0.02,-5.37,0.43,0,1,0.999389,0.33864725530436024,0.054546516370542725
264,265,2-3-1157,07 59 36.36,-60 33 04.90,3.402,9.859990748440746,15.5,13.36,33,1.0,,12.0,,-1.24,0.02,53,-1.19,0.53,0.54,-4.41,0.56,1,2,1e-06,0.4764280103698716,0.054546516370542725
265,266,2-3-1199,07 59 37.51,-60 32 45.57,,10.679990748440746,16.14,,19,0.53,,34.8,,-1.48,,70,,0.51,0.49,-4.42,0.47,0,1,0.998613,0.39188439531799013,0.054546516370542725
266,267,2-3-1361,07 59 44.31,-60 32 19.72,,10.199990748440745,15.65,13.41,28,2.26,,41.1,,-1.29,,56,,0.63,0.65,-4.34,0.54,0,2,1e-06,0.4419928709080363,0.054546516370542725
267,268,2-3-1480,07 59 48.60,-60 33 33.71,,10.339990748440746,16.02,13.8,22,8.33,<,8.0,*,-1.45,,67,,0.1,0.08,-5.15,0.49,0,1,0.998613,0.42768520705433116,0.054546516370542725
268,269,2-3-1757,07 59 55.85,-60 37 45.71,,11.769990748440746,16.72,14.12,10,0.15,,43.3,,-1.66,,85,,0.26,0.28,-4.76,0.39,0,1,0.999714,0.26867167790027285,0.054546516370542725
269,270,2-3-1984,07 59 55.72,-60 33 47.15,,12.289990748440745,17.19,14.64,10,1.26,,24.5,,-1.84,,104,,0.23,0.16,-4.83,0.31,0,1,0.999924,0.21920571788218599,0.054546516370542725
270,271,2-3-2156,08 00 06.39,-60 38 21.46,,11.309990748440745,16.64,14.37,9,33.29,,21.6,*,-1.68,,87,,0.04,0.05,-5.52,0.4,0,1,0.99964,0.31587689359952537,0.054546516370542725
271,272,2-3-2191,08 00 07.19,-60 33 38.48,,11.849990748440748,17.03,14.49,14,17.87,,9.3,*,-1.81,,102,,0.02,-0.07,-5.85,0.34,0,1,0.999866,0.26115707995097975,0.054546516370542725
272,273,2-3-2256,08 00 09.22,-60 39 30.45,,9.669990748440748,15.03,12.84,17,9.51,<,8.0,*,-1.03,,41,,0.1,-0.01,-5.12,0.63,0,1,0.998258,0.49533973406485976,0.054546516370542725
273,274,2-3-2921,08 00 37.60,-60 36 22.76,,7.559990748440747,14.07,12.59,30,0.71,<,8.0,,-0.72,,29,,0.32,0.38,-4.6,0.75,0,1,0.999924,0.7018235191070438,0.054546516370542725
274,275,2-3-2979,08 00 40.83,-60 39 47.18,,10.309990748440745,15.5,13.25,7,16.75,,20.8,*,-1.2,,50,,0.19,-0.02,-4.88,0.56,0,1,0.992964,0.43081496843868655,0.054546516370542725
275,276,2-3-3015,08 00 42.32,-60 36 56.30,1.392,12.379990748440745,17.38,15.06,6,0.85,,18.8,,-1.93,0.023,116,-1.92,0.34,0.34,-4.64,0.29,1,1,0.999897,0.21047125443421302,0.054546516370542725
276,277,2-3-3402,08 00 57.82,-60 33 33.00,3.168,9.369990748440747,15.09,12.91,30,0.33,,9.4,,-1.08,0.013,44,-1.14,0.41,0.46,-4.51,0.62,1,1,0.997667,0.525016338030411,0.054546516370542725
277,278,2-3-3475,08 01 00.97,-60 34 20.60,0.713,12.189990748440747,17.06,14.64,8,0.07,,27.9,,-1.78,0.015,98,-2.14,0.24,0.33,-4.82,0.34,1,1,0.999926,0.2285490665851352,0.054546516370542725
278,279,2-3-3537,08 01 04.02,-60 35 22.40,6.364,9.839990748440746,15.58,13.54,14,0.86,<,8.0,,-1.28,0.015,55,-0.94,0.44,0.57,-4.48,0.55,1,1,0.999019,0.47803803748484863,0.054546516370542725
279,280,2-3-3611,08 01 07.20,-60 35 46.63,,10.729990748440747,16.15,14.08,10,1.54,,30.0,,-1.49,,70,,0.51,0.5,-4.43,0.47,0,1,0.998613,0.3858761749799837,0.054546516370542725
280,281,2-3-415,07 59 08.61,-60 32 59.74,,10.069990748440746,15.7,13.72,12,1.34,<,8.0,,-1.32,,58,,0.51,0.53,-4.42,0.53,0,1,0.998613,0.4549492282604059,0.054546516370542725
281,282,2-3-851,07 59 25.70,-60 35 00.08,,11.799990748440747,17.05,14.77,8,0.03,,18.8,,-1.83,,104,,0.2,0.27,-4.84,0.34,0,1,0.999826,0.2659058571922108,0.054546516370542725
282,283,2-3-933,07 59 29.02,-60 39 41.70,0.332,9.539990748440745,15.35,13.33,9,1.63,,67.5,,-1.2,0.017,50,-2.18,0.15,0.69,-4.96,0.58,1,1,0.997667,0.5081577197834103,0.054546516370542725
283,284,2-4-1242,07 59 34.86,-60 30 09.00,3.345,11.159990748440746,16.4,14.1,15,20.47,,9.8,*,-1.57,0.017,77,-1.36,0.23,0.23,-4.79,0.44,1,1,0.999324,0.3341383884237809,0.054546516370542725
284,285,2-4-1691,07 59 48.19,-60 30 03.49,,10.809990748440745,16.31,14.08,19,25.47,<,8.0,*,-1.56,,75,,-0.01,-0.03,,0.45,0,1,0.999245,0.3761589951994141,0.054546516370542725
285,286,2-4-1867,07 59 52.01,-60 29 13.44,,9.819990748440746,15.38,13.11,35,0.54,,55.8,,-1.19,,50,,0.48,0.65,-4.45,0.58,0,2,1e-06,0.4802053705192626,0.054546516370542725
286,287,2-4-1870,07 59 53.99,-60 29 16.88,,11.219990748440745,16.54,14.38,13,1.98,,17.4,,-1.64,,83,,0.39,0.36,-4.55,0.41,0,1,0.999245,0.3266466107767784,0.054546516370542725
287,288,2-4-1973,07 59 58.37,-60 24 17.18,,7.949990748440747,14.52,12.47,22,0.42,,63.8,,-0.89,,35,,0.51,0.73,-4.41,0.7,0,1,0.992964,0.6633382585231763,0.054546516370542725
288,289,2-4-2028,07 59 50.36,-60 31 47.51,,8.519990748440746,14.29,12.61,71,61.66,,20.5,*,-0.77,,31,,0.02,-0.01,-5.87,0.73,0,1,0.99997,0.606714080750317,0.054546516370542725
289,290,2-4-2110,08 00 02.13,-60 30 30.90,1.159,10.709990748440747,16.31,14.13,22,0.65,,20.8,,-1.56,0.012,76,-1.82,0.51,0.6,-4.42,0.45,1,1,0.992964,0.3879946691454768,0.054546516370542725
290,291,2-4-2259,08 00 07.40,-60 31 17.29,,13.059990748440745,17.92,15.53,7,13.78,<,8.0,*,-2.12,,145,,0.21,0.13,-4.87,0.22,0,1,0.999976,0.16363614581786531,0.054546516370542725
291,292,2-4-2314,08 00 09.16,-60 28 16.10,4.292,12.059990748440745,17.2,14.95,10,0.29,,8.1,,-1.88,0.01,109,-1.4,0.05,0.17,-5.47,0.31,1,1,0.999848,0.24113755314686625,0.054546516370542725
292,293,2-4-2408,08 00 11.82,-60 25 05.40,5.656,10.619990748440747,16.07,13.88,11,1.69,,8.6,,-1.46,0.014,67,-1.08,0.56,0.6,-4.39,0.48,1,1,0.998613,0.3990459416414148,0.054546516370542725
293,294,2-4-2573,08 00 17.40,-60 31 32.29,,12.909990748440746,17.8,15.23,8,0.32,,21.7,,-2.08,,138,,0.29,0.14,-4.72,0.23,0,1,0.999971,0.17221750146179224,0.054546516370542725
294,295,2-4-2908,08 00 27.65,-60 24 49.62,,11.789990748440745,16.79,14.23,7,0.29,,17.6,,-1.69,,88,,0.29,0.26,-4.71,0.38,0,1,0.999442,0.26669492863835376,0.054546516370542725
295,296,2-4-3227,08 00 38.32,-60 30 47.45,,12.479990748440747,17.62,15.46,7,0.34,<,8.0,,-2.04,,132,,0.09,-0.15,-5.23,0.25,0,1,0.999975,0.20095456515024007,0.054546516370542725
296,297,2-4-3516,08 00 34.92,-60 31 27.38,,8.839990748440746,14.86,13.12,45,219.34,<,8.0,*,-1.02,,41,,0.15,0.0,-4.94,0.65,0,1,0.999997,0.5761272120990607,0.054546516370542725
297,298,2-4-3615,08 00 51.72,-60 31 44.05,,11.969990748440745,17.24,14.82,9,38.81,<,8.0,*,-1.91,,113,,-0.02,-0.09,,0.31,0,1,0.999934,0.24950846014554326,0.054546516370542725
298,299,2-4-4035,08 01 04.82,-60 29 18.11,,11.399990748440745,16.62,14.45,9,1.45,,8.9,,-1.66,,85,,0.35,0.29,-4.61,0.4,0,1,0.999146,0.3052812569367997,0.054546516370542725
299,300,2-4-818,07 59 21.50,-60 27 52.97,,10.129990748440745,15.74,13.6,12,38.63,<,8.0,*,-1.34,,59,,0.03,0.02,-5.61,0.53,0,1,0.992964,0.44904464768180197,0.054546516370542725
300,301,2-5-107,08 01 22.88,-60 53 05.67,,8.709990748440747,14.8,12.97,45,0.51,<,8.0,,-1.01,,40,,0.31,0.39,-4.6,0.66,0,1,0.999561,0.5882762748956936,0.054546516370542725
301,302,2-5-1074,08 01 47.18,-60 57 54.50,0.864,11.239990748440748,16.55,14.28,15,0.41,,23.3,,-1.64,0.008,83,-1.98,0.28,0.42,-4.69,0.41,1,1,0.999019,0.32420378680782597,0.054546516370542725
302,303,2-5-1173,08 01 58.69,-60 50 49.05,,8.559990748440745,14.78,13.99,45,19.73,<,8.0,*,-1.02,,41,,-0.02,-0.01,,0.66,0,1,0.999992,0.6032668074690255,0.054546516370542725
303,304,2-5-1251,08 01 55.47,-60 52 13.20,,13.239990748440748,17.85,14.11,8,2.12,,25.9,,-2.06,,135,,0.34,0.22,-4.69,0.23,0,1,0.999989,0.1539425680357965,0.054546516370542725
304,305,2-5-1285,08 02 01.24,-60 55 11.98,,13.079990748440748,17.98,15.62,5,3.23,,26.0,,-2.15,,150,,0.19,0.18,-4.9,0.21,0,1,0.999991,0.16270200274730248,0.054546516370542725
305,306,2-5-1321,08 02 01.92,-60 58 50.27,,7.659990748440746,14.1,12.01,50,14.46,<,8.0,*,-0.74,,29,,0.5,0.55,-4.4,0.75,0,1,0.992964,0.6915978647389893,0.054546516370542725
306,307,2-5-1498,08 02 07.82,-60 59 19.81,,12.359990748440746,17.55,15.24,6,13.32,<,8.0,*,-2.02,,129,,0.04,0.07,-5.54,0.26,0,1,0.989146,0.2125250224541909,0.054546516370542725
307,308,2-5-1527,08 02 08.72,-60 55 45.35,,10.289990748440745,15.76,13.59,24,12.05,,8.6,*,-1.33,,59,,0.05,0.03,-5.46,0.53,0,1,0.99885,0.43238571813896387,0.054546516370542725
308,309,2-5-162,08 01 24.78,-60 53 13.67,,9.679990748440746,15.12,12.28,39,6.04,<,8.0,*,-1.08,,44,,0.03,-0.02,-5.64,0.62,0,2,,0.4942729498824929,0.054546516370542725
309,310,2-5-1637,08 02 12.20,-60 55 26.14,,8.519990748440746,14.7,12.8,41,0.91,<,8.0,,-0.99,,40,,0.28,0.27,-4.63,0.67,0,1,0.999488,0.606714080750317,0.054546516370542725
310,311,2-5-1670,08 02 13.46,-60 54 40.18,,11.289990748440745,16.6,14.41,17,17.97,<,8.0,*,-1.66,,85,,-0.01,-0.02,,0.41,0,1,0.999561,0.3183122571608178,0.054546516370542725
311,312,2-5-1750,08 02 15.48,-60 51 21.81,,8.739990748440748,14.91,13.1,42,7.98,<,8.0,*,-1.08,,43,,0.02,0.04,-5.87,0.64,0,1,0.999146,0.5853140004332386,0.054546516370542725
312,313,2-5-2067,08 02 25.76,-60 54 45.20,0.488,11.799990748440747,16.51,13.8,20,17.68,,35.4,*,-1.54,0.043,74,-2.18,0.55,0.54,-4.46,0.42,1,1,0.999991,0.2659058571922108,0.054546516370542725
313,314,2-5-2268,08 02 32.23,-60 57 52.80,1.143,11.759990748440748,16.92,14.59,9,1.56,,21.5,,-1.77,0.019,96,-1.93,0.43,0.34,-4.52,0.36,1,1,0.999806,0.2695422537532282,0.054546516370542725
314,315,2-5-2422,08 02 37.27,-60 51 14.81,,10.109990748440746,15.9,14.81,24,7.11,<,8.0,*,-1.41,,64,,-0.06,-0.04,,0.5,0,1,0.999987,0.45113721558560194,0.054546516370542725
315,316,2-5-2476,08 02 38.97,-60 57 23.00,1.262,10.949990748440745,16.19,13.9,16,0.08,,19.5,,-1.48,0.008,70,-1.74,0.3,0.42,-4.67,0.47,1,1,0.998258,0.3591801969299604,0.054546516370542725
316,317,2-5-2556,08 02 42.28,-60 54 14.91,,11.719990748440745,17.04,15.04,12,46.7,<,8.0,*,-1.84,,104,,-0.03,-0.08,,0.34,0,1,0.999772,0.2735312080466967,0.054546516370542725
317,318,2-5-2581,08 02 43.17,-60 53 05.10,0.359,10.919990748440748,16.08,13.79,20,0.32,,23.5,,-1.43,0.006,65,-2.26,0.27,0.26,-4.73,0.48,1,1,0.878061,0.36287768856430613,0.054546516370542725
318,319,2-5-2742,08 02 48.75,-60 52 00.90,,10.239990748440748,15.86,13.8,23,0.0,<,8.0,,-1.39,,62,,0.44,0.47,-4.48,0.51,0,1,0.998258,0.43774266276437335,0.054546516370542725
319,320,2-5-2906,08 02 56.33,-60 50 50.93,,11.559990748440745,16.94,14.81,11,14.75,<,8.0,*,-1.8,,100,,0.03,0.07,-5.65,0.35,0,1,0.999884,0.2887142236848983,0.054546516370542725
320,321,2-5-2945,08 02 56.42,-60 58 44.80,1.011,12.079990748440748,17.14,15.13,7,4.37,,10.5,*,-1.84,0.025,105,-2.01,0.33,0.28,-4.64,0.32,1,1,0.999956,0.23925119713958665,0.054546516370542725
321,322,2-5-358,08 01 30.70,-60 51 00.90,1.675,10.929990748440746,16.35,14.3,20,0.35,,14.5,,-1.56,0.007,76,-1.66,0.47,0.57,-4.47,0.44,1,1,0.999146,0.36182731093661424,0.054546516370542725
322,323,2-5-4520,08 03 47.57,-60 51 50.20,0.528,12.669990748440748,17.59,15.32,6,0.17,,32.9,,-2.0,0.013,125,-2.38,0.46,0.54,-4.53,0.26,1,1,0.999975,0.18799757471343922,0.054546516370542725
323,324,2-5-494,08 01 35.30,-60 53 42.20,,11.309990748440745,16.67,14.37,16,0.77,<,8.0,,-1.69,,88,,0.24,0.19,-4.76,0.4,0,1,0.999146,0.31587689359952537,0.054546516370542725
324,325,2-5-949,08 01 51.78,-60 56 30.55,,10.649990748440745,16.17,14.03,20,16.76,<,8.0,*,-1.5,,71,,0.07,-0.03,-5.29,0.47,0,1,0.997667,0.39514336682969364,0.054546516370542725
325,326,2-6-1094,08 01 55.82,-60 42 55.80,2.355,9.329990748440748,15.22,13.19,41,0.06,<,8.0,,-1.15,0.021,47,-1.3,0.58,0.62,-4.36,0.6,1,2,1e-06,0.5283144829174808,0.054546516370542725
326,327,2-6-117,08 01 22.49,-60 42 47.63,,8.219990748440745,14.17,13.06,66,36.14,<,8.0,*,-0.73,,29,,-0.02,-0.02,,0.74,0,1,0.999979,0.6367351397892905,0.054546516370542725
327,328,2-6-1200,08 01 58.39,-60 42 50.80,4.717,8.729990748440747,14.79,12.92,49,1.09,<,8.0,,-1.0,0.01,40,-0.93,0.25,0.32,-4.7,0.66,1,1,0.997667,0.5866722958807536,0.054546516370542725
328,329,2-6-121,08 01 23.27,-60 46 14.50,0.332,9.439990748440747,15.09,12.94,41,0.17,,51.7,,-1.08,0.026,44,-2.12,0.6,0.71,-4.35,0.62,1,1,0.992964,0.5176895155079496,0.054546516370542725
329,330,2-6-1250,08 01 58.22,-60 43 22.70,4.116,9.689990748440747,15.54,13.51,32,0.21,<,8.0,,-1.27,0.03,55,-1.12,0.54,0.58,-4.39,0.56,1,1,0.999146,0.49376676669824066,0.054546516370542725
330,331,2-6-136,08 01 24.05,-60 47 23.96,,12.089990748440746,17.29,14.91,11,28.45,,8.5,*,-1.92,,115,,0.01,-0.04,-6.45,0.3,0,1,0.999924,0.23811629086538358,0.054546516370542725
331,332,2-6-1571,08 02 09.97,-60 42 42.10,8.363,9.329990748440748,15.22,13.27,36,1.43,<,8.0,,-1.15,0.017,47,-0.75,0.34,0.42,-4.59,0.6,1,1,0.998258,0.5283144829174808,0.054546516370542725
332,333,2-6-1700,08 02 14.47,-60 45 43.90,0.771,11.649990748440745,16.87,14.65,14,0.9,,18.4,,-1.76,0.009,95,-2.09,0.46,0.4,-4.48,0.37,1,1,0.999488,0.2800498361197155,0.054546516370542725
333,334,2-6-1739,08 02 15.23,-60 45 27.47,,12.239990748440748,17.42,14.75,8,52.55,,54.2,*,-1.97,,121,,0.17,0.24,-4.93,0.28,0,1,0.999887,0.22385551817396168,0.054546516370542725
334,335,2-6-1857,08 02 18.74,-60 45 18.59,,9.509990748440748,15.4,13.44,35,0.2,<,8.0,,-1.22,,51,,0.18,0.23,-4.85,0.58,0,1,0.99885,0.5109541602416993,0.054546516370542725
335,336,2-6-2033,08 02 24.67,-60 42 37.40,3.919,10.649990748440745,16.0,13.72,25,2.97,<,8.0,*,-1.42,0.006,65,-1.22,0.21,0.19,-4.81,0.49,1,1,0.896753,0.39514336682969364,0.054546516370542725
336,337,2-6-2207,08 02 30.90,-60 48 44.40,0.715,12.089990748440746,17.2,14.71,12,0.62,,34.4,,-1.87,0.029,108,-2.18,0.35,0.37,-4.62,0.31,1,1,0.99987,0.23811629086538358,0.054546516370542725
337,338,2-6-2346,08 02 34.70,-60 46 04.70,10.988,10.329990748440748,15.69,13.43,32,0.29,,18.5,,-1.3,0.027,56,-0.71,0.42,0.46,-4.51,0.54,1,2,1e-06,0.4287383229958113,0.054546516370542725
338,339,2-6-240,08 01 27.59,-60 41 40.80,8.774,8.709990748440747,14.79,12.99,44,0.05,<,8.0,,-1.01,0.022,40,-0.66,0.36,0.44,-4.53,0.66,1,1,0.99968,0.5882762748956936,0.054546516370542725
339,340,2-6-2407,08 02 36.87,-60 47 26.00,0.363,11.199990748440745,16.33,13.88,22,12.02,,53.5,*,-1.52,0.01,73,-2.3,0.37,0.38,-4.59,0.45,1,1,0.999146,0.3291271870772032,0.054546516370542725
340,341,2-6-2478,08 02 39.22,-60 46 20.75,,12.509990748440748,17.56,14.99,9,2.4,,28.6,,-2.0,,127,,0.38,0.39,-4.59,0.26,0,1,0.999899,0.19878211830722767,0.054546516370542725
341,342,2-6-2753,08 02 48.35,-60 47 09.50,10.406,10.319990748440746,15.96,13.9,26,1.19,<,8.0,,-1.43,0.013,65,-0.8,0.29,0.33,-4.66,0.5,1,1,0.999019,0.429781603766682,0.054546516370542725
342,343,2-6-2921,08 02 46.18,-60 43 10.74,,8.729990748440747,14.77,12.92,48,23.16,<,8.0,*,-0.99,,39,,0.09,0.11,-5.16,0.66,0,1,0.999146,0.5866722958807536,0.054546516370542725
343,344,2-6-3335,08 03 06.00,-60 42 53.80,0.85,11.469990748440745,16.57,14.08,18,31.03,,23.6,*,-1.62,0.017,81,-1.98,0.23,0.33,-4.8,0.41,1,1,0.999245,0.2975386015352732,0.054546516370542725
344,345,2-6-3567,08 03 12.91,-60 49 03.98,,10.449990748440745,15.78,13.53,27,4.38,<,8.0,*,-1.33,,58,,0.06,0.0,-5.38,0.52,0,1,0.997667,0.4166002778855955,0.054546516370542725
345,346,2-6-3707,08 03 17.81,-60 49 58.10,3.297,9.149990748440745,15.22,13.31,32,0.3,<,8.0,,-1.18,0.01,49,-1.17,0.5,0.57,-4.4,0.6,1,1,0.998258,0.5459991377513449,0.054546516370542725
346,347,2-6-4103,08 03 29.88,-60 46 51.40,,11.749990748440746,16.52,13.96,12,29.3,,9.8,*,-1.55,,75,,0.08,0.08,-5.29,0.42,0,1,0.999949,0.2707167740397581,0.054546516370542725
347,348,2-6-4162,08 03 32.00,-60 49 11.55,,12.169990748440748,16.89,14.4,7,15.35,,17.0,*,-1.69,,88,,-0.02,-0.02,,0.36,0,1,0.999979,0.2304237209605633,0.054546516370542725
348,349,2-6-4184,08 03 32.16,-60 44 26.20,1.857,11.059990748440745,16.46,14.31,13,0.61,,15.5,,-1.61,0.018,81,-1.64,0.44,0.46,-4.49,0.43,1,1,0.999146,0.3458262292179003,0.054546516370542725
349,350,2-6-429,08 01 34.66,-60 41 49.50,1.179,11.289990748440745,16.47,13.99,14,1.15,,18.8,,-1.59,0.009,79,-1.82,0.23,0.2,-4.79,0.42,1,1,0.999488,0.3183122571608178,0.054546516370542725
350,351,2-6-440,08 01 34.70,-60 43 52.60,2.799,9.409990748440746,15.08,12.96,38,0.3,,8.8,,-1.08,0.012,43,-1.19,0.53,0.61,-4.4,0.62,1,1,0.996487,0.5211263693674996,0.054546516370542725
351,352,2-6-4563,08 03 42.78,-60 44 37.70,1.322,11.709990748440747,16.96,14.66,6,1.14,<,8.0,,-1.8,0.012,99,-1.88,0.16,0.26,-4.95,0.35,1,1,0.99979,0.27433164651523867,0.054546516370542725
352,353,2-6-4584,08 03 43.86,-60 47 47.68,,11.239990748440748,16.61,14.49,11,20.89,<,8.0,*,-1.67,,86,,-0.08,0.02,,0.4,0,1,0.999488,0.32420378680782597,0.054546516370542725
353,354,2-6-494,08 01 36.39,-60 45 27.80,0.489,9.029990748440747,14.96,12.76,39,0.93,,47.8,,-1.04,0.009,42,-1.93,0.76,0.91,-4.24,0.64,1,1,0.996487,0.5573851528425369,0.054546516370542725
354,355,2-6-565,08 01 39.71,-60 47 47.22,,9.739990748440748,15.59,13.6,31,37.99,<,8.0,*,-1.29,,56,,0.05,0.05,-5.39,0.55,0,1,0.999617,0.48869598374404544,0.054546516370542725
355,356,2-6-612,08 01 41.24,-60 44 42.70,1.758,11.059990748440745,16.44,14.13,20,1.04,,12.1,,-1.6,0.018,80,-1.66,0.4,0.44,-4.53,0.43,1,1,0.996487,0.3458262292179003,0.054546516370542725
356,357,2-6-649,08 01 42.37,-60 44 08.80,0.809,12.229990748440747,17.39,15.06,10,0.25,,27.3,,-1.95,0.037,119,-2.17,0.16,0.39,-4.96,0.28,1,1,0.999906,0.2249302679498716,0.054546516370542725
357,358,2-6-93,08 01 22.13,-60 41 38.40,,8.309990748440745,14.29,13.29,54,28.98,<,8.0,*,-0.78,,31,,-0.04,-0.04,,0.73,0,1,0.999986,0.6273448731579131,0.054546516370542725
358,359,2-7-154,08 01 24.96,-60 40 35.03,,12.679990748440746,17.67,15.1,8,3.66,,22.7,,-2.04,,132,,0.36,0.23,-4.62,0.25,0,1,0.999982,0.1874644358795218,0.054546516370542725
359,360,2-7-1803,08 02 18.19,-60 36 50.18,,12.689990748440747,17.59,15.04,8,0.33,,34.0,,-1.99,,125,,0.4,0.42,-4.59,0.26,0,1,0.999955,0.18663947171445625,0.054546516370542725
360,361,2-7-2171,08 02 29.60,-60 40 56.78,,13.149990748440745,17.91,15.27,7,1.7,,38.7,,-2.11,,143,,0.19,0.29,-4.93,0.22,0,1,0.999977,0.15894675247201595,0.054546516370542725
361,362,2-7-2350,08 02 35.08,-60 37 11.30,0.564,12.049990748440747,17.2,14.68,9,0.44,,25.4,,-1.88,0.014,109,-2.29,0.41,0.34,-4.55,0.31,1,1,0.999884,0.24188595935975674,0.054546516370542725
362,363,2-7-2354,08 02 35.32,-60 40 19.60,4.971,9.189990748440747,15.16,13.3,37,0.06,<,8.0,,-1.13,0.008,46,-0.97,0.33,0.38,-4.6,0.61,1,1,0.998258,0.5418972683082744,0.054546516370542725
363,364,2-7-2368,08 02 36.02,-60 37 55.50,0.542,12.559990748440745,17.59,15.24,8,1.15,,38.2,,-2.01,0.023,128,-2.37,0.29,0.5,-4.71,0.26,1,1,0.999887,0.19535428019799728,0.054546516370542725
364,365,2-7-2526,08 02 40.76,-60 37 36.43,,11.749990748440746,16.85,14.5,12,0.33,,26.0,,-1.73,,92,,0.06,0.03,-5.41,0.37,0,1,0.999712,0.2707167740397581,0.054546516370542725
365,366,2-7-2687,08 02 46.14,-60 37 15.10,1.516,11.899990748440745,17.05,14.72,7,0.07,,12.0,,-1.82,0.024,102,-1.83,0.27,0.24,-4.72,0.34,1,1,0.999826,0.2564415784200618,0.054546516370542725
366,367,2-7-28,08 01 20.29,-60 34 02.70,0.664,10.319990748440746,15.96,13.74,5,2.49,,32.4,,-1.43,0.02,65,-1.99,0.6,0.63,-4.35,0.5,1,1,0.999245,0.429781603766682,0.054546516370542725
367,368,2-7-2821,08 02 51.36,-60 41 02.51,,10.889990748440747,16.23,14.11,21,4.25,<,8.0,*,-1.51,,72,,-0.01,0.0,,0.46,0,1,0.998258,0.36658590069076963,0.054546516370542725
368,369,2-7-2941,08 02 55.15,-60 39 24.50,6.881,8.789990748440745,14.92,13.02,37,0.71,<,8.0,,-1.07,0.036,43,-0.8,0.34,0.41,-4.56,0.64,1,1,0.999245,0.5807311210190735,0.054546516370542725
369,370,2-7-432,08 01 33.39,-60 34 22.24,,7.929990748440746,14.63,12.86,12,1.8,<,8.0,,-0.93,,37,,0.05,0.17,-5.44,0.68,0,1,0.999561,0.6652542386805141,0.054546516370542725
370,371,2-7-495,08 01 36.44,-60 41 05.51,,10.789990748440745,15.94,13.57,27,3.73,<,8.0,*,-1.37,,61,,0.1,0.04,-5.17,0.5,0,1,0.998613,0.37829809954542487,0.054546516370542725
371,372,2-7-533,08 01 37.96,-60 40 51.23,,13.189990748440747,18.12,15.67,6,3.22,,30.7,,-2.22,,161,,0.33,0.25,-4.66,0.2,0,1,0.999994,0.1566507608614817,0.054546516370542725
372,373,2-8-226,08 01 27.59,-60 31 40.97,,8.709990748440747,14.72,13.55,21,43.8,<,8.0,*,-0.96,,38,,-0.08,-0.05,,0.67,0,1,0.999989,0.5882762748956936,0.054546516370542725
373,374,3-1-1124,07 51 39.09,-61 06 40.95,,12.879990748440745,17.94,15.39,6,58.81,<,8.0,*,-2.16,,152,,-0.02,-0.21,,0.22,0,1,0.999994,0.17406764642652317,0.054546516370542725
374,375,3-1-1370,07 51 49.31,-61 13 36.76,,8.699990748440745,14.65,12.62,43,6.92,<,8.0,*,-0.92,,36,,0.15,0.2,-4.96,0.68,0,1,0.997667,0.5896289015366145,0.054546516370542725
375,376,3-1-1526,07 51 54.82,-61 11 54.31,,8.129990748440745,14.66,13.0,42,43.76,<,8.0,*,-0.95,,38,,-0.03,-0.01,,0.68,0,1,0.999937,0.6452518697949498,0.054546516370542725
376,377,3-1-1583,07 51 56.64,-61 09 34.10,0.518,11.019990748440746,16.17,13.89,20,1.28,,41.0,,-1.46,0.014,68,-2.12,0.38,0.46,-4.58,0.47,1,1,0.998258,0.35092805169798363,0.054546516370542725
377,378,3-1-2130,07 52 15.81,-61 09 14.31,,12.579990748440748,17.71,14.98,7,1.46,,11.9,,-2.08,,138,,-0.13,0.0,,0.24,0,1,0.999881,0.19393548774001276,0.054546516370542725
378,379,3-1-2177,07 52 17.37,-61 05 48.91,,12.859990748440746,17.81,15.05,6,26.76,<,8.0,*,-2.09,,140,,-0.04,-0.11,,0.23,0,1,0.999938,0.17540165266470717,0.054546516370542725
379,380,3-1-2182,07 52 17.97,-61 10 51.80,0.737,12.809990748440745,17.78,15.03,6,0.05,,28.8,,-2.08,0.014,139,-2.27,0.05,0.34,-5.51,0.23,1,1,0.999939,0.1788835235002564,0.054546516370542725
380,381,3-1-2230,07 52 20.76,-61 14 36.40,0.975,12.119990748440747,17.25,14.99,10,0.54,,15.8,,-1.89,0.03,111,-2.06,0.25,0.29,-4.76,0.3,1,1,0.99968,0.23519565965543038,0.054546516370542725
381,382,3-1-2445,07 52 28.65,-61 06 03.50,2.904,11.299990748440747,16.51,14.31,18,0.87,,9.9,,-1.61,0.013,81,-1.44,0.39,0.36,-4.56,0.42,1,1,0.998258,0.3173142239737823,0.054546516370542725
382,383,3-1-2585,07 52 32.38,-61 12 56.70,,9.109990748440746,15.08,13.05,36,3.06,,63.4,,-1.09,,44,,0.58,0.75,-4.36,0.62,0,1,0.996487,0.550069796622539,0.054546516370542725
383,384,3-1-2640,07 52 35.71,-61 08 42.32,,12.519990748440746,17.47,15.06,10,3.38,,50.9,,-1.95,,119,,0.46,0.48,-4.52,0.27,0,1,0.999956,0.19792704647142484,0.054546516370542725
384,385,3-1-2700,07 52 37.25,-61 06 48.11,,8.369990748440747,14.76,13.0,45,82.56,<,8.0,*,-1.0,,40,,-0.13,-0.15,,0.66,0,1,0.999995,0.6213070247968981,0.054546516370542725
385,386,3-1-2703,07 52 37.65,-61 08 34.23,,11.619990748440747,16.59,14.06,16,0.31,,28.1,,-1.61,,80,,0.17,0.26,-4.96,0.41,0,1,0.999712,0.2829201936119049,0.054546516370542725
386,387,3-1-2708,07 52 37.75,-61 05 53.02,,13.509990748440748,18.28,,5,1.04,,15.2,,-2.26,,169,,0.23,0.29,-4.84,0.18,0,1,0.999991,0.14195334289428904,0.054546516370542725
387,388,3-1-2816,07 52 42.12,-61 11 30.28,,10.689990748440747,16.19,13.94,19,22.86,<,8.0,*,-1.51,,71,,0.03,-0.05,-5.63,0.47,0,1,0.997667,0.3907364970816843,0.054546516370542725
388,389,3-1-288,07 51 10.75,-61 08 35.10,1.03,10.499990748440746,15.84,13.64,19,9.84,,48.1,*,-1.36,0.015,60,-1.77,0.55,0.6,-4.4,0.51,1,1,0.996487,0.41147099811677607,0.054546516370542725
389,390,3-1-3066,07 52 50.01,-61 11 27.67,,11.409990748440746,16.57,14.3,16,17.3,,8.2,*,-1.63,,82,,0.06,0.05,-5.36,0.41,0,1,0.999245,0.3039217699405893,0.054546516370542725
390,391,3-1-3103,07 52 51.98,-61 12 56.01,,11.119990748440747,16.57,14.28,16,3.08,<,8.0,*,-1.66,,85,,-0.04,-0.03,,0.41,0,1,0.999488,0.33864725530436024,0.054546516370542725
391,392,3-1-3373,07 53 00.35,-61 06 55.39,,12.459990748440747,17.36,15.15,10,15.94,,14.5,*,-1.9,,113,,0.17,0.25,-4.96,0.29,0,1,0.999947,0.20296193373658872,0.054546516370542725
392,393,3-1-3604,07 53 07.23,-61 06 46.10,11.35,10.459990748440747,15.69,13.45,29,15.36,<,8.0,*,-1.29,0.006,55,-0.69,0.15,0.13,-4.96,0.54,1,1,0.998613,0.4155801974234068,0.054546516370542725
393,394,3-1-3674,07 53 10.29,-61 13 07.22,,13.069990748440746,17.76,15.12,8,2.39,,35.9,,-2.04,,132,,0.33,0.25,-4.69,0.24,0,1,0.999983,0.16318872505854154,0.054546516370542725
394,395,3-1-3691,07 53 10.79,-61 10 49.16,,11.989990748440748,17.14,14.72,10,12.92,,16.2,*,-1.85,,106,,-0.03,-0.08,,0.32,0,1,0.997266,0.24759933596955852,0.054546516370542725
395,396,3-1-3911,07 53 17.55,-61 08 18.99,,12.399990748440745,17.37,15.02,10,18.35,,13.1,*,-1.92,,115,,0.1,0.15,-5.18,0.29,0,1,0.999972,0.20870731974827383,0.054546516370542725
396,397,3-1-3934,07 53 18.45,-61 10 59.93,,9.009990748440748,15.14,13.36,29,29.37,<,8.0,*,-1.16,,48,,-0.02,-0.01,,0.61,0,1,0.999904,0.5591629308929351,0.054546516370542725
397,398,3-1-3941,07 53 18.85,-61 07 42.70,0.667,11.419990748440748,16.63,14.37,17,0.71,,27.1,,-1.66,0.029,85,-2.11,0.27,0.36,-4.73,0.4,1,1,0.999527,0.3025441000331882,0.054546516370542725
398,399,3-1-3950,07 53 19.44,-61 12 39.23,,12.179990748440746,17.06,14.49,13,0.2,,27.0,,-1.78,,98,,0.24,0.23,-4.81,0.34,0,1,0.999965,0.22966165063543353,0.054546516370542725
399,400,3-1-4095,07 53 24.37,-61 10 14.70,,10.719990748440745,16.13,13.78,22,0.03,,22.7,,-1.48,,69,,0.65,0.57,-4.32,0.47,0,1,0.99885,0.3869517235236303,0.054546516370542725
400,401,3-1-4112,07 53 24.90,-61 08 19.07,,12.339990748440746,17.22,14.73,11,23.48,<,8.0,*,-1.85,,105,,0.17,0.21,-4.95,0.31,0,1,0.99989,0.21429077960521278,0.054546516370542725
401,402,3-1-4161,07 53 26.90,-61 09 27.90,0.689,13.049990748440747,17.94,15.57,5,22.59,,23.3,*,-2.14,0.02,147,-2.33,0.07,0.18,-5.37,0.22,1,1,0.999968,0.16413924853794612,0.054546516370542725
402,403,3-1-4200,07 53 28.35,-61 10 13.70,,11.969990748440745,17.24,15.16,7,40.4,<,8.0,*,-1.91,,113,,0.03,-0.02,-5.7,0.31,0,1,0.999826,0.24950846014554326,0.054546516370542725
403,404,3-1-4252,07 53 30.83,-61 10 52.21,,13.059990748440745,17.56,15.42,6,31.12,,15.8,*,-1.93,,116,,-0.22,-0.24,,0.26,0,1,0.99885,0.16363614581786531,0.054546516370542725
404,405,3-1-719,07 51 25.82,-61 08 26.79,,12.059990748440745,17.14,14.71,9,13.26,,19.1,*,-1.84,,105,,0.08,-0.05,-5.29,0.32,0,1,0.999862,0.24113755314686625,0.054546516370542725
405,406,3-1-872,07 51 30.80,-61 10 16.94,,13.239990748440748,18.0,15.44,7,1.57,<,8.0,,-2.14,,148,,0.05,-0.08,-5.51,0.21,0,1,0.999994,0.1539425680357965,0.054546516370542725
406,407,3-1-892,07 51 30.99,-61 07 22.06,,12.259990748440748,17.44,14.91,8,40.36,<,8.0,*,-1.98,,122,,0.02,-0.02,-5.88,0.28,0,1,0.999932,0.2220631942963724,0.054546516370542725
407,408,3-2-1169,07 51 41.23,-61 04 53.16,,10.139990748440747,15.76,13.63,26,11.79,,9.1,*,-1.35,,59,,0.07,0.05,-5.31,0.53,0,1,0.999389,0.44795929109192173,0.054546516370542725
408,409,3-2-1409,07 51 48.44,-60 58 53.69,,11.459990748440747,16.83,14.46,12,35.39,<,8.0,*,-1.76,,95,,-0.05,-0.07,,0.37,0,1,0.999324,0.29844799307093245,0.054546516370542725
409,410,3-2-1428,07 51 49.37,-61 05 21.39,,12.289990748440745,17.22,14.54,11,2.77,,29.4,,-1.85,,106,,0.26,0.22,-4.76,0.31,0,1,0.999913,0.21920571788218599,0.054546516370542725
410,411,3-2-1709,07 51 58.89,-60 59 18.55,,12.519990748440746,17.58,15.26,8,11.37,<,8.0,*,-2.01,,128,,0.03,0.06,-5.66,0.26,0,1,0.999971,0.19792704647142484,0.054546516370542725
411,412,3-2-1754,07 52 00.72,-61 02 25.60,1.054,11.529990748440747,16.83,14.57,14,0.73,,27.5,,-1.75,0.024,95,-1.95,0.34,0.39,-4.61,0.37,1,1,0.999146,0.29167785715294914,0.054546516370542725
412,413,3-2-1798,07 52 02.01,-61 05 08.92,,9.959990748440747,15.39,13.22,32,19.62,<,8.0,*,-1.19,,49,,0.06,0.02,-5.33,0.58,0,2,1e-06,0.465865965824983,0.054546516370542725
413,414,3-2-1830,07 52 03.54,-61 02 04.31,,12.679990748440746,17.66,15.44,8,2.65,,33.8,,-2.03,,131,,0.21,0.53,-4.85,0.25,0,1,0.999901,0.1874644358795218,0.054546516370542725
414,415,3-2-1895,07 52 05.22,-60 59 27.54,,13.069990748440746,17.87,15.06,5,0.49,<,8.0,,-2.1,,141,,0.14,0.09,-5.04,0.22,0,1,0.999973,0.16318872505854154,0.054546516370542725
415,416,3-2-2145,07 52 13.76,-61 01 27.25,,12.519990748440746,17.55,14.58,8,0.75,,37.8,,-2.0,,126,,0.48,0.36,-4.49,0.26,0,1,0.999944,0.19792704647142484,0.054546516370542725
416,417,3-2-2387,07 52 22.35,-60 58 44.62,,11.539990748440745,16.76,14.57,14,5.4,<,8.0,*,-1.71,,90,,-0.12,-0.05,,0.38,0,1,0.999019,0.2908325352178944,0.054546516370542725
417,418,3-2-2514,07 52 28.06,-61 04 14.31,,13.199990748440745,18.04,15.63,6,1.69,,29.1,,-2.17,,153,,0.2,0.36,-4.89,0.2,0,1,0.999983,0.15621174086141734,0.054546516370542725
418,419,3-2-2625,07 52 30.16,-60 56 26.03,,8.199990748440745,14.21,13.2,59,29.65,<,8.0,*,-0.76,,30,,-0.01,-0.02,,0.74,0,1,0.999992,0.6385824987489769,0.054546516370542725
419,420,3-2-2921,07 52 41.65,-61 05 16.20,,11.649990748440745,16.76,14.55,14,12.72,<,8.0,*,-1.7,,89,,0.14,0.01,-5.01,0.38,0,1,0.999617,0.2800498361197155,0.054546516370542725
420,421,3-2-3091,07 52 48.14,-61 02 25.56,,11.389990748440747,16.71,14.49,16,26.36,<,8.0,*,-1.7,,90,,0.02,-0.05,-5.78,0.39,0,1,0.99964,0.30627817637505383,0.054546516370542725
421,422,3-2-3142,07 52 50.19,-61 00 03.00,13.612,9.369990748440747,15.26,13.32,31,0.81,<,8.0,,-1.16,0.01,48,-0.55,0.13,0.18,-5.0,0.6,1,1,0.999697,0.525016338030411,0.054546516370542725
422,423,3-2-3348,07 52 58.44,-61 03 56.97,,10.909990748440746,16.21,13.9,20,21.25,<,8.0,*,-1.5,,71,,-0.02,-0.01,,0.46,0,1,0.998613,0.36390292582803885,0.054546516370542725
423,424,3-2-3359,07 52 58.88,-61 03 42.60,,8.369990748440747,14.58,12.77,50,25.6,<,8.0,*,-0.94,,37,,0.0,0.05,-6.6,0.69,0,1,0.999884,0.6213070247968981,0.054546516370542725
424,425,3-2-3733,07 53 12.88,-61 04 02.40,1.452,11.899990748440745,17.07,14.55,12,0.28,,25.2,,-1.83,0.013,103,-1.85,0.28,0.29,-4.7,0.33,1,1,0.999739,0.2564415784200618,0.054546516370542725
425,426,3-2-3869,07 53 18.51,-61 04 05.44,,12.059990748440745,17.31,15.28,11,24.43,,21.5,*,-1.93,,117,,0.05,-0.04,-5.44,0.3,0,1,0.999838,0.24113755314686625,0.054546516370542725
426,427,3-2-3925,07 53 21.07,-60 58 13.00,2.515,9.749990748440746,15.56,13.35,30,0.18,<,8.0,,-1.28,0.005,55,-1.34,0.76,0.79,-4.24,0.55,1,1,0.99885,0.48758553719203696,0.054546516370542725
427,428,3-2-3930,07 53 21.64,-61 02 13.00,2.342,10.219990748440745,15.82,13.68,26,0.21,<,8.0,,-1.37,0.008,61,-1.41,0.53,0.68,-4.41,0.52,1,1,0.998258,0.43990558254738865,0.054546516370542725
428,429,3-2-3954,07 53 23.14,-61 02 42.92,,8.469990748440745,14.37,12.34,55,0.37,<,8.0,,-0.81,,32,,0.47,0.58,-4.45,0.71,0,1,0.996487,0.6115310719734247,0.054546516370542725
429,430,3-2-4043,07 53 27.74,-61 00 58.91,,11.549990748440747,16.78,14.49,15,0.57,,21.0,,-1.72,,91,,0.45,0.43,-4.49,0.38,0,1,0.999906,0.28958586534708125,0.054546516370542725
430,431,3-2-588,07 51 20.90,-61 05 08.30,0.807,12.459990748440747,17.47,14.9,8,1.31,,25.5,,-1.96,0.032,121,-2.17,0.4,0.58,-4.57,0.27,1,1,0.999966,0.20296193373658872,0.054546516370542725
431,432,3-2-795,07 51 27.14,-61 04 49.57,,7.999990748440746,14.43,13.48,43,20.2,<,8.0,*,-0.87,,34,,0.0,0.01,-6.5,0.71,0,1,0.999986,0.6583875473596498,0.054546516370542725
432,433,3-3-1908,07 52 03.92,-60 55 36.70,0.707,12.759990748440748,17.71,15.82,7,0.33,,28.9,,-2.05,0.02,134,-2.28,0.25,0.31,-4.78,0.24,1,1,0.999962,0.18219035049954527,0.054546516370542725
433,434,3-3-2514,07 52 25.85,-60 55 24.41,,9.889990748440747,15.72,13.69,26,18.25,<,8.0,*,-1.34,,59,,0.11,0.05,-5.08,0.53,0,1,0.999832,0.47299473286931415,0.054546516370542725
434,435,3-3-2975,07 52 39.38,-60 55 40.60,,9.189990748440747,15.19,13.28,34,23.05,<,8.0,*,-1.15,,47,,0.04,0.03,-5.57,0.61,0,1,0.999726,0.5418972683082744,0.054546516370542725
435,436,3-3-3266,07 52 49.28,-60 55 06.64,,13.109990748440746,18.03,15.33,6,0.9,<,8.0,,-2.18,,154,,0.25,0.18,-4.79,0.21,0,1,0.999989,0.16107522378590178,0.054546516370542725
436,437,3-3-3323,07 52 50.72,-60 54 17.60,0.29,9.989990748440748,15.65,13.54,24,3.09,,79.5,,-1.3,0.014,57,-2.29,0.52,0.59,-4.41,0.54,1,1,0.998258,0.46318128673289766,0.054546516370542725
437,438,3-3-3637,07 53 00.56,-60 48 09.40,11.614,9.739990748440748,15.49,13.32,32,0.01,<,8.0,,-1.25,0.006,53,-0.66,0.2,0.21,-4.83,0.56,1,1,0.998258,0.48869598374404544,0.054546516370542725
438,439,3-3-3724,07 53 02.58,-60 50 25.90,0.328,8.539990748440745,14.79,12.81,40,0.68,,95.9,,-1.02,0.045,41,-2.1,0.53,0.74,-4.35,0.66,1,1,0.997667,0.605069523407578,0.054546516370542725
439,440,3-3-3858,07 53 05.00,-60 51 57.54,,13.089990748440746,17.79,15.01,7,2.42,,11.2,,-2.05,,134,,0.32,0.28,-4.7,0.23,0,1,0.999983,0.16200169632052686,0.054546516370542725
440,441,3-3-4100,07 53 15.49,-60 48 21.09,,7.869990748440747,14.18,12.53,53,106.3,<,8.0,*,-0.78,,31,,0.03,0.0,-5.62,0.74,0,1,0.992964,0.6706610922432011,0.054546516370542725
441,442,3-4-3738,07 53 10.31,-60 46 39.90,2.205,10.559990748440745,16.03,13.74,23,0.72,,9.4,,-1.44,0.017,66,-1.48,0.4,0.51,-4.53,0.49,1,1,0.998613,0.4052638028548657,0.054546516370542725
442,443,3-4-3791,07 53 11.78,-60 41 38.90,4.578,10.039990748440745,15.74,13.79,23,1.1,<,8.0,,-1.34,0.013,59,-1.11,0.35,0.5,-4.58,0.53,1,1,0.996487,0.4582375194101277,0.054546516370542725
443,444,3-4-4335,07 53 29.35,-60 42 59.07,,11.759990748440748,16.92,14.64,14,5.99,<,8.0,*,-1.77,,96,,0.08,0.0,-5.26,0.36,0,1,0.99964,0.2695422537532282,0.054546516370542725
444,445,3-5-1009,07 54 10.61,-61 07 35.00,0.78,12.669990748440748,17.61,15.18,8,0.69,,10.7,,-2.01,0.026,127,-2.21,0.3,0.23,-4.71,0.25,1,1,0.99997,0.18799757471343922,0.054546516370542725
445,446,3-5-1035,07 54 11.48,-61 07 44.45,,11.489990748440748,16.67,14.11,16,1.03,,61.6,,-1.67,,86,,0.39,0.51,-4.56,0.4,0,1,0.999751,0.29545259031158916,0.054546516370542725
446,447,3-5-1300,07 54 20.18,-61 06 26.50,2.977,11.259990748440748,16.51,14.27,17,1.42,<,8.0,,-1.62,0.009,81,-1.44,0.34,0.37,-4.62,0.42,1,1,0.999591,0.3217825922204149,0.054546516370542725
447,448,3-5-1317,07 54 20.89,-61 06 12.23,,8.569990748440746,14.94,13.08,41,56.02,<,8.0,*,-1.08,,43,,-0.19,-0.18,,0.64,0,1,0.999996,0.6020020871186798,0.054546516370542725
448,449,3-5-1999,07 54 44.79,-61 07 55.22,,10.839990748440746,16.37,14.16,17,15.31,,8.8,*,-1.58,,78,,0.01,0.0,-6.0,0.44,0,1,0.999887,0.37236395967869046,0.054546516370542725
449,450,3-5-2009,07 54 45.90,-61 09 55.10,,12.919990748440748,17.96,15.08,7,30.32,<,8.0,*,-2.17,,153,,0.01,-0.03,-6.39,0.21,0,1,0.999978,0.17141273032132504,0.054546516370542725
450,451,3-5-2482,07 55 02.38,-61 10 37.60,2.911,10.259990748440748,15.75,13.5,29,1.02,,8.9,,-1.33,0.011,58,-1.3,0.5,0.53,-4.43,0.53,1,1,0.996487,0.43553886837883865,0.054546516370542725
451,452,3-5-2531,07 55 03.96,-61 05 52.93,,8.489990748440748,14.29,12.42,64,59.58,<,8.0,*,-0.77,,31,,-0.02,-0.02,,0.73,0,1,0.999324,0.6097911591806464,0.054546516370542725
452,453,3-5-2593,07 55 06.68,-61 07 13.30,6.372,10.289990748440745,15.91,13.74,26,0.87,<,8.0,,-1.41,0.005,64,-1.0,0.18,0.2,-4.88,0.5,1,1,0.997667,0.43238571813896387,0.054546516370542725
453,454,3-5-2773,07 55 12.88,-61 09 39.97,,11.679990748440746,16.9,14.82,15,16.82,<,8.0,*,-1.77,,96,,0.03,-0.01,-5.69,0.36,0,1,0.999697,0.27718707541193705,0.054546516370542725
454,455,3-5-2861,07 55 16.41,-61 13 37.10,8.634,9.529990748440747,15.38,13.43,37,0.49,<,8.0,,-1.21,0.012,51,-0.77,0.34,0.42,-4.59,0.58,1,1,0.999712,0.5093879348519793,0.054546516370542725
455,456,3-5-2879,07 55 17.64,-61 14 18.52,,12.769990748440746,17.65,15.2,10,0.51,,19.0,,-2.02,,128,,0.2,0.21,-4.88,0.25,0,1,0.999994,0.18136339888488837,0.054546516370542725
456,457,3-5-3013,07 55 22.13,-61 09 23.15,,7.839990748440746,14.48,12.78,61,1.24,<,8.0,,-0.87,,34,,0.18,0.25,-4.86,0.7,0,1,0.999739,0.6740007839419023,0.054546516370542725
457,458,3-5-3184,07 55 28.15,-61 10 29.50,3.537,10.769990748440746,16.18,13.95,25,0.16,<,8.0,,-1.5,0.007,71,-1.3,0.47,0.5,-4.46,0.47,1,1,0.999019,0.3810061798943133,0.054546516370542725
458,459,3-5-3200,07 55 28.89,-61 13 34.90,4.968,10.849990748440748,16.26,14.07,24,1.39,<,8.0,,-1.53,0.006,73,-1.17,0.5,0.52,-4.44,0.46,1,1,0.999146,0.37135408368068606,0.054546516370542725
459,460,3-5-3259,07 55 31.05,-61 10 42.70,,10.699990748440745,16.13,13.81,24,0.12,,11.2,,-1.48,,69,,0.48,0.5,-4.45,0.47,0,1,0.992964,0.3891238204290246,0.054546516370542725
460,461,3-5-3333,07 55 34.53,-61 10 01.51,,11.669990748440748,16.69,14.26,19,22.12,<,8.0,*,-1.66,,85,,0.06,-0.05,-5.42,0.39,0,1,0.99987,0.278411818612557,0.054546516370542725
461,462,3-5-3341,07 55 34.48,-61 11 52.87,,8.729990748440747,14.93,12.96,49,1.27,<,8.0,,-1.08,,44,,0.29,0.35,-4.61,0.64,0,1,0.999527,0.5866722958807536,0.054546516370542725
462,463,3-5-3354,07 55 35.48,-61 06 49.04,,13.919990748440748,18.38,15.33,5,0.62,,52.2,,-2.25,,168,,0.11,0.13,-5.18,0.17,0,1,0.999991,0.1271150296221427,0.054546516370542725
463,464,3-5-3418,07 55 38.45,-61 13 47.51,,13.149990748440745,18.05,15.44,6,30.38,,23.1,*,-2.18,,155,,-0.14,-0.01,,0.2,0,1,0.999965,0.15894675247201595,0.054546516370542725
464,465,3-5-366,07 53 46.86,-61 13 50.02,,12.889990748440747,17.61,14.85,7,2.01,,36.8,,-1.98,,123,,0.17,0.31,-4.97,0.25,0,1,0.999993,0.17354688105599078,0.054546516370542725
465,466,3-5-3702,07 55 47.46,-61 07 25.88,,12.259990748440748,17.03,14.43,15,18.38,,10.9,*,-1.75,,95,,1.24,1.47,-4.11,0.34,0,1,0.999979,0.2220631942963724,0.054546516370542725
466,467,3-5-3764,07 55 51.98,-61 13 21.10,1.216,8.899990748440745,15.07,13.04,39,0.39,,24.0,,-1.14,0.049,47,-1.58,0.53,0.64,-4.35,0.62,1,1,0.999245,0.5702931356242382,0.054546516370542725
467,468,3-5-399,07 53 47.82,-61 11 59.85,,12.079990748440748,17.08,14.53,11,50.54,<,8.0,*,-1.81,,101,,-0.01,-0.06,,0.33,0,2,,0.23925119713958665,0.054546516370542725
468,469,3-5-3994,07 56 01.95,-61 09 02.24,,10.359990748440746,15.73,13.51,33,0.15,,27.7,,-1.32,,57,,0.46,0.53,-4.48,0.53,0,1,0.997667,0.4255455573352563,0.054546516370542725
469,470,3-5-453,07 53 49.50,-61 11 39.42,,8.259990748440748,14.64,12.59,43,1.65,,49.4,,-0.96,,38,,0.54,0.67,-4.36,0.68,0,1,0.999488,0.6322321002483733,0.054546516370542725
470,471,3-5-454,07 53 49.61,-61 10 45.42,,12.699990748440745,17.62,15.07,7,0.23,,24.7,,-2.01,,127,,0.21,0.21,-4.85,0.25,0,1,0.999966,0.18604968283686804,0.054546516370542725
471,472,3-5-517,07 53 52.06,-61 11 47.20,,10.279990748440747,15.57,13.19,29,2.12,,19.3,*,-1.25,,53,,0.41,0.42,-4.53,0.55,0,2,1e-06,0.433421635905108,0.054546516370542725
472,473,3-5-679,07 53 57.06,-61 06 13.50,1.747,11.099990748440748,16.37,14.02,18,1.18,,13.0,,-1.56,0.023,76,-1.64,0.56,0.5,-4.4,0.44,1,1,0.998613,0.3411780693255889,0.054546516370542725
473,474,3-5-767,07 54 00.76,-61 06 26.40,1.685,11.139990748440747,16.46,14.08,17,1.9,,17.3,,-1.61,0.016,80,-1.68,0.34,0.39,-4.61,0.43,1,1,0.998613,0.33657728362206407,0.054546516370542725
474,475,3-5-778,07 54 01.53,-61 08 36.04,,12.419990748440748,17.41,15.01,7,3.82,,41.8,,-1.94,,117,,0.41,0.32,-4.57,0.28,0,1,0.999896,0.20671205169924184,0.054546516370542725
475,476,3-5-854,07 54 04.22,-61 10 10.84,,10.789990748440745,16.26,14.04,21,0.8,<,8.0,,-1.53,,74,,0.22,0.21,-4.8,0.46,0,1,0.999442,0.37829809954542487,0.054546516370542725
476,477,3-5-998,07 54 09.43,-61 07 55.50,,8.129990748440745,14.63,12.84,49,0.64,<,8.0,,-0.94,,37,,0.15,0.22,-4.93,0.68,0,1,0.999853,0.6452518697949498,0.054546516370542725
477,478,3-6-1162,07 54 12.66,-61 01 53.10,0.282,12.589990748440746,17.56,15.14,8,0.09,,52.3,,-1.99,0.021,125,-2.65,0.14,0.26,-5.04,0.26,1,1,0.999924,0.19335734618585815,0.054546516370542725
478,479,3-6-1200,07 54 13.25,-60 57 12.10,5.808,10.309990748440745,15.89,13.6,26,0.78,<,8.0,,-1.39,0.009,63,-1.03,0.44,0.49,-4.49,0.51,1,1,0.99885,0.43081496843868655,0.054546516370542725
479,480,3-6-1277,07 54 16.55,-60 59 51.74,,11.079990748440748,16.44,14.12,16,0.84,,28.4,,-1.6,,80,,0.48,0.5,-4.46,0.43,0,1,0.998613,0.34374824811427446,0.054546516370542725
480,481,3-6-1367,07 54 19.25,-60 57 13.38,,10.609990748440746,16.22,13.82,21,14.46,<,8.0,*,-1.53,,73,,0.04,0.01,-5.55,0.46,0,1,0.910599,0.40009544061998087,0.054546516370542725
481,482,3-6-1424,07 54 21.18,-60 58 13.10,0.418,10.249990748440746,15.86,13.6,26,0.52,,34.4,,-1.39,0.016,62,-2.17,0.64,0.69,-4.32,0.51,1,1,0.998613,0.4366288356024593,0.054546516370542725
482,483,3-6-2189,07 54 47.52,-60 57 59.00,1.915,9.009990748440748,14.97,12.9,41,1.05,,16.5,,-1.05,0.028,42,-1.34,0.47,0.56,-4.44,0.64,1,1,0.998613,0.5591629308929351,0.054546516370542725
483,484,3-6-2424,07 54 56.36,-61 05 11.70,0.491,10.609990748440746,16.07,13.7,26,0.74,,31.4,,-1.46,0.016,67,-2.14,0.44,0.55,-4.49,0.48,1,1,0.996487,0.40009544061998087,0.054546516370542725
484,485,3-6-2510,07 54 59.53,-61 04 22.70,3.066,10.179990748440746,15.7,13.35,33,0.83,<,8.0,,-1.31,0.009,57,-1.27,0.51,0.56,-4.43,0.53,1,1,0.992964,0.44356697066268524,0.054546516370542725
485,486,3-6-2534,07 55 00.67,-60 59 52.70,0.893,12.439990748440747,17.43,14.94,7,3.21,<,8.0,*,-1.94,0.017,118,-2.12,0.37,0.17,-4.61,0.28,1,1,0.999962,0.20467474196639157,0.054546516370542725
486,487,3-6-257,07 53 39.51,-60 57 04.40,1.638,12.049990748440747,17.18,14.62,9,1.36,,9.1,,-1.87,0.015,108,-1.82,0.2,0.43,-4.85,0.32,1,1,0.999798,0.24188595935975674,0.054546516370542725
487,488,3-6-2616,07 55 03.41,-60 59 30.98,,12.409990748440746,17.3,14.85,9,3.71,,42.7,,-1.88,,109,,0.14,0.38,-5.05,0.3,0,1,0.999949,0.20772856363222836,0.054546516370542725
488,489,3-6-2656,07 55 05.03,-60 59 30.70,0.777,7.969990748440747,14.52,12.55,53,58.71,,39.8,*,-0.9,0.015,35,-1.66,0.49,0.67,-4.42,0.7,1,1,0.999591,0.6606645846883569,0.054546516370542725
489,490,3-6-2779,07 55 09.57,-60 57 02.30,11.522,8.419990748440748,14.8,13.04,42,29.5,<,8.0,*,-1.02,0.012,41,-0.55,0.07,0.12,-5.28,0.66,1,1,0.999908,0.6164031862233722,0.054546516370542725
490,491,3-6-3057,07 55 18.64,-60 56 50.20,2.155,11.609990748440746,16.83,14.55,11,1.11,,14.6,,-1.74,0.01,93,-1.64,0.41,0.39,-4.53,0.37,1,1,0.999146,0.28415597206927706,0.054546516370542725
491,492,3-6-3232,07 55 24.03,-61 01 45.20,0.409,8.089990748440746,14.52,12.75,49,1.37,,68.1,,-0.91,0.023,36,-1.94,0.55,0.74,-4.36,0.7,1,1,0.999389,0.6488674566803283,0.054546516370542725
492,493,3-6-3289,07 55 26.56,-61 04 09.70,,12.279990748440747,17.23,14.73,11,3.93,<,8.0,*,-1.86,,107,,0.12,0.02,-5.11,0.31,0,1,0.999934,0.21994213510976274,0.054546516370542725
493,494,3-6-3363,07 55 28.97,-61 04 40.40,5.126,9.889990748440747,15.62,13.47,34,0.4,<,8.0,,-1.3,0.013,56,-1.04,0.43,0.49,-4.49,0.55,1,1,0.998258,0.47299473286931415,0.054546516370542725
494,495,3-6-3495,07 55 34.00,-61 02 41.77,,12.829990748440748,17.66,14.95,9,2.51,,21.7,,-2.01,,128,,0.31,0.33,-4.7,0.25,0,1,0.999955,0.177551801244615,0.054546516370542725
495,496,3-6-3532,07 55 34.89,-60 58 27.00,0.384,11.489990748440748,16.73,14.41,12,3.82,,44.9,,-1.7,0.016,89,-2.37,0.3,0.26,-4.66,0.39,1,1,0.99968,0.29545259031158916,0.054546516370542725
496,497,3-6-3671,07 55 40.01,-61 01 15.90,2.8,9.849990748440748,15.57,13.39,29,0.45,<,8.0,,-1.28,0.013,55,-1.29,0.5,0.58,-4.42,0.55,1,1,0.998613,0.47752323480766345,0.054546516370542725
497,498,3-6-3688,07 55 40.27,-60 59 34.02,,8.799990748440747,14.69,12.71,47,12.64,,9.7,*,-0.93,,37,,-0.01,-0.03,,0.67,0,1,0.998613,0.5794526321099011,0.054546516370542725
498,499,3-6-3743,07 55 42.29,-61 04 07.10,3.619,11.449990748440745,16.68,14.36,17,0.65,<,8.0,,-1.68,0.01,87,-1.38,0.31,0.34,-4.65,0.39,1,1,0.998613,0.2992729509290646,0.054546516370542725
499,500,3-6-3858,07 55 46.56,-60 59 40.60,14.453,10.029990748440747,15.75,13.63,28,19.69,,60.7,*,-1.35,0.005,59,-0.61,0.28,0.3,-4.67,0.53,1,1,0.99885,0.4587608584332756,0.054546516370542725
500,501,3-6-3868,07 55 46.34,-60 56 23.69,,10.039990748440745,15.64,13.23,24,21.31,<,8.0,*,-1.3,,56,,0.0,0.01,,0.54,0,1,0.999593,0.4582375194101277,0.054546516370542725
501,502,3-6-3886,07 55 47.75,-61 00 49.00,0.596,11.619990748440747,16.83,14.35,12,1.53,,37.8,,-1.74,0.015,93,-2.19,0.34,0.27,-4.62,0.37,1,1,0.999843,0.2829201936119049,0.054546516370542725
502,503,3-6-3905,07 55 49.00,-61 04 55.69,,11.719990748440745,16.76,14.15,16,0.26,,17.8,,-1.69,,88,,0.37,0.31,-4.61,0.38,0,1,0.999245,0.2735312080466967,0.054546516370542725
503,504,3-6-3999,07 55 51.41,-60 58 01.47,,8.739990748440748,14.89,12.84,39,1.32,,54.0,,-1.06,,43,,0.53,0.7,-4.35,0.65,0,1,0.998613,0.5853140004332386,0.054546516370542725
504,505,3-6-4112,07 55 55.53,-60 59 07.14,,9.579990748440748,15.39,13.31,27,13.31,,11.7,*,-1.21,,51,,0.13,0.21,-5.01,0.58,0,1,0.998613,0.5042772549385236,0.054546516370542725
505,506,3-6-4167,07 55 57.00,-61 00 47.20,1.546,11.049990748440747,16.36,14.08,20,0.74,,13.3,,-1.56,0.011,76,-1.69,0.44,0.53,-4.5,0.44,1,1,0.999324,0.34733027159908825,0.054546516370542725
506,507,3-6-4281,07 56 01.35,-60 57 44.12,,11.039990748440745,16.42,15.24,9,18.59,<,8.0,*,-1.59,,79,,-0.06,-0.11,,0.43,0,1,0.999998,0.34830536854895,0.054546516370542725
507,508,3-6-441,07 53 46.67,-60 58 45.44,,12.279990748440747,16.93,13.96,15,15.6,<,8.0,*,-1.7,,89,,0.15,0.06,-5.03,0.36,0,1,0.999996,0.21994213510976274,0.054546516370542725
508,509,3-6-747,07 53 56.83,-61 00 39.97,,13.039990748440745,17.98,15.5,6,0.88,,14.8,,-2.16,,151,,0.17,0.15,-4.95,0.21,0,1,0.999985,0.1648383385436039,0.054546516370542725
509,510,3-7-1020,07 54 06.39,-60 48 39.10,0.458,13.159990748440746,18.05,15.44,6,2.96,,43.3,,-2.18,0.033,155,-2.53,0.28,0.06,-4.74,0.2,1,1,0.999976,0.15826465192409692,0.054546516370542725
510,511,3-7-1072,07 54 08.10,-60 49 37.33,,11.309990748440745,16.32,13.77,23,0.16,,22.9,,-1.5,,71,,0.23,0.29,-4.82,0.45,0,1,0.99964,0.31587689359952537,0.054546516370542725
511,512,3-7-1106,07 54 09.71,-60 55 22.86,,13.619990748440747,18.23,15.01,6,0.01,,24.4,,-2.21,,161,,0.11,0.29,-5.18,0.19,0,1,0.999989,0.13735154132668134,0.054546516370542725
512,513,3-7-1115,07 54 09.84,-60 53 14.21,,10.489990748440748,15.89,13.57,26,6.02,<,8.0,*,-1.38,,62,,0.0,-0.05,,0.51,0,1,0.997667,0.4125016910532498,0.054546516370542725
513,514,3-7-1127,07 54 10.28,-60 50 05.31,,12.859990748440746,17.62,14.85,8,1.99,,21.6,,-1.99,,124,,0.19,0.11,-4.92,0.25,0,1,0.999992,0.17540165266470717,0.054546516370542725
514,515,3-7-1245,07 54 14.03,-60 50 12.00,0.266,11.639990748440747,16.84,14.43,16,3.56,,93.5,,-1.74,0.009,93,-2.55,0.5,0.52,-4.45,0.37,1,1,0.99885,0.28128045706127736,0.054546516370542725
515,516,3-7-1308,07 54 16.38,-60 53 41.90,0.872,12.169990748440748,17.22,14.66,12,1.24,,26.6,,-1.87,0.023,108,-2.09,0.28,0.28,-4.72,0.31,1,1,0.999591,0.2304237209605633,0.054546516370542725
516,517,3-7-1402,07 54 18.83,-60 50 56.30,2.546,10.369990748440747,15.92,13.65,26,0.16,,8.9,,-1.4,0.013,63,-1.4,0.56,0.58,-4.38,0.5,1,1,0.992964,0.424458566176625,0.054546516370542725
517,518,3-7-1435,07 54 19.67,-60 48 16.72,,9.669990748440748,15.6,13.58,31,14.42,<,8.0,*,-1.3,,56,,0.15,0.19,-4.93,0.55,0,1,0.999751,0.49533973406485976,0.054546516370542725
518,519,3-7-1875,07 54 34.28,-60 52 13.08,,11.149990748440745,16.53,14.26,19,31.08,<,8.0,*,-1.64,,83,,-0.01,-0.02,,0.42,0,1,0.999442,0.33511181335305695,0.054546516370542725
519,520,3-7-1913,07 54 35.54,-60 49 55.40,0.965,11.029990748440747,16.39,14.06,20,1.56,,26.1,,-1.58,0.007,77,-1.9,0.39,0.48,-4.55,0.44,1,1,0.999245,0.34981709721343973,0.054546516370542725
520,521,3-7-1981,07 54 35.32,-60 53 00.96,,10.219990748440745,15.82,13.75,28,3.75,<,8.0,*,-1.37,,61,,0.02,0.04,-5.92,0.52,0,2,1e-06,0.43990558254738865,0.054546516370542725
521,522,3-7-1991,07 54 37.79,-60 48 34.80,,12.319990748440746,17.08,14.61,14,29.25,,36.7,*,-1.77,,97,,0.38,0.22,-4.62,0.33,0,1,0.999971,0.21634888141767508,0.054546516370542725
522,523,3-7-2024,07 54 39.19,-60 50 58.00,0.584,12.559990748440745,17.56,14.84,9,1.61,,28.3,,-2.0,0.025,125,-2.33,0.24,0.24,-4.79,0.26,1,1,0.999968,0.19535428019799728,0.054546516370542725
523,524,3-7-2046,07 54 39.92,-60 50 32.10,0.397,12.859990748440746,17.71,15.15,8,0.08,,30.8,,-2.04,0.025,132,-2.52,0.26,0.28,-4.78,0.24,1,1,0.999974,0.17540165266470717,0.054546516370542725
524,525,3-7-2194,07 54 45.15,-60 54 36.00,0.498,12.099990748440748,17.03,14.51,13,0.44,,30.4,,-1.78,0.019,97,-2.29,0.23,0.32,-4.82,0.34,1,1,0.99995,0.23735842123573195,0.054546516370542725
525,526,3-7-2200,07 54 44.21,-60 49 47.30,3.711,9.979990748440747,15.62,13.58,30,0.55,<,8.0,,-1.29,0.008,56,-1.18,0.45,0.49,-4.47,0.55,1,1,0.999146,0.46428655561636467,0.054546516370542725
526,527,3-7-2433,07 54 51.87,-60 49 43.60,0.605,11.689990748440747,16.95,14.56,13,2.47,,32.9,,-1.79,0.01,99,-2.21,0.31,0.4,-4.66,0.35,1,1,0.999527,0.2763591418419479,0.054546516370542725
527,528,3-7-2472,07 54 53.66,-60 54 33.90,0.486,11.299990748440747,16.6,14.34,15,1.52,,24.4,,-1.66,0.008,85,-2.24,0.34,0.36,-4.61,0.41,1,1,0.997667,0.3173142239737823,0.054546516370542725
528,529,3-7-2519,07 54 54.67,-60 49 51.50,0.226,9.579990748440748,15.33,13.28,32,6.28,,77.3,*,-1.18,0.007,49,-2.34,0.54,0.71,-4.39,0.59,1,1,0.996487,0.5042772549385236,0.054546516370542725
529,530,3-7-2978,07 55 10.63,-60 50 20.22,,11.789990748440745,16.78,14.31,13,0.9,,50.6,,-1.69,,88,,0.33,0.38,-4.66,0.38,0,1,0.999389,0.26669492863835376,0.054546516370542725
530,531,3-7-3074,07 55 14.51,-60 55 36.40,0.839,10.539990748440745,16.05,13.84,20,0.98,,33.1,,-1.45,0.014,67,-1.9,0.56,0.66,-4.38,0.48,1,1,0.996487,0.40733520405782725,0.054546516370542725
531,532,3-7-312,07 53 42.05,-60 50 22.42,,11.209990748440747,16.65,14.37,18,2.93,<,8.0,*,-1.69,,88,,-0.08,-0.11,,0.4,0,1,0.999527,0.32813760013632376,0.054546516370542725
532,533,3-7-318,07 53 41.88,-60 49 34.30,,8.429990748440746,14.25,12.22,57,8.44,<,8.0,*,-0.76,,30,,0.04,0.06,-5.48,0.73,0,1,0.992964,0.6159805723444083,0.054546516370542725
533,534,3-7-3310,07 55 22.58,-60 48 04.05,,12.659990748440746,17.63,15.12,6,16.13,,10.2,*,-2.02,,129,,-0.06,0.03,,0.25,0,1,0.999923,0.18883111835781877,0.054546516370542725
534,535,3-7-3356,07 55 25.74,-60 52 33.95,,11.239990748440748,16.55,14.08,12,0.49,,14.0,,-1.64,,83,,0.5,0.42,-4.44,0.41,0,1,0.999488,0.32420378680782597,0.054546516370542725
535,536,3-7-3441,07 55 27.49,-60 48 33.20,2.432,10.139990748440747,15.77,13.64,19,0.81,<,8.0,,-1.35,0.005,60,-1.39,0.59,0.68,-4.36,0.52,1,1,0.998258,0.44795929109192173,0.054546516370542725
536,537,3-7-3448,07 55 27.68,-60 48 13.80,3.065,9.589990748440746,15.4,13.37,21,0.03,<,8.0,,-1.22,0.013,51,-1.22,0.52,0.6,-4.4,0.58,1,1,0.996487,0.5032244042457483,0.054546516370542725
537,538,3-7-3699,07 55 37.22,-60 51 40.31,,11.489990748440748,16.69,14.42,6,25.2,<,8.0,*,-1.68,,87,,-0.02,0.0,,0.39,0,1,0.999712,0.29545259031158916,0.054546516370542725
538,539,3-7-3731,07 55 38.71,-60 53 52.93,,12.009990748440748,17.11,14.87,7,0.07,,26.4,,-1.83,,104,,0.14,0.03,-5.02,0.33,0,1,0.999874,0.24569182508038626,0.054546516370542725
539,540,3-7-3884,07 55 43.62,-60 51 30.60,0.241,10.479990748440747,15.89,13.68,13,10.9,,69.1,*,-1.38,0.015,62,-2.41,0.69,0.62,-4.3,0.51,1,1,0.998258,0.4135304019181048,0.054546516370542725
540,541,3-7-4072,07 55 52.16,-60 54 03.60,0.313,9.969990748440745,15.64,13.41,14,10.46,,81.9,,-1.3,0.024,56,-2.26,0.34,0.77,-4.6,0.54,1,1,0.998258,0.46534930422140686,0.054546516370542725
541,542,3-7-689,07 53 55.21,-60 48 50.90,0.306,12.799990748440747,17.6,,7,11.46,,68.9,,-1.98,0.029,124,-2.61,0.33,0.24,-4.68,0.26,1,1,0.999991,0.1794698696685195,0.054546516370542725
542,543,3-7-694,07 53 55.30,-60 49 42.81,,13.359990748440746,18.27,15.59,5,4.07,,23.0,,-2.27,,172,,0.27,0.2,-4.76,0.18,0,2,,0.148057436154409,0.054546516370542725
543,544,3-7-765,07 53 57.19,-60 52 52.51,,11.659990748440746,16.93,14.68,14,5.69,<,8.0,*,-1.79,,98,,0.04,-0.04,-5.54,0.36,0,1,0.999488,0.27921509174768566,0.054546516370542725
544,545,3-7-801,07 53 59.11,-60 49 42.20,,12.969990748440745,17.88,15.53,8,3.51,,17.5,,-2.12,,144,,0.09,0.13,-5.22,0.22,0,1,0.999983,0.16861675816939395,0.054546516370542725
545,546,3-7-869,07 54 01.20,-60 49 28.64,,11.899990748440745,17.14,14.7,12,5.93,,18.6,*,-1.87,,108,,0.02,-0.06,-5.89,0.32,0,1,0.999783,0.2564415784200618,0.054546516370542725
546,547,3-7-912,07 54 02.08,-60 55 24.48,,9.009990748440748,14.96,12.86,43,33.67,<,8.0,*,-1.04,,42,,0.05,0.07,-5.42,0.64,0,1,0.997667,0.5591629308929351,0.054546516370542725
547,548,3-7-974,07 54 04.87,-60 55 10.80,10.115,8.689990748440747,14.99,13.27,42,8.44,<,8.0,*,-1.1,0.005,45,-0.65,0.04,0.1,-5.54,0.63,1,1,0.999806,0.5900418664899542,0.054546516370542725
548,549,3-8-1170,07 54 06.92,-60 45 20.10,1.741,11.929990748440746,16.98,14.54,13,1.16,,12.0,,-1.78,0.017,97,-1.75,0.25,0.32,-4.77,0.35,1,1,0.999937,0.2533361717929834,0.054546516370542725
549,550,3-8-1214,07 54 17.22,-60 46 27.60,0.42,10.649990748440745,15.97,13.6,26,5.82,,53.6,*,-1.41,0.014,64,-2.18,0.46,0.49,-4.48,0.5,1,1,0.992964,0.39514336682969364,0.054546516370542725
550,551,3-8-1666,07 54 32.53,-60 44 34.46,,13.339990748440746,17.81,14.82,7,17.36,,21.0,*,-2.03,,130,,0.23,0.19,-4.87,0.23,0,1,0.999993,0.14887706585754307,0.054546516370542725
551,552,3-8-2195,07 54 52.89,-60 45 11.15,,11.569990748440746,16.83,14.55,12,11.53,<,8.0,*,-1.75,,94,,-0.04,-0.03,,0.37,0,1,0.999762,0.2879234050331523,0.054546516370542725
552,553,3-8-2312,07 54 56.23,-60 40 30.66,,11.589990748440746,16.62,14.17,13,24.59,<,8.0,*,-1.63,,82,,0.06,0.01,-5.39,0.4,0,1,0.998613,0.2858039421503066,0.054546516370542725
553,554,3-8-2333,07 54 57.55,-60 42 38.20,1.32,12.299990748440747,17.32,14.9,8,2.08,,14.3,,-1.91,0.021,113,-1.93,0.44,0.4,-4.53,0.29,1,1,0.999915,0.21817196534676692,0.054546516370542725
554,555,3-8-2456,07 55 02.07,-60 42 29.60,0.709,11.079990748440748,16.37,14.18,16,0.22,,27.8,,-1.56,0.017,76,-2.03,0.32,0.4,-4.64,0.44,1,1,0.99885,0.34374824811427446,0.054546516370542725
555,556,3-8-2611,07 55 07.76,-60 39 33.65,,10.689990748440747,15.96,13.66,19,23.18,<,8.0,*,-1.4,,63,,0.01,0.02,-6.3,0.5,0,1,0.999019,0.3907364970816843,0.054546516370542725
556,557,3-8-2683,07 55 11.83,-60 46 02.67,,10.929990748440746,16.39,14.36,17,72.67,<,8.0,*,-1.58,,78,,0.01,-0.05,-6.13,0.44,0,1,0.999245,0.36182731093661424,0.054546516370542725
557,558,3-8-2749,07 55 13.37,-60 41 12.94,,10.079990748440748,15.48,13.31,29,0.43,,16.6,,-1.22,,51,,0.47,0.53,-4.46,0.57,0,1,0.992964,0.4538140487466139,0.054546516370542725
558,559,3-8-3061,07 55 23.46,-60 41 51.30,0.714,10.509990748440748,16.02,13.83,15,0.86,,36.4,,-1.44,0.009,66,-1.97,0.51,0.58,-4.42,0.49,1,1,0.997667,0.4104386834804847,0.054546516370542725
559,560,3-8-3148,07 55 26.00,-60 44 31.01,,10.739990748440748,16.18,13.95,15,19.98,<,8.0,*,-1.5,,71,,0.41,0.31,-4.52,0.47,0,1,0.996487,0.3847224558110908,0.054546516370542725
560,561,3-8-3165,07 55 27.66,-60 43 02.74,,10.999990748440746,16.37,14.1,12,1.64,,16.1,,-1.57,,77,,0.3,0.41,-4.66,0.44,0,1,0.999324,0.3534282433804298,0.054546516370542725
561,562,3-8-3326,07 55 34.67,-60 46 32.78,,11.419990748440748,16.67,14.46,11,1.05,,9.4,,-1.68,,87,,0.36,0.26,-4.59,0.4,0,1,0.999324,0.3025441000331882,0.054546516370542725
562,563,3-8-3336,07 55 33.71,-60 40 51.00,1.446,11.879990748440745,17.03,14.65,9,1.22,,17.9,,-1.81,0.017,101,-1.84,0.17,0.27,-4.94,0.34,1,1,0.999488,0.2583705235556262,0.054546516370542725
563,564,3-8-3343,07 55 34.95,-60 45 35.74,,12.149990748440745,17.21,14.68,9,37.36,<,8.0,*,-1.87,,108,,0.14,-0.06,-5.01,0.31,0,1,0.999887,0.2325710399567782,0.054546516370542725
564,565,3-8-3360,07 55 34.64,-60 42 14.57,,11.309990748440745,16.54,14.22,11,0.64,,16.0,,-1.63,,82,,0.26,0.36,-4.73,0.41,0,1,0.999245,0.31587689359952537,0.054546516370542725
565,566,3-8-3619,07 55 44.89,-60 44 13.00,0.709,10.169990748440748,15.76,13.62,19,0.07,,32.3,,-1.34,0.026,59,-1.92,0.47,0.51,-4.46,0.53,1,1,0.99885,0.44462706899235044,0.054546516370542725
566,567,3-8-3738,07 55 49.64,-60 43 08.80,0.403,12.119990748440747,16.96,14.35,8,8.34,,56.6,,-1.74,0.017,93,-2.36,0.03,0.37,-5.7,0.35,1,1,0.999978,0.23519565965543038,0.054546516370542725
567,568,3-8-43,07 53 32.71,-60 44 35.94,,12.879990748440745,17.77,15.32,7,0.37,,44.5,,-2.07,,136,,0.46,0.44,-4.52,0.23,0,1,0.999955,0.17406764642652317,0.054546516370542725
568,569,3-8-798,07 54 01.03,-60 44 04.21,,12.579990748440748,17.67,15.49,8,2.61,<,8.0,,-2.05,,134,,0.0,-0.04,-7.16,0.25,0,1,0.999957,0.19393548774001276,0.054546516370542725
569,570,3-8-809,07 54 01.66,-60 45 29.20,1.18,10.929990748440746,16.17,13.81,22,0.65,,24.9,,-1.48,0.01,69,-1.77,0.29,0.36,-4.68,0.47,1,1,0.997667,0.36182731093661424,0.054546516370542725
570,571,3-8-860,07 54 03.69,-60 46 34.20,0.56,10.579990748440748,16.05,13.82,24,0.36,,22.9,,-1.45,0.009,67,-2.08,0.46,0.58,-4.47,0.48,1,1,0.997667,0.4031934451882694,0.054546516370542725
571,572,3-8-972,07 54 07.80,-60 46 30.01,,8.439990748440747,14.43,13.29,56,34.67,<,8.0,*,-0.84,,33,,-0.05,-0.04,,0.71,0,1,0.999981,0.6145697983110606,0.054546516370542725
